  0
SECTION
  2
HEADER
  9
$ANGBASE
  50
0.0
  9
$ANGDIR
  70
1
  9
$MEASUREMENT
  70
0
  9
$INSUNITS
  70
1
  0
ENDSEC
  0
SECTION
  2
TABLES
  0
TABLE
  2
LTYPE
  70
4
  0
LTYPE
  5
40F
  2
CONTINUOUS
  70
0
  3
Solid line
  72
65
  73
0
  40
0.0
  0
LTYPE
  5
410
  2
DASHDOT
 70
0
  3
Dash Dot ____ _ ____ _
 72
65
 73
4
 40
2.0
 49
1.25
 49
-0.25
 49
0.25
 49
-0.25
  0
LTYPE
  5
411
  2
DASHED
 70
0
  3
Dashed __ __ __ __ __
 72
65
 73
2
 40
0.75
 49
0.5
 49
-0.25
  0
LTYPE
  5
43B
  2
DOTTED
 70
0
  3
Dotted .  .  .  .
 72
65
 73
2
 40
0.2
 49
0.0
 49
-0.2
  0
ENDTAB
  0
TABLE
  2
STYLE
  70
4
  0
STYLE
  2
KICAD
  70
0
  40
0
  41
1
  42
1
  50
0
  71
0
  3
isocp.shx
  0
STYLE
  2
KICADB
  70
0
  40
0
  41
1
  42
1
  50
0
  71
0
  3
isocp.shx
  0
STYLE
  2
KICADI
  70
0
  40
0
  41
1
  42
1
  50
15
  71
0
  3
isocp.shx
  0
STYLE
  2
KICADBI
  70
0
  40
0
  41
1
  42
1
  50
15
  71
0
  3
isocp.shx
  0
ENDTAB
  0
TABLE
  2
LAYER
  70
1
  0
LAYER
  2
BLACK
  70
0
  62
250
  6
CONTINUOUS
  0
ENDTAB
  0
ENDSEC
  0
SECTION
  2
ENTITIES
0
LINE
8
BLACK
6
CONTINUOUS
10
1.1103353937007874
20
-6.5961569685039372
11
1.1232483070866142
21
-6.5991042519685035
0
LINE
8
BLACK
6
CONTINUOUS
10
1.1232483070866142
20
-6.5991042519685035
11
1.13575
21
-6.6034787795275589
0
LINE
8
BLACK
6
CONTINUOUS
10
1.13575
20
-6.6034787795275589
11
1.1476833464566929
21
-6.6092255905511808
0
LINE
8
BLACK
6
CONTINUOUS
10
1.1476833464566929
20
-6.6092255905511808
11
1.1588981889763779
21
-6.6162723228346456
0
LINE
8
BLACK
6
CONTINUOUS
10
1.1588981889763779
20
-6.6162723228346456
11
1.1692535433070865
21
-6.6245304724409451
0
LINE
8
BLACK
6
CONTINUOUS
10
1.1692535433070865
20
-6.6245304724409451
11
1.1786191338582677
21
-6.6338960629921262
0
LINE
8
BLACK
6
CONTINUOUS
10
1.1786191338582677
20
-6.6338960629921262
11
1.1868772834645669
21
-6.6442514173228346
0
LINE
8
BLACK
6
CONTINUOUS
10
1.1868772834645669
20
-6.6442514173228346
11
1.1939240157480315
21
-6.6554662598425196
0
LINE
8
BLACK
6
CONTINUOUS
10
1.1939240157480315
20
-6.6554662598425196
11
1.1996708267716536
21
-6.6673996062992122
0
LINE
8
BLACK
6
CONTINUOUS
10
1.1996708267716536
20
-6.6673996062992122
11
1.2040453543307086
21
-6.6799012992125979
0
LINE
8
BLACK
6
CONTINUOUS
10
1.2040453543307086
20
-6.6799012992125979
11
1.2069926377952755
21
-6.6928142125984253
0
LINE
8
BLACK
6
CONTINUOUS
10
1.2069926377952755
20
-6.6928142125984253
11
1.208475590551181
21
-6.7059759448818896
0
LINE
8
BLACK
6
CONTINUOUS
10
1.208475590551181
20
-6.7059759448818896
11
1.208475590551181
21
-6.7192209055118113
0
LINE
8
BLACK
6
CONTINUOUS
10
1.208475590551181
20
-6.7192209055118113
11
1.2069926377952755
21
-6.7323826377952756
0
LINE
8
BLACK
6
CONTINUOUS
10
1.2069926377952755
20
-6.7323826377952756
11
1.2040453543307086
21
-6.7452955511811021
0
LINE
8
BLACK
6
CONTINUOUS
10
1.2040453543307086
20
-6.7452955511811021
11
1.1996708267716536
21
-6.7577972440944878
0
LINE
8
BLACK
6
CONTINUOUS
10
1.1996708267716536
20
-6.7577972440944878
11
1.1939240157480315
21
-6.7697305905511813
0
LINE
8
BLACK
6
CONTINUOUS
10
1.1939240157480315
20
-6.7697305905511813
11
1.1868772834645669
21
-6.7809454330708663
0
LINE
8
BLACK
6
CONTINUOUS
10
1.1868772834645669
20
-6.7809454330708663
11
1.1786191338582677
21
-6.7913007874015747
0
LINE
8
BLACK
6
CONTINUOUS
10
1.1786191338582677
20
-6.7913007874015747
11
1.1692535433070865
21
-6.8006663779527559
0
LINE
8
BLACK
6
CONTINUOUS
10
1.1692535433070865
20
-6.8006663779527559
11
1.1588981889763779
21
-6.8089245275590553
0
LINE
8
BLACK
6
CONTINUOUS
10
1.1588981889763779
20
-6.8089245275590553
11
1.1476833464566929
21
-6.8159712598425193
0
LINE
8
BLACK
6
CONTINUOUS
10
1.1476833464566929
20
-6.8159712598425193
11
1.13575
21
-6.821718070866142
0
LINE
8
BLACK
6
CONTINUOUS
10
1.13575
20
-6.821718070866142
11
1.1232483070866142
21
-6.8260925984251966
0
LINE
8
BLACK
6
CONTINUOUS
10
1.1232483070866142
20
-6.8260925984251966
11
1.1103353937007874
21
-6.8290398818897637
0
LINE
8
BLACK
6
CONTINUOUS
10
1.1103353937007874
20
-6.8290398818897637
11
1.0971736614173229
21
-6.8305228346456692
0
LINE
8
BLACK
6
CONTINUOUS
10
1.0971736614173229
20
-6.8305228346456692
11
1.0839287007874014
21
-6.8305228346456692
0
LINE
8
BLACK
6
CONTINUOUS
10
1.0839287007874014
20
-6.8305228346456692
11
1.0707669685039369
21
-6.8290398818897637
0
LINE
8
BLACK
6
CONTINUOUS
10
1.0707669685039369
20
-6.8290398818897637
11
1.0578540551181101
21
-6.8260925984251966
0
LINE
8
BLACK
6
CONTINUOUS
10
1.0578540551181101
20
-6.8260925984251966
11
1.0453523622047245
21
-6.821718070866142
0
LINE
8
BLACK
6
CONTINUOUS
10
1.0453523622047245
20
-6.821718070866142
11
1.0334190157480314
21
-6.8159712598425193
0
LINE
8
BLACK
6
CONTINUOUS
10
1.0334190157480314
20
-6.8159712598425193
11
1.0222041732283464
21
-6.8089245275590553
0
LINE
8
BLACK
6
CONTINUOUS
10
1.0222041732283464
20
-6.8089245275590553
11
1.0118488188976378
21
-6.8006663779527559
0
LINE
8
BLACK
6
CONTINUOUS
10
1.0118488188976378
20
-6.8006663779527559
11
1.0024832283464566
21
-6.7913007874015747
0
LINE
8
BLACK
6
CONTINUOUS
10
1.0024832283464566
20
-6.7913007874015747
11
0.9942250787401574
21
-6.7809454330708663
0
LINE
8
BLACK
6
CONTINUOUS
10
0.9942250787401574
20
-6.7809454330708663
11
0.9871783464566929
21
-6.7697305905511813
0
LINE
8
BLACK
6
CONTINUOUS
10
0.9871783464566929
20
-6.7697305905511813
11
0.9814315354330708
21
-6.7577972440944878
0
LINE
8
BLACK
6
CONTINUOUS
10
0.9814315354330708
20
-6.7577972440944878
11
0.9770570078740157
21
-6.7452955511811021
0
LINE
8
BLACK
6
CONTINUOUS
10
0.9770570078740157
20
-6.7452955511811021
11
0.9741097244094488
21
-6.7323826377952756
0
LINE
8
BLACK
6
CONTINUOUS
10
0.9741097244094488
20
-6.7323826377952756
11
0.9726267716535433
21
-6.7192209055118113
0
LINE
8
BLACK
6
CONTINUOUS
10
0.9726267716535433
20
-6.7192209055118113
11
0.9726267716535433
21
-6.7059759448818896
0
LINE
8
BLACK
6
CONTINUOUS
10
0.9726267716535433
20
-6.7059759448818896
11
0.9741097244094488
21
-6.6928142125984253
0
LINE
8
BLACK
6
CONTINUOUS
10
0.9741097244094488
20
-6.6928142125984253
11
0.9770570078740157
21
-6.6799012992125979
0
LINE
8
BLACK
6
CONTINUOUS
10
0.9770570078740157
20
-6.6799012992125979
11
0.9814315354330708
21
-6.6673996062992122
0
LINE
8
BLACK
6
CONTINUOUS
10
0.9814315354330708
20
-6.6673996062992122
11
0.9871783464566929
21
-6.6554662598425196
0
LINE
8
BLACK
6
CONTINUOUS
10
0.9871783464566929
20
-6.6554662598425196
11
0.9942250787401574
21
-6.6442514173228346
0
LINE
8
BLACK
6
CONTINUOUS
10
0.9942250787401574
20
-6.6442514173228346
11
1.0024832283464566
21
-6.6338960629921262
0
LINE
8
BLACK
6
CONTINUOUS
10
1.0024832283464566
20
-6.6338960629921262
11
1.0118488188976378
21
-6.6245304724409451
0
LINE
8
BLACK
6
CONTINUOUS
10
1.0118488188976378
20
-6.6245304724409451
11
1.0222041732283464
21
-6.6162723228346456
0
LINE
8
BLACK
6
CONTINUOUS
10
1.0222041732283464
20
-6.6162723228346456
11
1.0334190157480314
21
-6.6092255905511808
0
LINE
8
BLACK
6
CONTINUOUS
10
1.0334190157480314
20
-6.6092255905511808
11
1.0453523622047245
21
-6.6034787795275589
0
LINE
8
BLACK
6
CONTINUOUS
10
1.0453523622047245
20
-6.6034787795275589
11
1.0578540551181101
21
-6.5991042519685035
0
LINE
8
BLACK
6
CONTINUOUS
10
1.0578540551181101
20
-6.5991042519685035
11
1.0707669685039369
21
-6.5961569685039372
0
LINE
8
BLACK
6
CONTINUOUS
10
1.0707669685039369
20
-6.5961569685039372
11
1.0839287007874014
21
-6.5946740157480317
0
LINE
8
BLACK
6
CONTINUOUS
10
1.0839287007874014
20
-6.5946740157480317
11
1.0971736614173229
21
-6.5946740157480317
0
LINE
8
BLACK
6
CONTINUOUS
10
1.0971736614173229
20
-6.5946740157480317
11
1.1103353937007874
21
-6.5961569685039372
0
LINE
8
BLACK
6
CONTINUOUS
10
1.1103353937007874
20
-6.3166498818897638
11
1.1232483070866142
21
-6.3195971653543301
0
LINE
8
BLACK
6
CONTINUOUS
10
1.1232483070866142
20
-6.3195971653543301
11
1.13575
21
-6.3239716929133856
0
LINE
8
BLACK
6
CONTINUOUS
10
1.13575
20
-6.3239716929133856
11
1.1476833464566929
21
-6.3297185039370074
0
LINE
8
BLACK
6
CONTINUOUS
10
1.1476833464566929
20
-6.3297185039370074
11
1.1588981889763779
21
-6.3367652362204723
0
LINE
8
BLACK
6
CONTINUOUS
10
1.1588981889763779
20
-6.3367652362204723
11
1.1692535433070865
21
-6.3450233858267717
0
LINE
8
BLACK
6
CONTINUOUS
10
1.1692535433070865
20
-6.3450233858267717
11
1.1786191338582677
21
-6.3543889763779529
0
LINE
8
BLACK
6
CONTINUOUS
10
1.1786191338582677
20
-6.3543889763779529
11
1.1868772834645669
21
-6.3647443307086613
0
LINE
8
BLACK
6
CONTINUOUS
10
1.1868772834645669
20
-6.3647443307086613
11
1.1939240157480315
21
-6.3759591732283463
0
LINE
8
BLACK
6
CONTINUOUS
10
1.1939240157480315
20
-6.3759591732283463
11
1.1996708267716536
21
-6.3878925196850389
0
LINE
8
BLACK
6
CONTINUOUS
10
1.1996708267716536
20
-6.3878925196850389
11
1.2040453543307086
21
-6.4003942125984254
0
LINE
8
BLACK
6
CONTINUOUS
10
1.2040453543307086
20
-6.4003942125984254
11
1.2069926377952755
21
-6.413307125984252
0
LINE
8
BLACK
6
CONTINUOUS
10
1.2069926377952755
20
-6.413307125984252
11
1.208475590551181
21
-6.4264688582677163
0
LINE
8
BLACK
6
CONTINUOUS
10
1.208475590551181
20
-6.4264688582677163
11
1.208475590551181
21
-6.4397138188976379
0
LINE
8
BLACK
6
CONTINUOUS
10
1.208475590551181
20
-6.4397138188976379
11
1.2069926377952755
21
-6.4528755511811022
0
LINE
8
BLACK
6
CONTINUOUS
10
1.2069926377952755
20
-6.4528755511811022
11
1.2040453543307086
21
-6.4657884645669288
0
LINE
8
BLACK
6
CONTINUOUS
10
1.2040453543307086
20
-6.4657884645669288
11
1.1996708267716536
21
-6.4782901574803144
0
LINE
8
BLACK
6
CONTINUOUS
10
1.1996708267716536
20
-6.4782901574803144
11
1.1939240157480315
21
-6.490223503937008
0
LINE
8
BLACK
6
CONTINUOUS
10
1.1939240157480315
20
-6.490223503937008
11
1.1868772834645669
21
-6.5014383464566929
0
LINE
8
BLACK
6
CONTINUOUS
10
1.1868772834645669
20
-6.5014383464566929
11
1.1786191338582677
21
-6.5117937007874014
0
LINE
8
BLACK
6
CONTINUOUS
10
1.1786191338582677
20
-6.5117937007874014
11
1.1692535433070865
21
-6.5211592913385825
0
LINE
8
BLACK
6
CONTINUOUS
10
1.1692535433070865
20
-6.5211592913385825
11
1.1588981889763779
21
-6.529417440944882
0
LINE
8
BLACK
6
CONTINUOUS
10
1.1588981889763779
20
-6.529417440944882
11
1.1476833464566929
21
-6.5364641732283459
0
LINE
8
BLACK
6
CONTINUOUS
10
1.1476833464566929
20
-6.5364641732283459
11
1.13575
21
-6.5422109842519687
0
LINE
8
BLACK
6
CONTINUOUS
10
1.13575
20
-6.5422109842519687
11
1.1232483070866142
21
-6.5465855118110232
0
LINE
8
BLACK
6
CONTINUOUS
10
1.1232483070866142
20
-6.5465855118110232
11
1.1103353937007874
21
-6.5495327952755904
0
LINE
8
BLACK
6
CONTINUOUS
10
1.1103353937007874
20
-6.5495327952755904
11
1.0971736614173229
21
-6.5510157480314959
0
LINE
8
BLACK
6
CONTINUOUS
10
1.0971736614173229
20
-6.5510157480314959
11
1.0839287007874014
21
-6.5510157480314959
0
LINE
8
BLACK
6
CONTINUOUS
10
1.0839287007874014
20
-6.5510157480314959
11
1.0707669685039369
21
-6.5495327952755904
0
LINE
8
BLACK
6
CONTINUOUS
10
1.0707669685039369
20
-6.5495327952755904
11
1.0578540551181101
21
-6.5465855118110232
0
LINE
8
BLACK
6
CONTINUOUS
10
1.0578540551181101
20
-6.5465855118110232
11
1.0453523622047245
21
-6.5422109842519687
0
LINE
8
BLACK
6
CONTINUOUS
10
1.0453523622047245
20
-6.5422109842519687
11
1.0334190157480314
21
-6.5364641732283459
0
LINE
8
BLACK
6
CONTINUOUS
10
1.0334190157480314
20
-6.5364641732283459
11
1.0222041732283464
21
-6.529417440944882
0
LINE
8
BLACK
6
CONTINUOUS
10
1.0222041732283464
20
-6.529417440944882
11
1.0118488188976378
21
-6.5211592913385825
0
LINE
8
BLACK
6
CONTINUOUS
10
1.0118488188976378
20
-6.5211592913385825
11
1.0024832283464566
21
-6.5117937007874014
0
LINE
8
BLACK
6
CONTINUOUS
10
1.0024832283464566
20
-6.5117937007874014
11
0.9942250787401574
21
-6.5014383464566929
0
LINE
8
BLACK
6
CONTINUOUS
10
0.9942250787401574
20
-6.5014383464566929
11
0.9871783464566929
21
-6.490223503937008
0
LINE
8
BLACK
6
CONTINUOUS
10
0.9871783464566929
20
-6.490223503937008
11
0.9814315354330708
21
-6.4782901574803144
0
LINE
8
BLACK
6
CONTINUOUS
10
0.9814315354330708
20
-6.4782901574803144
11
0.9770570078740157
21
-6.4657884645669288
0
LINE
8
BLACK
6
CONTINUOUS
10
0.9770570078740157
20
-6.4657884645669288
11
0.9741097244094488
21
-6.4528755511811022
0
LINE
8
BLACK
6
CONTINUOUS
10
0.9741097244094488
20
-6.4528755511811022
11
0.9726267716535433
21
-6.4397138188976379
0
LINE
8
BLACK
6
CONTINUOUS
10
0.9726267716535433
20
-6.4397138188976379
11
0.9726267716535433
21
-6.4264688582677163
0
LINE
8
BLACK
6
CONTINUOUS
10
0.9726267716535433
20
-6.4264688582677163
11
0.9741097244094488
21
-6.413307125984252
0
LINE
8
BLACK
6
CONTINUOUS
10
0.9741097244094488
20
-6.413307125984252
11
0.9770570078740157
21
-6.4003942125984254
0
LINE
8
BLACK
6
CONTINUOUS
10
0.9770570078740157
20
-6.4003942125984254
11
0.9814315354330708
21
-6.3878925196850389
0
LINE
8
BLACK
6
CONTINUOUS
10
0.9814315354330708
20
-6.3878925196850389
11
0.9871783464566929
21
-6.3759591732283463
0
LINE
8
BLACK
6
CONTINUOUS
10
0.9871783464566929
20
-6.3759591732283463
11
0.9942250787401574
21
-6.3647443307086613
0
LINE
8
BLACK
6
CONTINUOUS
10
0.9942250787401574
20
-6.3647443307086613
11
1.0024832283464566
21
-6.3543889763779529
0
LINE
8
BLACK
6
CONTINUOUS
10
1.0024832283464566
20
-6.3543889763779529
11
1.0118488188976378
21
-6.3450233858267717
0
LINE
8
BLACK
6
CONTINUOUS
10
1.0118488188976378
20
-6.3450233858267717
11
1.0222041732283464
21
-6.3367652362204723
0
LINE
8
BLACK
6
CONTINUOUS
10
1.0222041732283464
20
-6.3367652362204723
11
1.0334190157480314
21
-6.3297185039370074
0
LINE
8
BLACK
6
CONTINUOUS
10
1.0334190157480314
20
-6.3297185039370074
11
1.0453523622047245
21
-6.3239716929133856
0
LINE
8
BLACK
6
CONTINUOUS
10
1.0453523622047245
20
-6.3239716929133856
11
1.0578540551181101
21
-6.3195971653543301
0
LINE
8
BLACK
6
CONTINUOUS
10
1.0578540551181101
20
-6.3195971653543301
11
1.0707669685039369
21
-6.3166498818897638
0
LINE
8
BLACK
6
CONTINUOUS
10
1.0707669685039369
20
-6.3166498818897638
11
1.0839287007874014
21
-6.3151669291338584
0
LINE
8
BLACK
6
CONTINUOUS
10
1.0839287007874014
20
-6.3151669291338584
11
1.0971736614173229
21
-6.3151669291338584
0
LINE
8
BLACK
6
CONTINUOUS
10
1.0971736614173229
20
-6.3151669291338584
11
1.1103353937007874
21
-6.3166498818897638
0
LINE
8
BLACK
6
CONTINUOUS
10
1.1103353937007874
20
-6.0371427952755905
11
1.1232483070866142
21
-6.0400900787401577
0
LINE
8
BLACK
6
CONTINUOUS
10
1.1232483070866142
20
-6.0400900787401577
11
1.13575
21
-6.0444646062992122
0
LINE
8
BLACK
6
CONTINUOUS
10
1.13575
20
-6.0444646062992122
11
1.1476833464566929
21
-6.0502114173228341
0
LINE
8
BLACK
6
CONTINUOUS
10
1.1476833464566929
20
-6.0502114173228341
11
1.1588981889763779
21
-6.0572581496062989
0
LINE
8
BLACK
6
CONTINUOUS
10
1.1588981889763779
20
-6.0572581496062989
11
1.1692535433070865
21
-6.0655162992125984
0
LINE
8
BLACK
6
CONTINUOUS
10
1.1692535433070865
20
-6.0655162992125984
11
1.1786191338582677
21
-6.0748818897637795
0
LINE
8
BLACK
6
CONTINUOUS
10
1.1786191338582677
20
-6.0748818897637795
11
1.1868772834645669
21
-6.085237244094488
0
LINE
8
BLACK
6
CONTINUOUS
10
1.1868772834645669
20
-6.085237244094488
11
1.1939240157480315
21
-6.0964520866141729
0
LINE
8
BLACK
6
CONTINUOUS
10
1.1939240157480315
20
-6.0964520866141729
11
1.1996708267716536
21
-6.1083854330708656
0
LINE
8
BLACK
6
CONTINUOUS
10
1.1996708267716536
20
-6.1083854330708656
11
1.2040453543307086
21
-6.1208871259842521
0
LINE
8
BLACK
6
CONTINUOUS
10
1.2040453543307086
20
-6.1208871259842521
11
1.2069926377952755
21
-6.1338000393700787
0
LINE
8
BLACK
6
CONTINUOUS
10
1.2069926377952755
20
-6.1338000393700787
11
1.208475590551181
21
-6.146961771653543
0
LINE
8
BLACK
6
CONTINUOUS
10
1.208475590551181
20
-6.146961771653543
11
1.208475590551181
21
-6.1602067322834646
0
LINE
8
BLACK
6
CONTINUOUS
10
1.208475590551181
20
-6.1602067322834646
11
1.2069926377952755
21
-6.1733684645669289
0
LINE
8
BLACK
6
CONTINUOUS
10
1.2069926377952755
20
-6.1733684645669289
11
1.2040453543307086
21
-6.1862813779527555
0
LINE
8
BLACK
6
CONTINUOUS
10
1.2040453543307086
20
-6.1862813779527555
11
1.1996708267716536
21
-6.198783070866142
0
LINE
8
BLACK
6
CONTINUOUS
10
1.1996708267716536
20
-6.198783070866142
11
1.1939240157480315
21
-6.2107164173228346
0
LINE
8
BLACK
6
CONTINUOUS
10
1.1939240157480315
20
-6.2107164173228346
11
1.1868772834645669
21
-6.2219312598425196
0
LINE
8
BLACK
6
CONTINUOUS
10
1.1868772834645669
20
-6.2219312598425196
11
1.1786191338582677
21
-6.232286614173228
0
LINE
8
BLACK
6
CONTINUOUS
10
1.1786191338582677
20
-6.232286614173228
11
1.1692535433070865
21
-6.2416522047244092
0
LINE
8
BLACK
6
CONTINUOUS
10
1.1692535433070865
20
-6.2416522047244092
11
1.1588981889763779
21
-6.2499103543307086
0
LINE
8
BLACK
6
CONTINUOUS
10
1.1588981889763779
20
-6.2499103543307086
11
1.1476833464566929
21
-6.2569570866141735
0
LINE
8
BLACK
6
CONTINUOUS
10
1.1476833464566929
20
-6.2569570866141735
11
1.13575
21
-6.2627038976377953
0
LINE
8
BLACK
6
CONTINUOUS
10
1.13575
20
-6.2627038976377953
11
1.1232483070866142
21
-6.2670784251968499
0
LINE
8
BLACK
6
CONTINUOUS
10
1.1232483070866142
20
-6.2670784251968499
11
1.1103353937007874
21
-6.2700257086614171
0
LINE
8
BLACK
6
CONTINUOUS
10
1.1103353937007874
20
-6.2700257086614171
11
1.0971736614173229
21
-6.2715086614173225
0
LINE
8
BLACK
6
CONTINUOUS
10
1.0971736614173229
20
-6.2715086614173225
11
1.0839287007874014
21
-6.2715086614173225
0
LINE
8
BLACK
6
CONTINUOUS
10
1.0839287007874014
20
-6.2715086614173225
11
1.0707669685039369
21
-6.2700257086614171
0
LINE
8
BLACK
6
CONTINUOUS
10
1.0707669685039369
20
-6.2700257086614171
11
1.0578540551181101
21
-6.2670784251968499
0
LINE
8
BLACK
6
CONTINUOUS
10
1.0578540551181101
20
-6.2670784251968499
11
1.0453523622047245
21
-6.2627038976377953
0
LINE
8
BLACK
6
CONTINUOUS
10
1.0453523622047245
20
-6.2627038976377953
11
1.0334190157480314
21
-6.2569570866141735
0
LINE
8
BLACK
6
CONTINUOUS
10
1.0334190157480314
20
-6.2569570866141735
11
1.0222041732283464
21
-6.2499103543307086
0
LINE
8
BLACK
6
CONTINUOUS
10
1.0222041732283464
20
-6.2499103543307086
11
1.0118488188976378
21
-6.2416522047244092
0
LINE
8
BLACK
6
CONTINUOUS
10
1.0118488188976378
20
-6.2416522047244092
11
1.0024832283464566
21
-6.232286614173228
0
LINE
8
BLACK
6
CONTINUOUS
10
1.0024832283464566
20
-6.232286614173228
11
0.9942250787401574
21
-6.2219312598425196
0
LINE
8
BLACK
6
CONTINUOUS
10
0.9942250787401574
20
-6.2219312598425196
11
0.9871783464566929
21
-6.2107164173228346
0
LINE
8
BLACK
6
CONTINUOUS
10
0.9871783464566929
20
-6.2107164173228346
11
0.9814315354330708
21
-6.198783070866142
0
LINE
8
BLACK
6
CONTINUOUS
10
0.9814315354330708
20
-6.198783070866142
11
0.9770570078740157
21
-6.1862813779527555
0
LINE
8
BLACK
6
CONTINUOUS
10
0.9770570078740157
20
-6.1862813779527555
11
0.9741097244094488
21
-6.1733684645669289
0
LINE
8
BLACK
6
CONTINUOUS
10
0.9741097244094488
20
-6.1733684645669289
11
0.9726267716535433
21
-6.1602067322834646
0
LINE
8
BLACK
6
CONTINUOUS
10
0.9726267716535433
20
-6.1602067322834646
11
0.9726267716535433
21
-6.146961771653543
0
LINE
8
BLACK
6
CONTINUOUS
10
0.9726267716535433
20
-6.146961771653543
11
0.9741097244094488
21
-6.1338000393700787
0
LINE
8
BLACK
6
CONTINUOUS
10
0.9741097244094488
20
-6.1338000393700787
11
0.9770570078740157
21
-6.1208871259842521
0
LINE
8
BLACK
6
CONTINUOUS
10
0.9770570078740157
20
-6.1208871259842521
11
0.9814315354330708
21
-6.1083854330708656
0
LINE
8
BLACK
6
CONTINUOUS
10
0.9814315354330708
20
-6.1083854330708656
11
0.9871783464566929
21
-6.0964520866141729
0
LINE
8
BLACK
6
CONTINUOUS
10
0.9871783464566929
20
-6.0964520866141729
11
0.9942250787401574
21
-6.085237244094488
0
LINE
8
BLACK
6
CONTINUOUS
10
0.9942250787401574
20
-6.085237244094488
11
1.0024832283464566
21
-6.0748818897637795
0
LINE
8
BLACK
6
CONTINUOUS
10
1.0024832283464566
20
-6.0748818897637795
11
1.0118488188976378
21
-6.0655162992125984
0
LINE
8
BLACK
6
CONTINUOUS
10
1.0118488188976378
20
-6.0655162992125984
11
1.0222041732283464
21
-6.0572581496062989
0
LINE
8
BLACK
6
CONTINUOUS
10
1.0222041732283464
20
-6.0572581496062989
11
1.0334190157480314
21
-6.0502114173228341
0
LINE
8
BLACK
6
CONTINUOUS
10
1.0334190157480314
20
-6.0502114173228341
11
1.0453523622047245
21
-6.0444646062992122
0
LINE
8
BLACK
6
CONTINUOUS
10
1.0453523622047245
20
-6.0444646062992122
11
1.0578540551181101
21
-6.0400900787401577
0
LINE
8
BLACK
6
CONTINUOUS
10
1.0578540551181101
20
-6.0400900787401577
11
1.0707669685039369
21
-6.0371427952755905
0
LINE
8
BLACK
6
CONTINUOUS
10
1.0707669685039369
20
-6.0371427952755905
11
1.0839287007874014
21
-6.035659842519685
0
LINE
8
BLACK
6
CONTINUOUS
10
1.0839287007874014
20
-6.035659842519685
11
1.0971736614173229
21
-6.035659842519685
0
LINE
8
BLACK
6
CONTINUOUS
10
1.0971736614173229
20
-6.035659842519685
11
1.1103353937007874
21
-6.0371427952755905
0
LINE
8
BLACK
6
CONTINUOUS
10
1.1103353937007874
20
-5.7576357086614172
11
1.1232483070866142
21
-5.7605829921259843
0
LINE
8
BLACK
6
CONTINUOUS
10
1.1232483070866142
20
-5.7605829921259843
11
1.13575
21
-5.7649575196850389
0
LINE
8
BLACK
6
CONTINUOUS
10
1.13575
20
-5.7649575196850389
11
1.1476833464566929
21
-5.7707043307086616
0
LINE
8
BLACK
6
CONTINUOUS
10
1.1476833464566929
20
-5.7707043307086616
11
1.1588981889763779
21
-5.7777510629921256
0
LINE
8
BLACK
6
CONTINUOUS
10
1.1588981889763779
20
-5.7777510629921256
11
1.1692535433070865
21
-5.786009212598425
0
LINE
8
BLACK
6
CONTINUOUS
10
1.1692535433070865
20
-5.786009212598425
11
1.1786191338582677
21
-5.7953748031496062
0
LINE
8
BLACK
6
CONTINUOUS
10
1.1786191338582677
20
-5.7953748031496062
11
1.1868772834645669
21
-5.8057301574803146
0
LINE
8
BLACK
6
CONTINUOUS
10
1.1868772834645669
20
-5.8057301574803146
11
1.1939240157480315
21
-5.8169449999999996
0
LINE
8
BLACK
6
CONTINUOUS
10
1.1939240157480315
20
-5.8169449999999996
11
1.1996708267716536
21
-5.8288783464566931
0
LINE
8
BLACK
6
CONTINUOUS
10
1.1996708267716536
20
-5.8288783464566931
11
1.2040453543307086
21
-5.8413800393700788
0
LINE
8
BLACK
6
CONTINUOUS
10
1.2040453543307086
20
-5.8413800393700788
11
1.2069926377952755
21
-5.8542929527559053
0
LINE
8
BLACK
6
CONTINUOUS
10
1.2069926377952755
20
-5.8542929527559053
11
1.208475590551181
21
-5.8674546850393696
0
LINE
8
BLACK
6
CONTINUOUS
10
1.208475590551181
20
-5.8674546850393696
11
1.208475590551181
21
-5.8806996456692913
0
LINE
8
BLACK
6
CONTINUOUS
10
1.208475590551181
20
-5.8806996456692913
11
1.2069926377952755
21
-5.8938613779527556
0
LINE
8
BLACK
6
CONTINUOUS
10
1.2069926377952755
20
-5.8938613779527556
11
1.2040453543307086
21
-5.9067742913385821
0
LINE
8
BLACK
6
CONTINUOUS
10
1.2040453543307086
20
-5.9067742913385821
11
1.1996708267716536
21
-5.9192759842519687
0
LINE
8
BLACK
6
CONTINUOUS
10
1.1996708267716536
20
-5.9192759842519687
11
1.1939240157480315
21
-5.9312093307086613
0
LINE
8
BLACK
6
CONTINUOUS
10
1.1939240157480315
20
-5.9312093307086613
11
1.1868772834645669
21
-5.9424241732283463
0
LINE
8
BLACK
6
CONTINUOUS
10
1.1868772834645669
20
-5.9424241732283463
11
1.1786191338582677
21
-5.9527795275590547
0
LINE
8
BLACK
6
CONTINUOUS
10
1.1786191338582677
20
-5.9527795275590547
11
1.1692535433070865
21
-5.9621451181102358
0
LINE
8
BLACK
6
CONTINUOUS
10
1.1692535433070865
20
-5.9621451181102358
11
1.1588981889763779
21
-5.9704032677165353
0
LINE
8
BLACK
6
CONTINUOUS
10
1.1588981889763779
20
-5.9704032677165353
11
1.1476833464566929
21
-5.9774500000000002
0
LINE
8
BLACK
6
CONTINUOUS
10
1.1476833464566929
20
-5.9774500000000002
11
1.13575
21
-5.983196811023622
0
LINE
8
BLACK
6
CONTINUOUS
10
1.13575
20
-5.983196811023622
11
1.1232483070866142
21
-5.9875713385826774
0
LINE
8
BLACK
6
CONTINUOUS
10
1.1232483070866142
20
-5.9875713385826774
11
1.1103353937007874
21
-5.9905186220472437
0
LINE
8
BLACK
6
CONTINUOUS
10
1.1103353937007874
20
-5.9905186220472437
11
1.0971736614173229
21
-5.9920015748031492
0
LINE
8
BLACK
6
CONTINUOUS
10
1.0971736614173229
20
-5.9920015748031492
11
1.0839287007874014
21
-5.9920015748031492
0
LINE
8
BLACK
6
CONTINUOUS
10
1.0839287007874014
20
-5.9920015748031492
11
1.0707669685039369
21
-5.9905186220472437
0
LINE
8
BLACK
6
CONTINUOUS
10
1.0707669685039369
20
-5.9905186220472437
11
1.0578540551181101
21
-5.9875713385826774
0
LINE
8
BLACK
6
CONTINUOUS
10
1.0578540551181101
20
-5.9875713385826774
11
1.0453523622047245
21
-5.983196811023622
0
LINE
8
BLACK
6
CONTINUOUS
10
1.0453523622047245
20
-5.983196811023622
11
1.0334190157480314
21
-5.9774500000000002
0
LINE
8
BLACK
6
CONTINUOUS
10
1.0334190157480314
20
-5.9774500000000002
11
1.0222041732283464
21
-5.9704032677165353
0
LINE
8
BLACK
6
CONTINUOUS
10
1.0222041732283464
20
-5.9704032677165353
11
1.0118488188976378
21
-5.9621451181102358
0
LINE
8
BLACK
6
CONTINUOUS
10
1.0118488188976378
20
-5.9621451181102358
11
1.0024832283464566
21
-5.9527795275590547
0
LINE
8
BLACK
6
CONTINUOUS
10
1.0024832283464566
20
-5.9527795275590547
11
0.9942250787401574
21
-5.9424241732283463
0
LINE
8
BLACK
6
CONTINUOUS
10
0.9942250787401574
20
-5.9424241732283463
11
0.9871783464566929
21
-5.9312093307086613
0
LINE
8
BLACK
6
CONTINUOUS
10
0.9871783464566929
20
-5.9312093307086613
11
0.9814315354330708
21
-5.9192759842519687
0
LINE
8
BLACK
6
CONTINUOUS
10
0.9814315354330708
20
-5.9192759842519687
11
0.9770570078740157
21
-5.9067742913385821
0
LINE
8
BLACK
6
CONTINUOUS
10
0.9770570078740157
20
-5.9067742913385821
11
0.9741097244094488
21
-5.8938613779527556
0
LINE
8
BLACK
6
CONTINUOUS
10
0.9741097244094488
20
-5.8938613779527556
11
0.9726267716535433
21
-5.8806996456692913
0
LINE
8
BLACK
6
CONTINUOUS
10
0.9726267716535433
20
-5.8806996456692913
11
0.9726267716535433
21
-5.8674546850393696
0
LINE
8
BLACK
6
CONTINUOUS
10
0.9726267716535433
20
-5.8674546850393696
11
0.9741097244094488
21
-5.8542929527559053
0
LINE
8
BLACK
6
CONTINUOUS
10
0.9741097244094488
20
-5.8542929527559053
11
0.9770570078740157
21
-5.8413800393700788
0
LINE
8
BLACK
6
CONTINUOUS
10
0.9770570078740157
20
-5.8413800393700788
11
0.9814315354330708
21
-5.8288783464566931
0
LINE
8
BLACK
6
CONTINUOUS
10
0.9814315354330708
20
-5.8288783464566931
11
0.9871783464566929
21
-5.8169449999999996
0
LINE
8
BLACK
6
CONTINUOUS
10
0.9871783464566929
20
-5.8169449999999996
11
0.9942250787401574
21
-5.8057301574803146
0
LINE
8
BLACK
6
CONTINUOUS
10
0.9942250787401574
20
-5.8057301574803146
11
1.0024832283464566
21
-5.7953748031496062
0
LINE
8
BLACK
6
CONTINUOUS
10
1.0024832283464566
20
-5.7953748031496062
11
1.0118488188976378
21
-5.786009212598425
0
LINE
8
BLACK
6
CONTINUOUS
10
1.0118488188976378
20
-5.786009212598425
11
1.0222041732283464
21
-5.7777510629921256
0
LINE
8
BLACK
6
CONTINUOUS
10
1.0222041732283464
20
-5.7777510629921256
11
1.0334190157480314
21
-5.7707043307086616
0
LINE
8
BLACK
6
CONTINUOUS
10
1.0334190157480314
20
-5.7707043307086616
11
1.0453523622047245
21
-5.7649575196850389
0
LINE
8
BLACK
6
CONTINUOUS
10
1.0453523622047245
20
-5.7649575196850389
11
1.0578540551181101
21
-5.7605829921259843
0
LINE
8
BLACK
6
CONTINUOUS
10
1.0578540551181101
20
-5.7605829921259843
11
1.0707669685039369
21
-5.7576357086614172
0
LINE
8
BLACK
6
CONTINUOUS
10
1.0707669685039369
20
-5.7576357086614172
11
1.0839287007874014
21
-5.7561527559055117
0
LINE
8
BLACK
6
CONTINUOUS
10
1.0839287007874014
20
-5.7561527559055117
11
1.0971736614173229
21
-5.7561527559055117
0
LINE
8
BLACK
6
CONTINUOUS
10
1.0971736614173229
20
-5.7561527559055117
11
1.1103353937007874
21
-5.7576357086614172
0
LINE
8
BLACK
6
CONTINUOUS
10
2.9579805118110234
20
-5.0252526771653541
11
2.9598963779527558
21
-5.0265328346456695
0
LINE
8
BLACK
6
CONTINUOUS
10
2.9598963779527558
20
-5.0265328346456695
11
2.9611765354330708
21
-5.0284487007874015
0
LINE
8
BLACK
6
CONTINUOUS
10
2.9611765354330708
20
-5.0284487007874015
11
2.9616260629921261
21
-5.0307086614173224
0
LINE
8
BLACK
6
CONTINUOUS
10
2.9616260629921261
20
-5.0307086614173224
11
2.9616260629921261
21
-5.0425196850393696
0
LINE
8
BLACK
6
CONTINUOUS
10
2.9616260629921261
20
-5.0425196850393696
11
2.9611765354330708
21
-5.0447796456692915
0
LINE
8
BLACK
6
CONTINUOUS
10
2.9611765354330708
20
-5.0447796456692915
11
2.9598963779527558
21
-5.0466955118110235
0
LINE
8
BLACK
6
CONTINUOUS
10
2.9598963779527558
20
-5.0466955118110235
11
2.9579805118110234
21
-5.0479756692913389
0
LINE
8
BLACK
6
CONTINUOUS
10
2.9579805118110234
20
-5.0479756692913389
11
2.9557205511811024
21
-5.0484251968503937
0
LINE
8
BLACK
6
CONTINUOUS
10
2.9557205511811024
20
-5.0484251968503937
11
2.9094607086614173
21
-5.0484251968503937
0
LINE
8
BLACK
6
CONTINUOUS
10
2.9094607086614173
20
-5.0484251968503937
11
2.9072007480314959
21
-5.0479756692913389
0
LINE
8
BLACK
6
CONTINUOUS
10
2.9072007480314959
20
-5.0479756692913389
11
2.9052848818897639
21
-5.0466955118110235
0
LINE
8
BLACK
6
CONTINUOUS
10
2.9052848818897639
20
-5.0466955118110235
11
2.9040047244094489
21
-5.0447796456692915
0
LINE
8
BLACK
6
CONTINUOUS
10
2.9040047244094489
20
-5.0447796456692915
11
2.9035551968503936
21
-5.0425196850393696
0
LINE
8
BLACK
6
CONTINUOUS
10
2.9035551968503936
20
-5.0425196850393696
11
2.9035551968503936
21
-5.0307086614173224
0
LINE
8
BLACK
6
CONTINUOUS
10
2.9035551968503936
20
-5.0307086614173224
11
2.9040047244094489
21
-5.0284487007874015
0
LINE
8
BLACK
6
CONTINUOUS
10
2.9040047244094489
20
-5.0284487007874015
11
2.9052848818897639
21
-5.0265328346456695
0
LINE
8
BLACK
6
CONTINUOUS
10
2.9052848818897639
20
-5.0265328346456695
11
2.9072007480314959
21
-5.0252526771653541
0
LINE
8
BLACK
6
CONTINUOUS
10
2.9072007480314959
20
-5.0252526771653541
11
2.9094607086614173
21
-5.0248031496062993
0
LINE
8
BLACK
6
CONTINUOUS
10
2.9094607086614173
20
-5.0248031496062993
11
2.9557205511811024
21
-5.0248031496062993
0
LINE
8
BLACK
6
CONTINUOUS
10
2.9557205511811024
20
-5.0248031496062993
11
2.9579805118110234
21
-5.0252526771653541
0
LINE
8
BLACK
6
CONTINUOUS
10
3.0317994094488188
20
-4.987851102362205
11
3.0337152755905512
21
-4.9891312598425195
0
LINE
8
BLACK
6
CONTINUOUS
10
3.0337152755905512
20
-4.9891312598425195
11
3.0349954330708662
21
-4.9910471259842515
0
LINE
8
BLACK
6
CONTINUOUS
10
3.0349954330708662
20
-4.9910471259842515
11
3.035444960629921
21
-4.9933070866141733
0
LINE
8
BLACK
6
CONTINUOUS
10
3.035444960629921
20
-4.9933070866141733
11
3.035444960629921
21
-5.0051181102362206
0
LINE
8
BLACK
6
CONTINUOUS
10
3.035444960629921
20
-5.0051181102362206
11
3.0349954330708662
21
-5.0073780708661415
0
LINE
8
BLACK
6
CONTINUOUS
10
3.0349954330708662
20
-5.0073780708661415
11
3.0337152755905512
21
-5.0092939370078735
0
LINE
8
BLACK
6
CONTINUOUS
10
3.0337152755905512
20
-5.0092939370078735
11
3.0317994094488188
21
-5.0105740944881889
0
LINE
8
BLACK
6
CONTINUOUS
10
3.0317994094488188
20
-5.0105740944881889
11
3.0295394488188974
21
-5.0110236220472437
0
LINE
8
BLACK
6
CONTINUOUS
10
3.0295394488188974
20
-5.0110236220472437
11
2.9832796062992126
21
-5.0110236220472437
0
LINE
8
BLACK
6
CONTINUOUS
10
2.9832796062992126
20
-5.0110236220472437
11
2.9810196456692912
21
-5.0105740944881889
0
LINE
8
BLACK
6
CONTINUOUS
10
2.9810196456692912
20
-5.0105740944881889
11
2.9791037795275588
21
-5.0092939370078735
0
LINE
8
BLACK
6
CONTINUOUS
10
2.9791037795275588
20
-5.0092939370078735
11
2.9778236220472438
21
-5.0073780708661415
0
LINE
8
BLACK
6
CONTINUOUS
10
2.9778236220472438
20
-5.0073780708661415
11
2.977374094488189
21
-5.0051181102362206
0
LINE
8
BLACK
6
CONTINUOUS
10
2.977374094488189
20
-5.0051181102362206
11
2.977374094488189
21
-4.9933070866141733
0
LINE
8
BLACK
6
CONTINUOUS
10
2.977374094488189
20
-4.9933070866141733
11
2.9778236220472438
21
-4.9910471259842515
0
LINE
8
BLACK
6
CONTINUOUS
10
2.9778236220472438
20
-4.9910471259842515
11
2.9791037795275588
21
-4.9891312598425195
0
LINE
8
BLACK
6
CONTINUOUS
10
2.9791037795275588
20
-4.9891312598425195
11
2.9810196456692912
21
-4.987851102362205
0
LINE
8
BLACK
6
CONTINUOUS
10
2.9810196456692912
20
-4.987851102362205
11
2.9832796062992126
21
-4.9874015748031493
0
LINE
8
BLACK
6
CONTINUOUS
10
2.9832796062992126
20
-4.9874015748031493
11
3.0295394488188974
21
-4.9874015748031493
0
LINE
8
BLACK
6
CONTINUOUS
10
3.0295394488188974
20
-4.9874015748031493
11
3.0317994094488188
21
-4.987851102362205
0
LINE
8
BLACK
6
CONTINUOUS
10
2.9579805118110234
20
-4.950449527559055
11
2.9598963779527558
21
-4.9517296850393704
0
LINE
8
BLACK
6
CONTINUOUS
10
2.9598963779527558
20
-4.9517296850393704
11
2.9611765354330708
21
-4.9536455511811024
0
LINE
8
BLACK
6
CONTINUOUS
10
2.9611765354330708
20
-4.9536455511811024
11
2.9616260629921261
21
-4.9559055118110233
0
LINE
8
BLACK
6
CONTINUOUS
10
2.9616260629921261
20
-4.9559055118110233
11
2.9616260629921261
21
-4.9677165354330706
0
LINE
8
BLACK
6
CONTINUOUS
10
2.9616260629921261
20
-4.9677165354330706
11
2.9611765354330708
21
-4.9699764960629924
0
LINE
8
BLACK
6
CONTINUOUS
10
2.9611765354330708
20
-4.9699764960629924
11
2.9598963779527558
21
-4.9718923622047244
0
LINE
8
BLACK
6
CONTINUOUS
10
2.9598963779527558
20
-4.9718923622047244
11
2.9579805118110234
21
-4.9731725196850389
0
LINE
8
BLACK
6
CONTINUOUS
10
2.9579805118110234
20
-4.9731725196850389
11
2.9557205511811024
21
-4.9736220472440946
0
LINE
8
BLACK
6
CONTINUOUS
10
2.9557205511811024
20
-4.9736220472440946
11
2.9094607086614173
21
-4.9736220472440946
0
LINE
8
BLACK
6
CONTINUOUS
10
2.9094607086614173
20
-4.9736220472440946
11
2.9072007480314959
21
-4.9731725196850389
0
LINE
8
BLACK
6
CONTINUOUS
10
2.9072007480314959
20
-4.9731725196850389
11
2.9052848818897639
21
-4.9718923622047244
0
LINE
8
BLACK
6
CONTINUOUS
10
2.9052848818897639
20
-4.9718923622047244
11
2.9040047244094489
21
-4.9699764960629924
0
LINE
8
BLACK
6
CONTINUOUS
10
2.9040047244094489
20
-4.9699764960629924
11
2.9035551968503936
21
-4.9677165354330706
0
LINE
8
BLACK
6
CONTINUOUS
10
2.9035551968503936
20
-4.9677165354330706
11
2.9035551968503936
21
-4.9559055118110233
0
LINE
8
BLACK
6
CONTINUOUS
10
2.9035551968503936
20
-4.9559055118110233
11
2.9040047244094489
21
-4.9536455511811024
0
LINE
8
BLACK
6
CONTINUOUS
10
2.9040047244094489
20
-4.9536455511811024
11
2.9052848818897639
21
-4.9517296850393704
0
LINE
8
BLACK
6
CONTINUOUS
10
2.9052848818897639
20
-4.9517296850393704
11
2.9072007480314959
21
-4.950449527559055
0
LINE
8
BLACK
6
CONTINUOUS
10
2.9072007480314959
20
-4.950449527559055
11
2.9094607086614173
21
-4.9500000000000002
0
LINE
8
BLACK
6
CONTINUOUS
10
2.9094607086614173
20
-4.9500000000000002
11
2.9557205511811024
21
-4.9500000000000002
0
LINE
8
BLACK
6
CONTINUOUS
10
2.9557205511811024
20
-4.9500000000000002
11
2.9579805118110234
21
-4.950449527559055
0
LINE
8
BLACK
6
CONTINUOUS
10
3.5626096456692911
20
-4.7820102362204722
11
3.5697400393700787
21
-4.7849637401574805
0
LINE
8
BLACK
6
CONTINUOUS
10
3.5697400393700787
20
-4.7849637401574805
11
3.5761572047244092
21
-4.7892515748031492
0
LINE
8
BLACK
6
CONTINUOUS
10
3.5761572047244092
20
-4.7892515748031492
11
3.5816145669291339
21
-4.7947089370078739
0
LINE
8
BLACK
6
CONTINUOUS
10
3.5816145669291339
20
-4.7947089370078739
11
3.5859024015748031
21
-4.8011261023622049
0
LINE
8
BLACK
6
CONTINUOUS
10
3.5859024015748031
20
-4.8011261023622049
11
3.588855905511811
21
-4.8082564960629917
0
LINE
8
BLACK
6
CONTINUOUS
10
3.588855905511811
20
-4.8082564960629917
11
3.5903616141732284
21
-4.8158261023622044
0
LINE
8
BLACK
6
CONTINUOUS
10
3.5903616141732284
20
-4.8158261023622044
11
3.5903616141732284
21
-4.8235439763779526
0
LINE
8
BLACK
6
CONTINUOUS
10
3.5903616141732284
20
-4.8235439763779526
11
3.588855905511811
21
-4.8311135826771654
0
LINE
8
BLACK
6
CONTINUOUS
10
3.588855905511811
20
-4.8311135826771654
11
3.5859024015748031
21
-4.838243976377953
0
LINE
8
BLACK
6
CONTINUOUS
10
3.5859024015748031
20
-4.838243976377953
11
3.5816145669291339
21
-4.8446611417322831
0
LINE
8
BLACK
6
CONTINUOUS
10
3.5816145669291339
20
-4.8446611417322831
11
3.5761572047244092
21
-4.8501185039370078
0
LINE
8
BLACK
6
CONTINUOUS
10
3.5761572047244092
20
-4.8501185039370078
11
3.5697400393700787
21
-4.8544063385826774
0
LINE
8
BLACK
6
CONTINUOUS
10
3.5697400393700787
20
-4.8544063385826774
11
3.5626096456692911
21
-4.8573598425196849
0
LINE
8
BLACK
6
CONTINUOUS
10
3.5626096456692911
20
-4.8573598425196849
11
3.5550400393700787
21
-4.8588655511811023
0
LINE
8
BLACK
6
CONTINUOUS
10
3.5550400393700787
20
-4.8588655511811023
11
3.5473221653543305
21
-4.8588655511811023
0
LINE
8
BLACK
6
CONTINUOUS
10
3.5473221653543305
20
-4.8588655511811023
11
3.5397525590551182
21
-4.8573598425196849
0
LINE
8
BLACK
6
CONTINUOUS
10
3.5397525590551182
20
-4.8573598425196849
11
3.5326221653543306
21
-4.8544063385826774
0
LINE
8
BLACK
6
CONTINUOUS
10
3.5326221653543306
20
-4.8544063385826774
11
3.526205
21
-4.8501185039370078
0
LINE
8
BLACK
6
CONTINUOUS
10
3.526205
20
-4.8501185039370078
11
3.5207476377952753
21
-4.8446611417322831
0
LINE
8
BLACK
6
CONTINUOUS
10
3.5207476377952753
20
-4.8446611417322831
11
3.5164598031496062
21
-4.838243976377953
0
LINE
8
BLACK
6
CONTINUOUS
10
3.5164598031496062
20
-4.838243976377953
11
3.5135062992125983
21
-4.8311135826771654
0
LINE
8
BLACK
6
CONTINUOUS
10
3.5135062992125983
20
-4.8311135826771654
11
3.5120005905511809
21
-4.8235439763779526
0
LINE
8
BLACK
6
CONTINUOUS
10
3.5120005905511809
20
-4.8235439763779526
11
3.5120005905511809
21
-4.8158261023622044
0
LINE
8
BLACK
6
CONTINUOUS
10
3.5120005905511809
20
-4.8158261023622044
11
3.5135062992125983
21
-4.8082564960629917
0
LINE
8
BLACK
6
CONTINUOUS
10
3.5135062992125983
20
-4.8082564960629917
11
3.5164598031496062
21
-4.8011261023622049
0
LINE
8
BLACK
6
CONTINUOUS
10
3.5164598031496062
20
-4.8011261023622049
11
3.5207476377952753
21
-4.7947089370078739
0
LINE
8
BLACK
6
CONTINUOUS
10
3.5207476377952753
20
-4.7947089370078739
11
3.526205
21
-4.7892515748031492
0
LINE
8
BLACK
6
CONTINUOUS
10
3.526205
20
-4.7892515748031492
11
3.5326221653543306
21
-4.7849637401574805
0
LINE
8
BLACK
6
CONTINUOUS
10
3.5326221653543306
20
-4.7849637401574805
11
3.5397525590551182
21
-4.7820102362204722
0
LINE
8
BLACK
6
CONTINUOUS
10
3.5397525590551182
20
-4.7820102362204722
11
3.5473221653543305
21
-4.7805045275590548
0
LINE
8
BLACK
6
CONTINUOUS
10
3.5473221653543305
20
-4.7805045275590548
11
3.5550400393700787
21
-4.7805045275590548
0
LINE
8
BLACK
6
CONTINUOUS
10
3.5550400393700787
20
-4.7805045275590548
11
3.5626096456692911
21
-4.7820102362204722
0
LINE
8
BLACK
6
CONTINUOUS
10
3.9243838188976379
20
-4.7015708267716532
11
3.9339315354330706
21
-4.7046730708661419
0
LINE
8
BLACK
6
CONTINUOUS
10
3.9339315354330706
20
-4.7046730708661419
11
3.9428763779527558
21
-4.7092307086614174
0
LINE
8
BLACK
6
CONTINUOUS
10
3.9428763779527558
20
-4.7092307086614174
11
3.9509981496062991
21
-4.715131496062992
0
LINE
8
BLACK
6
CONTINUOUS
10
3.9509981496062991
20
-4.715131496062992
11
3.9580968503937006
21
-4.7222301968503935
0
LINE
8
BLACK
6
CONTINUOUS
10
3.9580968503937006
20
-4.7222301968503935
11
3.9639976377952757
21
-4.7303519685039372
0
LINE
8
BLACK
6
CONTINUOUS
10
3.9639976377952757
20
-4.7303519685039372
11
3.9685552755905511
21
-4.739296811023622
0
LINE
8
BLACK
6
CONTINUOUS
10
3.9685552755905511
20
-4.739296811023622
11
3.9716575196850394
21
-4.7488445275590552
0
LINE
8
BLACK
6
CONTINUOUS
10
3.9716575196850394
20
-4.7488445275590552
11
3.9732279921259841
21
-4.7587599999999997
0
LINE
8
BLACK
6
CONTINUOUS
10
3.9732279921259841
20
-4.7587599999999997
11
3.9732279921259841
21
-4.7687990551181105
0
LINE
8
BLACK
6
CONTINUOUS
10
3.9732279921259841
20
-4.7687990551181105
11
3.9716575196850394
21
-4.778714527559055
0
LINE
8
BLACK
6
CONTINUOUS
10
3.9716575196850394
20
-4.778714527559055
11
3.9685552755905511
21
-4.7882622440944882
0
LINE
8
BLACK
6
CONTINUOUS
10
3.9685552755905511
20
-4.7882622440944882
11
3.9639976377952757
21
-4.7972070866141729
0
LINE
8
BLACK
6
CONTINUOUS
10
3.9639976377952757
20
-4.7972070866141729
11
3.9580968503937006
21
-4.8053288582677167
0
LINE
8
BLACK
6
CONTINUOUS
10
3.9580968503937006
20
-4.8053288582677167
11
3.9509981496062991
21
-4.8124275590551182
0
LINE
8
BLACK
6
CONTINUOUS
10
3.9509981496062991
20
-4.8124275590551182
11
3.9428763779527558
21
-4.8183283464566928
0
LINE
8
BLACK
6
CONTINUOUS
10
3.9428763779527558
20
-4.8183283464566928
11
3.9339315354330706
21
-4.8228859842519682
0
LINE
8
BLACK
6
CONTINUOUS
10
3.9339315354330706
20
-4.8228859842519682
11
3.9243838188976379
21
-4.825988228346457
0
LINE
8
BLACK
6
CONTINUOUS
10
3.9243838188976379
20
-4.825988228346457
11
3.9144683464566929
21
-4.8275587007874012
0
LINE
8
BLACK
6
CONTINUOUS
10
3.9144683464566929
20
-4.8275587007874012
11
3.9044292913385825
21
-4.8275587007874012
0
LINE
8
BLACK
6
CONTINUOUS
10
3.9044292913385825
20
-4.8275587007874012
11
3.8945138188976376
21
-4.825988228346457
0
LINE
8
BLACK
6
CONTINUOUS
10
3.8945138188976376
20
-4.825988228346457
11
3.8849661023622049
21
-4.8228859842519682
0
LINE
8
BLACK
6
CONTINUOUS
10
3.8849661023622049
20
-4.8228859842519682
11
3.8760212598425197
21
-4.8183283464566928
0
LINE
8
BLACK
6
CONTINUOUS
10
3.8760212598425197
20
-4.8183283464566928
11
3.8678994881889763
21
-4.8124275590551182
0
LINE
8
BLACK
6
CONTINUOUS
10
3.8678994881889763
20
-4.8124275590551182
11
3.8608007874015748
21
-4.8053288582677167
0
LINE
8
BLACK
6
CONTINUOUS
10
3.8608007874015748
20
-4.8053288582677167
11
3.8548999999999998
21
-4.7972070866141729
0
LINE
8
BLACK
6
CONTINUOUS
10
3.8548999999999998
20
-4.7972070866141729
11
3.8503423622047244
21
-4.7882622440944882
0
LINE
8
BLACK
6
CONTINUOUS
10
3.8503423622047244
20
-4.7882622440944882
11
3.847240118110236
21
-4.778714527559055
0
LINE
8
BLACK
6
CONTINUOUS
10
3.847240118110236
20
-4.778714527559055
11
3.8456696456692914
21
-4.7687990551181105
0
LINE
8
BLACK
6
CONTINUOUS
10
3.8456696456692914
20
-4.7687990551181105
11
3.8456696456692914
21
-4.7587599999999997
0
LINE
8
BLACK
6
CONTINUOUS
10
3.8456696456692914
20
-4.7587599999999997
11
3.847240118110236
21
-4.7488445275590552
0
LINE
8
BLACK
6
CONTINUOUS
10
3.847240118110236
20
-4.7488445275590552
11
3.8503423622047244
21
-4.739296811023622
0
LINE
8
BLACK
6
CONTINUOUS
10
3.8503423622047244
20
-4.739296811023622
11
3.8548999999999998
21
-4.7303519685039372
0
LINE
8
BLACK
6
CONTINUOUS
10
3.8548999999999998
20
-4.7303519685039372
11
3.8608007874015748
21
-4.7222301968503935
0
LINE
8
BLACK
6
CONTINUOUS
10
3.8608007874015748
20
-4.7222301968503935
11
3.8678994881889763
21
-4.715131496062992
0
LINE
8
BLACK
6
CONTINUOUS
10
3.8678994881889763
20
-4.715131496062992
11
3.8760212598425197
21
-4.7092307086614174
0
LINE
8
BLACK
6
CONTINUOUS
10
3.8760212598425197
20
-4.7092307086614174
11
3.8849661023622049
21
-4.7046730708661419
0
LINE
8
BLACK
6
CONTINUOUS
10
3.8849661023622049
20
-4.7046730708661419
11
3.8945138188976376
21
-4.7015708267716532
0
LINE
8
BLACK
6
CONTINUOUS
10
3.8945138188976376
20
-4.7015708267716532
11
3.9044292913385825
21
-4.700000354330709
0
LINE
8
BLACK
6
CONTINUOUS
10
3.9044292913385825
20
-4.700000354330709
11
3.9144683464566929
21
-4.700000354330709
0
LINE
8
BLACK
6
CONTINUOUS
10
3.9144683464566929
20
-4.700000354330709
11
3.9243838188976379
21
-4.7015708267716532
0
LINE
8
BLACK
6
CONTINUOUS
10
4.4243838188976374
20
-4.7015708267716532
11
4.4339315354330706
21
-4.7046730708661419
0
LINE
8
BLACK
6
CONTINUOUS
10
4.4339315354330706
20
-4.7046730708661419
11
4.4428763779527554
21
-4.7092307086614174
0
LINE
8
BLACK
6
CONTINUOUS
10
4.4428763779527554
20
-4.7092307086614174
11
4.4509981496062991
21
-4.715131496062992
0
LINE
8
BLACK
6
CONTINUOUS
10
4.4509981496062991
20
-4.715131496062992
11
4.4580968503937006
21
-4.7222301968503935
0
LINE
8
BLACK
6
CONTINUOUS
10
4.4580968503937006
20
-4.7222301968503935
11
4.4639976377952753
21
-4.7303519685039372
0
LINE
8
BLACK
6
CONTINUOUS
10
4.4639976377952753
20
-4.7303519685039372
11
4.4685552755905507
21
-4.739296811023622
0
LINE
8
BLACK
6
CONTINUOUS
10
4.4685552755905507
20
-4.739296811023622
11
4.4716575196850394
21
-4.7488445275590552
0
LINE
8
BLACK
6
CONTINUOUS
10
4.4716575196850394
20
-4.7488445275590552
11
4.4732279921259845
21
-4.7587599999999997
0
LINE
8
BLACK
6
CONTINUOUS
10
4.4732279921259845
20
-4.7587599999999997
11
4.4732279921259845
21
-4.7687990551181105
0
LINE
8
BLACK
6
CONTINUOUS
10
4.4732279921259845
20
-4.7687990551181105
11
4.4716575196850394
21
-4.778714527559055
0
LINE
8
BLACK
6
CONTINUOUS
10
4.4716575196850394
20
-4.778714527559055
11
4.4685552755905507
21
-4.7882622440944882
0
LINE
8
BLACK
6
CONTINUOUS
10
4.4685552755905507
20
-4.7882622440944882
11
4.4639976377952753
21
-4.7972070866141729
0
LINE
8
BLACK
6
CONTINUOUS
10
4.4639976377952753
20
-4.7972070866141729
11
4.4580968503937006
21
-4.8053288582677167
0
LINE
8
BLACK
6
CONTINUOUS
10
4.4580968503937006
20
-4.8053288582677167
11
4.4509981496062991
21
-4.8124275590551182
0
LINE
8
BLACK
6
CONTINUOUS
10
4.4509981496062991
20
-4.8124275590551182
11
4.4428763779527554
21
-4.8183283464566928
0
LINE
8
BLACK
6
CONTINUOUS
10
4.4428763779527554
20
-4.8183283464566928
11
4.4339315354330706
21
-4.8228859842519682
0
LINE
8
BLACK
6
CONTINUOUS
10
4.4339315354330706
20
-4.8228859842519682
11
4.4243838188976374
21
-4.825988228346457
0
LINE
8
BLACK
6
CONTINUOUS
10
4.4243838188976374
20
-4.825988228346457
11
4.4144683464566929
21
-4.8275587007874012
0
LINE
8
BLACK
6
CONTINUOUS
10
4.4144683464566929
20
-4.8275587007874012
11
4.404429291338583
21
-4.8275587007874012
0
LINE
8
BLACK
6
CONTINUOUS
10
4.404429291338583
20
-4.8275587007874012
11
4.3945138188976376
21
-4.825988228346457
0
LINE
8
BLACK
6
CONTINUOUS
10
4.3945138188976376
20
-4.825988228346457
11
4.3849661023622044
21
-4.8228859842519682
0
LINE
8
BLACK
6
CONTINUOUS
10
4.3849661023622044
20
-4.8228859842519682
11
4.3760212598425197
21
-4.8183283464566928
0
LINE
8
BLACK
6
CONTINUOUS
10
4.3760212598425197
20
-4.8183283464566928
11
4.3678994881889759
21
-4.8124275590551182
0
LINE
8
BLACK
6
CONTINUOUS
10
4.3678994881889759
20
-4.8124275590551182
11
4.3608007874015744
21
-4.8053288582677167
0
LINE
8
BLACK
6
CONTINUOUS
10
4.3608007874015744
20
-4.8053288582677167
11
4.3548999999999998
21
-4.7972070866141729
0
LINE
8
BLACK
6
CONTINUOUS
10
4.3548999999999998
20
-4.7972070866141729
11
4.3503423622047244
21
-4.7882622440944882
0
LINE
8
BLACK
6
CONTINUOUS
10
4.3503423622047244
20
-4.7882622440944882
11
4.3472401181102365
21
-4.778714527559055
0
LINE
8
BLACK
6
CONTINUOUS
10
4.3472401181102365
20
-4.778714527559055
11
4.3456696456692914
21
-4.7687990551181105
0
LINE
8
BLACK
6
CONTINUOUS
10
4.3456696456692914
20
-4.7687990551181105
11
4.3456696456692914
21
-4.7587599999999997
0
LINE
8
BLACK
6
CONTINUOUS
10
4.3456696456692914
20
-4.7587599999999997
11
4.3472401181102365
21
-4.7488445275590552
0
LINE
8
BLACK
6
CONTINUOUS
10
4.3472401181102365
20
-4.7488445275590552
11
4.3503423622047244
21
-4.739296811023622
0
LINE
8
BLACK
6
CONTINUOUS
10
4.3503423622047244
20
-4.739296811023622
11
4.3548999999999998
21
-4.7303519685039372
0
LINE
8
BLACK
6
CONTINUOUS
10
4.3548999999999998
20
-4.7303519685039372
11
4.3608007874015744
21
-4.7222301968503935
0
LINE
8
BLACK
6
CONTINUOUS
10
4.3608007874015744
20
-4.7222301968503935
11
4.3678994881889759
21
-4.715131496062992
0
LINE
8
BLACK
6
CONTINUOUS
10
4.3678994881889759
20
-4.715131496062992
11
4.3760212598425197
21
-4.7092307086614174
0
LINE
8
BLACK
6
CONTINUOUS
10
4.3760212598425197
20
-4.7092307086614174
11
4.3849661023622044
21
-4.7046730708661419
0
LINE
8
BLACK
6
CONTINUOUS
10
4.3849661023622044
20
-4.7046730708661419
11
4.3945138188976376
21
-4.7015708267716532
0
LINE
8
BLACK
6
CONTINUOUS
10
4.3945138188976376
20
-4.7015708267716532
11
4.404429291338583
21
-4.700000354330709
0
LINE
8
BLACK
6
CONTINUOUS
10
4.404429291338583
20
-4.700000354330709
11
4.4144683464566929
21
-4.700000354330709
0
LINE
8
BLACK
6
CONTINUOUS
10
4.4144683464566929
20
-4.700000354330709
11
4.4243838188976374
21
-4.7015708267716532
0
LINE
8
BLACK
6
CONTINUOUS
10
4.3291338582677161
20
-4.6933070866141735
11
4.27007874015748
21
-4.6933070866141735
0
LINE
8
BLACK
6
CONTINUOUS
10
4.27007874015748
20
-4.6933070866141735
11
4.27007874015748
21
-4.6342519685039365
0
LINE
8
BLACK
6
CONTINUOUS
10
4.27007874015748
20
-4.6342519685039365
11
4.3291338582677161
21
-4.6342519685039365
0
LINE
8
BLACK
6
CONTINUOUS
10
4.3291338582677161
20
-4.6342519685039365
11
4.3291338582677161
21
-4.6933070866141735
0
LINE
8
BLACK
6
CONTINUOUS
10
4.0681777165354331
20
-4.6355234251968502
11
4.0735255118110238
21
-4.6377385433070861
0
LINE
8
BLACK
6
CONTINUOUS
10
4.0735255118110238
20
-4.6377385433070861
11
4.0783383858267719
21
-4.6409544094488187
0
LINE
8
BLACK
6
CONTINUOUS
10
4.0783383858267719
20
-4.6409544094488187
11
4.0824314173228347
21
-4.6450474409448814
0
LINE
8
BLACK
6
CONTINUOUS
10
4.0824314173228347
20
-4.6450474409448814
11
4.0856472834645672
21
-4.6498603149606295
0
LINE
8
BLACK
6
CONTINUOUS
10
4.0856472834645672
20
-4.6498603149606295
11
4.0878624015748031
21
-4.6552081102362202
0
LINE
8
BLACK
6
CONTINUOUS
10
4.0878624015748031
20
-4.6552081102362202
11
4.0889916929133854
21
-4.6608853149606295
0
LINE
8
BLACK
6
CONTINUOUS
10
4.0889916929133854
20
-4.6608853149606295
11
4.0889916929133854
21
-4.6666737401574805
0
LINE
8
BLACK
6
CONTINUOUS
10
4.0889916929133854
20
-4.6666737401574805
11
4.0878624015748031
21
-4.6723509448818898
0
LINE
8
BLACK
6
CONTINUOUS
10
4.0878624015748031
20
-4.6723509448818898
11
4.0856472834645672
21
-4.6776987401574806
0
LINE
8
BLACK
6
CONTINUOUS
10
4.0856472834645672
20
-4.6776987401574806
11
4.0824314173228347
21
-4.6825116141732286
0
LINE
8
BLACK
6
CONTINUOUS
10
4.0824314173228347
20
-4.6825116141732286
11
4.0783383858267719
21
-4.6866046456692914
0
LINE
8
BLACK
6
CONTINUOUS
10
4.0783383858267719
20
-4.6866046456692914
11
4.0735255118110238
21
-4.6898205118110239
0
LINE
8
BLACK
6
CONTINUOUS
10
4.0735255118110238
20
-4.6898205118110239
11
4.0681777165354331
21
-4.6920356299212598
0
LINE
8
BLACK
6
CONTINUOUS
10
4.0681777165354331
20
-4.6920356299212598
11
4.0625005118110238
21
-4.6931649212598421
0
LINE
8
BLACK
6
CONTINUOUS
10
4.0625005118110238
20
-4.6931649212598421
11
4.0567120866141728
21
-4.6931649212598421
0
LINE
8
BLACK
6
CONTINUOUS
10
4.0567120866141728
20
-4.6931649212598421
11
4.0510348818897635
21
-4.6920356299212598
0
LINE
8
BLACK
6
CONTINUOUS
10
4.0510348818897635
20
-4.6920356299212598
11
4.0456870866141728
21
-4.6898205118110239
0
LINE
8
BLACK
6
CONTINUOUS
10
4.0456870866141728
20
-4.6898205118110239
11
4.0408742125984247
21
-4.6866046456692914
0
LINE
8
BLACK
6
CONTINUOUS
10
4.0408742125984247
20
-4.6866046456692914
11
4.0367811811023619
21
-4.6825116141732286
0
LINE
8
BLACK
6
CONTINUOUS
10
4.0367811811023619
20
-4.6825116141732286
11
4.0335653149606294
21
-4.6776987401574806
0
LINE
8
BLACK
6
CONTINUOUS
10
4.0335653149606294
20
-4.6776987401574806
11
4.0313501968503935
21
-4.6723509448818898
0
LINE
8
BLACK
6
CONTINUOUS
10
4.0313501968503935
20
-4.6723509448818898
11
4.0302209055118112
21
-4.6666737401574805
0
LINE
8
BLACK
6
CONTINUOUS
10
4.0302209055118112
20
-4.6666737401574805
11
4.0302209055118112
21
-4.6608853149606295
0
LINE
8
BLACK
6
CONTINUOUS
10
4.0302209055118112
20
-4.6608853149606295
11
4.0313501968503935
21
-4.6552081102362202
0
LINE
8
BLACK
6
CONTINUOUS
10
4.0313501968503935
20
-4.6552081102362202
11
4.0335653149606294
21
-4.6498603149606295
0
LINE
8
BLACK
6
CONTINUOUS
10
4.0335653149606294
20
-4.6498603149606295
11
4.0367811811023619
21
-4.6450474409448814
0
LINE
8
BLACK
6
CONTINUOUS
10
4.0367811811023619
20
-4.6450474409448814
11
4.0408742125984247
21
-4.6409544094488187
0
LINE
8
BLACK
6
CONTINUOUS
10
4.0408742125984247
20
-4.6409544094488187
11
4.0456870866141728
21
-4.6377385433070861
0
LINE
8
BLACK
6
CONTINUOUS
10
4.0456870866141728
20
-4.6377385433070861
11
4.0510348818897635
21
-4.6355234251968502
0
LINE
8
BLACK
6
CONTINUOUS
10
4.0510348818897635
20
-4.6355234251968502
11
4.0567120866141728
21
-4.6343941338582679
0
LINE
8
BLACK
6
CONTINUOUS
10
4.0567120866141728
20
-4.6343941338582679
11
4.0625005118110238
21
-4.6343941338582679
0
LINE
8
BLACK
6
CONTINUOUS
10
4.0625005118110238
20
-4.6343941338582679
11
4.0681777165354331
21
-4.6355234251968502
0
LINE
8
BLACK
6
CONTINUOUS
10
4.1481777165354332
20
-4.6355234251968502
11
4.1535255118110239
21
-4.6377385433070861
0
LINE
8
BLACK
6
CONTINUOUS
10
4.1535255118110239
20
-4.6377385433070861
11
4.158338385826772
21
-4.6409544094488187
0
LINE
8
BLACK
6
CONTINUOUS
10
4.158338385826772
20
-4.6409544094488187
11
4.1624314173228347
21
-4.6450474409448814
0
LINE
8
BLACK
6
CONTINUOUS
10
4.1624314173228347
20
-4.6450474409448814
11
4.1656472834645673
21
-4.6498603149606295
0
LINE
8
BLACK
6
CONTINUOUS
10
4.1656472834645673
20
-4.6498603149606295
11
4.1678624015748031
21
-4.6552081102362202
0
LINE
8
BLACK
6
CONTINUOUS
10
4.1678624015748031
20
-4.6552081102362202
11
4.1689916929133854
21
-4.6608853149606295
0
LINE
8
BLACK
6
CONTINUOUS
10
4.1689916929133854
20
-4.6608853149606295
11
4.1689916929133854
21
-4.6666737401574805
0
LINE
8
BLACK
6
CONTINUOUS
10
4.1689916929133854
20
-4.6666737401574805
11
4.1678624015748031
21
-4.6723509448818898
0
LINE
8
BLACK
6
CONTINUOUS
10
4.1678624015748031
20
-4.6723509448818898
11
4.1656472834645673
21
-4.6776987401574806
0
LINE
8
BLACK
6
CONTINUOUS
10
4.1656472834645673
20
-4.6776987401574806
11
4.1624314173228347
21
-4.6825116141732286
0
LINE
8
BLACK
6
CONTINUOUS
10
4.1624314173228347
20
-4.6825116141732286
11
4.158338385826772
21
-4.6866046456692914
0
LINE
8
BLACK
6
CONTINUOUS
10
4.158338385826772
20
-4.6866046456692914
11
4.1535255118110239
21
-4.6898205118110239
0
LINE
8
BLACK
6
CONTINUOUS
10
4.1535255118110239
20
-4.6898205118110239
11
4.1481777165354332
21
-4.6920356299212598
0
LINE
8
BLACK
6
CONTINUOUS
10
4.1481777165354332
20
-4.6920356299212598
11
4.1425005118110239
21
-4.6931649212598421
0
LINE
8
BLACK
6
CONTINUOUS
10
4.1425005118110239
20
-4.6931649212598421
11
4.1367120866141729
21
-4.6931649212598421
0
LINE
8
BLACK
6
CONTINUOUS
10
4.1367120866141729
20
-4.6931649212598421
11
4.1310348818897635
21
-4.6920356299212598
0
LINE
8
BLACK
6
CONTINUOUS
10
4.1310348818897635
20
-4.6920356299212598
11
4.1256870866141728
21
-4.6898205118110239
0
LINE
8
BLACK
6
CONTINUOUS
10
4.1256870866141728
20
-4.6898205118110239
11
4.1208742125984248
21
-4.6866046456692914
0
LINE
8
BLACK
6
CONTINUOUS
10
4.1208742125984248
20
-4.6866046456692914
11
4.116781181102362
21
-4.6825116141732286
0
LINE
8
BLACK
6
CONTINUOUS
10
4.116781181102362
20
-4.6825116141732286
11
4.1135653149606295
21
-4.6776987401574806
0
LINE
8
BLACK
6
CONTINUOUS
10
4.1135653149606295
20
-4.6776987401574806
11
4.1113501968503936
21
-4.6723509448818898
0
LINE
8
BLACK
6
CONTINUOUS
10
4.1113501968503936
20
-4.6723509448818898
11
4.1102209055118113
21
-4.6666737401574805
0
LINE
8
BLACK
6
CONTINUOUS
10
4.1102209055118113
20
-4.6666737401574805
11
4.1102209055118113
21
-4.6608853149606295
0
LINE
8
BLACK
6
CONTINUOUS
10
4.1102209055118113
20
-4.6608853149606295
11
4.1113501968503936
21
-4.6552081102362202
0
LINE
8
BLACK
6
CONTINUOUS
10
4.1113501968503936
20
-4.6552081102362202
11
4.1135653149606295
21
-4.6498603149606295
0
LINE
8
BLACK
6
CONTINUOUS
10
4.1135653149606295
20
-4.6498603149606295
11
4.116781181102362
21
-4.6450474409448814
0
LINE
8
BLACK
6
CONTINUOUS
10
4.116781181102362
20
-4.6450474409448814
11
4.1208742125984248
21
-4.6409544094488187
0
LINE
8
BLACK
6
CONTINUOUS
10
4.1208742125984248
20
-4.6409544094488187
11
4.1256870866141728
21
-4.6377385433070861
0
LINE
8
BLACK
6
CONTINUOUS
10
4.1256870866141728
20
-4.6377385433070861
11
4.1310348818897635
21
-4.6355234251968502
0
LINE
8
BLACK
6
CONTINUOUS
10
4.1310348818897635
20
-4.6355234251968502
11
4.1367120866141729
21
-4.6343941338582679
0
LINE
8
BLACK
6
CONTINUOUS
10
4.1367120866141729
20
-4.6343941338582679
11
4.1425005118110239
21
-4.6343941338582679
0
LINE
8
BLACK
6
CONTINUOUS
10
4.1425005118110239
20
-4.6343941338582679
11
4.1481777165354332
21
-4.6355234251968502
0
LINE
8
BLACK
6
CONTINUOUS
10
4.2281777165354333
20
-4.6355234251968502
11
4.2335255118110231
21
-4.6377385433070861
0
LINE
8
BLACK
6
CONTINUOUS
10
4.2335255118110231
20
-4.6377385433070861
11
4.2383383858267711
21
-4.6409544094488187
0
LINE
8
BLACK
6
CONTINUOUS
10
4.2383383858267711
20
-4.6409544094488187
11
4.2424314173228348
21
-4.6450474409448814
0
LINE
8
BLACK
6
CONTINUOUS
10
4.2424314173228348
20
-4.6450474409448814
11
4.2456472834645664
21
-4.6498603149606295
0
LINE
8
BLACK
6
CONTINUOUS
10
4.2456472834645664
20
-4.6498603149606295
11
4.2478624015748032
21
-4.6552081102362202
0
LINE
8
BLACK
6
CONTINUOUS
10
4.2478624015748032
20
-4.6552081102362202
11
4.2489916929133855
21
-4.6608853149606295
0
LINE
8
BLACK
6
CONTINUOUS
10
4.2489916929133855
20
-4.6608853149606295
11
4.2489916929133855
21
-4.6666737401574805
0
LINE
8
BLACK
6
CONTINUOUS
10
4.2489916929133855
20
-4.6666737401574805
11
4.2478624015748032
21
-4.6723509448818898
0
LINE
8
BLACK
6
CONTINUOUS
10
4.2478624015748032
20
-4.6723509448818898
11
4.2456472834645664
21
-4.6776987401574806
0
LINE
8
BLACK
6
CONTINUOUS
10
4.2456472834645664
20
-4.6776987401574806
11
4.2424314173228348
21
-4.6825116141732286
0
LINE
8
BLACK
6
CONTINUOUS
10
4.2424314173228348
20
-4.6825116141732286
11
4.2383383858267711
21
-4.6866046456692914
0
LINE
8
BLACK
6
CONTINUOUS
10
4.2383383858267711
20
-4.6866046456692914
11
4.2335255118110231
21
-4.6898205118110239
0
LINE
8
BLACK
6
CONTINUOUS
10
4.2335255118110231
20
-4.6898205118110239
11
4.2281777165354333
21
-4.6920356299212598
0
LINE
8
BLACK
6
CONTINUOUS
10
4.2281777165354333
20
-4.6920356299212598
11
4.2225005118110239
21
-4.6931649212598421
0
LINE
8
BLACK
6
CONTINUOUS
10
4.2225005118110239
20
-4.6931649212598421
11
4.216712086614173
21
-4.6931649212598421
0
LINE
8
BLACK
6
CONTINUOUS
10
4.216712086614173
20
-4.6931649212598421
11
4.2110348818897636
21
-4.6920356299212598
0
LINE
8
BLACK
6
CONTINUOUS
10
4.2110348818897636
20
-4.6920356299212598
11
4.2056870866141729
21
-4.6898205118110239
0
LINE
8
BLACK
6
CONTINUOUS
10
4.2056870866141729
20
-4.6898205118110239
11
4.2008742125984249
21
-4.6866046456692914
0
LINE
8
BLACK
6
CONTINUOUS
10
4.2008742125984249
20
-4.6866046456692914
11
4.1967811811023621
21
-4.6825116141732286
0
LINE
8
BLACK
6
CONTINUOUS
10
4.1967811811023621
20
-4.6825116141732286
11
4.1935653149606296
21
-4.6776987401574806
0
LINE
8
BLACK
6
CONTINUOUS
10
4.1935653149606296
20
-4.6776987401574806
11
4.1913501968503937
21
-4.6723509448818898
0
LINE
8
BLACK
6
CONTINUOUS
10
4.1913501968503937
20
-4.6723509448818898
11
4.1902209055118114
21
-4.6666737401574805
0
LINE
8
BLACK
6
CONTINUOUS
10
4.1902209055118114
20
-4.6666737401574805
11
4.1902209055118114
21
-4.6608853149606295
0
LINE
8
BLACK
6
CONTINUOUS
10
4.1902209055118114
20
-4.6608853149606295
11
4.1913501968503937
21
-4.6552081102362202
0
LINE
8
BLACK
6
CONTINUOUS
10
4.1913501968503937
20
-4.6552081102362202
11
4.1935653149606296
21
-4.6498603149606295
0
LINE
8
BLACK
6
CONTINUOUS
10
4.1935653149606296
20
-4.6498603149606295
11
4.1967811811023621
21
-4.6450474409448814
0
LINE
8
BLACK
6
CONTINUOUS
10
4.1967811811023621
20
-4.6450474409448814
11
4.2008742125984249
21
-4.6409544094488187
0
LINE
8
BLACK
6
CONTINUOUS
10
4.2008742125984249
20
-4.6409544094488187
11
4.2056870866141729
21
-4.6377385433070861
0
LINE
8
BLACK
6
CONTINUOUS
10
4.2056870866141729
20
-4.6377385433070861
11
4.2110348818897636
21
-4.6355234251968502
0
LINE
8
BLACK
6
CONTINUOUS
10
4.2110348818897636
20
-4.6355234251968502
11
4.216712086614173
21
-4.6343941338582679
0
LINE
8
BLACK
6
CONTINUOUS
10
4.216712086614173
20
-4.6343941338582679
11
4.2225005118110239
21
-4.6343941338582679
0
LINE
8
BLACK
6
CONTINUOUS
10
4.2225005118110239
20
-4.6343941338582679
11
4.2281777165354333
21
-4.6355234251968502
0
LINE
8
BLACK
6
CONTINUOUS
10
3.8499394488188976
20
-4.5847155511811026
11
3.8566962992125982
21
-4.5869109842519684
0
LINE
8
BLACK
6
CONTINUOUS
10
3.8566962992125982
20
-4.5869109842519684
11
3.8630264960629921
21
-4.5901363779527555
0
LINE
8
BLACK
6
CONTINUOUS
10
3.8630264960629921
20
-4.5901363779527555
11
3.8687742125984252
21
-4.5943123228346456
0
LINE
8
BLACK
6
CONTINUOUS
10
3.8687742125984252
20
-4.5943123228346456
11
3.8737979133858267
21
-4.5993360236220475
0
LINE
8
BLACK
6
CONTINUOUS
10
3.8737979133858267
20
-4.5993360236220475
11
3.8779738582677163
21
-4.6050837401574798
0
LINE
8
BLACK
6
CONTINUOUS
10
3.8779738582677163
20
-4.6050837401574798
11
3.8811992519685039
21
-4.6114139370078737
0
LINE
8
BLACK
6
CONTINUOUS
10
3.8811992519685039
20
-4.6114139370078737
11
3.8833946850393701
21
-4.6181707874015743
0
LINE
8
BLACK
6
CONTINUOUS
10
3.8833946850393701
20
-4.6181707874015743
11
3.8845061023622045
21
-4.6251878740157482
0
LINE
8
BLACK
6
CONTINUOUS
10
3.8845061023622045
20
-4.6251878740157482
11
3.8845061023622045
21
-4.632292440944882
0
LINE
8
BLACK
6
CONTINUOUS
10
3.8845061023622045
20
-4.632292440944882
11
3.8833946850393701
21
-4.639309527559055
0
LINE
8
BLACK
6
CONTINUOUS
10
3.8833946850393701
20
-4.639309527559055
11
3.8811992519685039
21
-4.6460663779527556
0
LINE
8
BLACK
6
CONTINUOUS
10
3.8811992519685039
20
-4.6460663779527556
11
3.8779738582677163
21
-4.6523965748031495
0
LINE
8
BLACK
6
CONTINUOUS
10
3.8779738582677163
20
-4.6523965748031495
11
3.8737979133858267
21
-4.6581442913385827
0
LINE
8
BLACK
6
CONTINUOUS
10
3.8737979133858267
20
-4.6581442913385827
11
3.8687742125984252
21
-4.6631679921259845
0
LINE
8
BLACK
6
CONTINUOUS
10
3.8687742125984252
20
-4.6631679921259845
11
3.8630264960629921
21
-4.6673439370078738
0
LINE
8
BLACK
6
CONTINUOUS
10
3.8630264960629921
20
-4.6673439370078738
11
3.8566962992125982
21
-4.6705693307086609
0
LINE
8
BLACK
6
CONTINUOUS
10
3.8566962992125982
20
-4.6705693307086609
11
3.8499394488188976
21
-4.6727647637795275
0
LINE
8
BLACK
6
CONTINUOUS
10
3.8499394488188976
20
-4.6727647637795275
11
3.8429223622047242
21
-4.6738761811023624
0
LINE
8
BLACK
6
CONTINUOUS
10
3.8429223622047242
20
-4.6738761811023624
11
3.8358177952755903
21
-4.6738761811023624
0
LINE
8
BLACK
6
CONTINUOUS
10
3.8358177952755903
20
-4.6738761811023624
11
3.8288007086614173
21
-4.6727647637795275
0
LINE
8
BLACK
6
CONTINUOUS
10
3.8288007086614173
20
-4.6727647637795275
11
3.8220438582677163
21
-4.6705693307086609
0
LINE
8
BLACK
6
CONTINUOUS
10
3.8220438582677163
20
-4.6705693307086609
11
3.8157136614173228
21
-4.6673439370078738
0
LINE
8
BLACK
6
CONTINUOUS
10
3.8157136614173228
20
-4.6673439370078738
11
3.8099659448818897
21
-4.6631679921259845
0
LINE
8
BLACK
6
CONTINUOUS
10
3.8099659448818897
20
-4.6631679921259845
11
3.8049422440944882
21
-4.6581442913385827
0
LINE
8
BLACK
6
CONTINUOUS
10
3.8049422440944882
20
-4.6581442913385827
11
3.8007662992125981
21
-4.6523965748031495
0
LINE
8
BLACK
6
CONTINUOUS
10
3.8007662992125981
20
-4.6523965748031495
11
3.797540905511811
21
-4.6460663779527556
0
LINE
8
BLACK
6
CONTINUOUS
10
3.797540905511811
20
-4.6460663779527556
11
3.7953454724409448
21
-4.639309527559055
0
LINE
8
BLACK
6
CONTINUOUS
10
3.7953454724409448
20
-4.639309527559055
11
3.79423405511811
21
-4.632292440944882
0
LINE
8
BLACK
6
CONTINUOUS
10
3.79423405511811
20
-4.632292440944882
11
3.79423405511811
21
-4.6251878740157482
0
LINE
8
BLACK
6
CONTINUOUS
10
3.79423405511811
20
-4.6251878740157482
11
3.7953454724409448
21
-4.6181707874015743
0
LINE
8
BLACK
6
CONTINUOUS
10
3.7953454724409448
20
-4.6181707874015743
11
3.797540905511811
21
-4.6114139370078737
0
LINE
8
BLACK
6
CONTINUOUS
10
3.797540905511811
20
-4.6114139370078737
11
3.8007662992125981
21
-4.6050837401574798
0
LINE
8
BLACK
6
CONTINUOUS
10
3.8007662992125981
20
-4.6050837401574798
11
3.8049422440944882
21
-4.5993360236220475
0
LINE
8
BLACK
6
CONTINUOUS
10
3.8049422440944882
20
-4.5993360236220475
11
3.8099659448818897
21
-4.5943123228346456
0
LINE
8
BLACK
6
CONTINUOUS
10
3.8099659448818897
20
-4.5943123228346456
11
3.8157136614173228
21
-4.5901363779527555
0
LINE
8
BLACK
6
CONTINUOUS
10
3.8157136614173228
20
-4.5901363779527555
11
3.8220438582677163
21
-4.5869109842519684
0
LINE
8
BLACK
6
CONTINUOUS
10
3.8220438582677163
20
-4.5869109842519684
11
3.8288007086614173
21
-4.5847155511811026
0
LINE
8
BLACK
6
CONTINUOUS
10
3.8288007086614173
20
-4.5847155511811026
11
3.8358177952755903
21
-4.5836041338582678
0
LINE
8
BLACK
6
CONTINUOUS
10
3.8358177952755903
20
-4.5836041338582678
11
3.8429223622047242
21
-4.5836041338582678
0
LINE
8
BLACK
6
CONTINUOUS
10
3.8429223622047242
20
-4.5836041338582678
11
3.8499394488188976
21
-4.5847155511811026
0
LINE
8
BLACK
6
CONTINUOUS
10
4.4900969291338582
20
-4.5847155511811026
11
4.4968537795275587
21
-4.5869109842519684
0
LINE
8
BLACK
6
CONTINUOUS
10
4.4968537795275587
20
-4.5869109842519684
11
4.5031839763779526
21
-4.5901363779527555
0
LINE
8
BLACK
6
CONTINUOUS
10
4.5031839763779526
20
-4.5901363779527555
11
4.5089316929133858
21
-4.5943123228346456
0
LINE
8
BLACK
6
CONTINUOUS
10
4.5089316929133858
20
-4.5943123228346456
11
4.5139553937007877
21
-4.5993360236220475
0
LINE
8
BLACK
6
CONTINUOUS
10
4.5139553937007877
20
-4.5993360236220475
11
4.5181313385826769
21
-4.6050837401574798
0
LINE
8
BLACK
6
CONTINUOUS
10
4.5181313385826769
20
-4.6050837401574798
11
4.5213567322834649
21
-4.6114139370078737
0
LINE
8
BLACK
6
CONTINUOUS
10
4.5213567322834649
20
-4.6114139370078737
11
4.5235521653543307
21
-4.6181707874015743
0
LINE
8
BLACK
6
CONTINUOUS
10
4.5235521653543307
20
-4.6181707874015743
11
4.5246635826771655
21
-4.6251878740157482
0
LINE
8
BLACK
6
CONTINUOUS
10
4.5246635826771655
20
-4.6251878740157482
11
4.5246635826771655
21
-4.632292440944882
0
LINE
8
BLACK
6
CONTINUOUS
10
4.5246635826771655
20
-4.632292440944882
11
4.5235521653543307
21
-4.639309527559055
0
LINE
8
BLACK
6
CONTINUOUS
10
4.5235521653543307
20
-4.639309527559055
11
4.5213567322834649
21
-4.6460663779527556
0
LINE
8
BLACK
6
CONTINUOUS
10
4.5213567322834649
20
-4.6460663779527556
11
4.5181313385826769
21
-4.6523965748031495
0
LINE
8
BLACK
6
CONTINUOUS
10
4.5181313385826769
20
-4.6523965748031495
11
4.5139553937007877
21
-4.6581442913385827
0
LINE
8
BLACK
6
CONTINUOUS
10
4.5139553937007877
20
-4.6581442913385827
11
4.5089316929133858
21
-4.6631679921259845
0
LINE
8
BLACK
6
CONTINUOUS
10
4.5089316929133858
20
-4.6631679921259845
11
4.5031839763779526
21
-4.6673439370078738
0
LINE
8
BLACK
6
CONTINUOUS
10
4.5031839763779526
20
-4.6673439370078738
11
4.4968537795275587
21
-4.6705693307086609
0
LINE
8
BLACK
6
CONTINUOUS
10
4.4968537795275587
20
-4.6705693307086609
11
4.4900969291338582
21
-4.6727647637795275
0
LINE
8
BLACK
6
CONTINUOUS
10
4.4900969291338582
20
-4.6727647637795275
11
4.4830798425196852
21
-4.6738761811023624
0
LINE
8
BLACK
6
CONTINUOUS
10
4.4830798425196852
20
-4.6738761811023624
11
4.4759752755905513
21
-4.6738761811023624
0
LINE
8
BLACK
6
CONTINUOUS
10
4.4759752755905513
20
-4.6738761811023624
11
4.4689581889763774
21
-4.6727647637795275
0
LINE
8
BLACK
6
CONTINUOUS
10
4.4689581889763774
20
-4.6727647637795275
11
4.4622013385826769
21
-4.6705693307086609
0
LINE
8
BLACK
6
CONTINUOUS
10
4.4622013385826769
20
-4.6705693307086609
11
4.4558711417322829
21
-4.6673439370078738
0
LINE
8
BLACK
6
CONTINUOUS
10
4.4558711417322829
20
-4.6673439370078738
11
4.4501234251968507
21
-4.6631679921259845
0
LINE
8
BLACK
6
CONTINUOUS
10
4.4501234251968507
20
-4.6631679921259845
11
4.4450997244094488
21
-4.6581442913385827
0
LINE
8
BLACK
6
CONTINUOUS
10
4.4450997244094488
20
-4.6581442913385827
11
4.4409237795275587
21
-4.6523965748031495
0
LINE
8
BLACK
6
CONTINUOUS
10
4.4409237795275587
20
-4.6523965748031495
11
4.4376983858267716
21
-4.6460663779527556
0
LINE
8
BLACK
6
CONTINUOUS
10
4.4376983858267716
20
-4.6460663779527556
11
4.4355029527559058
21
-4.639309527559055
0
LINE
8
BLACK
6
CONTINUOUS
10
4.4355029527559058
20
-4.639309527559055
11
4.434391535433071
21
-4.632292440944882
0
LINE
8
BLACK
6
CONTINUOUS
10
4.434391535433071
20
-4.632292440944882
11
4.434391535433071
21
-4.6251878740157482
0
LINE
8
BLACK
6
CONTINUOUS
10
4.434391535433071
20
-4.6251878740157482
11
4.4355029527559058
21
-4.6181707874015743
0
LINE
8
BLACK
6
CONTINUOUS
10
4.4355029527559058
20
-4.6181707874015743
11
4.4376983858267716
21
-4.6114139370078737
0
LINE
8
BLACK
6
CONTINUOUS
10
4.4376983858267716
20
-4.6114139370078737
11
4.4409237795275587
21
-4.6050837401574798
0
LINE
8
BLACK
6
CONTINUOUS
10
4.4409237795275587
20
-4.6050837401574798
11
4.4450997244094488
21
-4.5993360236220475
0
LINE
8
BLACK
6
CONTINUOUS
10
4.4450997244094488
20
-4.5993360236220475
11
4.4501234251968507
21
-4.5943123228346456
0
LINE
8
BLACK
6
CONTINUOUS
10
4.4501234251968507
20
-4.5943123228346456
11
4.4558711417322829
21
-4.5901363779527555
0
LINE
8
BLACK
6
CONTINUOUS
10
4.4558711417322829
20
-4.5901363779527555
11
4.4622013385826769
21
-4.5869109842519684
0
LINE
8
BLACK
6
CONTINUOUS
10
4.4622013385826769
20
-4.5869109842519684
11
4.4689581889763774
21
-4.5847155511811026
0
LINE
8
BLACK
6
CONTINUOUS
10
4.4689581889763774
20
-4.5847155511811026
11
4.4759752755905513
21
-4.5836041338582678
0
LINE
8
BLACK
6
CONTINUOUS
10
4.4759752755905513
20
-4.5836041338582678
11
4.4830798425196852
21
-4.5836041338582678
0
LINE
8
BLACK
6
CONTINUOUS
10
4.4830798425196852
20
-4.5836041338582678
11
4.4900969291338582
21
-4.5847155511811026
0
LINE
8
BLACK
6
CONTINUOUS
10
4.0281777559055119
20
-4.5654446850393704
11
4.0335255511811026
21
-4.5676598031496063
0
LINE
8
BLACK
6
CONTINUOUS
10
4.0335255511811026
20
-4.5676598031496063
11
4.0383384251968506
21
-4.5708756692913388
0
LINE
8
BLACK
6
CONTINUOUS
10
4.0383384251968506
20
-4.5708756692913388
11
4.0424314566929134
21
-4.5749687007874016
0
LINE
8
BLACK
6
CONTINUOUS
10
4.0424314566929134
20
-4.5749687007874016
11
4.0456473228346459
21
-4.5797815748031496
0
LINE
8
BLACK
6
CONTINUOUS
10
4.0456473228346459
20
-4.5797815748031496
11
4.0478624409448818
21
-4.5851293700787403
0
LINE
8
BLACK
6
CONTINUOUS
10
4.0478624409448818
20
-4.5851293700787403
11
4.0489917322834641
21
-4.5908065748031497
0
LINE
8
BLACK
6
CONTINUOUS
10
4.0489917322834641
20
-4.5908065748031497
11
4.0489917322834641
21
-4.5965949999999998
0
LINE
8
BLACK
6
CONTINUOUS
10
4.0489917322834641
20
-4.5965949999999998
11
4.0478624409448818
21
-4.6022722047244091
0
LINE
8
BLACK
6
CONTINUOUS
10
4.0478624409448818
20
-4.6022722047244091
11
4.0456473228346459
21
-4.6076199999999998
0
LINE
8
BLACK
6
CONTINUOUS
10
4.0456473228346459
20
-4.6076199999999998
11
4.0424314566929134
21
-4.6124328740157479
0
LINE
8
BLACK
6
CONTINUOUS
10
4.0424314566929134
20
-4.6124328740157479
11
4.0383384251968506
21
-4.6165259055118106
0
LINE
8
BLACK
6
CONTINUOUS
10
4.0383384251968506
20
-4.6165259055118106
11
4.0335255511811026
21
-4.6197417716535432
0
LINE
8
BLACK
6
CONTINUOUS
10
4.0335255511811026
20
-4.6197417716535432
11
4.0281777559055119
21
-4.6219568897637791
0
LINE
8
BLACK
6
CONTINUOUS
10
4.0281777559055119
20
-4.6219568897637791
11
4.0225005511811025
21
-4.6230861811023622
0
LINE
8
BLACK
6
CONTINUOUS
10
4.0225005511811025
20
-4.6230861811023622
11
4.0167121259842515
21
-4.6230861811023622
0
LINE
8
BLACK
6
CONTINUOUS
10
4.0167121259842515
20
-4.6230861811023622
11
4.0110349212598422
21
-4.6219568897637791
0
LINE
8
BLACK
6
CONTINUOUS
10
4.0110349212598422
20
-4.6219568897637791
11
4.0056871259842515
21
-4.6197417716535432
0
LINE
8
BLACK
6
CONTINUOUS
10
4.0056871259842515
20
-4.6197417716535432
11
4.0008742519685034
21
-4.6165259055118106
0
LINE
8
BLACK
6
CONTINUOUS
10
4.0008742519685034
20
-4.6165259055118106
11
3.9967812204724407
21
-4.6124328740157479
0
LINE
8
BLACK
6
CONTINUOUS
10
3.9967812204724407
20
-4.6124328740157479
11
3.9935653543307086
21
-4.6076199999999998
0
LINE
8
BLACK
6
CONTINUOUS
10
3.9935653543307086
20
-4.6076199999999998
11
3.9913502362204722
21
-4.6022722047244091
0
LINE
8
BLACK
6
CONTINUOUS
10
3.9913502362204722
20
-4.6022722047244091
11
3.9902209448818895
21
-4.5965949999999998
0
LINE
8
BLACK
6
CONTINUOUS
10
3.9902209448818895
20
-4.5965949999999998
11
3.9902209448818895
21
-4.5908065748031497
0
LINE
8
BLACK
6
CONTINUOUS
10
3.9902209448818895
20
-4.5908065748031497
11
3.9913502362204722
21
-4.5851293700787403
0
LINE
8
BLACK
6
CONTINUOUS
10
3.9913502362204722
20
-4.5851293700787403
11
3.9935653543307086
21
-4.5797815748031496
0
LINE
8
BLACK
6
CONTINUOUS
10
3.9935653543307086
20
-4.5797815748031496
11
3.9967812204724407
21
-4.5749687007874016
0
LINE
8
BLACK
6
CONTINUOUS
10
3.9967812204724407
20
-4.5749687007874016
11
4.0008742519685034
21
-4.5708756692913388
0
LINE
8
BLACK
6
CONTINUOUS
10
4.0008742519685034
20
-4.5708756692913388
11
4.0056871259842515
21
-4.5676598031496063
0
LINE
8
BLACK
6
CONTINUOUS
10
4.0056871259842515
20
-4.5676598031496063
11
4.0110349212598422
21
-4.5654446850393704
0
LINE
8
BLACK
6
CONTINUOUS
10
4.0110349212598422
20
-4.5654446850393704
11
4.0167121259842515
21
-4.5643153937007872
0
LINE
8
BLACK
6
CONTINUOUS
10
4.0167121259842515
20
-4.5643153937007872
11
4.0225005511811025
21
-4.5643153937007872
0
LINE
8
BLACK
6
CONTINUOUS
10
4.0225005511811025
20
-4.5643153937007872
11
4.0281777559055119
21
-4.5654446850393704
0
LINE
8
BLACK
6
CONTINUOUS
10
4.1081777165354332
20
-4.5654446456692916
11
4.1135255118110239
21
-4.5676597637795275
0
LINE
8
BLACK
6
CONTINUOUS
10
4.1135255118110239
20
-4.5676597637795275
11
4.1183383858267719
21
-4.5708756299212601
0
LINE
8
BLACK
6
CONTINUOUS
10
4.1183383858267719
20
-4.5708756299212601
11
4.1224314173228347
21
-4.5749686614173228
0
LINE
8
BLACK
6
CONTINUOUS
10
4.1224314173228347
20
-4.5749686614173228
11
4.1256472834645672
21
-4.5797815354330709
0
LINE
8
BLACK
6
CONTINUOUS
10
4.1256472834645672
20
-4.5797815354330709
11
4.1278624015748031
21
-4.5851293307086616
0
LINE
8
BLACK
6
CONTINUOUS
10
4.1278624015748031
20
-4.5851293307086616
11
4.1289916929133854
21
-4.5908065354330709
0
LINE
8
BLACK
6
CONTINUOUS
10
4.1289916929133854
20
-4.5908065354330709
11
4.1289916929133854
21
-4.596594960629921
0
LINE
8
BLACK
6
CONTINUOUS
10
4.1289916929133854
20
-4.596594960629921
11
4.1278624015748031
21
-4.6022721653543304
0
LINE
8
BLACK
6
CONTINUOUS
10
4.1278624015748031
20
-4.6022721653543304
11
4.1256472834645672
21
-4.6076199606299211
0
LINE
8
BLACK
6
CONTINUOUS
10
4.1256472834645672
20
-4.6076199606299211
11
4.1224314173228347
21
-4.6124328346456691
0
LINE
8
BLACK
6
CONTINUOUS
10
4.1224314173228347
20
-4.6124328346456691
11
4.1183383858267719
21
-4.6165258661417319
0
LINE
8
BLACK
6
CONTINUOUS
10
4.1183383858267719
20
-4.6165258661417319
11
4.1135255118110239
21
-4.6197417322834644
0
LINE
8
BLACK
6
CONTINUOUS
10
4.1135255118110239
20
-4.6197417322834644
11
4.1081777165354332
21
-4.6219568503937003
0
LINE
8
BLACK
6
CONTINUOUS
10
4.1081777165354332
20
-4.6219568503937003
11
4.1025005118110238
21
-4.6230861417322835
0
LINE
8
BLACK
6
CONTINUOUS
10
4.1025005118110238
20
-4.6230861417322835
11
4.0967120866141729
21
-4.6230861417322835
0
LINE
8
BLACK
6
CONTINUOUS
10
4.0967120866141729
20
-4.6230861417322835
11
4.0910348818897635
21
-4.6219568503937003
0
LINE
8
BLACK
6
CONTINUOUS
10
4.0910348818897635
20
-4.6219568503937003
11
4.0856870866141728
21
-4.6197417322834644
0
LINE
8
BLACK
6
CONTINUOUS
10
4.0856870866141728
20
-4.6197417322834644
11
4.0808742125984248
21
-4.6165258661417319
0
LINE
8
BLACK
6
CONTINUOUS
10
4.0808742125984248
20
-4.6165258661417319
11
4.076781181102362
21
-4.6124328346456691
0
LINE
8
BLACK
6
CONTINUOUS
10
4.076781181102362
20
-4.6124328346456691
11
4.0735653149606295
21
-4.6076199606299211
0
LINE
8
BLACK
6
CONTINUOUS
10
4.0735653149606295
20
-4.6076199606299211
11
4.0713501968503936
21
-4.6022721653543304
0
LINE
8
BLACK
6
CONTINUOUS
10
4.0713501968503936
20
-4.6022721653543304
11
4.0702209055118113
21
-4.596594960629921
0
LINE
8
BLACK
6
CONTINUOUS
10
4.0702209055118113
20
-4.596594960629921
11
4.0702209055118113
21
-4.5908065354330709
0
LINE
8
BLACK
6
CONTINUOUS
10
4.0702209055118113
20
-4.5908065354330709
11
4.0713501968503936
21
-4.5851293307086616
0
LINE
8
BLACK
6
CONTINUOUS
10
4.0713501968503936
20
-4.5851293307086616
11
4.0735653149606295
21
-4.5797815354330709
0
LINE
8
BLACK
6
CONTINUOUS
10
4.0735653149606295
20
-4.5797815354330709
11
4.076781181102362
21
-4.5749686614173228
0
LINE
8
BLACK
6
CONTINUOUS
10
4.076781181102362
20
-4.5749686614173228
11
4.0808742125984248
21
-4.5708756299212601
0
LINE
8
BLACK
6
CONTINUOUS
10
4.0808742125984248
20
-4.5708756299212601
11
4.0856870866141728
21
-4.5676597637795275
0
LINE
8
BLACK
6
CONTINUOUS
10
4.0856870866141728
20
-4.5676597637795275
11
4.0910348818897635
21
-4.5654446456692916
0
LINE
8
BLACK
6
CONTINUOUS
10
4.0910348818897635
20
-4.5654446456692916
11
4.0967120866141729
21
-4.5643153543307085
0
LINE
8
BLACK
6
CONTINUOUS
10
4.0967120866141729
20
-4.5643153543307085
11
4.1025005118110238
21
-4.5643153543307085
0
LINE
8
BLACK
6
CONTINUOUS
10
4.1025005118110238
20
-4.5643153543307085
11
4.1081777165354332
21
-4.5654446456692916
0
LINE
8
BLACK
6
CONTINUOUS
10
4.1881777165354332
20
-4.5654446456692916
11
4.193525511811024
21
-4.5676597637795275
0
LINE
8
BLACK
6
CONTINUOUS
10
4.193525511811024
20
-4.5676597637795275
11
4.198338385826772
21
-4.5708756299212601
0
LINE
8
BLACK
6
CONTINUOUS
10
4.198338385826772
20
-4.5708756299212601
11
4.2024314173228348
21
-4.5749686614173228
0
LINE
8
BLACK
6
CONTINUOUS
10
4.2024314173228348
20
-4.5749686614173228
11
4.2056472834645664
21
-4.5797815354330709
0
LINE
8
BLACK
6
CONTINUOUS
10
4.2056472834645664
20
-4.5797815354330709
11
4.2078624015748032
21
-4.5851293307086616
0
LINE
8
BLACK
6
CONTINUOUS
10
4.2078624015748032
20
-4.5851293307086616
11
4.2089916929133855
21
-4.5908065354330709
0
LINE
8
BLACK
6
CONTINUOUS
10
4.2089916929133855
20
-4.5908065354330709
11
4.2089916929133855
21
-4.596594960629921
0
LINE
8
BLACK
6
CONTINUOUS
10
4.2089916929133855
20
-4.596594960629921
11
4.2078624015748032
21
-4.6022721653543304
0
LINE
8
BLACK
6
CONTINUOUS
10
4.2078624015748032
20
-4.6022721653543304
11
4.2056472834645664
21
-4.6076199606299211
0
LINE
8
BLACK
6
CONTINUOUS
10
4.2056472834645664
20
-4.6076199606299211
11
4.2024314173228348
21
-4.6124328346456691
0
LINE
8
BLACK
6
CONTINUOUS
10
4.2024314173228348
20
-4.6124328346456691
11
4.198338385826772
21
-4.6165258661417319
0
LINE
8
BLACK
6
CONTINUOUS
10
4.198338385826772
20
-4.6165258661417319
11
4.193525511811024
21
-4.6197417322834644
0
LINE
8
BLACK
6
CONTINUOUS
10
4.193525511811024
20
-4.6197417322834644
11
4.1881777165354332
21
-4.6219568503937003
0
LINE
8
BLACK
6
CONTINUOUS
10
4.1881777165354332
20
-4.6219568503937003
11
4.1825005118110239
21
-4.6230861417322835
0
LINE
8
BLACK
6
CONTINUOUS
10
4.1825005118110239
20
-4.6230861417322835
11
4.1767120866141729
21
-4.6230861417322835
0
LINE
8
BLACK
6
CONTINUOUS
10
4.1767120866141729
20
-4.6230861417322835
11
4.1710348818897636
21
-4.6219568503937003
0
LINE
8
BLACK
6
CONTINUOUS
10
4.1710348818897636
20
-4.6219568503937003
11
4.1656870866141729
21
-4.6197417322834644
0
LINE
8
BLACK
6
CONTINUOUS
10
4.1656870866141729
20
-4.6197417322834644
11
4.1608742125984248
21
-4.6165258661417319
0
LINE
8
BLACK
6
CONTINUOUS
10
4.1608742125984248
20
-4.6165258661417319
11
4.1567811811023621
21
-4.6124328346456691
0
LINE
8
BLACK
6
CONTINUOUS
10
4.1567811811023621
20
-4.6124328346456691
11
4.1535653149606295
21
-4.6076199606299211
0
LINE
8
BLACK
6
CONTINUOUS
10
4.1535653149606295
20
-4.6076199606299211
11
4.1513501968503936
21
-4.6022721653543304
0
LINE
8
BLACK
6
CONTINUOUS
10
4.1513501968503936
20
-4.6022721653543304
11
4.1502209055118113
21
-4.596594960629921
0
LINE
8
BLACK
6
CONTINUOUS
10
4.1502209055118113
20
-4.596594960629921
11
4.1502209055118113
21
-4.5908065354330709
0
LINE
8
BLACK
6
CONTINUOUS
10
4.1502209055118113
20
-4.5908065354330709
11
4.1513501968503936
21
-4.5851293307086616
0
LINE
8
BLACK
6
CONTINUOUS
10
4.1513501968503936
20
-4.5851293307086616
11
4.1535653149606295
21
-4.5797815354330709
0
LINE
8
BLACK
6
CONTINUOUS
10
4.1535653149606295
20
-4.5797815354330709
11
4.1567811811023621
21
-4.5749686614173228
0
LINE
8
BLACK
6
CONTINUOUS
10
4.1567811811023621
20
-4.5749686614173228
11
4.1608742125984248
21
-4.5708756299212601
0
LINE
8
BLACK
6
CONTINUOUS
10
4.1608742125984248
20
-4.5708756299212601
11
4.1656870866141729
21
-4.5676597637795275
0
LINE
8
BLACK
6
CONTINUOUS
10
4.1656870866141729
20
-4.5676597637795275
11
4.1710348818897636
21
-4.5654446456692916
0
LINE
8
BLACK
6
CONTINUOUS
10
4.1710348818897636
20
-4.5654446456692916
11
4.1767120866141729
21
-4.5643153543307085
0
LINE
8
BLACK
6
CONTINUOUS
10
4.1767120866141729
20
-4.5643153543307085
11
4.1825005118110239
21
-4.5643153543307085
0
LINE
8
BLACK
6
CONTINUOUS
10
4.1825005118110239
20
-4.5643153543307085
11
4.1881777165354332
21
-4.5654446456692916
0
LINE
8
BLACK
6
CONTINUOUS
10
4.2681777165354333
20
-4.5654446456692916
11
4.2735255118110231
21
-4.5676597637795275
0
LINE
8
BLACK
6
CONTINUOUS
10
4.2735255118110231
20
-4.5676597637795275
11
4.2783383858267712
21
-4.5708756299212601
0
LINE
8
BLACK
6
CONTINUOUS
10
4.2783383858267712
20
-4.5708756299212601
11
4.2824314173228348
21
-4.5749686614173228
0
LINE
8
BLACK
6
CONTINUOUS
10
4.2824314173228348
20
-4.5749686614173228
11
4.2856472834645665
21
-4.5797815354330709
0
LINE
8
BLACK
6
CONTINUOUS
10
4.2856472834645665
20
-4.5797815354330709
11
4.2878624015748033
21
-4.5851293307086616
0
LINE
8
BLACK
6
CONTINUOUS
10
4.2878624015748033
20
-4.5851293307086616
11
4.2889916929133856
21
-4.5908065354330709
0
LINE
8
BLACK
6
CONTINUOUS
10
4.2889916929133856
20
-4.5908065354330709
11
4.2889916929133856
21
-4.596594960629921
0
LINE
8
BLACK
6
CONTINUOUS
10
4.2889916929133856
20
-4.596594960629921
11
4.2878624015748033
21
-4.6022721653543304
0
LINE
8
BLACK
6
CONTINUOUS
10
4.2878624015748033
20
-4.6022721653543304
11
4.2856472834645665
21
-4.6076199606299211
0
LINE
8
BLACK
6
CONTINUOUS
10
4.2856472834645665
20
-4.6076199606299211
11
4.2824314173228348
21
-4.6124328346456691
0
LINE
8
BLACK
6
CONTINUOUS
10
4.2824314173228348
20
-4.6124328346456691
11
4.2783383858267712
21
-4.6165258661417319
0
LINE
8
BLACK
6
CONTINUOUS
10
4.2783383858267712
20
-4.6165258661417319
11
4.2735255118110231
21
-4.6197417322834644
0
LINE
8
BLACK
6
CONTINUOUS
10
4.2735255118110231
20
-4.6197417322834644
11
4.2681777165354333
21
-4.6219568503937003
0
LINE
8
BLACK
6
CONTINUOUS
10
4.2681777165354333
20
-4.6219568503937003
11
4.262500511811024
21
-4.6230861417322835
0
LINE
8
BLACK
6
CONTINUOUS
10
4.262500511811024
20
-4.6230861417322835
11
4.256712086614173
21
-4.6230861417322835
0
LINE
8
BLACK
6
CONTINUOUS
10
4.256712086614173
20
-4.6230861417322835
11
4.2510348818897636
21
-4.6219568503937003
0
LINE
8
BLACK
6
CONTINUOUS
10
4.2510348818897636
20
-4.6219568503937003
11
4.2456870866141729
21
-4.6197417322834644
0
LINE
8
BLACK
6
CONTINUOUS
10
4.2456870866141729
20
-4.6197417322834644
11
4.2408742125984249
21
-4.6165258661417319
0
LINE
8
BLACK
6
CONTINUOUS
10
4.2408742125984249
20
-4.6165258661417319
11
4.2367811811023621
21
-4.6124328346456691
0
LINE
8
BLACK
6
CONTINUOUS
10
4.2367811811023621
20
-4.6124328346456691
11
4.2335653149606296
21
-4.6076199606299211
0
LINE
8
BLACK
6
CONTINUOUS
10
4.2335653149606296
20
-4.6076199606299211
11
4.2313501968503937
21
-4.6022721653543304
0
LINE
8
BLACK
6
CONTINUOUS
10
4.2313501968503937
20
-4.6022721653543304
11
4.2302209055118105
21
-4.596594960629921
0
LINE
8
BLACK
6
CONTINUOUS
10
4.2302209055118105
20
-4.596594960629921
11
4.2302209055118105
21
-4.5908065354330709
0
LINE
8
BLACK
6
CONTINUOUS
10
4.2302209055118105
20
-4.5908065354330709
11
4.2313501968503937
21
-4.5851293307086616
0
LINE
8
BLACK
6
CONTINUOUS
10
4.2313501968503937
20
-4.5851293307086616
11
4.2335653149606296
21
-4.5797815354330709
0
LINE
8
BLACK
6
CONTINUOUS
10
4.2335653149606296
20
-4.5797815354330709
11
4.2367811811023621
21
-4.5749686614173228
0
LINE
8
BLACK
6
CONTINUOUS
10
4.2367811811023621
20
-4.5749686614173228
11
4.2408742125984249
21
-4.5708756299212601
0
LINE
8
BLACK
6
CONTINUOUS
10
4.2408742125984249
20
-4.5708756299212601
11
4.2456870866141729
21
-4.5676597637795275
0
LINE
8
BLACK
6
CONTINUOUS
10
4.2456870866141729
20
-4.5676597637795275
11
4.2510348818897636
21
-4.5654446456692916
0
LINE
8
BLACK
6
CONTINUOUS
10
4.2510348818897636
20
-4.5654446456692916
11
4.256712086614173
21
-4.5643153543307085
0
LINE
8
BLACK
6
CONTINUOUS
10
4.256712086614173
20
-4.5643153543307085
11
4.262500511811024
21
-4.5643153543307085
0
LINE
8
BLACK
6
CONTINUOUS
10
4.262500511811024
20
-4.5643153543307085
11
4.2681777165354333
21
-4.5654446456692916
0
LINE
8
BLACK
6
CONTINUOUS
10
2.7750505118110236
20
-4.4807648425196849
11
2.780300157480315
21
-4.4827228740157476
0
LINE
8
BLACK
6
CONTINUOUS
10
2.780300157480315
20
-4.4827228740157476
11
2.7847855511811024
21
-4.4860805905511807
0
LINE
8
BLACK
6
CONTINUOUS
10
2.7847855511811024
20
-4.4860805905511807
11
2.7881432677165354
21
-4.4905659842519681
0
LINE
8
BLACK
6
CONTINUOUS
10
2.7881432677165354
20
-4.4905659842519681
11
2.7901012992125982
21
-4.4958156299212595
0
LINE
8
BLACK
6
CONTINUOUS
10
2.7901012992125982
20
-4.4958156299212595
11
2.7905511811023622
21
-4.5
0
LINE
8
BLACK
6
CONTINUOUS
10
2.7905511811023622
20
-4.5
11
2.7905511811023622
21
-4.5393700787401574
0
LINE
8
BLACK
6
CONTINUOUS
10
2.7905511811023622
20
-4.5393700787401574
11
2.7901012992125982
21
-4.5435544488188979
0
LINE
8
BLACK
6
CONTINUOUS
10
2.7901012992125982
20
-4.5435544488188979
11
2.7881432677165354
21
-4.5488040944881885
0
LINE
8
BLACK
6
CONTINUOUS
10
2.7881432677165354
20
-4.5488040944881885
11
2.7847855511811024
21
-4.5532894881889758
0
LINE
8
BLACK
6
CONTINUOUS
10
2.7847855511811024
20
-4.5532894881889758
11
2.780300157480315
21
-4.5566472047244098
0
LINE
8
BLACK
6
CONTINUOUS
10
2.780300157480315
20
-4.5566472047244098
11
2.7750505118110236
21
-4.5586052362204725
0
LINE
8
BLACK
6
CONTINUOUS
10
2.7750505118110236
20
-4.5586052362204725
11
2.7708661417322835
21
-4.5590551181102361
0
LINE
8
BLACK
6
CONTINUOUS
10
2.7708661417322835
20
-4.5590551181102361
11
2.7314960629921261
21
-4.5590551181102361
0
LINE
8
BLACK
6
CONTINUOUS
10
2.7314960629921261
20
-4.5590551181102361
11
2.7273116929133856
21
-4.5586052362204725
0
LINE
8
BLACK
6
CONTINUOUS
10
2.7273116929133856
20
-4.5586052362204725
11
2.7220620472440946
21
-4.5566472047244098
0
LINE
8
BLACK
6
CONTINUOUS
10
2.7220620472440946
20
-4.5566472047244098
11
2.7175766535433072
21
-4.5532894881889758
0
LINE
8
BLACK
6
CONTINUOUS
10
2.7175766535433072
20
-4.5532894881889758
11
2.7142189370078738
21
-4.5488040944881885
0
LINE
8
BLACK
6
CONTINUOUS
10
2.7142189370078738
20
-4.5488040944881885
11
2.712260905511811
21
-4.5435544488188979
0
LINE
8
BLACK
6
CONTINUOUS
10
2.712260905511811
20
-4.5435544488188979
11
2.7118110236220474
21
-4.5393700787401574
0
LINE
8
BLACK
6
CONTINUOUS
10
2.7118110236220474
20
-4.5393700787401574
11
2.7118110236220474
21
-4.5
0
LINE
8
BLACK
6
CONTINUOUS
10
2.7118110236220474
20
-4.5
11
2.712260905511811
21
-4.4958156299212595
0
LINE
8
BLACK
6
CONTINUOUS
10
2.712260905511811
20
-4.4958156299212595
11
2.7142189370078738
21
-4.4905659842519681
0
LINE
8
BLACK
6
CONTINUOUS
10
2.7142189370078738
20
-4.4905659842519681
11
2.7175766535433072
21
-4.4860805905511807
0
LINE
8
BLACK
6
CONTINUOUS
10
2.7175766535433072
20
-4.4860805905511807
11
2.7220620472440946
21
-4.4827228740157476
0
LINE
8
BLACK
6
CONTINUOUS
10
2.7220620472440946
20
-4.4827228740157476
11
2.7273116929133856
21
-4.4807648425196849
0
LINE
8
BLACK
6
CONTINUOUS
10
2.7273116929133856
20
-4.4807648425196849
11
2.7314960629921261
21
-4.4803149606299213
0
LINE
8
BLACK
6
CONTINUOUS
10
2.7314960629921261
20
-4.4803149606299213
11
2.7708661417322835
21
-4.4803149606299213
0
LINE
8
BLACK
6
CONTINUOUS
10
2.7708661417322835
20
-4.4803149606299213
11
2.7750505118110236
21
-4.4807648425196849
0
LINE
8
BLACK
6
CONTINUOUS
10
3.775531496062992
20
-4.535314960629921
11
3.7205314960629918
21
-4.535314960629921
0
LINE
8
BLACK
6
CONTINUOUS
10
3.7205314960629918
20
-4.535314960629921
11
3.7205314960629918
21
-4.5003149606299209
0
LINE
8
BLACK
6
CONTINUOUS
10
3.7205314960629918
20
-4.5003149606299209
11
3.775531496062992
21
-4.5003149606299209
0
LINE
8
BLACK
6
CONTINUOUS
10
3.775531496062992
20
-4.5003149606299209
11
3.775531496062992
21
-4.535314960629921
0
LINE
8
BLACK
6
CONTINUOUS
10
3.775531496062992
20
-4.4603149606299208
11
3.7205314960629918
21
-4.4603149606299208
0
LINE
8
BLACK
6
CONTINUOUS
10
3.7205314960629918
20
-4.4603149606299208
11
3.7205314960629918
21
-4.4253149606299216
0
LINE
8
BLACK
6
CONTINUOUS
10
3.7205314960629918
20
-4.4253149606299216
11
3.775531496062992
21
-4.4253149606299216
0
LINE
8
BLACK
6
CONTINUOUS
10
3.775531496062992
20
-4.4253149606299216
11
3.775531496062992
21
-4.4603149606299208
0
LINE
8
BLACK
6
CONTINUOUS
10
3.5626096456692911
20
-4.3820102362204727
11
3.5697400393700787
21
-4.3849637401574801
0
LINE
8
BLACK
6
CONTINUOUS
10
3.5697400393700787
20
-4.3849637401574801
11
3.5761572047244092
21
-4.3892515748031498
0
LINE
8
BLACK
6
CONTINUOUS
10
3.5761572047244092
20
-4.3892515748031498
11
3.5816145669291339
21
-4.3947089370078736
0
LINE
8
BLACK
6
CONTINUOUS
10
3.5816145669291339
20
-4.3947089370078736
11
3.5859024015748031
21
-4.4011261023622046
0
LINE
8
BLACK
6
CONTINUOUS
10
3.5859024015748031
20
-4.4011261023622046
11
3.588855905511811
21
-4.4082564960629922
0
LINE
8
BLACK
6
CONTINUOUS
10
3.588855905511811
20
-4.4082564960629922
11
3.5903616141732284
21
-4.415826102362205
0
LINE
8
BLACK
6
CONTINUOUS
10
3.5903616141732284
20
-4.415826102362205
11
3.5903616141732284
21
-4.4235439763779523
0
LINE
8
BLACK
6
CONTINUOUS
10
3.5903616141732284
20
-4.4235439763779523
11
3.588855905511811
21
-4.431113582677165
0
LINE
8
BLACK
6
CONTINUOUS
10
3.588855905511811
20
-4.431113582677165
11
3.5859024015748031
21
-4.4382439763779526
0
LINE
8
BLACK
6
CONTINUOUS
10
3.5859024015748031
20
-4.4382439763779526
11
3.5816145669291339
21
-4.4446611417322837
0
LINE
8
BLACK
6
CONTINUOUS
10
3.5816145669291339
20
-4.4446611417322837
11
3.5761572047244092
21
-4.4501185039370075
0
LINE
8
BLACK
6
CONTINUOUS
10
3.5761572047244092
20
-4.4501185039370075
11
3.5697400393700787
21
-4.4544063385826771
0
LINE
8
BLACK
6
CONTINUOUS
10
3.5697400393700787
20
-4.4544063385826771
11
3.5626096456692911
21
-4.4573598425196845
0
LINE
8
BLACK
6
CONTINUOUS
10
3.5626096456692911
20
-4.4573598425196845
11
3.5550400393700787
21
-4.4588655511811019
0
LINE
8
BLACK
6
CONTINUOUS
10
3.5550400393700787
20
-4.4588655511811019
11
3.5473221653543305
21
-4.4588655511811019
0
LINE
8
BLACK
6
CONTINUOUS
10
3.5473221653543305
20
-4.4588655511811019
11
3.5397525590551182
21
-4.4573598425196845
0
LINE
8
BLACK
6
CONTINUOUS
10
3.5397525590551182
20
-4.4573598425196845
11
3.5326221653543306
21
-4.4544063385826771
0
LINE
8
BLACK
6
CONTINUOUS
10
3.5326221653543306
20
-4.4544063385826771
11
3.526205
21
-4.4501185039370075
0
LINE
8
BLACK
6
CONTINUOUS
10
3.526205
20
-4.4501185039370075
11
3.5207476377952753
21
-4.4446611417322837
0
LINE
8
BLACK
6
CONTINUOUS
10
3.5207476377952753
20
-4.4446611417322837
11
3.5164598031496062
21
-4.4382439763779526
0
LINE
8
BLACK
6
CONTINUOUS
10
3.5164598031496062
20
-4.4382439763779526
11
3.5135062992125983
21
-4.431113582677165
0
LINE
8
BLACK
6
CONTINUOUS
10
3.5135062992125983
20
-4.431113582677165
11
3.5120005905511809
21
-4.4235439763779523
0
LINE
8
BLACK
6
CONTINUOUS
10
3.5120005905511809
20
-4.4235439763779523
11
3.5120005905511809
21
-4.415826102362205
0
LINE
8
BLACK
6
CONTINUOUS
10
3.5120005905511809
20
-4.415826102362205
11
3.5135062992125983
21
-4.4082564960629922
0
LINE
8
BLACK
6
CONTINUOUS
10
3.5135062992125983
20
-4.4082564960629922
11
3.5164598031496062
21
-4.4011261023622046
0
LINE
8
BLACK
6
CONTINUOUS
10
3.5164598031496062
20
-4.4011261023622046
11
3.5207476377952753
21
-4.3947089370078736
0
LINE
8
BLACK
6
CONTINUOUS
10
3.5207476377952753
20
-4.3947089370078736
11
3.526205
21
-4.3892515748031498
0
LINE
8
BLACK
6
CONTINUOUS
10
3.526205
20
-4.3892515748031498
11
3.5326221653543306
21
-4.3849637401574801
0
LINE
8
BLACK
6
CONTINUOUS
10
3.5326221653543306
20
-4.3849637401574801
11
3.5397525590551182
21
-4.3820102362204727
0
LINE
8
BLACK
6
CONTINUOUS
10
3.5397525590551182
20
-4.3820102362204727
11
3.5473221653543305
21
-4.3805045275590553
0
LINE
8
BLACK
6
CONTINUOUS
10
3.5473221653543305
20
-4.3805045275590553
11
3.5550400393700787
21
-4.3805045275590553
0
LINE
8
BLACK
6
CONTINUOUS
10
3.5550400393700787
20
-4.3805045275590553
11
3.5626096456692911
21
-4.3820102362204727
0
LINE
8
BLACK
6
CONTINUOUS
10
3.8979414960629919
20
-4.3756809055118113
11
3.9032892913385826
21
-4.3778960236220472
0
LINE
8
BLACK
6
CONTINUOUS
10
3.9032892913385826
20
-4.3778960236220472
11
3.9081021653543306
21
-4.3811118897637797
0
LINE
8
BLACK
6
CONTINUOUS
10
3.9081021653543306
20
-4.3811118897637797
11
3.9121951968503934
21
-4.3852049212598425
0
LINE
8
BLACK
6
CONTINUOUS
10
3.9121951968503934
20
-4.3852049212598425
11
3.9154110629921259
21
-4.3900177952755906
0
LINE
8
BLACK
6
CONTINUOUS
10
3.9154110629921259
20
-4.3900177952755906
11
3.9176261811023623
21
-4.3953655905511813
0
LINE
8
BLACK
6
CONTINUOUS
10
3.9176261811023623
20
-4.3953655905511813
11
3.9187554724409446
21
-4.4010427952755906
0
LINE
8
BLACK
6
CONTINUOUS
10
3.9187554724409446
20
-4.4010427952755906
11
3.9187554724409446
21
-4.4068312204724407
0
LINE
8
BLACK
6
CONTINUOUS
10
3.9187554724409446
20
-4.4068312204724407
11
3.9176261811023623
21
-4.41250842519685
0
LINE
8
BLACK
6
CONTINUOUS
10
3.9176261811023623
20
-4.41250842519685
11
3.9154110629921259
21
-4.4178562204724408
0
LINE
8
BLACK
6
CONTINUOUS
10
3.9154110629921259
20
-4.4178562204724408
11
3.9121951968503934
21
-4.4226690944881888
0
LINE
8
BLACK
6
CONTINUOUS
10
3.9121951968503934
20
-4.4226690944881888
11
3.9081021653543306
21
-4.4267621259842516
0
LINE
8
BLACK
6
CONTINUOUS
10
3.9081021653543306
20
-4.4267621259842516
11
3.9032892913385826
21
-4.4299779921259841
0
LINE
8
BLACK
6
CONTINUOUS
10
3.9032892913385826
20
-4.4299779921259841
11
3.8979414960629919
21
-4.43219311023622
0
LINE
8
BLACK
6
CONTINUOUS
10
3.8979414960629919
20
-4.43219311023622
11
3.8922642913385825
21
-4.4333224015748032
0
LINE
8
BLACK
6
CONTINUOUS
10
3.8922642913385825
20
-4.4333224015748032
11
3.886475866141732
21
-4.4333224015748032
0
LINE
8
BLACK
6
CONTINUOUS
10
3.886475866141732
20
-4.4333224015748032
11
3.8807986614173227
21
-4.43219311023622
0
LINE
8
BLACK
6
CONTINUOUS
10
3.8807986614173227
20
-4.43219311023622
11
3.8754508661417324
21
-4.4299779921259841
0
LINE
8
BLACK
6
CONTINUOUS
10
3.8754508661417324
20
-4.4299779921259841
11
3.8706379921259844
21
-4.4267621259842516
0
LINE
8
BLACK
6
CONTINUOUS
10
3.8706379921259844
20
-4.4267621259842516
11
3.8665449606299211
21
-4.4226690944881888
0
LINE
8
BLACK
6
CONTINUOUS
10
3.8665449606299211
20
-4.4226690944881888
11
3.8633290944881891
21
-4.4178562204724408
0
LINE
8
BLACK
6
CONTINUOUS
10
3.8633290944881891
20
-4.4178562204724408
11
3.8611139763779527
21
-4.41250842519685
0
LINE
8
BLACK
6
CONTINUOUS
10
3.8611139763779527
20
-4.41250842519685
11
3.85998468503937
21
-4.4068312204724407
0
LINE
8
BLACK
6
CONTINUOUS
10
3.85998468503937
20
-4.4068312204724407
11
3.85998468503937
21
-4.4010427952755906
0
LINE
8
BLACK
6
CONTINUOUS
10
3.85998468503937
20
-4.4010427952755906
11
3.8611139763779527
21
-4.3953655905511813
0
LINE
8
BLACK
6
CONTINUOUS
10
3.8611139763779527
20
-4.3953655905511813
11
3.8633290944881891
21
-4.3900177952755906
0
LINE
8
BLACK
6
CONTINUOUS
10
3.8633290944881891
20
-4.3900177952755906
11
3.8665449606299211
21
-4.3852049212598425
0
LINE
8
BLACK
6
CONTINUOUS
10
3.8665449606299211
20
-4.3852049212598425
11
3.8706379921259844
21
-4.3811118897637797
0
LINE
8
BLACK
6
CONTINUOUS
10
3.8706379921259844
20
-4.3811118897637797
11
3.8754508661417324
21
-4.3778960236220472
0
LINE
8
BLACK
6
CONTINUOUS
10
3.8754508661417324
20
-4.3778960236220472
11
3.8807986614173227
21
-4.3756809055118113
0
LINE
8
BLACK
6
CONTINUOUS
10
3.8807986614173227
20
-4.3756809055118113
11
3.886475866141732
21
-4.3745516141732281
0
LINE
8
BLACK
6
CONTINUOUS
10
3.886475866141732
20
-4.3745516141732281
11
3.8922642913385825
21
-4.3745516141732281
0
LINE
8
BLACK
6
CONTINUOUS
10
3.8922642913385825
20
-4.3745516141732281
11
3.8979414960629919
21
-4.3756809055118113
0
LINE
8
BLACK
6
CONTINUOUS
10
3.9880989763779526
20
-4.3756809055118113
11
3.9934467716535433
21
-4.3778960236220472
0
LINE
8
BLACK
6
CONTINUOUS
10
3.9934467716535433
20
-4.3778960236220472
11
3.9982596456692914
21
-4.3811118897637797
0
LINE
8
BLACK
6
CONTINUOUS
10
3.9982596456692914
20
-4.3811118897637797
11
4.0023526771653541
21
-4.3852049212598425
0
LINE
8
BLACK
6
CONTINUOUS
10
4.0023526771653541
20
-4.3852049212598425
11
4.0055685433070867
21
-4.3900177952755906
0
LINE
8
BLACK
6
CONTINUOUS
10
4.0055685433070867
20
-4.3900177952755906
11
4.0077836614173226
21
-4.3953655905511813
0
LINE
8
BLACK
6
CONTINUOUS
10
4.0077836614173226
20
-4.3953655905511813
11
4.0089129527559058
21
-4.4010427952755906
0
LINE
8
BLACK
6
CONTINUOUS
10
4.0089129527559058
20
-4.4010427952755906
11
4.0089129527559058
21
-4.4068312204724407
0
LINE
8
BLACK
6
CONTINUOUS
10
4.0089129527559058
20
-4.4068312204724407
11
4.0077836614173226
21
-4.41250842519685
0
LINE
8
BLACK
6
CONTINUOUS
10
4.0077836614173226
20
-4.41250842519685
11
4.0055685433070867
21
-4.4178562204724408
0
LINE
8
BLACK
6
CONTINUOUS
10
4.0055685433070867
20
-4.4178562204724408
11
4.0023526771653541
21
-4.4226690944881888
0
LINE
8
BLACK
6
CONTINUOUS
10
4.0023526771653541
20
-4.4226690944881888
11
3.9982596456692914
21
-4.4267621259842516
0
LINE
8
BLACK
6
CONTINUOUS
10
3.9982596456692914
20
-4.4267621259842516
11
3.9934467716535433
21
-4.4299779921259841
0
LINE
8
BLACK
6
CONTINUOUS
10
3.9934467716535433
20
-4.4299779921259841
11
3.9880989763779526
21
-4.43219311023622
0
LINE
8
BLACK
6
CONTINUOUS
10
3.9880989763779526
20
-4.43219311023622
11
3.9824217716535433
21
-4.4333224015748032
0
LINE
8
BLACK
6
CONTINUOUS
10
3.9824217716535433
20
-4.4333224015748032
11
3.9766333464566928
21
-4.4333224015748032
0
LINE
8
BLACK
6
CONTINUOUS
10
3.9766333464566928
20
-4.4333224015748032
11
3.9709561417322834
21
-4.43219311023622
0
LINE
8
BLACK
6
CONTINUOUS
10
3.9709561417322834
20
-4.43219311023622
11
3.9656083464566927
21
-4.4299779921259841
0
LINE
8
BLACK
6
CONTINUOUS
10
3.9656083464566927
20
-4.4299779921259841
11
3.9607954724409447
21
-4.4267621259842516
0
LINE
8
BLACK
6
CONTINUOUS
10
3.9607954724409447
20
-4.4267621259842516
11
3.9567024409448819
21
-4.4226690944881888
0
LINE
8
BLACK
6
CONTINUOUS
10
3.9567024409448819
20
-4.4226690944881888
11
3.9534865748031494
21
-4.4178562204724408
0
LINE
8
BLACK
6
CONTINUOUS
10
3.9534865748031494
20
-4.4178562204724408
11
3.9512714566929135
21
-4.41250842519685
0
LINE
8
BLACK
6
CONTINUOUS
10
3.9512714566929135
20
-4.41250842519685
11
3.9501421653543307
21
-4.4068312204724407
0
LINE
8
BLACK
6
CONTINUOUS
10
3.9501421653543307
20
-4.4068312204724407
11
3.9501421653543307
21
-4.4010427952755906
0
LINE
8
BLACK
6
CONTINUOUS
10
3.9501421653543307
20
-4.4010427952755906
11
3.9512714566929135
21
-4.3953655905511813
0
LINE
8
BLACK
6
CONTINUOUS
10
3.9512714566929135
20
-4.3953655905511813
11
3.9534865748031494
21
-4.3900177952755906
0
LINE
8
BLACK
6
CONTINUOUS
10
3.9534865748031494
20
-4.3900177952755906
11
3.9567024409448819
21
-4.3852049212598425
0
LINE
8
BLACK
6
CONTINUOUS
10
3.9567024409448819
20
-4.3852049212598425
11
3.9607954724409447
21
-4.3811118897637797
0
LINE
8
BLACK
6
CONTINUOUS
10
3.9607954724409447
20
-4.3811118897637797
11
3.9656083464566927
21
-4.3778960236220472
0
LINE
8
BLACK
6
CONTINUOUS
10
3.9656083464566927
20
-4.3778960236220472
11
3.9709561417322834
21
-4.3756809055118113
0
LINE
8
BLACK
6
CONTINUOUS
10
3.9709561417322834
20
-4.3756809055118113
11
3.9766333464566928
21
-4.3745516141732281
0
LINE
8
BLACK
6
CONTINUOUS
10
3.9766333464566928
20
-4.3745516141732281
11
3.9824217716535433
21
-4.3745516141732281
0
LINE
8
BLACK
6
CONTINUOUS
10
3.9824217716535433
20
-4.3745516141732281
11
3.9880989763779526
21
-4.3756809055118113
0
LINE
8
BLACK
6
CONTINUOUS
10
4.3479414960629921
20
-4.3756809055118113
11
4.3532892913385828
21
-4.3778960236220472
0
LINE
8
BLACK
6
CONTINUOUS
10
4.3532892913385828
20
-4.3778960236220472
11
4.3581021653543308
21
-4.3811118897637797
0
LINE
8
BLACK
6
CONTINUOUS
10
4.3581021653543308
20
-4.3811118897637797
11
4.3621951968503936
21
-4.3852049212598425
0
LINE
8
BLACK
6
CONTINUOUS
10
4.3621951968503936
20
-4.3852049212598425
11
4.3654110629921261
21
-4.3900177952755906
0
LINE
8
BLACK
6
CONTINUOUS
10
4.3654110629921261
20
-4.3900177952755906
11
4.367626181102362
21
-4.3953655905511813
0
LINE
8
BLACK
6
CONTINUOUS
10
4.367626181102362
20
-4.3953655905511813
11
4.3687554724409452
21
-4.4010427952755906
0
LINE
8
BLACK
6
CONTINUOUS
10
4.3687554724409452
20
-4.4010427952755906
11
4.3687554724409452
21
-4.4068312204724407
0
LINE
8
BLACK
6
CONTINUOUS
10
4.3687554724409452
20
-4.4068312204724407
11
4.367626181102362
21
-4.41250842519685
0
LINE
8
BLACK
6
CONTINUOUS
10
4.367626181102362
20
-4.41250842519685
11
4.3654110629921261
21
-4.4178562204724408
0
LINE
8
BLACK
6
CONTINUOUS
10
4.3654110629921261
20
-4.4178562204724408
11
4.3621951968503936
21
-4.4226690944881888
0
LINE
8
BLACK
6
CONTINUOUS
10
4.3621951968503936
20
-4.4226690944881888
11
4.3581021653543308
21
-4.4267621259842516
0
LINE
8
BLACK
6
CONTINUOUS
10
4.3581021653543308
20
-4.4267621259842516
11
4.3532892913385828
21
-4.4299779921259841
0
LINE
8
BLACK
6
CONTINUOUS
10
4.3532892913385828
20
-4.4299779921259841
11
4.3479414960629921
21
-4.43219311023622
0
LINE
8
BLACK
6
CONTINUOUS
10
4.3479414960629921
20
-4.43219311023622
11
4.3422642913385827
21
-4.4333224015748032
0
LINE
8
BLACK
6
CONTINUOUS
10
4.3422642913385827
20
-4.4333224015748032
11
4.3364758661417317
21
-4.4333224015748032
0
LINE
8
BLACK
6
CONTINUOUS
10
4.3364758661417317
20
-4.4333224015748032
11
4.3307986614173224
21
-4.43219311023622
0
LINE
8
BLACK
6
CONTINUOUS
10
4.3307986614173224
20
-4.43219311023622
11
4.3254508661417326
21
-4.4299779921259841
0
LINE
8
BLACK
6
CONTINUOUS
10
4.3254508661417326
20
-4.4299779921259841
11
4.3206379921259845
21
-4.4267621259842516
0
LINE
8
BLACK
6
CONTINUOUS
10
4.3206379921259845
20
-4.4267621259842516
11
4.3165449606299209
21
-4.4226690944881888
0
LINE
8
BLACK
6
CONTINUOUS
10
4.3165449606299209
20
-4.4226690944881888
11
4.3133290944881892
21
-4.4178562204724408
0
LINE
8
BLACK
6
CONTINUOUS
10
4.3133290944881892
20
-4.4178562204724408
11
4.3111139763779525
21
-4.41250842519685
0
LINE
8
BLACK
6
CONTINUOUS
10
4.3111139763779525
20
-4.41250842519685
11
4.3099846850393702
21
-4.4068312204724407
0
LINE
8
BLACK
6
CONTINUOUS
10
4.3099846850393702
20
-4.4068312204724407
11
4.3099846850393702
21
-4.4010427952755906
0
LINE
8
BLACK
6
CONTINUOUS
10
4.3099846850393702
20
-4.4010427952755906
11
4.3111139763779525
21
-4.3953655905511813
0
LINE
8
BLACK
6
CONTINUOUS
10
4.3111139763779525
20
-4.3953655905511813
11
4.3133290944881892
21
-4.3900177952755906
0
LINE
8
BLACK
6
CONTINUOUS
10
4.3133290944881892
20
-4.3900177952755906
11
4.3165449606299209
21
-4.3852049212598425
0
LINE
8
BLACK
6
CONTINUOUS
10
4.3165449606299209
20
-4.3852049212598425
11
4.3206379921259845
21
-4.3811118897637797
0
LINE
8
BLACK
6
CONTINUOUS
10
4.3206379921259845
20
-4.3811118897637797
11
4.3254508661417326
21
-4.3778960236220472
0
LINE
8
BLACK
6
CONTINUOUS
10
4.3254508661417326
20
-4.3778960236220472
11
4.3307986614173224
21
-4.3756809055118113
0
LINE
8
BLACK
6
CONTINUOUS
10
4.3307986614173224
20
-4.3756809055118113
11
4.3364758661417317
21
-4.3745516141732281
0
LINE
8
BLACK
6
CONTINUOUS
10
4.3364758661417317
20
-4.3745516141732281
11
4.3422642913385827
21
-4.3745516141732281
0
LINE
8
BLACK
6
CONTINUOUS
10
4.3422642913385827
20
-4.3745516141732281
11
4.3479414960629921
21
-4.3756809055118113
0
LINE
8
BLACK
6
CONTINUOUS
10
4.4380989763779528
20
-4.3756809055118113
11
4.4434467716535435
21
-4.3778960236220472
0
LINE
8
BLACK
6
CONTINUOUS
10
4.4434467716535435
20
-4.3778960236220472
11
4.4482596456692916
21
-4.3811118897637797
0
LINE
8
BLACK
6
CONTINUOUS
10
4.4482596456692916
20
-4.3811118897637797
11
4.4523526771653543
21
-4.3852049212598425
0
LINE
8
BLACK
6
CONTINUOUS
10
4.4523526771653543
20
-4.3852049212598425
11
4.4555685433070868
21
-4.3900177952755906
0
LINE
8
BLACK
6
CONTINUOUS
10
4.4555685433070868
20
-4.3900177952755906
11
4.4577836614173227
21
-4.3953655905511813
0
LINE
8
BLACK
6
CONTINUOUS
10
4.4577836614173227
20
-4.3953655905511813
11
4.458912952755905
21
-4.4010427952755906
0
LINE
8
BLACK
6
CONTINUOUS
10
4.458912952755905
20
-4.4010427952755906
11
4.458912952755905
21
-4.4068312204724407
0
LINE
8
BLACK
6
CONTINUOUS
10
4.458912952755905
20
-4.4068312204724407
11
4.4577836614173227
21
-4.41250842519685
0
LINE
8
BLACK
6
CONTINUOUS
10
4.4577836614173227
20
-4.41250842519685
11
4.4555685433070868
21
-4.4178562204724408
0
LINE
8
BLACK
6
CONTINUOUS
10
4.4555685433070868
20
-4.4178562204724408
11
4.4523526771653543
21
-4.4226690944881888
0
LINE
8
BLACK
6
CONTINUOUS
10
4.4523526771653543
20
-4.4226690944881888
11
4.4482596456692916
21
-4.4267621259842516
0
LINE
8
BLACK
6
CONTINUOUS
10
4.4482596456692916
20
-4.4267621259842516
11
4.4434467716535435
21
-4.4299779921259841
0
LINE
8
BLACK
6
CONTINUOUS
10
4.4434467716535435
20
-4.4299779921259841
11
4.4380989763779528
21
-4.43219311023622
0
LINE
8
BLACK
6
CONTINUOUS
10
4.4380989763779528
20
-4.43219311023622
11
4.4324217716535435
21
-4.4333224015748032
0
LINE
8
BLACK
6
CONTINUOUS
10
4.4324217716535435
20
-4.4333224015748032
11
4.4266333464566925
21
-4.4333224015748032
0
LINE
8
BLACK
6
CONTINUOUS
10
4.4266333464566925
20
-4.4333224015748032
11
4.4209561417322831
21
-4.43219311023622
0
LINE
8
BLACK
6
CONTINUOUS
10
4.4209561417322831
20
-4.43219311023622
11
4.4156083464566924
21
-4.4299779921259841
0
LINE
8
BLACK
6
CONTINUOUS
10
4.4156083464566924
20
-4.4299779921259841
11
4.4107954724409444
21
-4.4267621259842516
0
LINE
8
BLACK
6
CONTINUOUS
10
4.4107954724409444
20
-4.4267621259842516
11
4.4067024409448816
21
-4.4226690944881888
0
LINE
8
BLACK
6
CONTINUOUS
10
4.4067024409448816
20
-4.4226690944881888
11
4.4034865748031491
21
-4.4178562204724408
0
LINE
8
BLACK
6
CONTINUOUS
10
4.4034865748031491
20
-4.4178562204724408
11
4.4012714566929132
21
-4.41250842519685
0
LINE
8
BLACK
6
CONTINUOUS
10
4.4012714566929132
20
-4.41250842519685
11
4.4001421653543309
21
-4.4068312204724407
0
LINE
8
BLACK
6
CONTINUOUS
10
4.4001421653543309
20
-4.4068312204724407
11
4.4001421653543309
21
-4.4010427952755906
0
LINE
8
BLACK
6
CONTINUOUS
10
4.4001421653543309
20
-4.4010427952755906
11
4.4012714566929132
21
-4.3953655905511813
0
LINE
8
BLACK
6
CONTINUOUS
10
4.4012714566929132
20
-4.3953655905511813
11
4.4034865748031491
21
-4.3900177952755906
0
LINE
8
BLACK
6
CONTINUOUS
10
4.4034865748031491
20
-4.3900177952755906
11
4.4067024409448816
21
-4.3852049212598425
0
LINE
8
BLACK
6
CONTINUOUS
10
4.4067024409448816
20
-4.3852049212598425
11
4.4107954724409444
21
-4.3811118897637797
0
LINE
8
BLACK
6
CONTINUOUS
10
4.4107954724409444
20
-4.3811118897637797
11
4.4156083464566924
21
-4.3778960236220472
0
LINE
8
BLACK
6
CONTINUOUS
10
4.4156083464566924
20
-4.3778960236220472
11
4.4209561417322831
21
-4.3756809055118113
0
LINE
8
BLACK
6
CONTINUOUS
10
4.4209561417322831
20
-4.3756809055118113
11
4.4266333464566925
21
-4.3745516141732281
0
LINE
8
BLACK
6
CONTINUOUS
10
4.4266333464566925
20
-4.3745516141732281
11
4.4324217716535435
21
-4.3745516141732281
0
LINE
8
BLACK
6
CONTINUOUS
10
4.4324217716535435
20
-4.3745516141732281
11
4.4380989763779528
21
-4.3756809055118113
0
LINE
8
BLACK
6
CONTINUOUS
10
3.775531496062992
20
-4.4033267716535436
11
3.7205314960629918
21
-4.4033267716535436
0
LINE
8
BLACK
6
CONTINUOUS
10
3.7205314960629918
20
-4.4033267716535436
11
3.7205314960629918
21
-4.3683267716535434
0
LINE
8
BLACK
6
CONTINUOUS
10
3.7205314960629918
20
-4.3683267716535434
11
3.775531496062992
21
-4.3683267716535434
0
LINE
8
BLACK
6
CONTINUOUS
10
3.775531496062992
20
-4.3683267716535434
11
3.775531496062992
21
-4.4033267716535436
0
LINE
8
BLACK
6
CONTINUOUS
10
2.7626096456692912
20
-4.2820102755905509
11
2.7697400393700788
21
-4.2849637795275592
0
LINE
8
BLACK
6
CONTINUOUS
10
2.7697400393700788
20
-4.2849637795275592
11
2.7761572047244094
21
-4.289251614173228
0
LINE
8
BLACK
6
CONTINUOUS
10
2.7761572047244094
20
-4.289251614173228
11
2.7816145669291337
21
-4.2947089763779527
0
LINE
8
BLACK
6
CONTINUOUS
10
2.7816145669291337
20
-4.2947089763779527
11
2.7859024015748033
21
-4.3011261417322837
0
LINE
8
BLACK
6
CONTINUOUS
10
2.7859024015748033
20
-4.3011261417322837
11
2.7888559055118112
21
-4.3082565354330704
0
LINE
8
BLACK
6
CONTINUOUS
10
2.7888559055118112
20
-4.3082565354330704
11
2.7903616141732281
21
-4.3158261417322832
0
LINE
8
BLACK
6
CONTINUOUS
10
2.7903616141732281
20
-4.3158261417322832
11
2.7903616141732281
21
-4.3235440157480314
0
LINE
8
BLACK
6
CONTINUOUS
10
2.7903616141732281
20
-4.3235440157480314
11
2.7888559055118112
21
-4.3311136220472441
0
LINE
8
BLACK
6
CONTINUOUS
10
2.7888559055118112
20
-4.3311136220472441
11
2.7859024015748033
21
-4.3382440157480318
0
LINE
8
BLACK
6
CONTINUOUS
10
2.7859024015748033
20
-4.3382440157480318
11
2.7816145669291337
21
-4.3446611811023619
0
LINE
8
BLACK
6
CONTINUOUS
10
2.7816145669291337
20
-4.3446611811023619
11
2.7761572047244094
21
-4.3501185433070866
0
LINE
8
BLACK
6
CONTINUOUS
10
2.7761572047244094
20
-4.3501185433070866
11
2.7697400393700788
21
-4.3544063779527562
0
LINE
8
BLACK
6
CONTINUOUS
10
2.7697400393700788
20
-4.3544063779527562
11
2.7626096456692912
21
-4.3573598818897636
0
LINE
8
BLACK
6
CONTINUOUS
10
2.7626096456692912
20
-4.3573598818897636
11
2.7550400393700785
21
-4.3588655905511811
0
LINE
8
BLACK
6
CONTINUOUS
10
2.7550400393700785
20
-4.3588655905511811
11
2.7473221653543307
21
-4.3588655905511811
0
LINE
8
BLACK
6
CONTINUOUS
10
2.7473221653543307
20
-4.3588655905511811
11
2.7397525590551179
21
-4.3573598818897636
0
LINE
8
BLACK
6
CONTINUOUS
10
2.7397525590551179
20
-4.3573598818897636
11
2.7326221653543308
21
-4.3544063779527562
0
LINE
8
BLACK
6
CONTINUOUS
10
2.7326221653543308
20
-4.3544063779527562
11
2.7262049999999998
21
-4.3501185433070866
0
LINE
8
BLACK
6
CONTINUOUS
10
2.7262049999999998
20
-4.3501185433070866
11
2.7207476377952755
21
-4.3446611811023619
0
LINE
8
BLACK
6
CONTINUOUS
10
2.7207476377952755
20
-4.3446611811023619
11
2.7164598031496063
21
-4.3382440157480318
0
LINE
8
BLACK
6
CONTINUOUS
10
2.7164598031496063
20
-4.3382440157480318
11
2.7135062992125984
21
-4.3311136220472441
0
LINE
8
BLACK
6
CONTINUOUS
10
2.7135062992125984
20
-4.3311136220472441
11
2.712000590551181
21
-4.3235440157480314
0
LINE
8
BLACK
6
CONTINUOUS
10
2.712000590551181
20
-4.3235440157480314
11
2.712000590551181
21
-4.3158261417322832
0
LINE
8
BLACK
6
CONTINUOUS
10
2.712000590551181
20
-4.3158261417322832
11
2.7135062992125984
21
-4.3082565354330704
0
LINE
8
BLACK
6
CONTINUOUS
10
2.7135062992125984
20
-4.3082565354330704
11
2.7164598031496063
21
-4.3011261417322837
0
LINE
8
BLACK
6
CONTINUOUS
10
2.7164598031496063
20
-4.3011261417322837
11
2.7207476377952755
21
-4.2947089763779527
0
LINE
8
BLACK
6
CONTINUOUS
10
2.7207476377952755
20
-4.2947089763779527
11
2.7262049999999998
21
-4.289251614173228
0
LINE
8
BLACK
6
CONTINUOUS
10
2.7262049999999998
20
-4.289251614173228
11
2.7326221653543308
21
-4.2849637795275592
0
LINE
8
BLACK
6
CONTINUOUS
10
2.7326221653543308
20
-4.2849637795275592
11
2.7397525590551179
21
-4.2820102755905509
0
LINE
8
BLACK
6
CONTINUOUS
10
2.7397525590551179
20
-4.2820102755905509
11
2.7473221653543307
21
-4.2805045669291335
0
LINE
8
BLACK
6
CONTINUOUS
10
2.7473221653543307
20
-4.2805045669291335
11
2.7550400393700785
21
-4.2805045669291335
0
LINE
8
BLACK
6
CONTINUOUS
10
2.7550400393700785
20
-4.2805045669291335
11
2.7626096456692912
21
-4.2820102755905509
0
LINE
8
BLACK
6
CONTINUOUS
10
3.775531496062992
20
-4.3283267716535434
11
3.7205314960629918
21
-4.3283267716535434
0
LINE
8
BLACK
6
CONTINUOUS
10
3.7205314960629918
20
-4.3283267716535434
11
3.7205314960629918
21
-4.2933267716535433
0
LINE
8
BLACK
6
CONTINUOUS
10
3.7205314960629918
20
-4.2933267716535433
11
3.775531496062992
21
-4.2933267716535433
0
LINE
8
BLACK
6
CONTINUOUS
10
3.775531496062992
20
-4.2933267716535433
11
3.775531496062992
21
-4.3283267716535434
0
LINE
8
BLACK
6
CONTINUOUS
10
4.4412363385826774
20
-4.1485794488188974
11
4.4431522047244094
21
-4.1498596062992128
0
LINE
8
BLACK
6
CONTINUOUS
10
4.4431522047244094
20
-4.1498596062992128
11
4.4444323622047239
21
-4.1517754724409448
0
LINE
8
BLACK
6
CONTINUOUS
10
4.4444323622047239
20
-4.1517754724409448
11
4.4448818897637796
21
-4.1540354330708658
0
LINE
8
BLACK
6
CONTINUOUS
10
4.4448818897637796
20
-4.1540354330708658
11
4.4448818897637796
21
-4.2002952755905509
0
LINE
8
BLACK
6
CONTINUOUS
10
4.4448818897637796
20
-4.2002952755905509
11
4.4444323622047239
21
-4.2025552362204728
0
LINE
8
BLACK
6
CONTINUOUS
10
4.4444323622047239
20
-4.2025552362204728
11
4.4431522047244094
21
-4.2044711023622048
0
LINE
8
BLACK
6
CONTINUOUS
10
4.4431522047244094
20
-4.2044711023622048
11
4.4412363385826774
21
-4.2057512598425193
0
LINE
8
BLACK
6
CONTINUOUS
10
4.4412363385826774
20
-4.2057512598425193
11
4.4389763779527556
21
-4.206200787401575
0
LINE
8
BLACK
6
CONTINUOUS
10
4.4389763779527556
20
-4.206200787401575
11
4.4271653543307083
21
-4.206200787401575
0
LINE
8
BLACK
6
CONTINUOUS
10
4.4271653543307083
20
-4.206200787401575
11
4.4249053937007874
21
-4.2057512598425193
0
LINE
8
BLACK
6
CONTINUOUS
10
4.4249053937007874
20
-4.2057512598425193
11
4.4229895275590554
21
-4.2044711023622048
0
LINE
8
BLACK
6
CONTINUOUS
10
4.4229895275590554
20
-4.2044711023622048
11
4.42170937007874
21
-4.2025552362204728
0
LINE
8
BLACK
6
CONTINUOUS
10
4.42170937007874
20
-4.2025552362204728
11
4.4212598425196852
21
-4.2002952755905509
0
LINE
8
BLACK
6
CONTINUOUS
10
4.4212598425196852
20
-4.2002952755905509
11
4.4212598425196852
21
-4.1540354330708658
0
LINE
8
BLACK
6
CONTINUOUS
10
4.4212598425196852
20
-4.1540354330708658
11
4.42170937007874
21
-4.1517754724409448
0
LINE
8
BLACK
6
CONTINUOUS
10
4.42170937007874
20
-4.1517754724409448
11
4.4229895275590554
21
-4.1498596062992128
0
LINE
8
BLACK
6
CONTINUOUS
10
4.4229895275590554
20
-4.1498596062992128
11
4.4249053937007874
21
-4.1485794488188974
0
LINE
8
BLACK
6
CONTINUOUS
10
4.4249053937007874
20
-4.1485794488188974
11
4.4271653543307083
21
-4.1481299212598426
0
LINE
8
BLACK
6
CONTINUOUS
10
4.4271653543307083
20
-4.1481299212598426
11
4.4389763779527556
21
-4.1481299212598426
0
LINE
8
BLACK
6
CONTINUOUS
10
4.4389763779527556
20
-4.1481299212598426
11
4.4412363385826774
21
-4.1485794488188974
0
LINE
8
BLACK
6
CONTINUOUS
10
4.5160394881889765
20
-4.1485794488188974
11
4.5179553543307085
21
-4.1498596062992128
0
LINE
8
BLACK
6
CONTINUOUS
10
4.5179553543307085
20
-4.1498596062992128
11
4.5192355118110239
21
-4.1517754724409448
0
LINE
8
BLACK
6
CONTINUOUS
10
4.5192355118110239
20
-4.1517754724409448
11
4.5196850393700787
21
-4.1540354330708658
0
LINE
8
BLACK
6
CONTINUOUS
10
4.5196850393700787
20
-4.1540354330708658
11
4.5196850393700787
21
-4.2002952755905509
0
LINE
8
BLACK
6
CONTINUOUS
10
4.5196850393700787
20
-4.2002952755905509
11
4.5192355118110239
21
-4.2025552362204728
0
LINE
8
BLACK
6
CONTINUOUS
10
4.5192355118110239
20
-4.2025552362204728
11
4.5179553543307085
21
-4.2044711023622048
0
LINE
8
BLACK
6
CONTINUOUS
10
4.5179553543307085
20
-4.2044711023622048
11
4.5160394881889765
21
-4.2057512598425193
0
LINE
8
BLACK
6
CONTINUOUS
10
4.5160394881889765
20
-4.2057512598425193
11
4.5137795275590546
21
-4.206200787401575
0
LINE
8
BLACK
6
CONTINUOUS
10
4.5137795275590546
20
-4.206200787401575
11
4.5019685039370074
21
-4.206200787401575
0
LINE
8
BLACK
6
CONTINUOUS
10
4.5019685039370074
20
-4.206200787401575
11
4.4997085433070865
21
-4.2057512598425193
0
LINE
8
BLACK
6
CONTINUOUS
10
4.4997085433070865
20
-4.2057512598425193
11
4.4977926771653545
21
-4.2044711023622048
0
LINE
8
BLACK
6
CONTINUOUS
10
4.4977926771653545
20
-4.2044711023622048
11
4.4965125196850391
21
-4.2025552362204728
0
LINE
8
BLACK
6
CONTINUOUS
10
4.4965125196850391
20
-4.2025552362204728
11
4.4960629921259843
21
-4.2002952755905509
0
LINE
8
BLACK
6
CONTINUOUS
10
4.4960629921259843
20
-4.2002952755905509
11
4.4960629921259843
21
-4.1540354330708658
0
LINE
8
BLACK
6
CONTINUOUS
10
4.4960629921259843
20
-4.1540354330708658
11
4.4965125196850391
21
-4.1517754724409448
0
LINE
8
BLACK
6
CONTINUOUS
10
4.4965125196850391
20
-4.1517754724409448
11
4.4977926771653545
21
-4.1498596062992128
0
LINE
8
BLACK
6
CONTINUOUS
10
4.4977926771653545
20
-4.1498596062992128
11
4.4997085433070865
21
-4.1485794488188974
0
LINE
8
BLACK
6
CONTINUOUS
10
4.4997085433070865
20
-4.1485794488188974
11
4.5019685039370074
21
-4.1481299212598426
0
LINE
8
BLACK
6
CONTINUOUS
10
4.5019685039370074
20
-4.1481299212598426
11
4.5137795275590546
21
-4.1481299212598426
0
LINE
8
BLACK
6
CONTINUOUS
10
4.5137795275590546
20
-4.1481299212598426
11
4.5160394881889765
21
-4.1485794488188974
0
LINE
8
BLACK
6
CONTINUOUS
10
3.9687953937007872
20
-4.1446424409448817
11
3.9707112598425196
21
-4.1459225984251971
0
LINE
8
BLACK
6
CONTINUOUS
10
3.9707112598425196
20
-4.1459225984251971
11
3.9719914173228346
21
-4.1478384645669291
0
LINE
8
BLACK
6
CONTINUOUS
10
3.9719914173228346
20
-4.1478384645669291
11
3.9724409448818898
21
-4.15009842519685
0
LINE
8
BLACK
6
CONTINUOUS
10
3.9724409448818898
20
-4.15009842519685
11
3.9724409448818898
21
-4.1963582677165352
0
LINE
8
BLACK
6
CONTINUOUS
10
3.9724409448818898
20
-4.1963582677165352
11
3.9719914173228346
21
-4.198618228346457
0
LINE
8
BLACK
6
CONTINUOUS
10
3.9719914173228346
20
-4.198618228346457
11
3.9707112598425196
21
-4.200534094488189
0
LINE
8
BLACK
6
CONTINUOUS
10
3.9707112598425196
20
-4.200534094488189
11
3.9687953937007872
21
-4.2018142519685036
0
LINE
8
BLACK
6
CONTINUOUS
10
3.9687953937007872
20
-4.2018142519685036
11
3.9665354330708662
21
-4.2022637795275593
0
LINE
8
BLACK
6
CONTINUOUS
10
3.9665354330708662
20
-4.2022637795275593
11
3.954724409448819
21
-4.2022637795275593
0
LINE
8
BLACK
6
CONTINUOUS
10
3.954724409448819
20
-4.2022637795275593
11
3.9524644488188976
21
-4.2018142519685036
0
LINE
8
BLACK
6
CONTINUOUS
10
3.9524644488188976
20
-4.2018142519685036
11
3.9505485826771651
21
-4.200534094488189
0
LINE
8
BLACK
6
CONTINUOUS
10
3.9505485826771651
20
-4.200534094488189
11
3.9492684251968502
21
-4.198618228346457
0
LINE
8
BLACK
6
CONTINUOUS
10
3.9492684251968502
20
-4.198618228346457
11
3.9488188976377954
21
-4.1963582677165352
0
LINE
8
BLACK
6
CONTINUOUS
10
3.9488188976377954
20
-4.1963582677165352
11
3.9488188976377954
21
-4.15009842519685
0
LINE
8
BLACK
6
CONTINUOUS
10
3.9488188976377954
20
-4.15009842519685
11
3.9492684251968502
21
-4.1478384645669291
0
LINE
8
BLACK
6
CONTINUOUS
10
3.9492684251968502
20
-4.1478384645669291
11
3.9505485826771651
21
-4.1459225984251971
0
LINE
8
BLACK
6
CONTINUOUS
10
3.9505485826771651
20
-4.1459225984251971
11
3.9524644488188976
21
-4.1446424409448817
0
LINE
8
BLACK
6
CONTINUOUS
10
3.9524644488188976
20
-4.1446424409448817
11
3.954724409448819
21
-4.1441929133858268
0
LINE
8
BLACK
6
CONTINUOUS
10
3.954724409448819
20
-4.1441929133858268
11
3.9665354330708662
21
-4.1441929133858268
0
LINE
8
BLACK
6
CONTINUOUS
10
3.9665354330708662
20
-4.1441929133858268
11
3.9687953937007872
21
-4.1446424409448817
0
LINE
8
BLACK
6
CONTINUOUS
10
4.0435985433070867
20
-4.1446424409448817
11
4.0455144094488187
21
-4.1459225984251971
0
LINE
8
BLACK
6
CONTINUOUS
10
4.0455144094488187
20
-4.1459225984251971
11
4.0467945669291341
21
-4.1478384645669291
0
LINE
8
BLACK
6
CONTINUOUS
10
4.0467945669291341
20
-4.1478384645669291
11
4.0472440944881889
21
-4.15009842519685
0
LINE
8
BLACK
6
CONTINUOUS
10
4.0472440944881889
20
-4.15009842519685
11
4.0472440944881889
21
-4.1963582677165352
0
LINE
8
BLACK
6
CONTINUOUS
10
4.0472440944881889
20
-4.1963582677165352
11
4.0467945669291341
21
-4.198618228346457
0
LINE
8
BLACK
6
CONTINUOUS
10
4.0467945669291341
20
-4.198618228346457
11
4.0455144094488187
21
-4.200534094488189
0
LINE
8
BLACK
6
CONTINUOUS
10
4.0455144094488187
20
-4.200534094488189
11
4.0435985433070867
21
-4.2018142519685036
0
LINE
8
BLACK
6
CONTINUOUS
10
4.0435985433070867
20
-4.2018142519685036
11
4.0413385826771648
21
-4.2022637795275593
0
LINE
8
BLACK
6
CONTINUOUS
10
4.0413385826771648
20
-4.2022637795275593
11
4.0295275590551176
21
-4.2022637795275593
0
LINE
8
BLACK
6
CONTINUOUS
10
4.0295275590551176
20
-4.2022637795275593
11
4.0272675984251967
21
-4.2018142519685036
0
LINE
8
BLACK
6
CONTINUOUS
10
4.0272675984251967
20
-4.2018142519685036
11
4.0253517322834647
21
-4.200534094488189
0
LINE
8
BLACK
6
CONTINUOUS
10
4.0253517322834647
20
-4.200534094488189
11
4.0240715748031493
21
-4.198618228346457
0
LINE
8
BLACK
6
CONTINUOUS
10
4.0240715748031493
20
-4.198618228346457
11
4.0236220472440944
21
-4.1963582677165352
0
LINE
8
BLACK
6
CONTINUOUS
10
4.0236220472440944
20
-4.1963582677165352
11
4.0236220472440944
21
-4.15009842519685
0
LINE
8
BLACK
6
CONTINUOUS
10
4.0236220472440944
20
-4.15009842519685
11
4.0240715748031493
21
-4.1478384645669291
0
LINE
8
BLACK
6
CONTINUOUS
10
4.0240715748031493
20
-4.1478384645669291
11
4.0253517322834647
21
-4.1459225984251971
0
LINE
8
BLACK
6
CONTINUOUS
10
4.0253517322834647
20
-4.1459225984251971
11
4.0272675984251967
21
-4.1446424409448817
0
LINE
8
BLACK
6
CONTINUOUS
10
4.0272675984251967
20
-4.1446424409448817
11
4.0295275590551176
21
-4.1441929133858268
0
LINE
8
BLACK
6
CONTINUOUS
10
4.0295275590551176
20
-4.1441929133858268
11
4.0413385826771648
21
-4.1441929133858268
0
LINE
8
BLACK
6
CONTINUOUS
10
4.0413385826771648
20
-4.1441929133858268
11
4.0435985433070867
21
-4.1446424409448817
0
LINE
8
BLACK
6
CONTINUOUS
10
4.1223387007874015
20
-4.1407054330708659
11
4.1242545669291335
21
-4.1419855905511813
0
LINE
8
BLACK
6
CONTINUOUS
10
4.1242545669291335
20
-4.1419855905511813
11
4.1255347244094489
21
-4.1439014566929133
0
LINE
8
BLACK
6
CONTINUOUS
10
4.1255347244094489
20
-4.1439014566929133
11
4.1259842519685037
21
-4.1461614173228343
0
LINE
8
BLACK
6
CONTINUOUS
10
4.1259842519685037
20
-4.1461614173228343
11
4.1259842519685037
21
-4.1924212598425195
0
LINE
8
BLACK
6
CONTINUOUS
10
4.1259842519685037
20
-4.1924212598425195
11
4.1255347244094489
21
-4.1946812204724404
0
LINE
8
BLACK
6
CONTINUOUS
10
4.1255347244094489
20
-4.1946812204724404
11
4.1242545669291335
21
-4.1965970866141733
0
LINE
8
BLACK
6
CONTINUOUS
10
4.1242545669291335
20
-4.1965970866141733
11
4.1223387007874015
21
-4.1978772440944878
0
LINE
8
BLACK
6
CONTINUOUS
10
4.1223387007874015
20
-4.1978772440944878
11
4.1200787401574805
21
-4.1983267716535435
0
LINE
8
BLACK
6
CONTINUOUS
10
4.1200787401574805
20
-4.1983267716535435
11
4.1082677165354333
21
-4.1983267716535435
0
LINE
8
BLACK
6
CONTINUOUS
10
4.1082677165354333
20
-4.1983267716535435
11
4.1060077559055115
21
-4.1978772440944878
0
LINE
8
BLACK
6
CONTINUOUS
10
4.1060077559055115
20
-4.1978772440944878
11
4.1040918897637795
21
-4.1965970866141733
0
LINE
8
BLACK
6
CONTINUOUS
10
4.1040918897637795
20
-4.1965970866141733
11
4.1028117322834641
21
-4.1946812204724404
0
LINE
8
BLACK
6
CONTINUOUS
10
4.1028117322834641
20
-4.1946812204724404
11
4.1023622047244093
21
-4.1924212598425195
0
LINE
8
BLACK
6
CONTINUOUS
10
4.1023622047244093
20
-4.1924212598425195
11
4.1023622047244093
21
-4.1461614173228343
0
LINE
8
BLACK
6
CONTINUOUS
10
4.1023622047244093
20
-4.1461614173228343
11
4.1028117322834641
21
-4.1439014566929133
0
LINE
8
BLACK
6
CONTINUOUS
10
4.1028117322834641
20
-4.1439014566929133
11
4.1040918897637795
21
-4.1419855905511813
0
LINE
8
BLACK
6
CONTINUOUS
10
4.1040918897637795
20
-4.1419855905511813
11
4.1060077559055115
21
-4.1407054330708659
0
LINE
8
BLACK
6
CONTINUOUS
10
4.1060077559055115
20
-4.1407054330708659
11
4.1082677165354333
21
-4.1402559055118111
0
LINE
8
BLACK
6
CONTINUOUS
10
4.1082677165354333
20
-4.1402559055118111
11
4.1200787401574805
21
-4.1402559055118111
0
LINE
8
BLACK
6
CONTINUOUS
10
4.1200787401574805
20
-4.1402559055118111
11
4.1223387007874015
21
-4.1407054330708659
0
LINE
8
BLACK
6
CONTINUOUS
10
4.1971418503937006
20
-4.1407054330708659
11
4.1990577165354326
21
-4.1419855905511813
0
LINE
8
BLACK
6
CONTINUOUS
10
4.1990577165354326
20
-4.1419855905511813
11
4.200337874015748
21
-4.1439014566929133
0
LINE
8
BLACK
6
CONTINUOUS
10
4.200337874015748
20
-4.1439014566929133
11
4.2007874015748028
21
-4.1461614173228343
0
LINE
8
BLACK
6
CONTINUOUS
10
4.2007874015748028
20
-4.1461614173228343
11
4.2007874015748028
21
-4.1924212598425195
0
LINE
8
BLACK
6
CONTINUOUS
10
4.2007874015748028
20
-4.1924212598425195
11
4.200337874015748
21
-4.1946812204724404
0
LINE
8
BLACK
6
CONTINUOUS
10
4.200337874015748
20
-4.1946812204724404
11
4.1990577165354326
21
-4.1965970866141733
0
LINE
8
BLACK
6
CONTINUOUS
10
4.1990577165354326
20
-4.1965970866141733
11
4.1971418503937006
21
-4.1978772440944878
0
LINE
8
BLACK
6
CONTINUOUS
10
4.1971418503937006
20
-4.1978772440944878
11
4.1948818897637796
21
-4.1983267716535435
0
LINE
8
BLACK
6
CONTINUOUS
10
4.1948818897637796
20
-4.1983267716535435
11
4.1830708661417324
21
-4.1983267716535435
0
LINE
8
BLACK
6
CONTINUOUS
10
4.1830708661417324
20
-4.1983267716535435
11
4.1808109055118106
21
-4.1978772440944878
0
LINE
8
BLACK
6
CONTINUOUS
10
4.1808109055118106
20
-4.1978772440944878
11
4.1788950393700786
21
-4.1965970866141733
0
LINE
8
BLACK
6
CONTINUOUS
10
4.1788950393700786
20
-4.1965970866141733
11
4.177614881889764
21
-4.1946812204724404
0
LINE
8
BLACK
6
CONTINUOUS
10
4.177614881889764
20
-4.1946812204724404
11
4.1771653543307083
21
-4.1924212598425195
0
LINE
8
BLACK
6
CONTINUOUS
10
4.1771653543307083
20
-4.1924212598425195
11
4.1771653543307083
21
-4.1461614173228343
0
LINE
8
BLACK
6
CONTINUOUS
10
4.1771653543307083
20
-4.1461614173228343
11
4.177614881889764
21
-4.1439014566929133
0
LINE
8
BLACK
6
CONTINUOUS
10
4.177614881889764
20
-4.1439014566929133
11
4.1788950393700786
21
-4.1419855905511813
0
LINE
8
BLACK
6
CONTINUOUS
10
4.1788950393700786
20
-4.1419855905511813
11
4.1808109055118106
21
-4.1407054330708659
0
LINE
8
BLACK
6
CONTINUOUS
10
4.1808109055118106
20
-4.1407054330708659
11
4.1830708661417324
21
-4.1402559055118111
0
LINE
8
BLACK
6
CONTINUOUS
10
4.1830708661417324
20
-4.1402559055118111
11
4.1948818897637796
21
-4.1402559055118111
0
LINE
8
BLACK
6
CONTINUOUS
10
4.1948818897637796
20
-4.1402559055118111
11
4.1971418503937006
21
-4.1407054330708659
0
LINE
8
BLACK
6
CONTINUOUS
10
4.4786379133858265
20
-4.0747605118110233
11
4.4805537795275585
21
-4.0760406692913387
0
LINE
8
BLACK
6
CONTINUOUS
10
4.4805537795275585
20
-4.0760406692913387
11
4.4818339370078739
21
-4.0779565354330707
0
LINE
8
BLACK
6
CONTINUOUS
10
4.4818339370078739
20
-4.0779565354330707
11
4.4822834645669287
21
-4.0802164960629916
0
LINE
8
BLACK
6
CONTINUOUS
10
4.4822834645669287
20
-4.0802164960629916
11
4.4822834645669287
21
-4.1264763385826768
0
LINE
8
BLACK
6
CONTINUOUS
10
4.4822834645669287
20
-4.1264763385826768
11
4.4818339370078739
21
-4.1287362992125987
0
LINE
8
BLACK
6
CONTINUOUS
10
4.4818339370078739
20
-4.1287362992125987
11
4.4805537795275585
21
-4.1306521653543307
0
LINE
8
BLACK
6
CONTINUOUS
10
4.4805537795275585
20
-4.1306521653543307
11
4.4786379133858265
21
-4.1319323228346452
0
LINE
8
BLACK
6
CONTINUOUS
10
4.4786379133858265
20
-4.1319323228346452
11
4.4763779527559056
21
-4.1323818503937009
0
LINE
8
BLACK
6
CONTINUOUS
10
4.4763779527559056
20
-4.1323818503937009
11
4.4645669291338583
21
-4.1323818503937009
0
LINE
8
BLACK
6
CONTINUOUS
10
4.4645669291338583
20
-4.1323818503937009
11
4.4623069685039365
21
-4.1319323228346452
0
LINE
8
BLACK
6
CONTINUOUS
10
4.4623069685039365
20
-4.1319323228346452
11
4.4603911023622045
21
-4.1306521653543307
0
LINE
8
BLACK
6
CONTINUOUS
10
4.4603911023622045
20
-4.1306521653543307
11
4.45911094488189
21
-4.1287362992125987
0
LINE
8
BLACK
6
CONTINUOUS
10
4.45911094488189
20
-4.1287362992125987
11
4.4586614173228343
21
-4.1264763385826768
0
LINE
8
BLACK
6
CONTINUOUS
10
4.4586614173228343
20
-4.1264763385826768
11
4.4586614173228343
21
-4.0802164960629916
0
LINE
8
BLACK
6
CONTINUOUS
10
4.4586614173228343
20
-4.0802164960629916
11
4.45911094488189
21
-4.0779565354330707
0
LINE
8
BLACK
6
CONTINUOUS
10
4.45911094488189
20
-4.0779565354330707
11
4.4603911023622045
21
-4.0760406692913387
0
LINE
8
BLACK
6
CONTINUOUS
10
4.4603911023622045
20
-4.0760406692913387
11
4.4623069685039365
21
-4.0747605118110233
0
LINE
8
BLACK
6
CONTINUOUS
10
4.4623069685039365
20
-4.0747605118110233
11
4.4645669291338583
21
-4.0743109842519685
0
LINE
8
BLACK
6
CONTINUOUS
10
4.4645669291338583
20
-4.0743109842519685
11
4.4763779527559056
21
-4.0743109842519685
0
LINE
8
BLACK
6
CONTINUOUS
10
4.4763779527559056
20
-4.0743109842519685
11
4.4786379133858265
21
-4.0747605118110233
0
LINE
8
BLACK
6
CONTINUOUS
10
4.0061969685039367
20
-4.0708235039370075
11
4.0081128346456696
21
-4.0721036614173229
0
LINE
8
BLACK
6
CONTINUOUS
10
4.0081128346456696
20
-4.0721036614173229
11
4.0093929921259841
21
-4.0740195275590549
0
LINE
8
BLACK
6
CONTINUOUS
10
4.0093929921259841
20
-4.0740195275590549
11
4.0098425196850389
21
-4.0762794881889759
0
LINE
8
BLACK
6
CONTINUOUS
10
4.0098425196850389
20
-4.0762794881889759
11
4.0098425196850389
21
-4.1225393307086611
0
LINE
8
BLACK
6
CONTINUOUS
10
4.0098425196850389
20
-4.1225393307086611
11
4.0093929921259841
21
-4.1247992913385829
0
LINE
8
BLACK
6
CONTINUOUS
10
4.0093929921259841
20
-4.1247992913385829
11
4.0081128346456696
21
-4.1267151574803149
0
LINE
8
BLACK
6
CONTINUOUS
10
4.0081128346456696
20
-4.1267151574803149
11
4.0061969685039367
21
-4.1279953149606294
0
LINE
8
BLACK
6
CONTINUOUS
10
4.0061969685039367
20
-4.1279953149606294
11
4.0039370078740157
21
-4.1284448425196851
0
LINE
8
BLACK
6
CONTINUOUS
10
4.0039370078740157
20
-4.1284448425196851
11
3.9921259842519685
21
-4.1284448425196851
0
LINE
8
BLACK
6
CONTINUOUS
10
3.9921259842519685
20
-4.1284448425196851
11
3.9898660236220471
21
-4.1279953149606294
0
LINE
8
BLACK
6
CONTINUOUS
10
3.9898660236220471
20
-4.1279953149606294
11
3.9879501574803147
21
-4.1267151574803149
0
LINE
8
BLACK
6
CONTINUOUS
10
3.9879501574803147
20
-4.1267151574803149
11
3.9866699999999997
21
-4.1247992913385829
0
LINE
8
BLACK
6
CONTINUOUS
10
3.9866699999999997
20
-4.1247992913385829
11
3.9862204724409449
21
-4.1225393307086611
0
LINE
8
BLACK
6
CONTINUOUS
10
3.9862204724409449
20
-4.1225393307086611
11
3.9862204724409449
21
-4.0762794881889759
0
LINE
8
BLACK
6
CONTINUOUS
10
3.9862204724409449
20
-4.0762794881889759
11
3.9866699999999997
21
-4.0740195275590549
0
LINE
8
BLACK
6
CONTINUOUS
10
3.9866699999999997
20
-4.0740195275590549
11
3.9879501574803147
21
-4.0721036614173229
0
LINE
8
BLACK
6
CONTINUOUS
10
3.9879501574803147
20
-4.0721036614173229
11
3.9898660236220471
21
-4.0708235039370075
0
LINE
8
BLACK
6
CONTINUOUS
10
3.9898660236220471
20
-4.0708235039370075
11
3.9921259842519685
21
-4.0703739763779527
0
LINE
8
BLACK
6
CONTINUOUS
10
3.9921259842519685
20
-4.0703739763779527
11
4.0039370078740157
21
-4.0703739763779527
0
LINE
8
BLACK
6
CONTINUOUS
10
4.0039370078740157
20
-4.0703739763779527
11
4.0061969685039367
21
-4.0708235039370075
0
LINE
8
BLACK
6
CONTINUOUS
10
4.1597402755905515
20
-4.0668864960629918
11
4.1616561417322835
21
-4.0681666535433072
0
LINE
8
BLACK
6
CONTINUOUS
10
4.1616561417322835
20
-4.0681666535433072
11
4.162936299212598
21
-4.0700825196850392
0
LINE
8
BLACK
6
CONTINUOUS
10
4.162936299212598
20
-4.0700825196850392
11
4.1633858267716537
21
-4.0723424803149602
0
LINE
8
BLACK
6
CONTINUOUS
10
4.1633858267716537
20
-4.0723424803149602
11
4.1633858267716537
21
-4.1186023228346453
0
LINE
8
BLACK
6
CONTINUOUS
10
4.1633858267716537
20
-4.1186023228346453
11
4.162936299212598
21
-4.1208622834645672
0
LINE
8
BLACK
6
CONTINUOUS
10
4.162936299212598
20
-4.1208622834645672
11
4.1616561417322835
21
-4.1227781496062992
0
LINE
8
BLACK
6
CONTINUOUS
10
4.1616561417322835
20
-4.1227781496062992
11
4.1597402755905515
21
-4.1240583070866137
0
LINE
8
BLACK
6
CONTINUOUS
10
4.1597402755905515
20
-4.1240583070866137
11
4.1574803149606296
21
-4.1245078346456694
0
LINE
8
BLACK
6
CONTINUOUS
10
4.1574803149606296
20
-4.1245078346456694
11
4.1456692913385824
21
-4.1245078346456694
0
LINE
8
BLACK
6
CONTINUOUS
10
4.1456692913385824
20
-4.1245078346456694
11
4.1434093307086615
21
-4.1240583070866137
0
LINE
8
BLACK
6
CONTINUOUS
10
4.1434093307086615
20
-4.1240583070866137
11
4.1414934645669295
21
-4.1227781496062992
0
LINE
8
BLACK
6
CONTINUOUS
10
4.1414934645669295
20
-4.1227781496062992
11
4.1402133070866141
21
-4.1208622834645672
0
LINE
8
BLACK
6
CONTINUOUS
10
4.1402133070866141
20
-4.1208622834645672
11
4.1397637795275593
21
-4.1186023228346453
0
LINE
8
BLACK
6
CONTINUOUS
10
4.1397637795275593
20
-4.1186023228346453
11
4.1397637795275593
21
-4.0723424803149602
0
LINE
8
BLACK
6
CONTINUOUS
10
4.1397637795275593
20
-4.0723424803149602
11
4.1402133070866141
21
-4.0700825196850392
0
LINE
8
BLACK
6
CONTINUOUS
10
4.1402133070866141
20
-4.0700825196850392
11
4.1414934645669295
21
-4.0681666535433072
0
LINE
8
BLACK
6
CONTINUOUS
10
4.1414934645669295
20
-4.0681666535433072
11
4.1434093307086615
21
-4.0668864960629918
0
LINE
8
BLACK
6
CONTINUOUS
10
4.1434093307086615
20
-4.0668864960629918
11
4.1456692913385824
21
-4.066436968503937
0
LINE
8
BLACK
6
CONTINUOUS
10
4.1456692913385824
20
-4.066436968503937
11
4.1574803149606296
21
-4.066436968503937
0
LINE
8
BLACK
6
CONTINUOUS
10
4.1574803149606296
20
-4.066436968503937
11
4.1597402755905515
21
-4.0668864960629918
0
LINE
8
BLACK
6
CONTINUOUS
10
2.4089488976377953
20
-4.0804921259842519
11
2.3739488976377952
21
-4.0804921259842519
0
LINE
8
BLACK
6
CONTINUOUS
10
2.3739488976377952
20
-4.0804921259842519
11
2.3739488976377952
21
-4.0254921259842522
0
LINE
8
BLACK
6
CONTINUOUS
10
2.3739488976377952
20
-4.0254921259842522
11
2.4089488976377953
21
-4.0254921259842522
0
LINE
8
BLACK
6
CONTINUOUS
10
2.4089488976377953
20
-4.0254921259842522
11
2.4089488976377953
21
-4.0804921259842519
0
LINE
8
BLACK
6
CONTINUOUS
10
2.483948897637795
20
-4.0804921259842519
11
2.4489488976377953
21
-4.0804921259842519
0
LINE
8
BLACK
6
CONTINUOUS
10
2.4489488976377953
20
-4.0804921259842519
11
2.4489488976377953
21
-4.0254921259842522
0
LINE
8
BLACK
6
CONTINUOUS
10
2.4489488976377953
20
-4.0254921259842522
11
2.483948897637795
21
-4.0254921259842522
0
LINE
8
BLACK
6
CONTINUOUS
10
2.483948897637795
20
-4.0254921259842522
11
2.483948897637795
21
-4.0804921259842519
0
LINE
8
BLACK
6
CONTINUOUS
10
2.7626096456692912
20
-3.9820102362204723
11
2.7697400393700788
21
-3.9849637401574802
0
LINE
8
BLACK
6
CONTINUOUS
10
2.7697400393700788
20
-3.9849637401574802
11
2.7761572047244094
21
-3.9892515748031494
0
LINE
8
BLACK
6
CONTINUOUS
10
2.7761572047244094
20
-3.9892515748031494
11
2.7816145669291337
21
-3.9947089370078741
0
LINE
8
BLACK
6
CONTINUOUS
10
2.7816145669291337
20
-3.9947089370078741
11
2.7859024015748033
21
-4.0011261023622042
0
LINE
8
BLACK
6
CONTINUOUS
10
2.7859024015748033
20
-4.0011261023622042
11
2.7888559055118112
21
-4.0082564960629918
0
LINE
8
BLACK
6
CONTINUOUS
10
2.7888559055118112
20
-4.0082564960629918
11
2.7903616141732281
21
-4.0158261023622046
0
LINE
8
BLACK
6
CONTINUOUS
10
2.7903616141732281
20
-4.0158261023622046
11
2.7903616141732281
21
-4.0235439763779528
0
LINE
8
BLACK
6
CONTINUOUS
10
2.7903616141732281
20
-4.0235439763779528
11
2.7888559055118112
21
-4.0311135826771656
0
LINE
8
BLACK
6
CONTINUOUS
10
2.7888559055118112
20
-4.0311135826771656
11
2.7859024015748033
21
-4.0382439763779523
0
LINE
8
BLACK
6
CONTINUOUS
10
2.7859024015748033
20
-4.0382439763779523
11
2.7816145669291337
21
-4.0446611417322833
0
LINE
8
BLACK
6
CONTINUOUS
10
2.7816145669291337
20
-4.0446611417322833
11
2.7761572047244094
21
-4.050118503937008
0
LINE
8
BLACK
6
CONTINUOUS
10
2.7761572047244094
20
-4.050118503937008
11
2.7697400393700788
21
-4.0544063385826767
0
LINE
8
BLACK
6
CONTINUOUS
10
2.7697400393700788
20
-4.0544063385826767
11
2.7626096456692912
21
-4.0573598425196851
0
LINE
8
BLACK
6
CONTINUOUS
10
2.7626096456692912
20
-4.0573598425196851
11
2.7550400393700785
21
-4.0588655511811025
0
LINE
8
BLACK
6
CONTINUOUS
10
2.7550400393700785
20
-4.0588655511811025
11
2.7473221653543307
21
-4.0588655511811025
0
LINE
8
BLACK
6
CONTINUOUS
10
2.7473221653543307
20
-4.0588655511811025
11
2.7397525590551179
21
-4.0573598425196851
0
LINE
8
BLACK
6
CONTINUOUS
10
2.7397525590551179
20
-4.0573598425196851
11
2.7326221653543308
21
-4.0544063385826767
0
LINE
8
BLACK
6
CONTINUOUS
10
2.7326221653543308
20
-4.0544063385826767
11
2.7262049999999998
21
-4.050118503937008
0
LINE
8
BLACK
6
CONTINUOUS
10
2.7262049999999998
20
-4.050118503937008
11
2.7207476377952755
21
-4.0446611417322833
0
LINE
8
BLACK
6
CONTINUOUS
10
2.7207476377952755
20
-4.0446611417322833
11
2.7164598031496063
21
-4.0382439763779523
0
LINE
8
BLACK
6
CONTINUOUS
10
2.7164598031496063
20
-4.0382439763779523
11
2.7135062992125984
21
-4.0311135826771656
0
LINE
8
BLACK
6
CONTINUOUS
10
2.7135062992125984
20
-4.0311135826771656
11
2.712000590551181
21
-4.0235439763779528
0
LINE
8
BLACK
6
CONTINUOUS
10
2.712000590551181
20
-4.0235439763779528
11
2.712000590551181
21
-4.0158261023622046
0
LINE
8
BLACK
6
CONTINUOUS
10
2.712000590551181
20
-4.0158261023622046
11
2.7135062992125984
21
-4.0082564960629918
0
LINE
8
BLACK
6
CONTINUOUS
10
2.7135062992125984
20
-4.0082564960629918
11
2.7164598031496063
21
-4.0011261023622042
0
LINE
8
BLACK
6
CONTINUOUS
10
2.7164598031496063
20
-4.0011261023622042
11
2.7207476377952755
21
-3.9947089370078741
0
LINE
8
BLACK
6
CONTINUOUS
10
2.7207476377952755
20
-3.9947089370078741
11
2.7262049999999998
21
-3.9892515748031494
0
LINE
8
BLACK
6
CONTINUOUS
10
2.7262049999999998
20
-3.9892515748031494
11
2.7326221653543308
21
-3.9849637401574802
0
LINE
8
BLACK
6
CONTINUOUS
10
2.7326221653543308
20
-3.9849637401574802
11
2.7397525590551179
21
-3.9820102362204723
0
LINE
8
BLACK
6
CONTINUOUS
10
2.7397525590551179
20
-3.9820102362204723
11
2.7473221653543307
21
-3.9805045275590549
0
LINE
8
BLACK
6
CONTINUOUS
10
2.7473221653543307
20
-3.9805045275590549
11
2.7550400393700785
21
-3.9805045275590549
0
LINE
8
BLACK
6
CONTINUOUS
10
2.7550400393700785
20
-3.9805045275590549
11
2.7626096456692912
21
-3.9820102362204723
0
LINE
8
BLACK
6
CONTINUOUS
10
3.5626096456692911
20
-3.9820102362204723
11
3.5697400393700787
21
-3.9849637401574802
0
LINE
8
BLACK
6
CONTINUOUS
10
3.5697400393700787
20
-3.9849637401574802
11
3.5761572047244092
21
-3.9892515748031494
0
LINE
8
BLACK
6
CONTINUOUS
10
3.5761572047244092
20
-3.9892515748031494
11
3.5816145669291339
21
-3.9947089370078741
0
LINE
8
BLACK
6
CONTINUOUS
10
3.5816145669291339
20
-3.9947089370078741
11
3.5859024015748031
21
-4.0011261023622042
0
LINE
8
BLACK
6
CONTINUOUS
10
3.5859024015748031
20
-4.0011261023622042
11
3.588855905511811
21
-4.0082564960629918
0
LINE
8
BLACK
6
CONTINUOUS
10
3.588855905511811
20
-4.0082564960629918
11
3.5903616141732284
21
-4.0158261023622046
0
LINE
8
BLACK
6
CONTINUOUS
10
3.5903616141732284
20
-4.0158261023622046
11
3.5903616141732284
21
-4.0235439763779528
0
LINE
8
BLACK
6
CONTINUOUS
10
3.5903616141732284
20
-4.0235439763779528
11
3.588855905511811
21
-4.0311135826771656
0
LINE
8
BLACK
6
CONTINUOUS
10
3.588855905511811
20
-4.0311135826771656
11
3.5859024015748031
21
-4.0382439763779523
0
LINE
8
BLACK
6
CONTINUOUS
10
3.5859024015748031
20
-4.0382439763779523
11
3.5816145669291339
21
-4.0446611417322833
0
LINE
8
BLACK
6
CONTINUOUS
10
3.5816145669291339
20
-4.0446611417322833
11
3.5761572047244092
21
-4.050118503937008
0
LINE
8
BLACK
6
CONTINUOUS
10
3.5761572047244092
20
-4.050118503937008
11
3.5697400393700787
21
-4.0544063385826767
0
LINE
8
BLACK
6
CONTINUOUS
10
3.5697400393700787
20
-4.0544063385826767
11
3.5626096456692911
21
-4.0573598425196851
0
LINE
8
BLACK
6
CONTINUOUS
10
3.5626096456692911
20
-4.0573598425196851
11
3.5550400393700787
21
-4.0588655511811025
0
LINE
8
BLACK
6
CONTINUOUS
10
3.5550400393700787
20
-4.0588655511811025
11
3.5473221653543305
21
-4.0588655511811025
0
LINE
8
BLACK
6
CONTINUOUS
10
3.5473221653543305
20
-4.0588655511811025
11
3.5397525590551182
21
-4.0573598425196851
0
LINE
8
BLACK
6
CONTINUOUS
10
3.5397525590551182
20
-4.0573598425196851
11
3.5326221653543306
21
-4.0544063385826767
0
LINE
8
BLACK
6
CONTINUOUS
10
3.5326221653543306
20
-4.0544063385826767
11
3.526205
21
-4.050118503937008
0
LINE
8
BLACK
6
CONTINUOUS
10
3.526205
20
-4.050118503937008
11
3.5207476377952753
21
-4.0446611417322833
0
LINE
8
BLACK
6
CONTINUOUS
10
3.5207476377952753
20
-4.0446611417322833
11
3.5164598031496062
21
-4.0382439763779523
0
LINE
8
BLACK
6
CONTINUOUS
10
3.5164598031496062
20
-4.0382439763779523
11
3.5135062992125983
21
-4.0311135826771656
0
LINE
8
BLACK
6
CONTINUOUS
10
3.5135062992125983
20
-4.0311135826771656
11
3.5120005905511809
21
-4.0235439763779528
0
LINE
8
BLACK
6
CONTINUOUS
10
3.5120005905511809
20
-4.0235439763779528
11
3.5120005905511809
21
-4.0158261023622046
0
LINE
8
BLACK
6
CONTINUOUS
10
3.5120005905511809
20
-4.0158261023622046
11
3.5135062992125983
21
-4.0082564960629918
0
LINE
8
BLACK
6
CONTINUOUS
10
3.5135062992125983
20
-4.0082564960629918
11
3.5164598031496062
21
-4.0011261023622042
0
LINE
8
BLACK
6
CONTINUOUS
10
3.5164598031496062
20
-4.0011261023622042
11
3.5207476377952753
21
-3.9947089370078741
0
LINE
8
BLACK
6
CONTINUOUS
10
3.5207476377952753
20
-3.9947089370078741
11
3.526205
21
-3.9892515748031494
0
LINE
8
BLACK
6
CONTINUOUS
10
3.526205
20
-3.9892515748031494
11
3.5326221653543306
21
-3.9849637401574802
0
LINE
8
BLACK
6
CONTINUOUS
10
3.5326221653543306
20
-3.9849637401574802
11
3.5397525590551182
21
-3.9820102362204723
0
LINE
8
BLACK
6
CONTINUOUS
10
3.5397525590551182
20
-3.9820102362204723
11
3.5473221653543305
21
-3.9805045275590549
0
LINE
8
BLACK
6
CONTINUOUS
10
3.5473221653543305
20
-3.9805045275590549
11
3.5550400393700787
21
-3.9805045275590549
0
LINE
8
BLACK
6
CONTINUOUS
10
3.5550400393700787
20
-3.9805045275590549
11
3.5626096456692911
21
-3.9820102362204723
0
LINE
8
BLACK
6
CONTINUOUS
10
2.4089488976377953
20
-3.9752165354330709
11
2.3739488976377952
21
-3.9752165354330709
0
LINE
8
BLACK
6
CONTINUOUS
10
2.3739488976377952
20
-3.9752165354330709
11
2.3739488976377952
21
-3.9202165354330707
0
LINE
8
BLACK
6
CONTINUOUS
10
2.3739488976377952
20
-3.9202165354330707
11
2.4089488976377953
21
-3.9202165354330707
0
LINE
8
BLACK
6
CONTINUOUS
10
2.4089488976377953
20
-3.9202165354330707
11
2.4089488976377953
21
-3.9752165354330709
0
LINE
8
BLACK
6
CONTINUOUS
10
2.483948897637795
20
-3.9752165354330709
11
2.4489488976377953
21
-3.9752165354330709
0
LINE
8
BLACK
6
CONTINUOUS
10
2.4489488976377953
20
-3.9752165354330709
11
2.4489488976377953
21
-3.9202165354330707
0
LINE
8
BLACK
6
CONTINUOUS
10
2.4489488976377953
20
-3.9202165354330707
11
2.483948897637795
21
-3.9202165354330707
0
LINE
8
BLACK
6
CONTINUOUS
10
2.483948897637795
20
-3.9202165354330707
11
2.483948897637795
21
-3.9752165354330709
0
LINE
8
BLACK
6
CONTINUOUS
10
4.0445827952755904
20
-3.7730873622047243
11
4.0464986614173224
21
-3.7743675196850393
0
LINE
8
BLACK
6
CONTINUOUS
10
4.0464986614173224
20
-3.7743675196850393
11
4.0477788188976378
21
-3.7762833858267717
0
LINE
8
BLACK
6
CONTINUOUS
10
4.0477788188976378
20
-3.7762833858267717
11
4.0482283464566926
21
-3.7785433464566927
0
LINE
8
BLACK
6
CONTINUOUS
10
4.0482283464566926
20
-3.7785433464566927
11
4.0482283464566926
21
-3.8474409842519686
0
LINE
8
BLACK
6
CONTINUOUS
10
4.0482283464566926
20
-3.8474409842519686
11
4.0477788188976378
21
-3.8497009448818895
0
LINE
8
BLACK
6
CONTINUOUS
10
4.0477788188976378
20
-3.8497009448818895
11
4.0464986614173224
21
-3.851616811023622
0
LINE
8
BLACK
6
CONTINUOUS
10
4.0464986614173224
20
-3.851616811023622
11
4.0445827952755904
21
-3.8528969685039369
0
LINE
8
BLACK
6
CONTINUOUS
10
4.0445827952755904
20
-3.8528969685039369
11
4.0423228346456694
21
-3.8533464960629922
0
LINE
8
BLACK
6
CONTINUOUS
10
4.0423228346456694
20
-3.8533464960629922
11
4.0305118110236222
21
-3.8533464960629922
0
LINE
8
BLACK
6
CONTINUOUS
10
4.0305118110236222
20
-3.8533464960629922
11
4.0282518503937004
21
-3.8528969685039369
0
LINE
8
BLACK
6
CONTINUOUS
10
4.0282518503937004
20
-3.8528969685039369
11
4.0263359842519684
21
-3.851616811023622
0
LINE
8
BLACK
6
CONTINUOUS
10
4.0263359842519684
20
-3.851616811023622
11
4.0250558267716539
21
-3.8497009448818895
0
LINE
8
BLACK
6
CONTINUOUS
10
4.0250558267716539
20
-3.8497009448818895
11
4.0246062992125982
21
-3.8474409842519686
0
LINE
8
BLACK
6
CONTINUOUS
10
4.0246062992125982
20
-3.8474409842519686
11
4.0246062992125982
21
-3.7785433464566927
0
LINE
8
BLACK
6
CONTINUOUS
10
4.0246062992125982
20
-3.7785433464566927
11
4.0250558267716539
21
-3.7762833858267717
0
LINE
8
BLACK
6
CONTINUOUS
10
4.0250558267716539
20
-3.7762833858267717
11
4.0263359842519684
21
-3.7743675196850393
0
LINE
8
BLACK
6
CONTINUOUS
10
4.0263359842519684
20
-3.7743675196850393
11
4.0282518503937004
21
-3.7730873622047243
0
LINE
8
BLACK
6
CONTINUOUS
10
4.0282518503937004
20
-3.7730873622047243
11
4.0305118110236222
21
-3.772637834645669
0
LINE
8
BLACK
6
CONTINUOUS
10
4.0305118110236222
20
-3.772637834645669
11
4.0423228346456694
21
-3.772637834645669
0
LINE
8
BLACK
6
CONTINUOUS
10
4.0423228346456694
20
-3.772637834645669
11
4.0445827952755904
21
-3.7730873622047243
0
LINE
8
BLACK
6
CONTINUOUS
10
4.2945827952755904
20
-3.7730873622047243
11
4.2964986614173224
21
-3.7743675196850393
0
LINE
8
BLACK
6
CONTINUOUS
10
4.2964986614173224
20
-3.7743675196850393
11
4.2977788188976378
21
-3.7762833858267717
0
LINE
8
BLACK
6
CONTINUOUS
10
4.2977788188976378
20
-3.7762833858267717
11
4.2982283464566926
21
-3.7785433464566927
0
LINE
8
BLACK
6
CONTINUOUS
10
4.2982283464566926
20
-3.7785433464566927
11
4.2982283464566926
21
-3.8474409842519686
0
LINE
8
BLACK
6
CONTINUOUS
10
4.2982283464566926
20
-3.8474409842519686
11
4.2977788188976378
21
-3.8497009448818895
0
LINE
8
BLACK
6
CONTINUOUS
10
4.2977788188976378
20
-3.8497009448818895
11
4.2964986614173224
21
-3.851616811023622
0
LINE
8
BLACK
6
CONTINUOUS
10
4.2964986614173224
20
-3.851616811023622
11
4.2945827952755904
21
-3.8528969685039369
0
LINE
8
BLACK
6
CONTINUOUS
10
4.2945827952755904
20
-3.8528969685039369
11
4.2923228346456694
21
-3.8533464960629922
0
LINE
8
BLACK
6
CONTINUOUS
10
4.2923228346456694
20
-3.8533464960629922
11
4.2805118110236222
21
-3.8533464960629922
0
LINE
8
BLACK
6
CONTINUOUS
10
4.2805118110236222
20
-3.8533464960629922
11
4.2782518503937004
21
-3.8528969685039369
0
LINE
8
BLACK
6
CONTINUOUS
10
4.2782518503937004
20
-3.8528969685039369
11
4.2763359842519684
21
-3.851616811023622
0
LINE
8
BLACK
6
CONTINUOUS
10
4.2763359842519684
20
-3.851616811023622
11
4.2750558267716539
21
-3.8497009448818895
0
LINE
8
BLACK
6
CONTINUOUS
10
4.2750558267716539
20
-3.8497009448818895
11
4.2746062992125982
21
-3.8474409842519686
0
LINE
8
BLACK
6
CONTINUOUS
10
4.2746062992125982
20
-3.8474409842519686
11
4.2746062992125982
21
-3.7785433464566927
0
LINE
8
BLACK
6
CONTINUOUS
10
4.2746062992125982
20
-3.7785433464566927
11
4.2750558267716539
21
-3.7762833858267717
0
LINE
8
BLACK
6
CONTINUOUS
10
4.2750558267716539
20
-3.7762833858267717
11
4.2763359842519684
21
-3.7743675196850393
0
LINE
8
BLACK
6
CONTINUOUS
10
4.2763359842519684
20
-3.7743675196850393
11
4.2782518503937004
21
-3.7730873622047243
0
LINE
8
BLACK
6
CONTINUOUS
10
4.2782518503937004
20
-3.7730873622047243
11
4.2805118110236222
21
-3.772637834645669
0
LINE
8
BLACK
6
CONTINUOUS
10
4.2805118110236222
20
-3.772637834645669
11
4.2923228346456694
21
-3.772637834645669
0
LINE
8
BLACK
6
CONTINUOUS
10
4.2923228346456694
20
-3.772637834645669
11
4.2945827952755904
21
-3.7730873622047243
0
LINE
8
BLACK
6
CONTINUOUS
10
3.9945827952755906
20
-3.7730873228346455
11
3.9964986614173226
21
-3.7743674803149605
0
LINE
8
BLACK
6
CONTINUOUS
10
3.9964986614173226
20
-3.7743674803149605
11
3.9977788188976375
21
-3.7762833464566929
0
LINE
8
BLACK
6
CONTINUOUS
10
3.9977788188976375
20
-3.7762833464566929
11
3.9982283464566928
21
-3.7785433070866139
0
LINE
8
BLACK
6
CONTINUOUS
10
3.9982283464566928
20
-3.7785433070866139
11
3.9982283464566928
21
-3.8474409448818898
0
LINE
8
BLACK
6
CONTINUOUS
10
3.9982283464566928
20
-3.8474409448818898
11
3.9977788188976375
21
-3.8497009055118108
0
LINE
8
BLACK
6
CONTINUOUS
10
3.9977788188976375
20
-3.8497009055118108
11
3.9964986614173226
21
-3.8516167716535432
0
LINE
8
BLACK
6
CONTINUOUS
10
3.9964986614173226
20
-3.8516167716535432
11
3.9945827952755906
21
-3.8528969291338582
0
LINE
8
BLACK
6
CONTINUOUS
10
3.9945827952755906
20
-3.8528969291338582
11
3.9923228346456692
21
-3.8533464566929134
0
LINE
8
BLACK
6
CONTINUOUS
10
3.9923228346456692
20
-3.8533464566929134
11
3.9805118110236219
21
-3.8533464566929134
0
LINE
8
BLACK
6
CONTINUOUS
10
3.9805118110236219
20
-3.8533464566929134
11
3.9782518503937006
21
-3.8528969291338582
0
LINE
8
BLACK
6
CONTINUOUS
10
3.9782518503937006
20
-3.8528969291338582
11
3.9763359842519685
21
-3.8516167716535432
0
LINE
8
BLACK
6
CONTINUOUS
10
3.9763359842519685
20
-3.8516167716535432
11
3.9750558267716536
21
-3.8497009055118108
0
LINE
8
BLACK
6
CONTINUOUS
10
3.9750558267716536
20
-3.8497009055118108
11
3.9746062992125983
21
-3.8474409448818898
0
LINE
8
BLACK
6
CONTINUOUS
10
3.9746062992125983
20
-3.8474409448818898
11
3.9746062992125983
21
-3.7785433070866139
0
LINE
8
BLACK
6
CONTINUOUS
10
3.9746062992125983
20
-3.7785433070866139
11
3.9750558267716536
21
-3.7762833464566929
0
LINE
8
BLACK
6
CONTINUOUS
10
3.9750558267716536
20
-3.7762833464566929
11
3.9763359842519685
21
-3.7743674803149605
0
LINE
8
BLACK
6
CONTINUOUS
10
3.9763359842519685
20
-3.7743674803149605
11
3.9782518503937006
21
-3.7730873228346455
0
LINE
8
BLACK
6
CONTINUOUS
10
3.9782518503937006
20
-3.7730873228346455
11
3.9805118110236219
21
-3.7726377952755903
0
LINE
8
BLACK
6
CONTINUOUS
10
3.9805118110236219
20
-3.7726377952755903
11
3.9923228346456692
21
-3.7726377952755903
0
LINE
8
BLACK
6
CONTINUOUS
10
3.9923228346456692
20
-3.7726377952755903
11
3.9945827952755906
21
-3.7730873228346455
0
LINE
8
BLACK
6
CONTINUOUS
10
4.0945827952755902
20
-3.7730873228346455
11
4.0964986614173231
21
-3.7743674803149605
0
LINE
8
BLACK
6
CONTINUOUS
10
4.0964986614173231
20
-3.7743674803149605
11
4.0977788188976376
21
-3.7762833464566929
0
LINE
8
BLACK
6
CONTINUOUS
10
4.0977788188976376
20
-3.7762833464566929
11
4.0982283464566924
21
-3.7785433070866139
0
LINE
8
BLACK
6
CONTINUOUS
10
4.0982283464566924
20
-3.7785433070866139
11
4.0982283464566924
21
-3.8474409448818898
0
LINE
8
BLACK
6
CONTINUOUS
10
4.0982283464566924
20
-3.8474409448818898
11
4.0977788188976376
21
-3.8497009055118108
0
LINE
8
BLACK
6
CONTINUOUS
10
4.0977788188976376
20
-3.8497009055118108
11
4.0964986614173231
21
-3.8516167716535432
0
LINE
8
BLACK
6
CONTINUOUS
10
4.0964986614173231
20
-3.8516167716535432
11
4.0945827952755902
21
-3.8528969291338582
0
LINE
8
BLACK
6
CONTINUOUS
10
4.0945827952755902
20
-3.8528969291338582
11
4.0923228346456693
21
-3.8533464566929134
0
LINE
8
BLACK
6
CONTINUOUS
10
4.0923228346456693
20
-3.8533464566929134
11
4.080511811023622
21
-3.8533464566929134
0
LINE
8
BLACK
6
CONTINUOUS
10
4.080511811023622
20
-3.8533464566929134
11
4.0782518503937011
21
-3.8528969291338582
0
LINE
8
BLACK
6
CONTINUOUS
10
4.0782518503937011
20
-3.8528969291338582
11
4.0763359842519682
21
-3.8516167716535432
0
LINE
8
BLACK
6
CONTINUOUS
10
4.0763359842519682
20
-3.8516167716535432
11
4.0750558267716537
21
-3.8497009055118108
0
LINE
8
BLACK
6
CONTINUOUS
10
4.0750558267716537
20
-3.8497009055118108
11
4.074606299212598
21
-3.8474409448818898
0
LINE
8
BLACK
6
CONTINUOUS
10
4.074606299212598
20
-3.8474409448818898
11
4.074606299212598
21
-3.7785433070866139
0
LINE
8
BLACK
6
CONTINUOUS
10
4.074606299212598
20
-3.7785433070866139
11
4.0750558267716537
21
-3.7762833464566929
0
LINE
8
BLACK
6
CONTINUOUS
10
4.0750558267716537
20
-3.7762833464566929
11
4.0763359842519682
21
-3.7743674803149605
0
LINE
8
BLACK
6
CONTINUOUS
10
4.0763359842519682
20
-3.7743674803149605
11
4.0782518503937011
21
-3.7730873228346455
0
LINE
8
BLACK
6
CONTINUOUS
10
4.0782518503937011
20
-3.7730873228346455
11
4.080511811023622
21
-3.7726377952755903
0
LINE
8
BLACK
6
CONTINUOUS
10
4.080511811023622
20
-3.7726377952755903
11
4.0923228346456693
21
-3.7726377952755903
0
LINE
8
BLACK
6
CONTINUOUS
10
4.0923228346456693
20
-3.7726377952755903
11
4.0945827952755902
21
-3.7730873228346455
0
LINE
8
BLACK
6
CONTINUOUS
10
4.14458279527559
20
-3.7730873228346455
11
4.1464986614173229
21
-3.7743674803149605
0
LINE
8
BLACK
6
CONTINUOUS
10
4.1464986614173229
20
-3.7743674803149605
11
4.1477788188976374
21
-3.7762833464566929
0
LINE
8
BLACK
6
CONTINUOUS
10
4.1477788188976374
20
-3.7762833464566929
11
4.1482283464566931
21
-3.7785433070866139
0
LINE
8
BLACK
6
CONTINUOUS
10
4.1482283464566931
20
-3.7785433070866139
11
4.1482283464566931
21
-3.8474409448818898
0
LINE
8
BLACK
6
CONTINUOUS
10
4.1482283464566931
20
-3.8474409448818898
11
4.1477788188976374
21
-3.8497009055118108
0
LINE
8
BLACK
6
CONTINUOUS
10
4.1477788188976374
20
-3.8497009055118108
11
4.1464986614173229
21
-3.8516167716535432
0
LINE
8
BLACK
6
CONTINUOUS
10
4.1464986614173229
20
-3.8516167716535432
11
4.14458279527559
21
-3.8528969291338582
0
LINE
8
BLACK
6
CONTINUOUS
10
4.14458279527559
20
-3.8528969291338582
11
4.1423228346456691
21
-3.8533464566929134
0
LINE
8
BLACK
6
CONTINUOUS
10
4.1423228346456691
20
-3.8533464566929134
11
4.1305118110236219
21
-3.8533464566929134
0
LINE
8
BLACK
6
CONTINUOUS
10
4.1305118110236219
20
-3.8533464566929134
11
4.1282518503937009
21
-3.8528969291338582
0
LINE
8
BLACK
6
CONTINUOUS
10
4.1282518503937009
20
-3.8528969291338582
11
4.126335984251968
21
-3.8516167716535432
0
LINE
8
BLACK
6
CONTINUOUS
10
4.126335984251968
20
-3.8516167716535432
11
4.1250558267716535
21
-3.8497009055118108
0
LINE
8
BLACK
6
CONTINUOUS
10
4.1250558267716535
20
-3.8497009055118108
11
4.1246062992125987
21
-3.8474409448818898
0
LINE
8
BLACK
6
CONTINUOUS
10
4.1246062992125987
20
-3.8474409448818898
11
4.1246062992125987
21
-3.7785433070866139
0
LINE
8
BLACK
6
CONTINUOUS
10
4.1246062992125987
20
-3.7785433070866139
11
4.1250558267716535
21
-3.7762833464566929
0
LINE
8
BLACK
6
CONTINUOUS
10
4.1250558267716535
20
-3.7762833464566929
11
4.126335984251968
21
-3.7743674803149605
0
LINE
8
BLACK
6
CONTINUOUS
10
4.126335984251968
20
-3.7743674803149605
11
4.1282518503937009
21
-3.7730873228346455
0
LINE
8
BLACK
6
CONTINUOUS
10
4.1282518503937009
20
-3.7730873228346455
11
4.1305118110236219
21
-3.7726377952755903
0
LINE
8
BLACK
6
CONTINUOUS
10
4.1305118110236219
20
-3.7726377952755903
11
4.1423228346456691
21
-3.7726377952755903
0
LINE
8
BLACK
6
CONTINUOUS
10
4.1423228346456691
20
-3.7726377952755903
11
4.14458279527559
21
-3.7730873228346455
0
LINE
8
BLACK
6
CONTINUOUS
10
4.1945827952755907
20
-3.7730873228346455
11
4.1964986614173228
21
-3.7743674803149605
0
LINE
8
BLACK
6
CONTINUOUS
10
4.1964986614173228
20
-3.7743674803149605
11
4.1977788188976373
21
-3.7762833464566929
0
LINE
8
BLACK
6
CONTINUOUS
10
4.1977788188976373
20
-3.7762833464566929
11
4.198228346456693
21
-3.7785433070866139
0
LINE
8
BLACK
6
CONTINUOUS
10
4.198228346456693
20
-3.7785433070866139
11
4.198228346456693
21
-3.8474409448818898
0
LINE
8
BLACK
6
CONTINUOUS
10
4.198228346456693
20
-3.8474409448818898
11
4.1977788188976373
21
-3.8497009055118108
0
LINE
8
BLACK
6
CONTINUOUS
10
4.1977788188976373
20
-3.8497009055118108
11
4.1964986614173228
21
-3.8516167716535432
0
LINE
8
BLACK
6
CONTINUOUS
10
4.1964986614173228
20
-3.8516167716535432
11
4.1945827952755907
21
-3.8528969291338582
0
LINE
8
BLACK
6
CONTINUOUS
10
4.1945827952755907
20
-3.8528969291338582
11
4.1923228346456689
21
-3.8533464566929134
0
LINE
8
BLACK
6
CONTINUOUS
10
4.1923228346456689
20
-3.8533464566929134
11
4.1805118110236217
21
-3.8533464566929134
0
LINE
8
BLACK
6
CONTINUOUS
10
4.1805118110236217
20
-3.8533464566929134
11
4.1782518503937007
21
-3.8528969291338582
0
LINE
8
BLACK
6
CONTINUOUS
10
4.1782518503937007
20
-3.8528969291338582
11
4.1763359842519687
21
-3.8516167716535432
0
LINE
8
BLACK
6
CONTINUOUS
10
4.1763359842519687
20
-3.8516167716535432
11
4.1750558267716533
21
-3.8497009055118108
0
LINE
8
BLACK
6
CONTINUOUS
10
4.1750558267716533
20
-3.8497009055118108
11
4.1746062992125985
21
-3.8474409448818898
0
LINE
8
BLACK
6
CONTINUOUS
10
4.1746062992125985
20
-3.8474409448818898
11
4.1746062992125985
21
-3.7785433070866139
0
LINE
8
BLACK
6
CONTINUOUS
10
4.1746062992125985
20
-3.7785433070866139
11
4.1750558267716533
21
-3.7762833464566929
0
LINE
8
BLACK
6
CONTINUOUS
10
4.1750558267716533
20
-3.7762833464566929
11
4.1763359842519687
21
-3.7743674803149605
0
LINE
8
BLACK
6
CONTINUOUS
10
4.1763359842519687
20
-3.7743674803149605
11
4.1782518503937007
21
-3.7730873228346455
0
LINE
8
BLACK
6
CONTINUOUS
10
4.1782518503937007
20
-3.7730873228346455
11
4.1805118110236217
21
-3.7726377952755903
0
LINE
8
BLACK
6
CONTINUOUS
10
4.1805118110236217
20
-3.7726377952755903
11
4.1923228346456689
21
-3.7726377952755903
0
LINE
8
BLACK
6
CONTINUOUS
10
4.1923228346456689
20
-3.7726377952755903
11
4.1945827952755907
21
-3.7730873228346455
0
LINE
8
BLACK
6
CONTINUOUS
10
4.2445827952755906
20
-3.7730873228346455
11
4.2464986614173226
21
-3.7743674803149605
0
LINE
8
BLACK
6
CONTINUOUS
10
4.2464986614173226
20
-3.7743674803149605
11
4.247778818897638
21
-3.7762833464566929
0
LINE
8
BLACK
6
CONTINUOUS
10
4.247778818897638
20
-3.7762833464566929
11
4.2482283464566928
21
-3.7785433070866139
0
LINE
8
BLACK
6
CONTINUOUS
10
4.2482283464566928
20
-3.7785433070866139
11
4.2482283464566928
21
-3.8474409448818898
0
LINE
8
BLACK
6
CONTINUOUS
10
4.2482283464566928
20
-3.8474409448818898
11
4.247778818897638
21
-3.8497009055118108
0
LINE
8
BLACK
6
CONTINUOUS
10
4.247778818897638
20
-3.8497009055118108
11
4.2464986614173226
21
-3.8516167716535432
0
LINE
8
BLACK
6
CONTINUOUS
10
4.2464986614173226
20
-3.8516167716535432
11
4.2445827952755906
21
-3.8528969291338582
0
LINE
8
BLACK
6
CONTINUOUS
10
4.2445827952755906
20
-3.8528969291338582
11
4.2423228346456696
21
-3.8533464566929134
0
LINE
8
BLACK
6
CONTINUOUS
10
4.2423228346456696
20
-3.8533464566929134
11
4.2305118110236224
21
-3.8533464566929134
0
LINE
8
BLACK
6
CONTINUOUS
10
4.2305118110236224
20
-3.8533464566929134
11
4.2282518503937006
21
-3.8528969291338582
0
LINE
8
BLACK
6
CONTINUOUS
10
4.2282518503937006
20
-3.8528969291338582
11
4.2263359842519685
21
-3.8516167716535432
0
LINE
8
BLACK
6
CONTINUOUS
10
4.2263359842519685
20
-3.8516167716535432
11
4.2250558267716531
21
-3.8497009055118108
0
LINE
8
BLACK
6
CONTINUOUS
10
4.2250558267716531
20
-3.8497009055118108
11
4.2246062992125983
21
-3.8474409448818898
0
LINE
8
BLACK
6
CONTINUOUS
10
4.2246062992125983
20
-3.8474409448818898
11
4.2246062992125983
21
-3.7785433070866139
0
LINE
8
BLACK
6
CONTINUOUS
10
4.2246062992125983
20
-3.7785433070866139
11
4.2250558267716531
21
-3.7762833464566929
0
LINE
8
BLACK
6
CONTINUOUS
10
4.2250558267716531
20
-3.7762833464566929
11
4.2263359842519685
21
-3.7743674803149605
0
LINE
8
BLACK
6
CONTINUOUS
10
4.2263359842519685
20
-3.7743674803149605
11
4.2282518503937006
21
-3.7730873228346455
0
LINE
8
BLACK
6
CONTINUOUS
10
4.2282518503937006
20
-3.7730873228346455
11
4.2305118110236224
21
-3.7726377952755903
0
LINE
8
BLACK
6
CONTINUOUS
10
4.2305118110236224
20
-3.7726377952755903
11
4.2423228346456696
21
-3.7726377952755903
0
LINE
8
BLACK
6
CONTINUOUS
10
4.2423228346456696
20
-3.7726377952755903
11
4.2445827952755906
21
-3.7730873228346455
0
LINE
8
BLACK
6
CONTINUOUS
10
4.3445827952755902
20
-3.7730873228346455
11
4.3464986614173231
21
-3.7743674803149605
0
LINE
8
BLACK
6
CONTINUOUS
10
4.3464986614173231
20
-3.7743674803149605
11
4.3477788188976376
21
-3.7762833464566929
0
LINE
8
BLACK
6
CONTINUOUS
10
4.3477788188976376
20
-3.7762833464566929
11
4.3482283464566924
21
-3.7785433070866139
0
LINE
8
BLACK
6
CONTINUOUS
10
4.3482283464566924
20
-3.7785433070866139
11
4.3482283464566924
21
-3.8474409448818898
0
LINE
8
BLACK
6
CONTINUOUS
10
4.3482283464566924
20
-3.8474409448818898
11
4.3477788188976376
21
-3.8497009055118108
0
LINE
8
BLACK
6
CONTINUOUS
10
4.3477788188976376
20
-3.8497009055118108
11
4.3464986614173231
21
-3.8516167716535432
0
LINE
8
BLACK
6
CONTINUOUS
10
4.3464986614173231
20
-3.8516167716535432
11
4.3445827952755902
21
-3.8528969291338582
0
LINE
8
BLACK
6
CONTINUOUS
10
4.3445827952755902
20
-3.8528969291338582
11
4.3423228346456693
21
-3.8533464566929134
0
LINE
8
BLACK
6
CONTINUOUS
10
4.3423228346456693
20
-3.8533464566929134
11
4.330511811023622
21
-3.8533464566929134
0
LINE
8
BLACK
6
CONTINUOUS
10
4.330511811023622
20
-3.8533464566929134
11
4.3282518503937011
21
-3.8528969291338582
0
LINE
8
BLACK
6
CONTINUOUS
10
4.3282518503937011
20
-3.8528969291338582
11
4.3263359842519682
21
-3.8516167716535432
0
LINE
8
BLACK
6
CONTINUOUS
10
4.3263359842519682
20
-3.8516167716535432
11
4.3250558267716537
21
-3.8497009055118108
0
LINE
8
BLACK
6
CONTINUOUS
10
4.3250558267716537
20
-3.8497009055118108
11
4.324606299212598
21
-3.8474409448818898
0
LINE
8
BLACK
6
CONTINUOUS
10
4.324606299212598
20
-3.8474409448818898
11
4.324606299212598
21
-3.7785433070866139
0
LINE
8
BLACK
6
CONTINUOUS
10
4.324606299212598
20
-3.7785433070866139
11
4.3250558267716537
21
-3.7762833464566929
0
LINE
8
BLACK
6
CONTINUOUS
10
4.3250558267716537
20
-3.7762833464566929
11
4.3263359842519682
21
-3.7743674803149605
0
LINE
8
BLACK
6
CONTINUOUS
10
4.3263359842519682
20
-3.7743674803149605
11
4.3282518503937011
21
-3.7730873228346455
0
LINE
8
BLACK
6
CONTINUOUS
10
4.3282518503937011
20
-3.7730873228346455
11
4.330511811023622
21
-3.7726377952755903
0
LINE
8
BLACK
6
CONTINUOUS
10
4.330511811023622
20
-3.7726377952755903
11
4.3423228346456693
21
-3.7726377952755903
0
LINE
8
BLACK
6
CONTINUOUS
10
4.3423228346456693
20
-3.7726377952755903
11
4.3445827952755902
21
-3.7730873228346455
0
LINE
8
BLACK
6
CONTINUOUS
10
3.611511929133858
20
-3.7711188582677164
11
3.6134277952755904
21
-3.7723990157480314
0
LINE
8
BLACK
6
CONTINUOUS
10
3.6134277952755904
20
-3.7723990157480314
11
3.6147079527559054
21
-3.7743148818897638
0
LINE
8
BLACK
6
CONTINUOUS
10
3.6147079527559054
20
-3.7743148818897638
11
3.6151574803149606
21
-3.7765748425196848
0
LINE
8
BLACK
6
CONTINUOUS
10
3.6151574803149606
20
-3.7765748425196848
11
3.6151574803149606
21
-3.8454724803149607
0
LINE
8
BLACK
6
CONTINUOUS
10
3.6151574803149606
20
-3.8454724803149607
11
3.6147079527559054
21
-3.8477324409448816
0
LINE
8
BLACK
6
CONTINUOUS
10
3.6147079527559054
20
-3.8477324409448816
11
3.6134277952755904
21
-3.8496483070866141
0
LINE
8
BLACK
6
CONTINUOUS
10
3.6134277952755904
20
-3.8496483070866141
11
3.611511929133858
21
-3.8509284645669291
0
LINE
8
BLACK
6
CONTINUOUS
10
3.611511929133858
20
-3.8509284645669291
11
3.609251968503937
21
-3.8513779921259843
0
LINE
8
BLACK
6
CONTINUOUS
10
3.609251968503937
20
-3.8513779921259843
11
3.5974409448818898
21
-3.8513779921259843
0
LINE
8
BLACK
6
CONTINUOUS
10
3.5974409448818898
20
-3.8513779921259843
11
3.5951809842519684
21
-3.8509284645669291
0
LINE
8
BLACK
6
CONTINUOUS
10
3.5951809842519684
20
-3.8509284645669291
11
3.593265118110236
21
-3.8496483070866141
0
LINE
8
BLACK
6
CONTINUOUS
10
3.593265118110236
20
-3.8496483070866141
11
3.591984960629921
21
-3.8477324409448816
0
LINE
8
BLACK
6
CONTINUOUS
10
3.591984960629921
20
-3.8477324409448816
11
3.5915354330708662
21
-3.8454724803149607
0
LINE
8
BLACK
6
CONTINUOUS
10
3.5915354330708662
20
-3.8454724803149607
11
3.5915354330708662
21
-3.7765748425196848
0
LINE
8
BLACK
6
CONTINUOUS
10
3.5915354330708662
20
-3.7765748425196848
11
3.591984960629921
21
-3.7743148818897638
0
LINE
8
BLACK
6
CONTINUOUS
10
3.591984960629921
20
-3.7743148818897638
11
3.593265118110236
21
-3.7723990157480314
0
LINE
8
BLACK
6
CONTINUOUS
10
3.593265118110236
20
-3.7723990157480314
11
3.5951809842519684
21
-3.7711188582677164
0
LINE
8
BLACK
6
CONTINUOUS
10
3.5951809842519684
20
-3.7711188582677164
11
3.5974409448818898
21
-3.7706693307086612
0
LINE
8
BLACK
6
CONTINUOUS
10
3.5974409448818898
20
-3.7706693307086612
11
3.609251968503937
21
-3.7706693307086612
0
LINE
8
BLACK
6
CONTINUOUS
10
3.609251968503937
20
-3.7706693307086612
11
3.611511929133858
21
-3.7711188582677164
0
LINE
8
BLACK
6
CONTINUOUS
10
3.861511929133858
20
-3.7711188582677164
11
3.8634277952755904
21
-3.7723990157480314
0
LINE
8
BLACK
6
CONTINUOUS
10
3.8634277952755904
20
-3.7723990157480314
11
3.8647079527559054
21
-3.7743148818897638
0
LINE
8
BLACK
6
CONTINUOUS
10
3.8647079527559054
20
-3.7743148818897638
11
3.8651574803149606
21
-3.7765748425196848
0
LINE
8
BLACK
6
CONTINUOUS
10
3.8651574803149606
20
-3.7765748425196848
11
3.8651574803149606
21
-3.8454724803149607
0
LINE
8
BLACK
6
CONTINUOUS
10
3.8651574803149606
20
-3.8454724803149607
11
3.8647079527559054
21
-3.8477324409448816
0
LINE
8
BLACK
6
CONTINUOUS
10
3.8647079527559054
20
-3.8477324409448816
11
3.8634277952755904
21
-3.8496483070866141
0
LINE
8
BLACK
6
CONTINUOUS
10
3.8634277952755904
20
-3.8496483070866141
11
3.861511929133858
21
-3.8509284645669291
0
LINE
8
BLACK
6
CONTINUOUS
10
3.861511929133858
20
-3.8509284645669291
11
3.859251968503937
21
-3.8513779921259843
0
LINE
8
BLACK
6
CONTINUOUS
10
3.859251968503937
20
-3.8513779921259843
11
3.8474409448818898
21
-3.8513779921259843
0
LINE
8
BLACK
6
CONTINUOUS
10
3.8474409448818898
20
-3.8513779921259843
11
3.8451809842519684
21
-3.8509284645669291
0
LINE
8
BLACK
6
CONTINUOUS
10
3.8451809842519684
20
-3.8509284645669291
11
3.843265118110236
21
-3.8496483070866141
0
LINE
8
BLACK
6
CONTINUOUS
10
3.843265118110236
20
-3.8496483070866141
11
3.841984960629921
21
-3.8477324409448816
0
LINE
8
BLACK
6
CONTINUOUS
10
3.841984960629921
20
-3.8477324409448816
11
3.8415354330708662
21
-3.8454724803149607
0
LINE
8
BLACK
6
CONTINUOUS
10
3.8415354330708662
20
-3.8454724803149607
11
3.8415354330708662
21
-3.7765748425196848
0
LINE
8
BLACK
6
CONTINUOUS
10
3.8415354330708662
20
-3.7765748425196848
11
3.841984960629921
21
-3.7743148818897638
0
LINE
8
BLACK
6
CONTINUOUS
10
3.841984960629921
20
-3.7743148818897638
11
3.843265118110236
21
-3.7723990157480314
0
LINE
8
BLACK
6
CONTINUOUS
10
3.843265118110236
20
-3.7723990157480314
11
3.8451809842519684
21
-3.7711188582677164
0
LINE
8
BLACK
6
CONTINUOUS
10
3.8451809842519684
20
-3.7711188582677164
11
3.8474409448818898
21
-3.7706693307086612
0
LINE
8
BLACK
6
CONTINUOUS
10
3.8474409448818898
20
-3.7706693307086612
11
3.859251968503937
21
-3.7706693307086612
0
LINE
8
BLACK
6
CONTINUOUS
10
3.859251968503937
20
-3.7706693307086612
11
3.861511929133858
21
-3.7711188582677164
0
LINE
8
BLACK
6
CONTINUOUS
10
4.4758820078740156
20
-3.7711188582677164
11
4.4777978740157476
21
-3.7723990157480314
0
LINE
8
BLACK
6
CONTINUOUS
10
4.4777978740157476
20
-3.7723990157480314
11
4.479078031496063
21
-3.7743148818897638
0
LINE
8
BLACK
6
CONTINUOUS
10
4.479078031496063
20
-3.7743148818897638
11
4.4795275590551178
21
-3.7765748425196848
0
LINE
8
BLACK
6
CONTINUOUS
10
4.4795275590551178
20
-3.7765748425196848
11
4.4795275590551178
21
-3.8454724803149607
0
LINE
8
BLACK
6
CONTINUOUS
10
4.4795275590551178
20
-3.8454724803149607
11
4.479078031496063
21
-3.8477324409448816
0
LINE
8
BLACK
6
CONTINUOUS
10
4.479078031496063
20
-3.8477324409448816
11
4.4777978740157476
21
-3.8496483070866141
0
LINE
8
BLACK
6
CONTINUOUS
10
4.4777978740157476
20
-3.8496483070866141
11
4.4758820078740156
21
-3.8509284645669291
0
LINE
8
BLACK
6
CONTINUOUS
10
4.4758820078740156
20
-3.8509284645669291
11
4.4736220472440946
21
-3.8513779921259843
0
LINE
8
BLACK
6
CONTINUOUS
10
4.4736220472440946
20
-3.8513779921259843
11
4.4618110236220474
21
-3.8513779921259843
0
LINE
8
BLACK
6
CONTINUOUS
10
4.4618110236220474
20
-3.8513779921259843
11
4.4595510629921256
21
-3.8509284645669291
0
LINE
8
BLACK
6
CONTINUOUS
10
4.4595510629921256
20
-3.8509284645669291
11
4.4576351968503936
21
-3.8496483070866141
0
LINE
8
BLACK
6
CONTINUOUS
10
4.4576351968503936
20
-3.8496483070866141
11
4.456355039370079
21
-3.8477324409448816
0
LINE
8
BLACK
6
CONTINUOUS
10
4.456355039370079
20
-3.8477324409448816
11
4.4559055118110233
21
-3.8454724803149607
0
LINE
8
BLACK
6
CONTINUOUS
10
4.4559055118110233
20
-3.8454724803149607
11
4.4559055118110233
21
-3.7765748425196848
0
LINE
8
BLACK
6
CONTINUOUS
10
4.4559055118110233
20
-3.7765748425196848
11
4.456355039370079
21
-3.7743148818897638
0
LINE
8
BLACK
6
CONTINUOUS
10
4.456355039370079
20
-3.7743148818897638
11
4.4576351968503936
21
-3.7723990157480314
0
LINE
8
BLACK
6
CONTINUOUS
10
4.4576351968503936
20
-3.7723990157480314
11
4.4595510629921256
21
-3.7711188582677164
0
LINE
8
BLACK
6
CONTINUOUS
10
4.4595510629921256
20
-3.7711188582677164
11
4.4618110236220474
21
-3.7706693307086612
0
LINE
8
BLACK
6
CONTINUOUS
10
4.4618110236220474
20
-3.7706693307086612
11
4.4736220472440946
21
-3.7706693307086612
0
LINE
8
BLACK
6
CONTINUOUS
10
4.4736220472440946
20
-3.7706693307086612
11
4.4758820078740156
21
-3.7711188582677164
0
LINE
8
BLACK
6
CONTINUOUS
10
4.7258820078740156
20
-3.7711188582677164
11
4.7277978740157476
21
-3.7723990157480314
0
LINE
8
BLACK
6
CONTINUOUS
10
4.7277978740157476
20
-3.7723990157480314
11
4.729078031496063
21
-3.7743148818897638
0
LINE
8
BLACK
6
CONTINUOUS
10
4.729078031496063
20
-3.7743148818897638
11
4.7295275590551178
21
-3.7765748425196848
0
LINE
8
BLACK
6
CONTINUOUS
10
4.7295275590551178
20
-3.7765748425196848
11
4.7295275590551178
21
-3.8454724803149607
0
LINE
8
BLACK
6
CONTINUOUS
10
4.7295275590551178
20
-3.8454724803149607
11
4.729078031496063
21
-3.8477324409448816
0
LINE
8
BLACK
6
CONTINUOUS
10
4.729078031496063
20
-3.8477324409448816
11
4.7277978740157476
21
-3.8496483070866141
0
LINE
8
BLACK
6
CONTINUOUS
10
4.7277978740157476
20
-3.8496483070866141
11
4.7258820078740156
21
-3.8509284645669291
0
LINE
8
BLACK
6
CONTINUOUS
10
4.7258820078740156
20
-3.8509284645669291
11
4.7236220472440946
21
-3.8513779921259843
0
LINE
8
BLACK
6
CONTINUOUS
10
4.7236220472440946
20
-3.8513779921259843
11
4.7118110236220474
21
-3.8513779921259843
0
LINE
8
BLACK
6
CONTINUOUS
10
4.7118110236220474
20
-3.8513779921259843
11
4.7095510629921256
21
-3.8509284645669291
0
LINE
8
BLACK
6
CONTINUOUS
10
4.7095510629921256
20
-3.8509284645669291
11
4.7076351968503936
21
-3.8496483070866141
0
LINE
8
BLACK
6
CONTINUOUS
10
4.7076351968503936
20
-3.8496483070866141
11
4.706355039370079
21
-3.8477324409448816
0
LINE
8
BLACK
6
CONTINUOUS
10
4.706355039370079
20
-3.8477324409448816
11
4.7059055118110233
21
-3.8454724803149607
0
LINE
8
BLACK
6
CONTINUOUS
10
4.7059055118110233
20
-3.8454724803149607
11
4.7059055118110233
21
-3.7765748425196848
0
LINE
8
BLACK
6
CONTINUOUS
10
4.7059055118110233
20
-3.7765748425196848
11
4.706355039370079
21
-3.7743148818897638
0
LINE
8
BLACK
6
CONTINUOUS
10
4.706355039370079
20
-3.7743148818897638
11
4.7076351968503936
21
-3.7723990157480314
0
LINE
8
BLACK
6
CONTINUOUS
10
4.7076351968503936
20
-3.7723990157480314
11
4.7095510629921256
21
-3.7711188582677164
0
LINE
8
BLACK
6
CONTINUOUS
10
4.7095510629921256
20
-3.7711188582677164
11
4.7118110236220474
21
-3.7706693307086612
0
LINE
8
BLACK
6
CONTINUOUS
10
4.7118110236220474
20
-3.7706693307086612
11
4.7236220472440946
21
-3.7706693307086612
0
LINE
8
BLACK
6
CONTINUOUS
10
4.7236220472440946
20
-3.7706693307086612
11
4.7258820078740156
21
-3.7711188582677164
0
LINE
8
BLACK
6
CONTINUOUS
10
3.5615119291338582
20
-3.7711188188976377
11
3.5634277952755906
21
-3.7723989763779526
0
LINE
8
BLACK
6
CONTINUOUS
10
3.5634277952755906
20
-3.7723989763779526
11
3.5647079527559056
21
-3.7743148425196851
0
LINE
8
BLACK
6
CONTINUOUS
10
3.5647079527559056
20
-3.7743148425196851
11
3.5651574803149604
21
-3.776574803149606
0
LINE
8
BLACK
6
CONTINUOUS
10
3.5651574803149604
20
-3.776574803149606
11
3.5651574803149604
21
-3.8454724409448819
0
LINE
8
BLACK
6
CONTINUOUS
10
3.5651574803149604
20
-3.8454724409448819
11
3.5647079527559056
21
-3.8477324015748029
0
LINE
8
BLACK
6
CONTINUOUS
10
3.5647079527559056
20
-3.8477324015748029
11
3.5634277952755906
21
-3.8496482677165353
0
LINE
8
BLACK
6
CONTINUOUS
10
3.5634277952755906
20
-3.8496482677165353
11
3.5615119291338582
21
-3.8509284251968503
0
LINE
8
BLACK
6
CONTINUOUS
10
3.5615119291338582
20
-3.8509284251968503
11
3.5592519685039368
21
-3.8513779527559056
0
LINE
8
BLACK
6
CONTINUOUS
10
3.5592519685039368
20
-3.8513779527559056
11
3.5474409448818895
21
-3.8513779527559056
0
LINE
8
BLACK
6
CONTINUOUS
10
3.5474409448818895
20
-3.8513779527559056
11
3.5451809842519686
21
-3.8509284251968503
0
LINE
8
BLACK
6
CONTINUOUS
10
3.5451809842519686
20
-3.8509284251968503
11
3.5432651181102361
21
-3.8496482677165353
0
LINE
8
BLACK
6
CONTINUOUS
10
3.5432651181102361
20
-3.8496482677165353
11
3.5419849606299212
21
-3.8477324015748029
0
LINE
8
BLACK
6
CONTINUOUS
10
3.5419849606299212
20
-3.8477324015748029
11
3.5415354330708659
21
-3.8454724409448819
0
LINE
8
BLACK
6
CONTINUOUS
10
3.5415354330708659
20
-3.8454724409448819
11
3.5415354330708659
21
-3.776574803149606
0
LINE
8
BLACK
6
CONTINUOUS
10
3.5415354330708659
20
-3.776574803149606
11
3.5419849606299212
21
-3.7743148425196851
0
LINE
8
BLACK
6
CONTINUOUS
10
3.5419849606299212
20
-3.7743148425196851
11
3.5432651181102361
21
-3.7723989763779526
0
LINE
8
BLACK
6
CONTINUOUS
10
3.5432651181102361
20
-3.7723989763779526
11
3.5451809842519686
21
-3.7711188188976377
0
LINE
8
BLACK
6
CONTINUOUS
10
3.5451809842519686
20
-3.7711188188976377
11
3.5474409448818895
21
-3.7706692913385824
0
LINE
8
BLACK
6
CONTINUOUS
10
3.5474409448818895
20
-3.7706692913385824
11
3.5592519685039368
21
-3.7706692913385824
0
LINE
8
BLACK
6
CONTINUOUS
10
3.5592519685039368
20
-3.7706692913385824
11
3.5615119291338582
21
-3.7711188188976377
0
LINE
8
BLACK
6
CONTINUOUS
10
3.6615119291338583
20
-3.7711188188976377
11
3.6634277952755903
21
-3.7723989763779526
0
LINE
8
BLACK
6
CONTINUOUS
10
3.6634277952755903
20
-3.7723989763779526
11
3.6647079527559052
21
-3.7743148425196851
0
LINE
8
BLACK
6
CONTINUOUS
10
3.6647079527559052
20
-3.7743148425196851
11
3.6651574803149605
21
-3.776574803149606
0
LINE
8
BLACK
6
CONTINUOUS
10
3.6651574803149605
20
-3.776574803149606
11
3.6651574803149605
21
-3.8454724409448819
0
LINE
8
BLACK
6
CONTINUOUS
10
3.6651574803149605
20
-3.8454724409448819
11
3.6647079527559052
21
-3.8477324015748029
0
LINE
8
BLACK
6
CONTINUOUS
10
3.6647079527559052
20
-3.8477324015748029
11
3.6634277952755903
21
-3.8496482677165353
0
LINE
8
BLACK
6
CONTINUOUS
10
3.6634277952755903
20
-3.8496482677165353
11
3.6615119291338583
21
-3.8509284251968503
0
LINE
8
BLACK
6
CONTINUOUS
10
3.6615119291338583
20
-3.8509284251968503
11
3.6592519685039369
21
-3.8513779527559056
0
LINE
8
BLACK
6
CONTINUOUS
10
3.6592519685039369
20
-3.8513779527559056
11
3.6474409448818896
21
-3.8513779527559056
0
LINE
8
BLACK
6
CONTINUOUS
10
3.6474409448818896
20
-3.8513779527559056
11
3.6451809842519682
21
-3.8509284251968503
0
LINE
8
BLACK
6
CONTINUOUS
10
3.6451809842519682
20
-3.8509284251968503
11
3.6432651181102362
21
-3.8496482677165353
0
LINE
8
BLACK
6
CONTINUOUS
10
3.6432651181102362
20
-3.8496482677165353
11
3.6419849606299213
21
-3.8477324015748029
0
LINE
8
BLACK
6
CONTINUOUS
10
3.6419849606299213
20
-3.8477324015748029
11
3.641535433070866
21
-3.8454724409448819
0
LINE
8
BLACK
6
CONTINUOUS
10
3.641535433070866
20
-3.8454724409448819
11
3.641535433070866
21
-3.776574803149606
0
LINE
8
BLACK
6
CONTINUOUS
10
3.641535433070866
20
-3.776574803149606
11
3.6419849606299213
21
-3.7743148425196851
0
LINE
8
BLACK
6
CONTINUOUS
10
3.6419849606299213
20
-3.7743148425196851
11
3.6432651181102362
21
-3.7723989763779526
0
LINE
8
BLACK
6
CONTINUOUS
10
3.6432651181102362
20
-3.7723989763779526
11
3.6451809842519682
21
-3.7711188188976377
0
LINE
8
BLACK
6
CONTINUOUS
10
3.6451809842519682
20
-3.7711188188976377
11
3.6474409448818896
21
-3.7706692913385824
0
LINE
8
BLACK
6
CONTINUOUS
10
3.6474409448818896
20
-3.7706692913385824
11
3.6592519685039369
21
-3.7706692913385824
0
LINE
8
BLACK
6
CONTINUOUS
10
3.6592519685039369
20
-3.7706692913385824
11
3.6615119291338583
21
-3.7711188188976377
0
LINE
8
BLACK
6
CONTINUOUS
10
3.7115119291338581
20
-3.7711188188976377
11
3.7134277952755905
21
-3.7723989763779526
0
LINE
8
BLACK
6
CONTINUOUS
10
3.7134277952755905
20
-3.7723989763779526
11
3.7147079527559055
21
-3.7743148425196851
0
LINE
8
BLACK
6
CONTINUOUS
10
3.7147079527559055
20
-3.7743148425196851
11
3.7151574803149607
21
-3.776574803149606
0
LINE
8
BLACK
6
CONTINUOUS
10
3.7151574803149607
20
-3.776574803149606
11
3.7151574803149607
21
-3.8454724409448819
0
LINE
8
BLACK
6
CONTINUOUS
10
3.7151574803149607
20
-3.8454724409448819
11
3.7147079527559055
21
-3.8477324015748029
0
LINE
8
BLACK
6
CONTINUOUS
10
3.7147079527559055
20
-3.8477324015748029
11
3.7134277952755905
21
-3.8496482677165353
0
LINE
8
BLACK
6
CONTINUOUS
10
3.7134277952755905
20
-3.8496482677165353
11
3.7115119291338581
21
-3.8509284251968503
0
LINE
8
BLACK
6
CONTINUOUS
10
3.7115119291338581
20
-3.8509284251968503
11
3.7092519685039371
21
-3.8513779527559056
0
LINE
8
BLACK
6
CONTINUOUS
10
3.7092519685039371
20
-3.8513779527559056
11
3.6974409448818899
21
-3.8513779527559056
0
LINE
8
BLACK
6
CONTINUOUS
10
3.6974409448818899
20
-3.8513779527559056
11
3.6951809842519685
21
-3.8509284251968503
0
LINE
8
BLACK
6
CONTINUOUS
10
3.6951809842519685
20
-3.8509284251968503
11
3.6932651181102361
21
-3.8496482677165353
0
LINE
8
BLACK
6
CONTINUOUS
10
3.6932651181102361
20
-3.8496482677165353
11
3.6919849606299211
21
-3.8477324015748029
0
LINE
8
BLACK
6
CONTINUOUS
10
3.6919849606299211
20
-3.8477324015748029
11
3.6915354330708658
21
-3.8454724409448819
0
LINE
8
BLACK
6
CONTINUOUS
10
3.6915354330708658
20
-3.8454724409448819
11
3.6915354330708658
21
-3.776574803149606
0
LINE
8
BLACK
6
CONTINUOUS
10
3.6915354330708658
20
-3.776574803149606
11
3.6919849606299211
21
-3.7743148425196851
0
LINE
8
BLACK
6
CONTINUOUS
10
3.6919849606299211
20
-3.7743148425196851
11
3.6932651181102361
21
-3.7723989763779526
0
LINE
8
BLACK
6
CONTINUOUS
10
3.6932651181102361
20
-3.7723989763779526
11
3.6951809842519685
21
-3.7711188188976377
0
LINE
8
BLACK
6
CONTINUOUS
10
3.6951809842519685
20
-3.7711188188976377
11
3.6974409448818899
21
-3.7706692913385824
0
LINE
8
BLACK
6
CONTINUOUS
10
3.6974409448818899
20
-3.7706692913385824
11
3.7092519685039371
21
-3.7706692913385824
0
LINE
8
BLACK
6
CONTINUOUS
10
3.7092519685039371
20
-3.7706692913385824
11
3.7115119291338581
21
-3.7711188188976377
0
LINE
8
BLACK
6
CONTINUOUS
10
3.7615119291338583
20
-3.7711188188976377
11
3.7634277952755903
21
-3.7723989763779526
0
LINE
8
BLACK
6
CONTINUOUS
10
3.7634277952755903
20
-3.7723989763779526
11
3.7647079527559053
21
-3.7743148425196851
0
LINE
8
BLACK
6
CONTINUOUS
10
3.7647079527559053
20
-3.7743148425196851
11
3.7651574803149606
21
-3.776574803149606
0
LINE
8
BLACK
6
CONTINUOUS
10
3.7651574803149606
20
-3.776574803149606
11
3.7651574803149606
21
-3.8454724409448819
0
LINE
8
BLACK
6
CONTINUOUS
10
3.7651574803149606
20
-3.8454724409448819
11
3.7647079527559053
21
-3.8477324015748029
0
LINE
8
BLACK
6
CONTINUOUS
10
3.7647079527559053
20
-3.8477324015748029
11
3.7634277952755903
21
-3.8496482677165353
0
LINE
8
BLACK
6
CONTINUOUS
10
3.7634277952755903
20
-3.8496482677165353
11
3.7615119291338583
21
-3.8509284251968503
0
LINE
8
BLACK
6
CONTINUOUS
10
3.7615119291338583
20
-3.8509284251968503
11
3.7592519685039369
21
-3.8513779527559056
0
LINE
8
BLACK
6
CONTINUOUS
10
3.7592519685039369
20
-3.8513779527559056
11
3.7474409448818897
21
-3.8513779527559056
0
LINE
8
BLACK
6
CONTINUOUS
10
3.7474409448818897
20
-3.8513779527559056
11
3.7451809842519683
21
-3.8509284251968503
0
LINE
8
BLACK
6
CONTINUOUS
10
3.7451809842519683
20
-3.8509284251968503
11
3.7432651181102363
21
-3.8496482677165353
0
LINE
8
BLACK
6
CONTINUOUS
10
3.7432651181102363
20
-3.8496482677165353
11
3.7419849606299214
21
-3.8477324015748029
0
LINE
8
BLACK
6
CONTINUOUS
10
3.7419849606299214
20
-3.8477324015748029
11
3.7415354330708661
21
-3.8454724409448819
0
LINE
8
BLACK
6
CONTINUOUS
10
3.7415354330708661
20
-3.8454724409448819
11
3.7415354330708661
21
-3.776574803149606
0
LINE
8
BLACK
6
CONTINUOUS
10
3.7415354330708661
20
-3.776574803149606
11
3.7419849606299214
21
-3.7743148425196851
0
LINE
8
BLACK
6
CONTINUOUS
10
3.7419849606299214
20
-3.7743148425196851
11
3.7432651181102363
21
-3.7723989763779526
0
LINE
8
BLACK
6
CONTINUOUS
10
3.7432651181102363
20
-3.7723989763779526
11
3.7451809842519683
21
-3.7711188188976377
0
LINE
8
BLACK
6
CONTINUOUS
10
3.7451809842519683
20
-3.7711188188976377
11
3.7474409448818897
21
-3.7706692913385824
0
LINE
8
BLACK
6
CONTINUOUS
10
3.7474409448818897
20
-3.7706692913385824
11
3.7592519685039369
21
-3.7706692913385824
0
LINE
8
BLACK
6
CONTINUOUS
10
3.7592519685039369
20
-3.7706692913385824
11
3.7615119291338583
21
-3.7711188188976377
0
LINE
8
BLACK
6
CONTINUOUS
10
3.8115119291338582
20
-3.7711188188976377
11
3.8134277952755906
21
-3.7723989763779526
0
LINE
8
BLACK
6
CONTINUOUS
10
3.8134277952755906
20
-3.7723989763779526
11
3.8147079527559056
21
-3.7743148425196851
0
LINE
8
BLACK
6
CONTINUOUS
10
3.8147079527559056
20
-3.7743148425196851
11
3.8151574803149604
21
-3.776574803149606
0
LINE
8
BLACK
6
CONTINUOUS
10
3.8151574803149604
20
-3.776574803149606
11
3.8151574803149604
21
-3.8454724409448819
0
LINE
8
BLACK
6
CONTINUOUS
10
3.8151574803149604
20
-3.8454724409448819
11
3.8147079527559056
21
-3.8477324015748029
0
LINE
8
BLACK
6
CONTINUOUS
10
3.8147079527559056
20
-3.8477324015748029
11
3.8134277952755906
21
-3.8496482677165353
0
LINE
8
BLACK
6
CONTINUOUS
10
3.8134277952755906
20
-3.8496482677165353
11
3.8115119291338582
21
-3.8509284251968503
0
LINE
8
BLACK
6
CONTINUOUS
10
3.8115119291338582
20
-3.8509284251968503
11
3.8092519685039368
21
-3.8513779527559056
0
LINE
8
BLACK
6
CONTINUOUS
10
3.8092519685039368
20
-3.8513779527559056
11
3.7974409448818895
21
-3.8513779527559056
0
LINE
8
BLACK
6
CONTINUOUS
10
3.7974409448818895
20
-3.8513779527559056
11
3.7951809842519686
21
-3.8509284251968503
0
LINE
8
BLACK
6
CONTINUOUS
10
3.7951809842519686
20
-3.8509284251968503
11
3.7932651181102361
21
-3.8496482677165353
0
LINE
8
BLACK
6
CONTINUOUS
10
3.7932651181102361
20
-3.8496482677165353
11
3.7919849606299212
21
-3.8477324015748029
0
LINE
8
BLACK
6
CONTINUOUS
10
3.7919849606299212
20
-3.8477324015748029
11
3.7915354330708659
21
-3.8454724409448819
0
LINE
8
BLACK
6
CONTINUOUS
10
3.7915354330708659
20
-3.8454724409448819
11
3.7915354330708659
21
-3.776574803149606
0
LINE
8
BLACK
6
CONTINUOUS
10
3.7915354330708659
20
-3.776574803149606
11
3.7919849606299212
21
-3.7743148425196851
0
LINE
8
BLACK
6
CONTINUOUS
10
3.7919849606299212
20
-3.7743148425196851
11
3.7932651181102361
21
-3.7723989763779526
0
LINE
8
BLACK
6
CONTINUOUS
10
3.7932651181102361
20
-3.7723989763779526
11
3.7951809842519686
21
-3.7711188188976377
0
LINE
8
BLACK
6
CONTINUOUS
10
3.7951809842519686
20
-3.7711188188976377
11
3.7974409448818895
21
-3.7706692913385824
0
LINE
8
BLACK
6
CONTINUOUS
10
3.7974409448818895
20
-3.7706692913385824
11
3.8092519685039368
21
-3.7706692913385824
0
LINE
8
BLACK
6
CONTINUOUS
10
3.8092519685039368
20
-3.7706692913385824
11
3.8115119291338582
21
-3.7711188188976377
0
LINE
8
BLACK
6
CONTINUOUS
10
3.9115119291338583
20
-3.7711188188976377
11
3.9134277952755903
21
-3.7723989763779526
0
LINE
8
BLACK
6
CONTINUOUS
10
3.9134277952755903
20
-3.7723989763779526
11
3.9147079527559052
21
-3.7743148425196851
0
LINE
8
BLACK
6
CONTINUOUS
10
3.9147079527559052
20
-3.7743148425196851
11
3.9151574803149605
21
-3.776574803149606
0
LINE
8
BLACK
6
CONTINUOUS
10
3.9151574803149605
20
-3.776574803149606
11
3.9151574803149605
21
-3.8454724409448819
0
LINE
8
BLACK
6
CONTINUOUS
10
3.9151574803149605
20
-3.8454724409448819
11
3.9147079527559052
21
-3.8477324015748029
0
LINE
8
BLACK
6
CONTINUOUS
10
3.9147079527559052
20
-3.8477324015748029
11
3.9134277952755903
21
-3.8496482677165353
0
LINE
8
BLACK
6
CONTINUOUS
10
3.9134277952755903
20
-3.8496482677165353
11
3.9115119291338583
21
-3.8509284251968503
0
LINE
8
BLACK
6
CONTINUOUS
10
3.9115119291338583
20
-3.8509284251968503
11
3.9092519685039369
21
-3.8513779527559056
0
LINE
8
BLACK
6
CONTINUOUS
10
3.9092519685039369
20
-3.8513779527559056
11
3.8974409448818896
21
-3.8513779527559056
0
LINE
8
BLACK
6
CONTINUOUS
10
3.8974409448818896
20
-3.8513779527559056
11
3.8951809842519682
21
-3.8509284251968503
0
LINE
8
BLACK
6
CONTINUOUS
10
3.8951809842519682
20
-3.8509284251968503
11
3.8932651181102362
21
-3.8496482677165353
0
LINE
8
BLACK
6
CONTINUOUS
10
3.8932651181102362
20
-3.8496482677165353
11
3.8919849606299213
21
-3.8477324015748029
0
LINE
8
BLACK
6
CONTINUOUS
10
3.8919849606299213
20
-3.8477324015748029
11
3.891535433070866
21
-3.8454724409448819
0
LINE
8
BLACK
6
CONTINUOUS
10
3.891535433070866
20
-3.8454724409448819
11
3.891535433070866
21
-3.776574803149606
0
LINE
8
BLACK
6
CONTINUOUS
10
3.891535433070866
20
-3.776574803149606
11
3.8919849606299213
21
-3.7743148425196851
0
LINE
8
BLACK
6
CONTINUOUS
10
3.8919849606299213
20
-3.7743148425196851
11
3.8932651181102362
21
-3.7723989763779526
0
LINE
8
BLACK
6
CONTINUOUS
10
3.8932651181102362
20
-3.7723989763779526
11
3.8951809842519682
21
-3.7711188188976377
0
LINE
8
BLACK
6
CONTINUOUS
10
3.8951809842519682
20
-3.7711188188976377
11
3.8974409448818896
21
-3.7706692913385824
0
LINE
8
BLACK
6
CONTINUOUS
10
3.8974409448818896
20
-3.7706692913385824
11
3.9092519685039369
21
-3.7706692913385824
0
LINE
8
BLACK
6
CONTINUOUS
10
3.9092519685039369
20
-3.7706692913385824
11
3.9115119291338583
21
-3.7711188188976377
0
LINE
8
BLACK
6
CONTINUOUS
10
4.4258820078740158
20
-3.7711188188976377
11
4.4277978740157478
21
-3.7723989763779526
0
LINE
8
BLACK
6
CONTINUOUS
10
4.4277978740157478
20
-3.7723989763779526
11
4.4290780314960632
21
-3.7743148425196851
0
LINE
8
BLACK
6
CONTINUOUS
10
4.4290780314960632
20
-3.7743148425196851
11
4.429527559055118
21
-3.776574803149606
0
LINE
8
BLACK
6
CONTINUOUS
10
4.429527559055118
20
-3.776574803149606
11
4.429527559055118
21
-3.8454724409448819
0
LINE
8
BLACK
6
CONTINUOUS
10
4.429527559055118
20
-3.8454724409448819
11
4.4290780314960632
21
-3.8477324015748029
0
LINE
8
BLACK
6
CONTINUOUS
10
4.4290780314960632
20
-3.8477324015748029
11
4.4277978740157478
21
-3.8496482677165353
0
LINE
8
BLACK
6
CONTINUOUS
10
4.4277978740157478
20
-3.8496482677165353
11
4.4258820078740158
21
-3.8509284251968503
0
LINE
8
BLACK
6
CONTINUOUS
10
4.4258820078740158
20
-3.8509284251968503
11
4.4236220472440948
21
-3.8513779527559056
0
LINE
8
BLACK
6
CONTINUOUS
10
4.4236220472440948
20
-3.8513779527559056
11
4.4118110236220476
21
-3.8513779527559056
0
LINE
8
BLACK
6
CONTINUOUS
10
4.4118110236220476
20
-3.8513779527559056
11
4.4095510629921257
21
-3.8509284251968503
0
LINE
8
BLACK
6
CONTINUOUS
10
4.4095510629921257
20
-3.8509284251968503
11
4.4076351968503937
21
-3.8496482677165353
0
LINE
8
BLACK
6
CONTINUOUS
10
4.4076351968503937
20
-3.8496482677165353
11
4.4063550393700783
21
-3.8477324015748029
0
LINE
8
BLACK
6
CONTINUOUS
10
4.4063550393700783
20
-3.8477324015748029
11
4.4059055118110235
21
-3.8454724409448819
0
LINE
8
BLACK
6
CONTINUOUS
10
4.4059055118110235
20
-3.8454724409448819
11
4.4059055118110235
21
-3.776574803149606
0
LINE
8
BLACK
6
CONTINUOUS
10
4.4059055118110235
20
-3.776574803149606
11
4.4063550393700783
21
-3.7743148425196851
0
LINE
8
BLACK
6
CONTINUOUS
10
4.4063550393700783
20
-3.7743148425196851
11
4.4076351968503937
21
-3.7723989763779526
0
LINE
8
BLACK
6
CONTINUOUS
10
4.4076351968503937
20
-3.7723989763779526
11
4.4095510629921257
21
-3.7711188188976377
0
LINE
8
BLACK
6
CONTINUOUS
10
4.4095510629921257
20
-3.7711188188976377
11
4.4118110236220476
21
-3.7706692913385824
0
LINE
8
BLACK
6
CONTINUOUS
10
4.4118110236220476
20
-3.7706692913385824
11
4.4236220472440948
21
-3.7706692913385824
0
LINE
8
BLACK
6
CONTINUOUS
10
4.4236220472440948
20
-3.7706692913385824
11
4.4258820078740158
21
-3.7711188188976377
0
LINE
8
BLACK
6
CONTINUOUS
10
4.5258820078740154
20
-3.7711188188976377
11
4.5277978740157483
21
-3.7723989763779526
0
LINE
8
BLACK
6
CONTINUOUS
10
4.5277978740157483
20
-3.7723989763779526
11
4.5290780314960628
21
-3.7743148425196851
0
LINE
8
BLACK
6
CONTINUOUS
10
4.5290780314960628
20
-3.7743148425196851
11
4.5295275590551176
21
-3.776574803149606
0
LINE
8
BLACK
6
CONTINUOUS
10
4.5295275590551176
20
-3.776574803149606
11
4.5295275590551176
21
-3.8454724409448819
0
LINE
8
BLACK
6
CONTINUOUS
10
4.5295275590551176
20
-3.8454724409448819
11
4.5290780314960628
21
-3.8477324015748029
0
LINE
8
BLACK
6
CONTINUOUS
10
4.5290780314960628
20
-3.8477324015748029
11
4.5277978740157483
21
-3.8496482677165353
0
LINE
8
BLACK
6
CONTINUOUS
10
4.5277978740157483
20
-3.8496482677165353
11
4.5258820078740154
21
-3.8509284251968503
0
LINE
8
BLACK
6
CONTINUOUS
10
4.5258820078740154
20
-3.8509284251968503
11
4.5236220472440944
21
-3.8513779527559056
0
LINE
8
BLACK
6
CONTINUOUS
10
4.5236220472440944
20
-3.8513779527559056
11
4.5118110236220472
21
-3.8513779527559056
0
LINE
8
BLACK
6
CONTINUOUS
10
4.5118110236220472
20
-3.8513779527559056
11
4.5095510629921263
21
-3.8509284251968503
0
LINE
8
BLACK
6
CONTINUOUS
10
4.5095510629921263
20
-3.8509284251968503
11
4.5076351968503934
21
-3.8496482677165353
0
LINE
8
BLACK
6
CONTINUOUS
10
4.5076351968503934
20
-3.8496482677165353
11
4.5063550393700789
21
-3.8477324015748029
0
LINE
8
BLACK
6
CONTINUOUS
10
4.5063550393700789
20
-3.8477324015748029
11
4.5059055118110232
21
-3.8454724409448819
0
LINE
8
BLACK
6
CONTINUOUS
10
4.5059055118110232
20
-3.8454724409448819
11
4.5059055118110232
21
-3.776574803149606
0
LINE
8
BLACK
6
CONTINUOUS
10
4.5059055118110232
20
-3.776574803149606
11
4.5063550393700789
21
-3.7743148425196851
0
LINE
8
BLACK
6
CONTINUOUS
10
4.5063550393700789
20
-3.7743148425196851
11
4.5076351968503934
21
-3.7723989763779526
0
LINE
8
BLACK
6
CONTINUOUS
10
4.5076351968503934
20
-3.7723989763779526
11
4.5095510629921263
21
-3.7711188188976377
0
LINE
8
BLACK
6
CONTINUOUS
10
4.5095510629921263
20
-3.7711188188976377
11
4.5118110236220472
21
-3.7706692913385824
0
LINE
8
BLACK
6
CONTINUOUS
10
4.5118110236220472
20
-3.7706692913385824
11
4.5236220472440944
21
-3.7706692913385824
0
LINE
8
BLACK
6
CONTINUOUS
10
4.5236220472440944
20
-3.7706692913385824
11
4.5258820078740154
21
-3.7711188188976377
0
LINE
8
BLACK
6
CONTINUOUS
10
4.5758820078740152
20
-3.7711188188976377
11
4.5777978740157481
21
-3.7723989763779526
0
LINE
8
BLACK
6
CONTINUOUS
10
4.5777978740157481
20
-3.7723989763779526
11
4.5790780314960626
21
-3.7743148425196851
0
LINE
8
BLACK
6
CONTINUOUS
10
4.5790780314960626
20
-3.7743148425196851
11
4.5795275590551183
21
-3.776574803149606
0
LINE
8
BLACK
6
CONTINUOUS
10
4.5795275590551183
20
-3.776574803149606
11
4.5795275590551183
21
-3.8454724409448819
0
LINE
8
BLACK
6
CONTINUOUS
10
4.5795275590551183
20
-3.8454724409448819
11
4.5790780314960626
21
-3.8477324015748029
0
LINE
8
BLACK
6
CONTINUOUS
10
4.5790780314960626
20
-3.8477324015748029
11
4.5777978740157481
21
-3.8496482677165353
0
LINE
8
BLACK
6
CONTINUOUS
10
4.5777978740157481
20
-3.8496482677165353
11
4.5758820078740152
21
-3.8509284251968503
0
LINE
8
BLACK
6
CONTINUOUS
10
4.5758820078740152
20
-3.8509284251968503
11
4.5736220472440943
21
-3.8513779527559056
0
LINE
8
BLACK
6
CONTINUOUS
10
4.5736220472440943
20
-3.8513779527559056
11
4.561811023622047
21
-3.8513779527559056
0
LINE
8
BLACK
6
CONTINUOUS
10
4.561811023622047
20
-3.8513779527559056
11
4.5595510629921261
21
-3.8509284251968503
0
LINE
8
BLACK
6
CONTINUOUS
10
4.5595510629921261
20
-3.8509284251968503
11
4.5576351968503932
21
-3.8496482677165353
0
LINE
8
BLACK
6
CONTINUOUS
10
4.5576351968503932
20
-3.8496482677165353
11
4.5563550393700787
21
-3.8477324015748029
0
LINE
8
BLACK
6
CONTINUOUS
10
4.5563550393700787
20
-3.8477324015748029
11
4.5559055118110239
21
-3.8454724409448819
0
LINE
8
BLACK
6
CONTINUOUS
10
4.5559055118110239
20
-3.8454724409448819
11
4.5559055118110239
21
-3.776574803149606
0
LINE
8
BLACK
6
CONTINUOUS
10
4.5559055118110239
20
-3.776574803149606
11
4.5563550393700787
21
-3.7743148425196851
0
LINE
8
BLACK
6
CONTINUOUS
10
4.5563550393700787
20
-3.7743148425196851
11
4.5576351968503932
21
-3.7723989763779526
0
LINE
8
BLACK
6
CONTINUOUS
10
4.5576351968503932
20
-3.7723989763779526
11
4.5595510629921261
21
-3.7711188188976377
0
LINE
8
BLACK
6
CONTINUOUS
10
4.5595510629921261
20
-3.7711188188976377
11
4.561811023622047
21
-3.7706692913385824
0
LINE
8
BLACK
6
CONTINUOUS
10
4.561811023622047
20
-3.7706692913385824
11
4.5736220472440943
21
-3.7706692913385824
0
LINE
8
BLACK
6
CONTINUOUS
10
4.5736220472440943
20
-3.7706692913385824
11
4.5758820078740152
21
-3.7711188188976377
0
LINE
8
BLACK
6
CONTINUOUS
10
4.6258820078740159
20
-3.7711188188976377
11
4.6277978740157479
21
-3.7723989763779526
0
LINE
8
BLACK
6
CONTINUOUS
10
4.6277978740157479
20
-3.7723989763779526
11
4.6290780314960625
21
-3.7743148425196851
0
LINE
8
BLACK
6
CONTINUOUS
10
4.6290780314960625
20
-3.7743148425196851
11
4.6295275590551181
21
-3.776574803149606
0
LINE
8
BLACK
6
CONTINUOUS
10
4.6295275590551181
20
-3.776574803149606
11
4.6295275590551181
21
-3.8454724409448819
0
LINE
8
BLACK
6
CONTINUOUS
10
4.6295275590551181
20
-3.8454724409448819
11
4.6290780314960625
21
-3.8477324015748029
0
LINE
8
BLACK
6
CONTINUOUS
10
4.6290780314960625
20
-3.8477324015748029
11
4.6277978740157479
21
-3.8496482677165353
0
LINE
8
BLACK
6
CONTINUOUS
10
4.6277978740157479
20
-3.8496482677165353
11
4.6258820078740159
21
-3.8509284251968503
0
LINE
8
BLACK
6
CONTINUOUS
10
4.6258820078740159
20
-3.8509284251968503
11
4.6236220472440941
21
-3.8513779527559056
0
LINE
8
BLACK
6
CONTINUOUS
10
4.6236220472440941
20
-3.8513779527559056
11
4.6118110236220469
21
-3.8513779527559056
0
LINE
8
BLACK
6
CONTINUOUS
10
4.6118110236220469
20
-3.8513779527559056
11
4.6095510629921259
21
-3.8509284251968503
0
LINE
8
BLACK
6
CONTINUOUS
10
4.6095510629921259
20
-3.8509284251968503
11
4.6076351968503939
21
-3.8496482677165353
0
LINE
8
BLACK
6
CONTINUOUS
10
4.6076351968503939
20
-3.8496482677165353
11
4.6063550393700785
21
-3.8477324015748029
0
LINE
8
BLACK
6
CONTINUOUS
10
4.6063550393700785
20
-3.8477324015748029
11
4.6059055118110237
21
-3.8454724409448819
0
LINE
8
BLACK
6
CONTINUOUS
10
4.6059055118110237
20
-3.8454724409448819
11
4.6059055118110237
21
-3.776574803149606
0
LINE
8
BLACK
6
CONTINUOUS
10
4.6059055118110237
20
-3.776574803149606
11
4.6063550393700785
21
-3.7743148425196851
0
LINE
8
BLACK
6
CONTINUOUS
10
4.6063550393700785
20
-3.7743148425196851
11
4.6076351968503939
21
-3.7723989763779526
0
LINE
8
BLACK
6
CONTINUOUS
10
4.6076351968503939
20
-3.7723989763779526
11
4.6095510629921259
21
-3.7711188188976377
0
LINE
8
BLACK
6
CONTINUOUS
10
4.6095510629921259
20
-3.7711188188976377
11
4.6118110236220469
21
-3.7706692913385824
0
LINE
8
BLACK
6
CONTINUOUS
10
4.6118110236220469
20
-3.7706692913385824
11
4.6236220472440941
21
-3.7706692913385824
0
LINE
8
BLACK
6
CONTINUOUS
10
4.6236220472440941
20
-3.7706692913385824
11
4.6258820078740159
21
-3.7711188188976377
0
LINE
8
BLACK
6
CONTINUOUS
10
4.6758820078740158
20
-3.7711188188976377
11
4.6777978740157478
21
-3.7723989763779526
0
LINE
8
BLACK
6
CONTINUOUS
10
4.6777978740157478
20
-3.7723989763779526
11
4.6790780314960632
21
-3.7743148425196851
0
LINE
8
BLACK
6
CONTINUOUS
10
4.6790780314960632
20
-3.7743148425196851
11
4.679527559055118
21
-3.776574803149606
0
LINE
8
BLACK
6
CONTINUOUS
10
4.679527559055118
20
-3.776574803149606
11
4.679527559055118
21
-3.8454724409448819
0
LINE
8
BLACK
6
CONTINUOUS
10
4.679527559055118
20
-3.8454724409448819
11
4.6790780314960632
21
-3.8477324015748029
0
LINE
8
BLACK
6
CONTINUOUS
10
4.6790780314960632
20
-3.8477324015748029
11
4.6777978740157478
21
-3.8496482677165353
0
LINE
8
BLACK
6
CONTINUOUS
10
4.6777978740157478
20
-3.8496482677165353
11
4.6758820078740158
21
-3.8509284251968503
0
LINE
8
BLACK
6
CONTINUOUS
10
4.6758820078740158
20
-3.8509284251968503
11
4.6736220472440948
21
-3.8513779527559056
0
LINE
8
BLACK
6
CONTINUOUS
10
4.6736220472440948
20
-3.8513779527559056
11
4.6618110236220476
21
-3.8513779527559056
0
LINE
8
BLACK
6
CONTINUOUS
10
4.6618110236220476
20
-3.8513779527559056
11
4.6595510629921257
21
-3.8509284251968503
0
LINE
8
BLACK
6
CONTINUOUS
10
4.6595510629921257
20
-3.8509284251968503
11
4.6576351968503937
21
-3.8496482677165353
0
LINE
8
BLACK
6
CONTINUOUS
10
4.6576351968503937
20
-3.8496482677165353
11
4.6563550393700783
21
-3.8477324015748029
0
LINE
8
BLACK
6
CONTINUOUS
10
4.6563550393700783
20
-3.8477324015748029
11
4.6559055118110235
21
-3.8454724409448819
0
LINE
8
BLACK
6
CONTINUOUS
10
4.6559055118110235
20
-3.8454724409448819
11
4.6559055118110235
21
-3.776574803149606
0
LINE
8
BLACK
6
CONTINUOUS
10
4.6559055118110235
20
-3.776574803149606
11
4.6563550393700783
21
-3.7743148425196851
0
LINE
8
BLACK
6
CONTINUOUS
10
4.6563550393700783
20
-3.7743148425196851
11
4.6576351968503937
21
-3.7723989763779526
0
LINE
8
BLACK
6
CONTINUOUS
10
4.6576351968503937
20
-3.7723989763779526
11
4.6595510629921257
21
-3.7711188188976377
0
LINE
8
BLACK
6
CONTINUOUS
10
4.6595510629921257
20
-3.7711188188976377
11
4.6618110236220476
21
-3.7706692913385824
0
LINE
8
BLACK
6
CONTINUOUS
10
4.6618110236220476
20
-3.7706692913385824
11
4.6736220472440948
21
-3.7706692913385824
0
LINE
8
BLACK
6
CONTINUOUS
10
4.6736220472440948
20
-3.7706692913385824
11
4.6758820078740158
21
-3.7711188188976377
0
LINE
8
BLACK
6
CONTINUOUS
10
4.7758820078740154
20
-3.7711188188976377
11
4.7777978740157483
21
-3.7723989763779526
0
LINE
8
BLACK
6
CONTINUOUS
10
4.7777978740157483
20
-3.7723989763779526
11
4.7790780314960628
21
-3.7743148425196851
0
LINE
8
BLACK
6
CONTINUOUS
10
4.7790780314960628
20
-3.7743148425196851
11
4.7795275590551176
21
-3.776574803149606
0
LINE
8
BLACK
6
CONTINUOUS
10
4.7795275590551176
20
-3.776574803149606
11
4.7795275590551176
21
-3.8454724409448819
0
LINE
8
BLACK
6
CONTINUOUS
10
4.7795275590551176
20
-3.8454724409448819
11
4.7790780314960628
21
-3.8477324015748029
0
LINE
8
BLACK
6
CONTINUOUS
10
4.7790780314960628
20
-3.8477324015748029
11
4.7777978740157483
21
-3.8496482677165353
0
LINE
8
BLACK
6
CONTINUOUS
10
4.7777978740157483
20
-3.8496482677165353
11
4.7758820078740154
21
-3.8509284251968503
0
LINE
8
BLACK
6
CONTINUOUS
10
4.7758820078740154
20
-3.8509284251968503
11
4.7736220472440944
21
-3.8513779527559056
0
LINE
8
BLACK
6
CONTINUOUS
10
4.7736220472440944
20
-3.8513779527559056
11
4.7618110236220472
21
-3.8513779527559056
0
LINE
8
BLACK
6
CONTINUOUS
10
4.7618110236220472
20
-3.8513779527559056
11
4.7595510629921263
21
-3.8509284251968503
0
LINE
8
BLACK
6
CONTINUOUS
10
4.7595510629921263
20
-3.8509284251968503
11
4.7576351968503934
21
-3.8496482677165353
0
LINE
8
BLACK
6
CONTINUOUS
10
4.7576351968503934
20
-3.8496482677165353
11
4.7563550393700789
21
-3.8477324015748029
0
LINE
8
BLACK
6
CONTINUOUS
10
4.7563550393700789
20
-3.8477324015748029
11
4.7559055118110232
21
-3.8454724409448819
0
LINE
8
BLACK
6
CONTINUOUS
10
4.7559055118110232
20
-3.8454724409448819
11
4.7559055118110232
21
-3.776574803149606
0
LINE
8
BLACK
6
CONTINUOUS
10
4.7559055118110232
20
-3.776574803149606
11
4.7563550393700789
21
-3.7743148425196851
0
LINE
8
BLACK
6
CONTINUOUS
10
4.7563550393700789
20
-3.7743148425196851
11
4.7576351968503934
21
-3.7723989763779526
0
LINE
8
BLACK
6
CONTINUOUS
10
4.7576351968503934
20
-3.7723989763779526
11
4.7595510629921263
21
-3.7711188188976377
0
LINE
8
BLACK
6
CONTINUOUS
10
4.7595510629921263
20
-3.7711188188976377
11
4.7618110236220472
21
-3.7706692913385824
0
LINE
8
BLACK
6
CONTINUOUS
10
4.7618110236220472
20
-3.7706692913385824
11
4.7736220472440944
21
-3.7706692913385824
0
LINE
8
BLACK
6
CONTINUOUS
10
4.7736220472440944
20
-3.7706692913385824
11
4.7758820078740154
21
-3.7711188188976377
0
LINE
8
BLACK
6
CONTINUOUS
10
3.1053149606299213
20
-3.730315
11
3.0907480314960631
21
-3.730315
0
LINE
8
BLACK
6
CONTINUOUS
10
3.0907480314960631
20
-3.730315
11
3.0907480314960631
21
-3.6860236614173227
0
LINE
8
BLACK
6
CONTINUOUS
10
3.0907480314960631
20
-3.6860236614173227
11
3.1053149606299213
21
-3.6860236614173227
0
LINE
8
BLACK
6
CONTINUOUS
10
3.1053149606299213
20
-3.6860236614173227
11
3.1053149606299213
21
-3.730315
0
LINE
8
BLACK
6
CONTINUOUS
10
3.1348350787401573
20
-3.730315
11
3.124992559055118
21
-3.730315
0
LINE
8
BLACK
6
CONTINUOUS
10
3.124992559055118
20
-3.730315
11
3.124992559055118
21
-3.6870079133858269
0
LINE
8
BLACK
6
CONTINUOUS
10
3.124992559055118
20
-3.6870079133858269
11
3.1348350787401573
21
-3.6870079133858269
0
LINE
8
BLACK
6
CONTINUOUS
10
3.1348350787401573
20
-3.6870079133858269
11
3.1348350787401573
21
-3.730315
0
LINE
8
BLACK
6
CONTINUOUS
10
3.1545251181102363
20
-3.730315
11
3.1446825984251969
21
-3.730315
0
LINE
8
BLACK
6
CONTINUOUS
10
3.1446825984251969
20
-3.730315
11
3.1446825984251969
21
-3.6870079133858269
0
LINE
8
BLACK
6
CONTINUOUS
10
3.1446825984251969
20
-3.6870079133858269
11
3.1545251181102363
21
-3.6870079133858269
0
LINE
8
BLACK
6
CONTINUOUS
10
3.1545251181102363
20
-3.6870079133858269
11
3.1545251181102363
21
-3.730315
0
LINE
8
BLACK
6
CONTINUOUS
10
3.2549237401574804
20
-3.7155512204724408
11
3.2510016141732283
21
-3.7155512204724408
0
LINE
8
BLACK
6
CONTINUOUS
10
3.2510016141732283
20
-3.7155512204724408
11
3.2510016141732283
21
-3.730315
0
LINE
8
BLACK
6
CONTINUOUS
10
3.2510016141732283
20
-3.730315
11
3.241159094488189
21
-3.730315
0
LINE
8
BLACK
6
CONTINUOUS
10
3.241159094488189
20
-3.730315
11
3.241159094488189
21
-3.7155512204724408
0
LINE
8
BLACK
6
CONTINUOUS
10
3.241159094488189
20
-3.7155512204724408
11
3.2313116141732281
21
-3.7155512204724408
0
LINE
8
BLACK
6
CONTINUOUS
10
3.2313116141732281
20
-3.7155512204724408
11
3.2313116141732281
21
-3.730315
0
LINE
8
BLACK
6
CONTINUOUS
10
3.2313116141732281
20
-3.730315
11
3.2214690944881887
21
-3.730315
0
LINE
8
BLACK
6
CONTINUOUS
10
3.2214690944881887
20
-3.730315
11
3.2214690944881887
21
-3.7155512204724408
0
LINE
8
BLACK
6
CONTINUOUS
10
3.2214690944881887
20
-3.7155512204724408
11
3.2116216141732283
21
-3.7155512204724408
0
LINE
8
BLACK
6
CONTINUOUS
10
3.2116216141732283
20
-3.7155512204724408
11
3.2116216141732283
21
-3.730315
0
LINE
8
BLACK
6
CONTINUOUS
10
3.2116216141732283
20
-3.730315
11
3.201779094488189
21
-3.730315
0
LINE
8
BLACK
6
CONTINUOUS
10
3.201779094488189
20
-3.730315
11
3.201779094488189
21
-3.7155512204724408
0
LINE
8
BLACK
6
CONTINUOUS
10
3.201779094488189
20
-3.7155512204724408
11
3.1919316141732281
21
-3.7155512204724408
0
LINE
8
BLACK
6
CONTINUOUS
10
3.1919316141732281
20
-3.7155512204724408
11
3.1919316141732281
21
-3.730315
0
LINE
8
BLACK
6
CONTINUOUS
10
3.1919316141732281
20
-3.730315
11
3.1820890944881888
21
-3.730315
0
LINE
8
BLACK
6
CONTINUOUS
10
3.1820890944881888
20
-3.730315
11
3.1820890944881888
21
-3.7155512204724408
0
LINE
8
BLACK
6
CONTINUOUS
10
3.1820890944881888
20
-3.7155512204724408
11
3.1742150787401573
21
-3.7155512204724408
0
LINE
8
BLACK
6
CONTINUOUS
10
3.1742150787401573
20
-3.7155512204724408
11
3.1742150787401573
21
-3.6722441338582676
0
LINE
8
BLACK
6
CONTINUOUS
10
3.1742150787401573
20
-3.6722441338582676
11
3.2549237401574804
21
-3.6722441338582676
0
LINE
8
BLACK
6
CONTINUOUS
10
3.2549237401574804
20
-3.6722441338582676
11
3.2549237401574804
21
-3.7155512204724408
0
LINE
8
BLACK
6
CONTINUOUS
10
3.0432554724409449
20
-3.6869882283464568
11
2.9882554724409447
21
-3.6869882283464568
0
LINE
8
BLACK
6
CONTINUOUS
10
2.9882554724409447
20
-3.6869882283464568
11
2.9882554724409447
21
-3.6519882283464566
0
LINE
8
BLACK
6
CONTINUOUS
10
2.9882554724409447
20
-3.6519882283464566
11
3.0432554724409449
21
-3.6519882283464566
0
LINE
8
BLACK
6
CONTINUOUS
10
3.0432554724409449
20
-3.6519882283464566
11
3.0432554724409449
21
-3.6869882283464568
0
LINE
8
BLACK
6
CONTINUOUS
10
3.1102362204724407
20
-3.6781496062992125
11
3.0787401574803148
21
-3.6781496062992125
0
LINE
8
BLACK
6
CONTINUOUS
10
3.0787401574803148
20
-3.6781496062992125
11
3.0787401574803148
21
-3.6683070866141732
0
LINE
8
BLACK
6
CONTINUOUS
10
3.0787401574803148
20
-3.6683070866141732
11
3.1102362204724407
21
-3.6683070866141732
0
LINE
8
BLACK
6
CONTINUOUS
10
3.1102362204724407
20
-3.6683070866141732
11
3.1102362204724407
21
-3.6781496062992125
0
LINE
8
BLACK
6
CONTINUOUS
10
3.1385827165354332
20
-3.6594488582677163
11
3.0787401968503936
21
-3.6594488582677163
0
LINE
8
BLACK
6
CONTINUOUS
10
3.0787401968503936
20
-3.6594488582677163
11
3.0787401968503936
21
-3.647637834645669
0
LINE
8
BLACK
6
CONTINUOUS
10
3.0787401968503936
20
-3.647637834645669
11
3.1385827165354332
21
-3.647637834645669
0
LINE
8
BLACK
6
CONTINUOUS
10
3.1385827165354332
20
-3.647637834645669
11
3.1385827165354332
21
-3.6594488582677163
0
LINE
8
BLACK
6
CONTINUOUS
10
3.1102362204724407
20
-3.6387796062992126
11
3.0787401574803148
21
-3.6387796062992126
0
LINE
8
BLACK
6
CONTINUOUS
10
3.0787401574803148
20
-3.6387796062992126
11
3.0787401574803148
21
-3.6289370866141732
0
LINE
8
BLACK
6
CONTINUOUS
10
3.0787401574803148
20
-3.6289370866141732
11
3.1102362204724407
21
-3.6289370866141732
0
LINE
8
BLACK
6
CONTINUOUS
10
3.1102362204724407
20
-3.6289370866141732
11
3.1102362204724407
21
-3.6387796062992126
0
LINE
8
BLACK
6
CONTINUOUS
10
3.1919316141732281
20
-3.591535472440945
11
3.201779094488189
21
-3.591535472440945
0
LINE
8
BLACK
6
CONTINUOUS
10
3.201779094488189
20
-3.591535472440945
11
3.201779094488189
21
-3.5767716929133857
0
LINE
8
BLACK
6
CONTINUOUS
10
3.201779094488189
20
-3.5767716929133857
11
3.2116216141732283
21
-3.5767716929133857
0
LINE
8
BLACK
6
CONTINUOUS
10
3.2116216141732283
20
-3.5767716929133857
11
3.2116216141732283
21
-3.591535472440945
0
LINE
8
BLACK
6
CONTINUOUS
10
3.2116216141732283
20
-3.591535472440945
11
3.2214690944881887
21
-3.591535472440945
0
LINE
8
BLACK
6
CONTINUOUS
10
3.2214690944881887
20
-3.591535472440945
11
3.2214690944881887
21
-3.5767716929133857
0
LINE
8
BLACK
6
CONTINUOUS
10
3.2214690944881887
20
-3.5767716929133857
11
3.2313116141732281
21
-3.5767716929133857
0
LINE
8
BLACK
6
CONTINUOUS
10
3.2313116141732281
20
-3.5767716929133857
11
3.2313116141732281
21
-3.591535472440945
0
LINE
8
BLACK
6
CONTINUOUS
10
3.2313116141732281
20
-3.591535472440945
11
3.241159094488189
21
-3.591535472440945
0
LINE
8
BLACK
6
CONTINUOUS
10
3.241159094488189
20
-3.591535472440945
11
3.241159094488189
21
-3.5767716929133857
0
LINE
8
BLACK
6
CONTINUOUS
10
3.241159094488189
20
-3.5767716929133857
11
3.2510016141732283
21
-3.5767716929133857
0
LINE
8
BLACK
6
CONTINUOUS
10
3.2510016141732283
20
-3.5767716929133857
11
3.2510016141732283
21
-3.591535472440945
0
LINE
8
BLACK
6
CONTINUOUS
10
3.2510016141732283
20
-3.591535472440945
11
3.2549237401574804
21
-3.591535472440945
0
LINE
8
BLACK
6
CONTINUOUS
10
3.2549237401574804
20
-3.591535472440945
11
3.2549237401574804
21
-3.6348425590551181
0
LINE
8
BLACK
6
CONTINUOUS
10
3.2549237401574804
20
-3.6348425590551181
11
3.1742150787401573
21
-3.6348425590551181
0
LINE
8
BLACK
6
CONTINUOUS
10
3.1742150787401573
20
-3.6348425590551181
11
3.1742150787401573
21
-3.591535472440945
0
LINE
8
BLACK
6
CONTINUOUS
10
3.1742150787401573
20
-3.591535472440945
11
3.1820890944881888
21
-3.591535472440945
0
LINE
8
BLACK
6
CONTINUOUS
10
3.1820890944881888
20
-3.591535472440945
11
3.1820890944881888
21
-3.5767716929133857
0
LINE
8
BLACK
6
CONTINUOUS
10
3.1820890944881888
20
-3.5767716929133857
11
3.1919316141732281
21
-3.5767716929133857
0
LINE
8
BLACK
6
CONTINUOUS
10
3.1919316141732281
20
-3.5767716929133857
11
3.1919316141732281
21
-3.591535472440945
0
LINE
8
BLACK
6
CONTINUOUS
10
3.1053149606299213
20
-3.621063031496063
11
3.0907480314960631
21
-3.621063031496063
0
LINE
8
BLACK
6
CONTINUOUS
10
3.0907480314960631
20
-3.621063031496063
11
3.0907480314960631
21
-3.5767716929133857
0
LINE
8
BLACK
6
CONTINUOUS
10
3.0907480314960631
20
-3.5767716929133857
11
3.1053149606299213
21
-3.5767716929133857
0
LINE
8
BLACK
6
CONTINUOUS
10
3.1053149606299213
20
-3.5767716929133857
11
3.1053149606299213
21
-3.621063031496063
0
LINE
8
BLACK
6
CONTINUOUS
10
3.1348350787401573
20
-3.6200787795275589
11
3.124992559055118
21
-3.6200787795275589
0
LINE
8
BLACK
6
CONTINUOUS
10
3.124992559055118
20
-3.6200787795275589
11
3.124992559055118
21
-3.5767716929133857
0
LINE
8
BLACK
6
CONTINUOUS
10
3.124992559055118
20
-3.5767716929133857
11
3.1348350787401573
21
-3.5767716929133857
0
LINE
8
BLACK
6
CONTINUOUS
10
3.1348350787401573
20
-3.5767716929133857
11
3.1348350787401573
21
-3.6200787795275589
0
LINE
8
BLACK
6
CONTINUOUS
10
3.1545251181102363
20
-3.6200787795275589
11
3.1446825984251969
21
-3.6200787795275589
0
LINE
8
BLACK
6
CONTINUOUS
10
3.1446825984251969
20
-3.6200787795275589
11
3.1446825984251969
21
-3.5767716929133857
0
LINE
8
BLACK
6
CONTINUOUS
10
3.1446825984251969
20
-3.5767716929133857
11
3.1545251181102363
21
-3.5767716929133857
0
LINE
8
BLACK
6
CONTINUOUS
10
3.1545251181102363
20
-3.5767716929133857
11
3.1545251181102363
21
-3.6200787795275589
0
LINE
8
BLACK
6
CONTINUOUS
10
3.0432554724409449
20
-3.6119882283464566
11
2.9882554724409447
21
-3.6119882283464566
0
LINE
8
BLACK
6
CONTINUOUS
10
2.9882554724409447
20
-3.6119882283464566
11
2.9882554724409447
21
-3.5769882283464565
0
LINE
8
BLACK
6
CONTINUOUS
10
2.9882554724409447
20
-3.5769882283464565
11
3.0432554724409449
21
-3.5769882283464565
0
LINE
8
BLACK
6
CONTINUOUS
10
3.0432554724409449
20
-3.5769882283464565
11
3.0432554724409449
21
-3.6119882283464566
0
LINE
8
BLACK
6
CONTINUOUS
10
3.9945827952755906
20
-3.4069455905511812
11
3.9964986614173226
21
-3.4082257480314961
0
LINE
8
BLACK
6
CONTINUOUS
10
3.9964986614173226
20
-3.4082257480314961
11
3.9977788188976375
21
-3.4101416141732281
0
LINE
8
BLACK
6
CONTINUOUS
10
3.9977788188976375
20
-3.4101416141732281
11
3.9982283464566928
21
-3.4124015748031495
0
LINE
8
BLACK
6
CONTINUOUS
10
3.9982283464566928
20
-3.4124015748031495
11
3.9982283464566928
21
-3.481299212598425
0
LINE
8
BLACK
6
CONTINUOUS
10
3.9982283464566928
20
-3.481299212598425
11
3.9977788188976375
21
-3.4835591732283464
0
LINE
8
BLACK
6
CONTINUOUS
10
3.9977788188976375
20
-3.4835591732283464
11
3.9964986614173226
21
-3.4854750393700789
0
LINE
8
BLACK
6
CONTINUOUS
10
3.9964986614173226
20
-3.4854750393700789
11
3.9945827952755906
21
-3.4867551968503938
0
LINE
8
BLACK
6
CONTINUOUS
10
3.9945827952755906
20
-3.4867551968503938
11
3.9923228346456692
21
-3.4872047244094486
0
LINE
8
BLACK
6
CONTINUOUS
10
3.9923228346456692
20
-3.4872047244094486
11
3.9805118110236219
21
-3.4872047244094486
0
LINE
8
BLACK
6
CONTINUOUS
10
3.9805118110236219
20
-3.4872047244094486
11
3.9782518503937006
21
-3.4867551968503938
0
LINE
8
BLACK
6
CONTINUOUS
10
3.9782518503937006
20
-3.4867551968503938
11
3.9763359842519685
21
-3.4854750393700789
0
LINE
8
BLACK
6
CONTINUOUS
10
3.9763359842519685
20
-3.4854750393700789
11
3.9750558267716536
21
-3.4835591732283464
0
LINE
8
BLACK
6
CONTINUOUS
10
3.9750558267716536
20
-3.4835591732283464
11
3.9746062992125983
21
-3.481299212598425
0
LINE
8
BLACK
6
CONTINUOUS
10
3.9746062992125983
20
-3.481299212598425
11
3.9746062992125983
21
-3.4124015748031495
0
LINE
8
BLACK
6
CONTINUOUS
10
3.9746062992125983
20
-3.4124015748031495
11
3.9750558267716536
21
-3.4101416141732281
0
LINE
8
BLACK
6
CONTINUOUS
10
3.9750558267716536
20
-3.4101416141732281
11
3.9763359842519685
21
-3.4082257480314961
0
LINE
8
BLACK
6
CONTINUOUS
10
3.9763359842519685
20
-3.4082257480314961
11
3.9782518503937006
21
-3.4069455905511812
0
LINE
8
BLACK
6
CONTINUOUS
10
3.9782518503937006
20
-3.4069455905511812
11
3.9805118110236219
21
-3.4064960629921259
0
LINE
8
BLACK
6
CONTINUOUS
10
3.9805118110236219
20
-3.4064960629921259
11
3.9923228346456692
21
-3.4064960629921259
0
LINE
8
BLACK
6
CONTINUOUS
10
3.9923228346456692
20
-3.4064960629921259
11
3.9945827952755906
21
-3.4069455905511812
0
LINE
8
BLACK
6
CONTINUOUS
10
4.0945827952755902
20
-3.4069455905511812
11
4.0964986614173231
21
-3.4082257480314961
0
LINE
8
BLACK
6
CONTINUOUS
10
4.0964986614173231
20
-3.4082257480314961
11
4.0977788188976376
21
-3.4101416141732281
0
LINE
8
BLACK
6
CONTINUOUS
10
4.0977788188976376
20
-3.4101416141732281
11
4.0982283464566924
21
-3.4124015748031495
0
LINE
8
BLACK
6
CONTINUOUS
10
4.0982283464566924
20
-3.4124015748031495
11
4.0982283464566924
21
-3.481299212598425
0
LINE
8
BLACK
6
CONTINUOUS
10
4.0982283464566924
20
-3.481299212598425
11
4.0977788188976376
21
-3.4835591732283464
0
LINE
8
BLACK
6
CONTINUOUS
10
4.0977788188976376
20
-3.4835591732283464
11
4.0964986614173231
21
-3.4854750393700789
0
LINE
8
BLACK
6
CONTINUOUS
10
4.0964986614173231
20
-3.4854750393700789
11
4.0945827952755902
21
-3.4867551968503938
0
LINE
8
BLACK
6
CONTINUOUS
10
4.0945827952755902
20
-3.4867551968503938
11
4.0923228346456693
21
-3.4872047244094486
0
LINE
8
BLACK
6
CONTINUOUS
10
4.0923228346456693
20
-3.4872047244094486
11
4.080511811023622
21
-3.4872047244094486
0
LINE
8
BLACK
6
CONTINUOUS
10
4.080511811023622
20
-3.4872047244094486
11
4.0782518503937011
21
-3.4867551968503938
0
LINE
8
BLACK
6
CONTINUOUS
10
4.0782518503937011
20
-3.4867551968503938
11
4.0763359842519682
21
-3.4854750393700789
0
LINE
8
BLACK
6
CONTINUOUS
10
4.0763359842519682
20
-3.4854750393700789
11
4.0750558267716537
21
-3.4835591732283464
0
LINE
8
BLACK
6
CONTINUOUS
10
4.0750558267716537
20
-3.4835591732283464
11
4.074606299212598
21
-3.481299212598425
0
LINE
8
BLACK
6
CONTINUOUS
10
4.074606299212598
20
-3.481299212598425
11
4.074606299212598
21
-3.4124015748031495
0
LINE
8
BLACK
6
CONTINUOUS
10
4.074606299212598
20
-3.4124015748031495
11
4.0750558267716537
21
-3.4101416141732281
0
LINE
8
BLACK
6
CONTINUOUS
10
4.0750558267716537
20
-3.4101416141732281
11
4.0763359842519682
21
-3.4082257480314961
0
LINE
8
BLACK
6
CONTINUOUS
10
4.0763359842519682
20
-3.4082257480314961
11
4.0782518503937011
21
-3.4069455905511812
0
LINE
8
BLACK
6
CONTINUOUS
10
4.0782518503937011
20
-3.4069455905511812
11
4.080511811023622
21
-3.4064960629921259
0
LINE
8
BLACK
6
CONTINUOUS
10
4.080511811023622
20
-3.4064960629921259
11
4.0923228346456693
21
-3.4064960629921259
0
LINE
8
BLACK
6
CONTINUOUS
10
4.0923228346456693
20
-3.4064960629921259
11
4.0945827952755902
21
-3.4069455905511812
0
LINE
8
BLACK
6
CONTINUOUS
10
4.14458279527559
20
-3.4069455905511812
11
4.1464986614173229
21
-3.4082257480314961
0
LINE
8
BLACK
6
CONTINUOUS
10
4.1464986614173229
20
-3.4082257480314961
11
4.1477788188976374
21
-3.4101416141732281
0
LINE
8
BLACK
6
CONTINUOUS
10
4.1477788188976374
20
-3.4101416141732281
11
4.1482283464566931
21
-3.4124015748031495
0
LINE
8
BLACK
6
CONTINUOUS
10
4.1482283464566931
20
-3.4124015748031495
11
4.1482283464566931
21
-3.481299212598425
0
LINE
8
BLACK
6
CONTINUOUS
10
4.1482283464566931
20
-3.481299212598425
11
4.1477788188976374
21
-3.4835591732283464
0
LINE
8
BLACK
6
CONTINUOUS
10
4.1477788188976374
20
-3.4835591732283464
11
4.1464986614173229
21
-3.4854750393700789
0
LINE
8
BLACK
6
CONTINUOUS
10
4.1464986614173229
20
-3.4854750393700789
11
4.14458279527559
21
-3.4867551968503938
0
LINE
8
BLACK
6
CONTINUOUS
10
4.14458279527559
20
-3.4867551968503938
11
4.1423228346456691
21
-3.4872047244094486
0
LINE
8
BLACK
6
CONTINUOUS
10
4.1423228346456691
20
-3.4872047244094486
11
4.1305118110236219
21
-3.4872047244094486
0
LINE
8
BLACK
6
CONTINUOUS
10
4.1305118110236219
20
-3.4872047244094486
11
4.1282518503937009
21
-3.4867551968503938
0
LINE
8
BLACK
6
CONTINUOUS
10
4.1282518503937009
20
-3.4867551968503938
11
4.126335984251968
21
-3.4854750393700789
0
LINE
8
BLACK
6
CONTINUOUS
10
4.126335984251968
20
-3.4854750393700789
11
4.1250558267716535
21
-3.4835591732283464
0
LINE
8
BLACK
6
CONTINUOUS
10
4.1250558267716535
20
-3.4835591732283464
11
4.1246062992125987
21
-3.481299212598425
0
LINE
8
BLACK
6
CONTINUOUS
10
4.1246062992125987
20
-3.481299212598425
11
4.1246062992125987
21
-3.4124015748031495
0
LINE
8
BLACK
6
CONTINUOUS
10
4.1246062992125987
20
-3.4124015748031495
11
4.1250558267716535
21
-3.4101416141732281
0
LINE
8
BLACK
6
CONTINUOUS
10
4.1250558267716535
20
-3.4101416141732281
11
4.126335984251968
21
-3.4082257480314961
0
LINE
8
BLACK
6
CONTINUOUS
10
4.126335984251968
20
-3.4082257480314961
11
4.1282518503937009
21
-3.4069455905511812
0
LINE
8
BLACK
6
CONTINUOUS
10
4.1282518503937009
20
-3.4069455905511812
11
4.1305118110236219
21
-3.4064960629921259
0
LINE
8
BLACK
6
CONTINUOUS
10
4.1305118110236219
20
-3.4064960629921259
11
4.1423228346456691
21
-3.4064960629921259
0
LINE
8
BLACK
6
CONTINUOUS
10
4.1423228346456691
20
-3.4064960629921259
11
4.14458279527559
21
-3.4069455905511812
0
LINE
8
BLACK
6
CONTINUOUS
10
4.1945827952755907
20
-3.4069455905511812
11
4.1964986614173228
21
-3.4082257480314961
0
LINE
8
BLACK
6
CONTINUOUS
10
4.1964986614173228
20
-3.4082257480314961
11
4.1977788188976373
21
-3.4101416141732281
0
LINE
8
BLACK
6
CONTINUOUS
10
4.1977788188976373
20
-3.4101416141732281
11
4.198228346456693
21
-3.4124015748031495
0
LINE
8
BLACK
6
CONTINUOUS
10
4.198228346456693
20
-3.4124015748031495
11
4.198228346456693
21
-3.481299212598425
0
LINE
8
BLACK
6
CONTINUOUS
10
4.198228346456693
20
-3.481299212598425
11
4.1977788188976373
21
-3.4835591732283464
0
LINE
8
BLACK
6
CONTINUOUS
10
4.1977788188976373
20
-3.4835591732283464
11
4.1964986614173228
21
-3.4854750393700789
0
LINE
8
BLACK
6
CONTINUOUS
10
4.1964986614173228
20
-3.4854750393700789
11
4.1945827952755907
21
-3.4867551968503938
0
LINE
8
BLACK
6
CONTINUOUS
10
4.1945827952755907
20
-3.4867551968503938
11
4.1923228346456689
21
-3.4872047244094486
0
LINE
8
BLACK
6
CONTINUOUS
10
4.1923228346456689
20
-3.4872047244094486
11
4.1805118110236217
21
-3.4872047244094486
0
LINE
8
BLACK
6
CONTINUOUS
10
4.1805118110236217
20
-3.4872047244094486
11
4.1782518503937007
21
-3.4867551968503938
0
LINE
8
BLACK
6
CONTINUOUS
10
4.1782518503937007
20
-3.4867551968503938
11
4.1763359842519687
21
-3.4854750393700789
0
LINE
8
BLACK
6
CONTINUOUS
10
4.1763359842519687
20
-3.4854750393700789
11
4.1750558267716533
21
-3.4835591732283464
0
LINE
8
BLACK
6
CONTINUOUS
10
4.1750558267716533
20
-3.4835591732283464
11
4.1746062992125985
21
-3.481299212598425
0
LINE
8
BLACK
6
CONTINUOUS
10
4.1746062992125985
20
-3.481299212598425
11
4.1746062992125985
21
-3.4124015748031495
0
LINE
8
BLACK
6
CONTINUOUS
10
4.1746062992125985
20
-3.4124015748031495
11
4.1750558267716533
21
-3.4101416141732281
0
LINE
8
BLACK
6
CONTINUOUS
10
4.1750558267716533
20
-3.4101416141732281
11
4.1763359842519687
21
-3.4082257480314961
0
LINE
8
BLACK
6
CONTINUOUS
10
4.1763359842519687
20
-3.4082257480314961
11
4.1782518503937007
21
-3.4069455905511812
0
LINE
8
BLACK
6
CONTINUOUS
10
4.1782518503937007
20
-3.4069455905511812
11
4.1805118110236217
21
-3.4064960629921259
0
LINE
8
BLACK
6
CONTINUOUS
10
4.1805118110236217
20
-3.4064960629921259
11
4.1923228346456689
21
-3.4064960629921259
0
LINE
8
BLACK
6
CONTINUOUS
10
4.1923228346456689
20
-3.4064960629921259
11
4.1945827952755907
21
-3.4069455905511812
0
LINE
8
BLACK
6
CONTINUOUS
10
4.2445827952755906
20
-3.4069455905511812
11
4.2464986614173226
21
-3.4082257480314961
0
LINE
8
BLACK
6
CONTINUOUS
10
4.2464986614173226
20
-3.4082257480314961
11
4.247778818897638
21
-3.4101416141732281
0
LINE
8
BLACK
6
CONTINUOUS
10
4.247778818897638
20
-3.4101416141732281
11
4.2482283464566928
21
-3.4124015748031495
0
LINE
8
BLACK
6
CONTINUOUS
10
4.2482283464566928
20
-3.4124015748031495
11
4.2482283464566928
21
-3.481299212598425
0
LINE
8
BLACK
6
CONTINUOUS
10
4.2482283464566928
20
-3.481299212598425
11
4.247778818897638
21
-3.4835591732283464
0
LINE
8
BLACK
6
CONTINUOUS
10
4.247778818897638
20
-3.4835591732283464
11
4.2464986614173226
21
-3.4854750393700789
0
LINE
8
BLACK
6
CONTINUOUS
10
4.2464986614173226
20
-3.4854750393700789
11
4.2445827952755906
21
-3.4867551968503938
0
LINE
8
BLACK
6
CONTINUOUS
10
4.2445827952755906
20
-3.4867551968503938
11
4.2423228346456696
21
-3.4872047244094486
0
LINE
8
BLACK
6
CONTINUOUS
10
4.2423228346456696
20
-3.4872047244094486
11
4.2305118110236224
21
-3.4872047244094486
0
LINE
8
BLACK
6
CONTINUOUS
10
4.2305118110236224
20
-3.4872047244094486
11
4.2282518503937006
21
-3.4867551968503938
0
LINE
8
BLACK
6
CONTINUOUS
10
4.2282518503937006
20
-3.4867551968503938
11
4.2263359842519685
21
-3.4854750393700789
0
LINE
8
BLACK
6
CONTINUOUS
10
4.2263359842519685
20
-3.4854750393700789
11
4.2250558267716531
21
-3.4835591732283464
0
LINE
8
BLACK
6
CONTINUOUS
10
4.2250558267716531
20
-3.4835591732283464
11
4.2246062992125983
21
-3.481299212598425
0
LINE
8
BLACK
6
CONTINUOUS
10
4.2246062992125983
20
-3.481299212598425
11
4.2246062992125983
21
-3.4124015748031495
0
LINE
8
BLACK
6
CONTINUOUS
10
4.2246062992125983
20
-3.4124015748031495
11
4.2250558267716531
21
-3.4101416141732281
0
LINE
8
BLACK
6
CONTINUOUS
10
4.2250558267716531
20
-3.4101416141732281
11
4.2263359842519685
21
-3.4082257480314961
0
LINE
8
BLACK
6
CONTINUOUS
10
4.2263359842519685
20
-3.4082257480314961
11
4.2282518503937006
21
-3.4069455905511812
0
LINE
8
BLACK
6
CONTINUOUS
10
4.2282518503937006
20
-3.4069455905511812
11
4.2305118110236224
21
-3.4064960629921259
0
LINE
8
BLACK
6
CONTINUOUS
10
4.2305118110236224
20
-3.4064960629921259
11
4.2423228346456696
21
-3.4064960629921259
0
LINE
8
BLACK
6
CONTINUOUS
10
4.2423228346456696
20
-3.4064960629921259
11
4.2445827952755906
21
-3.4069455905511812
0
LINE
8
BLACK
6
CONTINUOUS
10
4.3445827952755902
20
-3.4069455905511812
11
4.3464986614173231
21
-3.4082257480314961
0
LINE
8
BLACK
6
CONTINUOUS
10
4.3464986614173231
20
-3.4082257480314961
11
4.3477788188976376
21
-3.4101416141732281
0
LINE
8
BLACK
6
CONTINUOUS
10
4.3477788188976376
20
-3.4101416141732281
11
4.3482283464566924
21
-3.4124015748031495
0
LINE
8
BLACK
6
CONTINUOUS
10
4.3482283464566924
20
-3.4124015748031495
11
4.3482283464566924
21
-3.481299212598425
0
LINE
8
BLACK
6
CONTINUOUS
10
4.3482283464566924
20
-3.481299212598425
11
4.3477788188976376
21
-3.4835591732283464
0
LINE
8
BLACK
6
CONTINUOUS
10
4.3477788188976376
20
-3.4835591732283464
11
4.3464986614173231
21
-3.4854750393700789
0
LINE
8
BLACK
6
CONTINUOUS
10
4.3464986614173231
20
-3.4854750393700789
11
4.3445827952755902
21
-3.4867551968503938
0
LINE
8
BLACK
6
CONTINUOUS
10
4.3445827952755902
20
-3.4867551968503938
11
4.3423228346456693
21
-3.4872047244094486
0
LINE
8
BLACK
6
CONTINUOUS
10
4.3423228346456693
20
-3.4872047244094486
11
4.330511811023622
21
-3.4872047244094486
0
LINE
8
BLACK
6
CONTINUOUS
10
4.330511811023622
20
-3.4872047244094486
11
4.3282518503937011
21
-3.4867551968503938
0
LINE
8
BLACK
6
CONTINUOUS
10
4.3282518503937011
20
-3.4867551968503938
11
4.3263359842519682
21
-3.4854750393700789
0
LINE
8
BLACK
6
CONTINUOUS
10
4.3263359842519682
20
-3.4854750393700789
11
4.3250558267716537
21
-3.4835591732283464
0
LINE
8
BLACK
6
CONTINUOUS
10
4.3250558267716537
20
-3.4835591732283464
11
4.324606299212598
21
-3.481299212598425
0
LINE
8
BLACK
6
CONTINUOUS
10
4.324606299212598
20
-3.481299212598425
11
4.324606299212598
21
-3.4124015748031495
0
LINE
8
BLACK
6
CONTINUOUS
10
4.324606299212598
20
-3.4124015748031495
11
4.3250558267716537
21
-3.4101416141732281
0
LINE
8
BLACK
6
CONTINUOUS
10
4.3250558267716537
20
-3.4101416141732281
11
4.3263359842519682
21
-3.4082257480314961
0
LINE
8
BLACK
6
CONTINUOUS
10
4.3263359842519682
20
-3.4082257480314961
11
4.3282518503937011
21
-3.4069455905511812
0
LINE
8
BLACK
6
CONTINUOUS
10
4.3282518503937011
20
-3.4069455905511812
11
4.330511811023622
21
-3.4064960629921259
0
LINE
8
BLACK
6
CONTINUOUS
10
4.330511811023622
20
-3.4064960629921259
11
4.3423228346456693
21
-3.4064960629921259
0
LINE
8
BLACK
6
CONTINUOUS
10
4.3423228346456693
20
-3.4064960629921259
11
4.3445827952755902
21
-3.4069455905511812
0
LINE
8
BLACK
6
CONTINUOUS
10
4.0445827952755904
20
-3.4069455511811024
11
4.0464986614173224
21
-3.4082257086614174
0
LINE
8
BLACK
6
CONTINUOUS
10
4.0464986614173224
20
-3.4082257086614174
11
4.0477788188976378
21
-3.4101415748031494
0
LINE
8
BLACK
6
CONTINUOUS
10
4.0477788188976378
20
-3.4101415748031494
11
4.0482283464566926
21
-3.4124015354330708
0
LINE
8
BLACK
6
CONTINUOUS
10
4.0482283464566926
20
-3.4124015354330708
11
4.0482283464566926
21
-3.4812991732283463
0
LINE
8
BLACK
6
CONTINUOUS
10
4.0482283464566926
20
-3.4812991732283463
11
4.0477788188976378
21
-3.4835591338582677
0
LINE
8
BLACK
6
CONTINUOUS
10
4.0477788188976378
20
-3.4835591338582677
11
4.0464986614173224
21
-3.4854750000000001
0
LINE
8
BLACK
6
CONTINUOUS
10
4.0464986614173224
20
-3.4854750000000001
11
4.0445827952755904
21
-3.4867551574803151
0
LINE
8
BLACK
6
CONTINUOUS
10
4.0445827952755904
20
-3.4867551574803151
11
4.0423228346456694
21
-3.4872046850393699
0
LINE
8
BLACK
6
CONTINUOUS
10
4.0423228346456694
20
-3.4872046850393699
11
4.0305118110236222
21
-3.4872046850393699
0
LINE
8
BLACK
6
CONTINUOUS
10
4.0305118110236222
20
-3.4872046850393699
11
4.0282518503937004
21
-3.4867551574803151
0
LINE
8
BLACK
6
CONTINUOUS
10
4.0282518503937004
20
-3.4867551574803151
11
4.0263359842519684
21
-3.4854750000000001
0
LINE
8
BLACK
6
CONTINUOUS
10
4.0263359842519684
20
-3.4854750000000001
11
4.0250558267716539
21
-3.4835591338582677
0
LINE
8
BLACK
6
CONTINUOUS
10
4.0250558267716539
20
-3.4835591338582677
11
4.0246062992125982
21
-3.4812991732283463
0
LINE
8
BLACK
6
CONTINUOUS
10
4.0246062992125982
20
-3.4812991732283463
11
4.0246062992125982
21
-3.4124015354330708
0
LINE
8
BLACK
6
CONTINUOUS
10
4.0246062992125982
20
-3.4124015354330708
11
4.0250558267716539
21
-3.4101415748031494
0
LINE
8
BLACK
6
CONTINUOUS
10
4.0250558267716539
20
-3.4101415748031494
11
4.0263359842519684
21
-3.4082257086614174
0
LINE
8
BLACK
6
CONTINUOUS
10
4.0263359842519684
20
-3.4082257086614174
11
4.0282518503937004
21
-3.4069455511811024
0
LINE
8
BLACK
6
CONTINUOUS
10
4.0282518503937004
20
-3.4069455511811024
11
4.0305118110236222
21
-3.4064960236220472
0
LINE
8
BLACK
6
CONTINUOUS
10
4.0305118110236222
20
-3.4064960236220472
11
4.0423228346456694
21
-3.4064960236220472
0
LINE
8
BLACK
6
CONTINUOUS
10
4.0423228346456694
20
-3.4064960236220472
11
4.0445827952755904
21
-3.4069455511811024
0
LINE
8
BLACK
6
CONTINUOUS
10
4.2945827952755904
20
-3.4069455511811024
11
4.2964986614173224
21
-3.4082257086614174
0
LINE
8
BLACK
6
CONTINUOUS
10
4.2964986614173224
20
-3.4082257086614174
11
4.2977788188976378
21
-3.4101415748031494
0
LINE
8
BLACK
6
CONTINUOUS
10
4.2977788188976378
20
-3.4101415748031494
11
4.2982283464566926
21
-3.4124015354330708
0
LINE
8
BLACK
6
CONTINUOUS
10
4.2982283464566926
20
-3.4124015354330708
11
4.2982283464566926
21
-3.4812991732283463
0
LINE
8
BLACK
6
CONTINUOUS
10
4.2982283464566926
20
-3.4812991732283463
11
4.2977788188976378
21
-3.4835591338582677
0
LINE
8
BLACK
6
CONTINUOUS
10
4.2977788188976378
20
-3.4835591338582677
11
4.2964986614173224
21
-3.4854750000000001
0
LINE
8
BLACK
6
CONTINUOUS
10
4.2964986614173224
20
-3.4854750000000001
11
4.2945827952755904
21
-3.4867551574803151
0
LINE
8
BLACK
6
CONTINUOUS
10
4.2945827952755904
20
-3.4867551574803151
11
4.2923228346456694
21
-3.4872046850393699
0
LINE
8
BLACK
6
CONTINUOUS
10
4.2923228346456694
20
-3.4872046850393699
11
4.2805118110236222
21
-3.4872046850393699
0
LINE
8
BLACK
6
CONTINUOUS
10
4.2805118110236222
20
-3.4872046850393699
11
4.2782518503937004
21
-3.4867551574803151
0
LINE
8
BLACK
6
CONTINUOUS
10
4.2782518503937004
20
-3.4867551574803151
11
4.2763359842519684
21
-3.4854750000000001
0
LINE
8
BLACK
6
CONTINUOUS
10
4.2763359842519684
20
-3.4854750000000001
11
4.2750558267716539
21
-3.4835591338582677
0
LINE
8
BLACK
6
CONTINUOUS
10
4.2750558267716539
20
-3.4835591338582677
11
4.2746062992125982
21
-3.4812991732283463
0
LINE
8
BLACK
6
CONTINUOUS
10
4.2746062992125982
20
-3.4812991732283463
11
4.2746062992125982
21
-3.4124015354330708
0
LINE
8
BLACK
6
CONTINUOUS
10
4.2746062992125982
20
-3.4124015354330708
11
4.2750558267716539
21
-3.4101415748031494
0
LINE
8
BLACK
6
CONTINUOUS
10
4.2750558267716539
20
-3.4101415748031494
11
4.2763359842519684
21
-3.4082257086614174
0
LINE
8
BLACK
6
CONTINUOUS
10
4.2763359842519684
20
-3.4082257086614174
11
4.2782518503937004
21
-3.4069455511811024
0
LINE
8
BLACK
6
CONTINUOUS
10
4.2782518503937004
20
-3.4069455511811024
11
4.2805118110236222
21
-3.4064960236220472
0
LINE
8
BLACK
6
CONTINUOUS
10
4.2805118110236222
20
-3.4064960236220472
11
4.2923228346456694
21
-3.4064960236220472
0
LINE
8
BLACK
6
CONTINUOUS
10
4.2923228346456694
20
-3.4064960236220472
11
4.2945827952755904
21
-3.4069455511811024
0
LINE
8
BLACK
6
CONTINUOUS
10
3.5615119291338582
20
-3.4049770866141733
11
3.5634277952755906
21
-3.4062572440944883
0
LINE
8
BLACK
6
CONTINUOUS
10
3.5634277952755906
20
-3.4062572440944883
11
3.5647079527559056
21
-3.4081731102362203
0
LINE
8
BLACK
6
CONTINUOUS
10
3.5647079527559056
20
-3.4081731102362203
11
3.5651574803149604
21
-3.4104330708661417
0
LINE
8
BLACK
6
CONTINUOUS
10
3.5651574803149604
20
-3.4104330708661417
11
3.5651574803149604
21
-3.4793307086614171
0
LINE
8
BLACK
6
CONTINUOUS
10
3.5651574803149604
20
-3.4793307086614171
11
3.5647079527559056
21
-3.4815906692913385
0
LINE
8
BLACK
6
CONTINUOUS
10
3.5647079527559056
20
-3.4815906692913385
11
3.5634277952755906
21
-3.483506535433071
0
LINE
8
BLACK
6
CONTINUOUS
10
3.5634277952755906
20
-3.483506535433071
11
3.5615119291338582
21
-3.4847866929133859
0
LINE
8
BLACK
6
CONTINUOUS
10
3.5615119291338582
20
-3.4847866929133859
11
3.5592519685039368
21
-3.4852362204724407
0
LINE
8
BLACK
6
CONTINUOUS
10
3.5592519685039368
20
-3.4852362204724407
11
3.5474409448818895
21
-3.4852362204724407
0
LINE
8
BLACK
6
CONTINUOUS
10
3.5474409448818895
20
-3.4852362204724407
11
3.5451809842519686
21
-3.4847866929133859
0
LINE
8
BLACK
6
CONTINUOUS
10
3.5451809842519686
20
-3.4847866929133859
11
3.5432651181102361
21
-3.483506535433071
0
LINE
8
BLACK
6
CONTINUOUS
10
3.5432651181102361
20
-3.483506535433071
11
3.5419849606299212
21
-3.4815906692913385
0
LINE
8
BLACK
6
CONTINUOUS
10
3.5419849606299212
20
-3.4815906692913385
11
3.5415354330708659
21
-3.4793307086614171
0
LINE
8
BLACK
6
CONTINUOUS
10
3.5415354330708659
20
-3.4793307086614171
11
3.5415354330708659
21
-3.4104330708661417
0
LINE
8
BLACK
6
CONTINUOUS
10
3.5415354330708659
20
-3.4104330708661417
11
3.5419849606299212
21
-3.4081731102362203
0
LINE
8
BLACK
6
CONTINUOUS
10
3.5419849606299212
20
-3.4081731102362203
11
3.5432651181102361
21
-3.4062572440944883
0
LINE
8
BLACK
6
CONTINUOUS
10
3.5432651181102361
20
-3.4062572440944883
11
3.5451809842519686
21
-3.4049770866141733
0
LINE
8
BLACK
6
CONTINUOUS
10
3.5451809842519686
20
-3.4049770866141733
11
3.5474409448818895
21
-3.4045275590551181
0
LINE
8
BLACK
6
CONTINUOUS
10
3.5474409448818895
20
-3.4045275590551181
11
3.5592519685039368
21
-3.4045275590551181
0
LINE
8
BLACK
6
CONTINUOUS
10
3.5592519685039368
20
-3.4045275590551181
11
3.5615119291338582
21
-3.4049770866141733
0
LINE
8
BLACK
6
CONTINUOUS
10
3.6615119291338583
20
-3.4049770866141733
11
3.6634277952755903
21
-3.4062572440944883
0
LINE
8
BLACK
6
CONTINUOUS
10
3.6634277952755903
20
-3.4062572440944883
11
3.6647079527559052
21
-3.4081731102362203
0
LINE
8
BLACK
6
CONTINUOUS
10
3.6647079527559052
20
-3.4081731102362203
11
3.6651574803149605
21
-3.4104330708661417
0
LINE
8
BLACK
6
CONTINUOUS
10
3.6651574803149605
20
-3.4104330708661417
11
3.6651574803149605
21
-3.4793307086614171
0
LINE
8
BLACK
6
CONTINUOUS
10
3.6651574803149605
20
-3.4793307086614171
11
3.6647079527559052
21
-3.4815906692913385
0
LINE
8
BLACK
6
CONTINUOUS
10
3.6647079527559052
20
-3.4815906692913385
11
3.6634277952755903
21
-3.483506535433071
0
LINE
8
BLACK
6
CONTINUOUS
10
3.6634277952755903
20
-3.483506535433071
11
3.6615119291338583
21
-3.4847866929133859
0
LINE
8
BLACK
6
CONTINUOUS
10
3.6615119291338583
20
-3.4847866929133859
11
3.6592519685039369
21
-3.4852362204724407
0
LINE
8
BLACK
6
CONTINUOUS
10
3.6592519685039369
20
-3.4852362204724407
11
3.6474409448818896
21
-3.4852362204724407
0
LINE
8
BLACK
6
CONTINUOUS
10
3.6474409448818896
20
-3.4852362204724407
11
3.6451809842519682
21
-3.4847866929133859
0
LINE
8
BLACK
6
CONTINUOUS
10
3.6451809842519682
20
-3.4847866929133859
11
3.6432651181102362
21
-3.483506535433071
0
LINE
8
BLACK
6
CONTINUOUS
10
3.6432651181102362
20
-3.483506535433071
11
3.6419849606299213
21
-3.4815906692913385
0
LINE
8
BLACK
6
CONTINUOUS
10
3.6419849606299213
20
-3.4815906692913385
11
3.641535433070866
21
-3.4793307086614171
0
LINE
8
BLACK
6
CONTINUOUS
10
3.641535433070866
20
-3.4793307086614171
11
3.641535433070866
21
-3.4104330708661417
0
LINE
8
BLACK
6
CONTINUOUS
10
3.641535433070866
20
-3.4104330708661417
11
3.6419849606299213
21
-3.4081731102362203
0
LINE
8
BLACK
6
CONTINUOUS
10
3.6419849606299213
20
-3.4081731102362203
11
3.6432651181102362
21
-3.4062572440944883
0
LINE
8
BLACK
6
CONTINUOUS
10
3.6432651181102362
20
-3.4062572440944883
11
3.6451809842519682
21
-3.4049770866141733
0
LINE
8
BLACK
6
CONTINUOUS
10
3.6451809842519682
20
-3.4049770866141733
11
3.6474409448818896
21
-3.4045275590551181
0
LINE
8
BLACK
6
CONTINUOUS
10
3.6474409448818896
20
-3.4045275590551181
11
3.6592519685039369
21
-3.4045275590551181
0
LINE
8
BLACK
6
CONTINUOUS
10
3.6592519685039369
20
-3.4045275590551181
11
3.6615119291338583
21
-3.4049770866141733
0
LINE
8
BLACK
6
CONTINUOUS
10
3.7115119291338581
20
-3.4049770866141733
11
3.7134277952755905
21
-3.4062572440944883
0
LINE
8
BLACK
6
CONTINUOUS
10
3.7134277952755905
20
-3.4062572440944883
11
3.7147079527559055
21
-3.4081731102362203
0
LINE
8
BLACK
6
CONTINUOUS
10
3.7147079527559055
20
-3.4081731102362203
11
3.7151574803149607
21
-3.4104330708661417
0
LINE
8
BLACK
6
CONTINUOUS
10
3.7151574803149607
20
-3.4104330708661417
11
3.7151574803149607
21
-3.4793307086614171
0
LINE
8
BLACK
6
CONTINUOUS
10
3.7151574803149607
20
-3.4793307086614171
11
3.7147079527559055
21
-3.4815906692913385
0
LINE
8
BLACK
6
CONTINUOUS
10
3.7147079527559055
20
-3.4815906692913385
11
3.7134277952755905
21
-3.483506535433071
0
LINE
8
BLACK
6
CONTINUOUS
10
3.7134277952755905
20
-3.483506535433071
11
3.7115119291338581
21
-3.4847866929133859
0
LINE
8
BLACK
6
CONTINUOUS
10
3.7115119291338581
20
-3.4847866929133859
11
3.7092519685039371
21
-3.4852362204724407
0
LINE
8
BLACK
6
CONTINUOUS
10
3.7092519685039371
20
-3.4852362204724407
11
3.6974409448818899
21
-3.4852362204724407
0
LINE
8
BLACK
6
CONTINUOUS
10
3.6974409448818899
20
-3.4852362204724407
11
3.6951809842519685
21
-3.4847866929133859
0
LINE
8
BLACK
6
CONTINUOUS
10
3.6951809842519685
20
-3.4847866929133859
11
3.6932651181102361
21
-3.483506535433071
0
LINE
8
BLACK
6
CONTINUOUS
10
3.6932651181102361
20
-3.483506535433071
11
3.6919849606299211
21
-3.4815906692913385
0
LINE
8
BLACK
6
CONTINUOUS
10
3.6919849606299211
20
-3.4815906692913385
11
3.6915354330708658
21
-3.4793307086614171
0
LINE
8
BLACK
6
CONTINUOUS
10
3.6915354330708658
20
-3.4793307086614171
11
3.6915354330708658
21
-3.4104330708661417
0
LINE
8
BLACK
6
CONTINUOUS
10
3.6915354330708658
20
-3.4104330708661417
11
3.6919849606299211
21
-3.4081731102362203
0
LINE
8
BLACK
6
CONTINUOUS
10
3.6919849606299211
20
-3.4081731102362203
11
3.6932651181102361
21
-3.4062572440944883
0
LINE
8
BLACK
6
CONTINUOUS
10
3.6932651181102361
20
-3.4062572440944883
11
3.6951809842519685
21
-3.4049770866141733
0
LINE
8
BLACK
6
CONTINUOUS
10
3.6951809842519685
20
-3.4049770866141733
11
3.6974409448818899
21
-3.4045275590551181
0
LINE
8
BLACK
6
CONTINUOUS
10
3.6974409448818899
20
-3.4045275590551181
11
3.7092519685039371
21
-3.4045275590551181
0
LINE
8
BLACK
6
CONTINUOUS
10
3.7092519685039371
20
-3.4045275590551181
11
3.7115119291338581
21
-3.4049770866141733
0
LINE
8
BLACK
6
CONTINUOUS
10
3.7615119291338583
20
-3.4049770866141733
11
3.7634277952755903
21
-3.4062572440944883
0
LINE
8
BLACK
6
CONTINUOUS
10
3.7634277952755903
20
-3.4062572440944883
11
3.7647079527559053
21
-3.4081731102362203
0
LINE
8
BLACK
6
CONTINUOUS
10
3.7647079527559053
20
-3.4081731102362203
11
3.7651574803149606
21
-3.4104330708661417
0
LINE
8
BLACK
6
CONTINUOUS
10
3.7651574803149606
20
-3.4104330708661417
11
3.7651574803149606
21
-3.4793307086614171
0
LINE
8
BLACK
6
CONTINUOUS
10
3.7651574803149606
20
-3.4793307086614171
11
3.7647079527559053
21
-3.4815906692913385
0
LINE
8
BLACK
6
CONTINUOUS
10
3.7647079527559053
20
-3.4815906692913385
11
3.7634277952755903
21
-3.483506535433071
0
LINE
8
BLACK
6
CONTINUOUS
10
3.7634277952755903
20
-3.483506535433071
11
3.7615119291338583
21
-3.4847866929133859
0
LINE
8
BLACK
6
CONTINUOUS
10
3.7615119291338583
20
-3.4847866929133859
11
3.7592519685039369
21
-3.4852362204724407
0
LINE
8
BLACK
6
CONTINUOUS
10
3.7592519685039369
20
-3.4852362204724407
11
3.7474409448818897
21
-3.4852362204724407
0
LINE
8
BLACK
6
CONTINUOUS
10
3.7474409448818897
20
-3.4852362204724407
11
3.7451809842519683
21
-3.4847866929133859
0
LINE
8
BLACK
6
CONTINUOUS
10
3.7451809842519683
20
-3.4847866929133859
11
3.7432651181102363
21
-3.483506535433071
0
LINE
8
BLACK
6
CONTINUOUS
10
3.7432651181102363
20
-3.483506535433071
11
3.7419849606299214
21
-3.4815906692913385
0
LINE
8
BLACK
6
CONTINUOUS
10
3.7419849606299214
20
-3.4815906692913385
11
3.7415354330708661
21
-3.4793307086614171
0
LINE
8
BLACK
6
CONTINUOUS
10
3.7415354330708661
20
-3.4793307086614171
11
3.7415354330708661
21
-3.4104330708661417
0
LINE
8
BLACK
6
CONTINUOUS
10
3.7415354330708661
20
-3.4104330708661417
11
3.7419849606299214
21
-3.4081731102362203
0
LINE
8
BLACK
6
CONTINUOUS
10
3.7419849606299214
20
-3.4081731102362203
11
3.7432651181102363
21
-3.4062572440944883
0
LINE
8
BLACK
6
CONTINUOUS
10
3.7432651181102363
20
-3.4062572440944883
11
3.7451809842519683
21
-3.4049770866141733
0
LINE
8
BLACK
6
CONTINUOUS
10
3.7451809842519683
20
-3.4049770866141733
11
3.7474409448818897
21
-3.4045275590551181
0
LINE
8
BLACK
6
CONTINUOUS
10
3.7474409448818897
20
-3.4045275590551181
11
3.7592519685039369
21
-3.4045275590551181
0
LINE
8
BLACK
6
CONTINUOUS
10
3.7592519685039369
20
-3.4045275590551181
11
3.7615119291338583
21
-3.4049770866141733
0
LINE
8
BLACK
6
CONTINUOUS
10
3.8115119291338582
20
-3.4049770866141733
11
3.8134277952755906
21
-3.4062572440944883
0
LINE
8
BLACK
6
CONTINUOUS
10
3.8134277952755906
20
-3.4062572440944883
11
3.8147079527559056
21
-3.4081731102362203
0
LINE
8
BLACK
6
CONTINUOUS
10
3.8147079527559056
20
-3.4081731102362203
11
3.8151574803149604
21
-3.4104330708661417
0
LINE
8
BLACK
6
CONTINUOUS
10
3.8151574803149604
20
-3.4104330708661417
11
3.8151574803149604
21
-3.4793307086614171
0
LINE
8
BLACK
6
CONTINUOUS
10
3.8151574803149604
20
-3.4793307086614171
11
3.8147079527559056
21
-3.4815906692913385
0
LINE
8
BLACK
6
CONTINUOUS
10
3.8147079527559056
20
-3.4815906692913385
11
3.8134277952755906
21
-3.483506535433071
0
LINE
8
BLACK
6
CONTINUOUS
10
3.8134277952755906
20
-3.483506535433071
11
3.8115119291338582
21
-3.4847866929133859
0
LINE
8
BLACK
6
CONTINUOUS
10
3.8115119291338582
20
-3.4847866929133859
11
3.8092519685039368
21
-3.4852362204724407
0
LINE
8
BLACK
6
CONTINUOUS
10
3.8092519685039368
20
-3.4852362204724407
11
3.7974409448818895
21
-3.4852362204724407
0
LINE
8
BLACK
6
CONTINUOUS
10
3.7974409448818895
20
-3.4852362204724407
11
3.7951809842519686
21
-3.4847866929133859
0
LINE
8
BLACK
6
CONTINUOUS
10
3.7951809842519686
20
-3.4847866929133859
11
3.7932651181102361
21
-3.483506535433071
0
LINE
8
BLACK
6
CONTINUOUS
10
3.7932651181102361
20
-3.483506535433071
11
3.7919849606299212
21
-3.4815906692913385
0
LINE
8
BLACK
6
CONTINUOUS
10
3.7919849606299212
20
-3.4815906692913385
11
3.7915354330708659
21
-3.4793307086614171
0
LINE
8
BLACK
6
CONTINUOUS
10
3.7915354330708659
20
-3.4793307086614171
11
3.7915354330708659
21
-3.4104330708661417
0
LINE
8
BLACK
6
CONTINUOUS
10
3.7915354330708659
20
-3.4104330708661417
11
3.7919849606299212
21
-3.4081731102362203
0
LINE
8
BLACK
6
CONTINUOUS
10
3.7919849606299212
20
-3.4081731102362203
11
3.7932651181102361
21
-3.4062572440944883
0
LINE
8
BLACK
6
CONTINUOUS
10
3.7932651181102361
20
-3.4062572440944883
11
3.7951809842519686
21
-3.4049770866141733
0
LINE
8
BLACK
6
CONTINUOUS
10
3.7951809842519686
20
-3.4049770866141733
11
3.7974409448818895
21
-3.4045275590551181
0
LINE
8
BLACK
6
CONTINUOUS
10
3.7974409448818895
20
-3.4045275590551181
11
3.8092519685039368
21
-3.4045275590551181
0
LINE
8
BLACK
6
CONTINUOUS
10
3.8092519685039368
20
-3.4045275590551181
11
3.8115119291338582
21
-3.4049770866141733
0
LINE
8
BLACK
6
CONTINUOUS
10
3.9115119291338583
20
-3.4049770866141733
11
3.9134277952755903
21
-3.4062572440944883
0
LINE
8
BLACK
6
CONTINUOUS
10
3.9134277952755903
20
-3.4062572440944883
11
3.9147079527559052
21
-3.4081731102362203
0
LINE
8
BLACK
6
CONTINUOUS
10
3.9147079527559052
20
-3.4081731102362203
11
3.9151574803149605
21
-3.4104330708661417
0
LINE
8
BLACK
6
CONTINUOUS
10
3.9151574803149605
20
-3.4104330708661417
11
3.9151574803149605
21
-3.4793307086614171
0
LINE
8
BLACK
6
CONTINUOUS
10
3.9151574803149605
20
-3.4793307086614171
11
3.9147079527559052
21
-3.4815906692913385
0
LINE
8
BLACK
6
CONTINUOUS
10
3.9147079527559052
20
-3.4815906692913385
11
3.9134277952755903
21
-3.483506535433071
0
LINE
8
BLACK
6
CONTINUOUS
10
3.9134277952755903
20
-3.483506535433071
11
3.9115119291338583
21
-3.4847866929133859
0
LINE
8
BLACK
6
CONTINUOUS
10
3.9115119291338583
20
-3.4847866929133859
11
3.9092519685039369
21
-3.4852362204724407
0
LINE
8
BLACK
6
CONTINUOUS
10
3.9092519685039369
20
-3.4852362204724407
11
3.8974409448818896
21
-3.4852362204724407
0
LINE
8
BLACK
6
CONTINUOUS
10
3.8974409448818896
20
-3.4852362204724407
11
3.8951809842519682
21
-3.4847866929133859
0
LINE
8
BLACK
6
CONTINUOUS
10
3.8951809842519682
20
-3.4847866929133859
11
3.8932651181102362
21
-3.483506535433071
0
LINE
8
BLACK
6
CONTINUOUS
10
3.8932651181102362
20
-3.483506535433071
11
3.8919849606299213
21
-3.4815906692913385
0
LINE
8
BLACK
6
CONTINUOUS
10
3.8919849606299213
20
-3.4815906692913385
11
3.891535433070866
21
-3.4793307086614171
0
LINE
8
BLACK
6
CONTINUOUS
10
3.891535433070866
20
-3.4793307086614171
11
3.891535433070866
21
-3.4104330708661417
0
LINE
8
BLACK
6
CONTINUOUS
10
3.891535433070866
20
-3.4104330708661417
11
3.8919849606299213
21
-3.4081731102362203
0
LINE
8
BLACK
6
CONTINUOUS
10
3.8919849606299213
20
-3.4081731102362203
11
3.8932651181102362
21
-3.4062572440944883
0
LINE
8
BLACK
6
CONTINUOUS
10
3.8932651181102362
20
-3.4062572440944883
11
3.8951809842519682
21
-3.4049770866141733
0
LINE
8
BLACK
6
CONTINUOUS
10
3.8951809842519682
20
-3.4049770866141733
11
3.8974409448818896
21
-3.4045275590551181
0
LINE
8
BLACK
6
CONTINUOUS
10
3.8974409448818896
20
-3.4045275590551181
11
3.9092519685039369
21
-3.4045275590551181
0
LINE
8
BLACK
6
CONTINUOUS
10
3.9092519685039369
20
-3.4045275590551181
11
3.9115119291338583
21
-3.4049770866141733
0
LINE
8
BLACK
6
CONTINUOUS
10
4.4258820078740158
20
-3.4049770866141733
11
4.4277978740157478
21
-3.4062572440944883
0
LINE
8
BLACK
6
CONTINUOUS
10
4.4277978740157478
20
-3.4062572440944883
11
4.4290780314960632
21
-3.4081731102362203
0
LINE
8
BLACK
6
CONTINUOUS
10
4.4290780314960632
20
-3.4081731102362203
11
4.429527559055118
21
-3.4104330708661417
0
LINE
8
BLACK
6
CONTINUOUS
10
4.429527559055118
20
-3.4104330708661417
11
4.429527559055118
21
-3.4793307086614171
0
LINE
8
BLACK
6
CONTINUOUS
10
4.429527559055118
20
-3.4793307086614171
11
4.4290780314960632
21
-3.4815906692913385
0
LINE
8
BLACK
6
CONTINUOUS
10
4.4290780314960632
20
-3.4815906692913385
11
4.4277978740157478
21
-3.483506535433071
0
LINE
8
BLACK
6
CONTINUOUS
10
4.4277978740157478
20
-3.483506535433071
11
4.4258820078740158
21
-3.4847866929133859
0
LINE
8
BLACK
6
CONTINUOUS
10
4.4258820078740158
20
-3.4847866929133859
11
4.4236220472440948
21
-3.4852362204724407
0
LINE
8
BLACK
6
CONTINUOUS
10
4.4236220472440948
20
-3.4852362204724407
11
4.4118110236220476
21
-3.4852362204724407
0
LINE
8
BLACK
6
CONTINUOUS
10
4.4118110236220476
20
-3.4852362204724407
11
4.4095510629921257
21
-3.4847866929133859
0
LINE
8
BLACK
6
CONTINUOUS
10
4.4095510629921257
20
-3.4847866929133859
11
4.4076351968503937
21
-3.483506535433071
0
LINE
8
BLACK
6
CONTINUOUS
10
4.4076351968503937
20
-3.483506535433071
11
4.4063550393700783
21
-3.4815906692913385
0
LINE
8
BLACK
6
CONTINUOUS
10
4.4063550393700783
20
-3.4815906692913385
11
4.4059055118110235
21
-3.4793307086614171
0
LINE
8
BLACK
6
CONTINUOUS
10
4.4059055118110235
20
-3.4793307086614171
11
4.4059055118110235
21
-3.4104330708661417
0
LINE
8
BLACK
6
CONTINUOUS
10
4.4059055118110235
20
-3.4104330708661417
11
4.4063550393700783
21
-3.4081731102362203
0
LINE
8
BLACK
6
CONTINUOUS
10
4.4063550393700783
20
-3.4081731102362203
11
4.4076351968503937
21
-3.4062572440944883
0
LINE
8
BLACK
6
CONTINUOUS
10
4.4076351968503937
20
-3.4062572440944883
11
4.4095510629921257
21
-3.4049770866141733
0
LINE
8
BLACK
6
CONTINUOUS
10
4.4095510629921257
20
-3.4049770866141733
11
4.4118110236220476
21
-3.4045275590551181
0
LINE
8
BLACK
6
CONTINUOUS
10
4.4118110236220476
20
-3.4045275590551181
11
4.4236220472440948
21
-3.4045275590551181
0
LINE
8
BLACK
6
CONTINUOUS
10
4.4236220472440948
20
-3.4045275590551181
11
4.4258820078740158
21
-3.4049770866141733
0
LINE
8
BLACK
6
CONTINUOUS
10
4.5258820078740154
20
-3.4049770866141733
11
4.5277978740157483
21
-3.4062572440944883
0
LINE
8
BLACK
6
CONTINUOUS
10
4.5277978740157483
20
-3.4062572440944883
11
4.5290780314960628
21
-3.4081731102362203
0
LINE
8
BLACK
6
CONTINUOUS
10
4.5290780314960628
20
-3.4081731102362203
11
4.5295275590551176
21
-3.4104330708661417
0
LINE
8
BLACK
6
CONTINUOUS
10
4.5295275590551176
20
-3.4104330708661417
11
4.5295275590551176
21
-3.4793307086614171
0
LINE
8
BLACK
6
CONTINUOUS
10
4.5295275590551176
20
-3.4793307086614171
11
4.5290780314960628
21
-3.4815906692913385
0
LINE
8
BLACK
6
CONTINUOUS
10
4.5290780314960628
20
-3.4815906692913385
11
4.5277978740157483
21
-3.483506535433071
0
LINE
8
BLACK
6
CONTINUOUS
10
4.5277978740157483
20
-3.483506535433071
11
4.5258820078740154
21
-3.4847866929133859
0
LINE
8
BLACK
6
CONTINUOUS
10
4.5258820078740154
20
-3.4847866929133859
11
4.5236220472440944
21
-3.4852362204724407
0
LINE
8
BLACK
6
CONTINUOUS
10
4.5236220472440944
20
-3.4852362204724407
11
4.5118110236220472
21
-3.4852362204724407
0
LINE
8
BLACK
6
CONTINUOUS
10
4.5118110236220472
20
-3.4852362204724407
11
4.5095510629921263
21
-3.4847866929133859
0
LINE
8
BLACK
6
CONTINUOUS
10
4.5095510629921263
20
-3.4847866929133859
11
4.5076351968503934
21
-3.483506535433071
0
LINE
8
BLACK
6
CONTINUOUS
10
4.5076351968503934
20
-3.483506535433071
11
4.5063550393700789
21
-3.4815906692913385
0
LINE
8
BLACK
6
CONTINUOUS
10
4.5063550393700789
20
-3.4815906692913385
11
4.5059055118110232
21
-3.4793307086614171
0
LINE
8
BLACK
6
CONTINUOUS
10
4.5059055118110232
20
-3.4793307086614171
11
4.5059055118110232
21
-3.4104330708661417
0
LINE
8
BLACK
6
CONTINUOUS
10
4.5059055118110232
20
-3.4104330708661417
11
4.5063550393700789
21
-3.4081731102362203
0
LINE
8
BLACK
6
CONTINUOUS
10
4.5063550393700789
20
-3.4081731102362203
11
4.5076351968503934
21
-3.4062572440944883
0
LINE
8
BLACK
6
CONTINUOUS
10
4.5076351968503934
20
-3.4062572440944883
11
4.5095510629921263
21
-3.4049770866141733
0
LINE
8
BLACK
6
CONTINUOUS
10
4.5095510629921263
20
-3.4049770866141733
11
4.5118110236220472
21
-3.4045275590551181
0
LINE
8
BLACK
6
CONTINUOUS
10
4.5118110236220472
20
-3.4045275590551181
11
4.5236220472440944
21
-3.4045275590551181
0
LINE
8
BLACK
6
CONTINUOUS
10
4.5236220472440944
20
-3.4045275590551181
11
4.5258820078740154
21
-3.4049770866141733
0
LINE
8
BLACK
6
CONTINUOUS
10
4.5758820078740152
20
-3.4049770866141733
11
4.5777978740157481
21
-3.4062572440944883
0
LINE
8
BLACK
6
CONTINUOUS
10
4.5777978740157481
20
-3.4062572440944883
11
4.5790780314960626
21
-3.4081731102362203
0
LINE
8
BLACK
6
CONTINUOUS
10
4.5790780314960626
20
-3.4081731102362203
11
4.5795275590551183
21
-3.4104330708661417
0
LINE
8
BLACK
6
CONTINUOUS
10
4.5795275590551183
20
-3.4104330708661417
11
4.5795275590551183
21
-3.4793307086614171
0
LINE
8
BLACK
6
CONTINUOUS
10
4.5795275590551183
20
-3.4793307086614171
11
4.5790780314960626
21
-3.4815906692913385
0
LINE
8
BLACK
6
CONTINUOUS
10
4.5790780314960626
20
-3.4815906692913385
11
4.5777978740157481
21
-3.483506535433071
0
LINE
8
BLACK
6
CONTINUOUS
10
4.5777978740157481
20
-3.483506535433071
11
4.5758820078740152
21
-3.4847866929133859
0
LINE
8
BLACK
6
CONTINUOUS
10
4.5758820078740152
20
-3.4847866929133859
11
4.5736220472440943
21
-3.4852362204724407
0
LINE
8
BLACK
6
CONTINUOUS
10
4.5736220472440943
20
-3.4852362204724407
11
4.561811023622047
21
-3.4852362204724407
0
LINE
8
BLACK
6
CONTINUOUS
10
4.561811023622047
20
-3.4852362204724407
11
4.5595510629921261
21
-3.4847866929133859
0
LINE
8
BLACK
6
CONTINUOUS
10
4.5595510629921261
20
-3.4847866929133859
11
4.5576351968503932
21
-3.483506535433071
0
LINE
8
BLACK
6
CONTINUOUS
10
4.5576351968503932
20
-3.483506535433071
11
4.5563550393700787
21
-3.4815906692913385
0
LINE
8
BLACK
6
CONTINUOUS
10
4.5563550393700787
20
-3.4815906692913385
11
4.5559055118110239
21
-3.4793307086614171
0
LINE
8
BLACK
6
CONTINUOUS
10
4.5559055118110239
20
-3.4793307086614171
11
4.5559055118110239
21
-3.4104330708661417
0
LINE
8
BLACK
6
CONTINUOUS
10
4.5559055118110239
20
-3.4104330708661417
11
4.5563550393700787
21
-3.4081731102362203
0
LINE
8
BLACK
6
CONTINUOUS
10
4.5563550393700787
20
-3.4081731102362203
11
4.5576351968503932
21
-3.4062572440944883
0
LINE
8
BLACK
6
CONTINUOUS
10
4.5576351968503932
20
-3.4062572440944883
11
4.5595510629921261
21
-3.4049770866141733
0
LINE
8
BLACK
6
CONTINUOUS
10
4.5595510629921261
20
-3.4049770866141733
11
4.561811023622047
21
-3.4045275590551181
0
LINE
8
BLACK
6
CONTINUOUS
10
4.561811023622047
20
-3.4045275590551181
11
4.5736220472440943
21
-3.4045275590551181
0
LINE
8
BLACK
6
CONTINUOUS
10
4.5736220472440943
20
-3.4045275590551181
11
4.5758820078740152
21
-3.4049770866141733
0
LINE
8
BLACK
6
CONTINUOUS
10
4.6258820078740159
20
-3.4049770866141733
11
4.6277978740157479
21
-3.4062572440944883
0
LINE
8
BLACK
6
CONTINUOUS
10
4.6277978740157479
20
-3.4062572440944883
11
4.6290780314960625
21
-3.4081731102362203
0
LINE
8
BLACK
6
CONTINUOUS
10
4.6290780314960625
20
-3.4081731102362203
11
4.6295275590551181
21
-3.4104330708661417
0
LINE
8
BLACK
6
CONTINUOUS
10
4.6295275590551181
20
-3.4104330708661417
11
4.6295275590551181
21
-3.4793307086614171
0
LINE
8
BLACK
6
CONTINUOUS
10
4.6295275590551181
20
-3.4793307086614171
11
4.6290780314960625
21
-3.4815906692913385
0
LINE
8
BLACK
6
CONTINUOUS
10
4.6290780314960625
20
-3.4815906692913385
11
4.6277978740157479
21
-3.483506535433071
0
LINE
8
BLACK
6
CONTINUOUS
10
4.6277978740157479
20
-3.483506535433071
11
4.6258820078740159
21
-3.4847866929133859
0
LINE
8
BLACK
6
CONTINUOUS
10
4.6258820078740159
20
-3.4847866929133859
11
4.6236220472440941
21
-3.4852362204724407
0
LINE
8
BLACK
6
CONTINUOUS
10
4.6236220472440941
20
-3.4852362204724407
11
4.6118110236220469
21
-3.4852362204724407
0
LINE
8
BLACK
6
CONTINUOUS
10
4.6118110236220469
20
-3.4852362204724407
11
4.6095510629921259
21
-3.4847866929133859
0
LINE
8
BLACK
6
CONTINUOUS
10
4.6095510629921259
20
-3.4847866929133859
11
4.6076351968503939
21
-3.483506535433071
0
LINE
8
BLACK
6
CONTINUOUS
10
4.6076351968503939
20
-3.483506535433071
11
4.6063550393700785
21
-3.4815906692913385
0
LINE
8
BLACK
6
CONTINUOUS
10
4.6063550393700785
20
-3.4815906692913385
11
4.6059055118110237
21
-3.4793307086614171
0
LINE
8
BLACK
6
CONTINUOUS
10
4.6059055118110237
20
-3.4793307086614171
11
4.6059055118110237
21
-3.4104330708661417
0
LINE
8
BLACK
6
CONTINUOUS
10
4.6059055118110237
20
-3.4104330708661417
11
4.6063550393700785
21
-3.4081731102362203
0
LINE
8
BLACK
6
CONTINUOUS
10
4.6063550393700785
20
-3.4081731102362203
11
4.6076351968503939
21
-3.4062572440944883
0
LINE
8
BLACK
6
CONTINUOUS
10
4.6076351968503939
20
-3.4062572440944883
11
4.6095510629921259
21
-3.4049770866141733
0
LINE
8
BLACK
6
CONTINUOUS
10
4.6095510629921259
20
-3.4049770866141733
11
4.6118110236220469
21
-3.4045275590551181
0
LINE
8
BLACK
6
CONTINUOUS
10
4.6118110236220469
20
-3.4045275590551181
11
4.6236220472440941
21
-3.4045275590551181
0
LINE
8
BLACK
6
CONTINUOUS
10
4.6236220472440941
20
-3.4045275590551181
11
4.6258820078740159
21
-3.4049770866141733
0
LINE
8
BLACK
6
CONTINUOUS
10
4.6758820078740158
20
-3.4049770866141733
11
4.6777978740157478
21
-3.4062572440944883
0
LINE
8
BLACK
6
CONTINUOUS
10
4.6777978740157478
20
-3.4062572440944883
11
4.6790780314960632
21
-3.4081731102362203
0
LINE
8
BLACK
6
CONTINUOUS
10
4.6790780314960632
20
-3.4081731102362203
11
4.679527559055118
21
-3.4104330708661417
0
LINE
8
BLACK
6
CONTINUOUS
10
4.679527559055118
20
-3.4104330708661417
11
4.679527559055118
21
-3.4793307086614171
0
LINE
8
BLACK
6
CONTINUOUS
10
4.679527559055118
20
-3.4793307086614171
11
4.6790780314960632
21
-3.4815906692913385
0
LINE
8
BLACK
6
CONTINUOUS
10
4.6790780314960632
20
-3.4815906692913385
11
4.6777978740157478
21
-3.483506535433071
0
LINE
8
BLACK
6
CONTINUOUS
10
4.6777978740157478
20
-3.483506535433071
11
4.6758820078740158
21
-3.4847866929133859
0
LINE
8
BLACK
6
CONTINUOUS
10
4.6758820078740158
20
-3.4847866929133859
11
4.6736220472440948
21
-3.4852362204724407
0
LINE
8
BLACK
6
CONTINUOUS
10
4.6736220472440948
20
-3.4852362204724407
11
4.6618110236220476
21
-3.4852362204724407
0
LINE
8
BLACK
6
CONTINUOUS
10
4.6618110236220476
20
-3.4852362204724407
11
4.6595510629921257
21
-3.4847866929133859
0
LINE
8
BLACK
6
CONTINUOUS
10
4.6595510629921257
20
-3.4847866929133859
11
4.6576351968503937
21
-3.483506535433071
0
LINE
8
BLACK
6
CONTINUOUS
10
4.6576351968503937
20
-3.483506535433071
11
4.6563550393700783
21
-3.4815906692913385
0
LINE
8
BLACK
6
CONTINUOUS
10
4.6563550393700783
20
-3.4815906692913385
11
4.6559055118110235
21
-3.4793307086614171
0
LINE
8
BLACK
6
CONTINUOUS
10
4.6559055118110235
20
-3.4793307086614171
11
4.6559055118110235
21
-3.4104330708661417
0
LINE
8
BLACK
6
CONTINUOUS
10
4.6559055118110235
20
-3.4104330708661417
11
4.6563550393700783
21
-3.4081731102362203
0
LINE
8
BLACK
6
CONTINUOUS
10
4.6563550393700783
20
-3.4081731102362203
11
4.6576351968503937
21
-3.4062572440944883
0
LINE
8
BLACK
6
CONTINUOUS
10
4.6576351968503937
20
-3.4062572440944883
11
4.6595510629921257
21
-3.4049770866141733
0
LINE
8
BLACK
6
CONTINUOUS
10
4.6595510629921257
20
-3.4049770866141733
11
4.6618110236220476
21
-3.4045275590551181
0
LINE
8
BLACK
6
CONTINUOUS
10
4.6618110236220476
20
-3.4045275590551181
11
4.6736220472440948
21
-3.4045275590551181
0
LINE
8
BLACK
6
CONTINUOUS
10
4.6736220472440948
20
-3.4045275590551181
11
4.6758820078740158
21
-3.4049770866141733
0
LINE
8
BLACK
6
CONTINUOUS
10
4.7758820078740154
20
-3.4049770866141733
11
4.7777978740157483
21
-3.4062572440944883
0
LINE
8
BLACK
6
CONTINUOUS
10
4.7777978740157483
20
-3.4062572440944883
11
4.7790780314960628
21
-3.4081731102362203
0
LINE
8
BLACK
6
CONTINUOUS
10
4.7790780314960628
20
-3.4081731102362203
11
4.7795275590551176
21
-3.4104330708661417
0
LINE
8
BLACK
6
CONTINUOUS
10
4.7795275590551176
20
-3.4104330708661417
11
4.7795275590551176
21
-3.4793307086614171
0
LINE
8
BLACK
6
CONTINUOUS
10
4.7795275590551176
20
-3.4793307086614171
11
4.7790780314960628
21
-3.4815906692913385
0
LINE
8
BLACK
6
CONTINUOUS
10
4.7790780314960628
20
-3.4815906692913385
11
4.7777978740157483
21
-3.483506535433071
0
LINE
8
BLACK
6
CONTINUOUS
10
4.7777978740157483
20
-3.483506535433071
11
4.7758820078740154
21
-3.4847866929133859
0
LINE
8
BLACK
6
CONTINUOUS
10
4.7758820078740154
20
-3.4847866929133859
11
4.7736220472440944
21
-3.4852362204724407
0
LINE
8
BLACK
6
CONTINUOUS
10
4.7736220472440944
20
-3.4852362204724407
11
4.7618110236220472
21
-3.4852362204724407
0
LINE
8
BLACK
6
CONTINUOUS
10
4.7618110236220472
20
-3.4852362204724407
11
4.7595510629921263
21
-3.4847866929133859
0
LINE
8
BLACK
6
CONTINUOUS
10
4.7595510629921263
20
-3.4847866929133859
11
4.7576351968503934
21
-3.483506535433071
0
LINE
8
BLACK
6
CONTINUOUS
10
4.7576351968503934
20
-3.483506535433071
11
4.7563550393700789
21
-3.4815906692913385
0
LINE
8
BLACK
6
CONTINUOUS
10
4.7563550393700789
20
-3.4815906692913385
11
4.7559055118110232
21
-3.4793307086614171
0
LINE
8
BLACK
6
CONTINUOUS
10
4.7559055118110232
20
-3.4793307086614171
11
4.7559055118110232
21
-3.4104330708661417
0
LINE
8
BLACK
6
CONTINUOUS
10
4.7559055118110232
20
-3.4104330708661417
11
4.7563550393700789
21
-3.4081731102362203
0
LINE
8
BLACK
6
CONTINUOUS
10
4.7563550393700789
20
-3.4081731102362203
11
4.7576351968503934
21
-3.4062572440944883
0
LINE
8
BLACK
6
CONTINUOUS
10
4.7576351968503934
20
-3.4062572440944883
11
4.7595510629921263
21
-3.4049770866141733
0
LINE
8
BLACK
6
CONTINUOUS
10
4.7595510629921263
20
-3.4049770866141733
11
4.7618110236220472
21
-3.4045275590551181
0
LINE
8
BLACK
6
CONTINUOUS
10
4.7618110236220472
20
-3.4045275590551181
11
4.7736220472440944
21
-3.4045275590551181
0
LINE
8
BLACK
6
CONTINUOUS
10
4.7736220472440944
20
-3.4045275590551181
11
4.7758820078740154
21
-3.4049770866141733
0
LINE
8
BLACK
6
CONTINUOUS
10
3.611511929133858
20
-3.4049770472440946
11
3.6134277952755904
21
-3.4062572047244095
0
LINE
8
BLACK
6
CONTINUOUS
10
3.6134277952755904
20
-3.4062572047244095
11
3.6147079527559054
21
-3.4081730708661415
0
LINE
8
BLACK
6
CONTINUOUS
10
3.6147079527559054
20
-3.4081730708661415
11
3.6151574803149606
21
-3.4104330314960629
0
LINE
8
BLACK
6
CONTINUOUS
10
3.6151574803149606
20
-3.4104330314960629
11
3.6151574803149606
21
-3.4793306692913384
0
LINE
8
BLACK
6
CONTINUOUS
10
3.6151574803149606
20
-3.4793306692913384
11
3.6147079527559054
21
-3.4815906299212598
0
LINE
8
BLACK
6
CONTINUOUS
10
3.6147079527559054
20
-3.4815906299212598
11
3.6134277952755904
21
-3.4835064960629922
0
LINE
8
BLACK
6
CONTINUOUS
10
3.6134277952755904
20
-3.4835064960629922
11
3.611511929133858
21
-3.4847866535433072
0
LINE
8
BLACK
6
CONTINUOUS
10
3.611511929133858
20
-3.4847866535433072
11
3.609251968503937
21
-3.485236181102362
0
LINE
8
BLACK
6
CONTINUOUS
10
3.609251968503937
20
-3.485236181102362
11
3.5974409448818898
21
-3.485236181102362
0
LINE
8
BLACK
6
CONTINUOUS
10
3.5974409448818898
20
-3.485236181102362
11
3.5951809842519684
21
-3.4847866535433072
0
LINE
8
BLACK
6
CONTINUOUS
10
3.5951809842519684
20
-3.4847866535433072
11
3.593265118110236
21
-3.4835064960629922
0
LINE
8
BLACK
6
CONTINUOUS
10
3.593265118110236
20
-3.4835064960629922
11
3.591984960629921
21
-3.4815906299212598
0
LINE
8
BLACK
6
CONTINUOUS
10
3.591984960629921
20
-3.4815906299212598
11
3.5915354330708662
21
-3.4793306692913384
0
LINE
8
BLACK
6
CONTINUOUS
10
3.5915354330708662
20
-3.4793306692913384
11
3.5915354330708662
21
-3.4104330314960629
0
LINE
8
BLACK
6
CONTINUOUS
10
3.5915354330708662
20
-3.4104330314960629
11
3.591984960629921
21
-3.4081730708661415
0
LINE
8
BLACK
6
CONTINUOUS
10
3.591984960629921
20
-3.4081730708661415
11
3.593265118110236
21
-3.4062572047244095
0
LINE
8
BLACK
6
CONTINUOUS
10
3.593265118110236
20
-3.4062572047244095
11
3.5951809842519684
21
-3.4049770472440946
0
LINE
8
BLACK
6
CONTINUOUS
10
3.5951809842519684
20
-3.4049770472440946
11
3.5974409448818898
21
-3.4045275196850393
0
LINE
8
BLACK
6
CONTINUOUS
10
3.5974409448818898
20
-3.4045275196850393
11
3.609251968503937
21
-3.4045275196850393
0
LINE
8
BLACK
6
CONTINUOUS
10
3.609251968503937
20
-3.4045275196850393
11
3.611511929133858
21
-3.4049770472440946
0
LINE
8
BLACK
6
CONTINUOUS
10
3.861511929133858
20
-3.4049770472440946
11
3.8634277952755904
21
-3.4062572047244095
0
LINE
8
BLACK
6
CONTINUOUS
10
3.8634277952755904
20
-3.4062572047244095
11
3.8647079527559054
21
-3.4081730708661415
0
LINE
8
BLACK
6
CONTINUOUS
10
3.8647079527559054
20
-3.4081730708661415
11
3.8651574803149606
21
-3.4104330314960629
0
LINE
8
BLACK
6
CONTINUOUS
10
3.8651574803149606
20
-3.4104330314960629
11
3.8651574803149606
21
-3.4793306692913384
0
LINE
8
BLACK
6
CONTINUOUS
10
3.8651574803149606
20
-3.4793306692913384
11
3.8647079527559054
21
-3.4815906299212598
0
LINE
8
BLACK
6
CONTINUOUS
10
3.8647079527559054
20
-3.4815906299212598
11
3.8634277952755904
21
-3.4835064960629922
0
LINE
8
BLACK
6
CONTINUOUS
10
3.8634277952755904
20
-3.4835064960629922
11
3.861511929133858
21
-3.4847866535433072
0
LINE
8
BLACK
6
CONTINUOUS
10
3.861511929133858
20
-3.4847866535433072
11
3.859251968503937
21
-3.485236181102362
0
LINE
8
BLACK
6
CONTINUOUS
10
3.859251968503937
20
-3.485236181102362
11
3.8474409448818898
21
-3.485236181102362
0
LINE
8
BLACK
6
CONTINUOUS
10
3.8474409448818898
20
-3.485236181102362
11
3.8451809842519684
21
-3.4847866535433072
0
LINE
8
BLACK
6
CONTINUOUS
10
3.8451809842519684
20
-3.4847866535433072
11
3.843265118110236
21
-3.4835064960629922
0
LINE
8
BLACK
6
CONTINUOUS
10
3.843265118110236
20
-3.4835064960629922
11
3.841984960629921
21
-3.4815906299212598
0
LINE
8
BLACK
6
CONTINUOUS
10
3.841984960629921
20
-3.4815906299212598
11
3.8415354330708662
21
-3.4793306692913384
0
LINE
8
BLACK
6
CONTINUOUS
10
3.8415354330708662
20
-3.4793306692913384
11
3.8415354330708662
21
-3.4104330314960629
0
LINE
8
BLACK
6
CONTINUOUS
10
3.8415354330708662
20
-3.4104330314960629
11
3.841984960629921
21
-3.4081730708661415
0
LINE
8
BLACK
6
CONTINUOUS
10
3.841984960629921
20
-3.4081730708661415
11
3.843265118110236
21
-3.4062572047244095
0
LINE
8
BLACK
6
CONTINUOUS
10
3.843265118110236
20
-3.4062572047244095
11
3.8451809842519684
21
-3.4049770472440946
0
LINE
8
BLACK
6
CONTINUOUS
10
3.8451809842519684
20
-3.4049770472440946
11
3.8474409448818898
21
-3.4045275196850393
0
LINE
8
BLACK
6
CONTINUOUS
10
3.8474409448818898
20
-3.4045275196850393
11
3.859251968503937
21
-3.4045275196850393
0
LINE
8
BLACK
6
CONTINUOUS
10
3.859251968503937
20
-3.4045275196850393
11
3.861511929133858
21
-3.4049770472440946
0
LINE
8
BLACK
6
CONTINUOUS
10
4.4758820078740156
20
-3.4049770472440946
11
4.4777978740157476
21
-3.4062572047244095
0
LINE
8
BLACK
6
CONTINUOUS
10
4.4777978740157476
20
-3.4062572047244095
11
4.479078031496063
21
-3.4081730708661415
0
LINE
8
BLACK
6
CONTINUOUS
10
4.479078031496063
20
-3.4081730708661415
11
4.4795275590551178
21
-3.4104330314960629
0
LINE
8
BLACK
6
CONTINUOUS
10
4.4795275590551178
20
-3.4104330314960629
11
4.4795275590551178
21
-3.4793306692913384
0
LINE
8
BLACK
6
CONTINUOUS
10
4.4795275590551178
20
-3.4793306692913384
11
4.479078031496063
21
-3.4815906299212598
0
LINE
8
BLACK
6
CONTINUOUS
10
4.479078031496063
20
-3.4815906299212598
11
4.4777978740157476
21
-3.4835064960629922
0
LINE
8
BLACK
6
CONTINUOUS
10
4.4777978740157476
20
-3.4835064960629922
11
4.4758820078740156
21
-3.4847866535433072
0
LINE
8
BLACK
6
CONTINUOUS
10
4.4758820078740156
20
-3.4847866535433072
11
4.4736220472440946
21
-3.485236181102362
0
LINE
8
BLACK
6
CONTINUOUS
10
4.4736220472440946
20
-3.485236181102362
11
4.4618110236220474
21
-3.485236181102362
0
LINE
8
BLACK
6
CONTINUOUS
10
4.4618110236220474
20
-3.485236181102362
11
4.4595510629921256
21
-3.4847866535433072
0
LINE
8
BLACK
6
CONTINUOUS
10
4.4595510629921256
20
-3.4847866535433072
11
4.4576351968503936
21
-3.4835064960629922
0
LINE
8
BLACK
6
CONTINUOUS
10
4.4576351968503936
20
-3.4835064960629922
11
4.456355039370079
21
-3.4815906299212598
0
LINE
8
BLACK
6
CONTINUOUS
10
4.456355039370079
20
-3.4815906299212598
11
4.4559055118110233
21
-3.4793306692913384
0
LINE
8
BLACK
6
CONTINUOUS
10
4.4559055118110233
20
-3.4793306692913384
11
4.4559055118110233
21
-3.4104330314960629
0
LINE
8
BLACK
6
CONTINUOUS
10
4.4559055118110233
20
-3.4104330314960629
11
4.456355039370079
21
-3.4081730708661415
0
LINE
8
BLACK
6
CONTINUOUS
10
4.456355039370079
20
-3.4081730708661415
11
4.4576351968503936
21
-3.4062572047244095
0
LINE
8
BLACK
6
CONTINUOUS
10
4.4576351968503936
20
-3.4062572047244095
11
4.4595510629921256
21
-3.4049770472440946
0
LINE
8
BLACK
6
CONTINUOUS
10
4.4595510629921256
20
-3.4049770472440946
11
4.4618110236220474
21
-3.4045275196850393
0
LINE
8
BLACK
6
CONTINUOUS
10
4.4618110236220474
20
-3.4045275196850393
11
4.4736220472440946
21
-3.4045275196850393
0
LINE
8
BLACK
6
CONTINUOUS
10
4.4736220472440946
20
-3.4045275196850393
11
4.4758820078740156
21
-3.4049770472440946
0
LINE
8
BLACK
6
CONTINUOUS
10
4.7258820078740156
20
-3.4049770472440946
11
4.7277978740157476
21
-3.4062572047244095
0
LINE
8
BLACK
6
CONTINUOUS
10
4.7277978740157476
20
-3.4062572047244095
11
4.729078031496063
21
-3.4081730708661415
0
LINE
8
BLACK
6
CONTINUOUS
10
4.729078031496063
20
-3.4081730708661415
11
4.7295275590551178
21
-3.4104330314960629
0
LINE
8
BLACK
6
CONTINUOUS
10
4.7295275590551178
20
-3.4104330314960629
11
4.7295275590551178
21
-3.4793306692913384
0
LINE
8
BLACK
6
CONTINUOUS
10
4.7295275590551178
20
-3.4793306692913384
11
4.729078031496063
21
-3.4815906299212598
0
LINE
8
BLACK
6
CONTINUOUS
10
4.729078031496063
20
-3.4815906299212598
11
4.7277978740157476
21
-3.4835064960629922
0
LINE
8
BLACK
6
CONTINUOUS
10
4.7277978740157476
20
-3.4835064960629922
11
4.7258820078740156
21
-3.4847866535433072
0
LINE
8
BLACK
6
CONTINUOUS
10
4.7258820078740156
20
-3.4847866535433072
11
4.7236220472440946
21
-3.485236181102362
0
LINE
8
BLACK
6
CONTINUOUS
10
4.7236220472440946
20
-3.485236181102362
11
4.7118110236220474
21
-3.485236181102362
0
LINE
8
BLACK
6
CONTINUOUS
10
4.7118110236220474
20
-3.485236181102362
11
4.7095510629921256
21
-3.4847866535433072
0
LINE
8
BLACK
6
CONTINUOUS
10
4.7095510629921256
20
-3.4847866535433072
11
4.7076351968503936
21
-3.4835064960629922
0
LINE
8
BLACK
6
CONTINUOUS
10
4.7076351968503936
20
-3.4835064960629922
11
4.706355039370079
21
-3.4815906299212598
0
LINE
8
BLACK
6
CONTINUOUS
10
4.706355039370079
20
-3.4815906299212598
11
4.7059055118110233
21
-3.4793306692913384
0
LINE
8
BLACK
6
CONTINUOUS
10
4.7059055118110233
20
-3.4793306692913384
11
4.7059055118110233
21
-3.4104330314960629
0
LINE
8
BLACK
6
CONTINUOUS
10
4.7059055118110233
20
-3.4104330314960629
11
4.706355039370079
21
-3.4081730708661415
0
LINE
8
BLACK
6
CONTINUOUS
10
4.706355039370079
20
-3.4081730708661415
11
4.7076351968503936
21
-3.4062572047244095
0
LINE
8
BLACK
6
CONTINUOUS
10
4.7076351968503936
20
-3.4062572047244095
11
4.7095510629921256
21
-3.4049770472440946
0
LINE
8
BLACK
6
CONTINUOUS
10
4.7095510629921256
20
-3.4049770472440946
11
4.7118110236220474
21
-3.4045275196850393
0
LINE
8
BLACK
6
CONTINUOUS
10
4.7118110236220474
20
-3.4045275196850393
11
4.7236220472440946
21
-3.4045275196850393
0
LINE
8
BLACK
6
CONTINUOUS
10
4.7236220472440946
20
-3.4045275196850393
11
4.7258820078740156
21
-3.4049770472440946
0
LINE
8
BLACK
6
CONTINUOUS
10
4.692854330708661
20
-3.3482086614173228
11
4.6378543307086613
21
-3.3482086614173228
0
LINE
8
BLACK
6
CONTINUOUS
10
4.6378543307086613
20
-3.3482086614173228
11
4.6378543307086613
21
-3.3132086614173226
0
LINE
8
BLACK
6
CONTINUOUS
10
4.6378543307086613
20
-3.3132086614173226
11
4.692854330708661
21
-3.3132086614173226
0
LINE
8
BLACK
6
CONTINUOUS
10
4.692854330708661
20
-3.3132086614173226
11
4.692854330708661
21
-3.3482086614173228
0
LINE
8
BLACK
6
CONTINUOUS
10
3.6849803149606299
20
-3.3285236220472441
11
3.6299803149606298
21
-3.3285236220472441
0
LINE
8
BLACK
6
CONTINUOUS
10
3.6299803149606298
20
-3.3285236220472441
11
3.6299803149606298
21
-3.2935236220472439
0
LINE
8
BLACK
6
CONTINUOUS
10
3.6299803149606298
20
-3.2935236220472439
11
3.6849803149606299
21
-3.2935236220472439
0
LINE
8
BLACK
6
CONTINUOUS
10
3.6849803149606299
20
-3.2935236220472439
11
3.6849803149606299
21
-3.3285236220472441
0
LINE
8
BLACK
6
CONTINUOUS
10
4.25
20
-3.3090551181102361
11
4.1830708661417324
21
-3.3090551181102361
0
LINE
8
BLACK
6
CONTINUOUS
10
4.1830708661417324
20
-3.3090551181102361
11
4.1830708661417324
21
-3.2421259842519685
0
LINE
8
BLACK
6
CONTINUOUS
10
4.1830708661417324
20
-3.2421259842519685
11
4.25
21
-3.2421259842519685
0
LINE
8
BLACK
6
CONTINUOUS
10
4.25
20
-3.2421259842519685
11
4.25
21
-3.3090551181102361
0
LINE
8
BLACK
6
CONTINUOUS
10
4.1166141732283466
20
-3.3055905511811021
11
4.0566141732283461
21
-3.3055905511811021
0
LINE
8
BLACK
6
CONTINUOUS
10
4.0566141732283461
20
-3.3055905511811021
11
4.0566141732283461
21
-3.2455905511811021
0
LINE
8
BLACK
6
CONTINUOUS
10
4.0566141732283461
20
-3.2455905511811021
11
4.1166141732283466
21
-3.2455905511811021
0
LINE
8
BLACK
6
CONTINUOUS
10
4.1166141732283466
20
-3.2455905511811021
11
4.1166141732283466
21
-3.3055905511811021
0
LINE
8
BLACK
6
CONTINUOUS
10
4.692854330708661
20
-3.2732086614173226
11
4.6378543307086613
21
-3.2732086614173226
0
LINE
8
BLACK
6
CONTINUOUS
10
4.6378543307086613
20
-3.2732086614173226
11
4.6378543307086613
21
-3.2382086614173229
0
LINE
8
BLACK
6
CONTINUOUS
10
4.6378543307086613
20
-3.2382086614173229
11
4.692854330708661
21
-3.2382086614173229
0
LINE
8
BLACK
6
CONTINUOUS
10
4.692854330708661
20
-3.2382086614173229
11
4.692854330708661
21
-3.2732086614173226
0
LINE
8
BLACK
6
CONTINUOUS
10
3.6849803149606299
20
-3.2535236220472439
11
3.6299803149606298
21
-3.2535236220472439
0
LINE
8
BLACK
6
CONTINUOUS
10
3.6299803149606298
20
-3.2535236220472439
11
3.6299803149606298
21
-3.2185236220472442
0
LINE
8
BLACK
6
CONTINUOUS
10
3.6299803149606298
20
-3.2185236220472442
11
3.6849803149606299
21
-3.2185236220472442
0
LINE
8
BLACK
6
CONTINUOUS
10
3.6849803149606299
20
-3.2185236220472442
11
3.6849803149606299
21
-3.2535236220472439
0
LINE
8
BLACK
6
CONTINUOUS
10
4.2262496850393703
20
-3.1435669685039369
11
4.2323105118110238
21
-3.146077440944882
0
LINE
8
BLACK
6
CONTINUOUS
10
4.2323105118110238
20
-3.146077440944882
11
4.2377651181102358
21
-3.1497220866141733
0
LINE
8
BLACK
6
CONTINUOUS
10
4.2377651181102358
20
-3.1497220866141733
11
4.2424038976377956
21
-3.1543608661417322
0
LINE
8
BLACK
6
CONTINUOUS
10
4.2424038976377956
20
-3.1543608661417322
11
4.2460485433070865
21
-3.1598154724409446
0
LINE
8
BLACK
6
CONTINUOUS
10
4.2460485433070865
20
-3.1598154724409446
11
4.2485590157480315
21
-3.1658762992125982
0
LINE
8
BLACK
6
CONTINUOUS
10
4.2485590157480315
20
-3.1658762992125982
11
4.249838858267716
21
-3.1723104330708662
0
LINE
8
BLACK
6
CONTINUOUS
10
4.249838858267716
20
-3.1723104330708662
11
4.249838858267716
21
-3.1788706692913387
0
LINE
8
BLACK
6
CONTINUOUS
10
4.249838858267716
20
-3.1788706692913387
11
4.2485590157480315
21
-3.1853048031496063
0
LINE
8
BLACK
6
CONTINUOUS
10
4.2485590157480315
20
-3.1853048031496063
11
4.2460485433070865
21
-3.1913656299212598
0
LINE
8
BLACK
6
CONTINUOUS
10
4.2460485433070865
20
-3.1913656299212598
11
4.2424038976377956
21
-3.1968202362204723
0
LINE
8
BLACK
6
CONTINUOUS
10
4.2424038976377956
20
-3.1968202362204723
11
4.2377651181102358
21
-3.2014590157480316
0
LINE
8
BLACK
6
CONTINUOUS
10
4.2377651181102358
20
-3.2014590157480316
11
4.2323105118110238
21
-3.2051036614173229
0
LINE
8
BLACK
6
CONTINUOUS
10
4.2323105118110238
20
-3.2051036614173229
11
4.2262496850393703
21
-3.2076141338582675
0
LINE
8
BLACK
6
CONTINUOUS
10
4.2262496850393703
20
-3.2076141338582675
11
4.2198155511811022
21
-3.2088939763779525
0
LINE
8
BLACK
6
CONTINUOUS
10
4.2198155511811022
20
-3.2088939763779525
11
4.2132553149606302
21
-3.2088939763779525
0
LINE
8
BLACK
6
CONTINUOUS
10
4.2132553149606302
20
-3.2088939763779525
11
4.2068211811023621
21
-3.2076141338582675
0
LINE
8
BLACK
6
CONTINUOUS
10
4.2068211811023621
20
-3.2076141338582675
11
4.2007603543307086
21
-3.2051036614173229
0
LINE
8
BLACK
6
CONTINUOUS
10
4.2007603543307086
20
-3.2051036614173229
11
4.1953057480314957
21
-3.2014590157480316
0
LINE
8
BLACK
6
CONTINUOUS
10
4.1953057480314957
20
-3.2014590157480316
11
4.1906669685039368
21
-3.1968202362204723
0
LINE
8
BLACK
6
CONTINUOUS
10
4.1906669685039368
20
-3.1968202362204723
11
4.1870223228346459
21
-3.1913656299212598
0
LINE
8
BLACK
6
CONTINUOUS
10
4.1870223228346459
20
-3.1913656299212598
11
4.1845118503937009
21
-3.1853048031496063
0
LINE
8
BLACK
6
CONTINUOUS
10
4.1845118503937009
20
-3.1853048031496063
11
4.1832320078740155
21
-3.1788706692913387
0
LINE
8
BLACK
6
CONTINUOUS
10
4.1832320078740155
20
-3.1788706692913387
11
4.1832320078740155
21
-3.1723104330708662
0
LINE
8
BLACK
6
CONTINUOUS
10
4.1832320078740155
20
-3.1723104330708662
11
4.1845118503937009
21
-3.1658762992125982
0
LINE
8
BLACK
6
CONTINUOUS
10
4.1845118503937009
20
-3.1658762992125982
11
4.1870223228346459
21
-3.1598154724409446
0
LINE
8
BLACK
6
CONTINUOUS
10
4.1870223228346459
20
-3.1598154724409446
11
4.1906669685039368
21
-3.1543608661417322
0
LINE
8
BLACK
6
CONTINUOUS
10
4.1906669685039368
20
-3.1543608661417322
11
4.1953057480314957
21
-3.1497220866141733
0
LINE
8
BLACK
6
CONTINUOUS
10
4.1953057480314957
20
-3.1497220866141733
11
4.2007603543307086
21
-3.146077440944882
0
LINE
8
BLACK
6
CONTINUOUS
10
4.2007603543307086
20
-3.146077440944882
11
4.2068211811023621
21
-3.1435669685039369
0
LINE
8
BLACK
6
CONTINUOUS
10
4.2068211811023621
20
-3.1435669685039369
11
4.2132553149606302
21
-3.142287125984252
0
LINE
8
BLACK
6
CONTINUOUS
10
4.2132553149606302
20
-3.142287125984252
11
4.2198155511811022
21
-3.142287125984252
0
LINE
8
BLACK
6
CONTINUOUS
10
4.2198155511811022
20
-3.142287125984252
11
4.2262496850393703
21
-3.1435669685039369
0
LINE
8
BLACK
6
CONTINUOUS
10
4.1166141732283466
20
-3.205590472440945
11
4.0566141732283461
21
-3.205590472440945
0
LINE
8
BLACK
6
CONTINUOUS
10
4.0566141732283461
20
-3.205590472440945
11
4.0566141732283461
21
-3.1455904724409449
0
LINE
8
BLACK
6
CONTINUOUS
10
4.0566141732283461
20
-3.1455904724409449
11
4.1166141732283466
21
-3.1455904724409449
0
LINE
8
BLACK
6
CONTINUOUS
10
4.1166141732283466
20
-3.1455904724409449
11
4.1166141732283466
21
-3.205590472440945
0
LINE
8
BLACK
6
CONTINUOUS
10
4.2262496850393703
20
-3.0435670078740156
11
4.2323105118110238
21
-3.0460774803149606
0
LINE
8
BLACK
6
CONTINUOUS
10
4.2323105118110238
20
-3.0460774803149606
11
4.2377651181102358
21
-3.049722125984252
0
LINE
8
BLACK
6
CONTINUOUS
10
4.2377651181102358
20
-3.049722125984252
11
4.2424038976377956
21
-3.0543609055118108
0
LINE
8
BLACK
6
CONTINUOUS
10
4.2424038976377956
20
-3.0543609055118108
11
4.2460485433070865
21
-3.0598155118110237
0
LINE
8
BLACK
6
CONTINUOUS
10
4.2460485433070865
20
-3.0598155118110237
11
4.2485590157480315
21
-3.0658763385826773
0
LINE
8
BLACK
6
CONTINUOUS
10
4.2485590157480315
20
-3.0658763385826773
11
4.249838858267716
21
-3.0723104724409449
0
LINE
8
BLACK
6
CONTINUOUS
10
4.249838858267716
20
-3.0723104724409449
11
4.249838858267716
21
-3.0788707086614173
0
LINE
8
BLACK
6
CONTINUOUS
10
4.249838858267716
20
-3.0788707086614173
11
4.2485590157480315
21
-3.085304842519685
0
LINE
8
BLACK
6
CONTINUOUS
10
4.2485590157480315
20
-3.085304842519685
11
4.2460485433070865
21
-3.0913656692913385
0
LINE
8
BLACK
6
CONTINUOUS
10
4.2460485433070865
20
-3.0913656692913385
11
4.2424038976377956
21
-3.096820275590551
0
LINE
8
BLACK
6
CONTINUOUS
10
4.2424038976377956
20
-3.096820275590551
11
4.2377651181102358
21
-3.1014590551181103
0
LINE
8
BLACK
6
CONTINUOUS
10
4.2377651181102358
20
-3.1014590551181103
11
4.2323105118110238
21
-3.1051037007874016
0
LINE
8
BLACK
6
CONTINUOUS
10
4.2323105118110238
20
-3.1051037007874016
11
4.2262496850393703
21
-3.1076141732283462
0
LINE
8
BLACK
6
CONTINUOUS
10
4.2262496850393703
20
-3.1076141732283462
11
4.2198155511811022
21
-3.1088940157480316
0
LINE
8
BLACK
6
CONTINUOUS
10
4.2198155511811022
20
-3.1088940157480316
11
4.2132553149606302
21
-3.1088940157480316
0
LINE
8
BLACK
6
CONTINUOUS
10
4.2132553149606302
20
-3.1088940157480316
11
4.2068211811023621
21
-3.1076141732283462
0
LINE
8
BLACK
6
CONTINUOUS
10
4.2068211811023621
20
-3.1076141732283462
11
4.2007603543307086
21
-3.1051037007874016
0
LINE
8
BLACK
6
CONTINUOUS
10
4.2007603543307086
20
-3.1051037007874016
11
4.1953057480314957
21
-3.1014590551181103
0
LINE
8
BLACK
6
CONTINUOUS
10
4.1953057480314957
20
-3.1014590551181103
11
4.1906669685039368
21
-3.096820275590551
0
LINE
8
BLACK
6
CONTINUOUS
10
4.1906669685039368
20
-3.096820275590551
11
4.1870223228346459
21
-3.0913656692913385
0
LINE
8
BLACK
6
CONTINUOUS
10
4.1870223228346459
20
-3.0913656692913385
11
4.1845118503937009
21
-3.085304842519685
0
LINE
8
BLACK
6
CONTINUOUS
10
4.1845118503937009
20
-3.085304842519685
11
4.1832320078740155
21
-3.0788707086614173
0
LINE
8
BLACK
6
CONTINUOUS
10
4.1832320078740155
20
-3.0788707086614173
11
4.1832320078740155
21
-3.0723104724409449
0
LINE
8
BLACK
6
CONTINUOUS
10
4.1832320078740155
20
-3.0723104724409449
11
4.1845118503937009
21
-3.0658763385826773
0
LINE
8
BLACK
6
CONTINUOUS
10
4.1845118503937009
20
-3.0658763385826773
11
4.1870223228346459
21
-3.0598155118110237
0
LINE
8
BLACK
6
CONTINUOUS
10
4.1870223228346459
20
-3.0598155118110237
11
4.1906669685039368
21
-3.0543609055118108
0
LINE
8
BLACK
6
CONTINUOUS
10
4.1906669685039368
20
-3.0543609055118108
11
4.1953057480314957
21
-3.049722125984252
0
LINE
8
BLACK
6
CONTINUOUS
10
4.1953057480314957
20
-3.049722125984252
11
4.2007603543307086
21
-3.0460774803149606
0
LINE
8
BLACK
6
CONTINUOUS
10
4.2007603543307086
20
-3.0460774803149606
11
4.2068211811023621
21
-3.0435670078740156
0
LINE
8
BLACK
6
CONTINUOUS
10
4.2068211811023621
20
-3.0435670078740156
11
4.2132553149606302
21
-3.0422871653543306
0
LINE
8
BLACK
6
CONTINUOUS
10
4.2132553149606302
20
-3.0422871653543306
11
4.2198155511811022
21
-3.0422871653543306
0
LINE
8
BLACK
6
CONTINUOUS
10
4.2198155511811022
20
-3.0422871653543306
11
4.2262496850393703
21
-3.0435670078740156
0
LINE
8
BLACK
6
CONTINUOUS
10
4.5122106692913384
20
-2.9603268110236218
11
4.5201426377952751
21
-2.9629040551181101
0
LINE
8
BLACK
6
CONTINUOUS
10
4.5201426377952751
20
-2.9629040551181101
11
4.5275737401574805
21
-2.9666903937007874
0
LINE
8
BLACK
6
CONTINUOUS
10
4.5275737401574805
20
-2.9666903937007874
11
4.5343210629921256
21
-2.9715925984251967
0
LINE
8
BLACK
6
CONTINUOUS
10
4.5343210629921256
20
-2.9715925984251967
11
4.5402184251968505
21
-2.9774899606299212
0
LINE
8
BLACK
6
CONTINUOUS
10
4.5402184251968505
20
-2.9774899606299212
11
4.5451206299212599
21
-2.9842372834645667
0
LINE
8
BLACK
6
CONTINUOUS
10
4.5451206299212599
20
-2.9842372834645667
11
4.5489069685039372
21
-2.9916683858267716
0
LINE
8
BLACK
6
CONTINUOUS
10
4.5489069685039372
20
-2.9916683858267716
11
4.5514842125984254
21
-2.9996003543307084
0
LINE
8
BLACK
6
CONTINUOUS
10
4.5514842125984254
20
-2.9996003543307084
11
4.5527888976377948
21
-3.0078377952755906
0
LINE
8
BLACK
6
CONTINUOUS
10
4.5527888976377948
20
-3.0078377952755906
11
4.5527888976377948
21
-3.0161779527559056
0
LINE
8
BLACK
6
CONTINUOUS
10
4.5527888976377948
20
-3.0161779527559056
11
4.5514842125984254
21
-3.0244153937007874
0
LINE
8
BLACK
6
CONTINUOUS
10
4.5514842125984254
20
-3.0244153937007874
11
4.5489069685039372
21
-3.0323473622047246
0
LINE
8
BLACK
6
CONTINUOUS
10
4.5489069685039372
20
-3.0323473622047246
11
4.5451206299212599
21
-3.039778464566929
0
LINE
8
BLACK
6
CONTINUOUS
10
4.5451206299212599
20
-3.039778464566929
11
4.5402184251968505
21
-3.0465257874015745
0
LINE
8
BLACK
6
CONTINUOUS
10
4.5402184251968505
20
-3.0465257874015745
11
4.5343210629921256
21
-3.052423149606299
0
LINE
8
BLACK
6
CONTINUOUS
10
4.5343210629921256
20
-3.052423149606299
11
4.5275737401574805
21
-3.0573253543307084
0
LINE
8
BLACK
6
CONTINUOUS
10
4.5275737401574805
20
-3.0573253543307084
11
4.5201426377952751
21
-3.0611116929133857
0
LINE
8
BLACK
6
CONTINUOUS
10
4.5201426377952751
20
-3.0611116929133857
11
4.5122106692913384
21
-3.0636889370078739
0
LINE
8
BLACK
6
CONTINUOUS
10
4.5122106692913384
20
-3.0636889370078739
11
4.5039732283464566
21
-3.0649936220472442
0
LINE
8
BLACK
6
CONTINUOUS
10
4.5039732283464566
20
-3.0649936220472442
11
4.4956330708661421
21
-3.0649936220472442
0
LINE
8
BLACK
6
CONTINUOUS
10
4.4956330708661421
20
-3.0649936220472442
11
4.4873956299212594
21
-3.0636889370078739
0
LINE
8
BLACK
6
CONTINUOUS
10
4.4873956299212594
20
-3.0636889370078739
11
4.4794636614173227
21
-3.0611116929133857
0
LINE
8
BLACK
6
CONTINUOUS
10
4.4794636614173227
20
-3.0611116929133857
11
4.4720325590551182
21
-3.0573253543307084
0
LINE
8
BLACK
6
CONTINUOUS
10
4.4720325590551182
20
-3.0573253543307084
11
4.4652852362204722
21
-3.052423149606299
0
LINE
8
BLACK
6
CONTINUOUS
10
4.4652852362204722
20
-3.052423149606299
11
4.4593878740157482
21
-3.0465257874015745
0
LINE
8
BLACK
6
CONTINUOUS
10
4.4593878740157482
20
-3.0465257874015745
11
4.4544856692913388
21
-3.039778464566929
0
LINE
8
BLACK
6
CONTINUOUS
10
4.4544856692913388
20
-3.039778464566929
11
4.4506993307086615
21
-3.0323473622047246
0
LINE
8
BLACK
6
CONTINUOUS
10
4.4506993307086615
20
-3.0323473622047246
11
4.4481220866141733
21
-3.0244153937007874
0
LINE
8
BLACK
6
CONTINUOUS
10
4.4481220866141733
20
-3.0244153937007874
11
4.446817401574803
21
-3.0161779527559056
0
LINE
8
BLACK
6
CONTINUOUS
10
4.446817401574803
20
-3.0161779527559056
11
4.446817401574803
21
-3.0078377952755906
0
LINE
8
BLACK
6
CONTINUOUS
10
4.446817401574803
20
-3.0078377952755906
11
4.4481220866141733
21
-2.9996003543307084
0
LINE
8
BLACK
6
CONTINUOUS
10
4.4481220866141733
20
-2.9996003543307084
11
4.4506993307086615
21
-2.9916683858267716
0
LINE
8
BLACK
6
CONTINUOUS
10
4.4506993307086615
20
-2.9916683858267716
11
4.4544856692913388
21
-2.9842372834645667
0
LINE
8
BLACK
6
CONTINUOUS
10
4.4544856692913388
20
-2.9842372834645667
11
4.4593878740157482
21
-2.9774899606299212
0
LINE
8
BLACK
6
CONTINUOUS
10
4.4593878740157482
20
-2.9774899606299212
11
4.4652852362204722
21
-2.9715925984251967
0
LINE
8
BLACK
6
CONTINUOUS
10
4.4652852362204722
20
-2.9715925984251967
11
4.4720325590551182
21
-2.9666903937007874
0
LINE
8
BLACK
6
CONTINUOUS
10
4.4720325590551182
20
-2.9666903937007874
11
4.4794636614173227
21
-2.9629040551181101
0
LINE
8
BLACK
6
CONTINUOUS
10
4.4794636614173227
20
-2.9629040551181101
11
4.4873956299212594
21
-2.9603268110236218
0
LINE
8
BLACK
6
CONTINUOUS
10
4.4873956299212594
20
-2.9603268110236218
11
4.4956330708661421
21
-2.959022125984252
0
LINE
8
BLACK
6
CONTINUOUS
10
4.4956330708661421
20
-2.959022125984252
11
4.5039732283464566
21
-2.959022125984252
0
LINE
8
BLACK
6
CONTINUOUS
10
4.5039732283464566
20
-2.959022125984252
11
4.5122106692913384
21
-2.9603268110236218
0
LINE
8
BLACK
6
CONTINUOUS
10
4.6001968503937007
20
-3.0415354330708659
11
4.5592586614173225
21
-3.0415354330708659
0
LINE
8
BLACK
6
CONTINUOUS
10
4.5592586614173225
20
-3.0415354330708659
11
4.5591688976377949
21
-3.041557125984252
0
LINE
8
BLACK
6
CONTINUOUS
10
4.5591688976377949
20
-3.041557125984252
11
4.5590305905511812
21
-3.0415354330708659
0
LINE
8
BLACK
6
CONTINUOUS
10
4.5590305905511812
20
-3.0415354330708659
11
4.558858267716535
21
-3.0415354330708659
0
LINE
8
BLACK
6
CONTINUOUS
10
4.558858267716535
20
-3.0415354330708659
11
4.558858267716535
21
-3.0415083858267717
0
LINE
8
BLACK
6
CONTINUOUS
10
4.558858267716535
20
-3.0415083858267717
11
4.5561337401574802
21
-3.0410810629921259
0
LINE
8
BLACK
6
CONTINUOUS
10
4.5561337401574802
20
-3.0410810629921259
11
4.5535117716535431
21
-3.0394797637795277
0
LINE
8
BLACK
6
CONTINUOUS
10
4.5535117716535431
20
-3.0394797637795277
11
4.5517021653543308
21
-3.0369969685039369
0
LINE
8
BLACK
6
CONTINUOUS
10
4.5517021653543308
20
-3.0369969685039369
11
4.5509804330708663
21
-3.0340106299212599
0
LINE
8
BLACK
6
CONTINUOUS
10
4.5509804330708663
20
-3.0340106299212599
11
4.5514564960629924
21
-3.0309754724409448
0
LINE
8
BLACK
6
CONTINUOUS
10
4.5514564960629924
20
-3.0309754724409448
11
4.5527908661417325
21
-3.0273357480314962
0
LINE
8
BLACK
6
CONTINUOUS
10
4.5527908661417325
20
-3.0273357480314962
11
4.554416535433071
21
-3.0197549212598425
0
LINE
8
BLACK
6
CONTINUOUS
10
4.554416535433071
20
-3.0197549212598425
11
4.554963267716535
21
-3.012021062992126
0
LINE
8
BLACK
6
CONTINUOUS
10
4.554963267716535
20
-3.012021062992126
11
4.554420236220472
21
-3.0042869291338583
0
LINE
8
BLACK
6
CONTINUOUS
10
4.554420236220472
20
-3.0042869291338583
11
4.552798149606299
21
-2.99670531496063
0
LINE
8
BLACK
6
CONTINUOUS
10
4.552798149606299
20
-2.99670531496063
11
4.551465551181102
21
-2.9930650000000001
0
LINE
8
BLACK
6
CONTINUOUS
10
4.551465551181102
20
-2.9930650000000001
11
4.5509909448818897
21
-2.9900295669291337
0
LINE
8
BLACK
6
CONTINUOUS
10
4.5509909448818897
20
-2.9900295669291337
11
4.5517140944881893
21
-2.9870435826771651
0
LINE
8
BLACK
6
CONTINUOUS
10
4.5517140944881893
20
-2.9870435826771651
11
4.5535248818897633
21
-2.9845616535433068
0
LINE
8
BLACK
6
CONTINUOUS
10
4.5535248818897633
20
-2.9845616535433068
11
4.5561475984251967
21
-2.9829616141732282
0
LINE
8
BLACK
6
CONTINUOUS
10
4.5561475984251967
20
-2.9829616141732282
11
4.558858267716535
21
-2.9825377952755905
0
LINE
8
BLACK
6
CONTINUOUS
10
4.558858267716535
20
-2.9825377952755905
11
4.558858267716535
21
-2.9824803149606298
0
LINE
8
BLACK
6
CONTINUOUS
10
4.558858267716535
20
-2.9824803149606298
11
4.6001968503937007
21
-2.9824803149606298
0
LINE
8
BLACK
6
CONTINUOUS
10
4.6001968503937007
20
-2.9824803149606298
11
4.6001968503937007
21
-3.0415354330708659
0
LINE
8
BLACK
6
CONTINUOUS
10
4.4405757086614175
20
-2.9824803149606298
11
4.4407480314960628
21
-2.9824803149606298
0
LINE
8
BLACK
6
CONTINUOUS
10
4.4407480314960628
20
-2.9824803149606298
11
4.4407480314960628
21
-2.9825073622047245
0
LINE
8
BLACK
6
CONTINUOUS
10
4.4407480314960628
20
-2.9825073622047245
11
4.4434725590551176
21
-2.9829346850393699
0
LINE
8
BLACK
6
CONTINUOUS
10
4.4434725590551176
20
-2.9829346850393699
11
4.4460945275590547
21
-2.9845359842519685
0
LINE
8
BLACK
6
CONTINUOUS
10
4.4460945275590547
20
-2.9845359842519685
11
4.4479041338582679
21
-2.9870187795275589
0
LINE
8
BLACK
6
CONTINUOUS
10
4.4479041338582679
20
-2.9870187795275589
11
4.4486258661417324
21
-2.9900051181102363
0
LINE
8
BLACK
6
CONTINUOUS
10
4.4486258661417324
20
-2.9900051181102363
11
4.4481498031496063
21
-2.993040275590551
0
LINE
8
BLACK
6
CONTINUOUS
10
4.4481498031496063
20
-2.993040275590551
11
4.4468154330708662
21
-2.99668
0
LINE
8
BLACK
6
CONTINUOUS
10
4.4468154330708662
20
-2.99668
11
4.4451897637795277
21
-3.0042608267716533
0
LINE
8
BLACK
6
CONTINUOUS
10
4.4451897637795277
20
-3.0042608267716533
11
4.4446430314960628
21
-3.0119946850393702
0
LINE
8
BLACK
6
CONTINUOUS
10
4.4446430314960628
20
-3.0119946850393702
11
4.4451860629921258
21
-3.0197288188976379
0
LINE
8
BLACK
6
CONTINUOUS
10
4.4451860629921258
20
-3.0197288188976379
11
4.4468081496062988
21
-3.0273104330708662
0
LINE
8
BLACK
6
CONTINUOUS
10
4.4468081496062988
20
-3.0273104330708662
11
4.4481407480314958
21
-3.0309507480314961
0
LINE
8
BLACK
6
CONTINUOUS
10
4.4481407480314958
20
-3.0309507480314961
11
4.448615354330709
21
-3.0339861811023621
0
LINE
8
BLACK
6
CONTINUOUS
10
4.448615354330709
20
-3.0339861811023621
11
4.4478922047244094
21
-3.0369721653543307
0
LINE
8
BLACK
6
CONTINUOUS
10
4.4478922047244094
20
-3.0369721653543307
11
4.4460814173228345
21
-3.0394540944881889
0
LINE
8
BLACK
6
CONTINUOUS
10
4.4460814173228345
20
-3.0394540944881889
11
4.4434587007874011
21
-3.0410541338582675
0
LINE
8
BLACK
6
CONTINUOUS
10
4.4434587007874011
20
-3.0410541338582675
11
4.4407480314960628
21
-3.0414779527559053
0
LINE
8
BLACK
6
CONTINUOUS
10
4.4407480314960628
20
-3.0414779527559053
11
4.4407480314960628
21
-3.0415354330708659
0
LINE
8
BLACK
6
CONTINUOUS
10
4.4407480314960628
20
-3.0415354330708659
11
4.3994094488188979
21
-3.0415354330708659
0
LINE
8
BLACK
6
CONTINUOUS
10
4.3994094488188979
20
-3.0415354330708659
11
4.3994094488188979
21
-2.9824803149606298
0
LINE
8
BLACK
6
CONTINUOUS
10
4.3994094488188979
20
-2.9824803149606298
11
4.4403476377952753
21
-2.9824803149606298
0
LINE
8
BLACK
6
CONTINUOUS
10
4.4403476377952753
20
-2.9824803149606298
11
4.4404374015748029
21
-2.9824586220472442
0
LINE
8
BLACK
6
CONTINUOUS
10
4.4404374015748029
20
-2.9824586220472442
11
4.4405757086614175
21
-2.9824803149606298
0
LINE
8
BLACK
6
CONTINUOUS
10
2.1026276377952757
20
-2.8839212992125982
11
2.1086884645669293
21
-2.8864317716535433
0
LINE
8
BLACK
6
CONTINUOUS
10
2.1086884645669293
20
-2.8864317716535433
11
2.1141430708661417
21
-2.8900764173228346
0
LINE
8
BLACK
6
CONTINUOUS
10
2.1141430708661417
20
-2.8900764173228346
11
2.1187818503937006
21
-2.8947151968503935
0
LINE
8
BLACK
6
CONTINUOUS
10
2.1187818503937006
20
-2.8947151968503935
11
2.1224264960629919
21
-2.9001698031496064
0
LINE
8
BLACK
6
CONTINUOUS
10
2.1224264960629919
20
-2.9001698031496064
11
2.124936968503937
21
-2.9062306299212599
0
LINE
8
BLACK
6
CONTINUOUS
10
2.124936968503937
20
-2.9062306299212599
11
2.1262168110236219
21
-2.9126647637795275
0
LINE
8
BLACK
6
CONTINUOUS
10
2.1262168110236219
20
-2.9126647637795275
11
2.1262168110236219
21
-2.919225
0
LINE
8
BLACK
6
CONTINUOUS
10
2.1262168110236219
20
-2.919225
11
2.124936968503937
21
-2.9256591338582676
0
LINE
8
BLACK
6
CONTINUOUS
10
2.124936968503937
20
-2.9256591338582676
11
2.1224264960629919
21
-2.9317199606299211
0
LINE
8
BLACK
6
CONTINUOUS
10
2.1224264960629919
20
-2.9317199606299211
11
2.1187818503937006
21
-2.9371745669291336
0
LINE
8
BLACK
6
CONTINUOUS
10
2.1187818503937006
20
-2.9371745669291336
11
2.1141430708661417
21
-2.9418133464566929
0
LINE
8
BLACK
6
CONTINUOUS
10
2.1141430708661417
20
-2.9418133464566929
11
2.1086884645669293
21
-2.9454579921259842
0
LINE
8
BLACK
6
CONTINUOUS
10
2.1086884645669293
20
-2.9454579921259842
11
2.1026276377952757
21
-2.9479684645669288
0
LINE
8
BLACK
6
CONTINUOUS
10
2.1026276377952757
20
-2.9479684645669288
11
2.0961935039370077
21
-2.9492483070866142
0
LINE
8
BLACK
6
CONTINUOUS
10
2.0961935039370077
20
-2.9492483070866142
11
2.0896332677165352
21
-2.9492483070866142
0
LINE
8
BLACK
6
CONTINUOUS
10
2.0896332677165352
20
-2.9492483070866142
11
2.0831991338582676
21
-2.9479684645669288
0
LINE
8
BLACK
6
CONTINUOUS
10
2.0831991338582676
20
-2.9479684645669288
11
2.0771383070866141
21
-2.9454579921259842
0
LINE
8
BLACK
6
CONTINUOUS
10
2.0771383070866141
20
-2.9454579921259842
11
2.0716837007874016
21
-2.9418133464566929
0
LINE
8
BLACK
6
CONTINUOUS
10
2.0716837007874016
20
-2.9418133464566929
11
2.0670449212598423
21
-2.9371745669291336
0
LINE
8
BLACK
6
CONTINUOUS
10
2.0670449212598423
20
-2.9371745669291336
11
2.0634002755905509
21
-2.9317199606299211
0
LINE
8
BLACK
6
CONTINUOUS
10
2.0634002755905509
20
-2.9317199606299211
11
2.0608898031496063
21
-2.9256591338582676
0
LINE
8
BLACK
6
CONTINUOUS
10
2.0608898031496063
20
-2.9256591338582676
11
2.0596099606299214
21
-2.919225
0
LINE
8
BLACK
6
CONTINUOUS
10
2.0596099606299214
20
-2.919225
11
2.0596099606299214
21
-2.9126647637795275
0
LINE
8
BLACK
6
CONTINUOUS
10
2.0596099606299214
20
-2.9126647637795275
11
2.0608898031496063
21
-2.9062306299212599
0
LINE
8
BLACK
6
CONTINUOUS
10
2.0608898031496063
20
-2.9062306299212599
11
2.0634002755905509
21
-2.9001698031496064
0
LINE
8
BLACK
6
CONTINUOUS
10
2.0634002755905509
20
-2.9001698031496064
11
2.0670449212598423
21
-2.8947151968503935
0
LINE
8
BLACK
6
CONTINUOUS
10
2.0670449212598423
20
-2.8947151968503935
11
2.0716837007874016
21
-2.8900764173228346
0
LINE
8
BLACK
6
CONTINUOUS
10
2.0716837007874016
20
-2.8900764173228346
11
2.0771383070866141
21
-2.8864317716535433
0
LINE
8
BLACK
6
CONTINUOUS
10
2.0771383070866141
20
-2.8864317716535433
11
2.0831991338582676
21
-2.8839212992125982
0
LINE
8
BLACK
6
CONTINUOUS
10
2.0831991338582676
20
-2.8839212992125982
11
2.0896332677165352
21
-2.8826414566929133
0
LINE
8
BLACK
6
CONTINUOUS
10
2.0896332677165352
20
-2.8826414566929133
11
2.0961935039370077
21
-2.8826414566929133
0
LINE
8
BLACK
6
CONTINUOUS
10
2.0961935039370077
20
-2.8826414566929133
11
2.1026276377952757
21
-2.8839212992125982
0
LINE
8
BLACK
6
CONTINUOUS
10
2.2026276377952754
20
-2.8839212992125982
11
2.2086884645669289
21
-2.8864317716535433
0
LINE
8
BLACK
6
CONTINUOUS
10
2.2086884645669289
20
-2.8864317716535433
11
2.2141430708661418
21
-2.8900764173228346
0
LINE
8
BLACK
6
CONTINUOUS
10
2.2141430708661418
20
-2.8900764173228346
11
2.2187818503937007
21
-2.8947151968503935
0
LINE
8
BLACK
6
CONTINUOUS
10
2.2187818503937007
20
-2.8947151968503935
11
2.222426496062992
21
-2.9001698031496064
0
LINE
8
BLACK
6
CONTINUOUS
10
2.222426496062992
20
-2.9001698031496064
11
2.2249369685039371
21
-2.9062306299212599
0
LINE
8
BLACK
6
CONTINUOUS
10
2.2249369685039371
20
-2.9062306299212599
11
2.226216811023622
21
-2.9126647637795275
0
LINE
8
BLACK
6
CONTINUOUS
10
2.226216811023622
20
-2.9126647637795275
11
2.226216811023622
21
-2.919225
0
LINE
8
BLACK
6
CONTINUOUS
10
2.226216811023622
20
-2.919225
11
2.2249369685039371
21
-2.9256591338582676
0
LINE
8
BLACK
6
CONTINUOUS
10
2.2249369685039371
20
-2.9256591338582676
11
2.222426496062992
21
-2.9317199606299211
0
LINE
8
BLACK
6
CONTINUOUS
10
2.222426496062992
20
-2.9317199606299211
11
2.2187818503937007
21
-2.9371745669291336
0
LINE
8
BLACK
6
CONTINUOUS
10
2.2187818503937007
20
-2.9371745669291336
11
2.2141430708661418
21
-2.9418133464566929
0
LINE
8
BLACK
6
CONTINUOUS
10
2.2141430708661418
20
-2.9418133464566929
11
2.2086884645669289
21
-2.9454579921259842
0
LINE
8
BLACK
6
CONTINUOUS
10
2.2086884645669289
20
-2.9454579921259842
11
2.2026276377952754
21
-2.9479684645669288
0
LINE
8
BLACK
6
CONTINUOUS
10
2.2026276377952754
20
-2.9479684645669288
11
2.1961935039370077
21
-2.9492483070866142
0
LINE
8
BLACK
6
CONTINUOUS
10
2.1961935039370077
20
-2.9492483070866142
11
2.1896332677165353
21
-2.9492483070866142
0
LINE
8
BLACK
6
CONTINUOUS
10
2.1896332677165353
20
-2.9492483070866142
11
2.1831991338582677
21
-2.9479684645669288
0
LINE
8
BLACK
6
CONTINUOUS
10
2.1831991338582677
20
-2.9479684645669288
11
2.1771383070866142
21
-2.9454579921259842
0
LINE
8
BLACK
6
CONTINUOUS
10
2.1771383070866142
20
-2.9454579921259842
11
2.1716837007874017
21
-2.9418133464566929
0
LINE
8
BLACK
6
CONTINUOUS
10
2.1716837007874017
20
-2.9418133464566929
11
2.1670449212598424
21
-2.9371745669291336
0
LINE
8
BLACK
6
CONTINUOUS
10
2.1670449212598424
20
-2.9371745669291336
11
2.163400275590551
21
-2.9317199606299211
0
LINE
8
BLACK
6
CONTINUOUS
10
2.163400275590551
20
-2.9317199606299211
11
2.1608898031496064
21
-2.9256591338582676
0
LINE
8
BLACK
6
CONTINUOUS
10
2.1608898031496064
20
-2.9256591338582676
11
2.1596099606299211
21
-2.919225
0
LINE
8
BLACK
6
CONTINUOUS
10
2.1596099606299211
20
-2.919225
11
2.1596099606299211
21
-2.9126647637795275
0
LINE
8
BLACK
6
CONTINUOUS
10
2.1596099606299211
20
-2.9126647637795275
11
2.1608898031496064
21
-2.9062306299212599
0
LINE
8
BLACK
6
CONTINUOUS
10
2.1608898031496064
20
-2.9062306299212599
11
2.163400275590551
21
-2.9001698031496064
0
LINE
8
BLACK
6
CONTINUOUS
10
2.163400275590551
20
-2.9001698031496064
11
2.1670449212598424
21
-2.8947151968503935
0
LINE
8
BLACK
6
CONTINUOUS
10
2.1670449212598424
20
-2.8947151968503935
11
2.1716837007874017
21
-2.8900764173228346
0
LINE
8
BLACK
6
CONTINUOUS
10
2.1716837007874017
20
-2.8900764173228346
11
2.1771383070866142
21
-2.8864317716535433
0
LINE
8
BLACK
6
CONTINUOUS
10
2.1771383070866142
20
-2.8864317716535433
11
2.1831991338582677
21
-2.8839212992125982
0
LINE
8
BLACK
6
CONTINUOUS
10
2.1831991338582677
20
-2.8839212992125982
11
2.1896332677165353
21
-2.8826414566929133
0
LINE
8
BLACK
6
CONTINUOUS
10
2.1896332677165353
20
-2.8826414566929133
11
2.1961935039370077
21
-2.8826414566929133
0
LINE
8
BLACK
6
CONTINUOUS
10
2.1961935039370077
20
-2.8826414566929133
11
2.2026276377952754
21
-2.8839212992125982
0
LINE
8
BLACK
6
CONTINUOUS
10
4.4806062992125986
20
-2.9041220472440945
11
4.4456062992125984
21
-2.9041220472440945
0
LINE
8
BLACK
6
CONTINUOUS
10
4.4456062992125984
20
-2.9041220472440945
11
4.4456062992125984
21
-2.8491220472440943
0
LINE
8
BLACK
6
CONTINUOUS
10
4.4456062992125984
20
-2.8491220472440943
11
4.4806062992125986
21
-2.8491220472440943
0
LINE
8
BLACK
6
CONTINUOUS
10
4.4806062992125986
20
-2.8491220472440943
11
4.4806062992125986
21
-2.9041220472440945
0
LINE
8
BLACK
6
CONTINUOUS
10
4.5556062992125987
20
-2.9041220472440945
11
4.5206062992125986
21
-2.9041220472440945
0
LINE
8
BLACK
6
CONTINUOUS
10
4.5206062992125986
20
-2.9041220472440945
11
4.5206062992125986
21
-2.8491220472440943
0
LINE
8
BLACK
6
CONTINUOUS
10
4.5206062992125986
20
-2.8491220472440943
11
4.5556062992125987
21
-2.8491220472440943
0
LINE
8
BLACK
6
CONTINUOUS
10
4.5556062992125987
20
-2.8491220472440943
11
4.5556062992125987
21
-2.9041220472440945
0
LINE
8
BLACK
6
CONTINUOUS
10
2.1026276377952757
20
-2.7839212992125986
11
2.1086884645669293
21
-2.7864317716535432
0
LINE
8
BLACK
6
CONTINUOUS
10
2.1086884645669293
20
-2.7864317716535432
11
2.1141430708661417
21
-2.7900764173228345
0
LINE
8
BLACK
6
CONTINUOUS
10
2.1141430708661417
20
-2.7900764173228345
11
2.1187818503937006
21
-2.7947151968503938
0
LINE
8
BLACK
6
CONTINUOUS
10
2.1187818503937006
20
-2.7947151968503938
11
2.1224264960629919
21
-2.8001698031496063
0
LINE
8
BLACK
6
CONTINUOUS
10
2.1224264960629919
20
-2.8001698031496063
11
2.124936968503937
21
-2.8062306299212598
0
LINE
8
BLACK
6
CONTINUOUS
10
2.124936968503937
20
-2.8062306299212598
11
2.1262168110236219
21
-2.8126647637795275
0
LINE
8
BLACK
6
CONTINUOUS
10
2.1262168110236219
20
-2.8126647637795275
11
2.1262168110236219
21
-2.8192249999999999
0
LINE
8
BLACK
6
CONTINUOUS
10
2.1262168110236219
20
-2.8192249999999999
11
2.124936968503937
21
-2.8256591338582675
0
LINE
8
BLACK
6
CONTINUOUS
10
2.124936968503937
20
-2.8256591338582675
11
2.1224264960629919
21
-2.831719960629921
0
LINE
8
BLACK
6
CONTINUOUS
10
2.1224264960629919
20
-2.831719960629921
11
2.1187818503937006
21
-2.8371745669291339
0
LINE
8
BLACK
6
CONTINUOUS
10
2.1187818503937006
20
-2.8371745669291339
11
2.1141430708661417
21
-2.8418133464566928
0
LINE
8
BLACK
6
CONTINUOUS
10
2.1141430708661417
20
-2.8418133464566928
11
2.1086884645669293
21
-2.8454579921259842
0
LINE
8
BLACK
6
CONTINUOUS
10
2.1086884645669293
20
-2.8454579921259842
11
2.1026276377952757
21
-2.8479684645669292
0
LINE
8
BLACK
6
CONTINUOUS
10
2.1026276377952757
20
-2.8479684645669292
11
2.0961935039370077
21
-2.8492483070866141
0
LINE
8
BLACK
6
CONTINUOUS
10
2.0961935039370077
20
-2.8492483070866141
11
2.0896332677165352
21
-2.8492483070866141
0
LINE
8
BLACK
6
CONTINUOUS
10
2.0896332677165352
20
-2.8492483070866141
11
2.0831991338582676
21
-2.8479684645669292
0
LINE
8
BLACK
6
CONTINUOUS
10
2.0831991338582676
20
-2.8479684645669292
11
2.0771383070866141
21
-2.8454579921259842
0
LINE
8
BLACK
6
CONTINUOUS
10
2.0771383070866141
20
-2.8454579921259842
11
2.0716837007874016
21
-2.8418133464566928
0
LINE
8
BLACK
6
CONTINUOUS
10
2.0716837007874016
20
-2.8418133464566928
11
2.0670449212598423
21
-2.8371745669291339
0
LINE
8
BLACK
6
CONTINUOUS
10
2.0670449212598423
20
-2.8371745669291339
11
2.0634002755905509
21
-2.831719960629921
0
LINE
8
BLACK
6
CONTINUOUS
10
2.0634002755905509
20
-2.831719960629921
11
2.0608898031496063
21
-2.8256591338582675
0
LINE
8
BLACK
6
CONTINUOUS
10
2.0608898031496063
20
-2.8256591338582675
11
2.0596099606299214
21
-2.8192249999999999
0
LINE
8
BLACK
6
CONTINUOUS
10
2.0596099606299214
20
-2.8192249999999999
11
2.0596099606299214
21
-2.8126647637795275
0
LINE
8
BLACK
6
CONTINUOUS
10
2.0596099606299214
20
-2.8126647637795275
11
2.0608898031496063
21
-2.8062306299212598
0
LINE
8
BLACK
6
CONTINUOUS
10
2.0608898031496063
20
-2.8062306299212598
11
2.0634002755905509
21
-2.8001698031496063
0
LINE
8
BLACK
6
CONTINUOUS
10
2.0634002755905509
20
-2.8001698031496063
11
2.0670449212598423
21
-2.7947151968503938
0
LINE
8
BLACK
6
CONTINUOUS
10
2.0670449212598423
20
-2.7947151968503938
11
2.0716837007874016
21
-2.7900764173228345
0
LINE
8
BLACK
6
CONTINUOUS
10
2.0716837007874016
20
-2.7900764173228345
11
2.0771383070866141
21
-2.7864317716535432
0
LINE
8
BLACK
6
CONTINUOUS
10
2.0771383070866141
20
-2.7864317716535432
11
2.0831991338582676
21
-2.7839212992125986
0
LINE
8
BLACK
6
CONTINUOUS
10
2.0831991338582676
20
-2.7839212992125986
11
2.0896332677165352
21
-2.7826414566929132
0
LINE
8
BLACK
6
CONTINUOUS
10
2.0896332677165352
20
-2.7826414566929132
11
2.0961935039370077
21
-2.7826414566929132
0
LINE
8
BLACK
6
CONTINUOUS
10
2.0961935039370077
20
-2.7826414566929132
11
2.1026276377952757
21
-2.7839212992125986
0
LINE
8
BLACK
6
CONTINUOUS
10
2.2026276377952754
20
-2.7839212992125986
11
2.2086884645669289
21
-2.7864317716535432
0
LINE
8
BLACK
6
CONTINUOUS
10
2.2086884645669289
20
-2.7864317716535432
11
2.2141430708661418
21
-2.7900764173228345
0
LINE
8
BLACK
6
CONTINUOUS
10
2.2141430708661418
20
-2.7900764173228345
11
2.2187818503937007
21
-2.7947151968503938
0
LINE
8
BLACK
6
CONTINUOUS
10
2.2187818503937007
20
-2.7947151968503938
11
2.222426496062992
21
-2.8001698031496063
0
LINE
8
BLACK
6
CONTINUOUS
10
2.222426496062992
20
-2.8001698031496063
11
2.2249369685039371
21
-2.8062306299212598
0
LINE
8
BLACK
6
CONTINUOUS
10
2.2249369685039371
20
-2.8062306299212598
11
2.226216811023622
21
-2.8126647637795275
0
LINE
8
BLACK
6
CONTINUOUS
10
2.226216811023622
20
-2.8126647637795275
11
2.226216811023622
21
-2.8192249999999999
0
LINE
8
BLACK
6
CONTINUOUS
10
2.226216811023622
20
-2.8192249999999999
11
2.2249369685039371
21
-2.8256591338582675
0
LINE
8
BLACK
6
CONTINUOUS
10
2.2249369685039371
20
-2.8256591338582675
11
2.222426496062992
21
-2.831719960629921
0
LINE
8
BLACK
6
CONTINUOUS
10
2.222426496062992
20
-2.831719960629921
11
2.2187818503937007
21
-2.8371745669291339
0
LINE
8
BLACK
6
CONTINUOUS
10
2.2187818503937007
20
-2.8371745669291339
11
2.2141430708661418
21
-2.8418133464566928
0
LINE
8
BLACK
6
CONTINUOUS
10
2.2141430708661418
20
-2.8418133464566928
11
2.2086884645669289
21
-2.8454579921259842
0
LINE
8
BLACK
6
CONTINUOUS
10
2.2086884645669289
20
-2.8454579921259842
11
2.2026276377952754
21
-2.8479684645669292
0
LINE
8
BLACK
6
CONTINUOUS
10
2.2026276377952754
20
-2.8479684645669292
11
2.1961935039370077
21
-2.8492483070866141
0
LINE
8
BLACK
6
CONTINUOUS
10
2.1961935039370077
20
-2.8492483070866141
11
2.1896332677165353
21
-2.8492483070866141
0
LINE
8
BLACK
6
CONTINUOUS
10
2.1896332677165353
20
-2.8492483070866141
11
2.1831991338582677
21
-2.8479684645669292
0
LINE
8
BLACK
6
CONTINUOUS
10
2.1831991338582677
20
-2.8479684645669292
11
2.1771383070866142
21
-2.8454579921259842
0
LINE
8
BLACK
6
CONTINUOUS
10
2.1771383070866142
20
-2.8454579921259842
11
2.1716837007874017
21
-2.8418133464566928
0
LINE
8
BLACK
6
CONTINUOUS
10
2.1716837007874017
20
-2.8418133464566928
11
2.1670449212598424
21
-2.8371745669291339
0
LINE
8
BLACK
6
CONTINUOUS
10
2.1670449212598424
20
-2.8371745669291339
11
2.163400275590551
21
-2.831719960629921
0
LINE
8
BLACK
6
CONTINUOUS
10
2.163400275590551
20
-2.831719960629921
11
2.1608898031496064
21
-2.8256591338582675
0
LINE
8
BLACK
6
CONTINUOUS
10
2.1608898031496064
20
-2.8256591338582675
11
2.1596099606299211
21
-2.8192249999999999
0
LINE
8
BLACK
6
CONTINUOUS
10
2.1596099606299211
20
-2.8192249999999999
11
2.1596099606299211
21
-2.8126647637795275
0
LINE
8
BLACK
6
CONTINUOUS
10
2.1596099606299211
20
-2.8126647637795275
11
2.1608898031496064
21
-2.8062306299212598
0
LINE
8
BLACK
6
CONTINUOUS
10
2.1608898031496064
20
-2.8062306299212598
11
2.163400275590551
21
-2.8001698031496063
0
LINE
8
BLACK
6
CONTINUOUS
10
2.163400275590551
20
-2.8001698031496063
11
2.1670449212598424
21
-2.7947151968503938
0
LINE
8
BLACK
6
CONTINUOUS
10
2.1670449212598424
20
-2.7947151968503938
11
2.1716837007874017
21
-2.7900764173228345
0
LINE
8
BLACK
6
CONTINUOUS
10
2.1716837007874017
20
-2.7900764173228345
11
2.1771383070866142
21
-2.7864317716535432
0
LINE
8
BLACK
6
CONTINUOUS
10
2.1771383070866142
20
-2.7864317716535432
11
2.1831991338582677
21
-2.7839212992125986
0
LINE
8
BLACK
6
CONTINUOUS
10
2.1831991338582677
20
-2.7839212992125986
11
2.1896332677165353
21
-2.7826414566929132
0
LINE
8
BLACK
6
CONTINUOUS
10
2.1896332677165353
20
-2.7826414566929132
11
2.1961935039370077
21
-2.7826414566929132
0
LINE
8
BLACK
6
CONTINUOUS
10
2.1961935039370077
20
-2.7826414566929132
11
2.2026276377952754
21
-2.7839212992125986
0
LINE
8
BLACK
6
CONTINUOUS
10
2.1026276377952757
20
-2.6839212992125985
11
2.1086884645669293
21
-2.6864317716535431
0
LINE
8
BLACK
6
CONTINUOUS
10
2.1086884645669293
20
-2.6864317716535431
11
2.1141430708661417
21
-2.6900764173228344
0
LINE
8
BLACK
6
CONTINUOUS
10
2.1141430708661417
20
-2.6900764173228344
11
2.1187818503937006
21
-2.6947151968503937
0
LINE
8
BLACK
6
CONTINUOUS
10
2.1187818503937006
20
-2.6947151968503937
11
2.1224264960629919
21
-2.7001698031496062
0
LINE
8
BLACK
6
CONTINUOUS
10
2.1224264960629919
20
-2.7001698031496062
11
2.124936968503937
21
-2.7062306299212597
0
LINE
8
BLACK
6
CONTINUOUS
10
2.124936968503937
20
-2.7062306299212597
11
2.1262168110236219
21
-2.7126647637795274
0
LINE
8
BLACK
6
CONTINUOUS
10
2.1262168110236219
20
-2.7126647637795274
11
2.1262168110236219
21
-2.7192249999999998
0
LINE
8
BLACK
6
CONTINUOUS
10
2.1262168110236219
20
-2.7192249999999998
11
2.124936968503937
21
-2.7256591338582679
0
LINE
8
BLACK
6
CONTINUOUS
10
2.124936968503937
20
-2.7256591338582679
11
2.1224264960629919
21
-2.7317199606299214
0
LINE
8
BLACK
6
CONTINUOUS
10
2.1224264960629919
20
-2.7317199606299214
11
2.1187818503937006
21
-2.7371745669291339
0
LINE
8
BLACK
6
CONTINUOUS
10
2.1187818503937006
20
-2.7371745669291339
11
2.1141430708661417
21
-2.7418133464566927
0
LINE
8
BLACK
6
CONTINUOUS
10
2.1141430708661417
20
-2.7418133464566927
11
2.1086884645669293
21
-2.7454579921259841
0
LINE
8
BLACK
6
CONTINUOUS
10
2.1086884645669293
20
-2.7454579921259841
11
2.1026276377952757
21
-2.7479684645669291
0
LINE
8
BLACK
6
CONTINUOUS
10
2.1026276377952757
20
-2.7479684645669291
11
2.0961935039370077
21
-2.7492483070866141
0
LINE
8
BLACK
6
CONTINUOUS
10
2.0961935039370077
20
-2.7492483070866141
11
2.0896332677165352
21
-2.7492483070866141
0
LINE
8
BLACK
6
CONTINUOUS
10
2.0896332677165352
20
-2.7492483070866141
11
2.0831991338582676
21
-2.7479684645669291
0
LINE
8
BLACK
6
CONTINUOUS
10
2.0831991338582676
20
-2.7479684645669291
11
2.0771383070866141
21
-2.7454579921259841
0
LINE
8
BLACK
6
CONTINUOUS
10
2.0771383070866141
20
-2.7454579921259841
11
2.0716837007874016
21
-2.7418133464566927
0
LINE
8
BLACK
6
CONTINUOUS
10
2.0716837007874016
20
-2.7418133464566927
11
2.0670449212598423
21
-2.7371745669291339
0
LINE
8
BLACK
6
CONTINUOUS
10
2.0670449212598423
20
-2.7371745669291339
11
2.0634002755905509
21
-2.7317199606299214
0
LINE
8
BLACK
6
CONTINUOUS
10
2.0634002755905509
20
-2.7317199606299214
11
2.0608898031496063
21
-2.7256591338582679
0
LINE
8
BLACK
6
CONTINUOUS
10
2.0608898031496063
20
-2.7256591338582679
11
2.0596099606299214
21
-2.7192249999999998
0
LINE
8
BLACK
6
CONTINUOUS
10
2.0596099606299214
20
-2.7192249999999998
11
2.0596099606299214
21
-2.7126647637795274
0
LINE
8
BLACK
6
CONTINUOUS
10
2.0596099606299214
20
-2.7126647637795274
11
2.0608898031496063
21
-2.7062306299212597
0
LINE
8
BLACK
6
CONTINUOUS
10
2.0608898031496063
20
-2.7062306299212597
11
2.0634002755905509
21
-2.7001698031496062
0
LINE
8
BLACK
6
CONTINUOUS
10
2.0634002755905509
20
-2.7001698031496062
11
2.0670449212598423
21
-2.6947151968503937
0
LINE
8
BLACK
6
CONTINUOUS
10
2.0670449212598423
20
-2.6947151968503937
11
2.0716837007874016
21
-2.6900764173228344
0
LINE
8
BLACK
6
CONTINUOUS
10
2.0716837007874016
20
-2.6900764173228344
11
2.0771383070866141
21
-2.6864317716535431
0
LINE
8
BLACK
6
CONTINUOUS
10
2.0771383070866141
20
-2.6864317716535431
11
2.0831991338582676
21
-2.6839212992125985
0
LINE
8
BLACK
6
CONTINUOUS
10
2.0831991338582676
20
-2.6839212992125985
11
2.0896332677165352
21
-2.6826414566929135
0
LINE
8
BLACK
6
CONTINUOUS
10
2.0896332677165352
20
-2.6826414566929135
11
2.0961935039370077
21
-2.6826414566929135
0
LINE
8
BLACK
6
CONTINUOUS
10
2.0961935039370077
20
-2.6826414566929135
11
2.1026276377952757
21
-2.6839212992125985
0
LINE
8
BLACK
6
CONTINUOUS
10
2.2026276377952754
20
-2.6839212992125985
11
2.2086884645669289
21
-2.6864317716535431
0
LINE
8
BLACK
6
CONTINUOUS
10
2.2086884645669289
20
-2.6864317716535431
11
2.2141430708661418
21
-2.6900764173228344
0
LINE
8
BLACK
6
CONTINUOUS
10
2.2141430708661418
20
-2.6900764173228344
11
2.2187818503937007
21
-2.6947151968503937
0
LINE
8
BLACK
6
CONTINUOUS
10
2.2187818503937007
20
-2.6947151968503937
11
2.222426496062992
21
-2.7001698031496062
0
LINE
8
BLACK
6
CONTINUOUS
10
2.222426496062992
20
-2.7001698031496062
11
2.2249369685039371
21
-2.7062306299212597
0
LINE
8
BLACK
6
CONTINUOUS
10
2.2249369685039371
20
-2.7062306299212597
11
2.226216811023622
21
-2.7126647637795274
0
LINE
8
BLACK
6
CONTINUOUS
10
2.226216811023622
20
-2.7126647637795274
11
2.226216811023622
21
-2.7192249999999998
0
LINE
8
BLACK
6
CONTINUOUS
10
2.226216811023622
20
-2.7192249999999998
11
2.2249369685039371
21
-2.7256591338582679
0
LINE
8
BLACK
6
CONTINUOUS
10
2.2249369685039371
20
-2.7256591338582679
11
2.222426496062992
21
-2.7317199606299214
0
LINE
8
BLACK
6
CONTINUOUS
10
2.222426496062992
20
-2.7317199606299214
11
2.2187818503937007
21
-2.7371745669291339
0
LINE
8
BLACK
6
CONTINUOUS
10
2.2187818503937007
20
-2.7371745669291339
11
2.2141430708661418
21
-2.7418133464566927
0
LINE
8
BLACK
6
CONTINUOUS
10
2.2141430708661418
20
-2.7418133464566927
11
2.2086884645669289
21
-2.7454579921259841
0
LINE
8
BLACK
6
CONTINUOUS
10
2.2086884645669289
20
-2.7454579921259841
11
2.2026276377952754
21
-2.7479684645669291
0
LINE
8
BLACK
6
CONTINUOUS
10
2.2026276377952754
20
-2.7479684645669291
11
2.1961935039370077
21
-2.7492483070866141
0
LINE
8
BLACK
6
CONTINUOUS
10
2.1961935039370077
20
-2.7492483070866141
11
2.1896332677165353
21
-2.7492483070866141
0
LINE
8
BLACK
6
CONTINUOUS
10
2.1896332677165353
20
-2.7492483070866141
11
2.1831991338582677
21
-2.7479684645669291
0
LINE
8
BLACK
6
CONTINUOUS
10
2.1831991338582677
20
-2.7479684645669291
11
2.1771383070866142
21
-2.7454579921259841
0
LINE
8
BLACK
6
CONTINUOUS
10
2.1771383070866142
20
-2.7454579921259841
11
2.1716837007874017
21
-2.7418133464566927
0
LINE
8
BLACK
6
CONTINUOUS
10
2.1716837007874017
20
-2.7418133464566927
11
2.1670449212598424
21
-2.7371745669291339
0
LINE
8
BLACK
6
CONTINUOUS
10
2.1670449212598424
20
-2.7371745669291339
11
2.163400275590551
21
-2.7317199606299214
0
LINE
8
BLACK
6
CONTINUOUS
10
2.163400275590551
20
-2.7317199606299214
11
2.1608898031496064
21
-2.7256591338582679
0
LINE
8
BLACK
6
CONTINUOUS
10
2.1608898031496064
20
-2.7256591338582679
11
2.1596099606299211
21
-2.7192249999999998
0
LINE
8
BLACK
6
CONTINUOUS
10
2.1596099606299211
20
-2.7192249999999998
11
2.1596099606299211
21
-2.7126647637795274
0
LINE
8
BLACK
6
CONTINUOUS
10
2.1596099606299211
20
-2.7126647637795274
11
2.1608898031496064
21
-2.7062306299212597
0
LINE
8
BLACK
6
CONTINUOUS
10
2.1608898031496064
20
-2.7062306299212597
11
2.163400275590551
21
-2.7001698031496062
0
LINE
8
BLACK
6
CONTINUOUS
10
2.163400275590551
20
-2.7001698031496062
11
2.1670449212598424
21
-2.6947151968503937
0
LINE
8
BLACK
6
CONTINUOUS
10
2.1670449212598424
20
-2.6947151968503937
11
2.1716837007874017
21
-2.6900764173228344
0
LINE
8
BLACK
6
CONTINUOUS
10
2.1716837007874017
20
-2.6900764173228344
11
2.1771383070866142
21
-2.6864317716535431
0
LINE
8
BLACK
6
CONTINUOUS
10
2.1771383070866142
20
-2.6864317716535431
11
2.1831991338582677
21
-2.6839212992125985
0
LINE
8
BLACK
6
CONTINUOUS
10
2.1831991338582677
20
-2.6839212992125985
11
2.1896332677165353
21
-2.6826414566929135
0
LINE
8
BLACK
6
CONTINUOUS
10
2.1896332677165353
20
-2.6826414566929135
11
2.1961935039370077
21
-2.6826414566929135
0
LINE
8
BLACK
6
CONTINUOUS
10
2.1961935039370077
20
-2.6826414566929135
11
2.2026276377952754
21
-2.6839212992125985
0
LINE
8
BLACK
6
CONTINUOUS
10
2.1026276377952757
20
-2.5839212992125984
11
2.1086884645669293
21
-2.5864317716535434
0
LINE
8
BLACK
6
CONTINUOUS
10
2.1086884645669293
20
-2.5864317716535434
11
2.1141430708661417
21
-2.5900764173228348
0
LINE
8
BLACK
6
CONTINUOUS
10
2.1141430708661417
20
-2.5900764173228348
11
2.1187818503937006
21
-2.5947151968503936
0
LINE
8
BLACK
6
CONTINUOUS
10
2.1187818503937006
20
-2.5947151968503936
11
2.1224264960629919
21
-2.6001698031496061
0
LINE
8
BLACK
6
CONTINUOUS
10
2.1224264960629919
20
-2.6001698031496061
11
2.124936968503937
21
-2.6062306299212596
0
LINE
8
BLACK
6
CONTINUOUS
10
2.124936968503937
20
-2.6062306299212596
11
2.1262168110236219
21
-2.6126647637795277
0
LINE
8
BLACK
6
CONTINUOUS
10
2.1262168110236219
20
-2.6126647637795277
11
2.1262168110236219
21
-2.6192250000000001
0
LINE
8
BLACK
6
CONTINUOUS
10
2.1262168110236219
20
-2.6192250000000001
11
2.124936968503937
21
-2.6256591338582678
0
LINE
8
BLACK
6
CONTINUOUS
10
2.124936968503937
20
-2.6256591338582678
11
2.1224264960629919
21
-2.6317199606299213
0
LINE
8
BLACK
6
CONTINUOUS
10
2.1224264960629919
20
-2.6317199606299213
11
2.1187818503937006
21
-2.6371745669291338
0
LINE
8
BLACK
6
CONTINUOUS
10
2.1187818503937006
20
-2.6371745669291338
11
2.1141430708661417
21
-2.6418133464566926
0
LINE
8
BLACK
6
CONTINUOUS
10
2.1141430708661417
20
-2.6418133464566926
11
2.1086884645669293
21
-2.645457992125984
0
LINE
8
BLACK
6
CONTINUOUS
10
2.1086884645669293
20
-2.645457992125984
11
2.1026276377952757
21
-2.647968464566929
0
LINE
8
BLACK
6
CONTINUOUS
10
2.1026276377952757
20
-2.647968464566929
11
2.0961935039370077
21
-2.649248307086614
0
LINE
8
BLACK
6
CONTINUOUS
10
2.0961935039370077
20
-2.649248307086614
11
2.0896332677165352
21
-2.649248307086614
0
LINE
8
BLACK
6
CONTINUOUS
10
2.0896332677165352
20
-2.649248307086614
11
2.0831991338582676
21
-2.647968464566929
0
LINE
8
BLACK
6
CONTINUOUS
10
2.0831991338582676
20
-2.647968464566929
11
2.0771383070866141
21
-2.645457992125984
0
LINE
8
BLACK
6
CONTINUOUS
10
2.0771383070866141
20
-2.645457992125984
11
2.0716837007874016
21
-2.6418133464566926
0
LINE
8
BLACK
6
CONTINUOUS
10
2.0716837007874016
20
-2.6418133464566926
11
2.0670449212598423
21
-2.6371745669291338
0
LINE
8
BLACK
6
CONTINUOUS
10
2.0670449212598423
20
-2.6371745669291338
11
2.0634002755905509
21
-2.6317199606299213
0
LINE
8
BLACK
6
CONTINUOUS
10
2.0634002755905509
20
-2.6317199606299213
11
2.0608898031496063
21
-2.6256591338582678
0
LINE
8
BLACK
6
CONTINUOUS
10
2.0608898031496063
20
-2.6256591338582678
11
2.0596099606299214
21
-2.6192250000000001
0
LINE
8
BLACK
6
CONTINUOUS
10
2.0596099606299214
20
-2.6192250000000001
11
2.0596099606299214
21
-2.6126647637795277
0
LINE
8
BLACK
6
CONTINUOUS
10
2.0596099606299214
20
-2.6126647637795277
11
2.0608898031496063
21
-2.6062306299212596
0
LINE
8
BLACK
6
CONTINUOUS
10
2.0608898031496063
20
-2.6062306299212596
11
2.0634002755905509
21
-2.6001698031496061
0
LINE
8
BLACK
6
CONTINUOUS
10
2.0634002755905509
20
-2.6001698031496061
11
2.0670449212598423
21
-2.5947151968503936
0
LINE
8
BLACK
6
CONTINUOUS
10
2.0670449212598423
20
-2.5947151968503936
11
2.0716837007874016
21
-2.5900764173228348
0
LINE
8
BLACK
6
CONTINUOUS
10
2.0716837007874016
20
-2.5900764173228348
11
2.0771383070866141
21
-2.5864317716535434
0
LINE
8
BLACK
6
CONTINUOUS
10
2.0771383070866141
20
-2.5864317716535434
11
2.0831991338582676
21
-2.5839212992125984
0
LINE
8
BLACK
6
CONTINUOUS
10
2.0831991338582676
20
-2.5839212992125984
11
2.0896332677165352
21
-2.5826414566929135
0
LINE
8
BLACK
6
CONTINUOUS
10
2.0896332677165352
20
-2.5826414566929135
11
2.0961935039370077
21
-2.5826414566929135
0
LINE
8
BLACK
6
CONTINUOUS
10
2.0961935039370077
20
-2.5826414566929135
11
2.1026276377952757
21
-2.5839212992125984
0
LINE
8
BLACK
6
CONTINUOUS
10
2.2026276377952754
20
-2.5839212992125984
11
2.2086884645669289
21
-2.5864317716535434
0
LINE
8
BLACK
6
CONTINUOUS
10
2.2086884645669289
20
-2.5864317716535434
11
2.2141430708661418
21
-2.5900764173228348
0
LINE
8
BLACK
6
CONTINUOUS
10
2.2141430708661418
20
-2.5900764173228348
11
2.2187818503937007
21
-2.5947151968503936
0
LINE
8
BLACK
6
CONTINUOUS
10
2.2187818503937007
20
-2.5947151968503936
11
2.222426496062992
21
-2.6001698031496061
0
LINE
8
BLACK
6
CONTINUOUS
10
2.222426496062992
20
-2.6001698031496061
11
2.2249369685039371
21
-2.6062306299212596
0
LINE
8
BLACK
6
CONTINUOUS
10
2.2249369685039371
20
-2.6062306299212596
11
2.226216811023622
21
-2.6126647637795277
0
LINE
8
BLACK
6
CONTINUOUS
10
2.226216811023622
20
-2.6126647637795277
11
2.226216811023622
21
-2.6192250000000001
0
LINE
8
BLACK
6
CONTINUOUS
10
2.226216811023622
20
-2.6192250000000001
11
2.2249369685039371
21
-2.6256591338582678
0
LINE
8
BLACK
6
CONTINUOUS
10
2.2249369685039371
20
-2.6256591338582678
11
2.222426496062992
21
-2.6317199606299213
0
LINE
8
BLACK
6
CONTINUOUS
10
2.222426496062992
20
-2.6317199606299213
11
2.2187818503937007
21
-2.6371745669291338
0
LINE
8
BLACK
6
CONTINUOUS
10
2.2187818503937007
20
-2.6371745669291338
11
2.2141430708661418
21
-2.6418133464566926
0
LINE
8
BLACK
6
CONTINUOUS
10
2.2141430708661418
20
-2.6418133464566926
11
2.2086884645669289
21
-2.645457992125984
0
LINE
8
BLACK
6
CONTINUOUS
10
2.2086884645669289
20
-2.645457992125984
11
2.2026276377952754
21
-2.647968464566929
0
LINE
8
BLACK
6
CONTINUOUS
10
2.2026276377952754
20
-2.647968464566929
11
2.1961935039370077
21
-2.649248307086614
0
LINE
8
BLACK
6
CONTINUOUS
10
2.1961935039370077
20
-2.649248307086614
11
2.1896332677165353
21
-2.649248307086614
0
LINE
8
BLACK
6
CONTINUOUS
10
2.1896332677165353
20
-2.649248307086614
11
2.1831991338582677
21
-2.647968464566929
0
LINE
8
BLACK
6
CONTINUOUS
10
2.1831991338582677
20
-2.647968464566929
11
2.1771383070866142
21
-2.645457992125984
0
LINE
8
BLACK
6
CONTINUOUS
10
2.1771383070866142
20
-2.645457992125984
11
2.1716837007874017
21
-2.6418133464566926
0
LINE
8
BLACK
6
CONTINUOUS
10
2.1716837007874017
20
-2.6418133464566926
11
2.1670449212598424
21
-2.6371745669291338
0
LINE
8
BLACK
6
CONTINUOUS
10
2.1670449212598424
20
-2.6371745669291338
11
2.163400275590551
21
-2.6317199606299213
0
LINE
8
BLACK
6
CONTINUOUS
10
2.163400275590551
20
-2.6317199606299213
11
2.1608898031496064
21
-2.6256591338582678
0
LINE
8
BLACK
6
CONTINUOUS
10
2.1608898031496064
20
-2.6256591338582678
11
2.1596099606299211
21
-2.6192250000000001
0
LINE
8
BLACK
6
CONTINUOUS
10
2.1596099606299211
20
-2.6192250000000001
11
2.1596099606299211
21
-2.6126647637795277
0
LINE
8
BLACK
6
CONTINUOUS
10
2.1596099606299211
20
-2.6126647637795277
11
2.1608898031496064
21
-2.6062306299212596
0
LINE
8
BLACK
6
CONTINUOUS
10
2.1608898031496064
20
-2.6062306299212596
11
2.163400275590551
21
-2.6001698031496061
0
LINE
8
BLACK
6
CONTINUOUS
10
2.163400275590551
20
-2.6001698031496061
11
2.1670449212598424
21
-2.5947151968503936
0
LINE
8
BLACK
6
CONTINUOUS
10
2.1670449212598424
20
-2.5947151968503936
11
2.1716837007874017
21
-2.5900764173228348
0
LINE
8
BLACK
6
CONTINUOUS
10
2.1716837007874017
20
-2.5900764173228348
11
2.1771383070866142
21
-2.5864317716535434
0
LINE
8
BLACK
6
CONTINUOUS
10
2.1771383070866142
20
-2.5864317716535434
11
2.1831991338582677
21
-2.5839212992125984
0
LINE
8
BLACK
6
CONTINUOUS
10
2.1831991338582677
20
-2.5839212992125984
11
2.1896332677165353
21
-2.5826414566929135
0
LINE
8
BLACK
6
CONTINUOUS
10
2.1896332677165353
20
-2.5826414566929135
11
2.1961935039370077
21
-2.5826414566929135
0
LINE
8
BLACK
6
CONTINUOUS
10
2.1961935039370077
20
-2.5826414566929135
11
2.2026276377952754
21
-2.5839212992125984
0
LINE
8
BLACK
6
CONTINUOUS
10
2.1026276377952757
20
-2.4839212992125983
11
2.1086884645669293
21
-2.4864317716535433
0
LINE
8
BLACK
6
CONTINUOUS
10
2.1086884645669293
20
-2.4864317716535433
11
2.1141430708661417
21
-2.4900764173228347
0
LINE
8
BLACK
6
CONTINUOUS
10
2.1141430708661417
20
-2.4900764173228347
11
2.1187818503937006
21
-2.4947151968503936
0
LINE
8
BLACK
6
CONTINUOUS
10
2.1187818503937006
20
-2.4947151968503936
11
2.1224264960629919
21
-2.5001698031496065
0
LINE
8
BLACK
6
CONTINUOUS
10
2.1224264960629919
20
-2.5001698031496065
11
2.124936968503937
21
-2.50623062992126
0
LINE
8
BLACK
6
CONTINUOUS
10
2.124936968503937
20
-2.50623062992126
11
2.1262168110236219
21
-2.5126647637795276
0
LINE
8
BLACK
6
CONTINUOUS
10
2.1262168110236219
20
-2.5126647637795276
11
2.1262168110236219
21
-2.519225
0
LINE
8
BLACK
6
CONTINUOUS
10
2.1262168110236219
20
-2.519225
11
2.124936968503937
21
-2.5256591338582677
0
LINE
8
BLACK
6
CONTINUOUS
10
2.124936968503937
20
-2.5256591338582677
11
2.1224264960629919
21
-2.5317199606299212
0
LINE
8
BLACK
6
CONTINUOUS
10
2.1224264960629919
20
-2.5317199606299212
11
2.1187818503937006
21
-2.5371745669291337
0
LINE
8
BLACK
6
CONTINUOUS
10
2.1187818503937006
20
-2.5371745669291337
11
2.1141430708661417
21
-2.541813346456693
0
LINE
8
BLACK
6
CONTINUOUS
10
2.1141430708661417
20
-2.541813346456693
11
2.1086884645669293
21
-2.5454579921259843
0
LINE
8
BLACK
6
CONTINUOUS
10
2.1086884645669293
20
-2.5454579921259843
11
2.1026276377952757
21
-2.5479684645669289
0
LINE
8
BLACK
6
CONTINUOUS
10
2.1026276377952757
20
-2.5479684645669289
11
2.0961935039370077
21
-2.5492483070866143
0
LINE
8
BLACK
6
CONTINUOUS
10
2.0961935039370077
20
-2.5492483070866143
11
2.0896332677165352
21
-2.5492483070866143
0
LINE
8
BLACK
6
CONTINUOUS
10
2.0896332677165352
20
-2.5492483070866143
11
2.0831991338582676
21
-2.5479684645669289
0
LINE
8
BLACK
6
CONTINUOUS
10
2.0831991338582676
20
-2.5479684645669289
11
2.0771383070866141
21
-2.5454579921259843
0
LINE
8
BLACK
6
CONTINUOUS
10
2.0771383070866141
20
-2.5454579921259843
11
2.0716837007874016
21
-2.541813346456693
0
LINE
8
BLACK
6
CONTINUOUS
10
2.0716837007874016
20
-2.541813346456693
11
2.0670449212598423
21
-2.5371745669291337
0
LINE
8
BLACK
6
CONTINUOUS
10
2.0670449212598423
20
-2.5371745669291337
11
2.0634002755905509
21
-2.5317199606299212
0
LINE
8
BLACK
6
CONTINUOUS
10
2.0634002755905509
20
-2.5317199606299212
11
2.0608898031496063
21
-2.5256591338582677
0
LINE
8
BLACK
6
CONTINUOUS
10
2.0608898031496063
20
-2.5256591338582677
11
2.0596099606299214
21
-2.519225
0
LINE
8
BLACK
6
CONTINUOUS
10
2.0596099606299214
20
-2.519225
11
2.0596099606299214
21
-2.5126647637795276
0
LINE
8
BLACK
6
CONTINUOUS
10
2.0596099606299214
20
-2.5126647637795276
11
2.0608898031496063
21
-2.50623062992126
0
LINE
8
BLACK
6
CONTINUOUS
10
2.0608898031496063
20
-2.50623062992126
11
2.0634002755905509
21
-2.5001698031496065
0
LINE
8
BLACK
6
CONTINUOUS
10
2.0634002755905509
20
-2.5001698031496065
11
2.0670449212598423
21
-2.4947151968503936
0
LINE
8
BLACK
6
CONTINUOUS
10
2.0670449212598423
20
-2.4947151968503936
11
2.0716837007874016
21
-2.4900764173228347
0
LINE
8
BLACK
6
CONTINUOUS
10
2.0716837007874016
20
-2.4900764173228347
11
2.0771383070866141
21
-2.4864317716535433
0
LINE
8
BLACK
6
CONTINUOUS
10
2.0771383070866141
20
-2.4864317716535433
11
2.0831991338582676
21
-2.4839212992125983
0
LINE
8
BLACK
6
CONTINUOUS
10
2.0831991338582676
20
-2.4839212992125983
11
2.0896332677165352
21
-2.4826414566929134
0
LINE
8
BLACK
6
CONTINUOUS
10
2.0896332677165352
20
-2.4826414566929134
11
2.0961935039370077
21
-2.4826414566929134
0
LINE
8
BLACK
6
CONTINUOUS
10
2.0961935039370077
20
-2.4826414566929134
11
2.1026276377952757
21
-2.4839212992125983
0
LINE
8
BLACK
6
CONTINUOUS
10
2.2026276377952754
20
-2.4839212992125983
11
2.2086884645669289
21
-2.4864317716535433
0
LINE
8
BLACK
6
CONTINUOUS
10
2.2086884645669289
20
-2.4864317716535433
11
2.2141430708661418
21
-2.4900764173228347
0
LINE
8
BLACK
6
CONTINUOUS
10
2.2141430708661418
20
-2.4900764173228347
11
2.2187818503937007
21
-2.4947151968503936
0
LINE
8
BLACK
6
CONTINUOUS
10
2.2187818503937007
20
-2.4947151968503936
11
2.222426496062992
21
-2.5001698031496065
0
LINE
8
BLACK
6
CONTINUOUS
10
2.222426496062992
20
-2.5001698031496065
11
2.2249369685039371
21
-2.50623062992126
0
LINE
8
BLACK
6
CONTINUOUS
10
2.2249369685039371
20
-2.50623062992126
11
2.226216811023622
21
-2.5126647637795276
0
LINE
8
BLACK
6
CONTINUOUS
10
2.226216811023622
20
-2.5126647637795276
11
2.226216811023622
21
-2.519225
0
LINE
8
BLACK
6
CONTINUOUS
10
2.226216811023622
20
-2.519225
11
2.2249369685039371
21
-2.5256591338582677
0
LINE
8
BLACK
6
CONTINUOUS
10
2.2249369685039371
20
-2.5256591338582677
11
2.222426496062992
21
-2.5317199606299212
0
LINE
8
BLACK
6
CONTINUOUS
10
2.222426496062992
20
-2.5317199606299212
11
2.2187818503937007
21
-2.5371745669291337
0
LINE
8
BLACK
6
CONTINUOUS
10
2.2187818503937007
20
-2.5371745669291337
11
2.2141430708661418
21
-2.541813346456693
0
LINE
8
BLACK
6
CONTINUOUS
10
2.2141430708661418
20
-2.541813346456693
11
2.2086884645669289
21
-2.5454579921259843
0
LINE
8
BLACK
6
CONTINUOUS
10
2.2086884645669289
20
-2.5454579921259843
11
2.2026276377952754
21
-2.5479684645669289
0
LINE
8
BLACK
6
CONTINUOUS
10
2.2026276377952754
20
-2.5479684645669289
11
2.1961935039370077
21
-2.5492483070866143
0
LINE
8
BLACK
6
CONTINUOUS
10
2.1961935039370077
20
-2.5492483070866143
11
2.1896332677165353
21
-2.5492483070866143
0
LINE
8
BLACK
6
CONTINUOUS
10
2.1896332677165353
20
-2.5492483070866143
11
2.1831991338582677
21
-2.5479684645669289
0
LINE
8
BLACK
6
CONTINUOUS
10
2.1831991338582677
20
-2.5479684645669289
11
2.1771383070866142
21
-2.5454579921259843
0
LINE
8
BLACK
6
CONTINUOUS
10
2.1771383070866142
20
-2.5454579921259843
11
2.1716837007874017
21
-2.541813346456693
0
LINE
8
BLACK
6
CONTINUOUS
10
2.1716837007874017
20
-2.541813346456693
11
2.1670449212598424
21
-2.5371745669291337
0
LINE
8
BLACK
6
CONTINUOUS
10
2.1670449212598424
20
-2.5371745669291337
11
2.163400275590551
21
-2.5317199606299212
0
LINE
8
BLACK
6
CONTINUOUS
10
2.163400275590551
20
-2.5317199606299212
11
2.1608898031496064
21
-2.5256591338582677
0
LINE
8
BLACK
6
CONTINUOUS
10
2.1608898031496064
20
-2.5256591338582677
11
2.1596099606299211
21
-2.519225
0
LINE
8
BLACK
6
CONTINUOUS
10
2.1596099606299211
20
-2.519225
11
2.1596099606299211
21
-2.5126647637795276
0
LINE
8
BLACK
6
CONTINUOUS
10
2.1596099606299211
20
-2.5126647637795276
11
2.1608898031496064
21
-2.50623062992126
0
LINE
8
BLACK
6
CONTINUOUS
10
2.1608898031496064
20
-2.50623062992126
11
2.163400275590551
21
-2.5001698031496065
0
LINE
8
BLACK
6
CONTINUOUS
10
2.163400275590551
20
-2.5001698031496065
11
2.1670449212598424
21
-2.4947151968503936
0
LINE
8
BLACK
6
CONTINUOUS
10
2.1670449212598424
20
-2.4947151968503936
11
2.1716837007874017
21
-2.4900764173228347
0
LINE
8
BLACK
6
CONTINUOUS
10
2.1716837007874017
20
-2.4900764173228347
11
2.1771383070866142
21
-2.4864317716535433
0
LINE
8
BLACK
6
CONTINUOUS
10
2.1771383070866142
20
-2.4864317716535433
11
2.1831991338582677
21
-2.4839212992125983
0
LINE
8
BLACK
6
CONTINUOUS
10
2.1831991338582677
20
-2.4839212992125983
11
2.1896332677165353
21
-2.4826414566929134
0
LINE
8
BLACK
6
CONTINUOUS
10
2.1896332677165353
20
-2.4826414566929134
11
2.1961935039370077
21
-2.4826414566929134
0
LINE
8
BLACK
6
CONTINUOUS
10
2.1961935039370077
20
-2.4826414566929134
11
2.2026276377952754
21
-2.4839212992125983
0
LINE
8
BLACK
6
CONTINUOUS
10
4.4948780708661413
20
-2.514425905511811
11
4.4967939370078742
21
-2.515706062992126
0
LINE
8
BLACK
6
CONTINUOUS
10
4.4967939370078742
20
-2.515706062992126
11
4.4980740944881887
21
-2.5176219291338584
0
LINE
8
BLACK
6
CONTINUOUS
10
4.4980740944881887
20
-2.5176219291338584
11
4.4985236220472444
21
-2.5198818897637794
0
LINE
8
BLACK
6
CONTINUOUS
10
4.4985236220472444
20
-2.5198818897637794
11
4.4985236220472444
21
-2.5316929133858266
0
LINE
8
BLACK
6
CONTINUOUS
10
4.4985236220472444
20
-2.5316929133858266
11
4.4980740944881887
21
-2.533952874015748
0
LINE
8
BLACK
6
CONTINUOUS
10
4.4980740944881887
20
-2.533952874015748
11
4.4967939370078742
21
-2.5358687401574804
0
LINE
8
BLACK
6
CONTINUOUS
10
4.4967939370078742
20
-2.5358687401574804
11
4.4948780708661413
21
-2.5371488976377954
0
LINE
8
BLACK
6
CONTINUOUS
10
4.4948780708661413
20
-2.5371488976377954
11
4.4926181102362204
21
-2.5375984251968502
0
LINE
8
BLACK
6
CONTINUOUS
10
4.4926181102362204
20
-2.5375984251968502
11
4.4463582677165352
21
-2.5375984251968502
0
LINE
8
BLACK
6
CONTINUOUS
10
4.4463582677165352
20
-2.5375984251968502
11
4.4440983070866142
21
-2.5371488976377954
0
LINE
8
BLACK
6
CONTINUOUS
10
4.4440983070866142
20
-2.5371488976377954
11
4.4421824409448813
21
-2.5358687401574804
0
LINE
8
BLACK
6
CONTINUOUS
10
4.4421824409448813
20
-2.5358687401574804
11
4.4409022834645668
21
-2.533952874015748
0
LINE
8
BLACK
6
CONTINUOUS
10
4.4409022834645668
20
-2.533952874015748
11
4.440452755905512
21
-2.5316929133858266
0
LINE
8
BLACK
6
CONTINUOUS
10
4.440452755905512
20
-2.5316929133858266
11
4.440452755905512
21
-2.5198818897637794
0
LINE
8
BLACK
6
CONTINUOUS
10
4.440452755905512
20
-2.5198818897637794
11
4.4409022834645668
21
-2.5176219291338584
0
LINE
8
BLACK
6
CONTINUOUS
10
4.4409022834645668
20
-2.5176219291338584
11
4.4421824409448813
21
-2.515706062992126
0
LINE
8
BLACK
6
CONTINUOUS
10
4.4421824409448813
20
-2.515706062992126
11
4.4440983070866142
21
-2.514425905511811
0
LINE
8
BLACK
6
CONTINUOUS
10
4.4440983070866142
20
-2.514425905511811
11
4.4463582677165352
21
-2.5139763779527557
0
LINE
8
BLACK
6
CONTINUOUS
10
4.4463582677165352
20
-2.5139763779527557
11
4.4926181102362204
21
-2.5139763779527557
0
LINE
8
BLACK
6
CONTINUOUS
10
4.4926181102362204
20
-2.5139763779527557
11
4.4948780708661413
21
-2.514425905511811
0
LINE
8
BLACK
6
CONTINUOUS
10
4.5686969685039367
20
-2.4770243307086615
11
4.5706128346456696
21
-2.4783044881889764
0
LINE
8
BLACK
6
CONTINUOUS
10
4.5706128346456696
20
-2.4783044881889764
11
4.5718929921259841
21
-2.4802203543307084
0
LINE
8
BLACK
6
CONTINUOUS
10
4.5718929921259841
20
-2.4802203543307084
11
4.5723425196850389
21
-2.4824803149606298
0
LINE
8
BLACK
6
CONTINUOUS
10
4.5723425196850389
20
-2.4824803149606298
11
4.5723425196850389
21
-2.494291338582677
0
LINE
8
BLACK
6
CONTINUOUS
10
4.5723425196850389
20
-2.494291338582677
11
4.5718929921259841
21
-2.4965512992125984
0
LINE
8
BLACK
6
CONTINUOUS
10
4.5718929921259841
20
-2.4965512992125984
11
4.5706128346456696
21
-2.4984671653543304
0
LINE
8
BLACK
6
CONTINUOUS
10
4.5706128346456696
20
-2.4984671653543304
11
4.5686969685039367
21
-2.4997473228346454
0
LINE
8
BLACK
6
CONTINUOUS
10
4.5686969685039367
20
-2.4997473228346454
11
4.5664370078740157
21
-2.5001968503937007
0
LINE
8
BLACK
6
CONTINUOUS
10
4.5664370078740157
20
-2.5001968503937007
11
4.5201771653543306
21
-2.5001968503937007
0
LINE
8
BLACK
6
CONTINUOUS
10
4.5201771653543306
20
-2.5001968503937007
11
4.5179172047244096
21
-2.4997473228346454
0
LINE
8
BLACK
6
CONTINUOUS
10
4.5179172047244096
20
-2.4997473228346454
11
4.5160013385826767
21
-2.4984671653543304
0
LINE
8
BLACK
6
CONTINUOUS
10
4.5160013385826767
20
-2.4984671653543304
11
4.5147211811023622
21
-2.4965512992125984
0
LINE
8
BLACK
6
CONTINUOUS
10
4.5147211811023622
20
-2.4965512992125984
11
4.5142716535433074
21
-2.494291338582677
0
LINE
8
BLACK
6
CONTINUOUS
10
4.5142716535433074
20
-2.494291338582677
11
4.5142716535433074
21
-2.4824803149606298
0
LINE
8
BLACK
6
CONTINUOUS
10
4.5142716535433074
20
-2.4824803149606298
11
4.5147211811023622
21
-2.4802203543307084
0
LINE
8
BLACK
6
CONTINUOUS
10
4.5147211811023622
20
-2.4802203543307084
11
4.5160013385826767
21
-2.4783044881889764
0
LINE
8
BLACK
6
CONTINUOUS
10
4.5160013385826767
20
-2.4783044881889764
11
4.5179172047244096
21
-2.4770243307086615
0
LINE
8
BLACK
6
CONTINUOUS
10
4.5179172047244096
20
-2.4770243307086615
11
4.5201771653543306
21
-2.4765748031496062
0
LINE
8
BLACK
6
CONTINUOUS
10
4.5201771653543306
20
-2.4765748031496062
11
4.5664370078740157
21
-2.4765748031496062
0
LINE
8
BLACK
6
CONTINUOUS
10
4.5664370078740157
20
-2.4765748031496062
11
4.5686969685039367
21
-2.4770243307086615
0
LINE
8
BLACK
6
CONTINUOUS
10
4.4948780708661413
20
-2.4396227559055119
11
4.4967939370078742
21
-2.4409029133858269
0
LINE
8
BLACK
6
CONTINUOUS
10
4.4967939370078742
20
-2.4409029133858269
11
4.4980740944881887
21
-2.4428187795275589
0
LINE
8
BLACK
6
CONTINUOUS
10
4.4980740944881887
20
-2.4428187795275589
11
4.4985236220472444
21
-2.4450787401574803
0
LINE
8
BLACK
6
CONTINUOUS
10
4.4985236220472444
20
-2.4450787401574803
11
4.4985236220472444
21
-2.4568897637795275
0
LINE
8
BLACK
6
CONTINUOUS
10
4.4985236220472444
20
-2.4568897637795275
11
4.4980740944881887
21
-2.4591497244094489
0
LINE
8
BLACK
6
CONTINUOUS
10
4.4980740944881887
20
-2.4591497244094489
11
4.4967939370078742
21
-2.4610655905511809
0
LINE
8
BLACK
6
CONTINUOUS
10
4.4967939370078742
20
-2.4610655905511809
11
4.4948780708661413
21
-2.4623457480314959
0
LINE
8
BLACK
6
CONTINUOUS
10
4.4948780708661413
20
-2.4623457480314959
11
4.4926181102362204
21
-2.4627952755905511
0
LINE
8
BLACK
6
CONTINUOUS
10
4.4926181102362204
20
-2.4627952755905511
11
4.4463582677165352
21
-2.4627952755905511
0
LINE
8
BLACK
6
CONTINUOUS
10
4.4463582677165352
20
-2.4627952755905511
11
4.4440983070866142
21
-2.4623457480314959
0
LINE
8
BLACK
6
CONTINUOUS
10
4.4440983070866142
20
-2.4623457480314959
11
4.4421824409448813
21
-2.4610655905511809
0
LINE
8
BLACK
6
CONTINUOUS
10
4.4421824409448813
20
-2.4610655905511809
11
4.4409022834645668
21
-2.4591497244094489
0
LINE
8
BLACK
6
CONTINUOUS
10
4.4409022834645668
20
-2.4591497244094489
11
4.440452755905512
21
-2.4568897637795275
0
LINE
8
BLACK
6
CONTINUOUS
10
4.440452755905512
20
-2.4568897637795275
11
4.440452755905512
21
-2.4450787401574803
0
LINE
8
BLACK
6
CONTINUOUS
10
4.440452755905512
20
-2.4450787401574803
11
4.4409022834645668
21
-2.4428187795275589
0
LINE
8
BLACK
6
CONTINUOUS
10
4.4409022834645668
20
-2.4428187795275589
11
4.4421824409448813
21
-2.4409029133858269
0
LINE
8
BLACK
6
CONTINUOUS
10
4.4421824409448813
20
-2.4409029133858269
11
4.4440983070866142
21
-2.4396227559055119
0
LINE
8
BLACK
6
CONTINUOUS
10
4.4440983070866142
20
-2.4396227559055119
11
4.4463582677165352
21
-2.4391732283464567
0
LINE
8
BLACK
6
CONTINUOUS
10
4.4463582677165352
20
-2.4391732283464567
11
4.4926181102362204
21
-2.4391732283464567
0
LINE
8
BLACK
6
CONTINUOUS
10
4.4926181102362204
20
-2.4391732283464567
11
4.4948780708661413
21
-2.4396227559055119
0
LINE
8
BLACK
6
CONTINUOUS
10
3.9899870472440946
20
-2.3572453149606298
11
3.9931801968503935
21
-2.3593788976377952
0
LINE
8
BLACK
6
CONTINUOUS
10
3.9931801968503935
20
-2.3593788976377952
11
3.9953137795275588
21
-2.3625720472440945
0
LINE
8
BLACK
6
CONTINUOUS
10
3.9953137795275588
20
-2.3625720472440945
11
3.9960629921259843
21
-2.3663386220472442
0
LINE
8
BLACK
6
CONTINUOUS
10
3.9960629921259843
20
-2.3663386220472442
11
3.9960629921259843
21
-2.445078779527559
0
LINE
8
BLACK
6
CONTINUOUS
10
3.9960629921259843
20
-2.445078779527559
11
3.9953137795275588
21
-2.4488453543307087
0
LINE
8
BLACK
6
CONTINUOUS
10
3.9953137795275588
20
-2.4488453543307087
11
3.9931801968503935
21
-2.4520385039370076
0
LINE
8
BLACK
6
CONTINUOUS
10
3.9931801968503935
20
-2.4520385039370076
11
3.9899870472440946
21
-2.454172086614173
0
LINE
8
BLACK
6
CONTINUOUS
10
3.9899870472440946
20
-2.454172086614173
11
3.9862204724409449
21
-2.4549212992125984
0
LINE
8
BLACK
6
CONTINUOUS
10
3.9862204724409449
20
-2.4549212992125984
11
3.9350393700787403
21
-2.4549212992125984
0
LINE
8
BLACK
6
CONTINUOUS
10
3.9350393700787403
20
-2.4549212992125984
11
3.9312727952755906
21
-2.454172086614173
0
LINE
8
BLACK
6
CONTINUOUS
10
3.9312727952755906
20
-2.454172086614173
11
3.9280796456692912
21
-2.4520385039370076
0
LINE
8
BLACK
6
CONTINUOUS
10
3.9280796456692912
20
-2.4520385039370076
11
3.9259460629921259
21
-2.4488453543307087
0
LINE
8
BLACK
6
CONTINUOUS
10
3.9259460629921259
20
-2.4488453543307087
11
3.9251968503937005
21
-2.445078779527559
0
LINE
8
BLACK
6
CONTINUOUS
10
3.9251968503937005
20
-2.445078779527559
11
3.9251968503937005
21
-2.3663386220472442
0
LINE
8
BLACK
6
CONTINUOUS
10
3.9251968503937005
20
-2.3663386220472442
11
3.9259460629921259
21
-2.3625720472440945
0
LINE
8
BLACK
6
CONTINUOUS
10
3.9259460629921259
20
-2.3625720472440945
11
3.9280796456692912
21
-2.3593788976377952
0
LINE
8
BLACK
6
CONTINUOUS
10
3.9280796456692912
20
-2.3593788976377952
11
3.9312727952755906
21
-2.3572453149606298
0
LINE
8
BLACK
6
CONTINUOUS
10
3.9312727952755906
20
-2.3572453149606298
11
3.9350393700787403
21
-2.3564961023622049
0
LINE
8
BLACK
6
CONTINUOUS
10
3.9350393700787403
20
-2.3564961023622049
11
3.9862204724409449
21
-2.3564961023622049
0
LINE
8
BLACK
6
CONTINUOUS
10
3.9862204724409449
20
-2.3564961023622049
11
3.9899870472440946
21
-2.3572453149606298
0
LINE
8
BLACK
6
CONTINUOUS
10
2.1026276377952757
20
-2.3839212992125982
11
2.1086884645669293
21
-2.3864317716535433
0
LINE
8
BLACK
6
CONTINUOUS
10
2.1086884645669293
20
-2.3864317716535433
11
2.1141430708661417
21
-2.3900764173228346
0
LINE
8
BLACK
6
CONTINUOUS
10
2.1141430708661417
20
-2.3900764173228346
11
2.1187818503937006
21
-2.3947151968503935
0
LINE
8
BLACK
6
CONTINUOUS
10
2.1187818503937006
20
-2.3947151968503935
11
2.1224264960629919
21
-2.4001698031496064
0
LINE
8
BLACK
6
CONTINUOUS
10
2.1224264960629919
20
-2.4001698031496064
11
2.124936968503937
21
-2.4062306299212599
0
LINE
8
BLACK
6
CONTINUOUS
10
2.124936968503937
20
-2.4062306299212599
11
2.1262168110236219
21
-2.4126647637795275
0
LINE
8
BLACK
6
CONTINUOUS
10
2.1262168110236219
20
-2.4126647637795275
11
2.1262168110236219
21
-2.419225
0
LINE
8
BLACK
6
CONTINUOUS
10
2.1262168110236219
20
-2.419225
11
2.124936968503937
21
-2.4256591338582676
0
LINE
8
BLACK
6
CONTINUOUS
10
2.124936968503937
20
-2.4256591338582676
11
2.1224264960629919
21
-2.4317199606299211
0
LINE
8
BLACK
6
CONTINUOUS
10
2.1224264960629919
20
-2.4317199606299211
11
2.1187818503937006
21
-2.4371745669291336
0
LINE
8
BLACK
6
CONTINUOUS
10
2.1187818503937006
20
-2.4371745669291336
11
2.1141430708661417
21
-2.4418133464566929
0
LINE
8
BLACK
6
CONTINUOUS
10
2.1141430708661417
20
-2.4418133464566929
11
2.1086884645669293
21
-2.4454579921259842
0
LINE
8
BLACK
6
CONTINUOUS
10
2.1086884645669293
20
-2.4454579921259842
11
2.1026276377952757
21
-2.4479684645669293
0
LINE
8
BLACK
6
CONTINUOUS
10
2.1026276377952757
20
-2.4479684645669293
11
2.0961935039370077
21
-2.4492483070866142
0
LINE
8
BLACK
6
CONTINUOUS
10
2.0961935039370077
20
-2.4492483070866142
11
2.0896332677165352
21
-2.4492483070866142
0
LINE
8
BLACK
6
CONTINUOUS
10
2.0896332677165352
20
-2.4492483070866142
11
2.0831991338582676
21
-2.4479684645669293
0
LINE
8
BLACK
6
CONTINUOUS
10
2.0831991338582676
20
-2.4479684645669293
11
2.0771383070866141
21
-2.4454579921259842
0
LINE
8
BLACK
6
CONTINUOUS
10
2.0771383070866141
20
-2.4454579921259842
11
2.0716837007874016
21
-2.4418133464566929
0
LINE
8
BLACK
6
CONTINUOUS
10
2.0716837007874016
20
-2.4418133464566929
11
2.0670449212598423
21
-2.4371745669291336
0
LINE
8
BLACK
6
CONTINUOUS
10
2.0670449212598423
20
-2.4371745669291336
11
2.0634002755905509
21
-2.4317199606299211
0
LINE
8
BLACK
6
CONTINUOUS
10
2.0634002755905509
20
-2.4317199606299211
11
2.0608898031496063
21
-2.4256591338582676
0
LINE
8
BLACK
6
CONTINUOUS
10
2.0608898031496063
20
-2.4256591338582676
11
2.0596099606299214
21
-2.419225
0
LINE
8
BLACK
6
CONTINUOUS
10
2.0596099606299214
20
-2.419225
11
2.0596099606299214
21
-2.4126647637795275
0
LINE
8
BLACK
6
CONTINUOUS
10
2.0596099606299214
20
-2.4126647637795275
11
2.0608898031496063
21
-2.4062306299212599
0
LINE
8
BLACK
6
CONTINUOUS
10
2.0608898031496063
20
-2.4062306299212599
11
2.0634002755905509
21
-2.4001698031496064
0
LINE
8
BLACK
6
CONTINUOUS
10
2.0634002755905509
20
-2.4001698031496064
11
2.0670449212598423
21
-2.3947151968503935
0
LINE
8
BLACK
6
CONTINUOUS
10
2.0670449212598423
20
-2.3947151968503935
11
2.0716837007874016
21
-2.3900764173228346
0
LINE
8
BLACK
6
CONTINUOUS
10
2.0716837007874016
20
-2.3900764173228346
11
2.0771383070866141
21
-2.3864317716535433
0
LINE
8
BLACK
6
CONTINUOUS
10
2.0771383070866141
20
-2.3864317716535433
11
2.0831991338582676
21
-2.3839212992125982
0
LINE
8
BLACK
6
CONTINUOUS
10
2.0831991338582676
20
-2.3839212992125982
11
2.0896332677165352
21
-2.3826414566929133
0
LINE
8
BLACK
6
CONTINUOUS
10
2.0896332677165352
20
-2.3826414566929133
11
2.0961935039370077
21
-2.3826414566929133
0
LINE
8
BLACK
6
CONTINUOUS
10
2.0961935039370077
20
-2.3826414566929133
11
2.1026276377952757
21
-2.3839212992125982
0
LINE
8
BLACK
6
CONTINUOUS
10
2.2026276377952754
20
-2.3839212992125982
11
2.2086884645669289
21
-2.3864317716535433
0
LINE
8
BLACK
6
CONTINUOUS
10
2.2086884645669289
20
-2.3864317716535433
11
2.2141430708661418
21
-2.3900764173228346
0
LINE
8
BLACK
6
CONTINUOUS
10
2.2141430708661418
20
-2.3900764173228346
11
2.2187818503937007
21
-2.3947151968503935
0
LINE
8
BLACK
6
CONTINUOUS
10
2.2187818503937007
20
-2.3947151968503935
11
2.222426496062992
21
-2.4001698031496064
0
LINE
8
BLACK
6
CONTINUOUS
10
2.222426496062992
20
-2.4001698031496064
11
2.2249369685039371
21
-2.4062306299212599
0
LINE
8
BLACK
6
CONTINUOUS
10
2.2249369685039371
20
-2.4062306299212599
11
2.226216811023622
21
-2.4126647637795275
0
LINE
8
BLACK
6
CONTINUOUS
10
2.226216811023622
20
-2.4126647637795275
11
2.226216811023622
21
-2.419225
0
LINE
8
BLACK
6
CONTINUOUS
10
2.226216811023622
20
-2.419225
11
2.2249369685039371
21
-2.4256591338582676
0
LINE
8
BLACK
6
CONTINUOUS
10
2.2249369685039371
20
-2.4256591338582676
11
2.222426496062992
21
-2.4317199606299211
0
LINE
8
BLACK
6
CONTINUOUS
10
2.222426496062992
20
-2.4317199606299211
11
2.2187818503937007
21
-2.4371745669291336
0
LINE
8
BLACK
6
CONTINUOUS
10
2.2187818503937007
20
-2.4371745669291336
11
2.2141430708661418
21
-2.4418133464566929
0
LINE
8
BLACK
6
CONTINUOUS
10
2.2141430708661418
20
-2.4418133464566929
11
2.2086884645669289
21
-2.4454579921259842
0
LINE
8
BLACK
6
CONTINUOUS
10
2.2086884645669289
20
-2.4454579921259842
11
2.2026276377952754
21
-2.4479684645669293
0
LINE
8
BLACK
6
CONTINUOUS
10
2.2026276377952754
20
-2.4479684645669293
11
2.1961935039370077
21
-2.4492483070866142
0
LINE
8
BLACK
6
CONTINUOUS
10
2.1961935039370077
20
-2.4492483070866142
11
2.1896332677165353
21
-2.4492483070866142
0
LINE
8
BLACK
6
CONTINUOUS
10
2.1896332677165353
20
-2.4492483070866142
11
2.1831991338582677
21
-2.4479684645669293
0
LINE
8
BLACK
6
CONTINUOUS
10
2.1831991338582677
20
-2.4479684645669293
11
2.1771383070866142
21
-2.4454579921259842
0
LINE
8
BLACK
6
CONTINUOUS
10
2.1771383070866142
20
-2.4454579921259842
11
2.1716837007874017
21
-2.4418133464566929
0
LINE
8
BLACK
6
CONTINUOUS
10
2.1716837007874017
20
-2.4418133464566929
11
2.1670449212598424
21
-2.4371745669291336
0
LINE
8
BLACK
6
CONTINUOUS
10
2.1670449212598424
20
-2.4371745669291336
11
2.163400275590551
21
-2.4317199606299211
0
LINE
8
BLACK
6
CONTINUOUS
10
2.163400275590551
20
-2.4317199606299211
11
2.1608898031496064
21
-2.4256591338582676
0
LINE
8
BLACK
6
CONTINUOUS
10
2.1608898031496064
20
-2.4256591338582676
11
2.1596099606299211
21
-2.419225
0
LINE
8
BLACK
6
CONTINUOUS
10
2.1596099606299211
20
-2.419225
11
2.1596099606299211
21
-2.4126647637795275
0
LINE
8
BLACK
6
CONTINUOUS
10
2.1596099606299211
20
-2.4126647637795275
11
2.1608898031496064
21
-2.4062306299212599
0
LINE
8
BLACK
6
CONTINUOUS
10
2.1608898031496064
20
-2.4062306299212599
11
2.163400275590551
21
-2.4001698031496064
0
LINE
8
BLACK
6
CONTINUOUS
10
2.163400275590551
20
-2.4001698031496064
11
2.1670449212598424
21
-2.3947151968503935
0
LINE
8
BLACK
6
CONTINUOUS
10
2.1670449212598424
20
-2.3947151968503935
11
2.1716837007874017
21
-2.3900764173228346
0
LINE
8
BLACK
6
CONTINUOUS
10
2.1716837007874017
20
-2.3900764173228346
11
2.1771383070866142
21
-2.3864317716535433
0
LINE
8
BLACK
6
CONTINUOUS
10
2.1771383070866142
20
-2.3864317716535433
11
2.1831991338582677
21
-2.3839212992125982
0
LINE
8
BLACK
6
CONTINUOUS
10
2.1831991338582677
20
-2.3839212992125982
11
2.1896332677165353
21
-2.3826414566929133
0
LINE
8
BLACK
6
CONTINUOUS
10
2.1896332677165353
20
-2.3826414566929133
11
2.1961935039370077
21
-2.3826414566929133
0
LINE
8
BLACK
6
CONTINUOUS
10
2.1961935039370077
20
-2.3826414566929133
11
2.2026276377952754
21
-2.3839212992125982
0
LINE
8
BLACK
6
CONTINUOUS
10
4.3135629921259842
20
-2.4430511811023621
11
4.278562992125984
21
-2.4430511811023621
0
LINE
8
BLACK
6
CONTINUOUS
10
4.278562992125984
20
-2.4430511811023621
11
4.278562992125984
21
-2.3880511811023624
0
LINE
8
BLACK
6
CONTINUOUS
10
4.278562992125984
20
-2.3880511811023624
11
4.3135629921259842
21
-2.3880511811023624
0
LINE
8
BLACK
6
CONTINUOUS
10
4.3135629921259842
20
-2.3880511811023624
11
4.3135629921259842
21
-2.4430511811023621
0
LINE
8
BLACK
6
CONTINUOUS
10
4.3885629921259843
20
-2.4430511811023621
11
4.3535629921259842
21
-2.4430511811023621
0
LINE
8
BLACK
6
CONTINUOUS
10
4.3535629921259842
20
-2.4430511811023621
11
4.3535629921259842
21
-2.3880511811023624
0
LINE
8
BLACK
6
CONTINUOUS
10
4.3535629921259842
20
-2.3880511811023624
11
4.3885629921259843
21
-2.3880511811023624
0
LINE
8
BLACK
6
CONTINUOUS
10
4.3885629921259843
20
-2.3880511811023624
11
4.3885629921259843
21
-2.4430511811023621
0
LINE
8
BLACK
6
CONTINUOUS
10
4.1023031496062989
20
-2.4232086614173229
11
4.0473031496062992
21
-2.4232086614173229
0
LINE
8
BLACK
6
CONTINUOUS
10
4.0473031496062992
20
-2.4232086614173229
11
4.0473031496062992
21
-2.3882086614173228
0
LINE
8
BLACK
6
CONTINUOUS
10
4.0473031496062992
20
-2.3882086614173228
11
4.1023031496062989
21
-2.3882086614173228
0
LINE
8
BLACK
6
CONTINUOUS
10
4.1023031496062989
20
-2.3882086614173228
11
4.1023031496062989
21
-2.4232086614173229
0
LINE
8
BLACK
6
CONTINUOUS
10
3.7931366535433071
20
-2.3080326771653543
11
3.796329803149606
21
-2.3101662598425197
0
LINE
8
BLACK
6
CONTINUOUS
10
3.796329803149606
20
-2.3101662598425197
11
3.7984633858267718
21
-2.313359409448819
0
LINE
8
BLACK
6
CONTINUOUS
10
3.7984633858267718
20
-2.313359409448819
11
3.7992125984251968
21
-2.3171259842519683
0
LINE
8
BLACK
6
CONTINUOUS
10
3.7992125984251968
20
-2.3171259842519683
11
3.7992125984251968
21
-2.3604330708661418
0
LINE
8
BLACK
6
CONTINUOUS
10
3.7992125984251968
20
-2.3604330708661418
11
3.7984633858267718
21
-2.3641996456692911
0
LINE
8
BLACK
6
CONTINUOUS
10
3.7984633858267718
20
-2.3641996456692911
11
3.796329803149606
21
-2.3673927952755904
0
LINE
8
BLACK
6
CONTINUOUS
10
3.796329803149606
20
-2.3673927952755904
11
3.7931366535433071
21
-2.3695263779527558
0
LINE
8
BLACK
6
CONTINUOUS
10
3.7931366535433071
20
-2.3695263779527558
11
3.7893700787401574
21
-2.3702755905511812
0
LINE
8
BLACK
6
CONTINUOUS
10
3.7893700787401574
20
-2.3702755905511812
11
3.7460629921259843
21
-2.3702755905511812
0
LINE
8
BLACK
6
CONTINUOUS
10
3.7460629921259843
20
-2.3702755905511812
11
3.7422964173228346
21
-2.3695263779527558
0
LINE
8
BLACK
6
CONTINUOUS
10
3.7422964173228346
20
-2.3695263779527558
11
3.7391032677165352
21
-2.3673927952755904
0
LINE
8
BLACK
6
CONTINUOUS
10
3.7391032677165352
20
-2.3673927952755904
11
3.7369696850393699
21
-2.3641996456692911
0
LINE
8
BLACK
6
CONTINUOUS
10
3.7369696850393699
20
-2.3641996456692911
11
3.7362204724409449
21
-2.3604330708661418
0
LINE
8
BLACK
6
CONTINUOUS
10
3.7362204724409449
20
-2.3604330708661418
11
3.7362204724409449
21
-2.3171259842519683
0
LINE
8
BLACK
6
CONTINUOUS
10
3.7362204724409449
20
-2.3171259842519683
11
3.7369696850393699
21
-2.313359409448819
0
LINE
8
BLACK
6
CONTINUOUS
10
3.7369696850393699
20
-2.313359409448819
11
3.7391032677165352
21
-2.3101662598425197
0
LINE
8
BLACK
6
CONTINUOUS
10
3.7391032677165352
20
-2.3101662598425197
11
3.7422964173228346
21
-2.3080326771653543
0
LINE
8
BLACK
6
CONTINUOUS
10
3.7422964173228346
20
-2.3080326771653543
11
3.7460629921259843
21
-2.3072834645669289
0
LINE
8
BLACK
6
CONTINUOUS
10
3.7460629921259843
20
-2.3072834645669289
11
3.7893700787401574
21
-2.3072834645669289
0
LINE
8
BLACK
6
CONTINUOUS
10
3.7893700787401574
20
-2.3072834645669289
11
3.7931366535433071
21
-2.3080326771653543
0
LINE
8
BLACK
6
CONTINUOUS
10
3.6390640944881887
20
-2.30863968503937
11
3.6447683858267714
21
-2.3110024803149605
0
LINE
8
BLACK
6
CONTINUOUS
10
3.6447683858267714
20
-2.3110024803149605
11
3.6499021653543307
21
-2.3144327559055116
0
LINE
8
BLACK
6
CONTINUOUS
10
3.6499021653543307
20
-2.3144327559055116
11
3.6542680314960627
21
-2.3187986220472441
0
LINE
8
BLACK
6
CONTINUOUS
10
3.6542680314960627
20
-2.3187986220472441
11
3.6576983070866143
21
-2.3239324015748033
0
LINE
8
BLACK
6
CONTINUOUS
10
3.6576983070866143
20
-2.3239324015748033
11
3.6600611023622047
21
-2.3296366929133856
0
LINE
8
BLACK
6
CONTINUOUS
10
3.6600611023622047
20
-2.3296366929133856
11
3.6612656692913386
21
-2.3356923622047243
0
LINE
8
BLACK
6
CONTINUOUS
10
3.6612656692913386
20
-2.3356923622047243
11
3.6612656692913386
21
-2.3418666929133858
0
LINE
8
BLACK
6
CONTINUOUS
10
3.6612656692913386
20
-2.3418666929133858
11
3.6600611023622047
21
-2.3479223622047245
0
LINE
8
BLACK
6
CONTINUOUS
10
3.6600611023622047
20
-2.3479223622047245
11
3.6576983070866143
21
-2.3536266535433072
0
LINE
8
BLACK
6
CONTINUOUS
10
3.6576983070866143
20
-2.3536266535433072
11
3.6542680314960627
21
-2.358760433070866
0
LINE
8
BLACK
6
CONTINUOUS
10
3.6542680314960627
20
-2.358760433070866
11
3.6499021653543307
21
-2.3631262992125985
0
LINE
8
BLACK
6
CONTINUOUS
10
3.6499021653543307
20
-2.3631262992125985
11
3.6447683858267714
21
-2.3665565748031496
0
LINE
8
BLACK
6
CONTINUOUS
10
3.6447683858267714
20
-2.3665565748031496
11
3.6390640944881887
21
-2.3689193700787401
0
LINE
8
BLACK
6
CONTINUOUS
10
3.6390640944881887
20
-2.3689193700787401
11
3.6330084251968504
21
-2.3701239370078739
0
LINE
8
BLACK
6
CONTINUOUS
10
3.6330084251968504
20
-2.3701239370078739
11
3.6268340944881889
21
-2.3701239370078739
0
LINE
8
BLACK
6
CONTINUOUS
10
3.6268340944881889
20
-2.3701239370078739
11
3.6207784251968502
21
-2.3689193700787401
0
LINE
8
BLACK
6
CONTINUOUS
10
3.6207784251968502
20
-2.3689193700787401
11
3.6150741338582675
21
-2.3665565748031496
0
LINE
8
BLACK
6
CONTINUOUS
10
3.6150741338582675
20
-2.3665565748031496
11
3.6099403543307087
21
-2.3631262992125985
0
LINE
8
BLACK
6
CONTINUOUS
10
3.6099403543307087
20
-2.3631262992125985
11
3.6055744881889762
21
-2.358760433070866
0
LINE
8
BLACK
6
CONTINUOUS
10
3.6055744881889762
20
-2.358760433070866
11
3.6021442125984251
21
-2.3536266535433072
0
LINE
8
BLACK
6
CONTINUOUS
10
3.6021442125984251
20
-2.3536266535433072
11
3.5997814173228346
21
-2.3479223622047245
0
LINE
8
BLACK
6
CONTINUOUS
10
3.5997814173228346
20
-2.3479223622047245
11
3.5985768503937008
21
-2.3418666929133858
0
LINE
8
BLACK
6
CONTINUOUS
10
3.5985768503937008
20
-2.3418666929133858
11
3.5985768503937008
21
-2.3356923622047243
0
LINE
8
BLACK
6
CONTINUOUS
10
3.5985768503937008
20
-2.3356923622047243
11
3.5997814173228346
21
-2.3296366929133856
0
LINE
8
BLACK
6
CONTINUOUS
10
3.5997814173228346
20
-2.3296366929133856
11
3.6021442125984251
21
-2.3239324015748033
0
LINE
8
BLACK
6
CONTINUOUS
10
3.6021442125984251
20
-2.3239324015748033
11
3.6055744881889762
21
-2.3187986220472441
0
LINE
8
BLACK
6
CONTINUOUS
10
3.6055744881889762
20
-2.3187986220472441
11
3.6099403543307087
21
-2.3144327559055116
0
LINE
8
BLACK
6
CONTINUOUS
10
3.6099403543307087
20
-2.3144327559055116
11
3.6150741338582675
21
-2.3110024803149605
0
LINE
8
BLACK
6
CONTINUOUS
10
3.6150741338582675
20
-2.3110024803149605
11
3.6207784251968502
21
-2.30863968503937
0
LINE
8
BLACK
6
CONTINUOUS
10
3.6207784251968502
20
-2.30863968503937
11
3.6268340944881889
21
-2.3074351181102362
0
LINE
8
BLACK
6
CONTINUOUS
10
3.6268340944881889
20
-2.3074351181102362
11
3.6330084251968504
21
-2.3074351181102362
0
LINE
8
BLACK
6
CONTINUOUS
10
3.6330084251968504
20
-2.3074351181102362
11
3.6390640944881887
21
-2.30863968503937
0
LINE
8
BLACK
6
CONTINUOUS
10
2.1026276377952757
20
-2.2839212992125986
11
2.1086884645669293
21
-2.2864317716535432
0
LINE
8
BLACK
6
CONTINUOUS
10
2.1086884645669293
20
-2.2864317716535432
11
2.1141430708661417
21
-2.2900764173228345
0
LINE
8
BLACK
6
CONTINUOUS
10
2.1141430708661417
20
-2.2900764173228345
11
2.1187818503937006
21
-2.2947151968503938
0
LINE
8
BLACK
6
CONTINUOUS
10
2.1187818503937006
20
-2.2947151968503938
11
2.1224264960629919
21
-2.3001698031496063
0
LINE
8
BLACK
6
CONTINUOUS
10
2.1224264960629919
20
-2.3001698031496063
11
2.124936968503937
21
-2.3062306299212598
0
LINE
8
BLACK
6
CONTINUOUS
10
2.124936968503937
20
-2.3062306299212598
11
2.1262168110236219
21
-2.3126647637795275
0
LINE
8
BLACK
6
CONTINUOUS
10
2.1262168110236219
20
-2.3126647637795275
11
2.1262168110236219
21
-2.3192249999999999
0
LINE
8
BLACK
6
CONTINUOUS
10
2.1262168110236219
20
-2.3192249999999999
11
2.124936968503937
21
-2.3256591338582675
0
LINE
8
BLACK
6
CONTINUOUS
10
2.124936968503937
20
-2.3256591338582675
11
2.1224264960629919
21
-2.331719960629921
0
LINE
8
BLACK
6
CONTINUOUS
10
2.1224264960629919
20
-2.331719960629921
11
2.1187818503937006
21
-2.3371745669291339
0
LINE
8
BLACK
6
CONTINUOUS
10
2.1187818503937006
20
-2.3371745669291339
11
2.1141430708661417
21
-2.3418133464566928
0
LINE
8
BLACK
6
CONTINUOUS
10
2.1141430708661417
20
-2.3418133464566928
11
2.1086884645669293
21
-2.3454579921259842
0
LINE
8
BLACK
6
CONTINUOUS
10
2.1086884645669293
20
-2.3454579921259842
11
2.1026276377952757
21
-2.3479684645669292
0
LINE
8
BLACK
6
CONTINUOUS
10
2.1026276377952757
20
-2.3479684645669292
11
2.0961935039370077
21
-2.3492483070866141
0
LINE
8
BLACK
6
CONTINUOUS
10
2.0961935039370077
20
-2.3492483070866141
11
2.0896332677165352
21
-2.3492483070866141
0
LINE
8
BLACK
6
CONTINUOUS
10
2.0896332677165352
20
-2.3492483070866141
11
2.0831991338582676
21
-2.3479684645669292
0
LINE
8
BLACK
6
CONTINUOUS
10
2.0831991338582676
20
-2.3479684645669292
11
2.0771383070866141
21
-2.3454579921259842
0
LINE
8
BLACK
6
CONTINUOUS
10
2.0771383070866141
20
-2.3454579921259842
11
2.0716837007874016
21
-2.3418133464566928
0
LINE
8
BLACK
6
CONTINUOUS
10
2.0716837007874016
20
-2.3418133464566928
11
2.0670449212598423
21
-2.3371745669291339
0
LINE
8
BLACK
6
CONTINUOUS
10
2.0670449212598423
20
-2.3371745669291339
11
2.0634002755905509
21
-2.331719960629921
0
LINE
8
BLACK
6
CONTINUOUS
10
2.0634002755905509
20
-2.331719960629921
11
2.0608898031496063
21
-2.3256591338582675
0
LINE
8
BLACK
6
CONTINUOUS
10
2.0608898031496063
20
-2.3256591338582675
11
2.0596099606299214
21
-2.3192249999999999
0
LINE
8
BLACK
6
CONTINUOUS
10
2.0596099606299214
20
-2.3192249999999999
11
2.0596099606299214
21
-2.3126647637795275
0
LINE
8
BLACK
6
CONTINUOUS
10
2.0596099606299214
20
-2.3126647637795275
11
2.0608898031496063
21
-2.3062306299212598
0
LINE
8
BLACK
6
CONTINUOUS
10
2.0608898031496063
20
-2.3062306299212598
11
2.0634002755905509
21
-2.3001698031496063
0
LINE
8
BLACK
6
CONTINUOUS
10
2.0634002755905509
20
-2.3001698031496063
11
2.0670449212598423
21
-2.2947151968503938
0
LINE
8
BLACK
6
CONTINUOUS
10
2.0670449212598423
20
-2.2947151968503938
11
2.0716837007874016
21
-2.2900764173228345
0
LINE
8
BLACK
6
CONTINUOUS
10
2.0716837007874016
20
-2.2900764173228345
11
2.0771383070866141
21
-2.2864317716535432
0
LINE
8
BLACK
6
CONTINUOUS
10
2.0771383070866141
20
-2.2864317716535432
11
2.0831991338582676
21
-2.2839212992125986
0
LINE
8
BLACK
6
CONTINUOUS
10
2.0831991338582676
20
-2.2839212992125986
11
2.0896332677165352
21
-2.2826414566929132
0
LINE
8
BLACK
6
CONTINUOUS
10
2.0896332677165352
20
-2.2826414566929132
11
2.0961935039370077
21
-2.2826414566929132
0
LINE
8
BLACK
6
CONTINUOUS
10
2.0961935039370077
20
-2.2826414566929132
11
2.1026276377952757
21
-2.2839212992125986
0
LINE
8
BLACK
6
CONTINUOUS
10
2.2026276377952754
20
-2.2839212992125986
11
2.2086884645669289
21
-2.2864317716535432
0
LINE
8
BLACK
6
CONTINUOUS
10
2.2086884645669289
20
-2.2864317716535432
11
2.2141430708661418
21
-2.2900764173228345
0
LINE
8
BLACK
6
CONTINUOUS
10
2.2141430708661418
20
-2.2900764173228345
11
2.2187818503937007
21
-2.2947151968503938
0
LINE
8
BLACK
6
CONTINUOUS
10
2.2187818503937007
20
-2.2947151968503938
11
2.222426496062992
21
-2.3001698031496063
0
LINE
8
BLACK
6
CONTINUOUS
10
2.222426496062992
20
-2.3001698031496063
11
2.2249369685039371
21
-2.3062306299212598
0
LINE
8
BLACK
6
CONTINUOUS
10
2.2249369685039371
20
-2.3062306299212598
11
2.226216811023622
21
-2.3126647637795275
0
LINE
8
BLACK
6
CONTINUOUS
10
2.226216811023622
20
-2.3126647637795275
11
2.226216811023622
21
-2.3192249999999999
0
LINE
8
BLACK
6
CONTINUOUS
10
2.226216811023622
20
-2.3192249999999999
11
2.2249369685039371
21
-2.3256591338582675
0
LINE
8
BLACK
6
CONTINUOUS
10
2.2249369685039371
20
-2.3256591338582675
11
2.222426496062992
21
-2.331719960629921
0
LINE
8
BLACK
6
CONTINUOUS
10
2.222426496062992
20
-2.331719960629921
11
2.2187818503937007
21
-2.3371745669291339
0
LINE
8
BLACK
6
CONTINUOUS
10
2.2187818503937007
20
-2.3371745669291339
11
2.2141430708661418
21
-2.3418133464566928
0
LINE
8
BLACK
6
CONTINUOUS
10
2.2141430708661418
20
-2.3418133464566928
11
2.2086884645669289
21
-2.3454579921259842
0
LINE
8
BLACK
6
CONTINUOUS
10
2.2086884645669289
20
-2.3454579921259842
11
2.2026276377952754
21
-2.3479684645669292
0
LINE
8
BLACK
6
CONTINUOUS
10
2.2026276377952754
20
-2.3479684645669292
11
2.1961935039370077
21
-2.3492483070866141
0
LINE
8
BLACK
6
CONTINUOUS
10
2.1961935039370077
20
-2.3492483070866141
11
2.1896332677165353
21
-2.3492483070866141
0
LINE
8
BLACK
6
CONTINUOUS
10
2.1896332677165353
20
-2.3492483070866141
11
2.1831991338582677
21
-2.3479684645669292
0
LINE
8
BLACK
6
CONTINUOUS
10
2.1831991338582677
20
-2.3479684645669292
11
2.1771383070866142
21
-2.3454579921259842
0
LINE
8
BLACK
6
CONTINUOUS
10
2.1771383070866142
20
-2.3454579921259842
11
2.1716837007874017
21
-2.3418133464566928
0
LINE
8
BLACK
6
CONTINUOUS
10
2.1716837007874017
20
-2.3418133464566928
11
2.1670449212598424
21
-2.3371745669291339
0
LINE
8
BLACK
6
CONTINUOUS
10
2.1670449212598424
20
-2.3371745669291339
11
2.163400275590551
21
-2.331719960629921
0
LINE
8
BLACK
6
CONTINUOUS
10
2.163400275590551
20
-2.331719960629921
11
2.1608898031496064
21
-2.3256591338582675
0
LINE
8
BLACK
6
CONTINUOUS
10
2.1608898031496064
20
-2.3256591338582675
11
2.1596099606299211
21
-2.3192249999999999
0
LINE
8
BLACK
6
CONTINUOUS
10
2.1596099606299211
20
-2.3192249999999999
11
2.1596099606299211
21
-2.3126647637795275
0
LINE
8
BLACK
6
CONTINUOUS
10
2.1596099606299211
20
-2.3126647637795275
11
2.1608898031496064
21
-2.3062306299212598
0
LINE
8
BLACK
6
CONTINUOUS
10
2.1608898031496064
20
-2.3062306299212598
11
2.163400275590551
21
-2.3001698031496063
0
LINE
8
BLACK
6
CONTINUOUS
10
2.163400275590551
20
-2.3001698031496063
11
2.1670449212598424
21
-2.2947151968503938
0
LINE
8
BLACK
6
CONTINUOUS
10
2.1670449212598424
20
-2.2947151968503938
11
2.1716837007874017
21
-2.2900764173228345
0
LINE
8
BLACK
6
CONTINUOUS
10
2.1716837007874017
20
-2.2900764173228345
11
2.1771383070866142
21
-2.2864317716535432
0
LINE
8
BLACK
6
CONTINUOUS
10
2.1771383070866142
20
-2.2864317716535432
11
2.1831991338582677
21
-2.2839212992125986
0
LINE
8
BLACK
6
CONTINUOUS
10
2.1831991338582677
20
-2.2839212992125986
11
2.1896332677165353
21
-2.2826414566929132
0
LINE
8
BLACK
6
CONTINUOUS
10
2.1896332677165353
20
-2.2826414566929132
11
2.1961935039370077
21
-2.2826414566929132
0
LINE
8
BLACK
6
CONTINUOUS
10
2.1961935039370077
20
-2.2826414566929132
11
2.2026276377952754
21
-2.2839212992125986
0
LINE
8
BLACK
6
CONTINUOUS
10
4.1023031496062989
20
-2.3482086614173228
11
4.0473031496062992
21
-2.3482086614173228
0
LINE
8
BLACK
6
CONTINUOUS
10
4.0473031496062992
20
-2.3482086614173228
11
4.0473031496062992
21
-2.3132086614173226
0
LINE
8
BLACK
6
CONTINUOUS
10
4.0473031496062992
20
-2.3132086614173226
11
4.1023031496062989
21
-2.3132086614173226
0
LINE
8
BLACK
6
CONTINUOUS
10
4.1023031496062989
20
-2.3132086614173226
11
4.1023031496062989
21
-2.3482086614173228
0
LINE
8
BLACK
6
CONTINUOUS
10
3.9899870472440946
20
-2.1997649212598427
11
3.9931801968503935
21
-2.201898503937008
0
LINE
8
BLACK
6
CONTINUOUS
10
3.9931801968503935
20
-2.201898503937008
11
3.9953137795275588
21
-2.2050916535433069
0
LINE
8
BLACK
6
CONTINUOUS
10
3.9953137795275588
20
-2.2050916535433069
11
3.9960629921259843
21
-2.2088582283464566
0
LINE
8
BLACK
6
CONTINUOUS
10
3.9960629921259843
20
-2.2088582283464566
11
3.9960629921259843
21
-2.2875983858267714
0
LINE
8
BLACK
6
CONTINUOUS
10
3.9960629921259843
20
-2.2875983858267714
11
3.9953137795275588
21
-2.2913649606299211
0
LINE
8
BLACK
6
CONTINUOUS
10
3.9953137795275588
20
-2.2913649606299211
11
3.9931801968503935
21
-2.2945581102362205
0
LINE
8
BLACK
6
CONTINUOUS
10
3.9931801968503935
20
-2.2945581102362205
11
3.9899870472440946
21
-2.2966916929133858
0
LINE
8
BLACK
6
CONTINUOUS
10
3.9899870472440946
20
-2.2966916929133858
11
3.9862204724409449
21
-2.2974409055118108
0
LINE
8
BLACK
6
CONTINUOUS
10
3.9862204724409449
20
-2.2974409055118108
11
3.9350393700787403
21
-2.2974409055118108
0
LINE
8
BLACK
6
CONTINUOUS
10
3.9350393700787403
20
-2.2974409055118108
11
3.9312727952755906
21
-2.2966916929133858
0
LINE
8
BLACK
6
CONTINUOUS
10
3.9312727952755906
20
-2.2966916929133858
11
3.9280796456692912
21
-2.2945581102362205
0
LINE
8
BLACK
6
CONTINUOUS
10
3.9280796456692912
20
-2.2945581102362205
11
3.9259460629921259
21
-2.2913649606299211
0
LINE
8
BLACK
6
CONTINUOUS
10
3.9259460629921259
20
-2.2913649606299211
11
3.9251968503937005
21
-2.2875983858267714
0
LINE
8
BLACK
6
CONTINUOUS
10
3.9251968503937005
20
-2.2875983858267714
11
3.9251968503937005
21
-2.2088582283464566
0
LINE
8
BLACK
6
CONTINUOUS
10
3.9251968503937005
20
-2.2088582283464566
11
3.9259460629921259
21
-2.2050916535433069
0
LINE
8
BLACK
6
CONTINUOUS
10
3.9259460629921259
20
-2.2050916535433069
11
3.9280796456692912
21
-2.201898503937008
0
LINE
8
BLACK
6
CONTINUOUS
10
3.9280796456692912
20
-2.201898503937008
11
3.9312727952755906
21
-2.1997649212598427
0
LINE
8
BLACK
6
CONTINUOUS
10
3.9312727952755906
20
-2.1997649212598427
11
3.9350393700787403
21
-2.1990157086614173
0
LINE
8
BLACK
6
CONTINUOUS
10
3.9350393700787403
20
-2.1990157086614173
11
3.9862204724409449
21
-2.1990157086614173
0
LINE
8
BLACK
6
CONTINUOUS
10
3.9862204724409449
20
-2.1990157086614173
11
3.9899870472440946
21
-2.1997649212598427
0
LINE
8
BLACK
6
CONTINUOUS
10
5.2878012598425199
20
-2.1689882283464565
11
5.2957332283464567
21
-2.1715654724409448
0
LINE
8
BLACK
6
CONTINUOUS
10
5.2957332283464567
20
-2.1715654724409448
11
5.3031643307086611
21
-2.1753518110236221
0
LINE
8
BLACK
6
CONTINUOUS
10
5.3031643307086611
20
-2.1753518110236221
11
5.3099116535433071
21
-2.1802540157480315
0
LINE
8
BLACK
6
CONTINUOUS
10
5.3099116535433071
20
-2.1802540157480315
11
5.3158090157480311
21
-2.1861513779527559
0
LINE
8
BLACK
6
CONTINUOUS
10
5.3158090157480311
20
-2.1861513779527559
11
5.3207112204724405
21
-2.1928987007874015
0
LINE
8
BLACK
6
CONTINUOUS
10
5.3207112204724405
20
-2.1928987007874015
11
5.3244975590551178
21
-2.2003298031496064
0
LINE
8
BLACK
6
CONTINUOUS
10
5.3244975590551178
20
-2.2003298031496064
11
5.327074803149606
21
-2.2082617716535431
0
LINE
8
BLACK
6
CONTINUOUS
10
5.327074803149606
20
-2.2082617716535431
11
5.3283794881889763
21
-2.2164992125984253
0
LINE
8
BLACK
6
CONTINUOUS
10
5.3283794881889763
20
-2.2164992125984253
11
5.3283794881889763
21
-2.2248393700787399
0
LINE
8
BLACK
6
CONTINUOUS
10
5.3283794881889763
20
-2.2248393700787399
11
5.327074803149606
21
-2.2330768110236221
0
LINE
8
BLACK
6
CONTINUOUS
10
5.327074803149606
20
-2.2330768110236221
11
5.3244975590551178
21
-2.2410087795275588
0
LINE
8
BLACK
6
CONTINUOUS
10
5.3244975590551178
20
-2.2410087795275588
11
5.3207112204724405
21
-2.2484398818897637
0
LINE
8
BLACK
6
CONTINUOUS
10
5.3207112204724405
20
-2.2484398818897637
11
5.3158090157480311
21
-2.2551872047244093
0
LINE
8
BLACK
6
CONTINUOUS
10
5.3158090157480311
20
-2.2551872047244093
11
5.3099116535433071
21
-2.2610845669291337
0
LINE
8
BLACK
6
CONTINUOUS
10
5.3099116535433071
20
-2.2610845669291337
11
5.3031643307086611
21
-2.2659867716535431
0
LINE
8
BLACK
6
CONTINUOUS
10
5.3031643307086611
20
-2.2659867716535431
11
5.2957332283464567
21
-2.2697731102362204
0
LINE
8
BLACK
6
CONTINUOUS
10
5.2957332283464567
20
-2.2697731102362204
11
5.2878012598425199
21
-2.2723503543307086
0
LINE
8
BLACK
6
CONTINUOUS
10
5.2878012598425199
20
-2.2723503543307086
11
5.2795638188976373
21
-2.2736550393700785
0
LINE
8
BLACK
6
CONTINUOUS
10
5.2795638188976373
20
-2.2736550393700785
11
5.2712236614173227
21
-2.2736550393700785
0
LINE
8
BLACK
6
CONTINUOUS
10
5.2712236614173227
20
-2.2736550393700785
11
5.2629862204724409
21
-2.2723503543307086
0
LINE
8
BLACK
6
CONTINUOUS
10
5.2629862204724409
20
-2.2723503543307086
11
5.2550542519685042
21
-2.2697731102362204
0
LINE
8
BLACK
6
CONTINUOUS
10
5.2550542519685042
20
-2.2697731102362204
11
5.2476231496062988
21
-2.2659867716535431
0
LINE
8
BLACK
6
CONTINUOUS
10
5.2476231496062988
20
-2.2659867716535431
11
5.2408758267716538
21
-2.2610845669291337
0
LINE
8
BLACK
6
CONTINUOUS
10
5.2408758267716538
20
-2.2610845669291337
11
5.2349784645669288
21
-2.2551872047244093
0
LINE
8
BLACK
6
CONTINUOUS
10
5.2349784645669288
20
-2.2551872047244093
11
5.2300762598425194
21
-2.2484398818897637
0
LINE
8
BLACK
6
CONTINUOUS
10
5.2300762598425194
20
-2.2484398818897637
11
5.2262899212598422
21
-2.2410087795275588
0
LINE
8
BLACK
6
CONTINUOUS
10
5.2262899212598422
20
-2.2410087795275588
11
5.2237126771653539
21
-2.2330768110236221
0
LINE
8
BLACK
6
CONTINUOUS
10
5.2237126771653539
20
-2.2330768110236221
11
5.2224079921259845
21
-2.2248393700787399
0
LINE
8
BLACK
6
CONTINUOUS
10
5.2224079921259845
20
-2.2248393700787399
11
5.2224079921259845
21
-2.2164992125984253
0
LINE
8
BLACK
6
CONTINUOUS
10
5.2224079921259845
20
-2.2164992125984253
11
5.2237126771653539
21
-2.2082617716535431
0
LINE
8
BLACK
6
CONTINUOUS
10
5.2237126771653539
20
-2.2082617716535431
11
5.2262899212598422
21
-2.2003298031496064
0
LINE
8
BLACK
6
CONTINUOUS
10
5.2262899212598422
20
-2.2003298031496064
11
5.2300762598425194
21
-2.1928987007874015
0
LINE
8
BLACK
6
CONTINUOUS
10
5.2300762598425194
20
-2.1928987007874015
11
5.2349784645669288
21
-2.1861513779527559
0
LINE
8
BLACK
6
CONTINUOUS
10
5.2349784645669288
20
-2.1861513779527559
11
5.2408758267716538
21
-2.1802540157480315
0
LINE
8
BLACK
6
CONTINUOUS
10
5.2408758267716538
20
-2.1802540157480315
11
5.2476231496062988
21
-2.1753518110236221
0
LINE
8
BLACK
6
CONTINUOUS
10
5.2476231496062988
20
-2.1753518110236221
11
5.2550542519685042
21
-2.1715654724409448
0
LINE
8
BLACK
6
CONTINUOUS
10
5.2550542519685042
20
-2.1715654724409448
11
5.2629862204724409
21
-2.1689882283464565
0
LINE
8
BLACK
6
CONTINUOUS
10
5.2629862204724409
20
-2.1689882283464565
11
5.2712236614173227
21
-2.1676835433070867
0
LINE
8
BLACK
6
CONTINUOUS
10
5.2712236614173227
20
-2.1676835433070867
11
5.2795638188976373
21
-2.1676835433070867
0
LINE
8
BLACK
6
CONTINUOUS
10
5.2795638188976373
20
-2.1676835433070867
11
5.2878012598425199
21
-2.1689882283464565
0
LINE
8
BLACK
6
CONTINUOUS
10
5.0800984645669294
20
-2.2560433070866139
11
5.0450984645669292
21
-2.2560433070866139
0
LINE
8
BLACK
6
CONTINUOUS
10
5.0450984645669292
20
-2.2560433070866139
11
5.0450984645669292
21
-2.2010433070866142
0
LINE
8
BLACK
6
CONTINUOUS
10
5.0450984645669292
20
-2.2010433070866142
11
5.0800984645669294
21
-2.2010433070866142
0
LINE
8
BLACK
6
CONTINUOUS
10
5.0800984645669294
20
-2.2010433070866142
11
5.0800984645669294
21
-2.2560433070866139
0
LINE
8
BLACK
6
CONTINUOUS
10
5.1550984645669287
20
-2.2560433070866139
11
5.1200984645669294
21
-2.2560433070866139
0
LINE
8
BLACK
6
CONTINUOUS
10
5.1200984645669294
20
-2.2560433070866139
11
5.1200984645669294
21
-2.2010433070866142
0
LINE
8
BLACK
6
CONTINUOUS
10
5.1200984645669294
20
-2.2010433070866142
11
5.1550984645669287
21
-2.2010433070866142
0
LINE
8
BLACK
6
CONTINUOUS
10
5.1550984645669287
20
-2.2010433070866142
11
5.1550984645669287
21
-2.2560433070866139
0
LINE
8
BLACK
6
CONTINUOUS
10
5.3757874015748026
20
-2.2501968503937007
11
5.3348492125984253
21
-2.2501968503937007
0
LINE
8
BLACK
6
CONTINUOUS
10
5.3348492125984253
20
-2.2501968503937007
11
5.3347594488188976
21
-2.2502185433070867
0
LINE
8
BLACK
6
CONTINUOUS
10
5.3347594488188976
20
-2.2502185433070867
11
5.3346211417322831
21
-2.2501968503937007
0
LINE
8
BLACK
6
CONTINUOUS
10
5.3346211417322831
20
-2.2501968503937007
11
5.3344488188976378
21
-2.2501968503937007
0
LINE
8
BLACK
6
CONTINUOUS
10
5.3344488188976378
20
-2.2501968503937007
11
5.3344488188976378
21
-2.2501698031496065
0
LINE
8
BLACK
6
CONTINUOUS
10
5.3344488188976378
20
-2.2501698031496065
11
5.3317242913385829
21
-2.2497424803149606
0
LINE
8
BLACK
6
CONTINUOUS
10
5.3317242913385829
20
-2.2497424803149606
11
5.3291023228346459
21
-2.2481411811023619
0
LINE
8
BLACK
6
CONTINUOUS
10
5.3291023228346459
20
-2.2481411811023619
11
5.3272927165354327
21
-2.2456583858267716
0
LINE
8
BLACK
6
CONTINUOUS
10
5.3272927165354327
20
-2.2456583858267716
11
5.3265709842519682
21
-2.2426720472440946
0
LINE
8
BLACK
6
CONTINUOUS
10
5.3265709842519682
20
-2.2426720472440946
11
5.3270470472440943
21
-2.2396368897637795
0
LINE
8
BLACK
6
CONTINUOUS
10
5.3270470472440943
20
-2.2396368897637795
11
5.3283814173228343
21
-2.2359971653543305
0
LINE
8
BLACK
6
CONTINUOUS
10
5.3283814173228343
20
-2.2359971653543305
11
5.3300070866141729
21
-2.2284163385826772
0
LINE
8
BLACK
6
CONTINUOUS
10
5.3300070866141729
20
-2.2284163385826772
11
5.3305538188976378
21
-2.2206824803149607
0
LINE
8
BLACK
6
CONTINUOUS
10
5.3305538188976378
20
-2.2206824803149607
11
5.3300107874015747
21
-2.212948346456693
0
LINE
8
BLACK
6
CONTINUOUS
10
5.3300107874015747
20
-2.212948346456693
11
5.3283887007874018
21
-2.2053667322834647
0
LINE
8
BLACK
6
CONTINUOUS
10
5.3283887007874018
20
-2.2053667322834647
11
5.3270561023622047
21
-2.2017264173228348
0
LINE
8
BLACK
6
CONTINUOUS
10
5.3270561023622047
20
-2.2017264173228348
11
5.3265814960629916
21
-2.1986909842519684
0
LINE
8
BLACK
6
CONTINUOUS
10
5.3265814960629916
20
-2.1986909842519684
11
5.3273046456692912
21
-2.1957049999999998
0
LINE
8
BLACK
6
CONTINUOUS
10
5.3273046456692912
20
-2.1957049999999998
11
5.3291154330708661
21
-2.1932230708661415
0
LINE
8
BLACK
6
CONTINUOUS
10
5.3291154330708661
20
-2.1932230708661415
11
5.3317381496062994
21
-2.191623031496063
0
LINE
8
BLACK
6
CONTINUOUS
10
5.3317381496062994
20
-2.191623031496063
11
5.3344488188976378
21
-2.1911992125984252
0
LINE
8
BLACK
6
CONTINUOUS
10
5.3344488188976378
20
-2.1911992125984252
11
5.3344488188976378
21
-2.1911417322834645
0
LINE
8
BLACK
6
CONTINUOUS
10
5.3344488188976378
20
-2.1911417322834645
11
5.3757874015748026
21
-2.1911417322834645
0
LINE
8
BLACK
6
CONTINUOUS
10
5.3757874015748026
20
-2.1911417322834645
11
5.3757874015748026
21
-2.2501968503937007
0
LINE
8
BLACK
6
CONTINUOUS
10
5.2161663385826769
20
-2.1911417322834645
11
5.2163386614173231
21
-2.1911417322834645
0
LINE
8
BLACK
6
CONTINUOUS
10
5.2163386614173231
20
-2.1911417322834645
11
5.2163386614173231
21
-2.1911687795275592
0
LINE
8
BLACK
6
CONTINUOUS
10
5.2163386614173231
20
-2.1911687795275592
11
5.2190631889763779
21
-2.1915961023622046
0
LINE
8
BLACK
6
CONTINUOUS
10
5.2190631889763779
20
-2.1915961023622046
11
5.2216851574803149
21
-2.1931974015748033
0
LINE
8
BLACK
6
CONTINUOUS
10
5.2216851574803149
20
-2.1931974015748033
11
5.2234947637795273
21
-2.1956801968503936
0
LINE
8
BLACK
6
CONTINUOUS
10
5.2234947637795273
20
-2.1956801968503936
11
5.2242164960629918
21
-2.198666535433071
0
LINE
8
BLACK
6
CONTINUOUS
10
5.2242164960629918
20
-2.198666535433071
11
5.2237404330708657
21
-2.2017016929133857
0
LINE
8
BLACK
6
CONTINUOUS
10
5.2237404330708657
20
-2.2017016929133857
11
5.2224060629921256
21
-2.2053414173228347
0
LINE
8
BLACK
6
CONTINUOUS
10
5.2224060629921256
20
-2.2053414173228347
11
5.2207803937007871
21
-2.212922244094488
0
LINE
8
BLACK
6
CONTINUOUS
10
5.2207803937007871
20
-2.212922244094488
11
5.220233661417323
21
-2.2206561023622045
0
LINE
8
BLACK
6
CONTINUOUS
10
5.220233661417323
20
-2.2206561023622045
11
5.2207766929133861
21
-2.2283902362204726
0
LINE
8
BLACK
6
CONTINUOUS
10
5.2207766929133861
20
-2.2283902362204726
11
5.222398779527559
21
-2.2359718503937009
0
LINE
8
BLACK
6
CONTINUOUS
10
5.222398779527559
20
-2.2359718503937009
11
5.2237313779527561
21
-2.2396121653543308
0
LINE
8
BLACK
6
CONTINUOUS
10
5.2237313779527561
20
-2.2396121653543308
11
5.2242059842519684
21
-2.2426475984251968
0
LINE
8
BLACK
6
CONTINUOUS
10
5.2242059842519684
20
-2.2426475984251968
11
5.2234828346456688
21
-2.2456335826771654
0
LINE
8
BLACK
6
CONTINUOUS
10
5.2234828346456688
20
-2.2456335826771654
11
5.2216720472440947
21
-2.2481155118110236
0
LINE
8
BLACK
6
CONTINUOUS
10
5.2216720472440947
20
-2.2481155118110236
11
5.2190493307086614
21
-2.2497155511811022
0
LINE
8
BLACK
6
CONTINUOUS
10
5.2190493307086614
20
-2.2497155511811022
11
5.2163386614173231
21
-2.25013937007874
0
LINE
8
BLACK
6
CONTINUOUS
10
5.2163386614173231
20
-2.25013937007874
11
5.2163386614173231
21
-2.2501968503937007
0
LINE
8
BLACK
6
CONTINUOUS
10
5.2163386614173231
20
-2.2501968503937007
11
5.1750000787401573
21
-2.2501968503937007
0
LINE
8
BLACK
6
CONTINUOUS
10
5.1750000787401573
20
-2.2501968503937007
11
5.1750000787401573
21
-2.1911417322834645
0
LINE
8
BLACK
6
CONTINUOUS
10
5.1750000787401573
20
-2.1911417322834645
11
5.2159382677165356
21
-2.1911417322834645
0
LINE
8
BLACK
6
CONTINUOUS
10
5.2159382677165356
20
-2.1911417322834645
11
5.2160280314960632
21
-2.1911200393700785
0
LINE
8
BLACK
6
CONTINUOUS
10
5.2160280314960632
20
-2.1911200393700785
11
5.2161663385826769
21
-2.1911417322834645
0
LINE
8
BLACK
6
CONTINUOUS
10
2.1026276377952757
20
-2.1839212992125985
11
2.1086884645669293
21
-2.1864317716535431
0
LINE
8
BLACK
6
CONTINUOUS
10
2.1086884645669293
20
-2.1864317716535431
11
2.1141430708661417
21
-2.1900764173228344
0
LINE
8
BLACK
6
CONTINUOUS
10
2.1141430708661417
20
-2.1900764173228344
11
2.1187818503937006
21
-2.1947151968503937
0
LINE
8
BLACK
6
CONTINUOUS
10
2.1187818503937006
20
-2.1947151968503937
11
2.1224264960629919
21
-2.2001698031496062
0
LINE
8
BLACK
6
CONTINUOUS
10
2.1224264960629919
20
-2.2001698031496062
11
2.124936968503937
21
-2.2062306299212597
0
LINE
8
BLACK
6
CONTINUOUS
10
2.124936968503937
20
-2.2062306299212597
11
2.1262168110236219
21
-2.2126647637795274
0
LINE
8
BLACK
6
CONTINUOUS
10
2.1262168110236219
20
-2.2126647637795274
11
2.1262168110236219
21
-2.2192249999999998
0
LINE
8
BLACK
6
CONTINUOUS
10
2.1262168110236219
20
-2.2192249999999998
11
2.124936968503937
21
-2.2256591338582679
0
LINE
8
BLACK
6
CONTINUOUS
10
2.124936968503937
20
-2.2256591338582679
11
2.1224264960629919
21
-2.2317199606299214
0
LINE
8
BLACK
6
CONTINUOUS
10
2.1224264960629919
20
-2.2317199606299214
11
2.1187818503937006
21
-2.2371745669291339
0
LINE
8
BLACK
6
CONTINUOUS
10
2.1187818503937006
20
-2.2371745669291339
11
2.1141430708661417
21
-2.2418133464566927
0
LINE
8
BLACK
6
CONTINUOUS
10
2.1141430708661417
20
-2.2418133464566927
11
2.1086884645669293
21
-2.2454579921259841
0
LINE
8
BLACK
6
CONTINUOUS
10
2.1086884645669293
20
-2.2454579921259841
11
2.1026276377952757
21
-2.2479684645669291
0
LINE
8
BLACK
6
CONTINUOUS
10
2.1026276377952757
20
-2.2479684645669291
11
2.0961935039370077
21
-2.2492483070866141
0
LINE
8
BLACK
6
CONTINUOUS
10
2.0961935039370077
20
-2.2492483070866141
11
2.0896332677165352
21
-2.2492483070866141
0
LINE
8
BLACK
6
CONTINUOUS
10
2.0896332677165352
20
-2.2492483070866141
11
2.0831991338582676
21
-2.2479684645669291
0
LINE
8
BLACK
6
CONTINUOUS
10
2.0831991338582676
20
-2.2479684645669291
11
2.0771383070866141
21
-2.2454579921259841
0
LINE
8
BLACK
6
CONTINUOUS
10
2.0771383070866141
20
-2.2454579921259841
11
2.0716837007874016
21
-2.2418133464566927
0
LINE
8
BLACK
6
CONTINUOUS
10
2.0716837007874016
20
-2.2418133464566927
11
2.0670449212598423
21
-2.2371745669291339
0
LINE
8
BLACK
6
CONTINUOUS
10
2.0670449212598423
20
-2.2371745669291339
11
2.0634002755905509
21
-2.2317199606299214
0
LINE
8
BLACK
6
CONTINUOUS
10
2.0634002755905509
20
-2.2317199606299214
11
2.0608898031496063
21
-2.2256591338582679
0
LINE
8
BLACK
6
CONTINUOUS
10
2.0608898031496063
20
-2.2256591338582679
11
2.0596099606299214
21
-2.2192249999999998
0
LINE
8
BLACK
6
CONTINUOUS
10
2.0596099606299214
20
-2.2192249999999998
11
2.0596099606299214
21
-2.2126647637795274
0
LINE
8
BLACK
6
CONTINUOUS
10
2.0596099606299214
20
-2.2126647637795274
11
2.0608898031496063
21
-2.2062306299212597
0
LINE
8
BLACK
6
CONTINUOUS
10
2.0608898031496063
20
-2.2062306299212597
11
2.0634002755905509
21
-2.2001698031496062
0
LINE
8
BLACK
6
CONTINUOUS
10
2.0634002755905509
20
-2.2001698031496062
11
2.0670449212598423
21
-2.1947151968503937
0
LINE
8
BLACK
6
CONTINUOUS
10
2.0670449212598423
20
-2.1947151968503937
11
2.0716837007874016
21
-2.1900764173228344
0
LINE
8
BLACK
6
CONTINUOUS
10
2.0716837007874016
20
-2.1900764173228344
11
2.0771383070866141
21
-2.1864317716535431
0
LINE
8
BLACK
6
CONTINUOUS
10
2.0771383070866141
20
-2.1864317716535431
11
2.0831991338582676
21
-2.1839212992125985
0
LINE
8
BLACK
6
CONTINUOUS
10
2.0831991338582676
20
-2.1839212992125985
11
2.0896332677165352
21
-2.1826414566929135
0
LINE
8
BLACK
6
CONTINUOUS
10
2.0896332677165352
20
-2.1826414566929135
11
2.0961935039370077
21
-2.1826414566929135
0
LINE
8
BLACK
6
CONTINUOUS
10
2.0961935039370077
20
-2.1826414566929135
11
2.1026276377952757
21
-2.1839212992125985
0
LINE
8
BLACK
6
CONTINUOUS
10
2.2026276377952754
20
-2.1839212992125985
11
2.2086884645669289
21
-2.1864317716535431
0
LINE
8
BLACK
6
CONTINUOUS
10
2.2086884645669289
20
-2.1864317716535431
11
2.2141430708661418
21
-2.1900764173228344
0
LINE
8
BLACK
6
CONTINUOUS
10
2.2141430708661418
20
-2.1900764173228344
11
2.2187818503937007
21
-2.1947151968503937
0
LINE
8
BLACK
6
CONTINUOUS
10
2.2187818503937007
20
-2.1947151968503937
11
2.222426496062992
21
-2.2001698031496062
0
LINE
8
BLACK
6
CONTINUOUS
10
2.222426496062992
20
-2.2001698031496062
11
2.2249369685039371
21
-2.2062306299212597
0
LINE
8
BLACK
6
CONTINUOUS
10
2.2249369685039371
20
-2.2062306299212597
11
2.226216811023622
21
-2.2126647637795274
0
LINE
8
BLACK
6
CONTINUOUS
10
2.226216811023622
20
-2.2126647637795274
11
2.226216811023622
21
-2.2192249999999998
0
LINE
8
BLACK
6
CONTINUOUS
10
2.226216811023622
20
-2.2192249999999998
11
2.2249369685039371
21
-2.2256591338582679
0
LINE
8
BLACK
6
CONTINUOUS
10
2.2249369685039371
20
-2.2256591338582679
11
2.222426496062992
21
-2.2317199606299214
0
LINE
8
BLACK
6
CONTINUOUS
10
2.222426496062992
20
-2.2317199606299214
11
2.2187818503937007
21
-2.2371745669291339
0
LINE
8
BLACK
6
CONTINUOUS
10
2.2187818503937007
20
-2.2371745669291339
11
2.2141430708661418
21
-2.2418133464566927
0
LINE
8
BLACK
6
CONTINUOUS
10
2.2141430708661418
20
-2.2418133464566927
11
2.2086884645669289
21
-2.2454579921259841
0
LINE
8
BLACK
6
CONTINUOUS
10
2.2086884645669289
20
-2.2454579921259841
11
2.2026276377952754
21
-2.2479684645669291
0
LINE
8
BLACK
6
CONTINUOUS
10
2.2026276377952754
20
-2.2479684645669291
11
2.1961935039370077
21
-2.2492483070866141
0
LINE
8
BLACK
6
CONTINUOUS
10
2.1961935039370077
20
-2.2492483070866141
11
2.1896332677165353
21
-2.2492483070866141
0
LINE
8
BLACK
6
CONTINUOUS
10
2.1896332677165353
20
-2.2492483070866141
11
2.1831991338582677
21
-2.2479684645669291
0
LINE
8
BLACK
6
CONTINUOUS
10
2.1831991338582677
20
-2.2479684645669291
11
2.1771383070866142
21
-2.2454579921259841
0
LINE
8
BLACK
6
CONTINUOUS
10
2.1771383070866142
20
-2.2454579921259841
11
2.1716837007874017
21
-2.2418133464566927
0
LINE
8
BLACK
6
CONTINUOUS
10
2.1716837007874017
20
-2.2418133464566927
11
2.1670449212598424
21
-2.2371745669291339
0
LINE
8
BLACK
6
CONTINUOUS
10
2.1670449212598424
20
-2.2371745669291339
11
2.163400275590551
21
-2.2317199606299214
0
LINE
8
BLACK
6
CONTINUOUS
10
2.163400275590551
20
-2.2317199606299214
11
2.1608898031496064
21
-2.2256591338582679
0
LINE
8
BLACK
6
CONTINUOUS
10
2.1608898031496064
20
-2.2256591338582679
11
2.1596099606299211
21
-2.2192249999999998
0
LINE
8
BLACK
6
CONTINUOUS
10
2.1596099606299211
20
-2.2192249999999998
11
2.1596099606299211
21
-2.2126647637795274
0
LINE
8
BLACK
6
CONTINUOUS
10
2.1596099606299211
20
-2.2126647637795274
11
2.1608898031496064
21
-2.2062306299212597
0
LINE
8
BLACK
6
CONTINUOUS
10
2.1608898031496064
20
-2.2062306299212597
11
2.163400275590551
21
-2.2001698031496062
0
LINE
8
BLACK
6
CONTINUOUS
10
2.163400275590551
20
-2.2001698031496062
11
2.1670449212598424
21
-2.1947151968503937
0
LINE
8
BLACK
6
CONTINUOUS
10
2.1670449212598424
20
-2.1947151968503937
11
2.1716837007874017
21
-2.1900764173228344
0
LINE
8
BLACK
6
CONTINUOUS
10
2.1716837007874017
20
-2.1900764173228344
11
2.1771383070866142
21
-2.1864317716535431
0
LINE
8
BLACK
6
CONTINUOUS
10
2.1771383070866142
20
-2.1864317716535431
11
2.1831991338582677
21
-2.1839212992125985
0
LINE
8
BLACK
6
CONTINUOUS
10
2.1831991338582677
20
-2.1839212992125985
11
2.1896332677165353
21
-2.1826414566929135
0
LINE
8
BLACK
6
CONTINUOUS
10
2.1896332677165353
20
-2.1826414566929135
11
2.1961935039370077
21
-2.1826414566929135
0
LINE
8
BLACK
6
CONTINUOUS
10
2.1961935039370077
20
-2.1826414566929135
11
2.2026276377952754
21
-2.1839212992125985
0
LINE
8
BLACK
6
CONTINUOUS
10
4.1692322834645665
20
-2.1594291338582678
11
4.1142322834645668
21
-2.1594291338582678
0
LINE
8
BLACK
6
CONTINUOUS
10
4.1142322834645668
20
-2.1594291338582678
11
4.1142322834645668
21
-2.1244291338582677
0
LINE
8
BLACK
6
CONTINUOUS
10
4.1142322834645668
20
-2.1244291338582677
11
4.1692322834645665
21
-2.1244291338582677
0
LINE
8
BLACK
6
CONTINUOUS
10
4.1692322834645665
20
-2.1244291338582677
11
4.1692322834645665
21
-2.1594291338582678
0
LINE
8
BLACK
6
CONTINUOUS
10
2.1026276377952757
20
-2.0839212992125984
11
2.1086884645669293
21
-2.0864317716535434
0
LINE
8
BLACK
6
CONTINUOUS
10
2.1086884645669293
20
-2.0864317716535434
11
2.1141430708661417
21
-2.0900764173228348
0
LINE
8
BLACK
6
CONTINUOUS
10
2.1141430708661417
20
-2.0900764173228348
11
2.1187818503937006
21
-2.0947151968503936
0
LINE
8
BLACK
6
CONTINUOUS
10
2.1187818503937006
20
-2.0947151968503936
11
2.1224264960629919
21
-2.1001698031496061
0
LINE
8
BLACK
6
CONTINUOUS
10
2.1224264960629919
20
-2.1001698031496061
11
2.124936968503937
21
-2.1062306299212596
0
LINE
8
BLACK
6
CONTINUOUS
10
2.124936968503937
20
-2.1062306299212596
11
2.1262168110236219
21
-2.1126647637795277
0
LINE
8
BLACK
6
CONTINUOUS
10
2.1262168110236219
20
-2.1126647637795277
11
2.1262168110236219
21
-2.1192250000000001
0
LINE
8
BLACK
6
CONTINUOUS
10
2.1262168110236219
20
-2.1192250000000001
11
2.124936968503937
21
-2.1256591338582678
0
LINE
8
BLACK
6
CONTINUOUS
10
2.124936968503937
20
-2.1256591338582678
11
2.1224264960629919
21
-2.1317199606299213
0
LINE
8
BLACK
6
CONTINUOUS
10
2.1224264960629919
20
-2.1317199606299213
11
2.1187818503937006
21
-2.1371745669291338
0
LINE
8
BLACK
6
CONTINUOUS
10
2.1187818503937006
20
-2.1371745669291338
11
2.1141430708661417
21
-2.1418133464566931
0
LINE
8
BLACK
6
CONTINUOUS
10
2.1141430708661417
20
-2.1418133464566931
11
2.1086884645669293
21
-2.145457992125984
0
LINE
8
BLACK
6
CONTINUOUS
10
2.1086884645669293
20
-2.145457992125984
11
2.1026276377952757
21
-2.147968464566929
0
LINE
8
BLACK
6
CONTINUOUS
10
2.1026276377952757
20
-2.147968464566929
11
2.0961935039370077
21
-2.149248307086614
0
LINE
8
BLACK
6
CONTINUOUS
10
2.0961935039370077
20
-2.149248307086614
11
2.0896332677165352
21
-2.149248307086614
0
LINE
8
BLACK
6
CONTINUOUS
10
2.0896332677165352
20
-2.149248307086614
11
2.0831991338582676
21
-2.147968464566929
0
LINE
8
BLACK
6
CONTINUOUS
10
2.0831991338582676
20
-2.147968464566929
11
2.0771383070866141
21
-2.145457992125984
0
LINE
8
BLACK
6
CONTINUOUS
10
2.0771383070866141
20
-2.145457992125984
11
2.0716837007874016
21
-2.1418133464566931
0
LINE
8
BLACK
6
CONTINUOUS
10
2.0716837007874016
20
-2.1418133464566931
11
2.0670449212598423
21
-2.1371745669291338
0
LINE
8
BLACK
6
CONTINUOUS
10
2.0670449212598423
20
-2.1371745669291338
11
2.0634002755905509
21
-2.1317199606299213
0
LINE
8
BLACK
6
CONTINUOUS
10
2.0634002755905509
20
-2.1317199606299213
11
2.0608898031496063
21
-2.1256591338582678
0
LINE
8
BLACK
6
CONTINUOUS
10
2.0608898031496063
20
-2.1256591338582678
11
2.0596099606299214
21
-2.1192250000000001
0
LINE
8
BLACK
6
CONTINUOUS
10
2.0596099606299214
20
-2.1192250000000001
11
2.0596099606299214
21
-2.1126647637795277
0
LINE
8
BLACK
6
CONTINUOUS
10
2.0596099606299214
20
-2.1126647637795277
11
2.0608898031496063
21
-2.1062306299212596
0
LINE
8
BLACK
6
CONTINUOUS
10
2.0608898031496063
20
-2.1062306299212596
11
2.0634002755905509
21
-2.1001698031496061
0
LINE
8
BLACK
6
CONTINUOUS
10
2.0634002755905509
20
-2.1001698031496061
11
2.0670449212598423
21
-2.0947151968503936
0
LINE
8
BLACK
6
CONTINUOUS
10
2.0670449212598423
20
-2.0947151968503936
11
2.0716837007874016
21
-2.0900764173228348
0
LINE
8
BLACK
6
CONTINUOUS
10
2.0716837007874016
20
-2.0900764173228348
11
2.0771383070866141
21
-2.0864317716535434
0
LINE
8
BLACK
6
CONTINUOUS
10
2.0771383070866141
20
-2.0864317716535434
11
2.0831991338582676
21
-2.0839212992125984
0
LINE
8
BLACK
6
CONTINUOUS
10
2.0831991338582676
20
-2.0839212992125984
11
2.0896332677165352
21
-2.0826414566929135
0
LINE
8
BLACK
6
CONTINUOUS
10
2.0896332677165352
20
-2.0826414566929135
11
2.0961935039370077
21
-2.0826414566929135
0
LINE
8
BLACK
6
CONTINUOUS
10
2.0961935039370077
20
-2.0826414566929135
11
2.1026276377952757
21
-2.0839212992125984
0
LINE
8
BLACK
6
CONTINUOUS
10
2.2026276377952754
20
-2.0839212992125984
11
2.2086884645669289
21
-2.0864317716535434
0
LINE
8
BLACK
6
CONTINUOUS
10
2.2086884645669289
20
-2.0864317716535434
11
2.2141430708661418
21
-2.0900764173228348
0
LINE
8
BLACK
6
CONTINUOUS
10
2.2141430708661418
20
-2.0900764173228348
11
2.2187818503937007
21
-2.0947151968503936
0
LINE
8
BLACK
6
CONTINUOUS
10
2.2187818503937007
20
-2.0947151968503936
11
2.222426496062992
21
-2.1001698031496061
0
LINE
8
BLACK
6
CONTINUOUS
10
2.222426496062992
20
-2.1001698031496061
11
2.2249369685039371
21
-2.1062306299212596
0
LINE
8
BLACK
6
CONTINUOUS
10
2.2249369685039371
20
-2.1062306299212596
11
2.226216811023622
21
-2.1126647637795277
0
LINE
8
BLACK
6
CONTINUOUS
10
2.226216811023622
20
-2.1126647637795277
11
2.226216811023622
21
-2.1192250000000001
0
LINE
8
BLACK
6
CONTINUOUS
10
2.226216811023622
20
-2.1192250000000001
11
2.2249369685039371
21
-2.1256591338582678
0
LINE
8
BLACK
6
CONTINUOUS
10
2.2249369685039371
20
-2.1256591338582678
11
2.222426496062992
21
-2.1317199606299213
0
LINE
8
BLACK
6
CONTINUOUS
10
2.222426496062992
20
-2.1317199606299213
11
2.2187818503937007
21
-2.1371745669291338
0
LINE
8
BLACK
6
CONTINUOUS
10
2.2187818503937007
20
-2.1371745669291338
11
2.2141430708661418
21
-2.1418133464566931
0
LINE
8
BLACK
6
CONTINUOUS
10
2.2141430708661418
20
-2.1418133464566931
11
2.2086884645669289
21
-2.145457992125984
0
LINE
8
BLACK
6
CONTINUOUS
10
2.2086884645669289
20
-2.145457992125984
11
2.2026276377952754
21
-2.147968464566929
0
LINE
8
BLACK
6
CONTINUOUS
10
2.2026276377952754
20
-2.147968464566929
11
2.1961935039370077
21
-2.149248307086614
0
LINE
8
BLACK
6
CONTINUOUS
10
2.1961935039370077
20
-2.149248307086614
11
2.1896332677165353
21
-2.149248307086614
0
LINE
8
BLACK
6
CONTINUOUS
10
2.1896332677165353
20
-2.149248307086614
11
2.1831991338582677
21
-2.147968464566929
0
LINE
8
BLACK
6
CONTINUOUS
10
2.1831991338582677
20
-2.147968464566929
11
2.1771383070866142
21
-2.145457992125984
0
LINE
8
BLACK
6
CONTINUOUS
10
2.1771383070866142
20
-2.145457992125984
11
2.1716837007874017
21
-2.1418133464566931
0
LINE
8
BLACK
6
CONTINUOUS
10
2.1716837007874017
20
-2.1418133464566931
11
2.1670449212598424
21
-2.1371745669291338
0
LINE
8
BLACK
6
CONTINUOUS
10
2.1670449212598424
20
-2.1371745669291338
11
2.163400275590551
21
-2.1317199606299213
0
LINE
8
BLACK
6
CONTINUOUS
10
2.163400275590551
20
-2.1317199606299213
11
2.1608898031496064
21
-2.1256591338582678
0
LINE
8
BLACK
6
CONTINUOUS
10
2.1608898031496064
20
-2.1256591338582678
11
2.1596099606299211
21
-2.1192250000000001
0
LINE
8
BLACK
6
CONTINUOUS
10
2.1596099606299211
20
-2.1192250000000001
11
2.1596099606299211
21
-2.1126647637795277
0
LINE
8
BLACK
6
CONTINUOUS
10
2.1596099606299211
20
-2.1126647637795277
11
2.1608898031496064
21
-2.1062306299212596
0
LINE
8
BLACK
6
CONTINUOUS
10
2.1608898031496064
20
-2.1062306299212596
11
2.163400275590551
21
-2.1001698031496061
0
LINE
8
BLACK
6
CONTINUOUS
10
2.163400275590551
20
-2.1001698031496061
11
2.1670449212598424
21
-2.0947151968503936
0
LINE
8
BLACK
6
CONTINUOUS
10
2.1670449212598424
20
-2.0947151968503936
11
2.1716837007874017
21
-2.0900764173228348
0
LINE
8
BLACK
6
CONTINUOUS
10
2.1716837007874017
20
-2.0900764173228348
11
2.1771383070866142
21
-2.0864317716535434
0
LINE
8
BLACK
6
CONTINUOUS
10
2.1771383070866142
20
-2.0864317716535434
11
2.1831991338582677
21
-2.0839212992125984
0
LINE
8
BLACK
6
CONTINUOUS
10
2.1831991338582677
20
-2.0839212992125984
11
2.1896332677165353
21
-2.0826414566929135
0
LINE
8
BLACK
6
CONTINUOUS
10
2.1896332677165353
20
-2.0826414566929135
11
2.1961935039370077
21
-2.0826414566929135
0
LINE
8
BLACK
6
CONTINUOUS
10
2.1961935039370077
20
-2.0826414566929135
11
2.2026276377952754
21
-2.0839212992125984
0
LINE
8
BLACK
6
CONTINUOUS
10
4.4389763779527556
20
-2.0690944881889761
11
4.4980314960629917
21
-2.0690944881889761
0
LINE
8
BLACK
6
CONTINUOUS
10
4.4980314960629917
20
-2.0690944881889761
11
4.5196850393700787
21
-2.0690944881889761
0
LINE
8
BLACK
6
CONTINUOUS
10
4.5196850393700787
20
-2.0690944881889761
11
4.5196850393700787
21
-2.0692629133858267
0
LINE
8
BLACK
6
CONTINUOUS
10
4.5196850393700787
20
-2.0692629133858267
11
4.5222544488188978
21
-2.0692629133858267
0
LINE
8
BLACK
6
CONTINUOUS
10
4.5222544488188978
20
-2.0692629133858267
11
4.5272181889763781
21
-2.0705929133858265
0
LINE
8
BLACK
6
CONTINUOUS
10
4.5272181889763781
20
-2.0705929133858265
11
4.5316685433070862
21
-2.0731623228346456
0
LINE
8
BLACK
6
CONTINUOUS
10
4.5316685433070862
20
-2.0731623228346456
11
4.5353022440944883
21
-2.0767960236220473
0
LINE
8
BLACK
6
CONTINUOUS
10
4.5353022440944883
20
-2.0767960236220473
11
4.5378716535433066
21
-2.0812463779527559
0
LINE
8
BLACK
6
CONTINUOUS
10
4.5378716535433066
20
-2.0812463779527559
11
4.5392016535433068
21
-2.0862101181102362
0
LINE
8
BLACK
6
CONTINUOUS
10
4.5392016535433068
20
-2.0862101181102362
11
4.5392016535433068
21
-2.0887795275590553
0
LINE
8
BLACK
6
CONTINUOUS
10
4.5392016535433068
20
-2.0887795275590553
11
4.5393700787401574
21
-2.0887795275590553
0
LINE
8
BLACK
6
CONTINUOUS
10
4.5393700787401574
20
-2.0887795275590553
11
4.5393700787401574
21
-2.108464566929134
0
LINE
8
BLACK
6
CONTINUOUS
10
4.5393700787401574
20
-2.108464566929134
11
4.5392016535433068
21
-2.108464566929134
0
LINE
8
BLACK
6
CONTINUOUS
10
4.5392016535433068
20
-2.108464566929134
11
4.5392016535433068
21
-2.1110339763779526
0
LINE
8
BLACK
6
CONTINUOUS
10
4.5392016535433068
20
-2.1110339763779526
11
4.5378716535433066
21
-2.1159977165354329
0
LINE
8
BLACK
6
CONTINUOUS
10
4.5378716535433066
20
-2.1159977165354329
11
4.5353022440944883
21
-2.1204480708661415
0
LINE
8
BLACK
6
CONTINUOUS
10
4.5353022440944883
20
-2.1204480708661415
11
4.5316685433070862
21
-2.1240817716535432
0
LINE
8
BLACK
6
CONTINUOUS
10
4.5316685433070862
20
-2.1240817716535432
11
4.5272181889763781
21
-2.1266511811023623
0
LINE
8
BLACK
6
CONTINUOUS
10
4.5272181889763781
20
-2.1266511811023623
11
4.5222544488188978
21
-2.1279811811023621
0
LINE
8
BLACK
6
CONTINUOUS
10
4.5222544488188978
20
-2.1279811811023621
11
4.5196850393700787
21
-2.1279811811023621
0
LINE
8
BLACK
6
CONTINUOUS
10
4.5196850393700787
20
-2.1279811811023621
11
4.5196850393700787
21
-2.1281496062992127
0
LINE
8
BLACK
6
CONTINUOUS
10
4.5196850393700787
20
-2.1281496062992127
11
4.4980314960629917
21
-2.1281496062992127
0
LINE
8
BLACK
6
CONTINUOUS
10
4.4980314960629917
20
-2.1281496062992127
11
4.4881889763779528
21
-2.1281496062992127
0
LINE
8
BLACK
6
CONTINUOUS
10
4.4881889763779528
20
-2.1281496062992127
11
4.4488188976377954
21
-2.1281496062992127
0
LINE
8
BLACK
6
CONTINUOUS
10
4.4488188976377954
20
-2.1281496062992127
11
4.4389763779527556
21
-2.1281496062992127
0
LINE
8
BLACK
6
CONTINUOUS
10
4.4389763779527556
20
-2.1281496062992127
11
4.4173228346456694
21
-2.1281496062992127
0
LINE
8
BLACK
6
CONTINUOUS
10
4.4173228346456694
20
-2.1281496062992127
11
4.4173228346456694
21
-2.1279811811023621
0
LINE
8
BLACK
6
CONTINUOUS
10
4.4173228346456694
20
-2.1279811811023621
11
4.4147534251968503
21
-2.1279811811023621
0
LINE
8
BLACK
6
CONTINUOUS
10
4.4147534251968503
20
-2.1279811811023621
11
4.4097896850393701
21
-2.1266511811023623
0
LINE
8
BLACK
6
CONTINUOUS
10
4.4097896850393701
20
-2.1266511811023623
11
4.405339330708661
21
-2.1240817716535432
0
LINE
8
BLACK
6
CONTINUOUS
10
4.405339330708661
20
-2.1240817716535432
11
4.4017056299212598
21
-2.1204480708661415
0
LINE
8
BLACK
6
CONTINUOUS
10
4.4017056299212598
20
-2.1204480708661415
11
4.3991362204724407
21
-2.1159977165354329
0
LINE
8
BLACK
6
CONTINUOUS
10
4.3991362204724407
20
-2.1159977165354329
11
4.3978062204724404
21
-2.1110339763779526
0
LINE
8
BLACK
6
CONTINUOUS
10
4.3978062204724404
20
-2.1110339763779526
11
4.3978062204724404
21
-2.108464566929134
0
LINE
8
BLACK
6
CONTINUOUS
10
4.3978062204724404
20
-2.108464566929134
11
4.3976377952755907
21
-2.108464566929134
0
LINE
8
BLACK
6
CONTINUOUS
10
4.3976377952755907
20
-2.108464566929134
11
4.3976377952755907
21
-2.0887795275590553
0
LINE
8
BLACK
6
CONTINUOUS
10
4.3976377952755907
20
-2.0887795275590553
11
4.3978062204724404
21
-2.0887795275590553
0
LINE
8
BLACK
6
CONTINUOUS
10
4.3978062204724404
20
-2.0887795275590553
11
4.3978062204724404
21
-2.0862101181102362
0
LINE
8
BLACK
6
CONTINUOUS
10
4.3978062204724404
20
-2.0862101181102362
11
4.3991362204724407
21
-2.0812463779527559
0
LINE
8
BLACK
6
CONTINUOUS
10
4.3991362204724407
20
-2.0812463779527559
11
4.4017056299212598
21
-2.0767960236220473
0
LINE
8
BLACK
6
CONTINUOUS
10
4.4017056299212598
20
-2.0767960236220473
11
4.405339330708661
21
-2.0731623228346456
0
LINE
8
BLACK
6
CONTINUOUS
10
4.405339330708661
20
-2.0731623228346456
11
4.4097896850393701
21
-2.0705929133858265
0
LINE
8
BLACK
6
CONTINUOUS
10
4.4097896850393701
20
-2.0705929133858265
11
4.4147534251968503
21
-2.0692629133858267
0
LINE
8
BLACK
6
CONTINUOUS
10
4.4147534251968503
20
-2.0692629133858267
11
4.4173228346456694
21
-2.0692629133858267
0
LINE
8
BLACK
6
CONTINUOUS
10
4.4173228346456694
20
-2.0692629133858267
11
4.4173228346456694
21
-2.0690944881889761
0
LINE
8
BLACK
6
CONTINUOUS
10
4.4173228346456694
20
-2.0690944881889761
11
4.4389763779527556
21
-2.0690944881889761
0
LINE
8
BLACK
6
CONTINUOUS
10
3.5108872834645668
20
-2.016544251968504
11
3.5134417716535431
21
-2.0182511417322835
0
LINE
8
BLACK
6
CONTINUOUS
10
3.5134417716535431
20
-2.0182511417322835
11
3.5151486614173226
21
-2.0208056299212598
0
LINE
8
BLACK
6
CONTINUOUS
10
3.5151486614173226
20
-2.0208056299212598
11
3.515748031496063
21
-2.0238188976377951
0
LINE
8
BLACK
6
CONTINUOUS
10
3.515748031496063
20
-2.0238188976377951
11
3.515748031496063
21
-2.0789370078740159
0
LINE
8
BLACK
6
CONTINUOUS
10
3.515748031496063
20
-2.0789370078740159
11
3.5151486614173226
21
-2.0819502755905512
0
LINE
8
BLACK
6
CONTINUOUS
10
3.5151486614173226
20
-2.0819502755905512
11
3.5134417716535431
21
-2.0845047637795275
0
LINE
8
BLACK
6
CONTINUOUS
10
3.5134417716535431
20
-2.0845047637795275
11
3.5108872834645668
21
-2.0862116535433071
0
LINE
8
BLACK
6
CONTINUOUS
10
3.5108872834645668
20
-2.0862116535433071
11
3.5078740157480315
21
-2.0868110236220474
0
LINE
8
BLACK
6
CONTINUOUS
10
3.5078740157480315
20
-2.0868110236220474
11
3.4921259842519685
21
-2.0868110236220474
0
LINE
8
BLACK
6
CONTINUOUS
10
3.4921259842519685
20
-2.0868110236220474
11
3.4891127165354332
21
-2.0862116535433071
0
LINE
8
BLACK
6
CONTINUOUS
10
3.4891127165354332
20
-2.0862116535433071
11
3.4865582283464565
21
-2.0845047637795275
0
LINE
8
BLACK
6
CONTINUOUS
10
3.4865582283464565
20
-2.0845047637795275
11
3.4848513385826769
21
-2.0819502755905512
0
LINE
8
BLACK
6
CONTINUOUS
10
3.4848513385826769
20
-2.0819502755905512
11
3.484251968503937
21
-2.0789370078740159
0
LINE
8
BLACK
6
CONTINUOUS
10
3.484251968503937
20
-2.0789370078740159
11
3.484251968503937
21
-2.0238188976377951
0
LINE
8
BLACK
6
CONTINUOUS
10
3.484251968503937
20
-2.0238188976377951
11
3.4848513385826769
21
-2.0208056299212598
0
LINE
8
BLACK
6
CONTINUOUS
10
3.4848513385826769
20
-2.0208056299212598
11
3.4865582283464565
21
-2.0182511417322835
0
LINE
8
BLACK
6
CONTINUOUS
10
3.4865582283464565
20
-2.0182511417322835
11
3.4891127165354332
21
-2.016544251968504
0
LINE
8
BLACK
6
CONTINUOUS
10
3.4891127165354332
20
-2.016544251968504
11
3.4921259842519685
21
-2.0159448818897636
0
LINE
8
BLACK
6
CONTINUOUS
10
3.4921259842519685
20
-2.0159448818897636
11
3.5078740157480315
21
-2.0159448818897636
0
LINE
8
BLACK
6
CONTINUOUS
10
3.5078740157480315
20
-2.0159448818897636
11
3.5108872834645668
21
-2.016544251968504
0
LINE
8
BLACK
6
CONTINUOUS
10
3.55419437007874
20
-2.016544251968504
11
3.5567488582677163
21
-2.0182511417322835
0
LINE
8
BLACK
6
CONTINUOUS
10
3.5567488582677163
20
-2.0182511417322835
11
3.5584557480314958
21
-2.0208056299212598
0
LINE
8
BLACK
6
CONTINUOUS
10
3.5584557480314958
20
-2.0208056299212598
11
3.5590551181102361
21
-2.0238188976377951
0
LINE
8
BLACK
6
CONTINUOUS
10
3.5590551181102361
20
-2.0238188976377951
11
3.5590551181102361
21
-2.0789370078740159
0
LINE
8
BLACK
6
CONTINUOUS
10
3.5590551181102361
20
-2.0789370078740159
11
3.5584557480314958
21
-2.0819502755905512
0
LINE
8
BLACK
6
CONTINUOUS
10
3.5584557480314958
20
-2.0819502755905512
11
3.5567488582677163
21
-2.0845047637795275
0
LINE
8
BLACK
6
CONTINUOUS
10
3.5567488582677163
20
-2.0845047637795275
11
3.55419437007874
21
-2.0862116535433071
0
LINE
8
BLACK
6
CONTINUOUS
10
3.55419437007874
20
-2.0862116535433071
11
3.5511811023622046
21
-2.0868110236220474
0
LINE
8
BLACK
6
CONTINUOUS
10
3.5511811023622046
20
-2.0868110236220474
11
3.5354330708661417
21
-2.0868110236220474
0
LINE
8
BLACK
6
CONTINUOUS
10
3.5354330708661417
20
-2.0868110236220474
11
3.5324198031496064
21
-2.0862116535433071
0
LINE
8
BLACK
6
CONTINUOUS
10
3.5324198031496064
20
-2.0862116535433071
11
3.5298653149606301
21
-2.0845047637795275
0
LINE
8
BLACK
6
CONTINUOUS
10
3.5298653149606301
20
-2.0845047637795275
11
3.5281584251968505
21
-2.0819502755905512
0
LINE
8
BLACK
6
CONTINUOUS
10
3.5281584251968505
20
-2.0819502755905512
11
3.5275590551181102
21
-2.0789370078740159
0
LINE
8
BLACK
6
CONTINUOUS
10
3.5275590551181102
20
-2.0789370078740159
11
3.5275590551181102
21
-2.0238188976377951
0
LINE
8
BLACK
6
CONTINUOUS
10
3.5275590551181102
20
-2.0238188976377951
11
3.5281584251968505
21
-2.0208056299212598
0
LINE
8
BLACK
6
CONTINUOUS
10
3.5281584251968505
20
-2.0208056299212598
11
3.5298653149606301
21
-2.0182511417322835
0
LINE
8
BLACK
6
CONTINUOUS
10
3.5298653149606301
20
-2.0182511417322835
11
3.5324198031496064
21
-2.016544251968504
0
LINE
8
BLACK
6
CONTINUOUS
10
3.5324198031496064
20
-2.016544251968504
11
3.5354330708661417
21
-2.0159448818897636
0
LINE
8
BLACK
6
CONTINUOUS
10
3.5354330708661417
20
-2.0159448818897636
11
3.5511811023622046
21
-2.0159448818897636
0
LINE
8
BLACK
6
CONTINUOUS
10
3.5511811023622046
20
-2.0159448818897636
11
3.55419437007874
21
-2.016544251968504
0
LINE
8
BLACK
6
CONTINUOUS
10
3.5975014566929131
20
-2.016544251968504
11
3.6000559448818898
21
-2.0182511417322835
0
LINE
8
BLACK
6
CONTINUOUS
10
3.6000559448818898
20
-2.0182511417322835
11
3.6017628346456694
21
-2.0208056299212598
0
LINE
8
BLACK
6
CONTINUOUS
10
3.6017628346456694
20
-2.0208056299212598
11
3.6023622047244093
21
-2.0238188976377951
0
LINE
8
BLACK
6
CONTINUOUS
10
3.6023622047244093
20
-2.0238188976377951
11
3.6023622047244093
21
-2.0789370078740159
0
LINE
8
BLACK
6
CONTINUOUS
10
3.6023622047244093
20
-2.0789370078740159
11
3.6017628346456694
21
-2.0819502755905512
0
LINE
8
BLACK
6
CONTINUOUS
10
3.6017628346456694
20
-2.0819502755905512
11
3.6000559448818898
21
-2.0845047637795275
0
LINE
8
BLACK
6
CONTINUOUS
10
3.6000559448818898
20
-2.0845047637795275
11
3.5975014566929131
21
-2.0862116535433071
0
LINE
8
BLACK
6
CONTINUOUS
10
3.5975014566929131
20
-2.0862116535433071
11
3.5944881889763778
21
-2.0868110236220474
0
LINE
8
BLACK
6
CONTINUOUS
10
3.5944881889763778
20
-2.0868110236220474
11
3.5787401574803148
21
-2.0868110236220474
0
LINE
8
BLACK
6
CONTINUOUS
10
3.5787401574803148
20
-2.0868110236220474
11
3.5757268897637795
21
-2.0862116535433071
0
LINE
8
BLACK
6
CONTINUOUS
10
3.5757268897637795
20
-2.0862116535433071
11
3.5731724015748032
21
-2.0845047637795275
0
LINE
8
BLACK
6
CONTINUOUS
10
3.5731724015748032
20
-2.0845047637795275
11
3.5714655118110237
21
-2.0819502755905512
0
LINE
8
BLACK
6
CONTINUOUS
10
3.5714655118110237
20
-2.0819502755905512
11
3.5708661417322833
21
-2.0789370078740159
0
LINE
8
BLACK
6
CONTINUOUS
10
3.5708661417322833
20
-2.0789370078740159
11
3.5708661417322833
21
-2.0238188976377951
0
LINE
8
BLACK
6
CONTINUOUS
10
3.5708661417322833
20
-2.0238188976377951
11
3.5714655118110237
21
-2.0208056299212598
0
LINE
8
BLACK
6
CONTINUOUS
10
3.5714655118110237
20
-2.0208056299212598
11
3.5731724015748032
21
-2.0182511417322835
0
LINE
8
BLACK
6
CONTINUOUS
10
3.5731724015748032
20
-2.0182511417322835
11
3.5757268897637795
21
-2.016544251968504
0
LINE
8
BLACK
6
CONTINUOUS
10
3.5757268897637795
20
-2.016544251968504
11
3.5787401574803148
21
-2.0159448818897636
0
LINE
8
BLACK
6
CONTINUOUS
10
3.5787401574803148
20
-2.0159448818897636
11
3.5944881889763778
21
-2.0159448818897636
0
LINE
8
BLACK
6
CONTINUOUS
10
3.5944881889763778
20
-2.0159448818897636
11
3.5975014566929131
21
-2.016544251968504
0
LINE
8
BLACK
6
CONTINUOUS
10
3.6408085433070867
20
-2.016544251968504
11
3.643363031496063
21
-2.0182511417322835
0
LINE
8
BLACK
6
CONTINUOUS
10
3.643363031496063
20
-2.0182511417322835
11
3.6450699212598425
21
-2.0208056299212598
0
LINE
8
BLACK
6
CONTINUOUS
10
3.6450699212598425
20
-2.0208056299212598
11
3.6456692913385824
21
-2.0238188976377951
0
LINE
8
BLACK
6
CONTINUOUS
10
3.6456692913385824
20
-2.0238188976377951
11
3.6456692913385824
21
-2.0789370078740159
0
LINE
8
BLACK
6
CONTINUOUS
10
3.6456692913385824
20
-2.0789370078740159
11
3.6450699212598425
21
-2.0819502755905512
0
LINE
8
BLACK
6
CONTINUOUS
10
3.6450699212598425
20
-2.0819502755905512
11
3.643363031496063
21
-2.0845047637795275
0
LINE
8
BLACK
6
CONTINUOUS
10
3.643363031496063
20
-2.0845047637795275
11
3.6408085433070867
21
-2.0862116535433071
0
LINE
8
BLACK
6
CONTINUOUS
10
3.6408085433070867
20
-2.0862116535433071
11
3.6377952755905509
21
-2.0868110236220474
0
LINE
8
BLACK
6
CONTINUOUS
10
3.6377952755905509
20
-2.0868110236220474
11
3.622047244094488
21
-2.0868110236220474
0
LINE
8
BLACK
6
CONTINUOUS
10
3.622047244094488
20
-2.0868110236220474
11
3.6190339763779527
21
-2.0862116535433071
0
LINE
8
BLACK
6
CONTINUOUS
10
3.6190339763779527
20
-2.0862116535433071
11
3.6164794881889764
21
-2.0845047637795275
0
LINE
8
BLACK
6
CONTINUOUS
10
3.6164794881889764
20
-2.0845047637795275
11
3.6147725984251968
21
-2.0819502755905512
0
LINE
8
BLACK
6
CONTINUOUS
10
3.6147725984251968
20
-2.0819502755905512
11
3.6141732283464565
21
-2.0789370078740159
0
LINE
8
BLACK
6
CONTINUOUS
10
3.6141732283464565
20
-2.0789370078740159
11
3.6141732283464565
21
-2.0238188976377951
0
LINE
8
BLACK
6
CONTINUOUS
10
3.6141732283464565
20
-2.0238188976377951
11
3.6147725984251968
21
-2.0208056299212598
0
LINE
8
BLACK
6
CONTINUOUS
10
3.6147725984251968
20
-2.0208056299212598
11
3.6164794881889764
21
-2.0182511417322835
0
LINE
8
BLACK
6
CONTINUOUS
10
3.6164794881889764
20
-2.0182511417322835
11
3.6190339763779527
21
-2.016544251968504
0
LINE
8
BLACK
6
CONTINUOUS
10
3.6190339763779527
20
-2.016544251968504
11
3.622047244094488
21
-2.0159448818897636
0
LINE
8
BLACK
6
CONTINUOUS
10
3.622047244094488
20
-2.0159448818897636
11
3.6377952755905509
21
-2.0159448818897636
0
LINE
8
BLACK
6
CONTINUOUS
10
3.6377952755905509
20
-2.0159448818897636
11
3.6408085433070867
21
-2.016544251968504
0
LINE
8
BLACK
6
CONTINUOUS
10
3.6841156299212598
20
-2.016544251968504
11
3.6866701181102361
21
-2.0182511417322835
0
LINE
8
BLACK
6
CONTINUOUS
10
3.6866701181102361
20
-2.0182511417322835
11
3.6883770078740157
21
-2.0208056299212598
0
LINE
8
BLACK
6
CONTINUOUS
10
3.6883770078740157
20
-2.0208056299212598
11
3.688976377952756
21
-2.0238188976377951
0
LINE
8
BLACK
6
CONTINUOUS
10
3.688976377952756
20
-2.0238188976377951
11
3.688976377952756
21
-2.0789370078740159
0
LINE
8
BLACK
6
CONTINUOUS
10
3.688976377952756
20
-2.0789370078740159
11
3.6883770078740157
21
-2.0819502755905512
0
LINE
8
BLACK
6
CONTINUOUS
10
3.6883770078740157
20
-2.0819502755905512
11
3.6866701181102361
21
-2.0845047637795275
0
LINE
8
BLACK
6
CONTINUOUS
10
3.6866701181102361
20
-2.0845047637795275
11
3.6841156299212598
21
-2.0862116535433071
0
LINE
8
BLACK
6
CONTINUOUS
10
3.6841156299212598
20
-2.0862116535433071
11
3.6811023622047245
21
-2.0868110236220474
0
LINE
8
BLACK
6
CONTINUOUS
10
3.6811023622047245
20
-2.0868110236220474
11
3.6653543307086611
21
-2.0868110236220474
0
LINE
8
BLACK
6
CONTINUOUS
10
3.6653543307086611
20
-2.0868110236220474
11
3.6623410629921258
21
-2.0862116535433071
0
LINE
8
BLACK
6
CONTINUOUS
10
3.6623410629921258
20
-2.0862116535433071
11
3.6597865748031495
21
-2.0845047637795275
0
LINE
8
BLACK
6
CONTINUOUS
10
3.6597865748031495
20
-2.0845047637795275
11
3.65807968503937
21
-2.0819502755905512
0
LINE
8
BLACK
6
CONTINUOUS
10
3.65807968503937
20
-2.0819502755905512
11
3.6574803149606296
21
-2.0789370078740159
0
LINE
8
BLACK
6
CONTINUOUS
10
3.6574803149606296
20
-2.0789370078740159
11
3.6574803149606296
21
-2.0238188976377951
0
LINE
8
BLACK
6
CONTINUOUS
10
3.6574803149606296
20
-2.0238188976377951
11
3.65807968503937
21
-2.0208056299212598
0
LINE
8
BLACK
6
CONTINUOUS
10
3.65807968503937
20
-2.0208056299212598
11
3.6597865748031495
21
-2.0182511417322835
0
LINE
8
BLACK
6
CONTINUOUS
10
3.6597865748031495
20
-2.0182511417322835
11
3.6623410629921258
21
-2.016544251968504
0
LINE
8
BLACK
6
CONTINUOUS
10
3.6623410629921258
20
-2.016544251968504
11
3.6653543307086611
21
-2.0159448818897636
0
LINE
8
BLACK
6
CONTINUOUS
10
3.6653543307086611
20
-2.0159448818897636
11
3.6811023622047245
21
-2.0159448818897636
0
LINE
8
BLACK
6
CONTINUOUS
10
3.6811023622047245
20
-2.0159448818897636
11
3.6841156299212598
21
-2.016544251968504
0
LINE
8
BLACK
6
CONTINUOUS
10
3.8022258661417321
20
-2.016544251968504
11
3.8047803543307084
21
-2.0182511417322835
0
LINE
8
BLACK
6
CONTINUOUS
10
3.8047803543307084
20
-2.0182511417322835
11
3.8064872440944879
21
-2.0208056299212598
0
LINE
8
BLACK
6
CONTINUOUS
10
3.8064872440944879
20
-2.0208056299212598
11
3.8070866141732282
21
-2.0238188976377951
0
LINE
8
BLACK
6
CONTINUOUS
10
3.8070866141732282
20
-2.0238188976377951
11
3.8070866141732282
21
-2.0789370078740159
0
LINE
8
BLACK
6
CONTINUOUS
10
3.8070866141732282
20
-2.0789370078740159
11
3.8064872440944879
21
-2.0819502755905512
0
LINE
8
BLACK
6
CONTINUOUS
10
3.8064872440944879
20
-2.0819502755905512
11
3.8047803543307084
21
-2.0845047637795275
0
LINE
8
BLACK
6
CONTINUOUS
10
3.8047803543307084
20
-2.0845047637795275
11
3.8022258661417321
21
-2.0862116535433071
0
LINE
8
BLACK
6
CONTINUOUS
10
3.8022258661417321
20
-2.0862116535433071
11
3.7992125984251968
21
-2.0868110236220474
0
LINE
8
BLACK
6
CONTINUOUS
10
3.7992125984251968
20
-2.0868110236220474
11
3.7834645669291338
21
-2.0868110236220474
0
LINE
8
BLACK
6
CONTINUOUS
10
3.7834645669291338
20
-2.0868110236220474
11
3.7804512992125985
21
-2.0862116535433071
0
LINE
8
BLACK
6
CONTINUOUS
10
3.7804512992125985
20
-2.0862116535433071
11
3.7778968110236222
21
-2.0845047637795275
0
LINE
8
BLACK
6
CONTINUOUS
10
3.7778968110236222
20
-2.0845047637795275
11
3.7761899212598427
21
-2.0819502755905512
0
LINE
8
BLACK
6
CONTINUOUS
10
3.7761899212598427
20
-2.0819502755905512
11
3.7755905511811023
21
-2.0789370078740159
0
LINE
8
BLACK
6
CONTINUOUS
10
3.7755905511811023
20
-2.0789370078740159
11
3.7755905511811023
21
-2.0238188976377951
0
LINE
8
BLACK
6
CONTINUOUS
10
3.7755905511811023
20
-2.0238188976377951
11
3.7761899212598427
21
-2.0208056299212598
0
LINE
8
BLACK
6
CONTINUOUS
10
3.7761899212598427
20
-2.0208056299212598
11
3.7778968110236222
21
-2.0182511417322835
0
LINE
8
BLACK
6
CONTINUOUS
10
3.7778968110236222
20
-2.0182511417322835
11
3.7804512992125985
21
-2.016544251968504
0
LINE
8
BLACK
6
CONTINUOUS
10
3.7804512992125985
20
-2.016544251968504
11
3.7834645669291338
21
-2.0159448818897636
0
LINE
8
BLACK
6
CONTINUOUS
10
3.7834645669291338
20
-2.0159448818897636
11
3.7992125984251968
21
-2.0159448818897636
0
LINE
8
BLACK
6
CONTINUOUS
10
3.7992125984251968
20
-2.0159448818897636
11
3.8022258661417321
21
-2.016544251968504
0
LINE
8
BLACK
6
CONTINUOUS
10
3.8455329527559052
20
-2.016544251968504
11
3.848087440944882
21
-2.0182511417322835
0
LINE
8
BLACK
6
CONTINUOUS
10
3.848087440944882
20
-2.0182511417322835
11
3.8497943307086615
21
-2.0208056299212598
0
LINE
8
BLACK
6
CONTINUOUS
10
3.8497943307086615
20
-2.0208056299212598
11
3.8503937007874014
21
-2.0238188976377951
0
LINE
8
BLACK
6
CONTINUOUS
10
3.8503937007874014
20
-2.0238188976377951
11
3.8503937007874014
21
-2.0789370078740159
0
LINE
8
BLACK
6
CONTINUOUS
10
3.8503937007874014
20
-2.0789370078740159
11
3.8497943307086615
21
-2.0819502755905512
0
LINE
8
BLACK
6
CONTINUOUS
10
3.8497943307086615
20
-2.0819502755905512
11
3.848087440944882
21
-2.0845047637795275
0
LINE
8
BLACK
6
CONTINUOUS
10
3.848087440944882
20
-2.0845047637795275
11
3.8455329527559052
21
-2.0862116535433071
0
LINE
8
BLACK
6
CONTINUOUS
10
3.8455329527559052
20
-2.0862116535433071
11
3.8425196850393699
21
-2.0868110236220474
0
LINE
8
BLACK
6
CONTINUOUS
10
3.8425196850393699
20
-2.0868110236220474
11
3.826771653543307
21
-2.0868110236220474
0
LINE
8
BLACK
6
CONTINUOUS
10
3.826771653543307
20
-2.0868110236220474
11
3.8237583858267716
21
-2.0862116535433071
0
LINE
8
BLACK
6
CONTINUOUS
10
3.8237583858267716
20
-2.0862116535433071
11
3.8212038976377953
21
-2.0845047637795275
0
LINE
8
BLACK
6
CONTINUOUS
10
3.8212038976377953
20
-2.0845047637795275
11
3.8194970078740158
21
-2.0819502755905512
0
LINE
8
BLACK
6
CONTINUOUS
10
3.8194970078740158
20
-2.0819502755905512
11
3.8188976377952755
21
-2.0789370078740159
0
LINE
8
BLACK
6
CONTINUOUS
10
3.8188976377952755
20
-2.0789370078740159
11
3.8188976377952755
21
-2.0238188976377951
0
LINE
8
BLACK
6
CONTINUOUS
10
3.8188976377952755
20
-2.0238188976377951
11
3.8194970078740158
21
-2.0208056299212598
0
LINE
8
BLACK
6
CONTINUOUS
10
3.8194970078740158
20
-2.0208056299212598
11
3.8212038976377953
21
-2.0182511417322835
0
LINE
8
BLACK
6
CONTINUOUS
10
3.8212038976377953
20
-2.0182511417322835
11
3.8237583858267716
21
-2.016544251968504
0
LINE
8
BLACK
6
CONTINUOUS
10
3.8237583858267716
20
-2.016544251968504
11
3.826771653543307
21
-2.0159448818897636
0
LINE
8
BLACK
6
CONTINUOUS
10
3.826771653543307
20
-2.0159448818897636
11
3.8425196850393699
21
-2.0159448818897636
0
LINE
8
BLACK
6
CONTINUOUS
10
3.8425196850393699
20
-2.0159448818897636
11
3.8455329527559052
21
-2.016544251968504
0
LINE
8
BLACK
6
CONTINUOUS
10
3.8888400393700788
20
-2.016544251968504
11
3.8913945275590551
21
-2.0182511417322835
0
LINE
8
BLACK
6
CONTINUOUS
10
3.8913945275590551
20
-2.0182511417322835
11
3.8931014173228347
21
-2.0208056299212598
0
LINE
8
BLACK
6
CONTINUOUS
10
3.8931014173228347
20
-2.0208056299212598
11
3.8937007874015745
21
-2.0238188976377951
0
LINE
8
BLACK
6
CONTINUOUS
10
3.8937007874015745
20
-2.0238188976377951
11
3.8937007874015745
21
-2.0789370078740159
0
LINE
8
BLACK
6
CONTINUOUS
10
3.8937007874015745
20
-2.0789370078740159
11
3.8931014173228347
21
-2.0819502755905512
0
LINE
8
BLACK
6
CONTINUOUS
10
3.8931014173228347
20
-2.0819502755905512
11
3.8913945275590551
21
-2.0845047637795275
0
LINE
8
BLACK
6
CONTINUOUS
10
3.8913945275590551
20
-2.0845047637795275
11
3.8888400393700788
21
-2.0862116535433071
0
LINE
8
BLACK
6
CONTINUOUS
10
3.8888400393700788
20
-2.0862116535433071
11
3.8858267716535431
21
-2.0868110236220474
0
LINE
8
BLACK
6
CONTINUOUS
10
3.8858267716535431
20
-2.0868110236220474
11
3.8700787401574801
21
-2.0868110236220474
0
LINE
8
BLACK
6
CONTINUOUS
10
3.8700787401574801
20
-2.0868110236220474
11
3.8670654724409448
21
-2.0862116535433071
0
LINE
8
BLACK
6
CONTINUOUS
10
3.8670654724409448
20
-2.0862116535433071
11
3.8645109842519685
21
-2.0845047637795275
0
LINE
8
BLACK
6
CONTINUOUS
10
3.8645109842519685
20
-2.0845047637795275
11
3.862804094488189
21
-2.0819502755905512
0
LINE
8
BLACK
6
CONTINUOUS
10
3.862804094488189
20
-2.0819502755905512
11
3.8622047244094486
21
-2.0789370078740159
0
LINE
8
BLACK
6
CONTINUOUS
10
3.8622047244094486
20
-2.0789370078740159
11
3.8622047244094486
21
-2.0238188976377951
0
LINE
8
BLACK
6
CONTINUOUS
10
3.8622047244094486
20
-2.0238188976377951
11
3.862804094488189
21
-2.0208056299212598
0
LINE
8
BLACK
6
CONTINUOUS
10
3.862804094488189
20
-2.0208056299212598
11
3.8645109842519685
21
-2.0182511417322835
0
LINE
8
BLACK
6
CONTINUOUS
10
3.8645109842519685
20
-2.0182511417322835
11
3.8670654724409448
21
-2.016544251968504
0
LINE
8
BLACK
6
CONTINUOUS
10
3.8670654724409448
20
-2.016544251968504
11
3.8700787401574801
21
-2.0159448818897636
0
LINE
8
BLACK
6
CONTINUOUS
10
3.8700787401574801
20
-2.0159448818897636
11
3.8858267716535431
21
-2.0159448818897636
0
LINE
8
BLACK
6
CONTINUOUS
10
3.8858267716535431
20
-2.0159448818897636
11
3.8888400393700788
21
-2.016544251968504
0
LINE
8
BLACK
6
CONTINUOUS
10
3.932147125984252
20
-2.016544251968504
11
3.9347016141732283
21
-2.0182511417322835
0
LINE
8
BLACK
6
CONTINUOUS
10
3.9347016141732283
20
-2.0182511417322835
11
3.9364085039370078
21
-2.0208056299212598
0
LINE
8
BLACK
6
CONTINUOUS
10
3.9364085039370078
20
-2.0208056299212598
11
3.9370078740157481
21
-2.0238188976377951
0
LINE
8
BLACK
6
CONTINUOUS
10
3.9370078740157481
20
-2.0238188976377951
11
3.9370078740157481
21
-2.0789370078740159
0
LINE
8
BLACK
6
CONTINUOUS
10
3.9370078740157481
20
-2.0789370078740159
11
3.9364085039370078
21
-2.0819502755905512
0
LINE
8
BLACK
6
CONTINUOUS
10
3.9364085039370078
20
-2.0819502755905512
11
3.9347016141732283
21
-2.0845047637795275
0
LINE
8
BLACK
6
CONTINUOUS
10
3.9347016141732283
20
-2.0845047637795275
11
3.932147125984252
21
-2.0862116535433071
0
LINE
8
BLACK
6
CONTINUOUS
10
3.932147125984252
20
-2.0862116535433071
11
3.9291338582677167
21
-2.0868110236220474
0
LINE
8
BLACK
6
CONTINUOUS
10
3.9291338582677167
20
-2.0868110236220474
11
3.9133858267716533
21
-2.0868110236220474
0
LINE
8
BLACK
6
CONTINUOUS
10
3.9133858267716533
20
-2.0868110236220474
11
3.9103725590551179
21
-2.0862116535433071
0
LINE
8
BLACK
6
CONTINUOUS
10
3.9103725590551179
20
-2.0862116535433071
11
3.9078180708661416
21
-2.0845047637795275
0
LINE
8
BLACK
6
CONTINUOUS
10
3.9078180708661416
20
-2.0845047637795275
11
3.9061111811023621
21
-2.0819502755905512
0
LINE
8
BLACK
6
CONTINUOUS
10
3.9061111811023621
20
-2.0819502755905512
11
3.9055118110236218
21
-2.0789370078740159
0
LINE
8
BLACK
6
CONTINUOUS
10
3.9055118110236218
20
-2.0789370078740159
11
3.9055118110236218
21
-2.0238188976377951
0
LINE
8
BLACK
6
CONTINUOUS
10
3.9055118110236218
20
-2.0238188976377951
11
3.9061111811023621
21
-2.0208056299212598
0
LINE
8
BLACK
6
CONTINUOUS
10
3.9061111811023621
20
-2.0208056299212598
11
3.9078180708661416
21
-2.0182511417322835
0
LINE
8
BLACK
6
CONTINUOUS
10
3.9078180708661416
20
-2.0182511417322835
11
3.9103725590551179
21
-2.016544251968504
0
LINE
8
BLACK
6
CONTINUOUS
10
3.9103725590551179
20
-2.016544251968504
11
3.9133858267716533
21
-2.0159448818897636
0
LINE
8
BLACK
6
CONTINUOUS
10
3.9133858267716533
20
-2.0159448818897636
11
3.9291338582677167
21
-2.0159448818897636
0
LINE
8
BLACK
6
CONTINUOUS
10
3.9291338582677167
20
-2.0159448818897636
11
3.932147125984252
21
-2.016544251968504
0
LINE
8
BLACK
6
CONTINUOUS
10
3.9754542125984251
20
-2.016544251968504
11
3.9780087007874014
21
-2.0182511417322835
0
LINE
8
BLACK
6
CONTINUOUS
10
3.9780087007874014
20
-2.0182511417322835
11
3.979715590551181
21
-2.0208056299212598
0
LINE
8
BLACK
6
CONTINUOUS
10
3.979715590551181
20
-2.0208056299212598
11
3.9803149606299213
21
-2.0238188976377951
0
LINE
8
BLACK
6
CONTINUOUS
10
3.9803149606299213
20
-2.0238188976377951
11
3.9803149606299213
21
-2.0789370078740159
0
LINE
8
BLACK
6
CONTINUOUS
10
3.9803149606299213
20
-2.0789370078740159
11
3.979715590551181
21
-2.0819502755905512
0
LINE
8
BLACK
6
CONTINUOUS
10
3.979715590551181
20
-2.0819502755905512
11
3.9780087007874014
21
-2.0845047637795275
0
LINE
8
BLACK
6
CONTINUOUS
10
3.9780087007874014
20
-2.0845047637795275
11
3.9754542125984251
21
-2.0862116535433071
0
LINE
8
BLACK
6
CONTINUOUS
10
3.9754542125984251
20
-2.0862116535433071
11
3.9724409448818898
21
-2.0868110236220474
0
LINE
8
BLACK
6
CONTINUOUS
10
3.9724409448818898
20
-2.0868110236220474
11
3.9566929133858268
21
-2.0868110236220474
0
LINE
8
BLACK
6
CONTINUOUS
10
3.9566929133858268
20
-2.0868110236220474
11
3.9536796456692911
21
-2.0862116535433071
0
LINE
8
BLACK
6
CONTINUOUS
10
3.9536796456692911
20
-2.0862116535433071
11
3.9511251574803148
21
-2.0845047637795275
0
LINE
8
BLACK
6
CONTINUOUS
10
3.9511251574803148
20
-2.0845047637795275
11
3.9494182677165353
21
-2.0819502755905512
0
LINE
8
BLACK
6
CONTINUOUS
10
3.9494182677165353
20
-2.0819502755905512
11
3.9488188976377954
21
-2.0789370078740159
0
LINE
8
BLACK
6
CONTINUOUS
10
3.9488188976377954
20
-2.0789370078740159
11
3.9488188976377954
21
-2.0238188976377951
0
LINE
8
BLACK
6
CONTINUOUS
10
3.9488188976377954
20
-2.0238188976377951
11
3.9494182677165353
21
-2.0208056299212598
0
LINE
8
BLACK
6
CONTINUOUS
10
3.9494182677165353
20
-2.0208056299212598
11
3.9511251574803148
21
-2.0182511417322835
0
LINE
8
BLACK
6
CONTINUOUS
10
3.9511251574803148
20
-2.0182511417322835
11
3.9536796456692911
21
-2.016544251968504
0
LINE
8
BLACK
6
CONTINUOUS
10
3.9536796456692911
20
-2.016544251968504
11
3.9566929133858268
21
-2.0159448818897636
0
LINE
8
BLACK
6
CONTINUOUS
10
3.9566929133858268
20
-2.0159448818897636
11
3.9724409448818898
21
-2.0159448818897636
0
LINE
8
BLACK
6
CONTINUOUS
10
3.9724409448818898
20
-2.0159448818897636
11
3.9754542125984251
21
-2.016544251968504
0
LINE
8
BLACK
6
CONTINUOUS
10
4.0187612992125983
20
-2.016544251968504
11
4.0213157874015746
21
-2.0182511417322835
0
LINE
8
BLACK
6
CONTINUOUS
10
4.0213157874015746
20
-2.0182511417322835
11
4.0230226771653541
21
-2.0208056299212598
0
LINE
8
BLACK
6
CONTINUOUS
10
4.0230226771653541
20
-2.0208056299212598
11
4.0236220472440944
21
-2.0238188976377951
0
LINE
8
BLACK
6
CONTINUOUS
10
4.0236220472440944
20
-2.0238188976377951
11
4.0236220472440944
21
-2.0789370078740159
0
LINE
8
BLACK
6
CONTINUOUS
10
4.0236220472440944
20
-2.0789370078740159
11
4.0230226771653541
21
-2.0819502755905512
0
LINE
8
BLACK
6
CONTINUOUS
10
4.0230226771653541
20
-2.0819502755905512
11
4.0213157874015746
21
-2.0845047637795275
0
LINE
8
BLACK
6
CONTINUOUS
10
4.0213157874015746
20
-2.0845047637795275
11
4.0187612992125983
21
-2.0862116535433071
0
LINE
8
BLACK
6
CONTINUOUS
10
4.0187612992125983
20
-2.0862116535433071
11
4.015748031496063
21
-2.0868110236220474
0
LINE
8
BLACK
6
CONTINUOUS
10
4.015748031496063
20
-2.0868110236220474
11
4.
21
-2.0868110236220474
0
LINE
8
BLACK
6
CONTINUOUS
10
4.
20
-2.0868110236220474
11
3.9969867322834647
21
-2.0862116535433071
0
LINE
8
BLACK
6
CONTINUOUS
10
3.9969867322834647
20
-2.0862116535433071
11
3.9944322440944879
21
-2.0845047637795275
0
LINE
8
BLACK
6
CONTINUOUS
10
3.9944322440944879
20
-2.0845047637795275
11
3.9927253543307084
21
-2.0819502755905512
0
LINE
8
BLACK
6
CONTINUOUS
10
3.9927253543307084
20
-2.0819502755905512
11
3.9921259842519685
21
-2.0789370078740159
0
LINE
8
BLACK
6
CONTINUOUS
10
3.9921259842519685
20
-2.0789370078740159
11
3.9921259842519685
21
-2.0238188976377951
0
LINE
8
BLACK
6
CONTINUOUS
10
3.9921259842519685
20
-2.0238188976377951
11
3.9927253543307084
21
-2.0208056299212598
0
LINE
8
BLACK
6
CONTINUOUS
10
3.9927253543307084
20
-2.0208056299212598
11
3.9944322440944879
21
-2.0182511417322835
0
LINE
8
BLACK
6
CONTINUOUS
10
3.9944322440944879
20
-2.0182511417322835
11
3.9969867322834647
21
-2.016544251968504
0
LINE
8
BLACK
6
CONTINUOUS
10
3.9969867322834647
20
-2.016544251968504
11
4.
21
-2.0159448818897636
0
LINE
8
BLACK
6
CONTINUOUS
10
4.
20
-2.0159448818897636
11
4.015748031496063
21
-2.0159448818897636
0
LINE
8
BLACK
6
CONTINUOUS
10
4.015748031496063
20
-2.0159448818897636
11
4.0187612992125983
21
-2.016544251968504
0
LINE
8
BLACK
6
CONTINUOUS
10
4.0620683858267714
20
-2.016544251968504
11
4.0646228740157477
21
-2.0182511417322835
0
LINE
8
BLACK
6
CONTINUOUS
10
4.0646228740157477
20
-2.0182511417322835
11
4.0663297637795273
21
-2.0208056299212598
0
LINE
8
BLACK
6
CONTINUOUS
10
4.0663297637795273
20
-2.0208056299212598
11
4.0669291338582676
21
-2.0238188976377951
0
LINE
8
BLACK
6
CONTINUOUS
10
4.0669291338582676
20
-2.0238188976377951
11
4.0669291338582676
21
-2.0789370078740159
0
LINE
8
BLACK
6
CONTINUOUS
10
4.0669291338582676
20
-2.0789370078740159
11
4.0663297637795273
21
-2.0819502755905512
0
LINE
8
BLACK
6
CONTINUOUS
10
4.0663297637795273
20
-2.0819502755905512
11
4.0646228740157477
21
-2.0845047637795275
0
LINE
8
BLACK
6
CONTINUOUS
10
4.0646228740157477
20
-2.0845047637795275
11
4.0620683858267714
21
-2.0862116535433071
0
LINE
8
BLACK
6
CONTINUOUS
10
4.0620683858267714
20
-2.0862116535433071
11
4.0590551181102361
21
-2.0868110236220474
0
LINE
8
BLACK
6
CONTINUOUS
10
4.0590551181102361
20
-2.0868110236220474
11
4.0433070866141732
21
-2.0868110236220474
0
LINE
8
BLACK
6
CONTINUOUS
10
4.0433070866141732
20
-2.0868110236220474
11
4.0402938188976378
21
-2.0862116535433071
0
LINE
8
BLACK
6
CONTINUOUS
10
4.0402938188976378
20
-2.0862116535433071
11
4.0377393307086615
21
-2.0845047637795275
0
LINE
8
BLACK
6
CONTINUOUS
10
4.0377393307086615
20
-2.0845047637795275
11
4.036032440944882
21
-2.0819502755905512
0
LINE
8
BLACK
6
CONTINUOUS
10
4.036032440944882
20
-2.0819502755905512
11
4.0354330708661417
21
-2.0789370078740159
0
LINE
8
BLACK
6
CONTINUOUS
10
4.0354330708661417
20
-2.0789370078740159
11
4.0354330708661417
21
-2.0238188976377951
0
LINE
8
BLACK
6
CONTINUOUS
10
4.0354330708661417
20
-2.0238188976377951
11
4.036032440944882
21
-2.0208056299212598
0
LINE
8
BLACK
6
CONTINUOUS
10
4.036032440944882
20
-2.0208056299212598
11
4.0377393307086615
21
-2.0182511417322835
0
LINE
8
BLACK
6
CONTINUOUS
10
4.0377393307086615
20
-2.0182511417322835
11
4.0402938188976378
21
-2.016544251968504
0
LINE
8
BLACK
6
CONTINUOUS
10
4.0402938188976378
20
-2.016544251968504
11
4.0433070866141732
21
-2.0159448818897636
0
LINE
8
BLACK
6
CONTINUOUS
10
4.0433070866141732
20
-2.0159448818897636
11
4.0590551181102361
21
-2.0159448818897636
0
LINE
8
BLACK
6
CONTINUOUS
10
4.0590551181102361
20
-2.0159448818897636
11
4.0620683858267714
21
-2.016544251968504
0
LINE
8
BLACK
6
CONTINUOUS
10
4.1692322834645665
20
-2.0844291338582677
11
4.1142322834645668
21
-2.0844291338582677
0
LINE
8
BLACK
6
CONTINUOUS
10
4.1142322834645668
20
-2.0844291338582677
11
4.1142322834645668
21
-2.0494291338582675
0
LINE
8
BLACK
6
CONTINUOUS
10
4.1142322834645668
20
-2.0494291338582675
11
4.1692322834645665
21
-2.0494291338582675
0
LINE
8
BLACK
6
CONTINUOUS
10
4.1692322834645665
20
-2.0494291338582675
11
4.1692322834645665
21
-2.0844291338582677
0
LINE
8
BLACK
6
CONTINUOUS
10
2.1026276377952757
20
-1.9839212992125983
11
2.1086884645669293
21
-1.9864317716535433
0
LINE
8
BLACK
6
CONTINUOUS
10
2.1086884645669293
20
-1.9864317716535433
11
2.1141430708661417
21
-1.9900764173228347
0
LINE
8
BLACK
6
CONTINUOUS
10
2.1141430708661417
20
-1.9900764173228347
11
2.1187818503937006
21
-1.9947151968503936
0
LINE
8
BLACK
6
CONTINUOUS
10
2.1187818503937006
20
-1.9947151968503936
11
2.1224264960629919
21
-2.0001698031496065
0
LINE
8
BLACK
6
CONTINUOUS
10
2.1224264960629919
20
-2.0001698031496065
11
2.124936968503937
21
-2.00623062992126
0
LINE
8
BLACK
6
CONTINUOUS
10
2.124936968503937
20
-2.00623062992126
11
2.1262168110236219
21
-2.0126647637795276
0
LINE
8
BLACK
6
CONTINUOUS
10
2.1262168110236219
20
-2.0126647637795276
11
2.1262168110236219
21
-2.019225
0
LINE
8
BLACK
6
CONTINUOUS
10
2.1262168110236219
20
-2.019225
11
2.124936968503937
21
-2.0256591338582677
0
LINE
8
BLACK
6
CONTINUOUS
10
2.124936968503937
20
-2.0256591338582677
11
2.1224264960629919
21
-2.0317199606299212
0
LINE
8
BLACK
6
CONTINUOUS
10
2.1224264960629919
20
-2.0317199606299212
11
2.1187818503937006
21
-2.0371745669291337
0
LINE
8
BLACK
6
CONTINUOUS
10
2.1187818503937006
20
-2.0371745669291337
11
2.1141430708661417
21
-2.041813346456693
0
LINE
8
BLACK
6
CONTINUOUS
10
2.1141430708661417
20
-2.041813346456693
11
2.1086884645669293
21
-2.0454579921259843
0
LINE
8
BLACK
6
CONTINUOUS
10
2.1086884645669293
20
-2.0454579921259843
11
2.1026276377952757
21
-2.0479684645669289
0
LINE
8
BLACK
6
CONTINUOUS
10
2.1026276377952757
20
-2.0479684645669289
11
2.0961935039370077
21
-2.0492483070866143
0
LINE
8
BLACK
6
CONTINUOUS
10
2.0961935039370077
20
-2.0492483070866143
11
2.0896332677165352
21
-2.0492483070866143
0
LINE
8
BLACK
6
CONTINUOUS
10
2.0896332677165352
20
-2.0492483070866143
11
2.0831991338582676
21
-2.0479684645669289
0
LINE
8
BLACK
6
CONTINUOUS
10
2.0831991338582676
20
-2.0479684645669289
11
2.0771383070866141
21
-2.0454579921259843
0
LINE
8
BLACK
6
CONTINUOUS
10
2.0771383070866141
20
-2.0454579921259843
11
2.0716837007874016
21
-2.041813346456693
0
LINE
8
BLACK
6
CONTINUOUS
10
2.0716837007874016
20
-2.041813346456693
11
2.0670449212598423
21
-2.0371745669291337
0
LINE
8
BLACK
6
CONTINUOUS
10
2.0670449212598423
20
-2.0371745669291337
11
2.0634002755905509
21
-2.0317199606299212
0
LINE
8
BLACK
6
CONTINUOUS
10
2.0634002755905509
20
-2.0317199606299212
11
2.0608898031496063
21
-2.0256591338582677
0
LINE
8
BLACK
6
CONTINUOUS
10
2.0608898031496063
20
-2.0256591338582677
11
2.0596099606299214
21
-2.019225
0
LINE
8
BLACK
6
CONTINUOUS
10
2.0596099606299214
20
-2.019225
11
2.0596099606299214
21
-2.0126647637795276
0
LINE
8
BLACK
6
CONTINUOUS
10
2.0596099606299214
20
-2.0126647637795276
11
2.0608898031496063
21
-2.00623062992126
0
LINE
8
BLACK
6
CONTINUOUS
10
2.0608898031496063
20
-2.00623062992126
11
2.0634002755905509
21
-2.0001698031496065
0
LINE
8
BLACK
6
CONTINUOUS
10
2.0634002755905509
20
-2.0001698031496065
11
2.0670449212598423
21
-1.9947151968503936
0
LINE
8
BLACK
6
CONTINUOUS
10
2.0670449212598423
20
-1.9947151968503936
11
2.0716837007874016
21
-1.9900764173228347
0
LINE
8
BLACK
6
CONTINUOUS
10
2.0716837007874016
20
-1.9900764173228347
11
2.0771383070866141
21
-1.9864317716535433
0
LINE
8
BLACK
6
CONTINUOUS
10
2.0771383070866141
20
-1.9864317716535433
11
2.0831991338582676
21
-1.9839212992125983
0
LINE
8
BLACK
6
CONTINUOUS
10
2.0831991338582676
20
-1.9839212992125983
11
2.0896332677165352
21
-1.9826414566929134
0
LINE
8
BLACK
6
CONTINUOUS
10
2.0896332677165352
20
-1.9826414566929134
11
2.0961935039370077
21
-1.9826414566929134
0
LINE
8
BLACK
6
CONTINUOUS
10
2.0961935039370077
20
-1.9826414566929134
11
2.1026276377952757
21
-1.9839212992125983
0
LINE
8
BLACK
6
CONTINUOUS
10
2.2026276377952754
20
-1.9839212992125983
11
2.2086884645669289
21
-1.9864317716535433
0
LINE
8
BLACK
6
CONTINUOUS
10
2.2086884645669289
20
-1.9864317716535433
11
2.2141430708661418
21
-1.9900764173228347
0
LINE
8
BLACK
6
CONTINUOUS
10
2.2141430708661418
20
-1.9900764173228347
11
2.2187818503937007
21
-1.9947151968503936
0
LINE
8
BLACK
6
CONTINUOUS
10
2.2187818503937007
20
-1.9947151968503936
11
2.222426496062992
21
-2.0001698031496065
0
LINE
8
BLACK
6
CONTINUOUS
10
2.222426496062992
20
-2.0001698031496065
11
2.2249369685039371
21
-2.00623062992126
0
LINE
8
BLACK
6
CONTINUOUS
10
2.2249369685039371
20
-2.00623062992126
11
2.226216811023622
21
-2.0126647637795276
0
LINE
8
BLACK
6
CONTINUOUS
10
2.226216811023622
20
-2.0126647637795276
11
2.226216811023622
21
-2.019225
0
LINE
8
BLACK
6
CONTINUOUS
10
2.226216811023622
20
-2.019225
11
2.2249369685039371
21
-2.0256591338582677
0
LINE
8
BLACK
6
CONTINUOUS
10
2.2249369685039371
20
-2.0256591338582677
11
2.222426496062992
21
-2.0317199606299212
0
LINE
8
BLACK
6
CONTINUOUS
10
2.222426496062992
20
-2.0317199606299212
11
2.2187818503937007
21
-2.0371745669291337
0
LINE
8
BLACK
6
CONTINUOUS
10
2.2187818503937007
20
-2.0371745669291337
11
2.2141430708661418
21
-2.041813346456693
0
LINE
8
BLACK
6
CONTINUOUS
10
2.2141430708661418
20
-2.041813346456693
11
2.2086884645669289
21
-2.0454579921259843
0
LINE
8
BLACK
6
CONTINUOUS
10
2.2086884645669289
20
-2.0454579921259843
11
2.2026276377952754
21
-2.0479684645669289
0
LINE
8
BLACK
6
CONTINUOUS
10
2.2026276377952754
20
-2.0479684645669289
11
2.1961935039370077
21
-2.0492483070866143
0
LINE
8
BLACK
6
CONTINUOUS
10
2.1961935039370077
20
-2.0492483070866143
11
2.1896332677165353
21
-2.0492483070866143
0
LINE
8
BLACK
6
CONTINUOUS
10
2.1896332677165353
20
-2.0492483070866143
11
2.1831991338582677
21
-2.0479684645669289
0
LINE
8
BLACK
6
CONTINUOUS
10
2.1831991338582677
20
-2.0479684645669289
11
2.1771383070866142
21
-2.0454579921259843
0
LINE
8
BLACK
6
CONTINUOUS
10
2.1771383070866142
20
-2.0454579921259843
11
2.1716837007874017
21
-2.041813346456693
0
LINE
8
BLACK
6
CONTINUOUS
10
2.1716837007874017
20
-2.041813346456693
11
2.1670449212598424
21
-2.0371745669291337
0
LINE
8
BLACK
6
CONTINUOUS
10
2.1670449212598424
20
-2.0371745669291337
11
2.163400275590551
21
-2.0317199606299212
0
LINE
8
BLACK
6
CONTINUOUS
10
2.163400275590551
20
-2.0317199606299212
11
2.1608898031496064
21
-2.0256591338582677
0
LINE
8
BLACK
6
CONTINUOUS
10
2.1608898031496064
20
-2.0256591338582677
11
2.1596099606299211
21
-2.019225
0
LINE
8
BLACK
6
CONTINUOUS
10
2.1596099606299211
20
-2.019225
11
2.1596099606299211
21
-2.0126647637795276
0
LINE
8
BLACK
6
CONTINUOUS
10
2.1596099606299211
20
-2.0126647637795276
11
2.1608898031496064
21
-2.00623062992126
0
LINE
8
BLACK
6
CONTINUOUS
10
2.1608898031496064
20
-2.00623062992126
11
2.163400275590551
21
-2.0001698031496065
0
LINE
8
BLACK
6
CONTINUOUS
10
2.163400275590551
20
-2.0001698031496065
11
2.1670449212598424
21
-1.9947151968503936
0
LINE
8
BLACK
6
CONTINUOUS
10
2.1670449212598424
20
-1.9947151968503936
11
2.1716837007874017
21
-1.9900764173228347
0
LINE
8
BLACK
6
CONTINUOUS
10
2.1716837007874017
20
-1.9900764173228347
11
2.1771383070866142
21
-1.9864317716535433
0
LINE
8
BLACK
6
CONTINUOUS
10
2.1771383070866142
20
-1.9864317716535433
11
2.1831991338582677
21
-1.9839212992125983
0
LINE
8
BLACK
6
CONTINUOUS
10
2.1831991338582677
20
-1.9839212992125983
11
2.1896332677165353
21
-1.9826414566929134
0
LINE
8
BLACK
6
CONTINUOUS
10
2.1896332677165353
20
-1.9826414566929134
11
2.1961935039370077
21
-1.9826414566929134
0
LINE
8
BLACK
6
CONTINUOUS
10
2.1961935039370077
20
-1.9826414566929134
11
2.2026276377952754
21
-1.9839212992125983
0
LINE
8
BLACK
6
CONTINUOUS
10
2.7803937007874016
20
-2.0420078740157481
11
2.7203937007874015
21
-2.0420078740157481
0
LINE
8
BLACK
6
CONTINUOUS
10
2.7203937007874015
20
-2.0420078740157481
11
2.7203937007874015
21
-1.9820078740157481
0
LINE
8
BLACK
6
CONTINUOUS
10
2.7203937007874015
20
-1.9820078740157481
11
2.7803937007874016
21
-1.9820078740157481
0
LINE
8
BLACK
6
CONTINUOUS
10
2.7803937007874016
20
-1.9820078740157481
11
2.7803937007874016
21
-2.0420078740157481
0
LINE
8
BLACK
6
CONTINUOUS
10
2.8803937007874016
20
-2.0420078740157481
11
2.8203937007874016
21
-2.0420078740157481
0
LINE
8
BLACK
6
CONTINUOUS
10
2.8203937007874016
20
-2.0420078740157481
11
2.8203937007874016
21
-1.9820078740157481
0
LINE
8
BLACK
6
CONTINUOUS
10
2.8203937007874016
20
-1.9820078740157481
11
2.8803937007874016
21
-1.9820078740157481
0
LINE
8
BLACK
6
CONTINUOUS
10
2.8803937007874016
20
-1.9820078740157481
11
2.8803937007874016
21
-2.0420078740157481
0
LINE
8
BLACK
6
CONTINUOUS
10
3.0599212598425196
20
-2.0420078740157481
11
2.9999212598425196
21
-2.0420078740157481
0
LINE
8
BLACK
6
CONTINUOUS
10
2.9999212598425196
20
-2.0420078740157481
11
2.9999212598425196
21
-1.9820078740157481
0
LINE
8
BLACK
6
CONTINUOUS
10
2.9999212598425196
20
-1.9820078740157481
11
3.0599212598425196
21
-1.9820078740157481
0
LINE
8
BLACK
6
CONTINUOUS
10
3.0599212598425196
20
-1.9820078740157481
11
3.0599212598425196
21
-2.0420078740157481
0
LINE
8
BLACK
6
CONTINUOUS
10
3.1599212598425197
20
-2.0420078740157481
11
3.0999212598425196
21
-2.0420078740157481
0
LINE
8
BLACK
6
CONTINUOUS
10
3.0999212598425196
20
-2.0420078740157481
11
3.0999212598425196
21
-1.9820078740157481
0
LINE
8
BLACK
6
CONTINUOUS
10
3.0999212598425196
20
-1.9820078740157481
11
3.1599212598425197
21
-1.9820078740157481
0
LINE
8
BLACK
6
CONTINUOUS
10
3.1599212598425197
20
-1.9820078740157481
11
3.1599212598425197
21
-2.0420078740157481
0
LINE
8
BLACK
6
CONTINUOUS
10
4.4936811023622045
20
-2.0372440944881891
11
4.4586811023622044
21
-2.0372440944881891
0
LINE
8
BLACK
6
CONTINUOUS
10
4.4586811023622044
20
-2.0372440944881891
11
4.4586811023622044
21
-1.9822440944881889
0
LINE
8
BLACK
6
CONTINUOUS
10
4.4586811023622044
20
-1.9822440944881889
11
4.4936811023622045
21
-1.9822440944881889
0
LINE
8
BLACK
6
CONTINUOUS
10
4.4936811023622045
20
-1.9822440944881889
11
4.4936811023622045
21
-2.0372440944881891
0
LINE
8
BLACK
6
CONTINUOUS
10
4.5686811023622047
20
-2.0372440944881891
11
4.5336811023622046
21
-2.0372440944881891
0
LINE
8
BLACK
6
CONTINUOUS
10
4.5336811023622046
20
-2.0372440944881891
11
4.5336811023622046
21
-1.9822440944881889
0
LINE
8
BLACK
6
CONTINUOUS
10
4.5336811023622046
20
-1.9822440944881889
11
4.5686811023622047
21
-1.9822440944881889
0
LINE
8
BLACK
6
CONTINUOUS
10
4.5686811023622047
20
-1.9822440944881889
11
4.5686811023622047
21
-2.0372440944881891
0
LINE
8
BLACK
6
CONTINUOUS
10
4.3563938582677162
20
-1.9816503149606299
11
4.3583097244094491
21
-1.9829304724409449
0
LINE
8
BLACK
6
CONTINUOUS
10
4.3583097244094491
20
-1.9829304724409449
11
4.3595898818897636
21
-1.9848463385826771
0
LINE
8
BLACK
6
CONTINUOUS
10
4.3595898818897636
20
-1.9848463385826771
11
4.3600394094488184
21
-1.9871062992125983
0
LINE
8
BLACK
6
CONTINUOUS
10
4.3600394094488184
20
-1.9871062992125983
11
4.3600394094488184
21
-2.0274606299212596
0
LINE
8
BLACK
6
CONTINUOUS
10
4.3600394094488184
20
-2.0274606299212596
11
4.3595898818897636
21
-2.029720590551181
0
LINE
8
BLACK
6
CONTINUOUS
10
4.3595898818897636
20
-2.029720590551181
11
4.3583097244094491
21
-2.0316364566929135
0
LINE
8
BLACK
6
CONTINUOUS
10
4.3583097244094491
20
-2.0316364566929135
11
4.3563938582677162
21
-2.0329166141732284
0
LINE
8
BLACK
6
CONTINUOUS
10
4.3563938582677162
20
-2.0329166141732284
11
4.3541338976377952
21
-2.0333661417322832
0
LINE
8
BLACK
6
CONTINUOUS
10
4.3541338976377952
20
-2.0333661417322832
11
4.342322874015748
21
-2.0333661417322832
0
LINE
8
BLACK
6
CONTINUOUS
10
4.342322874015748
20
-2.0333661417322832
11
4.3400629133858271
21
-2.0329166141732284
0
LINE
8
BLACK
6
CONTINUOUS
10
4.3400629133858271
20
-2.0329166141732284
11
4.3381470472440942
21
-2.0316364566929135
0
LINE
8
BLACK
6
CONTINUOUS
10
4.3381470472440942
20
-2.0316364566929135
11
4.3368668897637797
21
-2.029720590551181
0
LINE
8
BLACK
6
CONTINUOUS
10
4.3368668897637797
20
-2.029720590551181
11
4.336417362204724
21
-2.0274606299212596
0
LINE
8
BLACK
6
CONTINUOUS
10
4.336417362204724
20
-2.0274606299212596
11
4.336417362204724
21
-1.9871062992125983
0
LINE
8
BLACK
6
CONTINUOUS
10
4.336417362204724
20
-1.9871062992125983
11
4.3368668897637797
21
-1.9848463385826771
0
LINE
8
BLACK
6
CONTINUOUS
10
4.3368668897637797
20
-1.9848463385826771
11
4.3381470472440942
21
-1.9829304724409449
0
LINE
8
BLACK
6
CONTINUOUS
10
4.3381470472440942
20
-1.9829304724409449
11
4.3400629133858271
21
-1.9816503149606299
0
LINE
8
BLACK
6
CONTINUOUS
10
4.3400629133858271
20
-1.9816503149606299
11
4.342322874015748
21
-1.9812007874015747
0
LINE
8
BLACK
6
CONTINUOUS
10
4.342322874015748
20
-1.9812007874015747
11
4.3541338976377952
21
-1.9812007874015747
0
LINE
8
BLACK
6
CONTINUOUS
10
4.3541338976377952
20
-1.9812007874015747
11
4.3563938582677162
21
-1.9816503149606299
0
LINE
8
BLACK
6
CONTINUOUS
10
4.4311969291338578
20
-1.9816503149606299
11
4.4331127952755907
21
-1.9829304724409449
0
LINE
8
BLACK
6
CONTINUOUS
10
4.4331127952755907
20
-1.9829304724409449
11
4.4343929527559052
21
-1.9848463385826771
0
LINE
8
BLACK
6
CONTINUOUS
10
4.4343929527559052
20
-1.9848463385826771
11
4.4348424803149609
21
-1.9871062992125983
0
LINE
8
BLACK
6
CONTINUOUS
10
4.4348424803149609
20
-1.9871062992125983
11
4.4348424803149609
21
-2.0274606299212596
0
LINE
8
BLACK
6
CONTINUOUS
10
4.4348424803149609
20
-2.0274606299212596
11
4.4343929527559052
21
-2.029720590551181
0
LINE
8
BLACK
6
CONTINUOUS
10
4.4343929527559052
20
-2.029720590551181
11
4.4331127952755907
21
-2.0316364566929135
0
LINE
8
BLACK
6
CONTINUOUS
10
4.4331127952755907
20
-2.0316364566929135
11
4.4311969291338578
21
-2.0329166141732284
0
LINE
8
BLACK
6
CONTINUOUS
10
4.4311969291338578
20
-2.0329166141732284
11
4.4289369685039368
21
-2.0333661417322832
0
LINE
8
BLACK
6
CONTINUOUS
10
4.4289369685039368
20
-2.0333661417322832
11
4.4171259448818896
21
-2.0333661417322832
0
LINE
8
BLACK
6
CONTINUOUS
10
4.4171259448818896
20
-2.0333661417322832
11
4.4148659842519686
21
-2.0329166141732284
0
LINE
8
BLACK
6
CONTINUOUS
10
4.4148659842519686
20
-2.0329166141732284
11
4.4129501181102357
21
-2.0316364566929135
0
LINE
8
BLACK
6
CONTINUOUS
10
4.4129501181102357
20
-2.0316364566929135
11
4.4116699606299212
21
-2.029720590551181
0
LINE
8
BLACK
6
CONTINUOUS
10
4.4116699606299212
20
-2.029720590551181
11
4.4112204330708664
21
-2.0274606299212596
0
LINE
8
BLACK
6
CONTINUOUS
10
4.4112204330708664
20
-2.0274606299212596
11
4.4112204330708664
21
-1.9871062992125983
0
LINE
8
BLACK
6
CONTINUOUS
10
4.4112204330708664
20
-1.9871062992125983
11
4.4116699606299212
21
-1.9848463385826771
0
LINE
8
BLACK
6
CONTINUOUS
10
4.4116699606299212
20
-1.9848463385826771
11
4.4129501181102357
21
-1.9829304724409449
0
LINE
8
BLACK
6
CONTINUOUS
10
4.4129501181102357
20
-1.9829304724409449
11
4.4148659842519686
21
-1.9816503149606299
0
LINE
8
BLACK
6
CONTINUOUS
10
4.4148659842519686
20
-1.9816503149606299
11
4.4171259448818896
21
-1.9812007874015747
0
LINE
8
BLACK
6
CONTINUOUS
10
4.4171259448818896
20
-1.9812007874015747
11
4.4289369685039368
21
-1.9812007874015747
0
LINE
8
BLACK
6
CONTINUOUS
10
4.4289369685039368
20
-1.9812007874015747
11
4.4311969291338578
21
-1.9816503149606299
0
LINE
8
BLACK
6
CONTINUOUS
10
3.2732086614173226
20
-2.0237598425196852
11
3.2382086614173229
21
-2.0237598425196852
0
LINE
8
BLACK
6
CONTINUOUS
10
3.2382086614173229
20
-2.0237598425196852
11
3.2382086614173229
21
-1.9687598425196851
0
LINE
8
BLACK
6
CONTINUOUS
10
3.2382086614173229
20
-1.9687598425196851
11
3.2732086614173226
21
-1.9687598425196851
0
LINE
8
BLACK
6
CONTINUOUS
10
3.2732086614173226
20
-1.9687598425196851
11
3.2732086614173226
21
-2.0237598425196852
0
LINE
8
BLACK
6
CONTINUOUS
10
3.3482086614173228
20
-2.0237598425196852
11
3.3132086614173226
21
-2.0237598425196852
0
LINE
8
BLACK
6
CONTINUOUS
10
3.3132086614173226
20
-2.0237598425196852
11
3.3132086614173226
21
-1.9687598425196851
0
LINE
8
BLACK
6
CONTINUOUS
10
3.3132086614173226
20
-1.9687598425196851
11
3.3482086614173228
21
-1.9687598425196851
0
LINE
8
BLACK
6
CONTINUOUS
10
3.3482086614173228
20
-1.9687598425196851
11
3.3482086614173228
21
-2.0237598425196852
0
LINE
8
BLACK
6
CONTINUOUS
10
4.3030905511811026
20
-1.9996850393700787
11
4.248090551181102
21
-1.9996850393700787
0
LINE
8
BLACK
6
CONTINUOUS
10
4.248090551181102
20
-1.9996850393700787
11
4.248090551181102
21
-1.9646850393700788
0
LINE
8
BLACK
6
CONTINUOUS
10
4.248090551181102
20
-1.9646850393700788
11
4.3030905511811026
21
-1.9646850393700788
0
LINE
8
BLACK
6
CONTINUOUS
10
4.3030905511811026
20
-1.9646850393700788
11
4.3030905511811026
21
-1.9996850393700787
0
LINE
8
BLACK
6
CONTINUOUS
10
3.2732086614173226
20
-1.9528937007874014
11
3.2382086614173229
21
-1.9528937007874014
0
LINE
8
BLACK
6
CONTINUOUS
10
3.2382086614173229
20
-1.9528937007874014
11
3.2382086614173229
21
-1.8978937007874015
0
LINE
8
BLACK
6
CONTINUOUS
10
3.2382086614173229
20
-1.8978937007874015
11
3.2732086614173226
21
-1.8978937007874015
0
LINE
8
BLACK
6
CONTINUOUS
10
3.2732086614173226
20
-1.8978937007874015
11
3.2732086614173226
21
-1.9528937007874014
0
LINE
8
BLACK
6
CONTINUOUS
10
3.3482086614173228
20
-1.9528937007874014
11
3.3132086614173226
21
-1.9528937007874014
0
LINE
8
BLACK
6
CONTINUOUS
10
3.3132086614173226
20
-1.9528937007874014
11
3.3132086614173226
21
-1.8978937007874015
0
LINE
8
BLACK
6
CONTINUOUS
10
3.3132086614173226
20
-1.8978937007874015
11
3.3482086614173228
21
-1.8978937007874015
0
LINE
8
BLACK
6
CONTINUOUS
10
3.3482086614173228
20
-1.8978937007874015
11
3.3482086614173228
21
-1.9528937007874014
0
LINE
8
BLACK
6
CONTINUOUS
10
2.1026276377952757
20
-1.8839212992125984
11
2.1086884645669293
21
-1.8864317716535433
0
LINE
8
BLACK
6
CONTINUOUS
10
2.1086884645669293
20
-1.8864317716535433
11
2.1141430708661417
21
-1.8900764173228346
0
LINE
8
BLACK
6
CONTINUOUS
10
2.1141430708661417
20
-1.8900764173228346
11
2.1187818503937006
21
-1.8947151968503937
0
LINE
8
BLACK
6
CONTINUOUS
10
2.1187818503937006
20
-1.8947151968503937
11
2.1224264960629919
21
-1.9001698031496062
0
LINE
8
BLACK
6
CONTINUOUS
10
2.1224264960629919
20
-1.9001698031496062
11
2.124936968503937
21
-1.9062306299212597
0
LINE
8
BLACK
6
CONTINUOUS
10
2.124936968503937
20
-1.9062306299212597
11
2.1262168110236219
21
-1.9126647637795275
0
LINE
8
BLACK
6
CONTINUOUS
10
2.1262168110236219
20
-1.9126647637795275
11
2.1262168110236219
21
-1.919225
0
LINE
8
BLACK
6
CONTINUOUS
10
2.1262168110236219
20
-1.919225
11
2.124936968503937
21
-1.9256591338582676
0
LINE
8
BLACK
6
CONTINUOUS
10
2.124936968503937
20
-1.9256591338582676
11
2.1224264960629919
21
-1.9317199606299211
0
LINE
8
BLACK
6
CONTINUOUS
10
2.1224264960629919
20
-1.9317199606299211
11
2.1187818503937006
21
-1.9371745669291338
0
LINE
8
BLACK
6
CONTINUOUS
10
2.1187818503937006
20
-1.9371745669291338
11
2.1141430708661417
21
-1.9418133464566929
0
LINE
8
BLACK
6
CONTINUOUS
10
2.1141430708661417
20
-1.9418133464566929
11
2.1086884645669293
21
-1.9454579921259842
0
LINE
8
BLACK
6
CONTINUOUS
10
2.1086884645669293
20
-1.9454579921259842
11
2.1026276377952757
21
-1.9479684645669291
0
LINE
8
BLACK
6
CONTINUOUS
10
2.1026276377952757
20
-1.9479684645669291
11
2.0961935039370077
21
-1.9492483070866142
0
LINE
8
BLACK
6
CONTINUOUS
10
2.0961935039370077
20
-1.9492483070866142
11
2.0896332677165352
21
-1.9492483070866142
0
LINE
8
BLACK
6
CONTINUOUS
10
2.0896332677165352
20
-1.9492483070866142
11
2.0831991338582676
21
-1.9479684645669291
0
LINE
8
BLACK
6
CONTINUOUS
10
2.0831991338582676
20
-1.9479684645669291
11
2.0771383070866141
21
-1.9454579921259842
0
LINE
8
BLACK
6
CONTINUOUS
10
2.0771383070866141
20
-1.9454579921259842
11
2.0716837007874016
21
-1.9418133464566929
0
LINE
8
BLACK
6
CONTINUOUS
10
2.0716837007874016
20
-1.9418133464566929
11
2.0670449212598423
21
-1.9371745669291338
0
LINE
8
BLACK
6
CONTINUOUS
10
2.0670449212598423
20
-1.9371745669291338
11
2.0634002755905509
21
-1.9317199606299211
0
LINE
8
BLACK
6
CONTINUOUS
10
2.0634002755905509
20
-1.9317199606299211
11
2.0608898031496063
21
-1.9256591338582676
0
LINE
8
BLACK
6
CONTINUOUS
10
2.0608898031496063
20
-1.9256591338582676
11
2.0596099606299214
21
-1.919225
0
LINE
8
BLACK
6
CONTINUOUS
10
2.0596099606299214
20
-1.919225
11
2.0596099606299214
21
-1.9126647637795275
0
LINE
8
BLACK
6
CONTINUOUS
10
2.0596099606299214
20
-1.9126647637795275
11
2.0608898031496063
21
-1.9062306299212597
0
LINE
8
BLACK
6
CONTINUOUS
10
2.0608898031496063
20
-1.9062306299212597
11
2.0634002755905509
21
-1.9001698031496062
0
LINE
8
BLACK
6
CONTINUOUS
10
2.0634002755905509
20
-1.9001698031496062
11
2.0670449212598423
21
-1.8947151968503937
0
LINE
8
BLACK
6
CONTINUOUS
10
2.0670449212598423
20
-1.8947151968503937
11
2.0716837007874016
21
-1.8900764173228346
0
LINE
8
BLACK
6
CONTINUOUS
10
2.0716837007874016
20
-1.8900764173228346
11
2.0771383070866141
21
-1.8864317716535433
0
LINE
8
BLACK
6
CONTINUOUS
10
2.0771383070866141
20
-1.8864317716535433
11
2.0831991338582676
21
-1.8839212992125984
0
LINE
8
BLACK
6
CONTINUOUS
10
2.0831991338582676
20
-1.8839212992125984
11
2.0896332677165352
21
-1.8826414566929133
0
LINE
8
BLACK
6
CONTINUOUS
10
2.0896332677165352
20
-1.8826414566929133
11
2.0961935039370077
21
-1.8826414566929133
0
LINE
8
BLACK
6
CONTINUOUS
10
2.0961935039370077
20
-1.8826414566929133
11
2.1026276377952757
21
-1.8839212992125984
0
LINE
8
BLACK
6
CONTINUOUS
10
2.2026276377952754
20
-1.8839212992125984
11
2.2086884645669289
21
-1.8864317716535433
0
LINE
8
BLACK
6
CONTINUOUS
10
2.2086884645669289
20
-1.8864317716535433
11
2.2141430708661418
21
-1.8900764173228346
0
LINE
8
BLACK
6
CONTINUOUS
10
2.2141430708661418
20
-1.8900764173228346
11
2.2187818503937007
21
-1.8947151968503937
0
LINE
8
BLACK
6
CONTINUOUS
10
2.2187818503937007
20
-1.8947151968503937
11
2.222426496062992
21
-1.9001698031496062
0
LINE
8
BLACK
6
CONTINUOUS
10
2.222426496062992
20
-1.9001698031496062
11
2.2249369685039371
21
-1.9062306299212597
0
LINE
8
BLACK
6
CONTINUOUS
10
2.2249369685039371
20
-1.9062306299212597
11
2.226216811023622
21
-1.9126647637795275
0
LINE
8
BLACK
6
CONTINUOUS
10
2.226216811023622
20
-1.9126647637795275
11
2.226216811023622
21
-1.919225
0
LINE
8
BLACK
6
CONTINUOUS
10
2.226216811023622
20
-1.919225
11
2.2249369685039371
21
-1.9256591338582676
0
LINE
8
BLACK
6
CONTINUOUS
10
2.2249369685039371
20
-1.9256591338582676
11
2.222426496062992
21
-1.9317199606299211
0
LINE
8
BLACK
6
CONTINUOUS
10
2.222426496062992
20
-1.9317199606299211
11
2.2187818503937007
21
-1.9371745669291338
0
LINE
8
BLACK
6
CONTINUOUS
10
2.2187818503937007
20
-1.9371745669291338
11
2.2141430708661418
21
-1.9418133464566929
0
LINE
8
BLACK
6
CONTINUOUS
10
2.2141430708661418
20
-1.9418133464566929
11
2.2086884645669289
21
-1.9454579921259842
0
LINE
8
BLACK
6
CONTINUOUS
10
2.2086884645669289
20
-1.9454579921259842
11
2.2026276377952754
21
-1.9479684645669291
0
LINE
8
BLACK
6
CONTINUOUS
10
2.2026276377952754
20
-1.9479684645669291
11
2.1961935039370077
21
-1.9492483070866142
0
LINE
8
BLACK
6
CONTINUOUS
10
2.1961935039370077
20
-1.9492483070866142
11
2.1896332677165353
21
-1.9492483070866142
0
LINE
8
BLACK
6
CONTINUOUS
10
2.1896332677165353
20
-1.9492483070866142
11
2.1831991338582677
21
-1.9479684645669291
0
LINE
8
BLACK
6
CONTINUOUS
10
2.1831991338582677
20
-1.9479684645669291
11
2.1771383070866142
21
-1.9454579921259842
0
LINE
8
BLACK
6
CONTINUOUS
10
2.1771383070866142
20
-1.9454579921259842
11
2.1716837007874017
21
-1.9418133464566929
0
LINE
8
BLACK
6
CONTINUOUS
10
2.1716837007874017
20
-1.9418133464566929
11
2.1670449212598424
21
-1.9371745669291338
0
LINE
8
BLACK
6
CONTINUOUS
10
2.1670449212598424
20
-1.9371745669291338
11
2.163400275590551
21
-1.9317199606299211
0
LINE
8
BLACK
6
CONTINUOUS
10
2.163400275590551
20
-1.9317199606299211
11
2.1608898031496064
21
-1.9256591338582676
0
LINE
8
BLACK
6
CONTINUOUS
10
2.1608898031496064
20
-1.9256591338582676
11
2.1596099606299211
21
-1.919225
0
LINE
8
BLACK
6
CONTINUOUS
10
2.1596099606299211
20
-1.919225
11
2.1596099606299211
21
-1.9126647637795275
0
LINE
8
BLACK
6
CONTINUOUS
10
2.1596099606299211
20
-1.9126647637795275
11
2.1608898031496064
21
-1.9062306299212597
0
LINE
8
BLACK
6
CONTINUOUS
10
2.1608898031496064
20
-1.9062306299212597
11
2.163400275590551
21
-1.9001698031496062
0
LINE
8
BLACK
6
CONTINUOUS
10
2.163400275590551
20
-1.9001698031496062
11
2.1670449212598424
21
-1.8947151968503937
0
LINE
8
BLACK
6
CONTINUOUS
10
2.1670449212598424
20
-1.8947151968503937
11
2.1716837007874017
21
-1.8900764173228346
0
LINE
8
BLACK
6
CONTINUOUS
10
2.1716837007874017
20
-1.8900764173228346
11
2.1771383070866142
21
-1.8864317716535433
0
LINE
8
BLACK
6
CONTINUOUS
10
2.1771383070866142
20
-1.8864317716535433
11
2.1831991338582677
21
-1.8839212992125984
0
LINE
8
BLACK
6
CONTINUOUS
10
2.1831991338582677
20
-1.8839212992125984
11
2.1896332677165353
21
-1.8826414566929133
0
LINE
8
BLACK
6
CONTINUOUS
10
2.1896332677165353
20
-1.8826414566929133
11
2.1961935039370077
21
-1.8826414566929133
0
LINE
8
BLACK
6
CONTINUOUS
10
2.1961935039370077
20
-1.8826414566929133
11
2.2026276377952754
21
-1.8839212992125984
0
LINE
8
BLACK
6
CONTINUOUS
10
2.6574212598425198
20
-1.947027559055118
11
2.6024212598425196
21
-1.947027559055118
0
LINE
8
BLACK
6
CONTINUOUS
10
2.6024212598425196
20
-1.947027559055118
11
2.6024212598425196
21
-1.9120275590551181
0
LINE
8
BLACK
6
CONTINUOUS
10
2.6024212598425196
20
-1.9120275590551181
11
2.6574212598425198
21
-1.9120275590551181
0
LINE
8
BLACK
6
CONTINUOUS
10
2.6574212598425198
20
-1.9120275590551181
11
2.6574212598425198
21
-1.947027559055118
0
LINE
8
BLACK
6
CONTINUOUS
10
4.3563938582677162
20
-1.8920833858267716
11
4.3583097244094491
21
-1.8933635433070866
0
LINE
8
BLACK
6
CONTINUOUS
10
4.3583097244094491
20
-1.8933635433070866
11
4.3595898818897636
21
-1.8952794094488188
0
LINE
8
BLACK
6
CONTINUOUS
10
4.3595898818897636
20
-1.8952794094488188
11
4.3600394094488184
21
-1.8975393700787402
0
LINE
8
BLACK
6
CONTINUOUS
10
4.3600394094488184
20
-1.8975393700787402
11
4.3600394094488184
21
-1.9378937007874015
0
LINE
8
BLACK
6
CONTINUOUS
10
4.3600394094488184
20
-1.9378937007874015
11
4.3595898818897636
21
-1.9401536614173227
0
LINE
8
BLACK
6
CONTINUOUS
10
4.3595898818897636
20
-1.9401536614173227
11
4.3583097244094491
21
-1.9420695275590552
0
LINE
8
BLACK
6
CONTINUOUS
10
4.3583097244094491
20
-1.9420695275590552
11
4.3563938582677162
21
-1.9433496850393701
0
LINE
8
BLACK
6
CONTINUOUS
10
4.3563938582677162
20
-1.9433496850393701
11
4.3541338976377952
21
-1.9437992125984251
0
LINE
8
BLACK
6
CONTINUOUS
10
4.3541338976377952
20
-1.9437992125984251
11
4.342322874015748
21
-1.9437992125984251
0
LINE
8
BLACK
6
CONTINUOUS
10
4.342322874015748
20
-1.9437992125984251
11
4.3400629133858271
21
-1.9433496850393701
0
LINE
8
BLACK
6
CONTINUOUS
10
4.3400629133858271
20
-1.9433496850393701
11
4.3381470472440942
21
-1.9420695275590552
0
LINE
8
BLACK
6
CONTINUOUS
10
4.3381470472440942
20
-1.9420695275590552
11
4.3368668897637797
21
-1.9401536614173227
0
LINE
8
BLACK
6
CONTINUOUS
10
4.3368668897637797
20
-1.9401536614173227
11
4.336417362204724
21
-1.9378937007874015
0
LINE
8
BLACK
6
CONTINUOUS
10
4.336417362204724
20
-1.9378937007874015
11
4.336417362204724
21
-1.8975393700787402
0
LINE
8
BLACK
6
CONTINUOUS
10
4.336417362204724
20
-1.8975393700787402
11
4.3368668897637797
21
-1.8952794094488188
0
LINE
8
BLACK
6
CONTINUOUS
10
4.3368668897637797
20
-1.8952794094488188
11
4.3381470472440942
21
-1.8933635433070866
0
LINE
8
BLACK
6
CONTINUOUS
10
4.3381470472440942
20
-1.8933635433070866
11
4.3400629133858271
21
-1.8920833858267716
0
LINE
8
BLACK
6
CONTINUOUS
10
4.3400629133858271
20
-1.8920833858267716
11
4.342322874015748
21
-1.8916338582677166
0
LINE
8
BLACK
6
CONTINUOUS
10
4.342322874015748
20
-1.8916338582677166
11
4.3541338976377952
21
-1.8916338582677166
0
LINE
8
BLACK
6
CONTINUOUS
10
4.3541338976377952
20
-1.8916338582677166
11
4.3563938582677162
21
-1.8920833858267716
0
LINE
8
BLACK
6
CONTINUOUS
10
4.3937953937007874
20
-1.8920833858267716
11
4.3957112598425194
21
-1.8933635433070866
0
LINE
8
BLACK
6
CONTINUOUS
10
4.3957112598425194
20
-1.8933635433070866
11
4.3969914173228348
21
-1.8952794094488188
0
LINE
8
BLACK
6
CONTINUOUS
10
4.3969914173228348
20
-1.8952794094488188
11
4.3974409448818896
21
-1.8975393700787402
0
LINE
8
BLACK
6
CONTINUOUS
10
4.3974409448818896
20
-1.8975393700787402
11
4.3974409448818896
21
-1.9378937007874015
0
LINE
8
BLACK
6
CONTINUOUS
10
4.3974409448818896
20
-1.9378937007874015
11
4.3969914173228348
21
-1.9401536614173227
0
LINE
8
BLACK
6
CONTINUOUS
10
4.3969914173228348
20
-1.9401536614173227
11
4.3957112598425194
21
-1.9420695275590552
0
LINE
8
BLACK
6
CONTINUOUS
10
4.3957112598425194
20
-1.9420695275590552
11
4.3937953937007874
21
-1.9433496850393701
0
LINE
8
BLACK
6
CONTINUOUS
10
4.3937953937007874
20
-1.9433496850393701
11
4.3915354330708665
21
-1.9437992125984251
0
LINE
8
BLACK
6
CONTINUOUS
10
4.3915354330708665
20
-1.9437992125984251
11
4.3797244094488184
21
-1.9437992125984251
0
LINE
8
BLACK
6
CONTINUOUS
10
4.3797244094488184
20
-1.9437992125984251
11
4.3774644488188974
21
-1.9433496850393701
0
LINE
8
BLACK
6
CONTINUOUS
10
4.3774644488188974
20
-1.9433496850393701
11
4.3755485826771654
21
-1.9420695275590552
0
LINE
8
BLACK
6
CONTINUOUS
10
4.3755485826771654
20
-1.9420695275590552
11
4.37426842519685
21
-1.9401536614173227
0
LINE
8
BLACK
6
CONTINUOUS
10
4.37426842519685
20
-1.9401536614173227
11
4.3738188976377952
21
-1.9378937007874015
0
LINE
8
BLACK
6
CONTINUOUS
10
4.3738188976377952
20
-1.9378937007874015
11
4.3738188976377952
21
-1.8975393700787402
0
LINE
8
BLACK
6
CONTINUOUS
10
4.3738188976377952
20
-1.8975393700787402
11
4.37426842519685
21
-1.8952794094488188
0
LINE
8
BLACK
6
CONTINUOUS
10
4.37426842519685
20
-1.8952794094488188
11
4.3755485826771654
21
-1.8933635433070866
0
LINE
8
BLACK
6
CONTINUOUS
10
4.3755485826771654
20
-1.8933635433070866
11
4.3774644488188974
21
-1.8920833858267716
0
LINE
8
BLACK
6
CONTINUOUS
10
4.3774644488188974
20
-1.8920833858267716
11
4.3797244094488184
21
-1.8916338582677166
0
LINE
8
BLACK
6
CONTINUOUS
10
4.3797244094488184
20
-1.8916338582677166
11
4.3915354330708665
21
-1.8916338582677166
0
LINE
8
BLACK
6
CONTINUOUS
10
4.3915354330708665
20
-1.8916338582677166
11
4.3937953937007874
21
-1.8920833858267716
0
LINE
8
BLACK
6
CONTINUOUS
10
4.4311969291338578
20
-1.8920833858267716
11
4.4331127952755907
21
-1.8933635433070866
0
LINE
8
BLACK
6
CONTINUOUS
10
4.4331127952755907
20
-1.8933635433070866
11
4.4343929527559052
21
-1.8952794094488188
0
LINE
8
BLACK
6
CONTINUOUS
10
4.4343929527559052
20
-1.8952794094488188
11
4.4348424803149609
21
-1.8975393700787402
0
LINE
8
BLACK
6
CONTINUOUS
10
4.4348424803149609
20
-1.8975393700787402
11
4.4348424803149609
21
-1.9378937007874015
0
LINE
8
BLACK
6
CONTINUOUS
10
4.4348424803149609
20
-1.9378937007874015
11
4.4343929527559052
21
-1.9401536614173227
0
LINE
8
BLACK
6
CONTINUOUS
10
4.4343929527559052
20
-1.9401536614173227
11
4.4331127952755907
21
-1.9420695275590552
0
LINE
8
BLACK
6
CONTINUOUS
10
4.4331127952755907
20
-1.9420695275590552
11
4.4311969291338578
21
-1.9433496850393701
0
LINE
8
BLACK
6
CONTINUOUS
10
4.4311969291338578
20
-1.9433496850393701
11
4.4289369685039368
21
-1.9437992125984251
0
LINE
8
BLACK
6
CONTINUOUS
10
4.4289369685039368
20
-1.9437992125984251
11
4.4171259448818896
21
-1.9437992125984251
0
LINE
8
BLACK
6
CONTINUOUS
10
4.4171259448818896
20
-1.9437992125984251
11
4.4148659842519686
21
-1.9433496850393701
0
LINE
8
BLACK
6
CONTINUOUS
10
4.4148659842519686
20
-1.9433496850393701
11
4.4129501181102357
21
-1.9420695275590552
0
LINE
8
BLACK
6
CONTINUOUS
10
4.4129501181102357
20
-1.9420695275590552
11
4.4116699606299212
21
-1.9401536614173227
0
LINE
8
BLACK
6
CONTINUOUS
10
4.4116699606299212
20
-1.9401536614173227
11
4.4112204330708664
21
-1.9378937007874015
0
LINE
8
BLACK
6
CONTINUOUS
10
4.4112204330708664
20
-1.9378937007874015
11
4.4112204330708664
21
-1.8975393700787402
0
LINE
8
BLACK
6
CONTINUOUS
10
4.4112204330708664
20
-1.8975393700787402
11
4.4116699606299212
21
-1.8952794094488188
0
LINE
8
BLACK
6
CONTINUOUS
10
4.4116699606299212
20
-1.8952794094488188
11
4.4129501181102357
21
-1.8933635433070866
0
LINE
8
BLACK
6
CONTINUOUS
10
4.4129501181102357
20
-1.8933635433070866
11
4.4148659842519686
21
-1.8920833858267716
0
LINE
8
BLACK
6
CONTINUOUS
10
4.4148659842519686
20
-1.8920833858267716
11
4.4171259448818896
21
-1.8916338582677166
0
LINE
8
BLACK
6
CONTINUOUS
10
4.4171259448818896
20
-1.8916338582677166
11
4.4289369685039368
21
-1.8916338582677166
0
LINE
8
BLACK
6
CONTINUOUS
10
4.4289369685039368
20
-1.8916338582677166
11
4.4311969291338578
21
-1.8920833858267716
0
LINE
8
BLACK
6
CONTINUOUS
10
3.0599212598425196
20
-1.9435826771653544
11
2.9999212598425196
21
-1.9435826771653544
0
LINE
8
BLACK
6
CONTINUOUS
10
2.9999212598425196
20
-1.9435826771653544
11
2.9999212598425196
21
-1.8835826771653543
0
LINE
8
BLACK
6
CONTINUOUS
10
2.9999212598425196
20
-1.8835826771653543
11
3.0599212598425196
21
-1.8835826771653543
0
LINE
8
BLACK
6
CONTINUOUS
10
3.0599212598425196
20
-1.8835826771653543
11
3.0599212598425196
21
-1.9435826771653544
0
LINE
8
BLACK
6
CONTINUOUS
10
3.1599212598425197
20
-1.9435826771653544
11
3.0999212598425196
21
-1.9435826771653544
0
LINE
8
BLACK
6
CONTINUOUS
10
3.0999212598425196
20
-1.9435826771653544
11
3.0999212598425196
21
-1.8835826771653543
0
LINE
8
BLACK
6
CONTINUOUS
10
3.0999212598425196
20
-1.8835826771653543
11
3.1599212598425197
21
-1.8835826771653543
0
LINE
8
BLACK
6
CONTINUOUS
10
3.1599212598425197
20
-1.8835826771653543
11
3.1599212598425197
21
-1.9435826771653544
0
LINE
8
BLACK
6
CONTINUOUS
10
2.7803937007874016
20
-1.942007874015748
11
2.7203937007874015
21
-1.942007874015748
0
LINE
8
BLACK
6
CONTINUOUS
10
2.7203937007874015
20
-1.942007874015748
11
2.7203937007874015
21
-1.882007874015748
0
LINE
8
BLACK
6
CONTINUOUS
10
2.7203937007874015
20
-1.882007874015748
11
2.7803937007874016
21
-1.882007874015748
0
LINE
8
BLACK
6
CONTINUOUS
10
2.7803937007874016
20
-1.882007874015748
11
2.7803937007874016
21
-1.942007874015748
0
LINE
8
BLACK
6
CONTINUOUS
10
2.8803937007874016
20
-1.942007874015748
11
2.8203937007874016
21
-1.942007874015748
0
LINE
8
BLACK
6
CONTINUOUS
10
2.8203937007874016
20
-1.942007874015748
11
2.8203937007874016
21
-1.882007874015748
0
LINE
8
BLACK
6
CONTINUOUS
10
2.8203937007874016
20
-1.882007874015748
11
2.8803937007874016
21
-1.882007874015748
0
LINE
8
BLACK
6
CONTINUOUS
10
2.8803937007874016
20
-1.882007874015748
11
2.8803937007874016
21
-1.942007874015748
0
LINE
8
BLACK
6
CONTINUOUS
10
4.3030905511811026
20
-1.9246850393700787
11
4.248090551181102
21
-1.9246850393700787
0
LINE
8
BLACK
6
CONTINUOUS
10
4.248090551181102
20
-1.9246850393700787
11
4.248090551181102
21
-1.8896850393700786
0
LINE
8
BLACK
6
CONTINUOUS
10
4.248090551181102
20
-1.8896850393700786
11
4.3030905511811026
21
-1.8896850393700786
0
LINE
8
BLACK
6
CONTINUOUS
10
4.3030905511811026
20
-1.8896850393700786
11
4.3030905511811026
21
-1.9246850393700787
0
LINE
8
BLACK
6
CONTINUOUS
10
3.2732086614173226
20
-1.8820275590551181
11
3.2382086614173229
21
-1.8820275590551181
0
LINE
8
BLACK
6
CONTINUOUS
10
3.2382086614173229
20
-1.8820275590551181
11
3.2382086614173229
21
-1.8270275590551182
0
LINE
8
BLACK
6
CONTINUOUS
10
3.2382086614173229
20
-1.8270275590551182
11
3.2732086614173226
21
-1.8270275590551182
0
LINE
8
BLACK
6
CONTINUOUS
10
3.2732086614173226
20
-1.8270275590551182
11
3.2732086614173226
21
-1.8820275590551181
0
LINE
8
BLACK
6
CONTINUOUS
10
3.3482086614173228
20
-1.8820275590551181
11
3.3132086614173226
21
-1.8820275590551181
0
LINE
8
BLACK
6
CONTINUOUS
10
3.3132086614173226
20
-1.8820275590551181
11
3.3132086614173226
21
-1.8270275590551182
0
LINE
8
BLACK
6
CONTINUOUS
10
3.3132086614173226
20
-1.8270275590551182
11
3.3482086614173228
21
-1.8270275590551182
0
LINE
8
BLACK
6
CONTINUOUS
10
3.3482086614173228
20
-1.8270275590551182
11
3.3482086614173228
21
-1.8820275590551181
0
LINE
8
BLACK
6
CONTINUOUS
10
2.6574212598425198
20
-1.8720275590551181
11
2.6024212598425196
21
-1.8720275590551181
0
LINE
8
BLACK
6
CONTINUOUS
10
2.6024212598425196
20
-1.8720275590551181
11
2.6024212598425196
21
-1.8370275590551182
0
LINE
8
BLACK
6
CONTINUOUS
10
2.6024212598425196
20
-1.8370275590551182
11
2.6574212598425198
21
-1.8370275590551182
0
LINE
8
BLACK
6
CONTINUOUS
10
2.6574212598425198
20
-1.8370275590551182
11
2.6574212598425198
21
-1.8720275590551181
0
LINE
8
BLACK
6
CONTINUOUS
10
4.3873818897637795
20
-1.8561417322834646
11
4.3523818897637794
21
-1.8561417322834646
0
LINE
8
BLACK
6
CONTINUOUS
10
4.3523818897637794
20
-1.8561417322834646
11
4.3523818897637794
21
-1.8011417322834646
0
LINE
8
BLACK
6
CONTINUOUS
10
4.3523818897637794
20
-1.8011417322834646
11
4.3873818897637795
21
-1.8011417322834646
0
LINE
8
BLACK
6
CONTINUOUS
10
4.3873818897637795
20
-1.8011417322834646
11
4.3873818897637795
21
-1.8561417322834646
0
LINE
8
BLACK
6
CONTINUOUS
10
4.4623818897637797
20
-1.8561417322834646
11
4.4273818897637796
21
-1.8561417322834646
0
LINE
8
BLACK
6
CONTINUOUS
10
4.4273818897637796
20
-1.8561417322834646
11
4.4273818897637796
21
-1.8011417322834646
0
LINE
8
BLACK
6
CONTINUOUS
10
4.4273818897637796
20
-1.8011417322834646
11
4.4623818897637797
21
-1.8011417322834646
0
LINE
8
BLACK
6
CONTINUOUS
10
4.4623818897637797
20
-1.8011417322834646
11
4.4623818897637797
21
-1.8561417322834646
0
LINE
8
BLACK
6
CONTINUOUS
10
4.3010106692913386
20
-1.7565563779527558
11
4.3042038188976379
21
-1.7586899606299211
0
LINE
8
BLACK
6
CONTINUOUS
10
4.3042038188976379
20
-1.7586899606299211
11
4.3063374015748028
21
-1.7618831102362205
0
LINE
8
BLACK
6
CONTINUOUS
10
4.3063374015748028
20
-1.7618831102362205
11
4.3070866141732287
21
-1.7656496850393701
0
LINE
8
BLACK
6
CONTINUOUS
10
4.3070866141732287
20
-1.7656496850393701
11
4.3070866141732287
21
-1.844389842519685
0
LINE
8
BLACK
6
CONTINUOUS
10
4.3070866141732287
20
-1.844389842519685
11
4.3063374015748028
21
-1.8481564173228346
0
LINE
8
BLACK
6
CONTINUOUS
10
4.3063374015748028
20
-1.8481564173228346
11
4.3042038188976379
21
-1.8513495669291338
0
LINE
8
BLACK
6
CONTINUOUS
10
4.3042038188976379
20
-1.8513495669291338
11
4.3010106692913386
21
-1.8534831496062991
0
LINE
8
BLACK
6
CONTINUOUS
10
4.3010106692913386
20
-1.8534831496062991
11
4.2972440944881889
21
-1.8542323622047243
0
LINE
8
BLACK
6
CONTINUOUS
10
4.2972440944881889
20
-1.8542323622047243
11
4.2460629921259843
21
-1.8542323622047243
0
LINE
8
BLACK
6
CONTINUOUS
10
4.2460629921259843
20
-1.8542323622047243
11
4.2422964173228346
21
-1.8534831496062991
0
LINE
8
BLACK
6
CONTINUOUS
10
4.2422964173228346
20
-1.8534831496062991
11
4.2391032677165352
21
-1.8513495669291338
0
LINE
8
BLACK
6
CONTINUOUS
10
4.2391032677165352
20
-1.8513495669291338
11
4.2369696850393703
21
-1.8481564173228346
0
LINE
8
BLACK
6
CONTINUOUS
10
4.2369696850393703
20
-1.8481564173228346
11
4.2362204724409445
21
-1.844389842519685
0
LINE
8
BLACK
6
CONTINUOUS
10
4.2362204724409445
20
-1.844389842519685
11
4.2362204724409445
21
-1.7656496850393701
0
LINE
8
BLACK
6
CONTINUOUS
10
4.2362204724409445
20
-1.7656496850393701
11
4.2369696850393703
21
-1.7618831102362205
0
LINE
8
BLACK
6
CONTINUOUS
10
4.2369696850393703
20
-1.7618831102362205
11
4.2391032677165352
21
-1.7586899606299211
0
LINE
8
BLACK
6
CONTINUOUS
10
4.2391032677165352
20
-1.7586899606299211
11
4.2422964173228346
21
-1.7565563779527558
0
LINE
8
BLACK
6
CONTINUOUS
10
4.2422964173228346
20
-1.7565563779527558
11
4.2460629921259843
21
-1.7558071653543306
0
LINE
8
BLACK
6
CONTINUOUS
10
4.2460629921259843
20
-1.7558071653543306
11
4.2972440944881889
21
-1.7558071653543306
0
LINE
8
BLACK
6
CONTINUOUS
10
4.2972440944881889
20
-1.7558071653543306
11
4.3010106692913386
21
-1.7565563779527558
0
LINE
8
BLACK
6
CONTINUOUS
10
2.1026276377952757
20
-1.7839212992125983
11
2.1086884645669293
21
-1.7864317716535432
0
LINE
8
BLACK
6
CONTINUOUS
10
2.1086884645669293
20
-1.7864317716535432
11
2.1141430708661417
21
-1.7900764173228345
0
LINE
8
BLACK
6
CONTINUOUS
10
2.1141430708661417
20
-1.7900764173228345
11
2.1187818503937006
21
-1.7947151968503936
0
LINE
8
BLACK
6
CONTINUOUS
10
2.1187818503937006
20
-1.7947151968503936
11
2.1224264960629919
21
-1.8001698031496063
0
LINE
8
BLACK
6
CONTINUOUS
10
2.1224264960629919
20
-1.8001698031496063
11
2.124936968503937
21
-1.8062306299212598
0
LINE
8
BLACK
6
CONTINUOUS
10
2.124936968503937
20
-1.8062306299212598
11
2.1262168110236219
21
-1.8126647637795275
0
LINE
8
BLACK
6
CONTINUOUS
10
2.1262168110236219
20
-1.8126647637795275
11
2.1262168110236219
21
-1.8192249999999999
0
LINE
8
BLACK
6
CONTINUOUS
10
2.1262168110236219
20
-1.8192249999999999
11
2.124936968503937
21
-1.8256591338582677
0
LINE
8
BLACK
6
CONTINUOUS
10
2.124936968503937
20
-1.8256591338582677
11
2.1224264960629919
21
-1.8317199606299213
0
LINE
8
BLACK
6
CONTINUOUS
10
2.1224264960629919
20
-1.8317199606299213
11
2.1187818503937006
21
-1.8371745669291337
0
LINE
8
BLACK
6
CONTINUOUS
10
2.1187818503937006
20
-1.8371745669291337
11
2.1141430708661417
21
-1.8418133464566928
0
LINE
8
BLACK
6
CONTINUOUS
10
2.1141430708661417
20
-1.8418133464566928
11
2.1086884645669293
21
-1.8454579921259842
0
LINE
8
BLACK
6
CONTINUOUS
10
2.1086884645669293
20
-1.8454579921259842
11
2.1026276377952757
21
-1.847968464566929
0
LINE
8
BLACK
6
CONTINUOUS
10
2.1026276377952757
20
-1.847968464566929
11
2.0961935039370077
21
-1.8492483070866141
0
LINE
8
BLACK
6
CONTINUOUS
10
2.0961935039370077
20
-1.8492483070866141
11
2.0896332677165352
21
-1.8492483070866141
0
LINE
8
BLACK
6
CONTINUOUS
10
2.0896332677165352
20
-1.8492483070866141
11
2.0831991338582676
21
-1.847968464566929
0
LINE
8
BLACK
6
CONTINUOUS
10
2.0831991338582676
20
-1.847968464566929
11
2.0771383070866141
21
-1.8454579921259842
0
LINE
8
BLACK
6
CONTINUOUS
10
2.0771383070866141
20
-1.8454579921259842
11
2.0716837007874016
21
-1.8418133464566928
0
LINE
8
BLACK
6
CONTINUOUS
10
2.0716837007874016
20
-1.8418133464566928
11
2.0670449212598423
21
-1.8371745669291337
0
LINE
8
BLACK
6
CONTINUOUS
10
2.0670449212598423
20
-1.8371745669291337
11
2.0634002755905509
21
-1.8317199606299213
0
LINE
8
BLACK
6
CONTINUOUS
10
2.0634002755905509
20
-1.8317199606299213
11
2.0608898031496063
21
-1.8256591338582677
0
LINE
8
BLACK
6
CONTINUOUS
10
2.0608898031496063
20
-1.8256591338582677
11
2.0596099606299214
21
-1.8192249999999999
0
LINE
8
BLACK
6
CONTINUOUS
10
2.0596099606299214
20
-1.8192249999999999
11
2.0596099606299214
21
-1.8126647637795275
0
LINE
8
BLACK
6
CONTINUOUS
10
2.0596099606299214
20
-1.8126647637795275
11
2.0608898031496063
21
-1.8062306299212598
0
LINE
8
BLACK
6
CONTINUOUS
10
2.0608898031496063
20
-1.8062306299212598
11
2.0634002755905509
21
-1.8001698031496063
0
LINE
8
BLACK
6
CONTINUOUS
10
2.0634002755905509
20
-1.8001698031496063
11
2.0670449212598423
21
-1.7947151968503936
0
LINE
8
BLACK
6
CONTINUOUS
10
2.0670449212598423
20
-1.7947151968503936
11
2.0716837007874016
21
-1.7900764173228345
0
LINE
8
BLACK
6
CONTINUOUS
10
2.0716837007874016
20
-1.7900764173228345
11
2.0771383070866141
21
-1.7864317716535432
0
LINE
8
BLACK
6
CONTINUOUS
10
2.0771383070866141
20
-1.7864317716535432
11
2.0831991338582676
21
-1.7839212992125983
0
LINE
8
BLACK
6
CONTINUOUS
10
2.0831991338582676
20
-1.7839212992125983
11
2.0896332677165352
21
-1.7826414566929134
0
LINE
8
BLACK
6
CONTINUOUS
10
2.0896332677165352
20
-1.7826414566929134
11
2.0961935039370077
21
-1.7826414566929134
0
LINE
8
BLACK
6
CONTINUOUS
10
2.0961935039370077
20
-1.7826414566929134
11
2.1026276377952757
21
-1.7839212992125983
0
LINE
8
BLACK
6
CONTINUOUS
10
2.2026276377952754
20
-1.7839212992125983
11
2.2086884645669289
21
-1.7864317716535432
0
LINE
8
BLACK
6
CONTINUOUS
10
2.2086884645669289
20
-1.7864317716535432
11
2.2141430708661418
21
-1.7900764173228345
0
LINE
8
BLACK
6
CONTINUOUS
10
2.2141430708661418
20
-1.7900764173228345
11
2.2187818503937007
21
-1.7947151968503936
0
LINE
8
BLACK
6
CONTINUOUS
10
2.2187818503937007
20
-1.7947151968503936
11
2.222426496062992
21
-1.8001698031496063
0
LINE
8
BLACK
6
CONTINUOUS
10
2.222426496062992
20
-1.8001698031496063
11
2.2249369685039371
21
-1.8062306299212598
0
LINE
8
BLACK
6
CONTINUOUS
10
2.2249369685039371
20
-1.8062306299212598
11
2.226216811023622
21
-1.8126647637795275
0
LINE
8
BLACK
6
CONTINUOUS
10
2.226216811023622
20
-1.8126647637795275
11
2.226216811023622
21
-1.8192249999999999
0
LINE
8
BLACK
6
CONTINUOUS
10
2.226216811023622
20
-1.8192249999999999
11
2.2249369685039371
21
-1.8256591338582677
0
LINE
8
BLACK
6
CONTINUOUS
10
2.2249369685039371
20
-1.8256591338582677
11
2.222426496062992
21
-1.8317199606299213
0
LINE
8
BLACK
6
CONTINUOUS
10
2.222426496062992
20
-1.8317199606299213
11
2.2187818503937007
21
-1.8371745669291337
0
LINE
8
BLACK
6
CONTINUOUS
10
2.2187818503937007
20
-1.8371745669291337
11
2.2141430708661418
21
-1.8418133464566928
0
LINE
8
BLACK
6
CONTINUOUS
10
2.2141430708661418
20
-1.8418133464566928
11
2.2086884645669289
21
-1.8454579921259842
0
LINE
8
BLACK
6
CONTINUOUS
10
2.2086884645669289
20
-1.8454579921259842
11
2.2026276377952754
21
-1.847968464566929
0
LINE
8
BLACK
6
CONTINUOUS
10
2.2026276377952754
20
-1.847968464566929
11
2.1961935039370077
21
-1.8492483070866141
0
LINE
8
BLACK
6
CONTINUOUS
10
2.1961935039370077
20
-1.8492483070866141
11
2.1896332677165353
21
-1.8492483070866141
0
LINE
8
BLACK
6
CONTINUOUS
10
2.1896332677165353
20
-1.8492483070866141
11
2.1831991338582677
21
-1.847968464566929
0
LINE
8
BLACK
6
CONTINUOUS
10
2.1831991338582677
20
-1.847968464566929
11
2.1771383070866142
21
-1.8454579921259842
0
LINE
8
BLACK
6
CONTINUOUS
10
2.1771383070866142
20
-1.8454579921259842
11
2.1716837007874017
21
-1.8418133464566928
0
LINE
8
BLACK
6
CONTINUOUS
10
2.1716837007874017
20
-1.8418133464566928
11
2.1670449212598424
21
-1.8371745669291337
0
LINE
8
BLACK
6
CONTINUOUS
10
2.1670449212598424
20
-1.8371745669291337
11
2.163400275590551
21
-1.8317199606299213
0
LINE
8
BLACK
6
CONTINUOUS
10
2.163400275590551
20
-1.8317199606299213
11
2.1608898031496064
21
-1.8256591338582677
0
LINE
8
BLACK
6
CONTINUOUS
10
2.1608898031496064
20
-1.8256591338582677
11
2.1596099606299211
21
-1.8192249999999999
0
LINE
8
BLACK
6
CONTINUOUS
10
2.1596099606299211
20
-1.8192249999999999
11
2.1596099606299211
21
-1.8126647637795275
0
LINE
8
BLACK
6
CONTINUOUS
10
2.1596099606299211
20
-1.8126647637795275
11
2.1608898031496064
21
-1.8062306299212598
0
LINE
8
BLACK
6
CONTINUOUS
10
2.1608898031496064
20
-1.8062306299212598
11
2.163400275590551
21
-1.8001698031496063
0
LINE
8
BLACK
6
CONTINUOUS
10
2.163400275590551
20
-1.8001698031496063
11
2.1670449212598424
21
-1.7947151968503936
0
LINE
8
BLACK
6
CONTINUOUS
10
2.1670449212598424
20
-1.7947151968503936
11
2.1716837007874017
21
-1.7900764173228345
0
LINE
8
BLACK
6
CONTINUOUS
10
2.1716837007874017
20
-1.7900764173228345
11
2.1771383070866142
21
-1.7864317716535432
0
LINE
8
BLACK
6
CONTINUOUS
10
2.1771383070866142
20
-1.7864317716535432
11
2.1831991338582677
21
-1.7839212992125983
0
LINE
8
BLACK
6
CONTINUOUS
10
2.1831991338582677
20
-1.7839212992125983
11
2.1896332677165353
21
-1.7826414566929134
0
LINE
8
BLACK
6
CONTINUOUS
10
2.1896332677165353
20
-1.7826414566929134
11
2.1961935039370077
21
-1.7826414566929134
0
LINE
8
BLACK
6
CONTINUOUS
10
2.1961935039370077
20
-1.7826414566929134
11
2.2026276377952754
21
-1.7839212992125983
0
LINE
8
BLACK
6
CONTINUOUS
10
2.7803937007874016
20
-1.8420078740157479
11
2.7203937007874015
21
-1.8420078740157479
0
LINE
8
BLACK
6
CONTINUOUS
10
2.7203937007874015
20
-1.8420078740157479
11
2.7203937007874015
21
-1.7820078740157479
0
LINE
8
BLACK
6
CONTINUOUS
10
2.7203937007874015
20
-1.7820078740157479
11
2.7803937007874016
21
-1.7820078740157479
0
LINE
8
BLACK
6
CONTINUOUS
10
2.7803937007874016
20
-1.7820078740157479
11
2.7803937007874016
21
-1.8420078740157479
0
LINE
8
BLACK
6
CONTINUOUS
10
2.8803937007874016
20
-1.8420078740157479
11
2.8203937007874016
21
-1.8420078740157479
0
LINE
8
BLACK
6
CONTINUOUS
10
2.8203937007874016
20
-1.8420078740157479
11
2.8203937007874016
21
-1.7820078740157479
0
LINE
8
BLACK
6
CONTINUOUS
10
2.8203937007874016
20
-1.7820078740157479
11
2.8803937007874016
21
-1.7820078740157479
0
LINE
8
BLACK
6
CONTINUOUS
10
2.8803937007874016
20
-1.7820078740157479
11
2.8803937007874016
21
-1.8420078740157479
0
LINE
8
BLACK
6
CONTINUOUS
10
2.6574212598425198
20
-1.8189763779527559
11
2.6024212598425196
21
-1.8189763779527559
0
LINE
8
BLACK
6
CONTINUOUS
10
2.6024212598425196
20
-1.8189763779527559
11
2.6024212598425196
21
-1.7839763779527558
0
LINE
8
BLACK
6
CONTINUOUS
10
2.6024212598425196
20
-1.7839763779527558
11
2.6574212598425198
21
-1.7839763779527558
0
LINE
8
BLACK
6
CONTINUOUS
10
2.6574212598425198
20
-1.7839763779527558
11
2.6574212598425198
21
-1.8189763779527559
0
LINE
8
BLACK
6
CONTINUOUS
10
3.2732086614173226
20
-1.8072244094488188
11
3.2382086614173229
21
-1.8072244094488188
0
LINE
8
BLACK
6
CONTINUOUS
10
3.2382086614173229
20
-1.8072244094488188
11
3.2382086614173229
21
-1.7522244094488189
0
LINE
8
BLACK
6
CONTINUOUS
10
3.2382086614173229
20
-1.7522244094488189
11
3.2732086614173226
21
-1.7522244094488189
0
LINE
8
BLACK
6
CONTINUOUS
10
3.2732086614173226
20
-1.7522244094488189
11
3.2732086614173226
21
-1.8072244094488188
0
LINE
8
BLACK
6
CONTINUOUS
10
3.3482086614173228
20
-1.8072244094488188
11
3.3132086614173226
21
-1.8072244094488188
0
LINE
8
BLACK
6
CONTINUOUS
10
3.3132086614173226
20
-1.8072244094488188
11
3.3132086614173226
21
-1.7522244094488189
0
LINE
8
BLACK
6
CONTINUOUS
10
3.3132086614173226
20
-1.7522244094488189
11
3.3482086614173228
21
-1.7522244094488189
0
LINE
8
BLACK
6
CONTINUOUS
10
3.3482086614173228
20
-1.7522244094488189
11
3.3482086614173228
21
-1.8072244094488188
0
LINE
8
BLACK
6
CONTINUOUS
10
4.4516012204724404
20
-1.7339185039370077
11
4.4547943700787398
21
-1.7360520866141731
0
LINE
8
BLACK
6
CONTINUOUS
10
4.4547943700787398
20
-1.7360520866141731
11
4.4569279527559056
21
-1.7392452362204724
0
LINE
8
BLACK
6
CONTINUOUS
10
4.4569279527559056
20
-1.7392452362204724
11
4.4576771653543306
21
-1.7430118110236219
0
LINE
8
BLACK
6
CONTINUOUS
10
4.4576771653543306
20
-1.7430118110236219
11
4.4576771653543306
21
-1.7725393700787402
0
LINE
8
BLACK
6
CONTINUOUS
10
4.4576771653543306
20
-1.7725393700787402
11
4.4569279527559056
21
-1.7763059448818896
0
LINE
8
BLACK
6
CONTINUOUS
10
4.4569279527559056
20
-1.7763059448818896
11
4.4547943700787398
21
-1.779499094488189
0
LINE
8
BLACK
6
CONTINUOUS
10
4.4547943700787398
20
-1.779499094488189
11
4.4516012204724404
21
-1.7816326771653543
0
LINE
8
BLACK
6
CONTINUOUS
10
4.4516012204724404
20
-1.7816326771653543
11
4.4478346456692917
21
-1.7823818897637795
0
LINE
8
BLACK
6
CONTINUOUS
10
4.4478346456692917
20
-1.7823818897637795
11
4.3631889763779528
21
-1.7823818897637795
0
LINE
8
BLACK
6
CONTINUOUS
10
4.3631889763779528
20
-1.7823818897637795
11
4.3594224015748031
21
-1.7816326771653543
0
LINE
8
BLACK
6
CONTINUOUS
10
4.3594224015748031
20
-1.7816326771653543
11
4.3562292519685037
21
-1.779499094488189
0
LINE
8
BLACK
6
CONTINUOUS
10
4.3562292519685037
20
-1.779499094488189
11
4.3540956692913388
21
-1.7763059448818896
0
LINE
8
BLACK
6
CONTINUOUS
10
4.3540956692913388
20
-1.7763059448818896
11
4.353346456692913
21
-1.7725393700787402
0
LINE
8
BLACK
6
CONTINUOUS
10
4.353346456692913
20
-1.7725393700787402
11
4.353346456692913
21
-1.7430118110236219
0
LINE
8
BLACK
6
CONTINUOUS
10
4.353346456692913
20
-1.7430118110236219
11
4.3540956692913388
21
-1.7392452362204724
0
LINE
8
BLACK
6
CONTINUOUS
10
4.3540956692913388
20
-1.7392452362204724
11
4.3562292519685037
21
-1.7360520866141731
0
LINE
8
BLACK
6
CONTINUOUS
10
4.3562292519685037
20
-1.7360520866141731
11
4.3594224015748031
21
-1.7339185039370077
0
LINE
8
BLACK
6
CONTINUOUS
10
4.3594224015748031
20
-1.7339185039370077
11
4.3631889763779528
21
-1.7331692913385826
0
LINE
8
BLACK
6
CONTINUOUS
10
4.3631889763779528
20
-1.7331692913385826
11
4.4478346456692917
21
-1.7331692913385826
0
LINE
8
BLACK
6
CONTINUOUS
10
4.4478346456692917
20
-1.7331692913385826
11
4.4516012204724404
21
-1.7339185039370077
0
LINE
8
BLACK
6
CONTINUOUS
10
2.1026276377952757
20
-1.6839212992125985
11
2.1086884645669293
21
-1.6864317716535433
0
LINE
8
BLACK
6
CONTINUOUS
10
2.1086884645669293
20
-1.6864317716535433
11
2.1141430708661417
21
-1.6900764173228346
0
LINE
8
BLACK
6
CONTINUOUS
10
2.1141430708661417
20
-1.6900764173228346
11
2.1187818503937006
21
-1.6947151968503937
0
LINE
8
BLACK
6
CONTINUOUS
10
2.1187818503937006
20
-1.6947151968503937
11
2.1224264960629919
21
-1.7001698031496062
0
LINE
8
BLACK
6
CONTINUOUS
10
2.1224264960629919
20
-1.7001698031496062
11
2.124936968503937
21
-1.7062306299212597
0
LINE
8
BLACK
6
CONTINUOUS
10
2.124936968503937
20
-1.7062306299212597
11
2.1262168110236219
21
-1.7126647637795276
0
LINE
8
BLACK
6
CONTINUOUS
10
2.1262168110236219
20
-1.7126647637795276
11
2.1262168110236219
21
-1.719225
0
LINE
8
BLACK
6
CONTINUOUS
10
2.1262168110236219
20
-1.719225
11
2.124936968503937
21
-1.7256591338582676
0
LINE
8
BLACK
6
CONTINUOUS
10
2.124936968503937
20
-1.7256591338582676
11
2.1224264960629919
21
-1.7317199606299212
0
LINE
8
BLACK
6
CONTINUOUS
10
2.1224264960629919
20
-1.7317199606299212
11
2.1187818503937006
21
-1.7371745669291339
0
LINE
8
BLACK
6
CONTINUOUS
10
2.1187818503937006
20
-1.7371745669291339
11
2.1141430708661417
21
-1.7418133464566929
0
LINE
8
BLACK
6
CONTINUOUS
10
2.1141430708661417
20
-1.7418133464566929
11
2.1086884645669293
21
-1.7454579921259843
0
LINE
8
BLACK
6
CONTINUOUS
10
2.1086884645669293
20
-1.7454579921259843
11
2.1026276377952757
21
-1.7479684645669291
0
LINE
8
BLACK
6
CONTINUOUS
10
2.1026276377952757
20
-1.7479684645669291
11
2.0961935039370077
21
-1.7492483070866141
0
LINE
8
BLACK
6
CONTINUOUS
10
2.0961935039370077
20
-1.7492483070866141
11
2.0896332677165352
21
-1.7492483070866141
0
LINE
8
BLACK
6
CONTINUOUS
10
2.0896332677165352
20
-1.7492483070866141
11
2.0831991338582676
21
-1.7479684645669291
0
LINE
8
BLACK
6
CONTINUOUS
10
2.0831991338582676
20
-1.7479684645669291
11
2.0771383070866141
21
-1.7454579921259843
0
LINE
8
BLACK
6
CONTINUOUS
10
2.0771383070866141
20
-1.7454579921259843
11
2.0716837007874016
21
-1.7418133464566929
0
LINE
8
BLACK
6
CONTINUOUS
10
2.0716837007874016
20
-1.7418133464566929
11
2.0670449212598423
21
-1.7371745669291339
0
LINE
8
BLACK
6
CONTINUOUS
10
2.0670449212598423
20
-1.7371745669291339
11
2.0634002755905509
21
-1.7317199606299212
0
LINE
8
BLACK
6
CONTINUOUS
10
2.0634002755905509
20
-1.7317199606299212
11
2.0608898031496063
21
-1.7256591338582676
0
LINE
8
BLACK
6
CONTINUOUS
10
2.0608898031496063
20
-1.7256591338582676
11
2.0596099606299214
21
-1.719225
0
LINE
8
BLACK
6
CONTINUOUS
10
2.0596099606299214
20
-1.719225
11
2.0596099606299214
21
-1.7126647637795276
0
LINE
8
BLACK
6
CONTINUOUS
10
2.0596099606299214
20
-1.7126647637795276
11
2.0608898031496063
21
-1.7062306299212597
0
LINE
8
BLACK
6
CONTINUOUS
10
2.0608898031496063
20
-1.7062306299212597
11
2.0634002755905509
21
-1.7001698031496062
0
LINE
8
BLACK
6
CONTINUOUS
10
2.0634002755905509
20
-1.7001698031496062
11
2.0670449212598423
21
-1.6947151968503937
0
LINE
8
BLACK
6
CONTINUOUS
10
2.0670449212598423
20
-1.6947151968503937
11
2.0716837007874016
21
-1.6900764173228346
0
LINE
8
BLACK
6
CONTINUOUS
10
2.0716837007874016
20
-1.6900764173228346
11
2.0771383070866141
21
-1.6864317716535433
0
LINE
8
BLACK
6
CONTINUOUS
10
2.0771383070866141
20
-1.6864317716535433
11
2.0831991338582676
21
-1.6839212992125985
0
LINE
8
BLACK
6
CONTINUOUS
10
2.0831991338582676
20
-1.6839212992125985
11
2.0896332677165352
21
-1.6826414566929133
0
LINE
8
BLACK
6
CONTINUOUS
10
2.0896332677165352
20
-1.6826414566929133
11
2.0961935039370077
21
-1.6826414566929133
0
LINE
8
BLACK
6
CONTINUOUS
10
2.0961935039370077
20
-1.6826414566929133
11
2.1026276377952757
21
-1.6839212992125985
0
LINE
8
BLACK
6
CONTINUOUS
10
2.2026276377952754
20
-1.6839212992125985
11
2.2086884645669289
21
-1.6864317716535433
0
LINE
8
BLACK
6
CONTINUOUS
10
2.2086884645669289
20
-1.6864317716535433
11
2.2141430708661418
21
-1.6900764173228346
0
LINE
8
BLACK
6
CONTINUOUS
10
2.2141430708661418
20
-1.6900764173228346
11
2.2187818503937007
21
-1.6947151968503937
0
LINE
8
BLACK
6
CONTINUOUS
10
2.2187818503937007
20
-1.6947151968503937
11
2.222426496062992
21
-1.7001698031496062
0
LINE
8
BLACK
6
CONTINUOUS
10
2.222426496062992
20
-1.7001698031496062
11
2.2249369685039371
21
-1.7062306299212597
0
LINE
8
BLACK
6
CONTINUOUS
10
2.2249369685039371
20
-1.7062306299212597
11
2.226216811023622
21
-1.7126647637795276
0
LINE
8
BLACK
6
CONTINUOUS
10
2.226216811023622
20
-1.7126647637795276
11
2.226216811023622
21
-1.719225
0
LINE
8
BLACK
6
CONTINUOUS
10
2.226216811023622
20
-1.719225
11
2.2249369685039371
21
-1.7256591338582676
0
LINE
8
BLACK
6
CONTINUOUS
10
2.2249369685039371
20
-1.7256591338582676
11
2.222426496062992
21
-1.7317199606299212
0
LINE
8
BLACK
6
CONTINUOUS
10
2.222426496062992
20
-1.7317199606299212
11
2.2187818503937007
21
-1.7371745669291339
0
LINE
8
BLACK
6
CONTINUOUS
10
2.2187818503937007
20
-1.7371745669291339
11
2.2141430708661418
21
-1.7418133464566929
0
LINE
8
BLACK
6
CONTINUOUS
10
2.2141430708661418
20
-1.7418133464566929
11
2.2086884645669289
21
-1.7454579921259843
0
LINE
8
BLACK
6
CONTINUOUS
10
2.2086884645669289
20
-1.7454579921259843
11
2.2026276377952754
21
-1.7479684645669291
0
LINE
8
BLACK
6
CONTINUOUS
10
2.2026276377952754
20
-1.7479684645669291
11
2.1961935039370077
21
-1.7492483070866141
0
LINE
8
BLACK
6
CONTINUOUS
10
2.1961935039370077
20
-1.7492483070866141
11
2.1896332677165353
21
-1.7492483070866141
0
LINE
8
BLACK
6
CONTINUOUS
10
2.1896332677165353
20
-1.7492483070866141
11
2.1831991338582677
21
-1.7479684645669291
0
LINE
8
BLACK
6
CONTINUOUS
10
2.1831991338582677
20
-1.7479684645669291
11
2.1771383070866142
21
-1.7454579921259843
0
LINE
8
BLACK
6
CONTINUOUS
10
2.1771383070866142
20
-1.7454579921259843
11
2.1716837007874017
21
-1.7418133464566929
0
LINE
8
BLACK
6
CONTINUOUS
10
2.1716837007874017
20
-1.7418133464566929
11
2.1670449212598424
21
-1.7371745669291339
0
LINE
8
BLACK
6
CONTINUOUS
10
2.1670449212598424
20
-1.7371745669291339
11
2.163400275590551
21
-1.7317199606299212
0
LINE
8
BLACK
6
CONTINUOUS
10
2.163400275590551
20
-1.7317199606299212
11
2.1608898031496064
21
-1.7256591338582676
0
LINE
8
BLACK
6
CONTINUOUS
10
2.1608898031496064
20
-1.7256591338582676
11
2.1596099606299211
21
-1.719225
0
LINE
8
BLACK
6
CONTINUOUS
10
2.1596099606299211
20
-1.719225
11
2.1596099606299211
21
-1.7126647637795276
0
LINE
8
BLACK
6
CONTINUOUS
10
2.1596099606299211
20
-1.7126647637795276
11
2.1608898031496064
21
-1.7062306299212597
0
LINE
8
BLACK
6
CONTINUOUS
10
2.1608898031496064
20
-1.7062306299212597
11
2.163400275590551
21
-1.7001698031496062
0
LINE
8
BLACK
6
CONTINUOUS
10
2.163400275590551
20
-1.7001698031496062
11
2.1670449212598424
21
-1.6947151968503937
0
LINE
8
BLACK
6
CONTINUOUS
10
2.1670449212598424
20
-1.6947151968503937
11
2.1716837007874017
21
-1.6900764173228346
0
LINE
8
BLACK
6
CONTINUOUS
10
2.1716837007874017
20
-1.6900764173228346
11
2.1771383070866142
21
-1.6864317716535433
0
LINE
8
BLACK
6
CONTINUOUS
10
2.1771383070866142
20
-1.6864317716535433
11
2.1831991338582677
21
-1.6839212992125985
0
LINE
8
BLACK
6
CONTINUOUS
10
2.1831991338582677
20
-1.6839212992125985
11
2.1896332677165353
21
-1.6826414566929133
0
LINE
8
BLACK
6
CONTINUOUS
10
2.1896332677165353
20
-1.6826414566929133
11
2.1961935039370077
21
-1.6826414566929133
0
LINE
8
BLACK
6
CONTINUOUS
10
2.1961935039370077
20
-1.6826414566929133
11
2.2026276377952754
21
-1.6839212992125985
0
LINE
8
BLACK
6
CONTINUOUS
10
2.6574212598425198
20
-1.743976377952756
11
2.6024212598425196
21
-1.743976377952756
0
LINE
8
BLACK
6
CONTINUOUS
10
2.6024212598425196
20
-1.743976377952756
11
2.6024212598425196
21
-1.7089763779527558
0
LINE
8
BLACK
6
CONTINUOUS
10
2.6024212598425196
20
-1.7089763779527558
11
2.6574212598425198
21
-1.7089763779527558
0
LINE
8
BLACK
6
CONTINUOUS
10
2.6574212598425198
20
-1.7089763779527558
11
2.6574212598425198
21
-1.743976377952756
0
LINE
8
BLACK
6
CONTINUOUS
10
3.0599212598425196
20
-1.7427952755905511
11
2.9999212598425196
21
-1.7427952755905511
0
LINE
8
BLACK
6
CONTINUOUS
10
2.9999212598425196
20
-1.7427952755905511
11
2.9999212598425196
21
-1.6827952755905511
0
LINE
8
BLACK
6
CONTINUOUS
10
2.9999212598425196
20
-1.6827952755905511
11
3.0599212598425196
21
-1.6827952755905511
0
LINE
8
BLACK
6
CONTINUOUS
10
3.0599212598425196
20
-1.6827952755905511
11
3.0599212598425196
21
-1.7427952755905511
0
LINE
8
BLACK
6
CONTINUOUS
10
3.1599212598425197
20
-1.7427952755905511
11
3.0999212598425196
21
-1.7427952755905511
0
LINE
8
BLACK
6
CONTINUOUS
10
3.0999212598425196
20
-1.7427952755905511
11
3.0999212598425196
21
-1.6827952755905511
0
LINE
8
BLACK
6
CONTINUOUS
10
3.0999212598425196
20
-1.6827952755905511
11
3.1599212598425197
21
-1.6827952755905511
0
LINE
8
BLACK
6
CONTINUOUS
10
3.1599212598425197
20
-1.6827952755905511
11
3.1599212598425197
21
-1.7427952755905511
0
LINE
8
BLACK
6
CONTINUOUS
10
2.7803937007874016
20
-1.7420078740157481
11
2.7203937007874015
21
-1.7420078740157481
0
LINE
8
BLACK
6
CONTINUOUS
10
2.7203937007874015
20
-1.7420078740157481
11
2.7203937007874015
21
-1.682007874015748
0
LINE
8
BLACK
6
CONTINUOUS
10
2.7203937007874015
20
-1.682007874015748
11
2.7803937007874016
21
-1.682007874015748
0
LINE
8
BLACK
6
CONTINUOUS
10
2.7803937007874016
20
-1.682007874015748
11
2.7803937007874016
21
-1.7420078740157481
0
LINE
8
BLACK
6
CONTINUOUS
10
2.8803937007874016
20
-1.7420078740157481
11
2.8203937007874016
21
-1.7420078740157481
0
LINE
8
BLACK
6
CONTINUOUS
10
2.8203937007874016
20
-1.7420078740157481
11
2.8203937007874016
21
-1.682007874015748
0
LINE
8
BLACK
6
CONTINUOUS
10
2.8203937007874016
20
-1.682007874015748
11
2.8803937007874016
21
-1.682007874015748
0
LINE
8
BLACK
6
CONTINUOUS
10
2.8803937007874016
20
-1.682007874015748
11
2.8803937007874016
21
-1.7420078740157481
0
LINE
8
BLACK
6
CONTINUOUS
10
4.3010106692913386
20
-1.5990759842519684
11
4.3042038188976379
21
-1.6012095669291337
0
LINE
8
BLACK
6
CONTINUOUS
10
4.3042038188976379
20
-1.6012095669291337
11
4.3063374015748028
21
-1.6044027165354331
0
LINE
8
BLACK
6
CONTINUOUS
10
4.3063374015748028
20
-1.6044027165354331
11
4.3070866141732287
21
-1.6081692913385826
0
LINE
8
BLACK
6
CONTINUOUS
10
4.3070866141732287
20
-1.6081692913385826
11
4.3070866141732287
21
-1.6869094488188976
0
LINE
8
BLACK
6
CONTINUOUS
10
4.3070866141732287
20
-1.6869094488188976
11
4.3063374015748028
21
-1.6906760236220473
0
LINE
8
BLACK
6
CONTINUOUS
10
4.3063374015748028
20
-1.6906760236220473
11
4.3042038188976379
21
-1.6938691732283464
0
LINE
8
BLACK
6
CONTINUOUS
10
4.3042038188976379
20
-1.6938691732283464
11
4.3010106692913386
21
-1.6960027559055117
0
LINE
8
BLACK
6
CONTINUOUS
10
4.3010106692913386
20
-1.6960027559055117
11
4.2972440944881889
21
-1.6967519685039369
0
LINE
8
BLACK
6
CONTINUOUS
10
4.2972440944881889
20
-1.6967519685039369
11
4.2460629921259843
21
-1.6967519685039369
0
LINE
8
BLACK
6
CONTINUOUS
10
4.2460629921259843
20
-1.6967519685039369
11
4.2422964173228346
21
-1.6960027559055117
0
LINE
8
BLACK
6
CONTINUOUS
10
4.2422964173228346
20
-1.6960027559055117
11
4.2391032677165352
21
-1.6938691732283464
0
LINE
8
BLACK
6
CONTINUOUS
10
4.2391032677165352
20
-1.6938691732283464
11
4.2369696850393703
21
-1.6906760236220473
0
LINE
8
BLACK
6
CONTINUOUS
10
4.2369696850393703
20
-1.6906760236220473
11
4.2362204724409445
21
-1.6869094488188976
0
LINE
8
BLACK
6
CONTINUOUS
10
4.2362204724409445
20
-1.6869094488188976
11
4.2362204724409445
21
-1.6081692913385826
0
LINE
8
BLACK
6
CONTINUOUS
10
4.2362204724409445
20
-1.6081692913385826
11
4.2369696850393703
21
-1.6044027165354331
0
LINE
8
BLACK
6
CONTINUOUS
10
4.2369696850393703
20
-1.6044027165354331
11
4.2391032677165352
21
-1.6012095669291337
0
LINE
8
BLACK
6
CONTINUOUS
10
4.2391032677165352
20
-1.6012095669291337
11
4.2422964173228346
21
-1.5990759842519684
0
LINE
8
BLACK
6
CONTINUOUS
10
4.2422964173228346
20
-1.5990759842519684
11
4.2460629921259843
21
-1.5983267716535432
0
LINE
8
BLACK
6
CONTINUOUS
10
4.2460629921259843
20
-1.5983267716535432
11
4.2972440944881889
21
-1.5983267716535432
0
LINE
8
BLACK
6
CONTINUOUS
10
4.2972440944881889
20
-1.5983267716535432
11
4.3010106692913386
21
-1.5990759842519684
0
LINE
8
BLACK
6
CONTINUOUS
10
4.4516012204724404
20
-1.6236823622047243
11
4.4547943700787398
21
-1.6258159448818896
0
LINE
8
BLACK
6
CONTINUOUS
10
4.4547943700787398
20
-1.6258159448818896
11
4.4569279527559056
21
-1.629009094488189
0
LINE
8
BLACK
6
CONTINUOUS
10
4.4569279527559056
20
-1.629009094488189
11
4.4576771653543306
21
-1.6327756692913384
0
LINE
8
BLACK
6
CONTINUOUS
10
4.4576771653543306
20
-1.6327756692913384
11
4.4576771653543306
21
-1.6623032283464567
0
LINE
8
BLACK
6
CONTINUOUS
10
4.4576771653543306
20
-1.6623032283464567
11
4.4569279527559056
21
-1.6660698031496062
0
LINE
8
BLACK
6
CONTINUOUS
10
4.4569279527559056
20
-1.6660698031496062
11
4.4547943700787398
21
-1.6692629527559055
0
LINE
8
BLACK
6
CONTINUOUS
10
4.4547943700787398
20
-1.6692629527559055
11
4.4516012204724404
21
-1.6713965354330709
0
LINE
8
BLACK
6
CONTINUOUS
10
4.4516012204724404
20
-1.6713965354330709
11
4.4478346456692917
21
-1.6721457480314961
0
LINE
8
BLACK
6
CONTINUOUS
10
4.4478346456692917
20
-1.6721457480314961
11
4.3631889763779528
21
-1.6721457480314961
0
LINE
8
BLACK
6
CONTINUOUS
10
4.3631889763779528
20
-1.6721457480314961
11
4.3594224015748031
21
-1.6713965354330709
0
LINE
8
BLACK
6
CONTINUOUS
10
4.3594224015748031
20
-1.6713965354330709
11
4.3562292519685037
21
-1.6692629527559055
0
LINE
8
BLACK
6
CONTINUOUS
10
4.3562292519685037
20
-1.6692629527559055
11
4.3540956692913388
21
-1.6660698031496062
0
LINE
8
BLACK
6
CONTINUOUS
10
4.3540956692913388
20
-1.6660698031496062
11
4.353346456692913
21
-1.6623032283464567
0
LINE
8
BLACK
6
CONTINUOUS
10
4.353346456692913
20
-1.6623032283464567
11
4.353346456692913
21
-1.6327756692913384
0
LINE
8
BLACK
6
CONTINUOUS
10
4.353346456692913
20
-1.6327756692913384
11
4.3540956692913388
21
-1.629009094488189
0
LINE
8
BLACK
6
CONTINUOUS
10
4.3540956692913388
20
-1.629009094488189
11
4.3562292519685037
21
-1.6258159448818896
0
LINE
8
BLACK
6
CONTINUOUS
10
4.3562292519685037
20
-1.6258159448818896
11
4.3594224015748031
21
-1.6236823622047243
0
LINE
8
BLACK
6
CONTINUOUS
10
4.3594224015748031
20
-1.6236823622047243
11
4.3631889763779528
21
-1.6229331496062991
0
LINE
8
BLACK
6
CONTINUOUS
10
4.3631889763779528
20
-1.6229331496062991
11
4.4478346456692917
21
-1.6229331496062991
0
LINE
8
BLACK
6
CONTINUOUS
10
4.4478346456692917
20
-1.6229331496062991
11
4.4516012204724404
21
-1.6236823622047243
0
LINE
8
BLACK
6
CONTINUOUS
10
2.1026276377952757
20
-1.5839212992125984
11
2.1086884645669293
21
-1.5864317716535432
0
LINE
8
BLACK
6
CONTINUOUS
10
2.1086884645669293
20
-1.5864317716535432
11
2.1141430708661417
21
-1.5900764173228346
0
LINE
8
BLACK
6
CONTINUOUS
10
2.1141430708661417
20
-1.5900764173228346
11
2.1187818503937006
21
-1.5947151968503936
0
LINE
8
BLACK
6
CONTINUOUS
10
2.1187818503937006
20
-1.5947151968503936
11
2.1224264960629919
21
-1.6001698031496063
0
LINE
8
BLACK
6
CONTINUOUS
10
2.1224264960629919
20
-1.6001698031496063
11
2.124936968503937
21
-1.6062306299212599
0
LINE
8
BLACK
6
CONTINUOUS
10
2.124936968503937
20
-1.6062306299212599
11
2.1262168110236219
21
-1.6126647637795275
0
LINE
8
BLACK
6
CONTINUOUS
10
2.1262168110236219
20
-1.6126647637795275
11
2.1262168110236219
21
-1.6192249999999999
0
LINE
8
BLACK
6
CONTINUOUS
10
2.1262168110236219
20
-1.6192249999999999
11
2.124936968503937
21
-1.6256591338582678
0
LINE
8
BLACK
6
CONTINUOUS
10
2.124936968503937
20
-1.6256591338582678
11
2.1224264960629919
21
-1.6317199606299213
0
LINE
8
BLACK
6
CONTINUOUS
10
2.1224264960629919
20
-1.6317199606299213
11
2.1187818503937006
21
-1.6371745669291338
0
LINE
8
BLACK
6
CONTINUOUS
10
2.1187818503937006
20
-1.6371745669291338
11
2.1141430708661417
21
-1.6418133464566929
0
LINE
8
BLACK
6
CONTINUOUS
10
2.1141430708661417
20
-1.6418133464566929
11
2.1086884645669293
21
-1.6454579921259842
0
LINE
8
BLACK
6
CONTINUOUS
10
2.1086884645669293
20
-1.6454579921259842
11
2.1026276377952757
21
-1.647968464566929
0
LINE
8
BLACK
6
CONTINUOUS
10
2.1026276377952757
20
-1.647968464566929
11
2.0961935039370077
21
-1.6492483070866142
0
LINE
8
BLACK
6
CONTINUOUS
10
2.0961935039370077
20
-1.6492483070866142
11
2.0896332677165352
21
-1.6492483070866142
0
LINE
8
BLACK
6
CONTINUOUS
10
2.0896332677165352
20
-1.6492483070866142
11
2.0831991338582676
21
-1.647968464566929
0
LINE
8
BLACK
6
CONTINUOUS
10
2.0831991338582676
20
-1.647968464566929
11
2.0771383070866141
21
-1.6454579921259842
0
LINE
8
BLACK
6
CONTINUOUS
10
2.0771383070866141
20
-1.6454579921259842
11
2.0716837007874016
21
-1.6418133464566929
0
LINE
8
BLACK
6
CONTINUOUS
10
2.0716837007874016
20
-1.6418133464566929
11
2.0670449212598423
21
-1.6371745669291338
0
LINE
8
BLACK
6
CONTINUOUS
10
2.0670449212598423
20
-1.6371745669291338
11
2.0634002755905509
21
-1.6317199606299213
0
LINE
8
BLACK
6
CONTINUOUS
10
2.0634002755905509
20
-1.6317199606299213
11
2.0608898031496063
21
-1.6256591338582678
0
LINE
8
BLACK
6
CONTINUOUS
10
2.0608898031496063
20
-1.6256591338582678
11
2.0596099606299214
21
-1.6192249999999999
0
LINE
8
BLACK
6
CONTINUOUS
10
2.0596099606299214
20
-1.6192249999999999
11
2.0596099606299214
21
-1.6126647637795275
0
LINE
8
BLACK
6
CONTINUOUS
10
2.0596099606299214
20
-1.6126647637795275
11
2.0608898031496063
21
-1.6062306299212599
0
LINE
8
BLACK
6
CONTINUOUS
10
2.0608898031496063
20
-1.6062306299212599
11
2.0634002755905509
21
-1.6001698031496063
0
LINE
8
BLACK
6
CONTINUOUS
10
2.0634002755905509
20
-1.6001698031496063
11
2.0670449212598423
21
-1.5947151968503936
0
LINE
8
BLACK
6
CONTINUOUS
10
2.0670449212598423
20
-1.5947151968503936
11
2.0716837007874016
21
-1.5900764173228346
0
LINE
8
BLACK
6
CONTINUOUS
10
2.0716837007874016
20
-1.5900764173228346
11
2.0771383070866141
21
-1.5864317716535432
0
LINE
8
BLACK
6
CONTINUOUS
10
2.0771383070866141
20
-1.5864317716535432
11
2.0831991338582676
21
-1.5839212992125984
0
LINE
8
BLACK
6
CONTINUOUS
10
2.0831991338582676
20
-1.5839212992125984
11
2.0896332677165352
21
-1.5826414566929135
0
LINE
8
BLACK
6
CONTINUOUS
10
2.0896332677165352
20
-1.5826414566929135
11
2.0961935039370077
21
-1.5826414566929135
0
LINE
8
BLACK
6
CONTINUOUS
10
2.0961935039370077
20
-1.5826414566929135
11
2.1026276377952757
21
-1.5839212992125984
0
LINE
8
BLACK
6
CONTINUOUS
10
2.2026276377952754
20
-1.5839212992125984
11
2.2086884645669289
21
-1.5864317716535432
0
LINE
8
BLACK
6
CONTINUOUS
10
2.2086884645669289
20
-1.5864317716535432
11
2.2141430708661418
21
-1.5900764173228346
0
LINE
8
BLACK
6
CONTINUOUS
10
2.2141430708661418
20
-1.5900764173228346
11
2.2187818503937007
21
-1.5947151968503936
0
LINE
8
BLACK
6
CONTINUOUS
10
2.2187818503937007
20
-1.5947151968503936
11
2.222426496062992
21
-1.6001698031496063
0
LINE
8
BLACK
6
CONTINUOUS
10
2.222426496062992
20
-1.6001698031496063
11
2.2249369685039371
21
-1.6062306299212599
0
LINE
8
BLACK
6
CONTINUOUS
10
2.2249369685039371
20
-1.6062306299212599
11
2.226216811023622
21
-1.6126647637795275
0
LINE
8
BLACK
6
CONTINUOUS
10
2.226216811023622
20
-1.6126647637795275
11
2.226216811023622
21
-1.6192249999999999
0
LINE
8
BLACK
6
CONTINUOUS
10
2.226216811023622
20
-1.6192249999999999
11
2.2249369685039371
21
-1.6256591338582678
0
LINE
8
BLACK
6
CONTINUOUS
10
2.2249369685039371
20
-1.6256591338582678
11
2.222426496062992
21
-1.6317199606299213
0
LINE
8
BLACK
6
CONTINUOUS
10
2.222426496062992
20
-1.6317199606299213
11
2.2187818503937007
21
-1.6371745669291338
0
LINE
8
BLACK
6
CONTINUOUS
10
2.2187818503937007
20
-1.6371745669291338
11
2.2141430708661418
21
-1.6418133464566929
0
LINE
8
BLACK
6
CONTINUOUS
10
2.2141430708661418
20
-1.6418133464566929
11
2.2086884645669289
21
-1.6454579921259842
0
LINE
8
BLACK
6
CONTINUOUS
10
2.2086884645669289
20
-1.6454579921259842
11
2.2026276377952754
21
-1.647968464566929
0
LINE
8
BLACK
6
CONTINUOUS
10
2.2026276377952754
20
-1.647968464566929
11
2.1961935039370077
21
-1.6492483070866142
0
LINE
8
BLACK
6
CONTINUOUS
10
2.1961935039370077
20
-1.6492483070866142
11
2.1896332677165353
21
-1.6492483070866142
0
LINE
8
BLACK
6
CONTINUOUS
10
2.1896332677165353
20
-1.6492483070866142
11
2.1831991338582677
21
-1.647968464566929
0
LINE
8
BLACK
6
CONTINUOUS
10
2.1831991338582677
20
-1.647968464566929
11
2.1771383070866142
21
-1.6454579921259842
0
LINE
8
BLACK
6
CONTINUOUS
10
2.1771383070866142
20
-1.6454579921259842
11
2.1716837007874017
21
-1.6418133464566929
0
LINE
8
BLACK
6
CONTINUOUS
10
2.1716837007874017
20
-1.6418133464566929
11
2.1670449212598424
21
-1.6371745669291338
0
LINE
8
BLACK
6
CONTINUOUS
10
2.1670449212598424
20
-1.6371745669291338
11
2.163400275590551
21
-1.6317199606299213
0
LINE
8
BLACK
6
CONTINUOUS
10
2.163400275590551
20
-1.6317199606299213
11
2.1608898031496064
21
-1.6256591338582678
0
LINE
8
BLACK
6
CONTINUOUS
10
2.1608898031496064
20
-1.6256591338582678
11
2.1596099606299211
21
-1.6192249999999999
0
LINE
8
BLACK
6
CONTINUOUS
10
2.1596099606299211
20
-1.6192249999999999
11
2.1596099606299211
21
-1.6126647637795275
0
LINE
8
BLACK
6
CONTINUOUS
10
2.1596099606299211
20
-1.6126647637795275
11
2.1608898031496064
21
-1.6062306299212599
0
LINE
8
BLACK
6
CONTINUOUS
10
2.1608898031496064
20
-1.6062306299212599
11
2.163400275590551
21
-1.6001698031496063
0
LINE
8
BLACK
6
CONTINUOUS
10
2.163400275590551
20
-1.6001698031496063
11
2.1670449212598424
21
-1.5947151968503936
0
LINE
8
BLACK
6
CONTINUOUS
10
2.1670449212598424
20
-1.5947151968503936
11
2.1716837007874017
21
-1.5900764173228346
0
LINE
8
BLACK
6
CONTINUOUS
10
2.1716837007874017
20
-1.5900764173228346
11
2.1771383070866142
21
-1.5864317716535432
0
LINE
8
BLACK
6
CONTINUOUS
10
2.1771383070866142
20
-1.5864317716535432
11
2.1831991338582677
21
-1.5839212992125984
0
LINE
8
BLACK
6
CONTINUOUS
10
2.1831991338582677
20
-1.5839212992125984
11
2.1896332677165353
21
-1.5826414566929135
0
LINE
8
BLACK
6
CONTINUOUS
10
2.1896332677165353
20
-1.5826414566929135
11
2.1961935039370077
21
-1.5826414566929135
0
LINE
8
BLACK
6
CONTINUOUS
10
2.1961935039370077
20
-1.5826414566929135
11
2.2026276377952754
21
-1.5839212992125984
0
LINE
8
BLACK
6
CONTINUOUS
10
2.7803937007874016
20
-1.642007874015748
11
2.7203937007874015
21
-1.642007874015748
0
LINE
8
BLACK
6
CONTINUOUS
10
2.7203937007874015
20
-1.642007874015748
11
2.7203937007874015
21
-1.5820078740157479
0
LINE
8
BLACK
6
CONTINUOUS
10
2.7203937007874015
20
-1.5820078740157479
11
2.7803937007874016
21
-1.5820078740157479
0
LINE
8
BLACK
6
CONTINUOUS
10
2.7803937007874016
20
-1.5820078740157479
11
2.7803937007874016
21
-1.642007874015748
0
LINE
8
BLACK
6
CONTINUOUS
10
2.8803937007874016
20
-1.642007874015748
11
2.8203937007874016
21
-1.642007874015748
0
LINE
8
BLACK
6
CONTINUOUS
10
2.8203937007874016
20
-1.642007874015748
11
2.8203937007874016
21
-1.5820078740157479
0
LINE
8
BLACK
6
CONTINUOUS
10
2.8203937007874016
20
-1.5820078740157479
11
2.8803937007874016
21
-1.5820078740157479
0
LINE
8
BLACK
6
CONTINUOUS
10
2.8803937007874016
20
-1.5820078740157479
11
2.8803937007874016
21
-1.642007874015748
0
LINE
8
BLACK
6
CONTINUOUS
10
3.0599212598425196
20
-1.6404330708661417
11
2.9999212598425196
21
-1.6404330708661417
0
LINE
8
BLACK
6
CONTINUOUS
10
2.9999212598425196
20
-1.6404330708661417
11
2.9999212598425196
21
-1.5804330708661416
0
LINE
8
BLACK
6
CONTINUOUS
10
2.9999212598425196
20
-1.5804330708661416
11
3.0599212598425196
21
-1.5804330708661416
0
LINE
8
BLACK
6
CONTINUOUS
10
3.0599212598425196
20
-1.5804330708661416
11
3.0599212598425196
21
-1.6404330708661417
0
LINE
8
BLACK
6
CONTINUOUS
10
3.1599212598425197
20
-1.6404330708661417
11
3.0999212598425196
21
-1.6404330708661417
0
LINE
8
BLACK
6
CONTINUOUS
10
3.0999212598425196
20
-1.6404330708661417
11
3.0999212598425196
21
-1.5804330708661416
0
LINE
8
BLACK
6
CONTINUOUS
10
3.0999212598425196
20
-1.5804330708661416
11
3.1599212598425197
21
-1.5804330708661416
0
LINE
8
BLACK
6
CONTINUOUS
10
3.1599212598425197
20
-1.5804330708661416
11
3.1599212598425197
21
-1.6404330708661417
0
LINE
8
BLACK
6
CONTINUOUS
10
3.5108872834645668
20
-1.5441033070866141
11
3.5134417716535431
21
-1.5458101968503937
0
LINE
8
BLACK
6
CONTINUOUS
10
3.5134417716535431
20
-1.5458101968503937
11
3.5151486614173226
21
-1.54836468503937
0
LINE
8
BLACK
6
CONTINUOUS
10
3.5151486614173226
20
-1.54836468503937
11
3.515748031496063
21
-1.5513779527559055
0
LINE
8
BLACK
6
CONTINUOUS
10
3.515748031496063
20
-1.5513779527559055
11
3.515748031496063
21
-1.6064960629921259
0
LINE
8
BLACK
6
CONTINUOUS
10
3.515748031496063
20
-1.6064960629921259
11
3.5151486614173226
21
-1.6095093307086614
0
LINE
8
BLACK
6
CONTINUOUS
10
3.5151486614173226
20
-1.6095093307086614
11
3.5134417716535431
21
-1.6120638188976377
0
LINE
8
BLACK
6
CONTINUOUS
10
3.5134417716535431
20
-1.6120638188976377
11
3.5108872834645668
21
-1.6137707086614173
0
LINE
8
BLACK
6
CONTINUOUS
10
3.5108872834645668
20
-1.6137707086614173
11
3.5078740157480315
21
-1.6143700787401574
0
LINE
8
BLACK
6
CONTINUOUS
10
3.5078740157480315
20
-1.6143700787401574
11
3.4921259842519685
21
-1.6143700787401574
0
LINE
8
BLACK
6
CONTINUOUS
10
3.4921259842519685
20
-1.6143700787401574
11
3.4891127165354332
21
-1.6137707086614173
0
LINE
8
BLACK
6
CONTINUOUS
10
3.4891127165354332
20
-1.6137707086614173
11
3.4865582283464565
21
-1.6120638188976377
0
LINE
8
BLACK
6
CONTINUOUS
10
3.4865582283464565
20
-1.6120638188976377
11
3.4848513385826769
21
-1.6095093307086614
0
LINE
8
BLACK
6
CONTINUOUS
10
3.4848513385826769
20
-1.6095093307086614
11
3.484251968503937
21
-1.6064960629921259
0
LINE
8
BLACK
6
CONTINUOUS
10
3.484251968503937
20
-1.6064960629921259
11
3.484251968503937
21
-1.5513779527559055
0
LINE
8
BLACK
6
CONTINUOUS
10
3.484251968503937
20
-1.5513779527559055
11
3.4848513385826769
21
-1.54836468503937
0
LINE
8
BLACK
6
CONTINUOUS
10
3.4848513385826769
20
-1.54836468503937
11
3.4865582283464565
21
-1.5458101968503937
0
LINE
8
BLACK
6
CONTINUOUS
10
3.4865582283464565
20
-1.5458101968503937
11
3.4891127165354332
21
-1.5441033070866141
0
LINE
8
BLACK
6
CONTINUOUS
10
3.4891127165354332
20
-1.5441033070866141
11
3.4921259842519685
21
-1.543503937007874
0
LINE
8
BLACK
6
CONTINUOUS
10
3.4921259842519685
20
-1.543503937007874
11
3.5078740157480315
21
-1.543503937007874
0
LINE
8
BLACK
6
CONTINUOUS
10
3.5078740157480315
20
-1.543503937007874
11
3.5108872834645668
21
-1.5441033070866141
0
LINE
8
BLACK
6
CONTINUOUS
10
3.55419437007874
20
-1.5441033070866141
11
3.5567488582677163
21
-1.5458101968503937
0
LINE
8
BLACK
6
CONTINUOUS
10
3.5567488582677163
20
-1.5458101968503937
11
3.5584557480314958
21
-1.54836468503937
0
LINE
8
BLACK
6
CONTINUOUS
10
3.5584557480314958
20
-1.54836468503937
11
3.5590551181102361
21
-1.5513779527559055
0
LINE
8
BLACK
6
CONTINUOUS
10
3.5590551181102361
20
-1.5513779527559055
11
3.5590551181102361
21
-1.6064960629921259
0
LINE
8
BLACK
6
CONTINUOUS
10
3.5590551181102361
20
-1.6064960629921259
11
3.5584557480314958
21
-1.6095093307086614
0
LINE
8
BLACK
6
CONTINUOUS
10
3.5584557480314958
20
-1.6095093307086614
11
3.5567488582677163
21
-1.6120638188976377
0
LINE
8
BLACK
6
CONTINUOUS
10
3.5567488582677163
20
-1.6120638188976377
11
3.55419437007874
21
-1.6137707086614173
0
LINE
8
BLACK
6
CONTINUOUS
10
3.55419437007874
20
-1.6137707086614173
11
3.5511811023622046
21
-1.6143700787401574
0
LINE
8
BLACK
6
CONTINUOUS
10
3.5511811023622046
20
-1.6143700787401574
11
3.5354330708661417
21
-1.6143700787401574
0
LINE
8
BLACK
6
CONTINUOUS
10
3.5354330708661417
20
-1.6143700787401574
11
3.5324198031496064
21
-1.6137707086614173
0
LINE
8
BLACK
6
CONTINUOUS
10
3.5324198031496064
20
-1.6137707086614173
11
3.5298653149606301
21
-1.6120638188976377
0
LINE
8
BLACK
6
CONTINUOUS
10
3.5298653149606301
20
-1.6120638188976377
11
3.5281584251968505
21
-1.6095093307086614
0
LINE
8
BLACK
6
CONTINUOUS
10
3.5281584251968505
20
-1.6095093307086614
11
3.5275590551181102
21
-1.6064960629921259
0
LINE
8
BLACK
6
CONTINUOUS
10
3.5275590551181102
20
-1.6064960629921259
11
3.5275590551181102
21
-1.5513779527559055
0
LINE
8
BLACK
6
CONTINUOUS
10
3.5275590551181102
20
-1.5513779527559055
11
3.5281584251968505
21
-1.54836468503937
0
LINE
8
BLACK
6
CONTINUOUS
10
3.5281584251968505
20
-1.54836468503937
11
3.5298653149606301
21
-1.5458101968503937
0
LINE
8
BLACK
6
CONTINUOUS
10
3.5298653149606301
20
-1.5458101968503937
11
3.5324198031496064
21
-1.5441033070866141
0
LINE
8
BLACK
6
CONTINUOUS
10
3.5324198031496064
20
-1.5441033070866141
11
3.5354330708661417
21
-1.543503937007874
0
LINE
8
BLACK
6
CONTINUOUS
10
3.5354330708661417
20
-1.543503937007874
11
3.5511811023622046
21
-1.543503937007874
0
LINE
8
BLACK
6
CONTINUOUS
10
3.5511811023622046
20
-1.543503937007874
11
3.55419437007874
21
-1.5441033070866141
0
LINE
8
BLACK
6
CONTINUOUS
10
3.5975014566929131
20
-1.5441033070866141
11
3.6000559448818898
21
-1.5458101968503937
0
LINE
8
BLACK
6
CONTINUOUS
10
3.6000559448818898
20
-1.5458101968503937
11
3.6017628346456694
21
-1.54836468503937
0
LINE
8
BLACK
6
CONTINUOUS
10
3.6017628346456694
20
-1.54836468503937
11
3.6023622047244093
21
-1.5513779527559055
0
LINE
8
BLACK
6
CONTINUOUS
10
3.6023622047244093
20
-1.5513779527559055
11
3.6023622047244093
21
-1.6064960629921259
0
LINE
8
BLACK
6
CONTINUOUS
10
3.6023622047244093
20
-1.6064960629921259
11
3.6017628346456694
21
-1.6095093307086614
0
LINE
8
BLACK
6
CONTINUOUS
10
3.6017628346456694
20
-1.6095093307086614
11
3.6000559448818898
21
-1.6120638188976377
0
LINE
8
BLACK
6
CONTINUOUS
10
3.6000559448818898
20
-1.6120638188976377
11
3.5975014566929131
21
-1.6137707086614173
0
LINE
8
BLACK
6
CONTINUOUS
10
3.5975014566929131
20
-1.6137707086614173
11
3.5944881889763778
21
-1.6143700787401574
0
LINE
8
BLACK
6
CONTINUOUS
10
3.5944881889763778
20
-1.6143700787401574
11
3.5787401574803148
21
-1.6143700787401574
0
LINE
8
BLACK
6
CONTINUOUS
10
3.5787401574803148
20
-1.6143700787401574
11
3.5757268897637795
21
-1.6137707086614173
0
LINE
8
BLACK
6
CONTINUOUS
10
3.5757268897637795
20
-1.6137707086614173
11
3.5731724015748032
21
-1.6120638188976377
0
LINE
8
BLACK
6
CONTINUOUS
10
3.5731724015748032
20
-1.6120638188976377
11
3.5714655118110237
21
-1.6095093307086614
0
LINE
8
BLACK
6
CONTINUOUS
10
3.5714655118110237
20
-1.6095093307086614
11
3.5708661417322833
21
-1.6064960629921259
0
LINE
8
BLACK
6
CONTINUOUS
10
3.5708661417322833
20
-1.6064960629921259
11
3.5708661417322833
21
-1.5513779527559055
0
LINE
8
BLACK
6
CONTINUOUS
10
3.5708661417322833
20
-1.5513779527559055
11
3.5714655118110237
21
-1.54836468503937
0
LINE
8
BLACK
6
CONTINUOUS
10
3.5714655118110237
20
-1.54836468503937
11
3.5731724015748032
21
-1.5458101968503937
0
LINE
8
BLACK
6
CONTINUOUS
10
3.5731724015748032
20
-1.5458101968503937
11
3.5757268897637795
21
-1.5441033070866141
0
LINE
8
BLACK
6
CONTINUOUS
10
3.5757268897637795
20
-1.5441033070866141
11
3.5787401574803148
21
-1.543503937007874
0
LINE
8
BLACK
6
CONTINUOUS
10
3.5787401574803148
20
-1.543503937007874
11
3.5944881889763778
21
-1.543503937007874
0
LINE
8
BLACK
6
CONTINUOUS
10
3.5944881889763778
20
-1.543503937007874
11
3.5975014566929131
21
-1.5441033070866141
0
LINE
8
BLACK
6
CONTINUOUS
10
3.6408085433070867
20
-1.5441033070866141
11
3.643363031496063
21
-1.5458101968503937
0
LINE
8
BLACK
6
CONTINUOUS
10
3.643363031496063
20
-1.5458101968503937
11
3.6450699212598425
21
-1.54836468503937
0
LINE
8
BLACK
6
CONTINUOUS
10
3.6450699212598425
20
-1.54836468503937
11
3.6456692913385824
21
-1.5513779527559055
0
LINE
8
BLACK
6
CONTINUOUS
10
3.6456692913385824
20
-1.5513779527559055
11
3.6456692913385824
21
-1.6064960629921259
0
LINE
8
BLACK
6
CONTINUOUS
10
3.6456692913385824
20
-1.6064960629921259
11
3.6450699212598425
21
-1.6095093307086614
0
LINE
8
BLACK
6
CONTINUOUS
10
3.6450699212598425
20
-1.6095093307086614
11
3.643363031496063
21
-1.6120638188976377
0
LINE
8
BLACK
6
CONTINUOUS
10
3.643363031496063
20
-1.6120638188976377
11
3.6408085433070867
21
-1.6137707086614173
0
LINE
8
BLACK
6
CONTINUOUS
10
3.6408085433070867
20
-1.6137707086614173
11
3.6377952755905509
21
-1.6143700787401574
0
LINE
8
BLACK
6
CONTINUOUS
10
3.6377952755905509
20
-1.6143700787401574
11
3.622047244094488
21
-1.6143700787401574
0
LINE
8
BLACK
6
CONTINUOUS
10
3.622047244094488
20
-1.6143700787401574
11
3.6190339763779527
21
-1.6137707086614173
0
LINE
8
BLACK
6
CONTINUOUS
10
3.6190339763779527
20
-1.6137707086614173
11
3.6164794881889764
21
-1.6120638188976377
0
LINE
8
BLACK
6
CONTINUOUS
10
3.6164794881889764
20
-1.6120638188976377
11
3.6147725984251968
21
-1.6095093307086614
0
LINE
8
BLACK
6
CONTINUOUS
10
3.6147725984251968
20
-1.6095093307086614
11
3.6141732283464565
21
-1.6064960629921259
0
LINE
8
BLACK
6
CONTINUOUS
10
3.6141732283464565
20
-1.6064960629921259
11
3.6141732283464565
21
-1.5513779527559055
0
LINE
8
BLACK
6
CONTINUOUS
10
3.6141732283464565
20
-1.5513779527559055
11
3.6147725984251968
21
-1.54836468503937
0
LINE
8
BLACK
6
CONTINUOUS
10
3.6147725984251968
20
-1.54836468503937
11
3.6164794881889764
21
-1.5458101968503937
0
LINE
8
BLACK
6
CONTINUOUS
10
3.6164794881889764
20
-1.5458101968503937
11
3.6190339763779527
21
-1.5441033070866141
0
LINE
8
BLACK
6
CONTINUOUS
10
3.6190339763779527
20
-1.5441033070866141
11
3.622047244094488
21
-1.543503937007874
0
LINE
8
BLACK
6
CONTINUOUS
10
3.622047244094488
20
-1.543503937007874
11
3.6377952755905509
21
-1.543503937007874
0
LINE
8
BLACK
6
CONTINUOUS
10
3.6377952755905509
20
-1.543503937007874
11
3.6408085433070867
21
-1.5441033070866141
0
LINE
8
BLACK
6
CONTINUOUS
10
3.6841156299212598
20
-1.5441033070866141
11
3.6866701181102361
21
-1.5458101968503937
0
LINE
8
BLACK
6
CONTINUOUS
10
3.6866701181102361
20
-1.5458101968503937
11
3.6883770078740157
21
-1.54836468503937
0
LINE
8
BLACK
6
CONTINUOUS
10
3.6883770078740157
20
-1.54836468503937
11
3.688976377952756
21
-1.5513779527559055
0
LINE
8
BLACK
6
CONTINUOUS
10
3.688976377952756
20
-1.5513779527559055
11
3.688976377952756
21
-1.6064960629921259
0
LINE
8
BLACK
6
CONTINUOUS
10
3.688976377952756
20
-1.6064960629921259
11
3.6883770078740157
21
-1.6095093307086614
0
LINE
8
BLACK
6
CONTINUOUS
10
3.6883770078740157
20
-1.6095093307086614
11
3.6866701181102361
21
-1.6120638188976377
0
LINE
8
BLACK
6
CONTINUOUS
10
3.6866701181102361
20
-1.6120638188976377
11
3.6841156299212598
21
-1.6137707086614173
0
LINE
8
BLACK
6
CONTINUOUS
10
3.6841156299212598
20
-1.6137707086614173
11
3.6811023622047245
21
-1.6143700787401574
0
LINE
8
BLACK
6
CONTINUOUS
10
3.6811023622047245
20
-1.6143700787401574
11
3.6653543307086611
21
-1.6143700787401574
0
LINE
8
BLACK
6
CONTINUOUS
10
3.6653543307086611
20
-1.6143700787401574
11
3.6623410629921258
21
-1.6137707086614173
0
LINE
8
BLACK
6
CONTINUOUS
10
3.6623410629921258
20
-1.6137707086614173
11
3.6597865748031495
21
-1.6120638188976377
0
LINE
8
BLACK
6
CONTINUOUS
10
3.6597865748031495
20
-1.6120638188976377
11
3.65807968503937
21
-1.6095093307086614
0
LINE
8
BLACK
6
CONTINUOUS
10
3.65807968503937
20
-1.6095093307086614
11
3.6574803149606296
21
-1.6064960629921259
0
LINE
8
BLACK
6
CONTINUOUS
10
3.6574803149606296
20
-1.6064960629921259
11
3.6574803149606296
21
-1.5513779527559055
0
LINE
8
BLACK
6
CONTINUOUS
10
3.6574803149606296
20
-1.5513779527559055
11
3.65807968503937
21
-1.54836468503937
0
LINE
8
BLACK
6
CONTINUOUS
10
3.65807968503937
20
-1.54836468503937
11
3.6597865748031495
21
-1.5458101968503937
0
LINE
8
BLACK
6
CONTINUOUS
10
3.6597865748031495
20
-1.5458101968503937
11
3.6623410629921258
21
-1.5441033070866141
0
LINE
8
BLACK
6
CONTINUOUS
10
3.6623410629921258
20
-1.5441033070866141
11
3.6653543307086611
21
-1.543503937007874
0
LINE
8
BLACK
6
CONTINUOUS
10
3.6653543307086611
20
-1.543503937007874
11
3.6811023622047245
21
-1.543503937007874
0
LINE
8
BLACK
6
CONTINUOUS
10
3.6811023622047245
20
-1.543503937007874
11
3.6841156299212598
21
-1.5441033070866141
0
LINE
8
BLACK
6
CONTINUOUS
10
3.8022258661417321
20
-1.5441033070866141
11
3.8047803543307084
21
-1.5458101968503937
0
LINE
8
BLACK
6
CONTINUOUS
10
3.8047803543307084
20
-1.5458101968503937
11
3.8064872440944879
21
-1.54836468503937
0
LINE
8
BLACK
6
CONTINUOUS
10
3.8064872440944879
20
-1.54836468503937
11
3.8070866141732282
21
-1.5513779527559055
0
LINE
8
BLACK
6
CONTINUOUS
10
3.8070866141732282
20
-1.5513779527559055
11
3.8070866141732282
21
-1.6064960629921259
0
LINE
8
BLACK
6
CONTINUOUS
10
3.8070866141732282
20
-1.6064960629921259
11
3.8064872440944879
21
-1.6095093307086614
0
LINE
8
BLACK
6
CONTINUOUS
10
3.8064872440944879
20
-1.6095093307086614
11
3.8047803543307084
21
-1.6120638188976377
0
LINE
8
BLACK
6
CONTINUOUS
10
3.8047803543307084
20
-1.6120638188976377
11
3.8022258661417321
21
-1.6137707086614173
0
LINE
8
BLACK
6
CONTINUOUS
10
3.8022258661417321
20
-1.6137707086614173
11
3.7992125984251968
21
-1.6143700787401574
0
LINE
8
BLACK
6
CONTINUOUS
10
3.7992125984251968
20
-1.6143700787401574
11
3.7834645669291338
21
-1.6143700787401574
0
LINE
8
BLACK
6
CONTINUOUS
10
3.7834645669291338
20
-1.6143700787401574
11
3.7804512992125985
21
-1.6137707086614173
0
LINE
8
BLACK
6
CONTINUOUS
10
3.7804512992125985
20
-1.6137707086614173
11
3.7778968110236222
21
-1.6120638188976377
0
LINE
8
BLACK
6
CONTINUOUS
10
3.7778968110236222
20
-1.6120638188976377
11
3.7761899212598427
21
-1.6095093307086614
0
LINE
8
BLACK
6
CONTINUOUS
10
3.7761899212598427
20
-1.6095093307086614
11
3.7755905511811023
21
-1.6064960629921259
0
LINE
8
BLACK
6
CONTINUOUS
10
3.7755905511811023
20
-1.6064960629921259
11
3.7755905511811023
21
-1.5513779527559055
0
LINE
8
BLACK
6
CONTINUOUS
10
3.7755905511811023
20
-1.5513779527559055
11
3.7761899212598427
21
-1.54836468503937
0
LINE
8
BLACK
6
CONTINUOUS
10
3.7761899212598427
20
-1.54836468503937
11
3.7778968110236222
21
-1.5458101968503937
0
LINE
8
BLACK
6
CONTINUOUS
10
3.7778968110236222
20
-1.5458101968503937
11
3.7804512992125985
21
-1.5441033070866141
0
LINE
8
BLACK
6
CONTINUOUS
10
3.7804512992125985
20
-1.5441033070866141
11
3.7834645669291338
21
-1.543503937007874
0
LINE
8
BLACK
6
CONTINUOUS
10
3.7834645669291338
20
-1.543503937007874
11
3.7992125984251968
21
-1.543503937007874
0
LINE
8
BLACK
6
CONTINUOUS
10
3.7992125984251968
20
-1.543503937007874
11
3.8022258661417321
21
-1.5441033070866141
0
LINE
8
BLACK
6
CONTINUOUS
10
3.8455329527559052
20
-1.5441033070866141
11
3.848087440944882
21
-1.5458101968503937
0
LINE
8
BLACK
6
CONTINUOUS
10
3.848087440944882
20
-1.5458101968503937
11
3.8497943307086615
21
-1.54836468503937
0
LINE
8
BLACK
6
CONTINUOUS
10
3.8497943307086615
20
-1.54836468503937
11
3.8503937007874014
21
-1.5513779527559055
0
LINE
8
BLACK
6
CONTINUOUS
10
3.8503937007874014
20
-1.5513779527559055
11
3.8503937007874014
21
-1.6064960629921259
0
LINE
8
BLACK
6
CONTINUOUS
10
3.8503937007874014
20
-1.6064960629921259
11
3.8497943307086615
21
-1.6095093307086614
0
LINE
8
BLACK
6
CONTINUOUS
10
3.8497943307086615
20
-1.6095093307086614
11
3.848087440944882
21
-1.6120638188976377
0
LINE
8
BLACK
6
CONTINUOUS
10
3.848087440944882
20
-1.6120638188976377
11
3.8455329527559052
21
-1.6137707086614173
0
LINE
8
BLACK
6
CONTINUOUS
10
3.8455329527559052
20
-1.6137707086614173
11
3.8425196850393699
21
-1.6143700787401574
0
LINE
8
BLACK
6
CONTINUOUS
10
3.8425196850393699
20
-1.6143700787401574
11
3.826771653543307
21
-1.6143700787401574
0
LINE
8
BLACK
6
CONTINUOUS
10
3.826771653543307
20
-1.6143700787401574
11
3.8237583858267716
21
-1.6137707086614173
0
LINE
8
BLACK
6
CONTINUOUS
10
3.8237583858267716
20
-1.6137707086614173
11
3.8212038976377953
21
-1.6120638188976377
0
LINE
8
BLACK
6
CONTINUOUS
10
3.8212038976377953
20
-1.6120638188976377
11
3.8194970078740158
21
-1.6095093307086614
0
LINE
8
BLACK
6
CONTINUOUS
10
3.8194970078740158
20
-1.6095093307086614
11
3.8188976377952755
21
-1.6064960629921259
0
LINE
8
BLACK
6
CONTINUOUS
10
3.8188976377952755
20
-1.6064960629921259
11
3.8188976377952755
21
-1.5513779527559055
0
LINE
8
BLACK
6
CONTINUOUS
10
3.8188976377952755
20
-1.5513779527559055
11
3.8194970078740158
21
-1.54836468503937
0
LINE
8
BLACK
6
CONTINUOUS
10
3.8194970078740158
20
-1.54836468503937
11
3.8212038976377953
21
-1.5458101968503937
0
LINE
8
BLACK
6
CONTINUOUS
10
3.8212038976377953
20
-1.5458101968503937
11
3.8237583858267716
21
-1.5441033070866141
0
LINE
8
BLACK
6
CONTINUOUS
10
3.8237583858267716
20
-1.5441033070866141
11
3.826771653543307
21
-1.543503937007874
0
LINE
8
BLACK
6
CONTINUOUS
10
3.826771653543307
20
-1.543503937007874
11
3.8425196850393699
21
-1.543503937007874
0
LINE
8
BLACK
6
CONTINUOUS
10
3.8425196850393699
20
-1.543503937007874
11
3.8455329527559052
21
-1.5441033070866141
0
LINE
8
BLACK
6
CONTINUOUS
10
3.8888400393700788
20
-1.5441033070866141
11
3.8913945275590551
21
-1.5458101968503937
0
LINE
8
BLACK
6
CONTINUOUS
10
3.8913945275590551
20
-1.5458101968503937
11
3.8931014173228347
21
-1.54836468503937
0
LINE
8
BLACK
6
CONTINUOUS
10
3.8931014173228347
20
-1.54836468503937
11
3.8937007874015745
21
-1.5513779527559055
0
LINE
8
BLACK
6
CONTINUOUS
10
3.8937007874015745
20
-1.5513779527559055
11
3.8937007874015745
21
-1.6064960629921259
0
LINE
8
BLACK
6
CONTINUOUS
10
3.8937007874015745
20
-1.6064960629921259
11
3.8931014173228347
21
-1.6095093307086614
0
LINE
8
BLACK
6
CONTINUOUS
10
3.8931014173228347
20
-1.6095093307086614
11
3.8913945275590551
21
-1.6120638188976377
0
LINE
8
BLACK
6
CONTINUOUS
10
3.8913945275590551
20
-1.6120638188976377
11
3.8888400393700788
21
-1.6137707086614173
0
LINE
8
BLACK
6
CONTINUOUS
10
3.8888400393700788
20
-1.6137707086614173
11
3.8858267716535431
21
-1.6143700787401574
0
LINE
8
BLACK
6
CONTINUOUS
10
3.8858267716535431
20
-1.6143700787401574
11
3.8700787401574801
21
-1.6143700787401574
0
LINE
8
BLACK
6
CONTINUOUS
10
3.8700787401574801
20
-1.6143700787401574
11
3.8670654724409448
21
-1.6137707086614173
0
LINE
8
BLACK
6
CONTINUOUS
10
3.8670654724409448
20
-1.6137707086614173
11
3.8645109842519685
21
-1.6120638188976377
0
LINE
8
BLACK
6
CONTINUOUS
10
3.8645109842519685
20
-1.6120638188976377
11
3.862804094488189
21
-1.6095093307086614
0
LINE
8
BLACK
6
CONTINUOUS
10
3.862804094488189
20
-1.6095093307086614
11
3.8622047244094486
21
-1.6064960629921259
0
LINE
8
BLACK
6
CONTINUOUS
10
3.8622047244094486
20
-1.6064960629921259
11
3.8622047244094486
21
-1.5513779527559055
0
LINE
8
BLACK
6
CONTINUOUS
10
3.8622047244094486
20
-1.5513779527559055
11
3.862804094488189
21
-1.54836468503937
0
LINE
8
BLACK
6
CONTINUOUS
10
3.862804094488189
20
-1.54836468503937
11
3.8645109842519685
21
-1.5458101968503937
0
LINE
8
BLACK
6
CONTINUOUS
10
3.8645109842519685
20
-1.5458101968503937
11
3.8670654724409448
21
-1.5441033070866141
0
LINE
8
BLACK
6
CONTINUOUS
10
3.8670654724409448
20
-1.5441033070866141
11
3.8700787401574801
21
-1.543503937007874
0
LINE
8
BLACK
6
CONTINUOUS
10
3.8700787401574801
20
-1.543503937007874
11
3.8858267716535431
21
-1.543503937007874
0
LINE
8
BLACK
6
CONTINUOUS
10
3.8858267716535431
20
-1.543503937007874
11
3.8888400393700788
21
-1.5441033070866141
0
LINE
8
BLACK
6
CONTINUOUS
10
3.932147125984252
20
-1.5441033070866141
11
3.9347016141732283
21
-1.5458101968503937
0
LINE
8
BLACK
6
CONTINUOUS
10
3.9347016141732283
20
-1.5458101968503937
11
3.9364085039370078
21
-1.54836468503937
0
LINE
8
BLACK
6
CONTINUOUS
10
3.9364085039370078
20
-1.54836468503937
11
3.9370078740157481
21
-1.5513779527559055
0
LINE
8
BLACK
6
CONTINUOUS
10
3.9370078740157481
20
-1.5513779527559055
11
3.9370078740157481
21
-1.6064960629921259
0
LINE
8
BLACK
6
CONTINUOUS
10
3.9370078740157481
20
-1.6064960629921259
11
3.9364085039370078
21
-1.6095093307086614
0
LINE
8
BLACK
6
CONTINUOUS
10
3.9364085039370078
20
-1.6095093307086614
11
3.9347016141732283
21
-1.6120638188976377
0
LINE
8
BLACK
6
CONTINUOUS
10
3.9347016141732283
20
-1.6120638188976377
11
3.932147125984252
21
-1.6137707086614173
0
LINE
8
BLACK
6
CONTINUOUS
10
3.932147125984252
20
-1.6137707086614173
11
3.9291338582677167
21
-1.6143700787401574
0
LINE
8
BLACK
6
CONTINUOUS
10
3.9291338582677167
20
-1.6143700787401574
11
3.9133858267716533
21
-1.6143700787401574
0
LINE
8
BLACK
6
CONTINUOUS
10
3.9133858267716533
20
-1.6143700787401574
11
3.9103725590551179
21
-1.6137707086614173
0
LINE
8
BLACK
6
CONTINUOUS
10
3.9103725590551179
20
-1.6137707086614173
11
3.9078180708661416
21
-1.6120638188976377
0
LINE
8
BLACK
6
CONTINUOUS
10
3.9078180708661416
20
-1.6120638188976377
11
3.9061111811023621
21
-1.6095093307086614
0
LINE
8
BLACK
6
CONTINUOUS
10
3.9061111811023621
20
-1.6095093307086614
11
3.9055118110236218
21
-1.6064960629921259
0
LINE
8
BLACK
6
CONTINUOUS
10
3.9055118110236218
20
-1.6064960629921259
11
3.9055118110236218
21
-1.5513779527559055
0
LINE
8
BLACK
6
CONTINUOUS
10
3.9055118110236218
20
-1.5513779527559055
11
3.9061111811023621
21
-1.54836468503937
0
LINE
8
BLACK
6
CONTINUOUS
10
3.9061111811023621
20
-1.54836468503937
11
3.9078180708661416
21
-1.5458101968503937
0
LINE
8
BLACK
6
CONTINUOUS
10
3.9078180708661416
20
-1.5458101968503937
11
3.9103725590551179
21
-1.5441033070866141
0
LINE
8
BLACK
6
CONTINUOUS
10
3.9103725590551179
20
-1.5441033070866141
11
3.9133858267716533
21
-1.543503937007874
0
LINE
8
BLACK
6
CONTINUOUS
10
3.9133858267716533
20
-1.543503937007874
11
3.9291338582677167
21
-1.543503937007874
0
LINE
8
BLACK
6
CONTINUOUS
10
3.9291338582677167
20
-1.543503937007874
11
3.932147125984252
21
-1.5441033070866141
0
LINE
8
BLACK
6
CONTINUOUS
10
3.9754542125984251
20
-1.5441033070866141
11
3.9780087007874014
21
-1.5458101968503937
0
LINE
8
BLACK
6
CONTINUOUS
10
3.9780087007874014
20
-1.5458101968503937
11
3.979715590551181
21
-1.54836468503937
0
LINE
8
BLACK
6
CONTINUOUS
10
3.979715590551181
20
-1.54836468503937
11
3.9803149606299213
21
-1.5513779527559055
0
LINE
8
BLACK
6
CONTINUOUS
10
3.9803149606299213
20
-1.5513779527559055
11
3.9803149606299213
21
-1.6064960629921259
0
LINE
8
BLACK
6
CONTINUOUS
10
3.9803149606299213
20
-1.6064960629921259
11
3.979715590551181
21
-1.6095093307086614
0
LINE
8
BLACK
6
CONTINUOUS
10
3.979715590551181
20
-1.6095093307086614
11
3.9780087007874014
21
-1.6120638188976377
0
LINE
8
BLACK
6
CONTINUOUS
10
3.9780087007874014
20
-1.6120638188976377
11
3.9754542125984251
21
-1.6137707086614173
0
LINE
8
BLACK
6
CONTINUOUS
10
3.9754542125984251
20
-1.6137707086614173
11
3.9724409448818898
21
-1.6143700787401574
0
LINE
8
BLACK
6
CONTINUOUS
10
3.9724409448818898
20
-1.6143700787401574
11
3.9566929133858268
21
-1.6143700787401574
0
LINE
8
BLACK
6
CONTINUOUS
10
3.9566929133858268
20
-1.6143700787401574
11
3.9536796456692911
21
-1.6137707086614173
0
LINE
8
BLACK
6
CONTINUOUS
10
3.9536796456692911
20
-1.6137707086614173
11
3.9511251574803148
21
-1.6120638188976377
0
LINE
8
BLACK
6
CONTINUOUS
10
3.9511251574803148
20
-1.6120638188976377
11
3.9494182677165353
21
-1.6095093307086614
0
LINE
8
BLACK
6
CONTINUOUS
10
3.9494182677165353
20
-1.6095093307086614
11
3.9488188976377954
21
-1.6064960629921259
0
LINE
8
BLACK
6
CONTINUOUS
10
3.9488188976377954
20
-1.6064960629921259
11
3.9488188976377954
21
-1.5513779527559055
0
LINE
8
BLACK
6
CONTINUOUS
10
3.9488188976377954
20
-1.5513779527559055
11
3.9494182677165353
21
-1.54836468503937
0
LINE
8
BLACK
6
CONTINUOUS
10
3.9494182677165353
20
-1.54836468503937
11
3.9511251574803148
21
-1.5458101968503937
0
LINE
8
BLACK
6
CONTINUOUS
10
3.9511251574803148
20
-1.5458101968503937
11
3.9536796456692911
21
-1.5441033070866141
0
LINE
8
BLACK
6
CONTINUOUS
10
3.9536796456692911
20
-1.5441033070866141
11
3.9566929133858268
21
-1.543503937007874
0
LINE
8
BLACK
6
CONTINUOUS
10
3.9566929133858268
20
-1.543503937007874
11
3.9724409448818898
21
-1.543503937007874
0
LINE
8
BLACK
6
CONTINUOUS
10
3.9724409448818898
20
-1.543503937007874
11
3.9754542125984251
21
-1.5441033070866141
0
LINE
8
BLACK
6
CONTINUOUS
10
4.0187612992125983
20
-1.5441033070866141
11
4.0213157874015746
21
-1.5458101968503937
0
LINE
8
BLACK
6
CONTINUOUS
10
4.0213157874015746
20
-1.5458101968503937
11
4.0230226771653541
21
-1.54836468503937
0
LINE
8
BLACK
6
CONTINUOUS
10
4.0230226771653541
20
-1.54836468503937
11
4.0236220472440944
21
-1.5513779527559055
0
LINE
8
BLACK
6
CONTINUOUS
10
4.0236220472440944
20
-1.5513779527559055
11
4.0236220472440944
21
-1.6064960629921259
0
LINE
8
BLACK
6
CONTINUOUS
10
4.0236220472440944
20
-1.6064960629921259
11
4.0230226771653541
21
-1.6095093307086614
0
LINE
8
BLACK
6
CONTINUOUS
10
4.0230226771653541
20
-1.6095093307086614
11
4.0213157874015746
21
-1.6120638188976377
0
LINE
8
BLACK
6
CONTINUOUS
10
4.0213157874015746
20
-1.6120638188976377
11
4.0187612992125983
21
-1.6137707086614173
0
LINE
8
BLACK
6
CONTINUOUS
10
4.0187612992125983
20
-1.6137707086614173
11
4.015748031496063
21
-1.6143700787401574
0
LINE
8
BLACK
6
CONTINUOUS
10
4.015748031496063
20
-1.6143700787401574
11
4.
21
-1.6143700787401574
0
LINE
8
BLACK
6
CONTINUOUS
10
4.
20
-1.6143700787401574
11
3.9969867322834647
21
-1.6137707086614173
0
LINE
8
BLACK
6
CONTINUOUS
10
3.9969867322834647
20
-1.6137707086614173
11
3.9944322440944879
21
-1.6120638188976377
0
LINE
8
BLACK
6
CONTINUOUS
10
3.9944322440944879
20
-1.6120638188976377
11
3.9927253543307084
21
-1.6095093307086614
0
LINE
8
BLACK
6
CONTINUOUS
10
3.9927253543307084
20
-1.6095093307086614
11
3.9921259842519685
21
-1.6064960629921259
0
LINE
8
BLACK
6
CONTINUOUS
10
3.9921259842519685
20
-1.6064960629921259
11
3.9921259842519685
21
-1.5513779527559055
0
LINE
8
BLACK
6
CONTINUOUS
10
3.9921259842519685
20
-1.5513779527559055
11
3.9927253543307084
21
-1.54836468503937
0
LINE
8
BLACK
6
CONTINUOUS
10
3.9927253543307084
20
-1.54836468503937
11
3.9944322440944879
21
-1.5458101968503937
0
LINE
8
BLACK
6
CONTINUOUS
10
3.9944322440944879
20
-1.5458101968503937
11
3.9969867322834647
21
-1.5441033070866141
0
LINE
8
BLACK
6
CONTINUOUS
10
3.9969867322834647
20
-1.5441033070866141
11
4.
21
-1.543503937007874
0
LINE
8
BLACK
6
CONTINUOUS
10
4.
20
-1.543503937007874
11
4.015748031496063
21
-1.543503937007874
0
LINE
8
BLACK
6
CONTINUOUS
10
4.015748031496063
20
-1.543503937007874
11
4.0187612992125983
21
-1.5441033070866141
0
LINE
8
BLACK
6
CONTINUOUS
10
4.0620683858267714
20
-1.5441033070866141
11
4.0646228740157477
21
-1.5458101968503937
0
LINE
8
BLACK
6
CONTINUOUS
10
4.0646228740157477
20
-1.5458101968503937
11
4.0663297637795273
21
-1.54836468503937
0
LINE
8
BLACK
6
CONTINUOUS
10
4.0663297637795273
20
-1.54836468503937
11
4.0669291338582676
21
-1.5513779527559055
0
LINE
8
BLACK
6
CONTINUOUS
10
4.0669291338582676
20
-1.5513779527559055
11
4.0669291338582676
21
-1.6064960629921259
0
LINE
8
BLACK
6
CONTINUOUS
10
4.0669291338582676
20
-1.6064960629921259
11
4.0663297637795273
21
-1.6095093307086614
0
LINE
8
BLACK
6
CONTINUOUS
10
4.0663297637795273
20
-1.6095093307086614
11
4.0646228740157477
21
-1.6120638188976377
0
LINE
8
BLACK
6
CONTINUOUS
10
4.0646228740157477
20
-1.6120638188976377
11
4.0620683858267714
21
-1.6137707086614173
0
LINE
8
BLACK
6
CONTINUOUS
10
4.0620683858267714
20
-1.6137707086614173
11
4.0590551181102361
21
-1.6143700787401574
0
LINE
8
BLACK
6
CONTINUOUS
10
4.0590551181102361
20
-1.6143700787401574
11
4.0433070866141732
21
-1.6143700787401574
0
LINE
8
BLACK
6
CONTINUOUS
10
4.0433070866141732
20
-1.6143700787401574
11
4.0402938188976378
21
-1.6137707086614173
0
LINE
8
BLACK
6
CONTINUOUS
10
4.0402938188976378
20
-1.6137707086614173
11
4.0377393307086615
21
-1.6120638188976377
0
LINE
8
BLACK
6
CONTINUOUS
10
4.0377393307086615
20
-1.6120638188976377
11
4.036032440944882
21
-1.6095093307086614
0
LINE
8
BLACK
6
CONTINUOUS
10
4.036032440944882
20
-1.6095093307086614
11
4.0354330708661417
21
-1.6064960629921259
0
LINE
8
BLACK
6
CONTINUOUS
10
4.0354330708661417
20
-1.6064960629921259
11
4.0354330708661417
21
-1.5513779527559055
0
LINE
8
BLACK
6
CONTINUOUS
10
4.0354330708661417
20
-1.5513779527559055
11
4.036032440944882
21
-1.54836468503937
0
LINE
8
BLACK
6
CONTINUOUS
10
4.036032440944882
20
-1.54836468503937
11
4.0377393307086615
21
-1.5458101968503937
0
LINE
8
BLACK
6
CONTINUOUS
10
4.0377393307086615
20
-1.5458101968503937
11
4.0402938188976378
21
-1.5441033070866141
0
LINE
8
BLACK
6
CONTINUOUS
10
4.0402938188976378
20
-1.5441033070866141
11
4.0433070866141732
21
-1.543503937007874
0
LINE
8
BLACK
6
CONTINUOUS
10
4.0433070866141732
20
-1.543503937007874
11
4.0590551181102361
21
-1.543503937007874
0
LINE
8
BLACK
6
CONTINUOUS
10
4.0590551181102361
20
-1.543503937007874
11
4.0620683858267714
21
-1.5441033070866141
0
LINE
8
BLACK
6
CONTINUOUS
10
2.1026276377952757
20
-1.4839212992125983
11
2.1086884645669293
21
-1.4864317716535433
0
LINE
8
BLACK
6
CONTINUOUS
10
2.1086884645669293
20
-1.4864317716535433
11
2.1141430708661417
21
-1.4900764173228347
0
LINE
8
BLACK
6
CONTINUOUS
10
2.1141430708661417
20
-1.4900764173228347
11
2.1187818503937006
21
-1.4947151968503936
0
LINE
8
BLACK
6
CONTINUOUS
10
2.1187818503937006
20
-1.4947151968503936
11
2.1224264960629919
21
-1.5001698031496062
0
LINE
8
BLACK
6
CONTINUOUS
10
2.1224264960629919
20
-1.5001698031496062
11
2.124936968503937
21
-1.5062306299212598
0
LINE
8
BLACK
6
CONTINUOUS
10
2.124936968503937
20
-1.5062306299212598
11
2.1262168110236219
21
-1.5126647637795276
0
LINE
8
BLACK
6
CONTINUOUS
10
2.1262168110236219
20
-1.5126647637795276
11
2.1262168110236219
21
-1.519225
0
LINE
8
BLACK
6
CONTINUOUS
10
2.1262168110236219
20
-1.519225
11
2.124936968503937
21
-1.5256591338582677
0
LINE
8
BLACK
6
CONTINUOUS
10
2.124936968503937
20
-1.5256591338582677
11
2.1224264960629919
21
-1.5317199606299212
0
LINE
8
BLACK
6
CONTINUOUS
10
2.1224264960629919
20
-1.5317199606299212
11
2.1187818503937006
21
-1.5371745669291339
0
LINE
8
BLACK
6
CONTINUOUS
10
2.1187818503937006
20
-1.5371745669291339
11
2.1141430708661417
21
-1.5418133464566928
0
LINE
8
BLACK
6
CONTINUOUS
10
2.1141430708661417
20
-1.5418133464566928
11
2.1086884645669293
21
-1.5454579921259841
0
LINE
8
BLACK
6
CONTINUOUS
10
2.1086884645669293
20
-1.5454579921259841
11
2.1026276377952757
21
-1.5479684645669292
0
LINE
8
BLACK
6
CONTINUOUS
10
2.1026276377952757
20
-1.5479684645669292
11
2.0961935039370077
21
-1.5492483070866141
0
LINE
8
BLACK
6
CONTINUOUS
10
2.0961935039370077
20
-1.5492483070866141
11
2.0896332677165352
21
-1.5492483070866141
0
LINE
8
BLACK
6
CONTINUOUS
10
2.0896332677165352
20
-1.5492483070866141
11
2.0831991338582676
21
-1.5479684645669292
0
LINE
8
BLACK
6
CONTINUOUS
10
2.0831991338582676
20
-1.5479684645669292
11
2.0771383070866141
21
-1.5454579921259841
0
LINE
8
BLACK
6
CONTINUOUS
10
2.0771383070866141
20
-1.5454579921259841
11
2.0716837007874016
21
-1.5418133464566928
0
LINE
8
BLACK
6
CONTINUOUS
10
2.0716837007874016
20
-1.5418133464566928
11
2.0670449212598423
21
-1.5371745669291339
0
LINE
8
BLACK
6
CONTINUOUS
10
2.0670449212598423
20
-1.5371745669291339
11
2.0634002755905509
21
-1.5317199606299212
0
LINE
8
BLACK
6
CONTINUOUS
10
2.0634002755905509
20
-1.5317199606299212
11
2.0608898031496063
21
-1.5256591338582677
0
LINE
8
BLACK
6
CONTINUOUS
10
2.0608898031496063
20
-1.5256591338582677
11
2.0596099606299214
21
-1.519225
0
LINE
8
BLACK
6
CONTINUOUS
10
2.0596099606299214
20
-1.519225
11
2.0596099606299214
21
-1.5126647637795276
0
LINE
8
BLACK
6
CONTINUOUS
10
2.0596099606299214
20
-1.5126647637795276
11
2.0608898031496063
21
-1.5062306299212598
0
LINE
8
BLACK
6
CONTINUOUS
10
2.0608898031496063
20
-1.5062306299212598
11
2.0634002755905509
21
-1.5001698031496062
0
LINE
8
BLACK
6
CONTINUOUS
10
2.0634002755905509
20
-1.5001698031496062
11
2.0670449212598423
21
-1.4947151968503936
0
LINE
8
BLACK
6
CONTINUOUS
10
2.0670449212598423
20
-1.4947151968503936
11
2.0716837007874016
21
-1.4900764173228347
0
LINE
8
BLACK
6
CONTINUOUS
10
2.0716837007874016
20
-1.4900764173228347
11
2.0771383070866141
21
-1.4864317716535433
0
LINE
8
BLACK
6
CONTINUOUS
10
2.0771383070866141
20
-1.4864317716535433
11
2.0831991338582676
21
-1.4839212992125983
0
LINE
8
BLACK
6
CONTINUOUS
10
2.0831991338582676
20
-1.4839212992125983
11
2.0896332677165352
21
-1.4826414566929134
0
LINE
8
BLACK
6
CONTINUOUS
10
2.0896332677165352
20
-1.4826414566929134
11
2.0961935039370077
21
-1.4826414566929134
0
LINE
8
BLACK
6
CONTINUOUS
10
2.0961935039370077
20
-1.4826414566929134
11
2.1026276377952757
21
-1.4839212992125983
0
LINE
8
BLACK
6
CONTINUOUS
10
2.2026276377952754
20
-1.4839212992125983
11
2.2086884645669289
21
-1.4864317716535433
0
LINE
8
BLACK
6
CONTINUOUS
10
2.2086884645669289
20
-1.4864317716535433
11
2.2141430708661418
21
-1.4900764173228347
0
LINE
8
BLACK
6
CONTINUOUS
10
2.2141430708661418
20
-1.4900764173228347
11
2.2187818503937007
21
-1.4947151968503936
0
LINE
8
BLACK
6
CONTINUOUS
10
2.2187818503937007
20
-1.4947151968503936
11
2.222426496062992
21
-1.5001698031496062
0
LINE
8
BLACK
6
CONTINUOUS
10
2.222426496062992
20
-1.5001698031496062
11
2.2249369685039371
21
-1.5062306299212598
0
LINE
8
BLACK
6
CONTINUOUS
10
2.2249369685039371
20
-1.5062306299212598
11
2.226216811023622
21
-1.5126647637795276
0
LINE
8
BLACK
6
CONTINUOUS
10
2.226216811023622
20
-1.5126647637795276
11
2.226216811023622
21
-1.519225
0
LINE
8
BLACK
6
CONTINUOUS
10
2.226216811023622
20
-1.519225
11
2.2249369685039371
21
-1.5256591338582677
0
LINE
8
BLACK
6
CONTINUOUS
10
2.2249369685039371
20
-1.5256591338582677
11
2.222426496062992
21
-1.5317199606299212
0
LINE
8
BLACK
6
CONTINUOUS
10
2.222426496062992
20
-1.5317199606299212
11
2.2187818503937007
21
-1.5371745669291339
0
LINE
8
BLACK
6
CONTINUOUS
10
2.2187818503937007
20
-1.5371745669291339
11
2.2141430708661418
21
-1.5418133464566928
0
LINE
8
BLACK
6
CONTINUOUS
10
2.2141430708661418
20
-1.5418133464566928
11
2.2086884645669289
21
-1.5454579921259841
0
LINE
8
BLACK
6
CONTINUOUS
10
2.2086884645669289
20
-1.5454579921259841
11
2.2026276377952754
21
-1.5479684645669292
0
LINE
8
BLACK
6
CONTINUOUS
10
2.2026276377952754
20
-1.5479684645669292
11
2.1961935039370077
21
-1.5492483070866141
0
LINE
8
BLACK
6
CONTINUOUS
10
2.1961935039370077
20
-1.5492483070866141
11
2.1896332677165353
21
-1.5492483070866141
0
LINE
8
BLACK
6
CONTINUOUS
10
2.1896332677165353
20
-1.5492483070866141
11
2.1831991338582677
21
-1.5479684645669292
0
LINE
8
BLACK
6
CONTINUOUS
10
2.1831991338582677
20
-1.5479684645669292
11
2.1771383070866142
21
-1.5454579921259841
0
LINE
8
BLACK
6
CONTINUOUS
10
2.1771383070866142
20
-1.5454579921259841
11
2.1716837007874017
21
-1.5418133464566928
0
LINE
8
BLACK
6
CONTINUOUS
10
2.1716837007874017
20
-1.5418133464566928
11
2.1670449212598424
21
-1.5371745669291339
0
LINE
8
BLACK
6
CONTINUOUS
10
2.1670449212598424
20
-1.5371745669291339
11
2.163400275590551
21
-1.5317199606299212
0
LINE
8
BLACK
6
CONTINUOUS
10
2.163400275590551
20
-1.5317199606299212
11
2.1608898031496064
21
-1.5256591338582677
0
LINE
8
BLACK
6
CONTINUOUS
10
2.1608898031496064
20
-1.5256591338582677
11
2.1596099606299211
21
-1.519225
0
LINE
8
BLACK
6
CONTINUOUS
10
2.1596099606299211
20
-1.519225
11
2.1596099606299211
21
-1.5126647637795276
0
LINE
8
BLACK
6
CONTINUOUS
10
2.1596099606299211
20
-1.5126647637795276
11
2.1608898031496064
21
-1.5062306299212598
0
LINE
8
BLACK
6
CONTINUOUS
10
2.1608898031496064
20
-1.5062306299212598
11
2.163400275590551
21
-1.5001698031496062
0
LINE
8
BLACK
6
CONTINUOUS
10
2.163400275590551
20
-1.5001698031496062
11
2.1670449212598424
21
-1.4947151968503936
0
LINE
8
BLACK
6
CONTINUOUS
10
2.1670449212598424
20
-1.4947151968503936
11
2.1716837007874017
21
-1.4900764173228347
0
LINE
8
BLACK
6
CONTINUOUS
10
2.1716837007874017
20
-1.4900764173228347
11
2.1771383070866142
21
-1.4864317716535433
0
LINE
8
BLACK
6
CONTINUOUS
10
2.1771383070866142
20
-1.4864317716535433
11
2.1831991338582677
21
-1.4839212992125983
0
LINE
8
BLACK
6
CONTINUOUS
10
2.1831991338582677
20
-1.4839212992125983
11
2.1896332677165353
21
-1.4826414566929134
0
LINE
8
BLACK
6
CONTINUOUS
10
2.1896332677165353
20
-1.4826414566929134
11
2.1961935039370077
21
-1.4826414566929134
0
LINE
8
BLACK
6
CONTINUOUS
10
2.1961935039370077
20
-1.4826414566929134
11
2.2026276377952754
21
-1.4839212992125983
0
LINE
8
BLACK
6
CONTINUOUS
10
4.4350393700787398
20
-1.5077755905511812
11
4.3681102362204722
21
-1.5077755905511812
0
LINE
8
BLACK
6
CONTINUOUS
10
4.3681102362204722
20
-1.5077755905511812
11
4.3681102362204722
21
-1.4408464566929133
0
LINE
8
BLACK
6
CONTINUOUS
10
4.3681102362204722
20
-1.4408464566929133
11
4.4350393700787398
21
-1.4408464566929133
0
LINE
8
BLACK
6
CONTINUOUS
10
4.4350393700787398
20
-1.4408464566929133
11
4.4350393700787398
21
-1.5077755905511812
0
LINE
8
BLACK
6
CONTINUOUS
10
4.3112890551181104
20
-1.4422874409448818
11
4.317349881889764
21
-1.4447979133858266
0
LINE
8
BLACK
6
CONTINUOUS
10
4.317349881889764
20
-1.4447979133858266
11
4.322804488188976
21
-1.448442559055118
0
LINE
8
BLACK
6
CONTINUOUS
10
4.322804488188976
20
-1.448442559055118
11
4.3274432677165358
21
-1.4530813385826771
0
LINE
8
BLACK
6
CONTINUOUS
10
4.3274432677165358
20
-1.4530813385826771
11
4.3310879133858267
21
-1.4585359448818898
0
LINE
8
BLACK
6
CONTINUOUS
10
4.3310879133858267
20
-1.4585359448818898
11
4.3335983858267717
21
-1.4645967716535433
0
LINE
8
BLACK
6
CONTINUOUS
10
4.3335983858267717
20
-1.4645967716535433
11
4.3348782283464562
21
-1.4710309055118109
0
LINE
8
BLACK
6
CONTINUOUS
10
4.3348782283464562
20
-1.4710309055118109
11
4.3348782283464562
21
-1.4775911417322833
0
LINE
8
BLACK
6
CONTINUOUS
10
4.3348782283464562
20
-1.4775911417322833
11
4.3335983858267717
21
-1.4840252755905512
0
LINE
8
BLACK
6
CONTINUOUS
10
4.3335983858267717
20
-1.4840252755905512
11
4.3310879133858267
21
-1.4900861023622047
0
LINE
8
BLACK
6
CONTINUOUS
10
4.3310879133858267
20
-1.4900861023622047
11
4.3274432677165358
21
-1.4955407086614172
0
LINE
8
BLACK
6
CONTINUOUS
10
4.3274432677165358
20
-1.4955407086614172
11
4.322804488188976
21
-1.5001794881889763
0
LINE
8
BLACK
6
CONTINUOUS
10
4.322804488188976
20
-1.5001794881889763
11
4.317349881889764
21
-1.5038241338582676
0
LINE
8
BLACK
6
CONTINUOUS
10
4.317349881889764
20
-1.5038241338582676
11
4.3112890551181104
21
-1.5063346062992127
0
LINE
8
BLACK
6
CONTINUOUS
10
4.3112890551181104
20
-1.5063346062992127
11
4.3048549212598424
21
-1.5076144488188976
0
LINE
8
BLACK
6
CONTINUOUS
10
4.3048549212598424
20
-1.5076144488188976
11
4.2982946850393704
21
-1.5076144488188976
0
LINE
8
BLACK
6
CONTINUOUS
10
4.2982946850393704
20
-1.5076144488188976
11
4.2918605511811023
21
-1.5063346062992127
0
LINE
8
BLACK
6
CONTINUOUS
10
4.2918605511811023
20
-1.5063346062992127
11
4.2857997244094488
21
-1.5038241338582676
0
LINE
8
BLACK
6
CONTINUOUS
10
4.2857997244094488
20
-1.5038241338582676
11
4.2803451181102359
21
-1.5001794881889763
0
LINE
8
BLACK
6
CONTINUOUS
10
4.2803451181102359
20
-1.5001794881889763
11
4.275706338582677
21
-1.4955407086614172
0
LINE
8
BLACK
6
CONTINUOUS
10
4.275706338582677
20
-1.4955407086614172
11
4.2720616929133861
21
-1.4900861023622047
0
LINE
8
BLACK
6
CONTINUOUS
10
4.2720616929133861
20
-1.4900861023622047
11
4.2695512204724411
21
-1.4840252755905512
0
LINE
8
BLACK
6
CONTINUOUS
10
4.2695512204724411
20
-1.4840252755905512
11
4.2682713779527557
21
-1.4775911417322833
0
LINE
8
BLACK
6
CONTINUOUS
10
4.2682713779527557
20
-1.4775911417322833
11
4.2682713779527557
21
-1.4710309055118109
0
LINE
8
BLACK
6
CONTINUOUS
10
4.2682713779527557
20
-1.4710309055118109
11
4.2695512204724411
21
-1.4645967716535433
0
LINE
8
BLACK
6
CONTINUOUS
10
4.2695512204724411
20
-1.4645967716535433
11
4.2720616929133861
21
-1.4585359448818898
0
LINE
8
BLACK
6
CONTINUOUS
10
4.2720616929133861
20
-1.4585359448818898
11
4.275706338582677
21
-1.4530813385826771
0
LINE
8
BLACK
6
CONTINUOUS
10
4.275706338582677
20
-1.4530813385826771
11
4.2803451181102359
21
-1.448442559055118
0
LINE
8
BLACK
6
CONTINUOUS
10
4.2803451181102359
20
-1.448442559055118
11
4.2857997244094488
21
-1.4447979133858266
0
LINE
8
BLACK
6
CONTINUOUS
10
4.2857997244094488
20
-1.4447979133858266
11
4.2918605511811023
21
-1.4422874409448818
0
LINE
8
BLACK
6
CONTINUOUS
10
4.2918605511811023
20
-1.4422874409448818
11
4.2982946850393704
21
-1.4410075984251969
0
LINE
8
BLACK
6
CONTINUOUS
10
4.2982946850393704
20
-1.4410075984251969
11
4.3048549212598424
21
-1.4410075984251969
0
LINE
8
BLACK
6
CONTINUOUS
10
4.3048549212598424
20
-1.4410075984251969
11
4.3112890551181104
21
-1.4422874409448818
0
LINE
8
BLACK
6
CONTINUOUS
10
3.9580592125984251
20
-1.4629182677165353
11
3.9333104724409447
21
-1.4876670078740157
0
LINE
8
BLACK
6
CONTINUOUS
10
3.9333104724409447
20
-1.4876670078740157
11
3.8944196062992127
21
-1.4487761417322835
0
LINE
8
BLACK
6
CONTINUOUS
10
3.8944196062992127
20
-1.4487761417322835
11
3.9191683464566927
21
-1.4240274015748031
0
LINE
8
BLACK
6
CONTINUOUS
10
3.9191683464566927
20
-1.4240274015748031
11
3.9580592125984251
21
-1.4629182677165353
0
LINE
8
BLACK
6
CONTINUOUS
10
3.6889173228346457
20
-1.4803937007874015
11
3.6339173228346455
21
-1.4803937007874015
0
LINE
8
BLACK
6
CONTINUOUS
10
3.6339173228346455
20
-1.4803937007874015
11
3.6339173228346455
21
-1.4453937007874016
0
LINE
8
BLACK
6
CONTINUOUS
10
3.6339173228346455
20
-1.4453937007874016
11
3.6889173228346457
21
-1.4453937007874016
0
LINE
8
BLACK
6
CONTINUOUS
10
3.6889173228346457
20
-1.4453937007874016
11
3.6889173228346457
21
-1.4803937007874015
0
LINE
8
BLACK
6
CONTINUOUS
10
3.7637204724409448
20
-1.478523622047244
11
3.7087204724409446
21
-1.478523622047244
0
LINE
8
BLACK
6
CONTINUOUS
10
3.7087204724409446
20
-1.478523622047244
11
3.7087204724409446
21
-1.443523622047244
0
LINE
8
BLACK
6
CONTINUOUS
10
3.7087204724409446
20
-1.443523622047244
11
3.7637204724409448
21
-1.443523622047244
0
LINE
8
BLACK
6
CONTINUOUS
10
3.7637204724409448
20
-1.443523622047244
11
3.7637204724409448
21
-1.478523622047244
0
LINE
8
BLACK
6
CONTINUOUS
10
2.1026276377952757
20
-1.3839212992125984
11
2.1086884645669293
21
-1.3864317716535433
0
LINE
8
BLACK
6
CONTINUOUS
10
2.1086884645669293
20
-1.3864317716535433
11
2.1141430708661417
21
-1.3900764173228346
0
LINE
8
BLACK
6
CONTINUOUS
10
2.1141430708661417
20
-1.3900764173228346
11
2.1187818503937006
21
-1.3947151968503937
0
LINE
8
BLACK
6
CONTINUOUS
10
2.1187818503937006
20
-1.3947151968503937
11
2.1224264960629919
21
-1.4001698031496064
0
LINE
8
BLACK
6
CONTINUOUS
10
2.1224264960629919
20
-1.4001698031496064
11
2.124936968503937
21
-1.4062306299212599
0
LINE
8
BLACK
6
CONTINUOUS
10
2.124936968503937
20
-1.4062306299212599
11
2.1262168110236219
21
-1.4126647637795275
0
LINE
8
BLACK
6
CONTINUOUS
10
2.1262168110236219
20
-1.4126647637795275
11
2.1262168110236219
21
-1.419225
0
LINE
8
BLACK
6
CONTINUOUS
10
2.1262168110236219
20
-1.419225
11
2.124936968503937
21
-1.4256591338582676
0
LINE
8
BLACK
6
CONTINUOUS
10
2.124936968503937
20
-1.4256591338582676
11
2.1224264960629919
21
-1.4317199606299211
0
LINE
8
BLACK
6
CONTINUOUS
10
2.1224264960629919
20
-1.4317199606299211
11
2.1187818503937006
21
-1.4371745669291338
0
LINE
8
BLACK
6
CONTINUOUS
10
2.1187818503937006
20
-1.4371745669291338
11
2.1141430708661417
21
-1.4418133464566929
0
LINE
8
BLACK
6
CONTINUOUS
10
2.1141430708661417
20
-1.4418133464566929
11
2.1086884645669293
21
-1.4454579921259842
0
LINE
8
BLACK
6
CONTINUOUS
10
2.1086884645669293
20
-1.4454579921259842
11
2.1026276377952757
21
-1.4479684645669291
0
LINE
8
BLACK
6
CONTINUOUS
10
2.1026276377952757
20
-1.4479684645669291
11
2.0961935039370077
21
-1.4492483070866142
0
LINE
8
BLACK
6
CONTINUOUS
10
2.0961935039370077
20
-1.4492483070866142
11
2.0896332677165352
21
-1.4492483070866142
0
LINE
8
BLACK
6
CONTINUOUS
10
2.0896332677165352
20
-1.4492483070866142
11
2.0831991338582676
21
-1.4479684645669291
0
LINE
8
BLACK
6
CONTINUOUS
10
2.0831991338582676
20
-1.4479684645669291
11
2.0771383070866141
21
-1.4454579921259842
0
LINE
8
BLACK
6
CONTINUOUS
10
2.0771383070866141
20
-1.4454579921259842
11
2.0716837007874016
21
-1.4418133464566929
0
LINE
8
BLACK
6
CONTINUOUS
10
2.0716837007874016
20
-1.4418133464566929
11
2.0670449212598423
21
-1.4371745669291338
0
LINE
8
BLACK
6
CONTINUOUS
10
2.0670449212598423
20
-1.4371745669291338
11
2.0634002755905509
21
-1.4317199606299211
0
LINE
8
BLACK
6
CONTINUOUS
10
2.0634002755905509
20
-1.4317199606299211
11
2.0608898031496063
21
-1.4256591338582676
0
LINE
8
BLACK
6
CONTINUOUS
10
2.0608898031496063
20
-1.4256591338582676
11
2.0596099606299214
21
-1.419225
0
LINE
8
BLACK
6
CONTINUOUS
10
2.0596099606299214
20
-1.419225
11
2.0596099606299214
21
-1.4126647637795275
0
LINE
8
BLACK
6
CONTINUOUS
10
2.0596099606299214
20
-1.4126647637795275
11
2.0608898031496063
21
-1.4062306299212599
0
LINE
8
BLACK
6
CONTINUOUS
10
2.0608898031496063
20
-1.4062306299212599
11
2.0634002755905509
21
-1.4001698031496064
0
LINE
8
BLACK
6
CONTINUOUS
10
2.0634002755905509
20
-1.4001698031496064
11
2.0670449212598423
21
-1.3947151968503937
0
LINE
8
BLACK
6
CONTINUOUS
10
2.0670449212598423
20
-1.3947151968503937
11
2.0716837007874016
21
-1.3900764173228346
0
LINE
8
BLACK
6
CONTINUOUS
10
2.0716837007874016
20
-1.3900764173228346
11
2.0771383070866141
21
-1.3864317716535433
0
LINE
8
BLACK
6
CONTINUOUS
10
2.0771383070866141
20
-1.3864317716535433
11
2.0831991338582676
21
-1.3839212992125984
0
LINE
8
BLACK
6
CONTINUOUS
10
2.0831991338582676
20
-1.3839212992125984
11
2.0896332677165352
21
-1.3826414566929133
0
LINE
8
BLACK
6
CONTINUOUS
10
2.0896332677165352
20
-1.3826414566929133
11
2.0961935039370077
21
-1.3826414566929133
0
LINE
8
BLACK
6
CONTINUOUS
10
2.0961935039370077
20
-1.3826414566929133
11
2.1026276377952757
21
-1.3839212992125984
0
LINE
8
BLACK
6
CONTINUOUS
10
2.2026276377952754
20
-1.3839212992125984
11
2.2086884645669289
21
-1.3864317716535433
0
LINE
8
BLACK
6
CONTINUOUS
10
2.2086884645669289
20
-1.3864317716535433
11
2.2141430708661418
21
-1.3900764173228346
0
LINE
8
BLACK
6
CONTINUOUS
10
2.2141430708661418
20
-1.3900764173228346
11
2.2187818503937007
21
-1.3947151968503937
0
LINE
8
BLACK
6
CONTINUOUS
10
2.2187818503937007
20
-1.3947151968503937
11
2.222426496062992
21
-1.4001698031496064
0
LINE
8
BLACK
6
CONTINUOUS
10
2.222426496062992
20
-1.4001698031496064
11
2.2249369685039371
21
-1.4062306299212599
0
LINE
8
BLACK
6
CONTINUOUS
10
2.2249369685039371
20
-1.4062306299212599
11
2.226216811023622
21
-1.4126647637795275
0
LINE
8
BLACK
6
CONTINUOUS
10
2.226216811023622
20
-1.4126647637795275
11
2.226216811023622
21
-1.419225
0
LINE
8
BLACK
6
CONTINUOUS
10
2.226216811023622
20
-1.419225
11
2.2249369685039371
21
-1.4256591338582676
0
LINE
8
BLACK
6
CONTINUOUS
10
2.2249369685039371
20
-1.4256591338582676
11
2.222426496062992
21
-1.4317199606299211
0
LINE
8
BLACK
6
CONTINUOUS
10
2.222426496062992
20
-1.4317199606299211
11
2.2187818503937007
21
-1.4371745669291338
0
LINE
8
BLACK
6
CONTINUOUS
10
2.2187818503937007
20
-1.4371745669291338
11
2.2141430708661418
21
-1.4418133464566929
0
LINE
8
BLACK
6
CONTINUOUS
10
2.2141430708661418
20
-1.4418133464566929
11
2.2086884645669289
21
-1.4454579921259842
0
LINE
8
BLACK
6
CONTINUOUS
10
2.2086884645669289
20
-1.4454579921259842
11
2.2026276377952754
21
-1.4479684645669291
0
LINE
8
BLACK
6
CONTINUOUS
10
2.2026276377952754
20
-1.4479684645669291
11
2.1961935039370077
21
-1.4492483070866142
0
LINE
8
BLACK
6
CONTINUOUS
10
2.1961935039370077
20
-1.4492483070866142
11
2.1896332677165353
21
-1.4492483070866142
0
LINE
8
BLACK
6
CONTINUOUS
10
2.1896332677165353
20
-1.4492483070866142
11
2.1831991338582677
21
-1.4479684645669291
0
LINE
8
BLACK
6
CONTINUOUS
10
2.1831991338582677
20
-1.4479684645669291
11
2.1771383070866142
21
-1.4454579921259842
0
LINE
8
BLACK
6
CONTINUOUS
10
2.1771383070866142
20
-1.4454579921259842
11
2.1716837007874017
21
-1.4418133464566929
0
LINE
8
BLACK
6
CONTINUOUS
10
2.1716837007874017
20
-1.4418133464566929
11
2.1670449212598424
21
-1.4371745669291338
0
LINE
8
BLACK
6
CONTINUOUS
10
2.1670449212598424
20
-1.4371745669291338
11
2.163400275590551
21
-1.4317199606299211
0
LINE
8
BLACK
6
CONTINUOUS
10
2.163400275590551
20
-1.4317199606299211
11
2.1608898031496064
21
-1.4256591338582676
0
LINE
8
BLACK
6
CONTINUOUS
10
2.1608898031496064
20
-1.4256591338582676
11
2.1596099606299211
21
-1.419225
0
LINE
8
BLACK
6
CONTINUOUS
10
2.1596099606299211
20
-1.419225
11
2.1596099606299211
21
-1.4126647637795275
0
LINE
8
BLACK
6
CONTINUOUS
10
2.1596099606299211
20
-1.4126647637795275
11
2.1608898031496064
21
-1.4062306299212599
0
LINE
8
BLACK
6
CONTINUOUS
10
2.1608898031496064
20
-1.4062306299212599
11
2.163400275590551
21
-1.4001698031496064
0
LINE
8
BLACK
6
CONTINUOUS
10
2.163400275590551
20
-1.4001698031496064
11
2.1670449212598424
21
-1.3947151968503937
0
LINE
8
BLACK
6
CONTINUOUS
10
2.1670449212598424
20
-1.3947151968503937
11
2.1716837007874017
21
-1.3900764173228346
0
LINE
8
BLACK
6
CONTINUOUS
10
2.1716837007874017
20
-1.3900764173228346
11
2.1771383070866142
21
-1.3864317716535433
0
LINE
8
BLACK
6
CONTINUOUS
10
2.1771383070866142
20
-1.3864317716535433
11
2.1831991338582677
21
-1.3839212992125984
0
LINE
8
BLACK
6
CONTINUOUS
10
2.1831991338582677
20
-1.3839212992125984
11
2.1896332677165353
21
-1.3826414566929133
0
LINE
8
BLACK
6
CONTINUOUS
10
2.1896332677165353
20
-1.3826414566929133
11
2.1961935039370077
21
-1.3826414566929133
0
LINE
8
BLACK
6
CONTINUOUS
10
2.1961935039370077
20
-1.3826414566929133
11
2.2026276377952754
21
-1.3839212992125984
0
LINE
8
BLACK
6
CONTINUOUS
10
4.0110922047244095
20
-1.4098852755905511
11
3.9863434645669291
21
-1.4346340157480315
0
LINE
8
BLACK
6
CONTINUOUS
10
3.9863434645669291
20
-1.4346340157480315
11
3.9474525984251967
21
-1.3957431496062991
0
LINE
8
BLACK
6
CONTINUOUS
10
3.9474525984251967
20
-1.3957431496062991
11
3.9722013385826771
21
-1.3709944094488189
0
LINE
8
BLACK
6
CONTINUOUS
10
3.9722013385826771
20
-1.3709944094488189
11
4.0110922047244095
21
-1.4098852755905511
0
LINE
8
BLACK
6
CONTINUOUS
10
3.8961096456692914
20
-1.4067575984251968
11
3.871360905511811
21
-1.4315063385826772
0
LINE
8
BLACK
6
CONTINUOUS
10
3.871360905511811
20
-1.4315063385826772
11
3.8324700393700786
21
-1.3926154724409447
0
LINE
8
BLACK
6
CONTINUOUS
10
3.8324700393700786
20
-1.3926154724409447
11
3.857218779527559
21
-1.3678667322834646
0
LINE
8
BLACK
6
CONTINUOUS
10
3.857218779527559
20
-1.3678667322834646
11
3.8961096456692914
21
-1.4067575984251968
0
LINE
8
BLACK
6
CONTINUOUS
10
4.3112890551181104
20
-1.3422874409448819
11
4.317349881889764
21
-1.3447979133858268
0
LINE
8
BLACK
6
CONTINUOUS
10
4.317349881889764
20
-1.3447979133858268
11
4.322804488188976
21
-1.3484425590551181
0
LINE
8
BLACK
6
CONTINUOUS
10
4.322804488188976
20
-1.3484425590551181
11
4.3274432677165358
21
-1.3530813385826772
0
LINE
8
BLACK
6
CONTINUOUS
10
4.3274432677165358
20
-1.3530813385826772
11
4.3310879133858267
21
-1.3585359448818897
0
LINE
8
BLACK
6
CONTINUOUS
10
4.3310879133858267
20
-1.3585359448818897
11
4.3335983858267717
21
-1.3645967716535432
0
LINE
8
BLACK
6
CONTINUOUS
10
4.3335983858267717
20
-1.3645967716535432
11
4.3348782283464562
21
-1.3710309055118111
0
LINE
8
BLACK
6
CONTINUOUS
10
4.3348782283464562
20
-1.3710309055118111
11
4.3348782283464562
21
-1.3775911417322835
0
LINE
8
BLACK
6
CONTINUOUS
10
4.3348782283464562
20
-1.3775911417322835
11
4.3335983858267717
21
-1.3840252755905511
0
LINE
8
BLACK
6
CONTINUOUS
10
4.3335983858267717
20
-1.3840252755905511
11
4.3310879133858267
21
-1.3900861023622046
0
LINE
8
BLACK
6
CONTINUOUS
10
4.3310879133858267
20
-1.3900861023622046
11
4.3274432677165358
21
-1.3955407086614173
0
LINE
8
BLACK
6
CONTINUOUS
10
4.3274432677165358
20
-1.3955407086614173
11
4.322804488188976
21
-1.4001794881889764
0
LINE
8
BLACK
6
CONTINUOUS
10
4.322804488188976
20
-1.4001794881889764
11
4.317349881889764
21
-1.4038241338582678
0
LINE
8
BLACK
6
CONTINUOUS
10
4.317349881889764
20
-1.4038241338582678
11
4.3112890551181104
21
-1.4063346062992126
0
LINE
8
BLACK
6
CONTINUOUS
10
4.3112890551181104
20
-1.4063346062992126
11
4.3048549212598424
21
-1.4076144488188975
0
LINE
8
BLACK
6
CONTINUOUS
10
4.3048549212598424
20
-1.4076144488188975
11
4.2982946850393704
21
-1.4076144488188975
0
LINE
8
BLACK
6
CONTINUOUS
10
4.2982946850393704
20
-1.4076144488188975
11
4.2918605511811023
21
-1.4063346062992126
0
LINE
8
BLACK
6
CONTINUOUS
10
4.2918605511811023
20
-1.4063346062992126
11
4.2857997244094488
21
-1.4038241338582678
0
LINE
8
BLACK
6
CONTINUOUS
10
4.2857997244094488
20
-1.4038241338582678
11
4.2803451181102359
21
-1.4001794881889764
0
LINE
8
BLACK
6
CONTINUOUS
10
4.2803451181102359
20
-1.4001794881889764
11
4.275706338582677
21
-1.3955407086614173
0
LINE
8
BLACK
6
CONTINUOUS
10
4.275706338582677
20
-1.3955407086614173
11
4.2720616929133861
21
-1.3900861023622046
0
LINE
8
BLACK
6
CONTINUOUS
10
4.2720616929133861
20
-1.3900861023622046
11
4.2695512204724411
21
-1.3840252755905511
0
LINE
8
BLACK
6
CONTINUOUS
10
4.2695512204724411
20
-1.3840252755905511
11
4.2682713779527557
21
-1.3775911417322835
0
LINE
8
BLACK
6
CONTINUOUS
10
4.2682713779527557
20
-1.3775911417322835
11
4.2682713779527557
21
-1.3710309055118111
0
LINE
8
BLACK
6
CONTINUOUS
10
4.2682713779527557
20
-1.3710309055118111
11
4.2695512204724411
21
-1.3645967716535432
0
LINE
8
BLACK
6
CONTINUOUS
10
4.2695512204724411
20
-1.3645967716535432
11
4.2720616929133861
21
-1.3585359448818897
0
LINE
8
BLACK
6
CONTINUOUS
10
4.2720616929133861
20
-1.3585359448818897
11
4.275706338582677
21
-1.3530813385826772
0
LINE
8
BLACK
6
CONTINUOUS
10
4.275706338582677
20
-1.3530813385826772
11
4.2803451181102359
21
-1.3484425590551181
0
LINE
8
BLACK
6
CONTINUOUS
10
4.2803451181102359
20
-1.3484425590551181
11
4.2857997244094488
21
-1.3447979133858268
0
LINE
8
BLACK
6
CONTINUOUS
10
4.2857997244094488
20
-1.3447979133858268
11
4.2918605511811023
21
-1.3422874409448819
0
LINE
8
BLACK
6
CONTINUOUS
10
4.2918605511811023
20
-1.3422874409448819
11
4.2982946850393704
21
-1.3410075984251968
0
LINE
8
BLACK
6
CONTINUOUS
10
4.2982946850393704
20
-1.3410075984251968
11
4.3048549212598424
21
-1.3410075984251968
0
LINE
8
BLACK
6
CONTINUOUS
10
4.3048549212598424
20
-1.3410075984251968
11
4.3112890551181104
21
-1.3422874409448819
0
LINE
8
BLACK
6
CONTINUOUS
10
4.4112890551181101
20
-1.3422874409448819
11
4.4173498818897636
21
-1.3447979133858268
0
LINE
8
BLACK
6
CONTINUOUS
10
4.4173498818897636
20
-1.3447979133858268
11
4.4228044881889765
21
-1.3484425590551181
0
LINE
8
BLACK
6
CONTINUOUS
10
4.4228044881889765
20
-1.3484425590551181
11
4.4274432677165354
21
-1.3530813385826772
0
LINE
8
BLACK
6
CONTINUOUS
10
4.4274432677165354
20
-1.3530813385826772
11
4.4310879133858263
21
-1.3585359448818897
0
LINE
8
BLACK
6
CONTINUOUS
10
4.4310879133858263
20
-1.3585359448818897
11
4.4335983858267713
21
-1.3645967716535432
0
LINE
8
BLACK
6
CONTINUOUS
10
4.4335983858267713
20
-1.3645967716535432
11
4.4348782283464567
21
-1.3710309055118111
0
LINE
8
BLACK
6
CONTINUOUS
10
4.4348782283464567
20
-1.3710309055118111
11
4.4348782283464567
21
-1.3775911417322835
0
LINE
8
BLACK
6
CONTINUOUS
10
4.4348782283464567
20
-1.3775911417322835
11
4.4335983858267713
21
-1.3840252755905511
0
LINE
8
BLACK
6
CONTINUOUS
10
4.4335983858267713
20
-1.3840252755905511
11
4.4310879133858263
21
-1.3900861023622046
0
LINE
8
BLACK
6
CONTINUOUS
10
4.4310879133858263
20
-1.3900861023622046
11
4.4274432677165354
21
-1.3955407086614173
0
LINE
8
BLACK
6
CONTINUOUS
10
4.4274432677165354
20
-1.3955407086614173
11
4.4228044881889765
21
-1.4001794881889764
0
LINE
8
BLACK
6
CONTINUOUS
10
4.4228044881889765
20
-1.4001794881889764
11
4.4173498818897636
21
-1.4038241338582678
0
LINE
8
BLACK
6
CONTINUOUS
10
4.4173498818897636
20
-1.4038241338582678
11
4.4112890551181101
21
-1.4063346062992126
0
LINE
8
BLACK
6
CONTINUOUS
10
4.4112890551181101
20
-1.4063346062992126
11
4.404854921259842
21
-1.4076144488188975
0
LINE
8
BLACK
6
CONTINUOUS
10
4.404854921259842
20
-1.4076144488188975
11
4.39829468503937
21
-1.4076144488188975
0
LINE
8
BLACK
6
CONTINUOUS
10
4.39829468503937
20
-1.4076144488188975
11
4.391860551181102
21
-1.4063346062992126
0
LINE
8
BLACK
6
CONTINUOUS
10
4.391860551181102
20
-1.4063346062992126
11
4.3857997244094484
21
-1.4038241338582678
0
LINE
8
BLACK
6
CONTINUOUS
10
4.3857997244094484
20
-1.4038241338582678
11
4.3803451181102364
21
-1.4001794881889764
0
LINE
8
BLACK
6
CONTINUOUS
10
4.3803451181102364
20
-1.4001794881889764
11
4.3757063385826767
21
-1.3955407086614173
0
LINE
8
BLACK
6
CONTINUOUS
10
4.3757063385826767
20
-1.3955407086614173
11
4.3720616929133858
21
-1.3900861023622046
0
LINE
8
BLACK
6
CONTINUOUS
10
4.3720616929133858
20
-1.3900861023622046
11
4.3695512204724407
21
-1.3840252755905511
0
LINE
8
BLACK
6
CONTINUOUS
10
4.3695512204724407
20
-1.3840252755905511
11
4.3682713779527562
21
-1.3775911417322835
0
LINE
8
BLACK
6
CONTINUOUS
10
4.3682713779527562
20
-1.3775911417322835
11
4.3682713779527562
21
-1.3710309055118111
0
LINE
8
BLACK
6
CONTINUOUS
10
4.3682713779527562
20
-1.3710309055118111
11
4.3695512204724407
21
-1.3645967716535432
0
LINE
8
BLACK
6
CONTINUOUS
10
4.3695512204724407
20
-1.3645967716535432
11
4.3720616929133858
21
-1.3585359448818897
0
LINE
8
BLACK
6
CONTINUOUS
10
4.3720616929133858
20
-1.3585359448818897
11
4.3757063385826767
21
-1.3530813385826772
0
LINE
8
BLACK
6
CONTINUOUS
10
4.3757063385826767
20
-1.3530813385826772
11
4.3803451181102364
21
-1.3484425590551181
0
LINE
8
BLACK
6
CONTINUOUS
10
4.3803451181102364
20
-1.3484425590551181
11
4.3857997244094484
21
-1.3447979133858268
0
LINE
8
BLACK
6
CONTINUOUS
10
4.3857997244094484
20
-1.3447979133858268
11
4.391860551181102
21
-1.3422874409448819
0
LINE
8
BLACK
6
CONTINUOUS
10
4.391860551181102
20
-1.3422874409448819
11
4.39829468503937
21
-1.3410075984251968
0
LINE
8
BLACK
6
CONTINUOUS
10
4.39829468503937
20
-1.3410075984251968
11
4.404854921259842
21
-1.3410075984251968
0
LINE
8
BLACK
6
CONTINUOUS
10
4.404854921259842
20
-1.3410075984251968
11
4.4112890551181101
21
-1.3422874409448819
0
LINE
8
BLACK
6
CONTINUOUS
10
3.6889173228346457
20
-1.4053937007874016
11
3.6339173228346455
21
-1.4053937007874016
0
LINE
8
BLACK
6
CONTINUOUS
10
3.6339173228346455
20
-1.4053937007874016
11
3.6339173228346455
21
-1.3703937007874016
0
LINE
8
BLACK
6
CONTINUOUS
10
3.6339173228346455
20
-1.3703937007874016
11
3.6889173228346457
21
-1.3703937007874016
0
LINE
8
BLACK
6
CONTINUOUS
10
3.6889173228346457
20
-1.3703937007874016
11
3.6889173228346457
21
-1.4053937007874016
0
LINE
8
BLACK
6
CONTINUOUS
10
3.7637204724409448
20
-1.403523622047244
11
3.7087204724409446
21
-1.403523622047244
0
LINE
8
BLACK
6
CONTINUOUS
10
3.7087204724409446
20
-1.403523622047244
11
3.7087204724409446
21
-1.3685236220472441
0
LINE
8
BLACK
6
CONTINUOUS
10
3.7087204724409446
20
-1.3685236220472441
11
3.7637204724409448
21
-1.3685236220472441
0
LINE
8
BLACK
6
CONTINUOUS
10
3.7637204724409448
20
-1.3685236220472441
11
3.7637204724409448
21
-1.403523622047244
0
LINE
8
BLACK
6
CONTINUOUS
10
3.5519270078740157
20
-1.3738672440944881
11
3.5538109448818895
21
-1.375126062992126
0
LINE
8
BLACK
6
CONTINUOUS
10
3.5538109448818895
20
-1.375126062992126
11
3.5550697637795277
21
-1.3770100000000001
0
LINE
8
BLACK
6
CONTINUOUS
10
3.5550697637795277
20
-1.3770100000000001
11
3.5555118110236221
21
-1.3792322834645669
0
LINE
8
BLACK
6
CONTINUOUS
10
3.5555118110236221
20
-1.3792322834645669
11
3.5555118110236221
21
-1.3928149606299212
0
LINE
8
BLACK
6
CONTINUOUS
10
3.5555118110236221
20
-1.3928149606299212
11
3.5550697637795277
21
-1.3950372440944883
0
LINE
8
BLACK
6
CONTINUOUS
10
3.5550697637795277
20
-1.3950372440944883
11
3.5538109448818895
21
-1.3969211811023621
0
LINE
8
BLACK
6
CONTINUOUS
10
3.5538109448818895
20
-1.3969211811023621
11
3.5519270078740157
21
-1.39818
0
LINE
8
BLACK
6
CONTINUOUS
10
3.5519270078740157
20
-1.39818
11
3.5497047244094486
21
-1.3986220472440944
0
LINE
8
BLACK
6
CONTINUOUS
10
3.5497047244094486
20
-1.3986220472440944
11
3.5380905511811025
21
-1.3986220472440944
0
LINE
8
BLACK
6
CONTINUOUS
10
3.5380905511811025
20
-1.3986220472440944
11
3.5358682677165354
21
-1.39818
0
LINE
8
BLACK
6
CONTINUOUS
10
3.5358682677165354
20
-1.39818
11
3.5339843307086611
21
-1.3969211811023621
0
LINE
8
BLACK
6
CONTINUOUS
10
3.5339843307086611
20
-1.3969211811023621
11
3.5327255118110235
21
-1.3950372440944883
0
LINE
8
BLACK
6
CONTINUOUS
10
3.5327255118110235
20
-1.3950372440944883
11
3.532283464566929
21
-1.3928149606299212
0
LINE
8
BLACK
6
CONTINUOUS
10
3.532283464566929
20
-1.3928149606299212
11
3.532283464566929
21
-1.3792322834645669
0
LINE
8
BLACK
6
CONTINUOUS
10
3.532283464566929
20
-1.3792322834645669
11
3.5327255118110235
21
-1.3770100000000001
0
LINE
8
BLACK
6
CONTINUOUS
10
3.5327255118110235
20
-1.3770100000000001
11
3.5339843307086611
21
-1.375126062992126
0
LINE
8
BLACK
6
CONTINUOUS
10
3.5339843307086611
20
-1.375126062992126
11
3.5358682677165354
21
-1.3738672440944881
0
LINE
8
BLACK
6
CONTINUOUS
10
3.5358682677165354
20
-1.3738672440944881
11
3.5380905511811025
21
-1.3734251968503937
0
LINE
8
BLACK
6
CONTINUOUS
10
3.5380905511811025
20
-1.3734251968503937
11
3.5497047244094486
21
-1.3734251968503937
0
LINE
8
BLACK
6
CONTINUOUS
10
3.5497047244094486
20
-1.3734251968503937
11
3.5519270078740157
21
-1.3738672440944881
0
LINE
8
BLACK
6
CONTINUOUS
10
3.5901159842519683
20
-1.3738672440944881
11
3.5919999212598426
21
-1.375126062992126
0
LINE
8
BLACK
6
CONTINUOUS
10
3.5919999212598426
20
-1.375126062992126
11
3.5932587401574803
21
-1.3770100000000001
0
LINE
8
BLACK
6
CONTINUOUS
10
3.5932587401574803
20
-1.3770100000000001
11
3.5937007874015747
21
-1.3792322834645669
0
LINE
8
BLACK
6
CONTINUOUS
10
3.5937007874015747
20
-1.3792322834645669
11
3.5937007874015747
21
-1.3928149606299212
0
LINE
8
BLACK
6
CONTINUOUS
10
3.5937007874015747
20
-1.3928149606299212
11
3.5932587401574803
21
-1.3950372440944883
0
LINE
8
BLACK
6
CONTINUOUS
10
3.5932587401574803
20
-1.3950372440944883
11
3.5919999212598426
21
-1.3969211811023621
0
LINE
8
BLACK
6
CONTINUOUS
10
3.5919999212598426
20
-1.3969211811023621
11
3.5901159842519683
21
-1.39818
0
LINE
8
BLACK
6
CONTINUOUS
10
3.5901159842519683
20
-1.39818
11
3.5878937007874017
21
-1.3986220472440944
0
LINE
8
BLACK
6
CONTINUOUS
10
3.5878937007874017
20
-1.3986220472440944
11
3.5762795275590551
21
-1.3986220472440944
0
LINE
8
BLACK
6
CONTINUOUS
10
3.5762795275590551
20
-1.3986220472440944
11
3.574057244094488
21
-1.39818
0
LINE
8
BLACK
6
CONTINUOUS
10
3.574057244094488
20
-1.39818
11
3.5721733070866142
21
-1.3969211811023621
0
LINE
8
BLACK
6
CONTINUOUS
10
3.5721733070866142
20
-1.3969211811023621
11
3.5709144881889765
21
-1.3950372440944883
0
LINE
8
BLACK
6
CONTINUOUS
10
3.5709144881889765
20
-1.3950372440944883
11
3.5704724409448816
21
-1.3928149606299212
0
LINE
8
BLACK
6
CONTINUOUS
10
3.5704724409448816
20
-1.3928149606299212
11
3.5704724409448816
21
-1.3792322834645669
0
LINE
8
BLACK
6
CONTINUOUS
10
3.5704724409448816
20
-1.3792322834645669
11
3.5709144881889765
21
-1.3770100000000001
0
LINE
8
BLACK
6
CONTINUOUS
10
3.5709144881889765
20
-1.3770100000000001
11
3.5721733070866142
21
-1.375126062992126
0
LINE
8
BLACK
6
CONTINUOUS
10
3.5721733070866142
20
-1.375126062992126
11
3.574057244094488
21
-1.3738672440944881
0
LINE
8
BLACK
6
CONTINUOUS
10
3.574057244094488
20
-1.3738672440944881
11
3.5762795275590551
21
-1.3734251968503937
0
LINE
8
BLACK
6
CONTINUOUS
10
3.5762795275590551
20
-1.3734251968503937
11
3.5878937007874017
21
-1.3734251968503937
0
LINE
8
BLACK
6
CONTINUOUS
10
3.5878937007874017
20
-1.3734251968503937
11
3.5901159842519683
21
-1.3738672440944881
0
LINE
8
BLACK
6
CONTINUOUS
10
3.9491426377952754
20
-1.3537246062992125
11
3.924393897637795
21
-1.3784733464566929
0
LINE
8
BLACK
6
CONTINUOUS
10
3.924393897637795
20
-1.3784733464566929
11
3.885503031496063
21
-1.3395824803149605
0
LINE
8
BLACK
6
CONTINUOUS
10
3.885503031496063
20
-1.3395824803149605
11
3.9102517716535434
21
-1.3148337401574803
0
LINE
8
BLACK
6
CONTINUOUS
10
3.9102517716535434
20
-1.3148337401574803
11
3.9491426377952754
21
-1.3537246062992125
0
LINE
8
BLACK
6
CONTINUOUS
10
4.1036379133858265
20
-1.3392290551181103
11
4.1055537795275594
21
-1.3405092125984253
0
LINE
8
BLACK
6
CONTINUOUS
10
4.1055537795275594
20
-1.3405092125984253
11
4.1068339370078739
21
-1.3424250787401575
0
LINE
8
BLACK
6
CONTINUOUS
10
4.1068339370078739
20
-1.3424250787401575
11
4.1072834645669287
21
-1.3446850393700787
0
LINE
8
BLACK
6
CONTINUOUS
10
4.1072834645669287
20
-1.3446850393700787
11
4.1072834645669287
21
-1.3564960629921259
0
LINE
8
BLACK
6
CONTINUOUS
10
4.1072834645669287
20
-1.3564960629921259
11
4.1068339370078739
21
-1.3587560236220473
0
LINE
8
BLACK
6
CONTINUOUS
10
4.1068339370078739
20
-1.3587560236220473
11
4.1055537795275594
21
-1.3606718897637795
0
LINE
8
BLACK
6
CONTINUOUS
10
4.1055537795275594
20
-1.3606718897637795
11
4.1036379133858265
21
-1.3619520472440945
0
LINE
8
BLACK
6
CONTINUOUS
10
4.1036379133858265
20
-1.3619520472440945
11
4.1013779527559056
21
-1.3624015748031495
0
LINE
8
BLACK
6
CONTINUOUS
10
4.1013779527559056
20
-1.3624015748031495
11
4.0610236220472444
21
-1.3624015748031495
0
LINE
8
BLACK
6
CONTINUOUS
10
4.0610236220472444
20
-1.3624015748031495
11
4.0587636614173226
21
-1.3619520472440945
0
LINE
8
BLACK
6
CONTINUOUS
10
4.0587636614173226
20
-1.3619520472440945
11
4.0568477952755906
21
-1.3606718897637795
0
LINE
8
BLACK
6
CONTINUOUS
10
4.0568477952755906
20
-1.3606718897637795
11
4.0555676377952752
21
-1.3587560236220473
0
LINE
8
BLACK
6
CONTINUOUS
10
4.0555676377952752
20
-1.3587560236220473
11
4.0551181102362204
21
-1.3564960629921259
0
LINE
8
BLACK
6
CONTINUOUS
10
4.0551181102362204
20
-1.3564960629921259
11
4.0551181102362204
21
-1.3446850393700787
0
LINE
8
BLACK
6
CONTINUOUS
10
4.0551181102362204
20
-1.3446850393700787
11
4.0555676377952752
21
-1.3424250787401575
0
LINE
8
BLACK
6
CONTINUOUS
10
4.0555676377952752
20
-1.3424250787401575
11
4.0568477952755906
21
-1.3405092125984253
0
LINE
8
BLACK
6
CONTINUOUS
10
4.0568477952755906
20
-1.3405092125984253
11
4.0587636614173226
21
-1.3392290551181103
0
LINE
8
BLACK
6
CONTINUOUS
10
4.0587636614173226
20
-1.3392290551181103
11
4.0610236220472444
21
-1.338779527559055
0
LINE
8
BLACK
6
CONTINUOUS
10
4.0610236220472444
20
-1.338779527559055
11
4.1013779527559056
21
-1.338779527559055
0
LINE
8
BLACK
6
CONTINUOUS
10
4.1013779527559056
20
-1.338779527559055
11
4.1036379133858265
21
-1.3392290551181103
0
LINE
8
BLACK
6
CONTINUOUS
10
4.1932048425196848
20
-1.3392290551181103
11
4.1951207086614168
21
-1.3405092125984253
0
LINE
8
BLACK
6
CONTINUOUS
10
4.1951207086614168
20
-1.3405092125984253
11
4.1964008661417322
21
-1.3424250787401575
0
LINE
8
BLACK
6
CONTINUOUS
10
4.1964008661417322
20
-1.3424250787401575
11
4.1968503937007871
21
-1.3446850393700787
0
LINE
8
BLACK
6
CONTINUOUS
10
4.1968503937007871
20
-1.3446850393700787
11
4.1968503937007871
21
-1.3564960629921259
0
LINE
8
BLACK
6
CONTINUOUS
10
4.1968503937007871
20
-1.3564960629921259
11
4.1964008661417322
21
-1.3587560236220473
0
LINE
8
BLACK
6
CONTINUOUS
10
4.1964008661417322
20
-1.3587560236220473
11
4.1951207086614168
21
-1.3606718897637795
0
LINE
8
BLACK
6
CONTINUOUS
10
4.1951207086614168
20
-1.3606718897637795
11
4.1932048425196848
21
-1.3619520472440945
0
LINE
8
BLACK
6
CONTINUOUS
10
4.1932048425196848
20
-1.3619520472440945
11
4.1909448818897639
21
-1.3624015748031495
0
LINE
8
BLACK
6
CONTINUOUS
10
4.1909448818897639
20
-1.3624015748031495
11
4.1505905511811019
21
-1.3624015748031495
0
LINE
8
BLACK
6
CONTINUOUS
10
4.1505905511811019
20
-1.3624015748031495
11
4.1483305905511809
21
-1.3619520472440945
0
LINE
8
BLACK
6
CONTINUOUS
10
4.1483305905511809
20
-1.3619520472440945
11
4.1464147244094489
21
-1.3606718897637795
0
LINE
8
BLACK
6
CONTINUOUS
10
4.1464147244094489
20
-1.3606718897637795
11
4.1451345669291335
21
-1.3587560236220473
0
LINE
8
BLACK
6
CONTINUOUS
10
4.1451345669291335
20
-1.3587560236220473
11
4.1446850393700787
21
-1.3564960629921259
0
LINE
8
BLACK
6
CONTINUOUS
10
4.1446850393700787
20
-1.3564960629921259
11
4.1446850393700787
21
-1.3446850393700787
0
LINE
8
BLACK
6
CONTINUOUS
10
4.1446850393700787
20
-1.3446850393700787
11
4.1451345669291335
21
-1.3424250787401575
0
LINE
8
BLACK
6
CONTINUOUS
10
4.1451345669291335
20
-1.3424250787401575
11
4.1464147244094489
21
-1.3405092125984253
0
LINE
8
BLACK
6
CONTINUOUS
10
4.1464147244094489
20
-1.3405092125984253
11
4.1483305905511809
21
-1.3392290551181103
0
LINE
8
BLACK
6
CONTINUOUS
10
4.1483305905511809
20
-1.3392290551181103
11
4.1505905511811019
21
-1.338779527559055
0
LINE
8
BLACK
6
CONTINUOUS
10
4.1505905511811019
20
-1.338779527559055
11
4.1909448818897639
21
-1.338779527559055
0
LINE
8
BLACK
6
CONTINUOUS
10
4.1909448818897639
20
-1.338779527559055
11
4.1932048425196848
21
-1.3392290551181103
0
LINE
8
BLACK
6
CONTINUOUS
10
2.1026276377952757
20
-1.2839212992125983
11
2.1086884645669293
21
-1.2864317716535434
0
LINE
8
BLACK
6
CONTINUOUS
10
2.1086884645669293
20
-1.2864317716535434
11
2.1141430708661417
21
-1.2900764173228345
0
LINE
8
BLACK
6
CONTINUOUS
10
2.1141430708661417
20
-1.2900764173228345
11
2.1187818503937006
21
-1.2947151968503936
0
LINE
8
BLACK
6
CONTINUOUS
10
2.1187818503937006
20
-1.2947151968503936
11
2.1224264960629919
21
-1.3001698031496063
0
LINE
8
BLACK
6
CONTINUOUS
10
2.1224264960629919
20
-1.3001698031496063
11
2.124936968503937
21
-1.3062306299212598
0
LINE
8
BLACK
6
CONTINUOUS
10
2.124936968503937
20
-1.3062306299212598
11
2.1262168110236219
21
-1.3126647637795275
0
LINE
8
BLACK
6
CONTINUOUS
10
2.1262168110236219
20
-1.3126647637795275
11
2.1262168110236219
21
-1.3192249999999999
0
LINE
8
BLACK
6
CONTINUOUS
10
2.1262168110236219
20
-1.3192249999999999
11
2.124936968503937
21
-1.3256591338582677
0
LINE
8
BLACK
6
CONTINUOUS
10
2.124936968503937
20
-1.3256591338582677
11
2.1224264960629919
21
-1.3317199606299213
0
LINE
8
BLACK
6
CONTINUOUS
10
2.1224264960629919
20
-1.3317199606299213
11
2.1187818503937006
21
-1.3371745669291337
0
LINE
8
BLACK
6
CONTINUOUS
10
2.1187818503937006
20
-1.3371745669291337
11
2.1141430708661417
21
-1.3418133464566928
0
LINE
8
BLACK
6
CONTINUOUS
10
2.1141430708661417
20
-1.3418133464566928
11
2.1086884645669293
21
-1.3454579921259842
0
LINE
8
BLACK
6
CONTINUOUS
10
2.1086884645669293
20
-1.3454579921259842
11
2.1026276377952757
21
-1.3479684645669292
0
LINE
8
BLACK
6
CONTINUOUS
10
2.1026276377952757
20
-1.3479684645669292
11
2.0961935039370077
21
-1.3492483070866141
0
LINE
8
BLACK
6
CONTINUOUS
10
2.0961935039370077
20
-1.3492483070866141
11
2.0896332677165352
21
-1.3492483070866141
0
LINE
8
BLACK
6
CONTINUOUS
10
2.0896332677165352
20
-1.3492483070866141
11
2.0831991338582676
21
-1.3479684645669292
0
LINE
8
BLACK
6
CONTINUOUS
10
2.0831991338582676
20
-1.3479684645669292
11
2.0771383070866141
21
-1.3454579921259842
0
LINE
8
BLACK
6
CONTINUOUS
10
2.0771383070866141
20
-1.3454579921259842
11
2.0716837007874016
21
-1.3418133464566928
0
LINE
8
BLACK
6
CONTINUOUS
10
2.0716837007874016
20
-1.3418133464566928
11
2.0670449212598423
21
-1.3371745669291337
0
LINE
8
BLACK
6
CONTINUOUS
10
2.0670449212598423
20
-1.3371745669291337
11
2.0634002755905509
21
-1.3317199606299213
0
LINE
8
BLACK
6
CONTINUOUS
10
2.0634002755905509
20
-1.3317199606299213
11
2.0608898031496063
21
-1.3256591338582677
0
LINE
8
BLACK
6
CONTINUOUS
10
2.0608898031496063
20
-1.3256591338582677
11
2.0596099606299214
21
-1.3192249999999999
0
LINE
8
BLACK
6
CONTINUOUS
10
2.0596099606299214
20
-1.3192249999999999
11
2.0596099606299214
21
-1.3126647637795275
0
LINE
8
BLACK
6
CONTINUOUS
10
2.0596099606299214
20
-1.3126647637795275
11
2.0608898031496063
21
-1.3062306299212598
0
LINE
8
BLACK
6
CONTINUOUS
10
2.0608898031496063
20
-1.3062306299212598
11
2.0634002755905509
21
-1.3001698031496063
0
LINE
8
BLACK
6
CONTINUOUS
10
2.0634002755905509
20
-1.3001698031496063
11
2.0670449212598423
21
-1.2947151968503936
0
LINE
8
BLACK
6
CONTINUOUS
10
2.0670449212598423
20
-1.2947151968503936
11
2.0716837007874016
21
-1.2900764173228345
0
LINE
8
BLACK
6
CONTINUOUS
10
2.0716837007874016
20
-1.2900764173228345
11
2.0771383070866141
21
-1.2864317716535434
0
LINE
8
BLACK
6
CONTINUOUS
10
2.0771383070866141
20
-1.2864317716535434
11
2.0831991338582676
21
-1.2839212992125983
0
LINE
8
BLACK
6
CONTINUOUS
10
2.0831991338582676
20
-1.2839212992125983
11
2.0896332677165352
21
-1.2826414566929134
0
LINE
8
BLACK
6
CONTINUOUS
10
2.0896332677165352
20
-1.2826414566929134
11
2.0961935039370077
21
-1.2826414566929134
0
LINE
8
BLACK
6
CONTINUOUS
10
2.0961935039370077
20
-1.2826414566929134
11
2.1026276377952757
21
-1.2839212992125983
0
LINE
8
BLACK
6
CONTINUOUS
10
2.2026276377952754
20
-1.2839212992125983
11
2.2086884645669289
21
-1.2864317716535434
0
LINE
8
BLACK
6
CONTINUOUS
10
2.2086884645669289
20
-1.2864317716535434
11
2.2141430708661418
21
-1.2900764173228345
0
LINE
8
BLACK
6
CONTINUOUS
10
2.2141430708661418
20
-1.2900764173228345
11
2.2187818503937007
21
-1.2947151968503936
0
LINE
8
BLACK
6
CONTINUOUS
10
2.2187818503937007
20
-1.2947151968503936
11
2.222426496062992
21
-1.3001698031496063
0
LINE
8
BLACK
6
CONTINUOUS
10
2.222426496062992
20
-1.3001698031496063
11
2.2249369685039371
21
-1.3062306299212598
0
LINE
8
BLACK
6
CONTINUOUS
10
2.2249369685039371
20
-1.3062306299212598
11
2.226216811023622
21
-1.3126647637795275
0
LINE
8
BLACK
6
CONTINUOUS
10
2.226216811023622
20
-1.3126647637795275
11
2.226216811023622
21
-1.3192249999999999
0
LINE
8
BLACK
6
CONTINUOUS
10
2.226216811023622
20
-1.3192249999999999
11
2.2249369685039371
21
-1.3256591338582677
0
LINE
8
BLACK
6
CONTINUOUS
10
2.2249369685039371
20
-1.3256591338582677
11
2.222426496062992
21
-1.3317199606299213
0
LINE
8
BLACK
6
CONTINUOUS
10
2.222426496062992
20
-1.3317199606299213
11
2.2187818503937007
21
-1.3371745669291337
0
LINE
8
BLACK
6
CONTINUOUS
10
2.2187818503937007
20
-1.3371745669291337
11
2.2141430708661418
21
-1.3418133464566928
0
LINE
8
BLACK
6
CONTINUOUS
10
2.2141430708661418
20
-1.3418133464566928
11
2.2086884645669289
21
-1.3454579921259842
0
LINE
8
BLACK
6
CONTINUOUS
10
2.2086884645669289
20
-1.3454579921259842
11
2.2026276377952754
21
-1.3479684645669292
0
LINE
8
BLACK
6
CONTINUOUS
10
2.2026276377952754
20
-1.3479684645669292
11
2.1961935039370077
21
-1.3492483070866141
0
LINE
8
BLACK
6
CONTINUOUS
10
2.1961935039370077
20
-1.3492483070866141
11
2.1896332677165353
21
-1.3492483070866141
0
LINE
8
BLACK
6
CONTINUOUS
10
2.1896332677165353
20
-1.3492483070866141
11
2.1831991338582677
21
-1.3479684645669292
0
LINE
8
BLACK
6
CONTINUOUS
10
2.1831991338582677
20
-1.3479684645669292
11
2.1771383070866142
21
-1.3454579921259842
0
LINE
8
BLACK
6
CONTINUOUS
10
2.1771383070866142
20
-1.3454579921259842
11
2.1716837007874017
21
-1.3418133464566928
0
LINE
8
BLACK
6
CONTINUOUS
10
2.1716837007874017
20
-1.3418133464566928
11
2.1670449212598424
21
-1.3371745669291337
0
LINE
8
BLACK
6
CONTINUOUS
10
2.1670449212598424
20
-1.3371745669291337
11
2.163400275590551
21
-1.3317199606299213
0
LINE
8
BLACK
6
CONTINUOUS
10
2.163400275590551
20
-1.3317199606299213
11
2.1608898031496064
21
-1.3256591338582677
0
LINE
8
BLACK
6
CONTINUOUS
10
2.1608898031496064
20
-1.3256591338582677
11
2.1596099606299211
21
-1.3192249999999999
0
LINE
8
BLACK
6
CONTINUOUS
10
2.1596099606299211
20
-1.3192249999999999
11
2.1596099606299211
21
-1.3126647637795275
0
LINE
8
BLACK
6
CONTINUOUS
10
2.1596099606299211
20
-1.3126647637795275
11
2.1608898031496064
21
-1.3062306299212598
0
LINE
8
BLACK
6
CONTINUOUS
10
2.1608898031496064
20
-1.3062306299212598
11
2.163400275590551
21
-1.3001698031496063
0
LINE
8
BLACK
6
CONTINUOUS
10
2.163400275590551
20
-1.3001698031496063
11
2.1670449212598424
21
-1.2947151968503936
0
LINE
8
BLACK
6
CONTINUOUS
10
2.1670449212598424
20
-1.2947151968503936
11
2.1716837007874017
21
-1.2900764173228345
0
LINE
8
BLACK
6
CONTINUOUS
10
2.1716837007874017
20
-1.2900764173228345
11
2.1771383070866142
21
-1.2864317716535434
0
LINE
8
BLACK
6
CONTINUOUS
10
2.1771383070866142
20
-1.2864317716535434
11
2.1831991338582677
21
-1.2839212992125983
0
LINE
8
BLACK
6
CONTINUOUS
10
2.1831991338582677
20
-1.2839212992125983
11
2.1896332677165353
21
-1.2826414566929134
0
LINE
8
BLACK
6
CONTINUOUS
10
2.1896332677165353
20
-1.2826414566929134
11
2.1961935039370077
21
-1.2826414566929134
0
LINE
8
BLACK
6
CONTINUOUS
10
2.1961935039370077
20
-1.2826414566929134
11
2.2026276377952754
21
-1.2839212992125983
0
LINE
8
BLACK
6
CONTINUOUS
10
4.1036379133858265
20
-1.3018275196850393
11
4.1055537795275594
21
-1.3031076771653543
0
LINE
8
BLACK
6
CONTINUOUS
10
4.1055537795275594
20
-1.3031076771653543
11
4.1068339370078739
21
-1.3050235433070865
0
LINE
8
BLACK
6
CONTINUOUS
10
4.1068339370078739
20
-1.3050235433070865
11
4.1072834645669287
21
-1.3072835039370079
0
LINE
8
BLACK
6
CONTINUOUS
10
4.1072834645669287
20
-1.3072835039370079
11
4.1072834645669287
21
-1.3190945275590551
0
LINE
8
BLACK
6
CONTINUOUS
10
4.1072834645669287
20
-1.3190945275590551
11
4.1068339370078739
21
-1.3213544881889763
0
LINE
8
BLACK
6
CONTINUOUS
10
4.1068339370078739
20
-1.3213544881889763
11
4.1055537795275594
21
-1.3232703543307087
0
LINE
8
BLACK
6
CONTINUOUS
10
4.1055537795275594
20
-1.3232703543307087
11
4.1036379133858265
21
-1.3245505118110237
0
LINE
8
BLACK
6
CONTINUOUS
10
4.1036379133858265
20
-1.3245505118110237
11
4.1013779527559056
21
-1.3250000393700787
0
LINE
8
BLACK
6
CONTINUOUS
10
4.1013779527559056
20
-1.3250000393700787
11
4.0610236220472444
21
-1.3250000393700787
0
LINE
8
BLACK
6
CONTINUOUS
10
4.0610236220472444
20
-1.3250000393700787
11
4.0587636614173226
21
-1.3245505118110237
0
LINE
8
BLACK
6
CONTINUOUS
10
4.0587636614173226
20
-1.3245505118110237
11
4.0568477952755906
21
-1.3232703543307087
0
LINE
8
BLACK
6
CONTINUOUS
10
4.0568477952755906
20
-1.3232703543307087
11
4.0555676377952752
21
-1.3213544881889763
0
LINE
8
BLACK
6
CONTINUOUS
10
4.0555676377952752
20
-1.3213544881889763
11
4.0551181102362204
21
-1.3190945275590551
0
LINE
8
BLACK
6
CONTINUOUS
10
4.0551181102362204
20
-1.3190945275590551
11
4.0551181102362204
21
-1.3072835039370079
0
LINE
8
BLACK
6
CONTINUOUS
10
4.0551181102362204
20
-1.3072835039370079
11
4.0555676377952752
21
-1.3050235433070865
0
LINE
8
BLACK
6
CONTINUOUS
10
4.0555676377952752
20
-1.3050235433070865
11
4.0568477952755906
21
-1.3031076771653543
0
LINE
8
BLACK
6
CONTINUOUS
10
4.0568477952755906
20
-1.3031076771653543
11
4.0587636614173226
21
-1.3018275196850393
0
LINE
8
BLACK
6
CONTINUOUS
10
4.0587636614173226
20
-1.3018275196850393
11
4.0610236220472444
21
-1.3013779921259843
0
LINE
8
BLACK
6
CONTINUOUS
10
4.0610236220472444
20
-1.3013779921259843
11
4.1013779527559056
21
-1.3013779921259843
0
LINE
8
BLACK
6
CONTINUOUS
10
4.1013779527559056
20
-1.3013779921259843
11
4.1036379133858265
21
-1.3018275196850393
0
LINE
8
BLACK
6
CONTINUOUS
10
4.1932048425196848
20
-1.3018275196850393
11
4.1951207086614168
21
-1.3031076771653543
0
LINE
8
BLACK
6
CONTINUOUS
10
4.1951207086614168
20
-1.3031076771653543
11
4.1964008661417322
21
-1.3050235433070865
0
LINE
8
BLACK
6
CONTINUOUS
10
4.1964008661417322
20
-1.3050235433070865
11
4.1968503937007871
21
-1.3072835039370079
0
LINE
8
BLACK
6
CONTINUOUS
10
4.1968503937007871
20
-1.3072835039370079
11
4.1968503937007871
21
-1.3190945275590551
0
LINE
8
BLACK
6
CONTINUOUS
10
4.1968503937007871
20
-1.3190945275590551
11
4.1964008661417322
21
-1.3213544881889763
0
LINE
8
BLACK
6
CONTINUOUS
10
4.1964008661417322
20
-1.3213544881889763
11
4.1951207086614168
21
-1.3232703543307087
0
LINE
8
BLACK
6
CONTINUOUS
10
4.1951207086614168
20
-1.3232703543307087
11
4.1932048425196848
21
-1.3245505118110237
0
LINE
8
BLACK
6
CONTINUOUS
10
4.1932048425196848
20
-1.3245505118110237
11
4.1909448818897639
21
-1.3250000393700787
0
LINE
8
BLACK
6
CONTINUOUS
10
4.1909448818897639
20
-1.3250000393700787
11
4.1505905511811019
21
-1.3250000393700787
0
LINE
8
BLACK
6
CONTINUOUS
10
4.1505905511811019
20
-1.3250000393700787
11
4.1483305905511809
21
-1.3245505118110237
0
LINE
8
BLACK
6
CONTINUOUS
10
4.1483305905511809
20
-1.3245505118110237
11
4.1464147244094489
21
-1.3232703543307087
0
LINE
8
BLACK
6
CONTINUOUS
10
4.1464147244094489
20
-1.3232703543307087
11
4.1451345669291335
21
-1.3213544881889763
0
LINE
8
BLACK
6
CONTINUOUS
10
4.1451345669291335
20
-1.3213544881889763
11
4.1446850393700787
21
-1.3190945275590551
0
LINE
8
BLACK
6
CONTINUOUS
10
4.1446850393700787
20
-1.3190945275590551
11
4.1446850393700787
21
-1.3072835039370079
0
LINE
8
BLACK
6
CONTINUOUS
10
4.1446850393700787
20
-1.3072835039370079
11
4.1451345669291335
21
-1.3050235433070865
0
LINE
8
BLACK
6
CONTINUOUS
10
4.1451345669291335
20
-1.3050235433070865
11
4.1464147244094489
21
-1.3031076771653543
0
LINE
8
BLACK
6
CONTINUOUS
10
4.1464147244094489
20
-1.3031076771653543
11
4.1483305905511809
21
-1.3018275196850393
0
LINE
8
BLACK
6
CONTINUOUS
10
4.1483305905511809
20
-1.3018275196850393
11
4.1505905511811019
21
-1.3013779921259843
0
LINE
8
BLACK
6
CONTINUOUS
10
4.1505905511811019
20
-1.3013779921259843
11
4.1909448818897639
21
-1.3013779921259843
0
LINE
8
BLACK
6
CONTINUOUS
10
4.1909448818897639
20
-1.3013779921259843
11
4.1932048425196848
21
-1.3018275196850393
0
LINE
8
BLACK
6
CONTINUOUS
10
4.4112890551181101
20
-1.2422874803149606
11
4.4173498818897636
21
-1.2447979527559054
0
LINE
8
BLACK
6
CONTINUOUS
10
4.4173498818897636
20
-1.2447979527559054
11
4.4228044881889765
21
-1.2484425984251968
0
LINE
8
BLACK
6
CONTINUOUS
10
4.4228044881889765
20
-1.2484425984251968
11
4.4274432677165354
21
-1.2530813779527559
0
LINE
8
BLACK
6
CONTINUOUS
10
4.4274432677165354
20
-1.2530813779527559
11
4.4310879133858263
21
-1.2585359842519686
0
LINE
8
BLACK
6
CONTINUOUS
10
4.4310879133858263
20
-1.2585359842519686
11
4.4335983858267713
21
-1.2645968110236221
0
LINE
8
BLACK
6
CONTINUOUS
10
4.4335983858267713
20
-1.2645968110236221
11
4.4348782283464567
21
-1.2710309448818897
0
LINE
8
BLACK
6
CONTINUOUS
10
4.4348782283464567
20
-1.2710309448818897
11
4.4348782283464567
21
-1.2775911811023621
0
LINE
8
BLACK
6
CONTINUOUS
10
4.4348782283464567
20
-1.2775911811023621
11
4.4335983858267713
21
-1.28402531496063
0
LINE
8
BLACK
6
CONTINUOUS
10
4.4335983858267713
20
-1.28402531496063
11
4.4310879133858263
21
-1.2900861417322835
0
LINE
8
BLACK
6
CONTINUOUS
10
4.4310879133858263
20
-1.2900861417322835
11
4.4274432677165354
21
-1.295540748031496
0
LINE
8
BLACK
6
CONTINUOUS
10
4.4274432677165354
20
-1.295540748031496
11
4.4228044881889765
21
-1.3001795275590551
0
LINE
8
BLACK
6
CONTINUOUS
10
4.4228044881889765
20
-1.3001795275590551
11
4.4173498818897636
21
-1.3038241732283464
0
LINE
8
BLACK
6
CONTINUOUS
10
4.4173498818897636
20
-1.3038241732283464
11
4.4112890551181101
21
-1.3063346456692913
0
LINE
8
BLACK
6
CONTINUOUS
10
4.4112890551181101
20
-1.3063346456692913
11
4.404854921259842
21
-1.3076144881889764
0
LINE
8
BLACK
6
CONTINUOUS
10
4.404854921259842
20
-1.3076144881889764
11
4.39829468503937
21
-1.3076144881889764
0
LINE
8
BLACK
6
CONTINUOUS
10
4.39829468503937
20
-1.3076144881889764
11
4.391860551181102
21
-1.3063346456692913
0
LINE
8
BLACK
6
CONTINUOUS
10
4.391860551181102
20
-1.3063346456692913
11
4.3857997244094484
21
-1.3038241732283464
0
LINE
8
BLACK
6
CONTINUOUS
10
4.3857997244094484
20
-1.3038241732283464
11
4.3803451181102364
21
-1.3001795275590551
0
LINE
8
BLACK
6
CONTINUOUS
10
4.3803451181102364
20
-1.3001795275590551
11
4.3757063385826767
21
-1.295540748031496
0
LINE
8
BLACK
6
CONTINUOUS
10
4.3757063385826767
20
-1.295540748031496
11
4.3720616929133858
21
-1.2900861417322835
0
LINE
8
BLACK
6
CONTINUOUS
10
4.3720616929133858
20
-1.2900861417322835
11
4.3695512204724407
21
-1.28402531496063
0
LINE
8
BLACK
6
CONTINUOUS
10
4.3695512204724407
20
-1.28402531496063
11
4.3682713779527562
21
-1.2775911811023621
0
LINE
8
BLACK
6
CONTINUOUS
10
4.3682713779527562
20
-1.2775911811023621
11
4.3682713779527562
21
-1.2710309448818897
0
LINE
8
BLACK
6
CONTINUOUS
10
4.3682713779527562
20
-1.2710309448818897
11
4.3695512204724407
21
-1.2645968110236221
0
LINE
8
BLACK
6
CONTINUOUS
10
4.3695512204724407
20
-1.2645968110236221
11
4.3720616929133858
21
-1.2585359842519686
0
LINE
8
BLACK
6
CONTINUOUS
10
4.3720616929133858
20
-1.2585359842519686
11
4.3757063385826767
21
-1.2530813779527559
0
LINE
8
BLACK
6
CONTINUOUS
10
4.3757063385826767
20
-1.2530813779527559
11
4.3803451181102364
21
-1.2484425984251968
0
LINE
8
BLACK
6
CONTINUOUS
10
4.3803451181102364
20
-1.2484425984251968
11
4.3857997244094484
21
-1.2447979527559054
0
LINE
8
BLACK
6
CONTINUOUS
10
4.3857997244094484
20
-1.2447979527559054
11
4.391860551181102
21
-1.2422874803149606
0
LINE
8
BLACK
6
CONTINUOUS
10
4.391860551181102
20
-1.2422874803149606
11
4.39829468503937
21
-1.2410076377952755
0
LINE
8
BLACK
6
CONTINUOUS
10
4.39829468503937
20
-1.2410076377952755
11
4.404854921259842
21
-1.2410076377952755
0
LINE
8
BLACK
6
CONTINUOUS
10
4.404854921259842
20
-1.2410076377952755
11
4.4112890551181101
21
-1.2422874803149606
0
LINE
8
BLACK
6
CONTINUOUS
10
4.3112890551181104
20
-1.2422874409448819
11
4.317349881889764
21
-1.2447979133858267
0
LINE
8
BLACK
6
CONTINUOUS
10
4.317349881889764
20
-1.2447979133858267
11
4.322804488188976
21
-1.248442559055118
0
LINE
8
BLACK
6
CONTINUOUS
10
4.322804488188976
20
-1.248442559055118
11
4.3274432677165358
21
-1.2530813385826771
0
LINE
8
BLACK
6
CONTINUOUS
10
4.3274432677165358
20
-1.2530813385826771
11
4.3310879133858267
21
-1.2585359448818898
0
LINE
8
BLACK
6
CONTINUOUS
10
4.3310879133858267
20
-1.2585359448818898
11
4.3335983858267717
21
-1.2645967716535433
0
LINE
8
BLACK
6
CONTINUOUS
10
4.3335983858267717
20
-1.2645967716535433
11
4.3348782283464562
21
-1.271030905511811
0
LINE
8
BLACK
6
CONTINUOUS
10
4.3348782283464562
20
-1.271030905511811
11
4.3348782283464562
21
-1.2775911417322834
0
LINE
8
BLACK
6
CONTINUOUS
10
4.3348782283464562
20
-1.2775911417322834
11
4.3335983858267717
21
-1.2840252755905512
0
LINE
8
BLACK
6
CONTINUOUS
10
4.3335983858267717
20
-1.2840252755905512
11
4.3310879133858267
21
-1.2900861023622048
0
LINE
8
BLACK
6
CONTINUOUS
10
4.3310879133858267
20
-1.2900861023622048
11
4.3274432677165358
21
-1.2955407086614172
0
LINE
8
BLACK
6
CONTINUOUS
10
4.3274432677165358
20
-1.2955407086614172
11
4.322804488188976
21
-1.3001794881889763
0
LINE
8
BLACK
6
CONTINUOUS
10
4.322804488188976
20
-1.3001794881889763
11
4.317349881889764
21
-1.3038241338582677
0
LINE
8
BLACK
6
CONTINUOUS
10
4.317349881889764
20
-1.3038241338582677
11
4.3112890551181104
21
-1.3063346062992125
0
LINE
8
BLACK
6
CONTINUOUS
10
4.3112890551181104
20
-1.3063346062992125
11
4.3048549212598424
21
-1.3076144488188977
0
LINE
8
BLACK
6
CONTINUOUS
10
4.3048549212598424
20
-1.3076144488188977
11
4.2982946850393704
21
-1.3076144488188977
0
LINE
8
BLACK
6
CONTINUOUS
10
4.2982946850393704
20
-1.3076144488188977
11
4.2918605511811023
21
-1.3063346062992125
0
LINE
8
BLACK
6
CONTINUOUS
10
4.2918605511811023
20
-1.3063346062992125
11
4.2857997244094488
21
-1.3038241338582677
0
LINE
8
BLACK
6
CONTINUOUS
10
4.2857997244094488
20
-1.3038241338582677
11
4.2803451181102359
21
-1.3001794881889763
0
LINE
8
BLACK
6
CONTINUOUS
10
4.2803451181102359
20
-1.3001794881889763
11
4.275706338582677
21
-1.2955407086614172
0
LINE
8
BLACK
6
CONTINUOUS
10
4.275706338582677
20
-1.2955407086614172
11
4.2720616929133861
21
-1.2900861023622048
0
LINE
8
BLACK
6
CONTINUOUS
10
4.2720616929133861
20
-1.2900861023622048
11
4.2695512204724411
21
-1.2840252755905512
0
LINE
8
BLACK
6
CONTINUOUS
10
4.2695512204724411
20
-1.2840252755905512
11
4.2682713779527557
21
-1.2775911417322834
0
LINE
8
BLACK
6
CONTINUOUS
10
4.2682713779527557
20
-1.2775911417322834
11
4.2682713779527557
21
-1.271030905511811
0
LINE
8
BLACK
6
CONTINUOUS
10
4.2682713779527557
20
-1.271030905511811
11
4.2695512204724411
21
-1.2645967716535433
0
LINE
8
BLACK
6
CONTINUOUS
10
4.2695512204724411
20
-1.2645967716535433
11
4.2720616929133861
21
-1.2585359448818898
0
LINE
8
BLACK
6
CONTINUOUS
10
4.2720616929133861
20
-1.2585359448818898
11
4.275706338582677
21
-1.2530813385826771
0
LINE
8
BLACK
6
CONTINUOUS
10
4.275706338582677
20
-1.2530813385826771
11
4.2803451181102359
21
-1.248442559055118
0
LINE
8
BLACK
6
CONTINUOUS
10
4.2803451181102359
20
-1.248442559055118
11
4.2857997244094488
21
-1.2447979133858267
0
LINE
8
BLACK
6
CONTINUOUS
10
4.2857997244094488
20
-1.2447979133858267
11
4.2918605511811023
21
-1.2422874409448819
0
LINE
8
BLACK
6
CONTINUOUS
10
4.2918605511811023
20
-1.2422874409448819
11
4.2982946850393704
21
-1.2410075984251969
0
LINE
8
BLACK
6
CONTINUOUS
10
4.2982946850393704
20
-1.2410075984251969
11
4.3048549212598424
21
-1.2410075984251969
0
LINE
8
BLACK
6
CONTINUOUS
10
4.3048549212598424
20
-1.2410075984251969
11
4.3112890551181104
21
-1.2422874409448819
0
LINE
8
BLACK
6
CONTINUOUS
10
4.1036379133858265
20
-1.2644259842519685
11
4.1055537795275594
21
-1.2657061417322835
0
LINE
8
BLACK
6
CONTINUOUS
10
4.1055537795275594
20
-1.2657061417322835
11
4.1068339370078739
21
-1.2676220078740157
0
LINE
8
BLACK
6
CONTINUOUS
10
4.1068339370078739
20
-1.2676220078740157
11
4.1072834645669287
21
-1.2698819685039371
0
LINE
8
BLACK
6
CONTINUOUS
10
4.1072834645669287
20
-1.2698819685039371
11
4.1072834645669287
21
-1.2816929921259843
0
LINE
8
BLACK
6
CONTINUOUS
10
4.1072834645669287
20
-1.2816929921259843
11
4.1068339370078739
21
-1.2839529527559055
0
LINE
8
BLACK
6
CONTINUOUS
10
4.1068339370078739
20
-1.2839529527559055
11
4.1055537795275594
21
-1.2858688188976377
0
LINE
8
BLACK
6
CONTINUOUS
10
4.1055537795275594
20
-1.2858688188976377
11
4.1036379133858265
21
-1.2871489763779527
0
LINE
8
BLACK
6
CONTINUOUS
10
4.1036379133858265
20
-1.2871489763779527
11
4.1013779527559056
21
-1.2875985039370079
0
LINE
8
BLACK
6
CONTINUOUS
10
4.1013779527559056
20
-1.2875985039370079
11
4.0610236220472444
21
-1.2875985039370079
0
LINE
8
BLACK
6
CONTINUOUS
10
4.0610236220472444
20
-1.2875985039370079
11
4.0587636614173226
21
-1.2871489763779527
0
LINE
8
BLACK
6
CONTINUOUS
10
4.0587636614173226
20
-1.2871489763779527
11
4.0568477952755906
21
-1.2858688188976377
0
LINE
8
BLACK
6
CONTINUOUS
10
4.0568477952755906
20
-1.2858688188976377
11
4.0555676377952752
21
-1.2839529527559055
0
LINE
8
BLACK
6
CONTINUOUS
10
4.0555676377952752
20
-1.2839529527559055
11
4.0551181102362204
21
-1.2816929921259843
0
LINE
8
BLACK
6
CONTINUOUS
10
4.0551181102362204
20
-1.2816929921259843
11
4.0551181102362204
21
-1.2698819685039371
0
LINE
8
BLACK
6
CONTINUOUS
10
4.0551181102362204
20
-1.2698819685039371
11
4.0555676377952752
21
-1.2676220078740157
0
LINE
8
BLACK
6
CONTINUOUS
10
4.0555676377952752
20
-1.2676220078740157
11
4.0568477952755906
21
-1.2657061417322835
0
LINE
8
BLACK
6
CONTINUOUS
10
4.0568477952755906
20
-1.2657061417322835
11
4.0587636614173226
21
-1.2644259842519685
0
LINE
8
BLACK
6
CONTINUOUS
10
4.0587636614173226
20
-1.2644259842519685
11
4.0610236220472444
21
-1.2639764566929133
0
LINE
8
BLACK
6
CONTINUOUS
10
4.0610236220472444
20
-1.2639764566929133
11
4.1013779527559056
21
-1.2639764566929133
0
LINE
8
BLACK
6
CONTINUOUS
10
4.1013779527559056
20
-1.2639764566929133
11
4.1036379133858265
21
-1.2644259842519685
0
LINE
8
BLACK
6
CONTINUOUS
10
4.1932048425196848
20
-1.2644259842519685
11
4.1951207086614168
21
-1.2657061417322835
0
LINE
8
BLACK
6
CONTINUOUS
10
4.1951207086614168
20
-1.2657061417322835
11
4.1964008661417322
21
-1.2676220078740157
0
LINE
8
BLACK
6
CONTINUOUS
10
4.1964008661417322
20
-1.2676220078740157
11
4.1968503937007871
21
-1.2698819685039371
0
LINE
8
BLACK
6
CONTINUOUS
10
4.1968503937007871
20
-1.2698819685039371
11
4.1968503937007871
21
-1.2816929921259843
0
LINE
8
BLACK
6
CONTINUOUS
10
4.1968503937007871
20
-1.2816929921259843
11
4.1964008661417322
21
-1.2839529527559055
0
LINE
8
BLACK
6
CONTINUOUS
10
4.1964008661417322
20
-1.2839529527559055
11
4.1951207086614168
21
-1.2858688188976377
0
LINE
8
BLACK
6
CONTINUOUS
10
4.1951207086614168
20
-1.2858688188976377
11
4.1932048425196848
21
-1.2871489763779527
0
LINE
8
BLACK
6
CONTINUOUS
10
4.1932048425196848
20
-1.2871489763779527
11
4.1909448818897639
21
-1.2875985039370079
0
LINE
8
BLACK
6
CONTINUOUS
10
4.1909448818897639
20
-1.2875985039370079
11
4.1505905511811019
21
-1.2875985039370079
0
LINE
8
BLACK
6
CONTINUOUS
10
4.1505905511811019
20
-1.2875985039370079
11
4.1483305905511809
21
-1.2871489763779527
0
LINE
8
BLACK
6
CONTINUOUS
10
4.1483305905511809
20
-1.2871489763779527
11
4.1464147244094489
21
-1.2858688188976377
0
LINE
8
BLACK
6
CONTINUOUS
10
4.1464147244094489
20
-1.2858688188976377
11
4.1451345669291335
21
-1.2839529527559055
0
LINE
8
BLACK
6
CONTINUOUS
10
4.1451345669291335
20
-1.2839529527559055
11
4.1446850393700787
21
-1.2816929921259843
0
LINE
8
BLACK
6
CONTINUOUS
10
4.1446850393700787
20
-1.2816929921259843
11
4.1446850393700787
21
-1.2698819685039371
0
LINE
8
BLACK
6
CONTINUOUS
10
4.1446850393700787
20
-1.2698819685039371
11
4.1451345669291335
21
-1.2676220078740157
0
LINE
8
BLACK
6
CONTINUOUS
10
4.1451345669291335
20
-1.2676220078740157
11
4.1464147244094489
21
-1.2657061417322835
0
LINE
8
BLACK
6
CONTINUOUS
10
4.1464147244094489
20
-1.2657061417322835
11
4.1483305905511809
21
-1.2644259842519685
0
LINE
8
BLACK
6
CONTINUOUS
10
4.1483305905511809
20
-1.2644259842519685
11
4.1505905511811019
21
-1.2639764566929133
0
LINE
8
BLACK
6
CONTINUOUS
10
4.1505905511811019
20
-1.2639764566929133
11
4.1909448818897639
21
-1.2639764566929133
0
LINE
8
BLACK
6
CONTINUOUS
10
4.1909448818897639
20
-1.2639764566929133
11
4.1932048425196848
21
-1.2644259842519685
0
LINE
8
BLACK
6
CONTINUOUS
10
2.1026276377952757
20
-1.1839212992125985
11
2.1086884645669293
21
-1.1864317716535433
0
LINE
8
BLACK
6
CONTINUOUS
10
2.1086884645669293
20
-1.1864317716535433
11
2.1141430708661417
21
-1.1900764173228346
0
LINE
8
BLACK
6
CONTINUOUS
10
2.1141430708661417
20
-1.1900764173228346
11
2.1187818503937006
21
-1.1947151968503937
0
LINE
8
BLACK
6
CONTINUOUS
10
2.1187818503937006
20
-1.1947151968503937
11
2.1224264960629919
21
-1.2001698031496062
0
LINE
8
BLACK
6
CONTINUOUS
10
2.1224264960629919
20
-1.2001698031496062
11
2.124936968503937
21
-1.2062306299212597
0
LINE
8
BLACK
6
CONTINUOUS
10
2.124936968503937
20
-1.2062306299212597
11
2.1262168110236219
21
-1.2126647637795276
0
LINE
8
BLACK
6
CONTINUOUS
10
2.1262168110236219
20
-1.2126647637795276
11
2.1262168110236219
21
-1.219225
0
LINE
8
BLACK
6
CONTINUOUS
10
2.1262168110236219
20
-1.219225
11
2.124936968503937
21
-1.2256591338582676
0
LINE
8
BLACK
6
CONTINUOUS
10
2.124936968503937
20
-1.2256591338582676
11
2.1224264960629919
21
-1.2317199606299212
0
LINE
8
BLACK
6
CONTINUOUS
10
2.1224264960629919
20
-1.2317199606299212
11
2.1187818503937006
21
-1.2371745669291339
0
LINE
8
BLACK
6
CONTINUOUS
10
2.1187818503937006
20
-1.2371745669291339
11
2.1141430708661417
21
-1.2418133464566929
0
LINE
8
BLACK
6
CONTINUOUS
10
2.1141430708661417
20
-1.2418133464566929
11
2.1086884645669293
21
-1.2454579921259843
0
LINE
8
BLACK
6
CONTINUOUS
10
2.1086884645669293
20
-1.2454579921259843
11
2.1026276377952757
21
-1.2479684645669291
0
LINE
8
BLACK
6
CONTINUOUS
10
2.1026276377952757
20
-1.2479684645669291
11
2.0961935039370077
21
-1.2492483070866141
0
LINE
8
BLACK
6
CONTINUOUS
10
2.0961935039370077
20
-1.2492483070866141
11
2.0896332677165352
21
-1.2492483070866141
0
LINE
8
BLACK
6
CONTINUOUS
10
2.0896332677165352
20
-1.2492483070866141
11
2.0831991338582676
21
-1.2479684645669291
0
LINE
8
BLACK
6
CONTINUOUS
10
2.0831991338582676
20
-1.2479684645669291
11
2.0771383070866141
21
-1.2454579921259843
0
LINE
8
BLACK
6
CONTINUOUS
10
2.0771383070866141
20
-1.2454579921259843
11
2.0716837007874016
21
-1.2418133464566929
0
LINE
8
BLACK
6
CONTINUOUS
10
2.0716837007874016
20
-1.2418133464566929
11
2.0670449212598423
21
-1.2371745669291339
0
LINE
8
BLACK
6
CONTINUOUS
10
2.0670449212598423
20
-1.2371745669291339
11
2.0634002755905509
21
-1.2317199606299212
0
LINE
8
BLACK
6
CONTINUOUS
10
2.0634002755905509
20
-1.2317199606299212
11
2.0608898031496063
21
-1.2256591338582676
0
LINE
8
BLACK
6
CONTINUOUS
10
2.0608898031496063
20
-1.2256591338582676
11
2.0596099606299214
21
-1.219225
0
LINE
8
BLACK
6
CONTINUOUS
10
2.0596099606299214
20
-1.219225
11
2.0596099606299214
21
-1.2126647637795276
0
LINE
8
BLACK
6
CONTINUOUS
10
2.0596099606299214
20
-1.2126647637795276
11
2.0608898031496063
21
-1.2062306299212597
0
LINE
8
BLACK
6
CONTINUOUS
10
2.0608898031496063
20
-1.2062306299212597
11
2.0634002755905509
21
-1.2001698031496062
0
LINE
8
BLACK
6
CONTINUOUS
10
2.0634002755905509
20
-1.2001698031496062
11
2.0670449212598423
21
-1.1947151968503937
0
LINE
8
BLACK
6
CONTINUOUS
10
2.0670449212598423
20
-1.1947151968503937
11
2.0716837007874016
21
-1.1900764173228346
0
LINE
8
BLACK
6
CONTINUOUS
10
2.0716837007874016
20
-1.1900764173228346
11
2.0771383070866141
21
-1.1864317716535433
0
LINE
8
BLACK
6
CONTINUOUS
10
2.0771383070866141
20
-1.1864317716535433
11
2.0831991338582676
21
-1.1839212992125985
0
LINE
8
BLACK
6
CONTINUOUS
10
2.0831991338582676
20
-1.1839212992125985
11
2.0896332677165352
21
-1.1826414566929133
0
LINE
8
BLACK
6
CONTINUOUS
10
2.0896332677165352
20
-1.1826414566929133
11
2.0961935039370077
21
-1.1826414566929133
0
LINE
8
BLACK
6
CONTINUOUS
10
2.0961935039370077
20
-1.1826414566929133
11
2.1026276377952757
21
-1.1839212992125985
0
LINE
8
BLACK
6
CONTINUOUS
10
2.2026276377952754
20
-1.1839212992125985
11
2.2086884645669289
21
-1.1864317716535433
0
LINE
8
BLACK
6
CONTINUOUS
10
2.2086884645669289
20
-1.1864317716535433
11
2.2141430708661418
21
-1.1900764173228346
0
LINE
8
BLACK
6
CONTINUOUS
10
2.2141430708661418
20
-1.1900764173228346
11
2.2187818503937007
21
-1.1947151968503937
0
LINE
8
BLACK
6
CONTINUOUS
10
2.2187818503937007
20
-1.1947151968503937
11
2.222426496062992
21
-1.2001698031496062
0
LINE
8
BLACK
6
CONTINUOUS
10
2.222426496062992
20
-1.2001698031496062
11
2.2249369685039371
21
-1.2062306299212597
0
LINE
8
BLACK
6
CONTINUOUS
10
2.2249369685039371
20
-1.2062306299212597
11
2.226216811023622
21
-1.2126647637795276
0
LINE
8
BLACK
6
CONTINUOUS
10
2.226216811023622
20
-1.2126647637795276
11
2.226216811023622
21
-1.219225
0
LINE
8
BLACK
6
CONTINUOUS
10
2.226216811023622
20
-1.219225
11
2.2249369685039371
21
-1.2256591338582676
0
LINE
8
BLACK
6
CONTINUOUS
10
2.2249369685039371
20
-1.2256591338582676
11
2.222426496062992
21
-1.2317199606299212
0
LINE
8
BLACK
6
CONTINUOUS
10
2.222426496062992
20
-1.2317199606299212
11
2.2187818503937007
21
-1.2371745669291339
0
LINE
8
BLACK
6
CONTINUOUS
10
2.2187818503937007
20
-1.2371745669291339
11
2.2141430708661418
21
-1.2418133464566929
0
LINE
8
BLACK
6
CONTINUOUS
10
2.2141430708661418
20
-1.2418133464566929
11
2.2086884645669289
21
-1.2454579921259843
0
LINE
8
BLACK
6
CONTINUOUS
10
2.2086884645669289
20
-1.2454579921259843
11
2.2026276377952754
21
-1.2479684645669291
0
LINE
8
BLACK
6
CONTINUOUS
10
2.2026276377952754
20
-1.2479684645669291
11
2.1961935039370077
21
-1.2492483070866141
0
LINE
8
BLACK
6
CONTINUOUS
10
2.1961935039370077
20
-1.2492483070866141
11
2.1896332677165353
21
-1.2492483070866141
0
LINE
8
BLACK
6
CONTINUOUS
10
2.1896332677165353
20
-1.2492483070866141
11
2.1831991338582677
21
-1.2479684645669291
0
LINE
8
BLACK
6
CONTINUOUS
10
2.1831991338582677
20
-1.2479684645669291
11
2.1771383070866142
21
-1.2454579921259843
0
LINE
8
BLACK
6
CONTINUOUS
10
2.1771383070866142
20
-1.2454579921259843
11
2.1716837007874017
21
-1.2418133464566929
0
LINE
8
BLACK
6
CONTINUOUS
10
2.1716837007874017
20
-1.2418133464566929
11
2.1670449212598424
21
-1.2371745669291339
0
LINE
8
BLACK
6
CONTINUOUS
10
2.1670449212598424
20
-1.2371745669291339
11
2.163400275590551
21
-1.2317199606299212
0
LINE
8
BLACK
6
CONTINUOUS
10
2.163400275590551
20
-1.2317199606299212
11
2.1608898031496064
21
-1.2256591338582676
0
LINE
8
BLACK
6
CONTINUOUS
10
2.1608898031496064
20
-1.2256591338582676
11
2.1596099606299211
21
-1.219225
0
LINE
8
BLACK
6
CONTINUOUS
10
2.1596099606299211
20
-1.219225
11
2.1596099606299211
21
-1.2126647637795276
0
LINE
8
BLACK
6
CONTINUOUS
10
2.1596099606299211
20
-1.2126647637795276
11
2.1608898031496064
21
-1.2062306299212597
0
LINE
8
BLACK
6
CONTINUOUS
10
2.1608898031496064
20
-1.2062306299212597
11
2.163400275590551
21
-1.2001698031496062
0
LINE
8
BLACK
6
CONTINUOUS
10
2.163400275590551
20
-1.2001698031496062
11
2.1670449212598424
21
-1.1947151968503937
0
LINE
8
BLACK
6
CONTINUOUS
10
2.1670449212598424
20
-1.1947151968503937
11
2.1716837007874017
21
-1.1900764173228346
0
LINE
8
BLACK
6
CONTINUOUS
10
2.1716837007874017
20
-1.1900764173228346
11
2.1771383070866142
21
-1.1864317716535433
0
LINE
8
BLACK
6
CONTINUOUS
10
2.1771383070866142
20
-1.1864317716535433
11
2.1831991338582677
21
-1.1839212992125985
0
LINE
8
BLACK
6
CONTINUOUS
10
2.1831991338582677
20
-1.1839212992125985
11
2.1896332677165353
21
-1.1826414566929133
0
LINE
8
BLACK
6
CONTINUOUS
10
2.1896332677165353
20
-1.1826414566929133
11
2.1961935039370077
21
-1.1826414566929133
0
LINE
8
BLACK
6
CONTINUOUS
10
2.1961935039370077
20
-1.1826414566929133
11
2.2026276377952754
21
-1.1839212992125985
0
LINE
8
BLACK
6
CONTINUOUS
10
3.5605617322834644
20
-1.2091579527559055
11
3.5618390157480313
21
-1.2100113779527559
0
LINE
8
BLACK
6
CONTINUOUS
10
3.5618390157480313
20
-1.2100113779527559
11
3.5626924409448817
21
-1.2112886614173228
0
LINE
8
BLACK
6
CONTINUOUS
10
3.5626924409448817
20
-1.2112886614173228
11
3.5629921259842519
21
-1.2127952755905511
0
LINE
8
BLACK
6
CONTINUOUS
10
3.5629921259842519
20
-1.2127952755905511
11
3.5629921259842519
21
-1.244291338582677
0
LINE
8
BLACK
6
CONTINUOUS
10
3.5629921259842519
20
-1.244291338582677
11
3.5626924409448817
21
-1.2457979527559055
0
LINE
8
BLACK
6
CONTINUOUS
10
3.5626924409448817
20
-1.2457979527559055
11
3.5618390157480313
21
-1.2470752362204724
0
LINE
8
BLACK
6
CONTINUOUS
10
3.5618390157480313
20
-1.2470752362204724
11
3.5605617322834644
21
-1.2479286614173228
0
LINE
8
BLACK
6
CONTINUOUS
10
3.5605617322834644
20
-1.2479286614173228
11
3.5590551181102361
21
-1.2482283464566928
0
LINE
8
BLACK
6
CONTINUOUS
10
3.5590551181102361
20
-1.2482283464566928
11
3.5275590551181102
21
-1.2482283464566928
0
LINE
8
BLACK
6
CONTINUOUS
10
3.5275590551181102
20
-1.2482283464566928
11
3.5260524409448819
21
-1.2479286614173228
0
LINE
8
BLACK
6
CONTINUOUS
10
3.5260524409448819
20
-1.2479286614173228
11
3.524775157480315
21
-1.2470752362204724
0
LINE
8
BLACK
6
CONTINUOUS
10
3.524775157480315
20
-1.2470752362204724
11
3.5239217322834646
21
-1.2457979527559055
0
LINE
8
BLACK
6
CONTINUOUS
10
3.5239217322834646
20
-1.2457979527559055
11
3.5236220472440944
21
-1.244291338582677
0
LINE
8
BLACK
6
CONTINUOUS
10
3.5236220472440944
20
-1.244291338582677
11
3.5236220472440944
21
-1.2127952755905511
0
LINE
8
BLACK
6
CONTINUOUS
10
3.5236220472440944
20
-1.2127952755905511
11
3.5239217322834646
21
-1.2112886614173228
0
LINE
8
BLACK
6
CONTINUOUS
10
3.5239217322834646
20
-1.2112886614173228
11
3.524775157480315
21
-1.2100113779527559
0
LINE
8
BLACK
6
CONTINUOUS
10
3.524775157480315
20
-1.2100113779527559
11
3.5260524409448819
21
-1.2091579527559055
0
LINE
8
BLACK
6
CONTINUOUS
10
3.5260524409448819
20
-1.2091579527559055
11
3.5275590551181102
21
-1.2088582677165354
0
LINE
8
BLACK
6
CONTINUOUS
10
3.5275590551181102
20
-1.2088582677165354
11
3.5590551181102361
21
-1.2088582677165354
0
LINE
8
BLACK
6
CONTINUOUS
10
3.5590551181102361
20
-1.2088582677165354
11
3.5605617322834644
21
-1.2091579527559055
0
LINE
8
BLACK
6
CONTINUOUS
10
3.5033536220472441
20
-1.1264957874015749
11
3.5046947244094486
21
-1.1273918897637796
0
LINE
8
BLACK
6
CONTINUOUS
10
3.5046947244094486
20
-1.1273918897637796
11
3.5055908267716536
21
-1.1287329921259843
0
LINE
8
BLACK
6
CONTINUOUS
10
3.5055908267716536
20
-1.1287329921259843
11
3.5059055118110236
21
-1.1303149606299212
0
LINE
8
BLACK
6
CONTINUOUS
10
3.5059055118110236
20
-1.1303149606299212
11
3.5059055118110236
21
-1.2086614173228347
0
LINE
8
BLACK
6
CONTINUOUS
10
3.5059055118110236
20
-1.2086614173228347
11
3.5055908267716536
21
-1.2102433858267716
0
LINE
8
BLACK
6
CONTINUOUS
10
3.5055908267716536
20
-1.2102433858267716
11
3.5046947244094486
21
-1.2115844881889763
0
LINE
8
BLACK
6
CONTINUOUS
10
3.5046947244094486
20
-1.2115844881889763
11
3.5033536220472441
21
-1.2124805905511811
0
LINE
8
BLACK
6
CONTINUOUS
10
3.5033536220472441
20
-1.2124805905511811
11
3.5017716535433072
21
-1.2127952755905511
0
LINE
8
BLACK
6
CONTINUOUS
10
3.5017716535433072
20
-1.2127952755905511
11
3.4687007874015747
21
-1.2127952755905511
0
LINE
8
BLACK
6
CONTINUOUS
10
3.4687007874015747
20
-1.2127952755905511
11
3.4671188188976378
21
-1.2124805905511811
0
LINE
8
BLACK
6
CONTINUOUS
10
3.4671188188976378
20
-1.2124805905511811
11
3.4657777165354329
21
-1.2115844881889763
0
LINE
8
BLACK
6
CONTINUOUS
10
3.4657777165354329
20
-1.2115844881889763
11
3.4648816141732284
21
-1.2102433858267716
0
LINE
8
BLACK
6
CONTINUOUS
10
3.4648816141732284
20
-1.2102433858267716
11
3.4645669291338583
21
-1.2086614173228347
0
LINE
8
BLACK
6
CONTINUOUS
10
3.4645669291338583
20
-1.2086614173228347
11
3.4645669291338583
21
-1.1303149606299212
0
LINE
8
BLACK
6
CONTINUOUS
10
3.4645669291338583
20
-1.1303149606299212
11
3.4648816141732284
21
-1.1287329921259843
0
LINE
8
BLACK
6
CONTINUOUS
10
3.4648816141732284
20
-1.1287329921259843
11
3.4657777165354329
21
-1.1273918897637796
0
LINE
8
BLACK
6
CONTINUOUS
10
3.4657777165354329
20
-1.1273918897637796
11
3.4671188188976378
21
-1.1264957874015749
0
LINE
8
BLACK
6
CONTINUOUS
10
3.4671188188976378
20
-1.1264957874015749
11
3.4687007874015747
21
-1.1261811023622046
0
LINE
8
BLACK
6
CONTINUOUS
10
3.4687007874015747
20
-1.1261811023622046
11
3.5017716535433072
21
-1.1261811023622046
0
LINE
8
BLACK
6
CONTINUOUS
10
3.5017716535433072
20
-1.1261811023622046
11
3.5033536220472441
21
-1.1264957874015749
0
LINE
8
BLACK
6
CONTINUOUS
10
3.6194953543307085
20
-1.1264957874015749
11
3.6208364566929134
21
-1.1273918897637796
0
LINE
8
BLACK
6
CONTINUOUS
10
3.6208364566929134
20
-1.1273918897637796
11
3.6217325590551179
21
-1.1287329921259843
0
LINE
8
BLACK
6
CONTINUOUS
10
3.6217325590551179
20
-1.1287329921259843
11
3.622047244094488
21
-1.1303149606299212
0
LINE
8
BLACK
6
CONTINUOUS
10
3.622047244094488
20
-1.1303149606299212
11
3.622047244094488
21
-1.2086614173228347
0
LINE
8
BLACK
6
CONTINUOUS
10
3.622047244094488
20
-1.2086614173228347
11
3.6217325590551179
21
-1.2102433858267716
0
LINE
8
BLACK
6
CONTINUOUS
10
3.6217325590551179
20
-1.2102433858267716
11
3.6208364566929134
21
-1.2115844881889763
0
LINE
8
BLACK
6
CONTINUOUS
10
3.6208364566929134
20
-1.2115844881889763
11
3.6194953543307085
21
-1.2124805905511811
0
LINE
8
BLACK
6
CONTINUOUS
10
3.6194953543307085
20
-1.2124805905511811
11
3.6179133858267716
21
-1.2127952755905511
0
LINE
8
BLACK
6
CONTINUOUS
10
3.6179133858267716
20
-1.2127952755905511
11
3.5848425196850391
21
-1.2127952755905511
0
LINE
8
BLACK
6
CONTINUOUS
10
3.5848425196850391
20
-1.2127952755905511
11
3.5832605511811022
21
-1.2124805905511811
0
LINE
8
BLACK
6
CONTINUOUS
10
3.5832605511811022
20
-1.2124805905511811
11
3.5819194488188977
21
-1.2115844881889763
0
LINE
8
BLACK
6
CONTINUOUS
10
3.5819194488188977
20
-1.2115844881889763
11
3.5810233464566927
21
-1.2102433858267716
0
LINE
8
BLACK
6
CONTINUOUS
10
3.5810233464566927
20
-1.2102433858267716
11
3.5807086614173227
21
-1.2086614173228347
0
LINE
8
BLACK
6
CONTINUOUS
10
3.5807086614173227
20
-1.2086614173228347
11
3.5807086614173227
21
-1.1303149606299212
0
LINE
8
BLACK
6
CONTINUOUS
10
3.5807086614173227
20
-1.1303149606299212
11
3.5810233464566927
21
-1.1287329921259843
0
LINE
8
BLACK
6
CONTINUOUS
10
3.5810233464566927
20
-1.1287329921259843
11
3.5819194488188977
21
-1.1273918897637796
0
LINE
8
BLACK
6
CONTINUOUS
10
3.5819194488188977
20
-1.1273918897637796
11
3.5832605511811022
21
-1.1264957874015749
0
LINE
8
BLACK
6
CONTINUOUS
10
3.5832605511811022
20
-1.1264957874015749
11
3.5848425196850391
21
-1.1261811023622046
0
LINE
8
BLACK
6
CONTINUOUS
10
3.5848425196850391
20
-1.1261811023622046
11
3.6179133858267716
21
-1.1261811023622046
0
LINE
8
BLACK
6
CONTINUOUS
10
3.6179133858267716
20
-1.1261811023622046
11
3.6194953543307085
21
-1.1264957874015749
0
LINE
8
BLACK
6
CONTINUOUS
10
4.3112890551181104
20
-1.1422874409448818
11
4.317349881889764
21
-1.1447979133858268
0
LINE
8
BLACK
6
CONTINUOUS
10
4.317349881889764
20
-1.1447979133858268
11
4.322804488188976
21
-1.1484425590551182
0
LINE
8
BLACK
6
CONTINUOUS
10
4.322804488188976
20
-1.1484425590551182
11
4.3274432677165358
21
-1.153081338582677
0
LINE
8
BLACK
6
CONTINUOUS
10
4.3274432677165358
20
-1.153081338582677
11
4.3310879133858267
21
-1.1585359448818897
0
LINE
8
BLACK
6
CONTINUOUS
10
4.3310879133858267
20
-1.1585359448818897
11
4.3335983858267717
21
-1.1645967716535433
0
LINE
8
BLACK
6
CONTINUOUS
10
4.3335983858267717
20
-1.1645967716535433
11
4.3348782283464562
21
-1.1710309055118111
0
LINE
8
BLACK
6
CONTINUOUS
10
4.3348782283464562
20
-1.1710309055118111
11
4.3348782283464562
21
-1.1775911417322835
0
LINE
8
BLACK
6
CONTINUOUS
10
4.3348782283464562
20
-1.1775911417322835
11
4.3335983858267717
21
-1.1840252755905512
0
LINE
8
BLACK
6
CONTINUOUS
10
4.3335983858267717
20
-1.1840252755905512
11
4.3310879133858267
21
-1.1900861023622047
0
LINE
8
BLACK
6
CONTINUOUS
10
4.3310879133858267
20
-1.1900861023622047
11
4.3274432677165358
21
-1.1955407086614174
0
LINE
8
BLACK
6
CONTINUOUS
10
4.3274432677165358
20
-1.1955407086614174
11
4.322804488188976
21
-1.2001794881889762
0
LINE
8
BLACK
6
CONTINUOUS
10
4.322804488188976
20
-1.2001794881889762
11
4.317349881889764
21
-1.2038241338582676
0
LINE
8
BLACK
6
CONTINUOUS
10
4.317349881889764
20
-1.2038241338582676
11
4.3112890551181104
21
-1.2063346062992126
0
LINE
8
BLACK
6
CONTINUOUS
10
4.3112890551181104
20
-1.2063346062992126
11
4.3048549212598424
21
-1.2076144488188976
0
LINE
8
BLACK
6
CONTINUOUS
10
4.3048549212598424
20
-1.2076144488188976
11
4.2982946850393704
21
-1.2076144488188976
0
LINE
8
BLACK
6
CONTINUOUS
10
4.2982946850393704
20
-1.2076144488188976
11
4.2918605511811023
21
-1.2063346062992126
0
LINE
8
BLACK
6
CONTINUOUS
10
4.2918605511811023
20
-1.2063346062992126
11
4.2857997244094488
21
-1.2038241338582676
0
LINE
8
BLACK
6
CONTINUOUS
10
4.2857997244094488
20
-1.2038241338582676
11
4.2803451181102359
21
-1.2001794881889762
0
LINE
8
BLACK
6
CONTINUOUS
10
4.2803451181102359
20
-1.2001794881889762
11
4.275706338582677
21
-1.1955407086614174
0
LINE
8
BLACK
6
CONTINUOUS
10
4.275706338582677
20
-1.1955407086614174
11
4.2720616929133861
21
-1.1900861023622047
0
LINE
8
BLACK
6
CONTINUOUS
10
4.2720616929133861
20
-1.1900861023622047
11
4.2695512204724411
21
-1.1840252755905512
0
LINE
8
BLACK
6
CONTINUOUS
10
4.2695512204724411
20
-1.1840252755905512
11
4.2682713779527557
21
-1.1775911417322835
0
LINE
8
BLACK
6
CONTINUOUS
10
4.2682713779527557
20
-1.1775911417322835
11
4.2682713779527557
21
-1.1710309055118111
0
LINE
8
BLACK
6
CONTINUOUS
10
4.2682713779527557
20
-1.1710309055118111
11
4.2695512204724411
21
-1.1645967716535433
0
LINE
8
BLACK
6
CONTINUOUS
10
4.2695512204724411
20
-1.1645967716535433
11
4.2720616929133861
21
-1.1585359448818897
0
LINE
8
BLACK
6
CONTINUOUS
10
4.2720616929133861
20
-1.1585359448818897
11
4.275706338582677
21
-1.153081338582677
0
LINE
8
BLACK
6
CONTINUOUS
10
4.275706338582677
20
-1.153081338582677
11
4.2803451181102359
21
-1.1484425590551182
0
LINE
8
BLACK
6
CONTINUOUS
10
4.2803451181102359
20
-1.1484425590551182
11
4.2857997244094488
21
-1.1447979133858268
0
LINE
8
BLACK
6
CONTINUOUS
10
4.2857997244094488
20
-1.1447979133858268
11
4.2918605511811023
21
-1.1422874409448818
0
LINE
8
BLACK
6
CONTINUOUS
10
4.2918605511811023
20
-1.1422874409448818
11
4.2982946850393704
21
-1.1410075984251968
0
LINE
8
BLACK
6
CONTINUOUS
10
4.2982946850393704
20
-1.1410075984251968
11
4.3048549212598424
21
-1.1410075984251968
0
LINE
8
BLACK
6
CONTINUOUS
10
4.3048549212598424
20
-1.1410075984251968
11
4.3112890551181104
21
-1.1422874409448818
0
LINE
8
BLACK
6
CONTINUOUS
10
4.4112890551181101
20
-1.1422874409448818
11
4.4173498818897636
21
-1.1447979133858268
0
LINE
8
BLACK
6
CONTINUOUS
10
4.4173498818897636
20
-1.1447979133858268
11
4.4228044881889765
21
-1.1484425590551182
0
LINE
8
BLACK
6
CONTINUOUS
10
4.4228044881889765
20
-1.1484425590551182
11
4.4274432677165354
21
-1.153081338582677
0
LINE
8
BLACK
6
CONTINUOUS
10
4.4274432677165354
20
-1.153081338582677
11
4.4310879133858263
21
-1.1585359448818897
0
LINE
8
BLACK
6
CONTINUOUS
10
4.4310879133858263
20
-1.1585359448818897
11
4.4335983858267713
21
-1.1645967716535433
0
LINE
8
BLACK
6
CONTINUOUS
10
4.4335983858267713
20
-1.1645967716535433
11
4.4348782283464567
21
-1.1710309055118111
0
LINE
8
BLACK
6
CONTINUOUS
10
4.4348782283464567
20
-1.1710309055118111
11
4.4348782283464567
21
-1.1775911417322835
0
LINE
8
BLACK
6
CONTINUOUS
10
4.4348782283464567
20
-1.1775911417322835
11
4.4335983858267713
21
-1.1840252755905512
0
LINE
8
BLACK
6
CONTINUOUS
10
4.4335983858267713
20
-1.1840252755905512
11
4.4310879133858263
21
-1.1900861023622047
0
LINE
8
BLACK
6
CONTINUOUS
10
4.4310879133858263
20
-1.1900861023622047
11
4.4274432677165354
21
-1.1955407086614174
0
LINE
8
BLACK
6
CONTINUOUS
10
4.4274432677165354
20
-1.1955407086614174
11
4.4228044881889765
21
-1.2001794881889762
0
LINE
8
BLACK
6
CONTINUOUS
10
4.4228044881889765
20
-1.2001794881889762
11
4.4173498818897636
21
-1.2038241338582676
0
LINE
8
BLACK
6
CONTINUOUS
10
4.4173498818897636
20
-1.2038241338582676
11
4.4112890551181101
21
-1.2063346062992126
0
LINE
8
BLACK
6
CONTINUOUS
10
4.4112890551181101
20
-1.2063346062992126
11
4.404854921259842
21
-1.2076144488188976
0
LINE
8
BLACK
6
CONTINUOUS
10
4.404854921259842
20
-1.2076144488188976
11
4.39829468503937
21
-1.2076144488188976
0
LINE
8
BLACK
6
CONTINUOUS
10
4.39829468503937
20
-1.2076144488188976
11
4.391860551181102
21
-1.2063346062992126
0
LINE
8
BLACK
6
CONTINUOUS
10
4.391860551181102
20
-1.2063346062992126
11
4.3857997244094484
21
-1.2038241338582676
0
LINE
8
BLACK
6
CONTINUOUS
10
4.3857997244094484
20
-1.2038241338582676
11
4.3803451181102364
21
-1.2001794881889762
0
LINE
8
BLACK
6
CONTINUOUS
10
4.3803451181102364
20
-1.2001794881889762
11
4.3757063385826767
21
-1.1955407086614174
0
LINE
8
BLACK
6
CONTINUOUS
10
4.3757063385826767
20
-1.1955407086614174
11
4.3720616929133858
21
-1.1900861023622047
0
LINE
8
BLACK
6
CONTINUOUS
10
4.3720616929133858
20
-1.1900861023622047
11
4.3695512204724407
21
-1.1840252755905512
0
LINE
8
BLACK
6
CONTINUOUS
10
4.3695512204724407
20
-1.1840252755905512
11
4.3682713779527562
21
-1.1775911417322835
0
LINE
8
BLACK
6
CONTINUOUS
10
4.3682713779527562
20
-1.1775911417322835
11
4.3682713779527562
21
-1.1710309055118111
0
LINE
8
BLACK
6
CONTINUOUS
10
4.3682713779527562
20
-1.1710309055118111
11
4.3695512204724407
21
-1.1645967716535433
0
LINE
8
BLACK
6
CONTINUOUS
10
4.3695512204724407
20
-1.1645967716535433
11
4.3720616929133858
21
-1.1585359448818897
0
LINE
8
BLACK
6
CONTINUOUS
10
4.3720616929133858
20
-1.1585359448818897
11
4.3757063385826767
21
-1.153081338582677
0
LINE
8
BLACK
6
CONTINUOUS
10
4.3757063385826767
20
-1.153081338582677
11
4.3803451181102364
21
-1.1484425590551182
0
LINE
8
BLACK
6
CONTINUOUS
10
4.3803451181102364
20
-1.1484425590551182
11
4.3857997244094484
21
-1.1447979133858268
0
LINE
8
BLACK
6
CONTINUOUS
10
4.3857997244094484
20
-1.1447979133858268
11
4.391860551181102
21
-1.1422874409448818
0
LINE
8
BLACK
6
CONTINUOUS
10
4.391860551181102
20
-1.1422874409448818
11
4.39829468503937
21
-1.1410075984251968
0
LINE
8
BLACK
6
CONTINUOUS
10
4.39829468503937
20
-1.1410075984251968
11
4.404854921259842
21
-1.1410075984251968
0
LINE
8
BLACK
6
CONTINUOUS
10
4.404854921259842
20
-1.1410075984251968
11
4.4112890551181101
21
-1.1422874409448818
0
LINE
8
BLACK
6
CONTINUOUS
10
2.1026276377952757
20
-1.0839212992125984
11
2.1086884645669293
21
-1.0864317716535432
0
LINE
8
BLACK
6
CONTINUOUS
10
2.1086884645669293
20
-1.0864317716535432
11
2.1141430708661417
21
-1.0900764173228346
0
LINE
8
BLACK
6
CONTINUOUS
10
2.1141430708661417
20
-1.0900764173228346
11
2.1187818503937006
21
-1.0947151968503936
0
LINE
8
BLACK
6
CONTINUOUS
10
2.1187818503937006
20
-1.0947151968503936
11
2.1224264960629919
21
-1.1001698031496063
0
LINE
8
BLACK
6
CONTINUOUS
10
2.1224264960629919
20
-1.1001698031496063
11
2.124936968503937
21
-1.1062306299212599
0
LINE
8
BLACK
6
CONTINUOUS
10
2.124936968503937
20
-1.1062306299212599
11
2.1262168110236219
21
-1.1126647637795275
0
LINE
8
BLACK
6
CONTINUOUS
10
2.1262168110236219
20
-1.1126647637795275
11
2.1262168110236219
21
-1.1192249999999999
0
LINE
8
BLACK
6
CONTINUOUS
10
2.1262168110236219
20
-1.1192249999999999
11
2.124936968503937
21
-1.1256591338582678
0
LINE
8
BLACK
6
CONTINUOUS
10
2.124936968503937
20
-1.1256591338582678
11
2.1224264960629919
21
-1.1317199606299213
0
LINE
8
BLACK
6
CONTINUOUS
10
2.1224264960629919
20
-1.1317199606299213
11
2.1187818503937006
21
-1.1371745669291338
0
LINE
8
BLACK
6
CONTINUOUS
10
2.1187818503937006
20
-1.1371745669291338
11
2.1141430708661417
21
-1.1418133464566929
0
LINE
8
BLACK
6
CONTINUOUS
10
2.1141430708661417
20
-1.1418133464566929
11
2.1086884645669293
21
-1.1454579921259842
0
LINE
8
BLACK
6
CONTINUOUS
10
2.1086884645669293
20
-1.1454579921259842
11
2.1026276377952757
21
-1.147968464566929
0
LINE
8
BLACK
6
CONTINUOUS
10
2.1026276377952757
20
-1.147968464566929
11
2.0961935039370077
21
-1.1492483070866142
0
LINE
8
BLACK
6
CONTINUOUS
10
2.0961935039370077
20
-1.1492483070866142
11
2.0896332677165352
21
-1.1492483070866142
0
LINE
8
BLACK
6
CONTINUOUS
10
2.0896332677165352
20
-1.1492483070866142
11
2.0831991338582676
21
-1.147968464566929
0
LINE
8
BLACK
6
CONTINUOUS
10
2.0831991338582676
20
-1.147968464566929
11
2.0771383070866141
21
-1.1454579921259842
0
LINE
8
BLACK
6
CONTINUOUS
10
2.0771383070866141
20
-1.1454579921259842
11
2.0716837007874016
21
-1.1418133464566929
0
LINE
8
BLACK
6
CONTINUOUS
10
2.0716837007874016
20
-1.1418133464566929
11
2.0670449212598423
21
-1.1371745669291338
0
LINE
8
BLACK
6
CONTINUOUS
10
2.0670449212598423
20
-1.1371745669291338
11
2.0634002755905509
21
-1.1317199606299213
0
LINE
8
BLACK
6
CONTINUOUS
10
2.0634002755905509
20
-1.1317199606299213
11
2.0608898031496063
21
-1.1256591338582678
0
LINE
8
BLACK
6
CONTINUOUS
10
2.0608898031496063
20
-1.1256591338582678
11
2.0596099606299214
21
-1.1192249999999999
0
LINE
8
BLACK
6
CONTINUOUS
10
2.0596099606299214
20
-1.1192249999999999
11
2.0596099606299214
21
-1.1126647637795275
0
LINE
8
BLACK
6
CONTINUOUS
10
2.0596099606299214
20
-1.1126647637795275
11
2.0608898031496063
21
-1.1062306299212599
0
LINE
8
BLACK
6
CONTINUOUS
10
2.0608898031496063
20
-1.1062306299212599
11
2.0634002755905509
21
-1.1001698031496063
0
LINE
8
BLACK
6
CONTINUOUS
10
2.0634002755905509
20
-1.1001698031496063
11
2.0670449212598423
21
-1.0947151968503936
0
LINE
8
BLACK
6
CONTINUOUS
10
2.0670449212598423
20
-1.0947151968503936
11
2.0716837007874016
21
-1.0900764173228346
0
LINE
8
BLACK
6
CONTINUOUS
10
2.0716837007874016
20
-1.0900764173228346
11
2.0771383070866141
21
-1.0864317716535432
0
LINE
8
BLACK
6
CONTINUOUS
10
2.0771383070866141
20
-1.0864317716535432
11
2.0831991338582676
21
-1.0839212992125984
0
LINE
8
BLACK
6
CONTINUOUS
10
2.0831991338582676
20
-1.0839212992125984
11
2.0896332677165352
21
-1.0826414566929135
0
LINE
8
BLACK
6
CONTINUOUS
10
2.0896332677165352
20
-1.0826414566929135
11
2.0961935039370077
21
-1.0826414566929135
0
LINE
8
BLACK
6
CONTINUOUS
10
2.0961935039370077
20
-1.0826414566929135
11
2.1026276377952757
21
-1.0839212992125984
0
LINE
8
BLACK
6
CONTINUOUS
10
2.2026276377952754
20
-1.0839212992125984
11
2.2086884645669289
21
-1.0864317716535432
0
LINE
8
BLACK
6
CONTINUOUS
10
2.2086884645669289
20
-1.0864317716535432
11
2.2141430708661418
21
-1.0900764173228346
0
LINE
8
BLACK
6
CONTINUOUS
10
2.2141430708661418
20
-1.0900764173228346
11
2.2187818503937007
21
-1.0947151968503936
0
LINE
8
BLACK
6
CONTINUOUS
10
2.2187818503937007
20
-1.0947151968503936
11
2.222426496062992
21
-1.1001698031496063
0
LINE
8
BLACK
6
CONTINUOUS
10
2.222426496062992
20
-1.1001698031496063
11
2.2249369685039371
21
-1.1062306299212599
0
LINE
8
BLACK
6
CONTINUOUS
10
2.2249369685039371
20
-1.1062306299212599
11
2.226216811023622
21
-1.1126647637795275
0
LINE
8
BLACK
6
CONTINUOUS
10
2.226216811023622
20
-1.1126647637795275
11
2.226216811023622
21
-1.1192249999999999
0
LINE
8
BLACK
6
CONTINUOUS
10
2.226216811023622
20
-1.1192249999999999
11
2.2249369685039371
21
-1.1256591338582678
0
LINE
8
BLACK
6
CONTINUOUS
10
2.2249369685039371
20
-1.1256591338582678
11
2.222426496062992
21
-1.1317199606299213
0
LINE
8
BLACK
6
CONTINUOUS
10
2.222426496062992
20
-1.1317199606299213
11
2.2187818503937007
21
-1.1371745669291338
0
LINE
8
BLACK
6
CONTINUOUS
10
2.2187818503937007
20
-1.1371745669291338
11
2.2141430708661418
21
-1.1418133464566929
0
LINE
8
BLACK
6
CONTINUOUS
10
2.2141430708661418
20
-1.1418133464566929
11
2.2086884645669289
21
-1.1454579921259842
0
LINE
8
BLACK
6
CONTINUOUS
10
2.2086884645669289
20
-1.1454579921259842
11
2.2026276377952754
21
-1.147968464566929
0
LINE
8
BLACK
6
CONTINUOUS
10
2.2026276377952754
20
-1.147968464566929
11
2.1961935039370077
21
-1.1492483070866142
0
LINE
8
BLACK
6
CONTINUOUS
10
2.1961935039370077
20
-1.1492483070866142
11
2.1896332677165353
21
-1.1492483070866142
0
LINE
8
BLACK
6
CONTINUOUS
10
2.1896332677165353
20
-1.1492483070866142
11
2.1831991338582677
21
-1.147968464566929
0
LINE
8
BLACK
6
CONTINUOUS
10
2.1831991338582677
20
-1.147968464566929
11
2.1771383070866142
21
-1.1454579921259842
0
LINE
8
BLACK
6
CONTINUOUS
10
2.1771383070866142
20
-1.1454579921259842
11
2.1716837007874017
21
-1.1418133464566929
0
LINE
8
BLACK
6
CONTINUOUS
10
2.1716837007874017
20
-1.1418133464566929
11
2.1670449212598424
21
-1.1371745669291338
0
LINE
8
BLACK
6
CONTINUOUS
10
2.1670449212598424
20
-1.1371745669291338
11
2.163400275590551
21
-1.1317199606299213
0
LINE
8
BLACK
6
CONTINUOUS
10
2.163400275590551
20
-1.1317199606299213
11
2.1608898031496064
21
-1.1256591338582678
0
LINE
8
BLACK
6
CONTINUOUS
10
2.1608898031496064
20
-1.1256591338582678
11
2.1596099606299211
21
-1.1192249999999999
0
LINE
8
BLACK
6
CONTINUOUS
10
2.1596099606299211
20
-1.1192249999999999
11
2.1596099606299211
21
-1.1126647637795275
0
LINE
8
BLACK
6
CONTINUOUS
10
2.1596099606299211
20
-1.1126647637795275
11
2.1608898031496064
21
-1.1062306299212599
0
LINE
8
BLACK
6
CONTINUOUS
10
2.1608898031496064
20
-1.1062306299212599
11
2.163400275590551
21
-1.1001698031496063
0
LINE
8
BLACK
6
CONTINUOUS
10
2.163400275590551
20
-1.1001698031496063
11
2.1670449212598424
21
-1.0947151968503936
0
LINE
8
BLACK
6
CONTINUOUS
10
2.1670449212598424
20
-1.0947151968503936
11
2.1716837007874017
21
-1.0900764173228346
0
LINE
8
BLACK
6
CONTINUOUS
10
2.1716837007874017
20
-1.0900764173228346
11
2.1771383070866142
21
-1.0864317716535432
0
LINE
8
BLACK
6
CONTINUOUS
10
2.1771383070866142
20
-1.0864317716535432
11
2.1831991338582677
21
-1.0839212992125984
0
LINE
8
BLACK
6
CONTINUOUS
10
2.1831991338582677
20
-1.0839212992125984
11
2.1896332677165353
21
-1.0826414566929135
0
LINE
8
BLACK
6
CONTINUOUS
10
2.1896332677165353
20
-1.0826414566929135
11
2.1961935039370077
21
-1.0826414566929135
0
LINE
8
BLACK
6
CONTINUOUS
10
2.1961935039370077
20
-1.0826414566929135
11
2.2026276377952754
21
-1.0839212992125984
0
LINE
8
BLACK
6
CONTINUOUS
10
3.5605617322834644
20
-1.0910477165354331
11
3.5618390157480313
21
-1.0919011417322835
0
LINE
8
BLACK
6
CONTINUOUS
10
3.5618390157480313
20
-1.0919011417322835
11
3.5626924409448817
21
-1.0931784251968504
0
LINE
8
BLACK
6
CONTINUOUS
10
3.5626924409448817
20
-1.0931784251968504
11
3.5629921259842519
21
-1.0946850393700787
0
LINE
8
BLACK
6
CONTINUOUS
10
3.5629921259842519
20
-1.0946850393700787
11
3.5629921259842519
21
-1.1261811023622046
0
LINE
8
BLACK
6
CONTINUOUS
10
3.5629921259842519
20
-1.1261811023622046
11
3.5626924409448817
21
-1.1276877165354331
0
LINE
8
BLACK
6
CONTINUOUS
10
3.5626924409448817
20
-1.1276877165354331
11
3.5618390157480313
21
-1.128965
0
LINE
8
BLACK
6
CONTINUOUS
10
3.5618390157480313
20
-1.128965
11
3.5605617322834644
21
-1.1298184251968504
0
LINE
8
BLACK
6
CONTINUOUS
10
3.5605617322834644
20
-1.1298184251968504
11
3.5590551181102361
21
-1.1301181102362206
0
LINE
8
BLACK
6
CONTINUOUS
10
3.5590551181102361
20
-1.1301181102362206
11
3.5275590551181102
21
-1.1301181102362206
0
LINE
8
BLACK
6
CONTINUOUS
10
3.5275590551181102
20
-1.1301181102362206
11
3.5260524409448819
21
-1.1298184251968504
0
LINE
8
BLACK
6
CONTINUOUS
10
3.5260524409448819
20
-1.1298184251968504
11
3.524775157480315
21
-1.128965
0
LINE
8
BLACK
6
CONTINUOUS
10
3.524775157480315
20
-1.128965
11
3.5239217322834646
21
-1.1276877165354331
0
LINE
8
BLACK
6
CONTINUOUS
10
3.5239217322834646
20
-1.1276877165354331
11
3.5236220472440944
21
-1.1261811023622046
0
LINE
8
BLACK
6
CONTINUOUS
10
3.5236220472440944
20
-1.1261811023622046
11
3.5236220472440944
21
-1.0946850393700787
0
LINE
8
BLACK
6
CONTINUOUS
10
3.5236220472440944
20
-1.0946850393700787
11
3.5239217322834646
21
-1.0931784251968504
0
LINE
8
BLACK
6
CONTINUOUS
10
3.5239217322834646
20
-1.0931784251968504
11
3.524775157480315
21
-1.0919011417322835
0
LINE
8
BLACK
6
CONTINUOUS
10
3.524775157480315
20
-1.0919011417322835
11
3.5260524409448819
21
-1.0910477165354331
0
LINE
8
BLACK
6
CONTINUOUS
10
3.5260524409448819
20
-1.0910477165354331
11
3.5275590551181102
21
-1.0907480314960629
0
LINE
8
BLACK
6
CONTINUOUS
10
3.5275590551181102
20
-1.0907480314960629
11
3.5590551181102361
21
-1.0907480314960629
0
LINE
8
BLACK
6
CONTINUOUS
10
3.5590551181102361
20
-1.0907480314960629
11
3.5605617322834644
21
-1.0910477165354331
0
LINE
8
BLACK
6
CONTINUOUS
10
4.3112890551181104
20
-1.0422874409448819
11
4.317349881889764
21
-1.0447979133858267
0
LINE
8
BLACK
6
CONTINUOUS
10
4.317349881889764
20
-1.0447979133858267
11
4.322804488188976
21
-1.0484425590551181
0
LINE
8
BLACK
6
CONTINUOUS
10
4.322804488188976
20
-1.0484425590551181
11
4.3274432677165358
21
-1.0530813385826772
0
LINE
8
BLACK
6
CONTINUOUS
10
4.3274432677165358
20
-1.0530813385826772
11
4.3310879133858267
21
-1.0585359448818898
0
LINE
8
BLACK
6
CONTINUOUS
10
4.3310879133858267
20
-1.0585359448818898
11
4.3335983858267717
21
-1.0645967716535434
0
LINE
8
BLACK
6
CONTINUOUS
10
4.3335983858267717
20
-1.0645967716535434
11
4.3348782283464562
21
-1.071030905511811
0
LINE
8
BLACK
6
CONTINUOUS
10
4.3348782283464562
20
-1.071030905511811
11
4.3348782283464562
21
-1.0775911417322834
0
LINE
8
BLACK
6
CONTINUOUS
10
4.3348782283464562
20
-1.0775911417322834
11
4.3335983858267717
21
-1.0840252755905511
0
LINE
8
BLACK
6
CONTINUOUS
10
4.3335983858267717
20
-1.0840252755905511
11
4.3310879133858267
21
-1.0900861023622046
0
LINE
8
BLACK
6
CONTINUOUS
10
4.3310879133858267
20
-1.0900861023622046
11
4.3274432677165358
21
-1.0955407086614173
0
LINE
8
BLACK
6
CONTINUOUS
10
4.3274432677165358
20
-1.0955407086614173
11
4.322804488188976
21
-1.1001794881889764
0
LINE
8
BLACK
6
CONTINUOUS
10
4.322804488188976
20
-1.1001794881889764
11
4.317349881889764
21
-1.1038241338582677
0
LINE
8
BLACK
6
CONTINUOUS
10
4.317349881889764
20
-1.1038241338582677
11
4.3112890551181104
21
-1.1063346062992125
0
LINE
8
BLACK
6
CONTINUOUS
10
4.3112890551181104
20
-1.1063346062992125
11
4.3048549212598424
21
-1.1076144488188977
0
LINE
8
BLACK
6
CONTINUOUS
10
4.3048549212598424
20
-1.1076144488188977
11
4.2982946850393704
21
-1.1076144488188977
0
LINE
8
BLACK
6
CONTINUOUS
10
4.2982946850393704
20
-1.1076144488188977
11
4.2918605511811023
21
-1.1063346062992125
0
LINE
8
BLACK
6
CONTINUOUS
10
4.2918605511811023
20
-1.1063346062992125
11
4.2857997244094488
21
-1.1038241338582677
0
LINE
8
BLACK
6
CONTINUOUS
10
4.2857997244094488
20
-1.1038241338582677
11
4.2803451181102359
21
-1.1001794881889764
0
LINE
8
BLACK
6
CONTINUOUS
10
4.2803451181102359
20
-1.1001794881889764
11
4.275706338582677
21
-1.0955407086614173
0
LINE
8
BLACK
6
CONTINUOUS
10
4.275706338582677
20
-1.0955407086614173
11
4.2720616929133861
21
-1.0900861023622046
0
LINE
8
BLACK
6
CONTINUOUS
10
4.2720616929133861
20
-1.0900861023622046
11
4.2695512204724411
21
-1.0840252755905511
0
LINE
8
BLACK
6
CONTINUOUS
10
4.2695512204724411
20
-1.0840252755905511
11
4.2682713779527557
21
-1.0775911417322834
0
LINE
8
BLACK
6
CONTINUOUS
10
4.2682713779527557
20
-1.0775911417322834
11
4.2682713779527557
21
-1.071030905511811
0
LINE
8
BLACK
6
CONTINUOUS
10
4.2682713779527557
20
-1.071030905511811
11
4.2695512204724411
21
-1.0645967716535434
0
LINE
8
BLACK
6
CONTINUOUS
10
4.2695512204724411
20
-1.0645967716535434
11
4.2720616929133861
21
-1.0585359448818898
0
LINE
8
BLACK
6
CONTINUOUS
10
4.2720616929133861
20
-1.0585359448818898
11
4.275706338582677
21
-1.0530813385826772
0
LINE
8
BLACK
6
CONTINUOUS
10
4.275706338582677
20
-1.0530813385826772
11
4.2803451181102359
21
-1.0484425590551181
0
LINE
8
BLACK
6
CONTINUOUS
10
4.2803451181102359
20
-1.0484425590551181
11
4.2857997244094488
21
-1.0447979133858267
0
LINE
8
BLACK
6
CONTINUOUS
10
4.2857997244094488
20
-1.0447979133858267
11
4.2918605511811023
21
-1.0422874409448819
0
LINE
8
BLACK
6
CONTINUOUS
10
4.2918605511811023
20
-1.0422874409448819
11
4.2982946850393704
21
-1.0410075984251967
0
LINE
8
BLACK
6
CONTINUOUS
10
4.2982946850393704
20
-1.0410075984251967
11
4.3048549212598424
21
-1.0410075984251967
0
LINE
8
BLACK
6
CONTINUOUS
10
4.3048549212598424
20
-1.0410075984251967
11
4.3112890551181104
21
-1.0422874409448819
0
LINE
8
BLACK
6
CONTINUOUS
10
4.4112890551181101
20
-1.0422874409448819
11
4.4173498818897636
21
-1.0447979133858267
0
LINE
8
BLACK
6
CONTINUOUS
10
4.4173498818897636
20
-1.0447979133858267
11
4.4228044881889765
21
-1.0484425590551181
0
LINE
8
BLACK
6
CONTINUOUS
10
4.4228044881889765
20
-1.0484425590551181
11
4.4274432677165354
21
-1.0530813385826772
0
LINE
8
BLACK
6
CONTINUOUS
10
4.4274432677165354
20
-1.0530813385826772
11
4.4310879133858263
21
-1.0585359448818898
0
LINE
8
BLACK
6
CONTINUOUS
10
4.4310879133858263
20
-1.0585359448818898
11
4.4335983858267713
21
-1.0645967716535434
0
LINE
8
BLACK
6
CONTINUOUS
10
4.4335983858267713
20
-1.0645967716535434
11
4.4348782283464567
21
-1.071030905511811
0
LINE
8
BLACK
6
CONTINUOUS
10
4.4348782283464567
20
-1.071030905511811
11
4.4348782283464567
21
-1.0775911417322834
0
LINE
8
BLACK
6
CONTINUOUS
10
4.4348782283464567
20
-1.0775911417322834
11
4.4335983858267713
21
-1.0840252755905511
0
LINE
8
BLACK
6
CONTINUOUS
10
4.4335983858267713
20
-1.0840252755905511
11
4.4310879133858263
21
-1.0900861023622046
0
LINE
8
BLACK
6
CONTINUOUS
10
4.4310879133858263
20
-1.0900861023622046
11
4.4274432677165354
21
-1.0955407086614173
0
LINE
8
BLACK
6
CONTINUOUS
10
4.4274432677165354
20
-1.0955407086614173
11
4.4228044881889765
21
-1.1001794881889764
0
LINE
8
BLACK
6
CONTINUOUS
10
4.4228044881889765
20
-1.1001794881889764
11
4.4173498818897636
21
-1.1038241338582677
0
LINE
8
BLACK
6
CONTINUOUS
10
4.4173498818897636
20
-1.1038241338582677
11
4.4112890551181101
21
-1.1063346062992125
0
LINE
8
BLACK
6
CONTINUOUS
10
4.4112890551181101
20
-1.1063346062992125
11
4.404854921259842
21
-1.1076144488188977
0
LINE
8
BLACK
6
CONTINUOUS
10
4.404854921259842
20
-1.1076144488188977
11
4.39829468503937
21
-1.1076144488188977
0
LINE
8
BLACK
6
CONTINUOUS
10
4.39829468503937
20
-1.1076144488188977
11
4.391860551181102
21
-1.1063346062992125
0
LINE
8
BLACK
6
CONTINUOUS
10
4.391860551181102
20
-1.1063346062992125
11
4.3857997244094484
21
-1.1038241338582677
0
LINE
8
BLACK
6
CONTINUOUS
10
4.3857997244094484
20
-1.1038241338582677
11
4.3803451181102364
21
-1.1001794881889764
0
LINE
8
BLACK
6
CONTINUOUS
10
4.3803451181102364
20
-1.1001794881889764
11
4.3757063385826767
21
-1.0955407086614173
0
LINE
8
BLACK
6
CONTINUOUS
10
4.3757063385826767
20
-1.0955407086614173
11
4.3720616929133858
21
-1.0900861023622046
0
LINE
8
BLACK
6
CONTINUOUS
10
4.3720616929133858
20
-1.0900861023622046
11
4.3695512204724407
21
-1.0840252755905511
0
LINE
8
BLACK
6
CONTINUOUS
10
4.3695512204724407
20
-1.0840252755905511
11
4.3682713779527562
21
-1.0775911417322834
0
LINE
8
BLACK
6
CONTINUOUS
10
4.3682713779527562
20
-1.0775911417322834
11
4.3682713779527562
21
-1.071030905511811
0
LINE
8
BLACK
6
CONTINUOUS
10
4.3682713779527562
20
-1.071030905511811
11
4.3695512204724407
21
-1.0645967716535434
0
LINE
8
BLACK
6
CONTINUOUS
10
4.3695512204724407
20
-1.0645967716535434
11
4.3720616929133858
21
-1.0585359448818898
0
LINE
8
BLACK
6
CONTINUOUS
10
4.3720616929133858
20
-1.0585359448818898
11
4.3757063385826767
21
-1.0530813385826772
0
LINE
8
BLACK
6
CONTINUOUS
10
4.3757063385826767
20
-1.0530813385826772
11
4.3803451181102364
21
-1.0484425590551181
0
LINE
8
BLACK
6
CONTINUOUS
10
4.3803451181102364
20
-1.0484425590551181
11
4.3857997244094484
21
-1.0447979133858267
0
LINE
8
BLACK
6
CONTINUOUS
10
4.3857997244094484
20
-1.0447979133858267
11
4.391860551181102
21
-1.0422874409448819
0
LINE
8
BLACK
6
CONTINUOUS
10
4.391860551181102
20
-1.0422874409448819
11
4.39829468503937
21
-1.0410075984251967
0
LINE
8
BLACK
6
CONTINUOUS
10
4.39829468503937
20
-1.0410075984251967
11
4.404854921259842
21
-1.0410075984251967
0
LINE
8
BLACK
6
CONTINUOUS
10
4.404854921259842
20
-1.0410075984251967
11
4.4112890551181101
21
-1.0422874409448819
0
LINE
8
BLACK
6
CONTINUOUS
10
2.1263779527559055
20
-1.0494094488188976
11
2.0594488188976379
21
-1.0494094488188976
0
LINE
8
BLACK
6
CONTINUOUS
10
2.0594488188976379
20
-1.0494094488188976
11
2.0594488188976379
21
-0.9824803149606299
0
LINE
8
BLACK
6
CONTINUOUS
10
2.0594488188976379
20
-0.9824803149606299
11
2.1263779527559055
21
-0.9824803149606299
0
LINE
8
BLACK
6
CONTINUOUS
10
2.1263779527559055
20
-0.9824803149606299
11
2.1263779527559055
21
-1.0494094488188976
0
LINE
8
BLACK
6
CONTINUOUS
10
2.2026276377952754
20
-0.9839212992125984
11
2.2086884645669289
21
-0.9864317716535432
0
LINE
8
BLACK
6
CONTINUOUS
10
2.2086884645669289
20
-0.9864317716535432
11
2.2141430708661418
21
-0.9900764173228346
0
LINE
8
BLACK
6
CONTINUOUS
10
2.2141430708661418
20
-0.9900764173228346
11
2.2187818503937007
21
-0.9947151968503937
0
LINE
8
BLACK
6
CONTINUOUS
10
2.2187818503937007
20
-0.9947151968503937
11
2.222426496062992
21
-1.0001698031496062
0
LINE
8
BLACK
6
CONTINUOUS
10
2.222426496062992
20
-1.0001698031496062
11
2.2249369685039371
21
-1.0062306299212598
0
LINE
8
BLACK
6
CONTINUOUS
10
2.2249369685039371
20
-1.0062306299212598
11
2.226216811023622
21
-1.0126647637795276
0
LINE
8
BLACK
6
CONTINUOUS
10
2.226216811023622
20
-1.0126647637795276
11
2.226216811023622
21
-1.019225
0
LINE
8
BLACK
6
CONTINUOUS
10
2.226216811023622
20
-1.019225
11
2.2249369685039371
21
-1.0256591338582677
0
LINE
8
BLACK
6
CONTINUOUS
10
2.2249369685039371
20
-1.0256591338582677
11
2.222426496062992
21
-1.0317199606299212
0
LINE
8
BLACK
6
CONTINUOUS
10
2.222426496062992
20
-1.0317199606299212
11
2.2187818503937007
21
-1.0371745669291339
0
LINE
8
BLACK
6
CONTINUOUS
10
2.2187818503937007
20
-1.0371745669291339
11
2.2141430708661418
21
-1.041813346456693
0
LINE
8
BLACK
6
CONTINUOUS
10
2.2141430708661418
20
-1.041813346456693
11
2.2086884645669289
21
-1.0454579921259843
0
LINE
8
BLACK
6
CONTINUOUS
10
2.2086884645669289
20
-1.0454579921259843
11
2.2026276377952754
21
-1.0479684645669292
0
LINE
8
BLACK
6
CONTINUOUS
10
2.2026276377952754
20
-1.0479684645669292
11
2.1961935039370077
21
-1.0492483070866141
0
LINE
8
BLACK
6
CONTINUOUS
10
2.1961935039370077
20
-1.0492483070866141
11
2.1896332677165353
21
-1.0492483070866141
0
LINE
8
BLACK
6
CONTINUOUS
10
2.1896332677165353
20
-1.0492483070866141
11
2.1831991338582677
21
-1.0479684645669292
0
LINE
8
BLACK
6
CONTINUOUS
10
2.1831991338582677
20
-1.0479684645669292
11
2.1771383070866142
21
-1.0454579921259843
0
LINE
8
BLACK
6
CONTINUOUS
10
2.1771383070866142
20
-1.0454579921259843
11
2.1716837007874017
21
-1.041813346456693
0
LINE
8
BLACK
6
CONTINUOUS
10
2.1716837007874017
20
-1.041813346456693
11
2.1670449212598424
21
-1.0371745669291339
0
LINE
8
BLACK
6
CONTINUOUS
10
2.1670449212598424
20
-1.0371745669291339
11
2.163400275590551
21
-1.0317199606299212
0
LINE
8
BLACK
6
CONTINUOUS
10
2.163400275590551
20
-1.0317199606299212
11
2.1608898031496064
21
-1.0256591338582677
0
LINE
8
BLACK
6
CONTINUOUS
10
2.1608898031496064
20
-1.0256591338582677
11
2.1596099606299211
21
-1.019225
0
LINE
8
BLACK
6
CONTINUOUS
10
2.1596099606299211
20
-1.019225
11
2.1596099606299211
21
-1.0126647637795276
0
LINE
8
BLACK
6
CONTINUOUS
10
2.1596099606299211
20
-1.0126647637795276
11
2.1608898031496064
21
-1.0062306299212598
0
LINE
8
BLACK
6
CONTINUOUS
10
2.1608898031496064
20
-1.0062306299212598
11
2.163400275590551
21
-1.0001698031496062
0
LINE
8
BLACK
6
CONTINUOUS
10
2.163400275590551
20
-1.0001698031496062
11
2.1670449212598424
21
-0.9947151968503937
0
LINE
8
BLACK
6
CONTINUOUS
10
2.1670449212598424
20
-0.9947151968503937
11
2.1716837007874017
21
-0.9900764173228346
0
LINE
8
BLACK
6
CONTINUOUS
10
2.1716837007874017
20
-0.9900764173228346
11
2.1771383070866142
21
-0.9864317716535432
0
LINE
8
BLACK
6
CONTINUOUS
10
2.1771383070866142
20
-0.9864317716535432
11
2.1831991338582677
21
-0.9839212992125984
0
LINE
8
BLACK
6
CONTINUOUS
10
2.1831991338582677
20
-0.9839212992125984
11
2.1896332677165353
21
-0.9826414566929134
0
LINE
8
BLACK
6
CONTINUOUS
10
2.1896332677165353
20
-0.9826414566929134
11
2.1961935039370077
21
-0.9826414566929134
0
LINE
8
BLACK
6
CONTINUOUS
10
2.1961935039370077
20
-0.9826414566929134
11
2.2026276377952754
21
-0.9839212992125984
0
CIRCLE
8
BLACK
10
3.0299212598425198
20
-1.9135826771653544
40
0.0068897637795276
0
CIRCLE
8
BLACK
10
3.1299212598425195
20
-1.9135826771653544
40
0.0068897637795276
0
CIRCLE
8
BLACK
10
5.2753937401574804
20
-2.2206692913385826
40
0.0068897637795276
0
CIRCLE
8
BLACK
10
3.7677165354330708
20
-2.3387795275590553
40
0.0068897637795276
0
CIRCLE
8
BLACK
10
3.6299212598425195
20
-2.3387795275590553
40
0.0068897637795276
0
CIRCLE
8
BLACK
10
4.409448818897638
20
-4.7637795275590546
40
0.0068897637795276
0
CIRCLE
8
BLACK
10
3.9094488188976375
20
-4.7637795275590546
40
0.0068897637795276
0
CIRCLE
8
BLACK
10
4.2996062992125985
20
-4.663779527559055
40
0.0068897637795276
0
CIRCLE
8
BLACK
10
4.2596062992125985
20
-4.5937007480314955
40
0.0068897637795276
0
CIRCLE
8
BLACK
10
4.2196062992125984
20
-4.663779527559055
40
0.0068897637795276
0
CIRCLE
8
BLACK
10
4.1796062992125984
20
-4.5937007480314955
40
0.0068897637795276
0
CIRCLE
8
BLACK
10
4.1396062992125984
20
-4.663779527559055
40
0.0068897637795276
0
CIRCLE
8
BLACK
10
4.0996062992125983
20
-4.5937007480314955
40
0.0068897637795276
0
CIRCLE
8
BLACK
10
4.0596062992125983
20
-4.663779527559055
40
0.0068897637795276
0
CIRCLE
8
BLACK
10
4.019606338582677
20
-4.5937007874015743
40
0.0068897637795276
0
CIRCLE
8
BLACK
10
4.429527559055118
20
-4.4039370078740152
40
0.0068897637795276
0
CIRCLE
8
BLACK
10
4.3393700787401572
20
-4.4039370078740152
40
0.0068897637795276
0
CIRCLE
8
BLACK
10
3.9795275590551182
20
-4.4039370078740152
40
0.0068897637795276
0
CIRCLE
8
BLACK
10
3.8893700787401575
20
-4.4039370078740152
40
0.0068897637795276
0
CIRCLE
8
BLACK
10
4.4795275590551178
20
-4.6287401574803146
40
0.0068897637795276
0
CIRCLE
8
BLACK
10
3.8393700787401572
20
-4.6287401574803146
40
0.0068897637795276
0
CIRCLE
8
BLACK
10
3.0299212598425198
20
-1.6104330708661416
40
0.0068897637795276
0
CIRCLE
8
BLACK
10
3.1299212598425195
20
-1.6104330708661416
40
0.0068897637795276
0
CIRCLE
8
BLACK
10
2.0929133858267717
20
-1.0159448818897638
40
0.0068897637795276
0
CIRCLE
8
BLACK
10
2.1929133858267718
20
-1.0159448818897638
40
0.0068897637795276
0
CIRCLE
8
BLACK
10
2.0929133858267717
20
-1.1159448818897637
40
0.0068897637795276
0
CIRCLE
8
BLACK
10
2.1929133858267718
20
-1.1159448818897637
40
0.0068897637795276
0
CIRCLE
8
BLACK
10
2.0929133858267717
20
-1.2159448818897638
40
0.0068897637795276
0
CIRCLE
8
BLACK
10
2.1929133858267718
20
-1.2159448818897638
40
0.0068897637795276
0
CIRCLE
8
BLACK
10
2.0929133858267717
20
-1.3159448818897637
40
0.0068897637795276
0
CIRCLE
8
BLACK
10
2.1929133858267718
20
-1.3159448818897637
40
0.0068897637795276
0
CIRCLE
8
BLACK
10
2.0929133858267717
20
-1.4159448818897638
40
0.0068897637795276
0
CIRCLE
8
BLACK
10
2.1929133858267718
20
-1.4159448818897638
40
0.0068897637795276
0
CIRCLE
8
BLACK
10
2.0929133858267717
20
-1.5159448818897638
40
0.0068897637795276
0
CIRCLE
8
BLACK
10
2.1929133858267718
20
-1.5159448818897638
40
0.0068897637795276
0
CIRCLE
8
BLACK
10
2.0929133858267717
20
-1.6159448818897637
40
0.0068897637795276
0
CIRCLE
8
BLACK
10
2.1929133858267718
20
-1.6159448818897637
40
0.0068897637795276
0
CIRCLE
8
BLACK
10
2.0929133858267717
20
-1.7159448818897638
40
0.0068897637795276
0
CIRCLE
8
BLACK
10
2.1929133858267718
20
-1.7159448818897638
40
0.0068897637795276
0
CIRCLE
8
BLACK
10
2.0929133858267717
20
-1.8159448818897637
40
0.0068897637795276
0
CIRCLE
8
BLACK
10
2.1929133858267718
20
-1.8159448818897637
40
0.0068897637795276
0
CIRCLE
8
BLACK
10
2.0929133858267717
20
-1.9159448818897638
40
0.0068897637795276
0
CIRCLE
8
BLACK
10
2.1929133858267718
20
-1.9159448818897638
40
0.0068897637795276
0
CIRCLE
8
BLACK
10
2.0929133858267717
20
-2.0159448818897636
40
0.0068897637795276
0
CIRCLE
8
BLACK
10
2.1929133858267718
20
-2.0159448818897636
40
0.0068897637795276
0
CIRCLE
8
BLACK
10
2.0929133858267717
20
-2.1159448818897637
40
0.0068897637795276
0
CIRCLE
8
BLACK
10
2.1929133858267718
20
-2.1159448818897637
40
0.0068897637795276
0
CIRCLE
8
BLACK
10
2.0929133858267717
20
-2.2159448818897638
40
0.0068897637795276
0
CIRCLE
8
BLACK
10
2.1929133858267718
20
-2.2159448818897638
40
0.0068897637795276
0
CIRCLE
8
BLACK
10
2.0929133858267717
20
-2.3159448818897639
40
0.0068897637795276
0
CIRCLE
8
BLACK
10
2.1929133858267718
20
-2.3159448818897639
40
0.0068897637795276
0
CIRCLE
8
BLACK
10
2.0929133858267717
20
-2.4159448818897635
40
0.0068897637795276
0
CIRCLE
8
BLACK
10
2.1929133858267718
20
-2.4159448818897635
40
0.0068897637795276
0
CIRCLE
8
BLACK
10
2.0929133858267717
20
-2.5159448818897636
40
0.0068897637795276
0
CIRCLE
8
BLACK
10
2.1929133858267718
20
-2.5159448818897636
40
0.0068897637795276
0
CIRCLE
8
BLACK
10
2.0929133858267717
20
-2.6159448818897637
40
0.0068897637795276
0
CIRCLE
8
BLACK
10
2.1929133858267718
20
-2.6159448818897637
40
0.0068897637795276
0
CIRCLE
8
BLACK
10
2.0929133858267717
20
-2.7159448818897638
40
0.0068897637795276
0
CIRCLE
8
BLACK
10
2.1929133858267718
20
-2.7159448818897638
40
0.0068897637795276
0
CIRCLE
8
BLACK
10
2.0929133858267717
20
-2.8159448818897639
40
0.0068897637795276
0
CIRCLE
8
BLACK
10
2.1929133858267718
20
-2.8159448818897639
40
0.0068897637795276
0
CIRCLE
8
BLACK
10
2.0929133858267717
20
-2.9159448818897635
40
0.0068897637795276
0
CIRCLE
8
BLACK
10
2.1929133858267718
20
-2.9159448818897635
40
0.0068897637795276
0
CIRCLE
8
BLACK
10
3.0299212598425198
20
-1.7127952755905511
40
0.0068897637795276
0
CIRCLE
8
BLACK
10
3.1299212598425195
20
-1.7127952755905511
40
0.0068897637795276
0
CIRCLE
8
BLACK
10
1.0905511811023623
20
-6.71259842519685
40
0.0068897637795276
0
CIRCLE
8
BLACK
10
4.4998031496062989
20
-3.0120078740157479
40
0.0068897637795276
0
CIRCLE
8
BLACK
10
3.0299212598425198
20
-2.0120078740157479
40
0.0068897637795276
0
CIRCLE
8
BLACK
10
3.1299212598425195
20
-2.0120078740157479
40
0.0068897637795276
0
CIRCLE
8
BLACK
10
4.0866141732283463
20
-3.2755905511811023
40
0.0068897637795276
0
CIRCLE
8
BLACK
10
4.0866141732283463
20
-3.1755904724409447
40
0.0068897637795276
0
CIRCLE
8
BLACK
10
4.2165354330708658
20
-3.2755905511811023
40
0.0068897637795276
0
CIRCLE
8
BLACK
10
4.2165354330708658
20
-3.1755905511811022
40
0.0068897637795276
0
CIRCLE
8
BLACK
10
4.2165354330708658
20
-3.0755905905511809
40
0.0068897637795276
0
CIRCLE
8
BLACK
10
1.0905511811023623
20
-5.8740771653543309
40
0.0068897637795276
0
CIRCLE
8
BLACK
10
1.0905511811023623
20
-6.4330913385826767
40
0.0068897637795276
0
CIRCLE
8
BLACK
10
1.0905511811023623
20
-6.1535842519685042
40
0.0068897637795276
0
CIRCLE
8
BLACK
10
2.7503937007874013
20
-1.612007874015748
40
0.0068897637795276
0
CIRCLE
8
BLACK
10
2.8503937007874014
20
-1.612007874015748
40
0.0068897637795276
0
CIRCLE
8
BLACK
10
2.7503937007874013
20
-1.7120078740157481
40
0.0068897637795276
0
CIRCLE
8
BLACK
10
2.8503937007874014
20
-1.7120078740157481
40
0.0068897637795276
0
CIRCLE
8
BLACK
10
2.7503937007874013
20
-1.8120078740157479
40
0.0068897637795276
0
CIRCLE
8
BLACK
10
2.8503937007874014
20
-1.8120078740157479
40
0.0068897637795276
0
CIRCLE
8
BLACK
10
2.7503937007874013
20
-1.912007874015748
40
0.0068897637795276
0
CIRCLE
8
BLACK
10
2.8503937007874014
20
-1.912007874015748
40
0.0068897637795276
0
CIRCLE
8
BLACK
10
2.7503937007874013
20
-2.0120078740157479
40
0.0068897637795276
0
CIRCLE
8
BLACK
10
2.8503937007874014
20
-2.0120078740157479
40
0.0068897637795276
0
CIRCLE
8
BLACK
10
4.4015748031496065
20
-1.4743110236220471
40
0.0068897637795276
0
CIRCLE
8
BLACK
10
4.3015748031496059
20
-1.4743110236220471
40
0.0068897637795276
0
CIRCLE
8
BLACK
10
4.4015748031496065
20
-1.3743110236220473
40
0.0068897637795276
0
CIRCLE
8
BLACK
10
4.3015748031496059
20
-1.3743110236220473
40
0.0068897637795276
0
CIRCLE
8
BLACK
10
4.4015748031496065
20
-1.2743110629921259
40
0.0068897637795276
0
CIRCLE
8
BLACK
10
4.3015748031496059
20
-1.2743110236220472
40
0.0068897637795276
0
CIRCLE
8
BLACK
10
4.4015748031496065
20
-1.1743110236220473
40
0.0068897637795276
0
CIRCLE
8
BLACK
10
4.3015748031496059
20
-1.1743110236220473
40
0.0068897637795276
0
CIRCLE
8
BLACK
10
4.4015748031496065
20
-1.0743110236220472
40
0.0068897637795276
0
CIRCLE
8
BLACK
10
4.3015748031496059
20
-1.0743110236220472
40
0.0068897637795276
0
CIRCLE
8
BLACK
10
2.7511811023622048
20
-4.5196850393700787
40
0.0068897637795276
0
CIRCLE
8
BLACK
10
2.7511811023622048
20
-4.3196850787401573
40
0.0068897637795276
0
CIRCLE
8
BLACK
10
3.5511811023622046
20
-4.8196850393700785
40
0.0068897637795276
0
CIRCLE
8
BLACK
10
3.5511811023622046
20
-4.4196850393700791
40
0.0068897637795276
0
CIRCLE
8
BLACK
10
3.5511811023622046
20
-4.0196850393700787
40
0.0068897637795276
0
CIRCLE
8
BLACK
10
2.7511811023622048
20
-4.0196850393700787
40
0.0068897637795276
0
CIRCLE
8
WHITE
10
3.0299212598425198
20
-1.9135826771653544
40
0.0068897637795276
0
CIRCLE
8
WHITE
10
3.1299212598425195
20
-1.9135826771653544
40
0.0068897637795276
0
CIRCLE
8
BLACK
10
5.2753937401574804
20
-2.2206692913385826
40
0.0068897637795276
0
CIRCLE
8
WHITE
10
3.7677165354330708
20
-2.3387795275590553
40
0.0068897637795276
0
CIRCLE
8
WHITE
10
3.6299212598425195
20
-2.3387795275590553
40
0.0068897637795276
0
CIRCLE
8
BLACK
10
4.409448818897638
20
-4.7637795275590546
40
0.0068897637795276
0
CIRCLE
8
BLACK
10
3.9094488188976375
20
-4.7637795275590546
40
0.0068897637795276
0
CIRCLE
8
WHITE
10
4.2996062992125985
20
-4.663779527559055
40
0.0068897637795276
0
CIRCLE
8
WHITE
10
4.2596062992125985
20
-4.5937007480314955
40
0.0068897637795276
0
CIRCLE
8
WHITE
10
4.2196062992125984
20
-4.663779527559055
40
0.0068897637795276
0
CIRCLE
8
WHITE
10
4.1796062992125984
20
-4.5937007480314955
40
0.0068897637795276
0
CIRCLE
8
WHITE
10
4.1396062992125984
20
-4.663779527559055
40
0.0068897637795276
0
CIRCLE
8
WHITE
10
4.0996062992125983
20
-4.5937007480314955
40
0.0068897637795276
0
CIRCLE
8
WHITE
10
4.0596062992125983
20
-4.663779527559055
40
0.0068897637795276
0
CIRCLE
8
WHITE
10
4.019606338582677
20
-4.5937007874015743
40
0.0068897637795276
0
CIRCLE
8
WHITE
10
4.429527559055118
20
-4.4039370078740152
40
0.0068897637795276
0
CIRCLE
8
WHITE
10
4.3393700787401572
20
-4.4039370078740152
40
0.0068897637795276
0
CIRCLE
8
WHITE
10
3.9795275590551182
20
-4.4039370078740152
40
0.0068897637795276
0
CIRCLE
8
WHITE
10
3.8893700787401575
20
-4.4039370078740152
40
0.0068897637795276
0
CIRCLE
8
WHITE
10
4.4795275590551178
20
-4.6287401574803146
40
0.0068897637795276
0
CIRCLE
8
WHITE
10
3.8393700787401572
20
-4.6287401574803146
40
0.0068897637795276
0
CIRCLE
8
WHITE
10
3.0299212598425198
20
-1.6104330708661416
40
0.0068897637795276
0
CIRCLE
8
WHITE
10
3.1299212598425195
20
-1.6104330708661416
40
0.0068897637795276
0
CIRCLE
8
WHITE
10
2.0929133858267717
20
-1.0159448818897638
40
0.0068897637795276
0
CIRCLE
8
WHITE
10
2.1929133858267718
20
-1.0159448818897638
40
0.0068897637795276
0
CIRCLE
8
WHITE
10
2.0929133858267717
20
-1.1159448818897637
40
0.0068897637795276
0
CIRCLE
8
WHITE
10
2.1929133858267718
20
-1.1159448818897637
40
0.0068897637795276
0
CIRCLE
8
WHITE
10
2.0929133858267717
20
-1.2159448818897638
40
0.0068897637795276
0
CIRCLE
8
WHITE
10
2.1929133858267718
20
-1.2159448818897638
40
0.0068897637795276
0
CIRCLE
8
WHITE
10
2.0929133858267717
20
-1.3159448818897637
40
0.0068897637795276
0
CIRCLE
8
WHITE
10
2.1929133858267718
20
-1.3159448818897637
40
0.0068897637795276
0
CIRCLE
8
WHITE
10
2.0929133858267717
20
-1.4159448818897638
40
0.0068897637795276
0
CIRCLE
8
WHITE
10
2.1929133858267718
20
-1.4159448818897638
40
0.0068897637795276
0
CIRCLE
8
WHITE
10
2.0929133858267717
20
-1.5159448818897638
40
0.0068897637795276
0
CIRCLE
8
WHITE
10
2.1929133858267718
20
-1.5159448818897638
40
0.0068897637795276
0
CIRCLE
8
WHITE
10
2.0929133858267717
20
-1.6159448818897637
40
0.0068897637795276
0
CIRCLE
8
WHITE
10
2.1929133858267718
20
-1.6159448818897637
40
0.0068897637795276
0
CIRCLE
8
WHITE
10
2.0929133858267717
20
-1.7159448818897638
40
0.0068897637795276
0
CIRCLE
8
WHITE
10
2.1929133858267718
20
-1.7159448818897638
40
0.0068897637795276
0
CIRCLE
8
WHITE
10
2.0929133858267717
20
-1.8159448818897637
40
0.0068897637795276
0
CIRCLE
8
WHITE
10
2.1929133858267718
20
-1.8159448818897637
40
0.0068897637795276
0
CIRCLE
8
WHITE
10
2.0929133858267717
20
-1.9159448818897638
40
0.0068897637795276
0
CIRCLE
8
WHITE
10
2.1929133858267718
20
-1.9159448818897638
40
0.0068897637795276
0
CIRCLE
8
WHITE
10
2.0929133858267717
20
-2.0159448818897636
40
0.0068897637795276
0
CIRCLE
8
WHITE
10
2.1929133858267718
20
-2.0159448818897636
40
0.0068897637795276
0
CIRCLE
8
WHITE
10
2.0929133858267717
20
-2.1159448818897637
40
0.0068897637795276
0
CIRCLE
8
WHITE
10
2.1929133858267718
20
-2.1159448818897637
40
0.0068897637795276
0
CIRCLE
8
WHITE
10
2.0929133858267717
20
-2.2159448818897638
40
0.0068897637795276
0
CIRCLE
8
WHITE
10
2.1929133858267718
20
-2.2159448818897638
40
0.0068897637795276
0
CIRCLE
8
WHITE
10
2.0929133858267717
20
-2.3159448818897639
40
0.0068897637795276
0
CIRCLE
8
WHITE
10
2.1929133858267718
20
-2.3159448818897639
40
0.0068897637795276
0
CIRCLE
8
WHITE
10
2.0929133858267717
20
-2.4159448818897635
40
0.0068897637795276
0
CIRCLE
8
WHITE
10
2.1929133858267718
20
-2.4159448818897635
40
0.0068897637795276
0
CIRCLE
8
WHITE
10
2.0929133858267717
20
-2.5159448818897636
40
0.0068897637795276
0
CIRCLE
8
WHITE
10
2.1929133858267718
20
-2.5159448818897636
40
0.0068897637795276
0
CIRCLE
8
WHITE
10
2.0929133858267717
20
-2.6159448818897637
40
0.0068897637795276
0
CIRCLE
8
WHITE
10
2.1929133858267718
20
-2.6159448818897637
40
0.0068897637795276
0
CIRCLE
8
WHITE
10
2.0929133858267717
20
-2.7159448818897638
40
0.0068897637795276
0
CIRCLE
8
WHITE
10
2.1929133858267718
20
-2.7159448818897638
40
0.0068897637795276
0
CIRCLE
8
WHITE
10
2.0929133858267717
20
-2.8159448818897639
40
0.0068897637795276
0
CIRCLE
8
WHITE
10
2.1929133858267718
20
-2.8159448818897639
40
0.0068897637795276
0
CIRCLE
8
WHITE
10
2.0929133858267717
20
-2.9159448818897635
40
0.0068897637795276
0
CIRCLE
8
WHITE
10
2.1929133858267718
20
-2.9159448818897635
40
0.0068897637795276
0
CIRCLE
8
WHITE
10
3.0299212598425198
20
-1.7127952755905511
40
0.0068897637795276
0
CIRCLE
8
WHITE
10
3.1299212598425195
20
-1.7127952755905511
40
0.0068897637795276
0
CIRCLE
8
WHITE
10
1.0905511811023623
20
-6.71259842519685
40
0.0068897637795276
0
CIRCLE
8
BLACK
10
4.4998031496062989
20
-3.0120078740157479
40
0.0068897637795276
0
CIRCLE
8
WHITE
10
3.0299212598425198
20
-2.0120078740157479
40
0.0068897637795276
0
CIRCLE
8
WHITE
10
3.1299212598425195
20
-2.0120078740157479
40
0.0068897637795276
0
CIRCLE
8
WHITE
10
4.0866141732283463
20
-3.2755905511811023
40
0.0068897637795276
0
CIRCLE
8
WHITE
10
4.0866141732283463
20
-3.1755904724409447
40
0.0068897637795276
0
CIRCLE
8
WHITE
10
4.2165354330708658
20
-3.2755905511811023
40
0.0068897637795276
0
CIRCLE
8
WHITE
10
4.2165354330708658
20
-3.1755905511811022
40
0.0068897637795276
0
CIRCLE
8
WHITE
10
4.2165354330708658
20
-3.0755905905511809
40
0.0068897637795276
0
CIRCLE
8
WHITE
10
1.0905511811023623
20
-5.8740771653543309
40
0.0068897637795276
0
CIRCLE
8
WHITE
10
1.0905511811023623
20
-6.4330913385826767
40
0.0068897637795276
0
CIRCLE
8
WHITE
10
1.0905511811023623
20
-6.1535842519685042
40
0.0068897637795276
0
CIRCLE
8
WHITE
10
2.7503937007874013
20
-1.612007874015748
40
0.0068897637795276
0
CIRCLE
8
WHITE
10
2.8503937007874014
20
-1.612007874015748
40
0.0068897637795276
0
CIRCLE
8
WHITE
10
2.7503937007874013
20
-1.7120078740157481
40
0.0068897637795276
0
CIRCLE
8
WHITE
10
2.8503937007874014
20
-1.7120078740157481
40
0.0068897637795276
0
CIRCLE
8
WHITE
10
2.7503937007874013
20
-1.8120078740157479
40
0.0068897637795276
0
CIRCLE
8
WHITE
10
2.8503937007874014
20
-1.8120078740157479
40
0.0068897637795276
0
CIRCLE
8
WHITE
10
2.7503937007874013
20
-1.912007874015748
40
0.0068897637795276
0
CIRCLE
8
WHITE
10
2.8503937007874014
20
-1.912007874015748
40
0.0068897637795276
0
CIRCLE
8
WHITE
10
2.7503937007874013
20
-2.0120078740157479
40
0.0068897637795276
0
CIRCLE
8
WHITE
10
2.8503937007874014
20
-2.0120078740157479
40
0.0068897637795276
0
CIRCLE
8
WHITE
10
4.4015748031496065
20
-1.4743110236220471
40
0.0068897637795276
0
CIRCLE
8
WHITE
10
4.3015748031496059
20
-1.4743110236220471
40
0.0068897637795276
0
CIRCLE
8
WHITE
10
4.4015748031496065
20
-1.3743110236220473
40
0.0068897637795276
0
CIRCLE
8
WHITE
10
4.3015748031496059
20
-1.3743110236220473
40
0.0068897637795276
0
CIRCLE
8
WHITE
10
4.4015748031496065
20
-1.2743110629921259
40
0.0068897637795276
0
CIRCLE
8
WHITE
10
4.3015748031496059
20
-1.2743110236220472
40
0.0068897637795276
0
CIRCLE
8
WHITE
10
4.4015748031496065
20
-1.1743110236220473
40
0.0068897637795276
0
CIRCLE
8
WHITE
10
4.3015748031496059
20
-1.1743110236220473
40
0.0068897637795276
0
CIRCLE
8
WHITE
10
4.4015748031496065
20
-1.0743110236220472
40
0.0068897637795276
0
CIRCLE
8
WHITE
10
4.3015748031496059
20
-1.0743110236220472
40
0.0068897637795276
0
CIRCLE
8
WHITE
10
2.7511811023622048
20
-4.5196850393700787
40
0.0068897637795276
0
CIRCLE
8
WHITE
10
2.7511811023622048
20
-4.3196850787401573
40
0.0068897637795276
0
CIRCLE
8
WHITE
10
3.5511811023622046
20
-4.8196850393700785
40
0.0068897637795276
0
CIRCLE
8
WHITE
10
3.5511811023622046
20
-4.4196850393700791
40
0.0068897637795276
0
CIRCLE
8
WHITE
10
3.5511811023622046
20
-4.0196850393700787
40
0.0068897637795276
0
CIRCLE
8
WHITE
10
2.7511811023622048
20
-4.0196850393700787
40
0.0068897637795276
  0
ENDSEC
  0
EOF
