  0
SECTION
  2
HEADER
  9
$ANGBASE
  50
0.0
  9
$ANGDIR
  70
1
  9
$MEASUREMENT
  70
0
  0
ENDSEC
  0
SECTION
  2
TABLES
  0
TABLE
  2
LTYPE
  70
4
  0
LTYPE
  5
40F
  2
CONTINUOUS
  70
0
  3
Solid line
  72
65
  73
0
  40
0.0
  0
LTYPE
  5
410
  2
DASHDOT
 70
0
  3
Dash Dot ____ _ ____ _
 72
65
 73
4
 40
2.0
 49
1.25
 49
-0.25
 49
0.25
 49
-0.25
  0
LTYPE
  5
411
  2
DASHED
 70
0
  3
Dashed __ __ __ __ __
 72
65
 73
2
 40
0.75
 49
0.5
 49
-0.25
  0
LTYPE
  5
43B
  2
DOTTED
 70
0
  3
Dotted .  .  .  .
 72
65
 73
2
 40
0.2
 49
0.0
 49
-0.2
  0
ENDTAB
  0
TABLE
  2
STYLE
  70
4
  0
STYLE
  2
KICAD
  70
0
  40
0
  41
1
  42
1
  50
0
  71
0
  3
isocp.shx
  0
STYLE
  2
KICADB
  70
0
  40
0
  41
1
  42
1
  50
0
  71
0
  3
isocp.shx
  0
STYLE
  2
KICADI
  70
0
  40
0
  41
1
  42
1
  50
15
  71
0
  3
isocp.shx
  0
STYLE
  2
KICADBI
  70
0
  40
0
  41
1
  42
1
  50
15
  71
0
  3
isocp.shx
  0
ENDTAB
  0
TABLE
  2
LAYER
  70
1
  0
LAYER
  2
BLACK
  70
0
  62
7
  6
CONTINUOUS
  0
ENDTAB
  0
ENDSEC
  0
SECTION
  2
ENTITIES
0
LINE
8
BLACK
6
CONTINUOUS
10
0.5499743700787402
20
0.2811063385826771
11
0.5595220866141732
21
0.278004094488189
0
LINE
8
BLACK
6
CONTINUOUS
10
0.5595220866141732
20
0.278004094488189
11
0.5684669291338582
21
0.2734464566929134
0
LINE
8
BLACK
6
CONTINUOUS
10
0.5684669291338582
20
0.2734464566929134
11
0.5765887007874015
21
0.2675456692913386
0
LINE
8
BLACK
6
CONTINUOUS
10
0.5765887007874015
20
0.2675456692913386
11
0.5836874015748031
21
0.260446968503937
0
LINE
8
BLACK
6
CONTINUOUS
10
0.5836874015748031
20
0.260446968503937
11
0.589588188976378
21
0.2523251968503937
0
LINE
8
BLACK
6
CONTINUOUS
10
0.589588188976378
20
0.2523251968503937
11
0.5941458267716535
21
0.2433803543307086
0
LINE
8
BLACK
6
CONTINUOUS
10
0.5941458267716535
20
0.2433803543307086
11
0.5972480708661417
21
0.2338326377952756
0
LINE
8
BLACK
6
CONTINUOUS
10
0.5972480708661417
20
0.2338326377952756
11
0.5988185433070866
21
0.2239171653543307
0
LINE
8
BLACK
6
CONTINUOUS
10
0.5988185433070866
20
0.2239171653543307
11
0.5988185433070866
21
0.2138781102362205
0
LINE
8
BLACK
6
CONTINUOUS
10
0.5988185433070866
20
0.2138781102362205
11
0.5972480708661417
21
0.2039626377952756
0
LINE
8
BLACK
6
CONTINUOUS
10
0.5972480708661417
20
0.2039626377952756
11
0.5941458267716535
21
0.1944149212598425
0
LINE
8
BLACK
6
CONTINUOUS
10
0.5941458267716535
20
0.1944149212598425
11
0.589588188976378
21
0.1854700787401575
0
LINE
8
BLACK
6
CONTINUOUS
10
0.589588188976378
20
0.1854700787401575
11
0.5836874015748031
21
0.1773483070866142
0
LINE
8
BLACK
6
CONTINUOUS
10
0.5836874015748031
20
0.1773483070866142
11
0.5765887007874015
21
0.1702496062992126
0
LINE
8
BLACK
6
CONTINUOUS
10
0.5765887007874015
20
0.1702496062992126
11
0.5684669291338582
21
0.1643488188976378
0
LINE
8
BLACK
6
CONTINUOUS
10
0.5684669291338582
20
0.1643488188976378
11
0.5595220866141732
21
0.1597911811023622
0
LINE
8
BLACK
6
CONTINUOUS
10
0.5595220866141732
20
0.1597911811023622
11
0.5499743700787402
21
0.156688937007874
0
LINE
8
BLACK
6
CONTINUOUS
10
0.5499743700787402
20
0.156688937007874
11
0.5400588976377952
21
0.1551184645669291
0
LINE
8
BLACK
6
CONTINUOUS
10
0.5400588976377952
20
0.1551184645669291
11
0.530019842519685
21
0.1551184645669291
0
LINE
8
BLACK
6
CONTINUOUS
10
0.530019842519685
20
0.1551184645669291
11
0.5201043700787401
21
0.156688937007874
0
LINE
8
BLACK
6
CONTINUOUS
10
0.5201043700787401
20
0.156688937007874
11
0.510556653543307
21
0.1597911811023622
0
LINE
8
BLACK
6
CONTINUOUS
10
0.510556653543307
20
0.1597911811023622
11
0.5016118110236221
21
0.1643488188976378
0
LINE
8
BLACK
6
CONTINUOUS
10
0.5016118110236221
20
0.1643488188976378
11
0.4934900393700787
21
0.1702496062992126
0
LINE
8
BLACK
6
CONTINUOUS
10
0.4934900393700787
20
0.1702496062992126
11
0.4863913385826771
21
0.1773483070866142
0
LINE
8
BLACK
6
CONTINUOUS
10
0.4863913385826771
20
0.1773483070866142
11
0.4804905511811023
21
0.1854700787401575
0
LINE
8
BLACK
6
CONTINUOUS
10
0.4804905511811023
20
0.1854700787401575
11
0.4759329133858268
21
0.1944149212598425
0
LINE
8
BLACK
6
CONTINUOUS
10
0.4759329133858268
20
0.1944149212598425
11
0.4728306692913385
21
0.2039626377952756
0
LINE
8
BLACK
6
CONTINUOUS
10
0.4728306692913385
20
0.2039626377952756
11
0.4712601968503937
21
0.2138781102362205
0
LINE
8
BLACK
6
CONTINUOUS
10
0.4712601968503937
20
0.2138781102362205
11
0.4712601968503937
21
0.2239171653543307
0
LINE
8
BLACK
6
CONTINUOUS
10
0.4712601968503937
20
0.2239171653543307
11
0.4728306692913385
21
0.2338326377952756
0
LINE
8
BLACK
6
CONTINUOUS
10
0.4728306692913385
20
0.2338326377952756
11
0.4759329133858268
21
0.2433803543307086
0
LINE
8
BLACK
6
CONTINUOUS
10
0.4759329133858268
20
0.2433803543307086
11
0.4804905511811023
21
0.2523251968503937
0
LINE
8
BLACK
6
CONTINUOUS
10
0.4804905511811023
20
0.2523251968503937
11
0.4863913385826771
21
0.260446968503937
0
LINE
8
BLACK
6
CONTINUOUS
10
0.4863913385826771
20
0.260446968503937
11
0.4934900393700787
21
0.2675456692913386
0
LINE
8
BLACK
6
CONTINUOUS
10
0.4934900393700787
20
0.2675456692913386
11
0.5016118110236221
21
0.2734464566929134
0
LINE
8
BLACK
6
CONTINUOUS
10
0.5016118110236221
20
0.2734464566929134
11
0.510556653543307
21
0.278004094488189
0
LINE
8
BLACK
6
CONTINUOUS
10
0.510556653543307
20
0.278004094488189
11
0.5201043700787401
21
0.2811063385826771
0
LINE
8
BLACK
6
CONTINUOUS
10
0.5201043700787401
20
0.2811063385826771
11
0.530019842519685
21
0.282676811023622
0
LINE
8
BLACK
6
CONTINUOUS
10
0.530019842519685
20
0.282676811023622
11
0.5400588976377952
21
0.282676811023622
0
LINE
8
BLACK
6
CONTINUOUS
10
0.5400588976377952
20
0.282676811023622
11
0.5499743700787402
21
0.2811063385826771
0
LINE
8
BLACK
6
CONTINUOUS
10
1.0499743700787401
20
0.2811063385826771
11
1.0595220866141732
21
0.278004094488189
0
LINE
8
BLACK
6
CONTINUOUS
10
1.0595220866141732
20
0.278004094488189
11
1.0684669291338582
21
0.2734464566929134
0
LINE
8
BLACK
6
CONTINUOUS
10
1.0684669291338582
20
0.2734464566929134
11
1.0765887007874015
21
0.2675456692913386
0
LINE
8
BLACK
6
CONTINUOUS
10
1.0765887007874015
20
0.2675456692913386
11
1.083687401574803
21
0.260446968503937
0
LINE
8
BLACK
6
CONTINUOUS
10
1.083687401574803
20
0.260446968503937
11
1.0895881889763779
21
0.2523251968503937
0
LINE
8
BLACK
6
CONTINUOUS
10
1.0895881889763779
20
0.2523251968503937
11
1.0941458267716535
21
0.2433803543307086
0
LINE
8
BLACK
6
CONTINUOUS
10
1.0941458267716535
20
0.2433803543307086
11
1.0972480708661416
21
0.2338326377952756
0
LINE
8
BLACK
6
CONTINUOUS
10
1.0972480708661416
20
0.2338326377952756
11
1.0988185433070865
21
0.2239171653543307
0
LINE
8
BLACK
6
CONTINUOUS
10
1.0988185433070865
20
0.2239171653543307
11
1.0988185433070865
21
0.2138781102362205
0
LINE
8
BLACK
6
CONTINUOUS
10
1.0988185433070865
20
0.2138781102362205
11
1.0972480708661416
21
0.2039626377952756
0
LINE
8
BLACK
6
CONTINUOUS
10
1.0972480708661416
20
0.2039626377952756
11
1.0941458267716535
21
0.1944149212598425
0
LINE
8
BLACK
6
CONTINUOUS
10
1.0941458267716535
20
0.1944149212598425
11
1.0895881889763779
21
0.1854700787401575
0
LINE
8
BLACK
6
CONTINUOUS
10
1.0895881889763779
20
0.1854700787401575
11
1.083687401574803
21
0.1773483070866142
0
LINE
8
BLACK
6
CONTINUOUS
10
1.083687401574803
20
0.1773483070866142
11
1.0765887007874015
21
0.1702496062992126
0
LINE
8
BLACK
6
CONTINUOUS
10
1.0765887007874015
20
0.1702496062992126
11
1.0684669291338582
21
0.1643488188976378
0
LINE
8
BLACK
6
CONTINUOUS
10
1.0684669291338582
20
0.1643488188976378
11
1.0595220866141732
21
0.1597911811023622
0
LINE
8
BLACK
6
CONTINUOUS
10
1.0595220866141732
20
0.1597911811023622
11
1.0499743700787401
21
0.156688937007874
0
LINE
8
BLACK
6
CONTINUOUS
10
1.0499743700787401
20
0.156688937007874
11
1.0400588976377954
21
0.1551184645669291
0
LINE
8
BLACK
6
CONTINUOUS
10
1.0400588976377954
20
0.1551184645669291
11
1.0300198425196849
21
0.1551184645669291
0
LINE
8
BLACK
6
CONTINUOUS
10
1.0300198425196849
20
0.1551184645669291
11
1.0201043700787402
21
0.156688937007874
0
LINE
8
BLACK
6
CONTINUOUS
10
1.0201043700787402
20
0.156688937007874
11
1.010556653543307
21
0.1597911811023622
0
LINE
8
BLACK
6
CONTINUOUS
10
1.010556653543307
20
0.1597911811023622
11
1.0016118110236221
21
0.1643488188976378
0
LINE
8
BLACK
6
CONTINUOUS
10
1.0016118110236221
20
0.1643488188976378
11
0.9934900393700787
21
0.1702496062992126
0
LINE
8
BLACK
6
CONTINUOUS
10
0.9934900393700787
20
0.1702496062992126
11
0.9863913385826771
21
0.1773483070866142
0
LINE
8
BLACK
6
CONTINUOUS
10
0.9863913385826771
20
0.1773483070866142
11
0.9804905511811023
21
0.1854700787401575
0
LINE
8
BLACK
6
CONTINUOUS
10
0.9804905511811023
20
0.1854700787401575
11
0.9759329133858268
21
0.1944149212598425
0
LINE
8
BLACK
6
CONTINUOUS
10
0.9759329133858268
20
0.1944149212598425
11
0.9728306692913385
21
0.2039626377952756
0
LINE
8
BLACK
6
CONTINUOUS
10
0.9728306692913385
20
0.2039626377952756
11
0.9712601968503937
21
0.2138781102362205
0
LINE
8
BLACK
6
CONTINUOUS
10
0.9712601968503937
20
0.2138781102362205
11
0.9712601968503937
21
0.2239171653543307
0
LINE
8
BLACK
6
CONTINUOUS
10
0.9712601968503937
20
0.2239171653543307
11
0.9728306692913385
21
0.2338326377952756
0
LINE
8
BLACK
6
CONTINUOUS
10
0.9728306692913385
20
0.2338326377952756
11
0.9759329133858268
21
0.2433803543307086
0
LINE
8
BLACK
6
CONTINUOUS
10
0.9759329133858268
20
0.2433803543307086
11
0.9804905511811023
21
0.2523251968503937
0
LINE
8
BLACK
6
CONTINUOUS
10
0.9804905511811023
20
0.2523251968503937
11
0.9863913385826771
21
0.260446968503937
0
LINE
8
BLACK
6
CONTINUOUS
10
0.9863913385826771
20
0.260446968503937
11
0.9934900393700787
21
0.2675456692913386
0
LINE
8
BLACK
6
CONTINUOUS
10
0.9934900393700787
20
0.2675456692913386
11
1.0016118110236221
21
0.2734464566929134
0
LINE
8
BLACK
6
CONTINUOUS
10
1.0016118110236221
20
0.2734464566929134
11
1.010556653543307
21
0.278004094488189
0
LINE
8
BLACK
6
CONTINUOUS
10
1.010556653543307
20
0.278004094488189
11
1.0201043700787402
21
0.2811063385826771
0
LINE
8
BLACK
6
CONTINUOUS
10
1.0201043700787402
20
0.2811063385826771
11
1.0300198425196849
21
0.282676811023622
0
LINE
8
BLACK
6
CONTINUOUS
10
1.0300198425196849
20
0.282676811023622
11
1.0400588976377954
21
0.282676811023622
0
LINE
8
BLACK
6
CONTINUOUS
10
1.0400588976377954
20
0.282676811023622
11
1.0499743700787401
21
0.2811063385826771
0
LINE
8
BLACK
6
CONTINUOUS
10
0.0942041338582677
20
0.273107874015748
11
0.1013345275590551
21
0.2701543700787402
0
LINE
8
BLACK
6
CONTINUOUS
10
0.1013345275590551
20
0.2701543700787402
11
0.1077516929133858
21
0.2658665354330709
0
LINE
8
BLACK
6
CONTINUOUS
10
0.1077516929133858
20
0.2658665354330709
11
0.1132090551181102
21
0.2604091732283464
0
LINE
8
BLACK
6
CONTINUOUS
10
0.1132090551181102
20
0.2604091732283464
11
0.1174968897637795
21
0.2539920078740158
0
LINE
8
BLACK
6
CONTINUOUS
10
0.1174968897637795
20
0.2539920078740158
11
0.1204503937007874
21
0.2468616141732283
0
LINE
8
BLACK
6
CONTINUOUS
10
0.1204503937007874
20
0.2468616141732283
11
0.1219561023622047
21
0.2392920078740157
0
LINE
8
BLACK
6
CONTINUOUS
10
0.1219561023622047
20
0.2392920078740157
11
0.1219561023622047
21
0.2315741338582677
0
LINE
8
BLACK
6
CONTINUOUS
10
0.1219561023622047
20
0.2315741338582677
11
0.1204503937007874
21
0.2240045275590551
0
LINE
8
BLACK
6
CONTINUOUS
10
0.1204503937007874
20
0.2240045275590551
11
0.1174968897637795
21
0.2168741338582677
0
LINE
8
BLACK
6
CONTINUOUS
10
0.1174968897637795
20
0.2168741338582677
11
0.1132090551181102
21
0.210456968503937
0
LINE
8
BLACK
6
CONTINUOUS
10
0.1132090551181102
20
0.210456968503937
11
0.1077516929133858
21
0.2049996062992126
0
LINE
8
BLACK
6
CONTINUOUS
10
0.1077516929133858
20
0.2049996062992126
11
0.1013345275590551
21
0.2007117716535433
0
LINE
8
BLACK
6
CONTINUOUS
10
0.1013345275590551
20
0.2007117716535433
11
0.0942041338582677
21
0.1977582677165354
0
LINE
8
BLACK
6
CONTINUOUS
10
0.0942041338582677
20
0.1977582677165354
11
0.0866345275590551
21
0.1962525590551181
0
LINE
8
BLACK
6
CONTINUOUS
10
0.0866345275590551
20
0.1962525590551181
11
0.0789166535433071
21
0.1962525590551181
0
LINE
8
BLACK
6
CONTINUOUS
10
0.0789166535433071
20
0.1962525590551181
11
0.0713470472440945
21
0.1977582677165354
0
LINE
8
BLACK
6
CONTINUOUS
10
0.0713470472440945
20
0.1977582677165354
11
0.0642166535433071
21
0.2007117716535433
0
LINE
8
BLACK
6
CONTINUOUS
10
0.0642166535433071
20
0.2007117716535433
11
0.0577994881889764
21
0.2049996062992126
0
LINE
8
BLACK
6
CONTINUOUS
10
0.0577994881889764
20
0.2049996062992126
11
0.052342125984252
21
0.210456968503937
0
LINE
8
BLACK
6
CONTINUOUS
10
0.052342125984252
20
0.210456968503937
11
0.0480542913385827
21
0.2168741338582677
0
LINE
8
BLACK
6
CONTINUOUS
10
0.0480542913385827
20
0.2168741338582677
11
0.0451007874015748
21
0.2240045275590551
0
LINE
8
BLACK
6
CONTINUOUS
10
0.0451007874015748
20
0.2240045275590551
11
0.0435950787401575
21
0.2315741338582677
0
LINE
8
BLACK
6
CONTINUOUS
10
0.0435950787401575
20
0.2315741338582677
11
0.0435950787401575
21
0.2392920078740157
0
LINE
8
BLACK
6
CONTINUOUS
10
0.0435950787401575
20
0.2392920078740157
11
0.0451007874015748
21
0.2468616141732283
0
LINE
8
BLACK
6
CONTINUOUS
10
0.0451007874015748
20
0.2468616141732283
11
0.0480542913385827
21
0.2539920078740158
0
LINE
8
BLACK
6
CONTINUOUS
10
0.0480542913385827
20
0.2539920078740158
11
0.052342125984252
21
0.2604091732283464
0
LINE
8
BLACK
6
CONTINUOUS
10
0.052342125984252
20
0.2604091732283464
11
0.0577994881889764
21
0.2658665354330709
0
LINE
8
BLACK
6
CONTINUOUS
10
0.0577994881889764
20
0.2658665354330709
11
0.0642166535433071
21
0.2701543700787402
0
LINE
8
BLACK
6
CONTINUOUS
10
0.0642166535433071
20
0.2701543700787402
11
0.0713470472440945
21
0.273107874015748
0
LINE
8
BLACK
6
CONTINUOUS
10
0.0713470472440945
20
0.273107874015748
11
0.0789166535433071
21
0.2746135826771653
0
LINE
8
BLACK
6
CONTINUOUS
10
0.0789166535433071
20
0.2746135826771653
11
0.0866345275590551
21
0.2746135826771653
0
LINE
8
BLACK
6
CONTINUOUS
10
0.0866345275590551
20
0.2746135826771653
11
0.0942041338582677
21
0.273107874015748
0
LINE
8
BLACK
6
CONTINUOUS
10
-1.0632219291338583
20
0.3655316929133858
11
-1.0567140157480315
21
0.3633752362204724
0
LINE
8
BLACK
6
CONTINUOUS
10
-1.0567140157480315
20
0.3633752362204724
11
-1.0508788582677164
21
0.359776062992126
0
LINE
8
BLACK
6
CONTINUOUS
10
-1.0508788582677164
20
0.359776062992126
11
-1.0460310236220471
21
0.3549282283464567
0
LINE
8
BLACK
6
CONTINUOUS
10
-1.0460310236220471
20
0.3549282283464567
11
-1.0424318503937007
21
0.3490930708661417
0
LINE
8
BLACK
6
CONTINUOUS
10
-1.0424318503937007
20
0.3490930708661417
11
-1.0402753937007874
21
0.3425851574803149
0
LINE
8
BLACK
6
CONTINUOUS
10
-1.0402753937007874
20
0.3425851574803149
11
-1.0396653543307086
21
0.3366141732283465
0
LINE
8
BLACK
6
CONTINUOUS
10
-1.0396653543307086
20
0.3366141732283465
11
-1.0396653543307086
21
0.2775590551181102
0
LINE
8
BLACK
6
CONTINUOUS
10
-1.0396653543307086
20
0.2775590551181102
11
-1.0402753937007874
21
0.2715880708661417
0
LINE
8
BLACK
6
CONTINUOUS
10
-1.0402753937007874
20
0.2715880708661417
11
-1.0424318503937007
21
0.2650801574803149
0
LINE
8
BLACK
6
CONTINUOUS
10
-1.0424318503937007
20
0.2650801574803149
11
-1.0460310236220471
21
0.259245
0
LINE
8
BLACK
6
CONTINUOUS
10
-1.0460310236220471
20
0.259245
11
-1.0508788582677164
21
0.2543971653543307
0
LINE
8
BLACK
6
CONTINUOUS
10
-1.0508788582677164
20
0.2543971653543307
11
-1.0567140157480315
21
0.2507979921259842
0
LINE
8
BLACK
6
CONTINUOUS
10
-1.0567140157480315
20
0.2507979921259842
11
-1.0632219291338583
21
0.2486415354330709
0
LINE
8
BLACK
6
CONTINUOUS
10
-1.0632219291338583
20
0.2486415354330709
11
-1.0691929133858267
21
0.2480314960629921
0
LINE
8
BLACK
6
CONTINUOUS
10
-1.0691929133858267
20
0.2480314960629921
11
-1.1479330708661417
21
0.2480314960629921
0
LINE
8
BLACK
6
CONTINUOUS
10
-1.1479330708661417
20
0.2480314960629921
11
-1.1539040551181101
21
0.2486415354330709
0
LINE
8
BLACK
6
CONTINUOUS
10
-1.1539040551181101
20
0.2486415354330709
11
-1.1604119685039369
21
0.2507979921259842
0
LINE
8
BLACK
6
CONTINUOUS
10
-1.1604119685039369
20
0.2507979921259842
11
-1.166247125984252
21
0.2543971653543307
0
LINE
8
BLACK
6
CONTINUOUS
10
-1.166247125984252
20
0.2543971653543307
11
-1.1710949606299212
21
0.259245
0
LINE
8
BLACK
6
CONTINUOUS
10
-1.1710949606299212
20
0.259245
11
-1.1746941338582677
21
0.2650801574803149
0
LINE
8
BLACK
6
CONTINUOUS
10
-1.1746941338582677
20
0.2650801574803149
11
-1.176850590551181
21
0.2715880708661417
0
LINE
8
BLACK
6
CONTINUOUS
10
-1.176850590551181
20
0.2715880708661417
11
-1.1774606299212598
21
0.2775590551181102
0
LINE
8
BLACK
6
CONTINUOUS
10
-1.1774606299212598
20
0.2775590551181102
11
-1.1774606299212598
21
0.3366141732283465
0
LINE
8
BLACK
6
CONTINUOUS
10
-1.1774606299212598
20
0.3366141732283465
11
-1.176850590551181
21
0.3425851574803149
0
LINE
8
BLACK
6
CONTINUOUS
10
-1.176850590551181
20
0.3425851574803149
11
-1.1746941338582677
21
0.3490930708661417
0
LINE
8
BLACK
6
CONTINUOUS
10
-1.1746941338582677
20
0.3490930708661417
11
-1.1710949606299212
21
0.3549282283464567
0
LINE
8
BLACK
6
CONTINUOUS
10
-1.1710949606299212
20
0.3549282283464567
11
-1.166247125984252
21
0.359776062992126
0
LINE
8
BLACK
6
CONTINUOUS
10
-1.166247125984252
20
0.359776062992126
11
-1.1604119685039369
21
0.3633752362204724
0
LINE
8
BLACK
6
CONTINUOUS
10
-1.1604119685039369
20
0.3633752362204724
11
-1.1539040551181101
21
0.3655316929133858
0
LINE
8
BLACK
6
CONTINUOUS
10
-1.1539040551181101
20
0.3655316929133858
11
-1.1479330708661417
21
0.3661417322834646
0
LINE
8
BLACK
6
CONTINUOUS
10
-1.1479330708661417
20
0.3661417322834646
11
-1.0691929133858267
21
0.3661417322834646
0
LINE
8
BLACK
6
CONTINUOUS
10
-1.0691929133858267
20
0.3661417322834646
11
-1.0632219291338583
21
0.3655316929133858
0
LINE
8
BLACK
6
CONTINUOUS
10
0.9547244094488189
20
0.2893700787401575
11
0.8956692913385826
21
0.2893700787401575
0
LINE
8
BLACK
6
CONTINUOUS
10
0.8956692913385826
20
0.2893700787401575
11
0.8956692913385826
21
0.3484251968503937
0
LINE
8
BLACK
6
CONTINUOUS
10
0.8956692913385826
20
0.3484251968503937
11
0.9547244094488189
21
0.3484251968503937
0
LINE
8
BLACK
6
CONTINUOUS
10
0.9547244094488189
20
0.3484251968503937
11
0.9547244094488189
21
0.2893700787401575
0
LINE
8
BLACK
6
CONTINUOUS
10
0.6937682677165354
20
0.3471537401574803
11
0.6991160629921259
21
0.3449386220472441
0
LINE
8
BLACK
6
CONTINUOUS
10
0.6991160629921259
20
0.3449386220472441
11
0.703928937007874
21
0.3417227559055118
0
LINE
8
BLACK
6
CONTINUOUS
10
0.703928937007874
20
0.3417227559055118
11
0.7080219685039369
21
0.3376297244094488
0
LINE
8
BLACK
6
CONTINUOUS
10
0.7080219685039369
20
0.3376297244094488
11
0.7112378346456693
21
0.3328168503937008
0
LINE
8
BLACK
6
CONTINUOUS
10
0.7112378346456693
20
0.3328168503937008
11
0.7134529527559055
21
0.3274690551181103
0
LINE
8
BLACK
6
CONTINUOUS
10
0.7134529527559055
20
0.3274690551181103
11
0.7145822440944882
21
0.3217918503937008
0
LINE
8
BLACK
6
CONTINUOUS
10
0.7145822440944882
20
0.3217918503937008
11
0.7145822440944882
21
0.3160034251968504
0
LINE
8
BLACK
6
CONTINUOUS
10
0.7145822440944882
20
0.3160034251968504
11
0.7134529527559055
21
0.310326220472441
0
LINE
8
BLACK
6
CONTINUOUS
10
0.7134529527559055
20
0.310326220472441
11
0.7112378346456693
21
0.3049784251968504
0
LINE
8
BLACK
6
CONTINUOUS
10
0.7112378346456693
20
0.3049784251968504
11
0.7080219685039369
21
0.3001655511811023
0
LINE
8
BLACK
6
CONTINUOUS
10
0.7080219685039369
20
0.3001655511811023
11
0.703928937007874
21
0.2960725196850393
0
LINE
8
BLACK
6
CONTINUOUS
10
0.703928937007874
20
0.2960725196850393
11
0.6991160629921259
21
0.2928566535433071
0
LINE
8
BLACK
6
CONTINUOUS
10
0.6991160629921259
20
0.2928566535433071
11
0.6937682677165354
21
0.2906415354330709
0
LINE
8
BLACK
6
CONTINUOUS
10
0.6937682677165354
20
0.2906415354330709
11
0.688091062992126
21
0.2895122440944882
0
LINE
8
BLACK
6
CONTINUOUS
10
0.688091062992126
20
0.2895122440944882
11
0.6823026377952756
21
0.2895122440944882
0
LINE
8
BLACK
6
CONTINUOUS
10
0.6823026377952756
20
0.2895122440944882
11
0.6766254330708661
21
0.2906415354330709
0
LINE
8
BLACK
6
CONTINUOUS
10
0.6766254330708661
20
0.2906415354330709
11
0.6712776377952756
21
0.2928566535433071
0
LINE
8
BLACK
6
CONTINUOUS
10
0.6712776377952756
20
0.2928566535433071
11
0.6664647637795276
21
0.2960725196850393
0
LINE
8
BLACK
6
CONTINUOUS
10
0.6664647637795276
20
0.2960725196850393
11
0.6623717322834646
21
0.3001655511811023
0
LINE
8
BLACK
6
CONTINUOUS
10
0.6623717322834646
20
0.3001655511811023
11
0.6591558661417323
21
0.3049784251968504
0
LINE
8
BLACK
6
CONTINUOUS
10
0.6591558661417323
20
0.3049784251968504
11
0.656940748031496
21
0.310326220472441
0
LINE
8
BLACK
6
CONTINUOUS
10
0.656940748031496
20
0.310326220472441
11
0.6558114566929134
21
0.3160034251968504
0
LINE
8
BLACK
6
CONTINUOUS
10
0.6558114566929134
20
0.3160034251968504
11
0.6558114566929134
21
0.3217918503937008
0
LINE
8
BLACK
6
CONTINUOUS
10
0.6558114566929134
20
0.3217918503937008
11
0.656940748031496
21
0.3274690551181103
0
LINE
8
BLACK
6
CONTINUOUS
10
0.656940748031496
20
0.3274690551181103
11
0.6591558661417323
21
0.3328168503937008
0
LINE
8
BLACK
6
CONTINUOUS
10
0.6591558661417323
20
0.3328168503937008
11
0.6623717322834646
21
0.3376297244094488
0
LINE
8
BLACK
6
CONTINUOUS
10
0.6623717322834646
20
0.3376297244094488
11
0.6664647637795276
21
0.3417227559055118
0
LINE
8
BLACK
6
CONTINUOUS
10
0.6664647637795276
20
0.3417227559055118
11
0.6712776377952756
21
0.3449386220472441
0
LINE
8
BLACK
6
CONTINUOUS
10
0.6712776377952756
20
0.3449386220472441
11
0.6766254330708661
21
0.3471537401574803
0
LINE
8
BLACK
6
CONTINUOUS
10
0.6766254330708661
20
0.3471537401574803
11
0.6823026377952756
21
0.348283031496063
0
LINE
8
BLACK
6
CONTINUOUS
10
0.6823026377952756
20
0.348283031496063
11
0.688091062992126
21
0.348283031496063
0
LINE
8
BLACK
6
CONTINUOUS
10
0.688091062992126
20
0.348283031496063
11
0.6937682677165354
21
0.3471537401574803
0
LINE
8
BLACK
6
CONTINUOUS
10
0.7737682677165354
20
0.3471537401574803
11
0.779116062992126
21
0.3449386220472441
0
LINE
8
BLACK
6
CONTINUOUS
10
0.779116062992126
20
0.3449386220472441
11
0.783928937007874
21
0.3417227559055118
0
LINE
8
BLACK
6
CONTINUOUS
10
0.783928937007874
20
0.3417227559055118
11
0.788021968503937
21
0.3376297244094488
0
LINE
8
BLACK
6
CONTINUOUS
10
0.788021968503937
20
0.3376297244094488
11
0.7912378346456693
21
0.3328168503937008
0
LINE
8
BLACK
6
CONTINUOUS
10
0.7912378346456693
20
0.3328168503937008
11
0.7934529527559054
21
0.3274690551181103
0
LINE
8
BLACK
6
CONTINUOUS
10
0.7934529527559054
20
0.3274690551181103
11
0.7945822440944882
21
0.3217918503937008
0
LINE
8
BLACK
6
CONTINUOUS
10
0.7945822440944882
20
0.3217918503937008
11
0.7945822440944882
21
0.3160034251968504
0
LINE
8
BLACK
6
CONTINUOUS
10
0.7945822440944882
20
0.3160034251968504
11
0.7934529527559054
21
0.310326220472441
0
LINE
8
BLACK
6
CONTINUOUS
10
0.7934529527559054
20
0.310326220472441
11
0.7912378346456693
21
0.3049784251968504
0
LINE
8
BLACK
6
CONTINUOUS
10
0.7912378346456693
20
0.3049784251968504
11
0.788021968503937
21
0.3001655511811023
0
LINE
8
BLACK
6
CONTINUOUS
10
0.788021968503937
20
0.3001655511811023
11
0.783928937007874
21
0.2960725196850393
0
LINE
8
BLACK
6
CONTINUOUS
10
0.783928937007874
20
0.2960725196850393
11
0.779116062992126
21
0.2928566535433071
0
LINE
8
BLACK
6
CONTINUOUS
10
0.779116062992126
20
0.2928566535433071
11
0.7737682677165354
21
0.2906415354330709
0
LINE
8
BLACK
6
CONTINUOUS
10
0.7737682677165354
20
0.2906415354330709
11
0.7680910629921259
21
0.2895122440944882
0
LINE
8
BLACK
6
CONTINUOUS
10
0.7680910629921259
20
0.2895122440944882
11
0.7623026377952756
21
0.2895122440944882
0
LINE
8
BLACK
6
CONTINUOUS
10
0.7623026377952756
20
0.2895122440944882
11
0.7566254330708662
21
0.2906415354330709
0
LINE
8
BLACK
6
CONTINUOUS
10
0.7566254330708662
20
0.2906415354330709
11
0.7512776377952756
21
0.2928566535433071
0
LINE
8
BLACK
6
CONTINUOUS
10
0.7512776377952756
20
0.2928566535433071
11
0.7464647637795275
21
0.2960725196850393
0
LINE
8
BLACK
6
CONTINUOUS
10
0.7464647637795275
20
0.2960725196850393
11
0.7423717322834645
21
0.3001655511811023
0
LINE
8
BLACK
6
CONTINUOUS
10
0.7423717322834645
20
0.3001655511811023
11
0.7391558661417322
21
0.3049784251968504
0
LINE
8
BLACK
6
CONTINUOUS
10
0.7391558661417322
20
0.3049784251968504
11
0.736940748031496
21
0.310326220472441
0
LINE
8
BLACK
6
CONTINUOUS
10
0.736940748031496
20
0.310326220472441
11
0.7358114566929134
21
0.3160034251968504
0
LINE
8
BLACK
6
CONTINUOUS
10
0.7358114566929134
20
0.3160034251968504
11
0.7358114566929134
21
0.3217918503937008
0
LINE
8
BLACK
6
CONTINUOUS
10
0.7358114566929134
20
0.3217918503937008
11
0.736940748031496
21
0.3274690551181103
0
LINE
8
BLACK
6
CONTINUOUS
10
0.736940748031496
20
0.3274690551181103
11
0.7391558661417322
21
0.3328168503937008
0
LINE
8
BLACK
6
CONTINUOUS
10
0.7391558661417322
20
0.3328168503937008
11
0.7423717322834645
21
0.3376297244094488
0
LINE
8
BLACK
6
CONTINUOUS
10
0.7423717322834645
20
0.3376297244094488
11
0.7464647637795275
21
0.3417227559055118
0
LINE
8
BLACK
6
CONTINUOUS
10
0.7464647637795275
20
0.3417227559055118
11
0.7512776377952756
21
0.3449386220472441
0
LINE
8
BLACK
6
CONTINUOUS
10
0.7512776377952756
20
0.3449386220472441
11
0.7566254330708662
21
0.3471537401574803
0
LINE
8
BLACK
6
CONTINUOUS
10
0.7566254330708662
20
0.3471537401574803
11
0.7623026377952756
21
0.348283031496063
0
LINE
8
BLACK
6
CONTINUOUS
10
0.7623026377952756
20
0.348283031496063
11
0.7680910629921259
21
0.348283031496063
0
LINE
8
BLACK
6
CONTINUOUS
10
0.7680910629921259
20
0.348283031496063
11
0.7737682677165354
21
0.3471537401574803
0
LINE
8
BLACK
6
CONTINUOUS
10
0.8537682677165355
20
0.3471537401574803
11
0.859116062992126
21
0.3449386220472441
0
LINE
8
BLACK
6
CONTINUOUS
10
0.859116062992126
20
0.3449386220472441
11
0.863928937007874
21
0.3417227559055118
0
LINE
8
BLACK
6
CONTINUOUS
10
0.863928937007874
20
0.3417227559055118
11
0.868021968503937
21
0.3376297244094488
0
LINE
8
BLACK
6
CONTINUOUS
10
0.868021968503937
20
0.3376297244094488
11
0.8712378346456693
21
0.3328168503937008
0
LINE
8
BLACK
6
CONTINUOUS
10
0.8712378346456693
20
0.3328168503937008
11
0.8734529527559055
21
0.3274690551181103
0
LINE
8
BLACK
6
CONTINUOUS
10
0.8734529527559055
20
0.3274690551181103
11
0.8745822440944881
21
0.3217918503937008
0
LINE
8
BLACK
6
CONTINUOUS
10
0.8745822440944881
20
0.3217918503937008
11
0.8745822440944881
21
0.3160034251968504
0
LINE
8
BLACK
6
CONTINUOUS
10
0.8745822440944881
20
0.3160034251968504
11
0.8734529527559055
21
0.310326220472441
0
LINE
8
BLACK
6
CONTINUOUS
10
0.8734529527559055
20
0.310326220472441
11
0.8712378346456693
21
0.3049784251968504
0
LINE
8
BLACK
6
CONTINUOUS
10
0.8712378346456693
20
0.3049784251968504
11
0.868021968503937
21
0.3001655511811023
0
LINE
8
BLACK
6
CONTINUOUS
10
0.868021968503937
20
0.3001655511811023
11
0.863928937007874
21
0.2960725196850393
0
LINE
8
BLACK
6
CONTINUOUS
10
0.863928937007874
20
0.2960725196850393
11
0.859116062992126
21
0.2928566535433071
0
LINE
8
BLACK
6
CONTINUOUS
10
0.859116062992126
20
0.2928566535433071
11
0.8537682677165355
21
0.2906415354330709
0
LINE
8
BLACK
6
CONTINUOUS
10
0.8537682677165355
20
0.2906415354330709
11
0.848091062992126
21
0.2895122440944882
0
LINE
8
BLACK
6
CONTINUOUS
10
0.848091062992126
20
0.2895122440944882
11
0.8423026377952756
21
0.2895122440944882
0
LINE
8
BLACK
6
CONTINUOUS
10
0.8423026377952756
20
0.2895122440944882
11
0.8366254330708661
21
0.2906415354330709
0
LINE
8
BLACK
6
CONTINUOUS
10
0.8366254330708661
20
0.2906415354330709
11
0.8312776377952755
21
0.2928566535433071
0
LINE
8
BLACK
6
CONTINUOUS
10
0.8312776377952755
20
0.2928566535433071
11
0.8264647637795275
21
0.2960725196850393
0
LINE
8
BLACK
6
CONTINUOUS
10
0.8264647637795275
20
0.2960725196850393
11
0.8223717322834645
21
0.3001655511811023
0
LINE
8
BLACK
6
CONTINUOUS
10
0.8223717322834645
20
0.3001655511811023
11
0.8191558661417323
21
0.3049784251968504
0
LINE
8
BLACK
6
CONTINUOUS
10
0.8191558661417323
20
0.3049784251968504
11
0.8169407480314961
21
0.310326220472441
0
LINE
8
BLACK
6
CONTINUOUS
10
0.8169407480314961
20
0.310326220472441
11
0.8158114566929133
21
0.3160034251968504
0
LINE
8
BLACK
6
CONTINUOUS
10
0.8158114566929133
20
0.3160034251968504
11
0.8158114566929133
21
0.3217918503937008
0
LINE
8
BLACK
6
CONTINUOUS
10
0.8158114566929133
20
0.3217918503937008
11
0.8169407480314961
21
0.3274690551181103
0
LINE
8
BLACK
6
CONTINUOUS
10
0.8169407480314961
20
0.3274690551181103
11
0.8191558661417323
21
0.3328168503937008
0
LINE
8
BLACK
6
CONTINUOUS
10
0.8191558661417323
20
0.3328168503937008
11
0.8223717322834645
21
0.3376297244094488
0
LINE
8
BLACK
6
CONTINUOUS
10
0.8223717322834645
20
0.3376297244094488
11
0.8264647637795275
21
0.3417227559055118
0
LINE
8
BLACK
6
CONTINUOUS
10
0.8264647637795275
20
0.3417227559055118
11
0.8312776377952755
21
0.3449386220472441
0
LINE
8
BLACK
6
CONTINUOUS
10
0.8312776377952755
20
0.3449386220472441
11
0.8366254330708661
21
0.3471537401574803
0
LINE
8
BLACK
6
CONTINUOUS
10
0.8366254330708661
20
0.3471537401574803
11
0.8423026377952756
21
0.348283031496063
0
LINE
8
BLACK
6
CONTINUOUS
10
0.8423026377952756
20
0.348283031496063
11
0.848091062992126
21
0.348283031496063
0
LINE
8
BLACK
6
CONTINUOUS
10
0.848091062992126
20
0.348283031496063
11
0.8537682677165355
21
0.3471537401574803
0
LINE
8
BLACK
6
CONTINUOUS
10
0.47553
20
0.3979616141732283
11
0.4822868503937008
21
0.3957661811023622
0
LINE
8
BLACK
6
CONTINUOUS
10
0.4822868503937008
20
0.3957661811023622
11
0.4886170472440945
21
0.3925407874015748
0
LINE
8
BLACK
6
CONTINUOUS
10
0.4886170472440945
20
0.3925407874015748
11
0.4943647637795275
21
0.388364842519685
0
LINE
8
BLACK
6
CONTINUOUS
10
0.4943647637795275
20
0.388364842519685
11
0.4993884645669291
21
0.3833411417322835
0
LINE
8
BLACK
6
CONTINUOUS
10
0.4993884645669291
20
0.3833411417322835
11
0.5035644094488189
21
0.3775934251968504
0
LINE
8
BLACK
6
CONTINUOUS
10
0.5035644094488189
20
0.3775934251968504
11
0.5067898031496063
21
0.3712632283464567
0
LINE
8
BLACK
6
CONTINUOUS
10
0.5067898031496063
20
0.3712632283464567
11
0.5089852362204724
21
0.3645063779527559
0
LINE
8
BLACK
6
CONTINUOUS
10
0.5089852362204724
20
0.3645063779527559
11
0.510096653543307
21
0.3574892913385826
0
LINE
8
BLACK
6
CONTINUOUS
10
0.510096653543307
20
0.3574892913385826
11
0.510096653543307
21
0.3503847244094488
0
LINE
8
BLACK
6
CONTINUOUS
10
0.510096653543307
20
0.3503847244094488
11
0.5089852362204724
21
0.3433676377952756
0
LINE
8
BLACK
6
CONTINUOUS
10
0.5089852362204724
20
0.3433676377952756
11
0.5067898031496063
21
0.3366107874015748
0
LINE
8
BLACK
6
CONTINUOUS
10
0.5067898031496063
20
0.3366107874015748
11
0.5035644094488189
21
0.3302805905511811
0
LINE
8
BLACK
6
CONTINUOUS
10
0.5035644094488189
20
0.3302805905511811
11
0.4993884645669291
21
0.324532874015748
0
LINE
8
BLACK
6
CONTINUOUS
10
0.4993884645669291
20
0.324532874015748
11
0.4943647637795275
21
0.3195091732283464
0
LINE
8
BLACK
6
CONTINUOUS
10
0.4943647637795275
20
0.3195091732283464
11
0.4886170472440945
21
0.3153332283464567
0
LINE
8
BLACK
6
CONTINUOUS
10
0.4886170472440945
20
0.3153332283464567
11
0.4822868503937008
21
0.3121078346456693
0
LINE
8
BLACK
6
CONTINUOUS
10
0.4822868503937008
20
0.3121078346456693
11
0.47553
21
0.3099124015748032
0
LINE
8
BLACK
6
CONTINUOUS
10
0.47553
20
0.3099124015748032
11
0.4685129133858267
21
0.3088009842519685
0
LINE
8
BLACK
6
CONTINUOUS
10
0.4685129133858267
20
0.3088009842519685
11
0.4614083464566929
21
0.3088009842519685
0
LINE
8
BLACK
6
CONTINUOUS
10
0.4614083464566929
20
0.3088009842519685
11
0.4543912598425197
21
0.3099124015748032
0
LINE
8
BLACK
6
CONTINUOUS
10
0.4543912598425197
20
0.3099124015748032
11
0.4476344094488189
21
0.3121078346456693
0
LINE
8
BLACK
6
CONTINUOUS
10
0.4476344094488189
20
0.3121078346456693
11
0.4413042125984252
21
0.3153332283464567
0
LINE
8
BLACK
6
CONTINUOUS
10
0.4413042125984252
20
0.3153332283464567
11
0.4355564960629921
21
0.3195091732283464
0
LINE
8
BLACK
6
CONTINUOUS
10
0.4355564960629921
20
0.3195091732283464
11
0.4305327952755905
21
0.324532874015748
0
LINE
8
BLACK
6
CONTINUOUS
10
0.4305327952755905
20
0.324532874015748
11
0.4263568503937008
21
0.3302805905511811
0
LINE
8
BLACK
6
CONTINUOUS
10
0.4263568503937008
20
0.3302805905511811
11
0.4231314566929134
21
0.3366107874015748
0
LINE
8
BLACK
6
CONTINUOUS
10
0.4231314566929134
20
0.3366107874015748
11
0.4209360236220472
21
0.3433676377952756
0
LINE
8
BLACK
6
CONTINUOUS
10
0.4209360236220472
20
0.3433676377952756
11
0.4198246062992126
21
0.3503847244094488
0
LINE
8
BLACK
6
CONTINUOUS
10
0.4198246062992126
20
0.3503847244094488
11
0.4198246062992126
21
0.3574892913385826
0
LINE
8
BLACK
6
CONTINUOUS
10
0.4198246062992126
20
0.3574892913385826
11
0.4209360236220472
21
0.3645063779527559
0
LINE
8
BLACK
6
CONTINUOUS
10
0.4209360236220472
20
0.3645063779527559
11
0.4231314566929134
21
0.3712632283464567
0
LINE
8
BLACK
6
CONTINUOUS
10
0.4231314566929134
20
0.3712632283464567
11
0.4263568503937008
21
0.3775934251968504
0
LINE
8
BLACK
6
CONTINUOUS
10
0.4263568503937008
20
0.3775934251968504
11
0.4305327952755905
21
0.3833411417322835
0
LINE
8
BLACK
6
CONTINUOUS
10
0.4305327952755905
20
0.3833411417322835
11
0.4355564960629921
21
0.388364842519685
0
LINE
8
BLACK
6
CONTINUOUS
10
0.4355564960629921
20
0.388364842519685
11
0.4413042125984252
21
0.3925407874015748
0
LINE
8
BLACK
6
CONTINUOUS
10
0.4413042125984252
20
0.3925407874015748
11
0.4476344094488189
21
0.3957661811023622
0
LINE
8
BLACK
6
CONTINUOUS
10
0.4476344094488189
20
0.3957661811023622
11
0.4543912598425197
21
0.3979616141732283
0
LINE
8
BLACK
6
CONTINUOUS
10
0.4543912598425197
20
0.3979616141732283
11
0.4614083464566929
21
0.399073031496063
0
LINE
8
BLACK
6
CONTINUOUS
10
0.4614083464566929
20
0.399073031496063
11
0.4685129133858267
21
0.399073031496063
0
LINE
8
BLACK
6
CONTINUOUS
10
0.4685129133858267
20
0.399073031496063
11
0.47553
21
0.3979616141732283
0
LINE
8
BLACK
6
CONTINUOUS
10
1.1156874803149606
20
0.3979616141732283
11
1.1224443307086613
21
0.3957661811023622
0
LINE
8
BLACK
6
CONTINUOUS
10
1.1224443307086613
20
0.3957661811023622
11
1.1287745275590551
21
0.3925407874015748
0
LINE
8
BLACK
6
CONTINUOUS
10
1.1287745275590551
20
0.3925407874015748
11
1.1345222440944882
21
0.388364842519685
0
LINE
8
BLACK
6
CONTINUOUS
10
1.1345222440944882
20
0.388364842519685
11
1.1395459448818896
21
0.3833411417322835
0
LINE
8
BLACK
6
CONTINUOUS
10
1.1395459448818896
20
0.3833411417322835
11
1.1437218897637795
21
0.3775934251968504
0
LINE
8
BLACK
6
CONTINUOUS
10
1.1437218897637795
20
0.3775934251968504
11
1.1469472834645669
21
0.3712632283464567
0
LINE
8
BLACK
6
CONTINUOUS
10
1.1469472834645669
20
0.3712632283464567
11
1.1491427165354331
21
0.3645063779527559
0
LINE
8
BLACK
6
CONTINUOUS
10
1.1491427165354331
20
0.3645063779527559
11
1.1502541338582677
21
0.3574892913385826
0
LINE
8
BLACK
6
CONTINUOUS
10
1.1502541338582677
20
0.3574892913385826
11
1.1502541338582677
21
0.3503847244094488
0
LINE
8
BLACK
6
CONTINUOUS
10
1.1502541338582677
20
0.3503847244094488
11
1.1491427165354331
21
0.3433676377952756
0
LINE
8
BLACK
6
CONTINUOUS
10
1.1491427165354331
20
0.3433676377952756
11
1.1469472834645669
21
0.3366107874015748
0
LINE
8
BLACK
6
CONTINUOUS
10
1.1469472834645669
20
0.3366107874015748
11
1.1437218897637795
21
0.3302805905511811
0
LINE
8
BLACK
6
CONTINUOUS
10
1.1437218897637795
20
0.3302805905511811
11
1.1395459448818896
21
0.324532874015748
0
LINE
8
BLACK
6
CONTINUOUS
10
1.1395459448818896
20
0.324532874015748
11
1.1345222440944882
21
0.3195091732283464
0
LINE
8
BLACK
6
CONTINUOUS
10
1.1345222440944882
20
0.3195091732283464
11
1.1287745275590551
21
0.3153332283464567
0
LINE
8
BLACK
6
CONTINUOUS
10
1.1287745275590551
20
0.3153332283464567
11
1.1224443307086613
21
0.3121078346456693
0
LINE
8
BLACK
6
CONTINUOUS
10
1.1224443307086613
20
0.3121078346456693
11
1.1156874803149606
21
0.3099124015748032
0
LINE
8
BLACK
6
CONTINUOUS
10
1.1156874803149606
20
0.3099124015748032
11
1.1086703937007873
21
0.3088009842519685
0
LINE
8
BLACK
6
CONTINUOUS
10
1.1086703937007873
20
0.3088009842519685
11
1.1015658267716535
21
0.3088009842519685
0
LINE
8
BLACK
6
CONTINUOUS
10
1.1015658267716535
20
0.3088009842519685
11
1.0945487401574803
21
0.3099124015748032
0
LINE
8
BLACK
6
CONTINUOUS
10
1.0945487401574803
20
0.3099124015748032
11
1.0877918897637795
21
0.3121078346456693
0
LINE
8
BLACK
6
CONTINUOUS
10
1.0877918897637795
20
0.3121078346456693
11
1.0814616929133858
21
0.3153332283464567
0
LINE
8
BLACK
6
CONTINUOUS
10
1.0814616929133858
20
0.3153332283464567
11
1.0757139763779526
21
0.3195091732283464
0
LINE
8
BLACK
6
CONTINUOUS
10
1.0757139763779526
20
0.3195091732283464
11
1.0706902755905512
21
0.324532874015748
0
LINE
8
BLACK
6
CONTINUOUS
10
1.0706902755905512
20
0.324532874015748
11
1.0665143307086613
21
0.3302805905511811
0
LINE
8
BLACK
6
CONTINUOUS
10
1.0665143307086613
20
0.3302805905511811
11
1.063288937007874
21
0.3366107874015748
0
LINE
8
BLACK
6
CONTINUOUS
10
1.063288937007874
20
0.3366107874015748
11
1.0610935039370077
21
0.3433676377952756
0
LINE
8
BLACK
6
CONTINUOUS
10
1.0610935039370077
20
0.3433676377952756
11
1.0599820866141731
21
0.3503847244094488
0
LINE
8
BLACK
6
CONTINUOUS
10
1.0599820866141731
20
0.3503847244094488
11
1.0599820866141731
21
0.3574892913385826
0
LINE
8
BLACK
6
CONTINUOUS
10
1.0599820866141731
20
0.3574892913385826
11
1.0610935039370077
21
0.3645063779527559
0
LINE
8
BLACK
6
CONTINUOUS
10
1.0610935039370077
20
0.3645063779527559
11
1.063288937007874
21
0.3712632283464567
0
LINE
8
BLACK
6
CONTINUOUS
10
1.063288937007874
20
0.3712632283464567
11
1.0665143307086613
21
0.3775934251968504
0
LINE
8
BLACK
6
CONTINUOUS
10
1.0665143307086613
20
0.3775934251968504
11
1.0706902755905512
21
0.3833411417322835
0
LINE
8
BLACK
6
CONTINUOUS
10
1.0706902755905512
20
0.3833411417322835
11
1.0757139763779526
21
0.388364842519685
0
LINE
8
BLACK
6
CONTINUOUS
10
1.0757139763779526
20
0.388364842519685
11
1.0814616929133858
21
0.3925407874015748
0
LINE
8
BLACK
6
CONTINUOUS
10
1.0814616929133858
20
0.3925407874015748
11
1.0877918897637795
21
0.3957661811023622
0
LINE
8
BLACK
6
CONTINUOUS
10
1.0877918897637795
20
0.3957661811023622
11
1.0945487401574803
21
0.3979616141732283
0
LINE
8
BLACK
6
CONTINUOUS
10
1.0945487401574803
20
0.3979616141732283
11
1.1015658267716535
21
0.399073031496063
0
LINE
8
BLACK
6
CONTINUOUS
10
1.1015658267716535
20
0.399073031496063
11
1.1086703937007873
21
0.399073031496063
0
LINE
8
BLACK
6
CONTINUOUS
10
1.1086703937007873
20
0.399073031496063
11
1.1156874803149606
21
0.3979616141732283
0
LINE
8
BLACK
6
CONTINUOUS
10
-1.2545029527559055
20
0.4937791338582677
11
-1.2472739763779528
21
0.4919813779527559
0
LINE
8
BLACK
6
CONTINUOUS
10
-1.2472739763779528
20
0.4919813779527559
11
-1.2406005118110235
21
0.4886716141732284
0
LINE
8
BLACK
6
CONTINUOUS
10
-1.2406005118110235
20
0.4886716141732284
11
-1.2347945669291338
21
0.4840046456692913
0
LINE
8
BLACK
6
CONTINUOUS
10
-1.2347945669291338
20
0.4840046456692913
11
-1.2301275984251969
21
0.4781987007874016
0
LINE
8
BLACK
6
CONTINUOUS
10
-1.2301275984251969
20
0.4781987007874016
11
-1.2268178346456693
21
0.4715252362204724
0
LINE
8
BLACK
6
CONTINUOUS
10
-1.2268178346456693
20
0.4715252362204724
11
-1.2250200787401575
21
0.4642962598425197
0
LINE
8
BLACK
6
CONTINUOUS
10
-1.2250200787401575
20
0.4642962598425197
11
-1.2247047244094489
21
0.4596456692913386
0
LINE
8
BLACK
6
CONTINUOUS
10
-1.2247047244094489
20
0.4596456692913386
11
-1.2247047244094489
21
0.390748031496063
0
LINE
8
BLACK
6
CONTINUOUS
10
-1.2247047244094489
20
0.390748031496063
11
-1.2250200787401575
21
0.3860974409448819
0
LINE
8
BLACK
6
CONTINUOUS
10
-1.2250200787401575
20
0.3860974409448819
11
-1.2268178346456693
21
0.3788684645669291
0
LINE
8
BLACK
6
CONTINUOUS
10
-1.2268178346456693
20
0.3788684645669291
11
-1.2301275984251969
21
0.372195
0
LINE
8
BLACK
6
CONTINUOUS
10
-1.2301275984251969
20
0.372195
11
-1.2347945669291338
21
0.3663890551181102
0
LINE
8
BLACK
6
CONTINUOUS
10
-1.2347945669291338
20
0.3663890551181102
11
-1.2406005118110235
21
0.3617220866141732
0
LINE
8
BLACK
6
CONTINUOUS
10
-1.2406005118110235
20
0.3617220866141732
11
-1.2472739763779528
21
0.3584123228346456
0
LINE
8
BLACK
6
CONTINUOUS
10
-1.2472739763779528
20
0.3584123228346456
11
-1.2545029527559055
21
0.3566145669291338
0
LINE
8
BLACK
6
CONTINUOUS
10
-1.2545029527559055
20
0.3566145669291338
11
-1.2591535433070866
21
0.3562992125984252
0
LINE
8
BLACK
6
CONTINUOUS
10
-1.2591535433070866
20
0.3562992125984252
11
-1.3280511811023621
21
0.3562992125984252
0
LINE
8
BLACK
6
CONTINUOUS
10
-1.3280511811023621
20
0.3562992125984252
11
-1.3327017716535432
21
0.3566145669291338
0
LINE
8
BLACK
6
CONTINUOUS
10
-1.3327017716535432
20
0.3566145669291338
11
-1.3399307480314959
21
0.3584123228346456
0
LINE
8
BLACK
6
CONTINUOUS
10
-1.3399307480314959
20
0.3584123228346456
11
-1.3466042125984252
21
0.3617220866141732
0
LINE
8
BLACK
6
CONTINUOUS
10
-1.3466042125984252
20
0.3617220866141732
11
-1.3524101574803149
21
0.3663890551181102
0
LINE
8
BLACK
6
CONTINUOUS
10
-1.3524101574803149
20
0.3663890551181102
11
-1.357077125984252
21
0.372195
0
LINE
8
BLACK
6
CONTINUOUS
10
-1.357077125984252
20
0.372195
11
-1.3603868897637794
21
0.3788684645669291
0
LINE
8
BLACK
6
CONTINUOUS
10
-1.3603868897637794
20
0.3788684645669291
11
-1.3621846456692912
21
0.3860974409448819
0
LINE
8
BLACK
6
CONTINUOUS
10
-1.3621846456692912
20
0.3860974409448819
11
-1.3625
21
0.390748031496063
0
LINE
8
BLACK
6
CONTINUOUS
10
-1.3625
20
0.390748031496063
11
-1.3625
21
0.4596456692913386
0
LINE
8
BLACK
6
CONTINUOUS
10
-1.3625
20
0.4596456692913386
11
-1.3621846456692912
21
0.4642962598425197
0
LINE
8
BLACK
6
CONTINUOUS
10
-1.3621846456692912
20
0.4642962598425197
11
-1.3603868897637794
21
0.4715252362204724
0
LINE
8
BLACK
6
CONTINUOUS
10
-1.3603868897637794
20
0.4715252362204724
11
-1.357077125984252
21
0.4781987007874016
0
LINE
8
BLACK
6
CONTINUOUS
10
-1.357077125984252
20
0.4781987007874016
11
-1.3524101574803149
21
0.4840046456692913
0
LINE
8
BLACK
6
CONTINUOUS
10
-1.3524101574803149
20
0.4840046456692913
11
-1.3466042125984252
21
0.4886716141732284
0
LINE
8
BLACK
6
CONTINUOUS
10
-1.3466042125984252
20
0.4886716141732284
11
-1.3399307480314959
21
0.4919813779527559
0
LINE
8
BLACK
6
CONTINUOUS
10
-1.3399307480314959
20
0.4919813779527559
11
-1.3327017716535432
21
0.4937791338582677
0
LINE
8
BLACK
6
CONTINUOUS
10
-1.3327017716535432
20
0.4937791338582677
11
-1.3280511811023621
21
0.4940944881889764
0
LINE
8
BLACK
6
CONTINUOUS
10
-1.3280511811023621
20
0.4940944881889764
11
-1.2591535433070866
21
0.4940944881889764
0
LINE
8
BLACK
6
CONTINUOUS
10
-1.2591535433070866
20
0.4940944881889764
11
-1.2545029527559055
21
0.4937791338582677
0
LINE
8
BLACK
6
CONTINUOUS
10
0.6537683070866142
20
0.4172324803149606
11
0.6591161023622047
21
0.4150173622047244
0
LINE
8
BLACK
6
CONTINUOUS
10
0.6591161023622047
20
0.4150173622047244
11
0.6639289763779528
21
0.4118014960629921
0
LINE
8
BLACK
6
CONTINUOUS
10
0.6639289763779528
20
0.4118014960629921
11
0.6680220078740158
21
0.4077084645669291
0
LINE
8
BLACK
6
CONTINUOUS
10
0.6680220078740158
20
0.4077084645669291
11
0.671237874015748
21
0.4028955905511811
0
LINE
8
BLACK
6
CONTINUOUS
10
0.671237874015748
20
0.4028955905511811
11
0.6734529921259842
21
0.3975477952755905
0
LINE
8
BLACK
6
CONTINUOUS
10
0.6734529921259842
20
0.3975477952755905
11
0.6745822834645669
21
0.3918705905511811
0
LINE
8
BLACK
6
CONTINUOUS
10
0.6745822834645669
20
0.3918705905511811
11
0.6745822834645669
21
0.3860821653543307
0
LINE
8
BLACK
6
CONTINUOUS
10
0.6745822834645669
20
0.3860821653543307
11
0.6734529921259842
21
0.3804049606299212
0
LINE
8
BLACK
6
CONTINUOUS
10
0.6734529921259842
20
0.3804049606299212
11
0.671237874015748
21
0.3750571653543307
0
LINE
8
BLACK
6
CONTINUOUS
10
0.671237874015748
20
0.3750571653543307
11
0.6680220078740158
21
0.3702442913385827
0
LINE
8
BLACK
6
CONTINUOUS
10
0.6680220078740158
20
0.3702442913385827
11
0.6639289763779528
21
0.3661512598425197
0
LINE
8
BLACK
6
CONTINUOUS
10
0.6639289763779528
20
0.3661512598425197
11
0.6591161023622047
21
0.3629353937007874
0
LINE
8
BLACK
6
CONTINUOUS
10
0.6591161023622047
20
0.3629353937007874
11
0.6537683070866142
21
0.3607202755905512
0
LINE
8
BLACK
6
CONTINUOUS
10
0.6537683070866142
20
0.3607202755905512
11
0.6480911023622047
21
0.3595909842519685
0
LINE
8
BLACK
6
CONTINUOUS
10
0.6480911023622047
20
0.3595909842519685
11
0.6423026771653543
21
0.3595909842519685
0
LINE
8
BLACK
6
CONTINUOUS
10
0.6423026771653543
20
0.3595909842519685
11
0.6366254724409449
21
0.3607202755905512
0
LINE
8
BLACK
6
CONTINUOUS
10
0.6366254724409449
20
0.3607202755905512
11
0.6312776771653543
21
0.3629353937007874
0
LINE
8
BLACK
6
CONTINUOUS
10
0.6312776771653543
20
0.3629353937007874
11
0.6264648031496063
21
0.3661512598425197
0
LINE
8
BLACK
6
CONTINUOUS
10
0.6264648031496063
20
0.3661512598425197
11
0.6223717716535433
21
0.3702442913385827
0
LINE
8
BLACK
6
CONTINUOUS
10
0.6223717716535433
20
0.3702442913385827
11
0.619155905511811
21
0.3750571653543307
0
LINE
8
BLACK
6
CONTINUOUS
10
0.619155905511811
20
0.3750571653543307
11
0.6169407874015748
21
0.3804049606299212
0
LINE
8
BLACK
6
CONTINUOUS
10
0.6169407874015748
20
0.3804049606299212
11
0.6158114960629921
21
0.3860821653543307
0
LINE
8
BLACK
6
CONTINUOUS
10
0.6158114960629921
20
0.3860821653543307
11
0.6158114960629921
21
0.3918705905511811
0
LINE
8
BLACK
6
CONTINUOUS
10
0.6158114960629921
20
0.3918705905511811
11
0.6169407874015748
21
0.3975477952755905
0
LINE
8
BLACK
6
CONTINUOUS
10
0.6169407874015748
20
0.3975477952755905
11
0.619155905511811
21
0.4028955905511811
0
LINE
8
BLACK
6
CONTINUOUS
10
0.619155905511811
20
0.4028955905511811
11
0.6223717716535433
21
0.4077084645669291
0
LINE
8
BLACK
6
CONTINUOUS
10
0.6223717716535433
20
0.4077084645669291
11
0.6264648031496063
21
0.4118014960629921
0
LINE
8
BLACK
6
CONTINUOUS
10
0.6264648031496063
20
0.4118014960629921
11
0.6312776771653543
21
0.4150173622047244
0
LINE
8
BLACK
6
CONTINUOUS
10
0.6312776771653543
20
0.4150173622047244
11
0.6366254724409449
21
0.4172324803149606
0
LINE
8
BLACK
6
CONTINUOUS
10
0.6366254724409449
20
0.4172324803149606
11
0.6423026771653543
21
0.4183617716535433
0
LINE
8
BLACK
6
CONTINUOUS
10
0.6423026771653543
20
0.4183617716535433
11
0.6480911023622047
21
0.4183617716535433
0
LINE
8
BLACK
6
CONTINUOUS
10
0.6480911023622047
20
0.4183617716535433
11
0.6537683070866142
21
0.4172324803149606
0
LINE
8
BLACK
6
CONTINUOUS
10
0.7337682677165355
20
0.4172325196850394
11
0.739116062992126
21
0.4150174015748032
0
LINE
8
BLACK
6
CONTINUOUS
10
0.739116062992126
20
0.4150174015748032
11
0.743928937007874
21
0.4118015354330709
0
LINE
8
BLACK
6
CONTINUOUS
10
0.743928937007874
20
0.4118015354330709
11
0.748021968503937
21
0.4077085039370079
0
LINE
8
BLACK
6
CONTINUOUS
10
0.748021968503937
20
0.4077085039370079
11
0.7512378346456693
21
0.4028956299212598
0
LINE
8
BLACK
6
CONTINUOUS
10
0.7512378346456693
20
0.4028956299212598
11
0.7534529527559055
21
0.3975478346456693
0
LINE
8
BLACK
6
CONTINUOUS
10
0.7534529527559055
20
0.3975478346456693
11
0.7545822440944882
21
0.3918706299212598
0
LINE
8
BLACK
6
CONTINUOUS
10
0.7545822440944882
20
0.3918706299212598
11
0.7545822440944882
21
0.3860822047244095
0
LINE
8
BLACK
6
CONTINUOUS
10
0.7545822440944882
20
0.3860822047244095
11
0.7534529527559055
21
0.380405
0
LINE
8
BLACK
6
CONTINUOUS
10
0.7534529527559055
20
0.380405
11
0.7512378346456693
21
0.3750572047244095
0
LINE
8
BLACK
6
CONTINUOUS
10
0.7512378346456693
20
0.3750572047244095
11
0.748021968503937
21
0.3702443307086614
0
LINE
8
BLACK
6
CONTINUOUS
10
0.748021968503937
20
0.3702443307086614
11
0.743928937007874
21
0.3661512992125984
0
LINE
8
BLACK
6
CONTINUOUS
10
0.743928937007874
20
0.3661512992125984
11
0.739116062992126
21
0.3629354330708661
0
LINE
8
BLACK
6
CONTINUOUS
10
0.739116062992126
20
0.3629354330708661
11
0.7337682677165355
21
0.3607203149606299
0
LINE
8
BLACK
6
CONTINUOUS
10
0.7337682677165355
20
0.3607203149606299
11
0.728091062992126
21
0.3595910236220473
0
LINE
8
BLACK
6
CONTINUOUS
10
0.728091062992126
20
0.3595910236220473
11
0.7223026377952756
21
0.3595910236220473
0
LINE
8
BLACK
6
CONTINUOUS
10
0.7223026377952756
20
0.3595910236220473
11
0.7166254330708661
21
0.3607203149606299
0
LINE
8
BLACK
6
CONTINUOUS
10
0.7166254330708661
20
0.3607203149606299
11
0.7112776377952755
21
0.3629354330708661
0
LINE
8
BLACK
6
CONTINUOUS
10
0.7112776377952755
20
0.3629354330708661
11
0.7064647637795275
21
0.3661512992125984
0
LINE
8
BLACK
6
CONTINUOUS
10
0.7064647637795275
20
0.3661512992125984
11
0.7023717322834645
21
0.3702443307086614
0
LINE
8
BLACK
6
CONTINUOUS
10
0.7023717322834645
20
0.3702443307086614
11
0.6991558661417323
21
0.3750572047244095
0
LINE
8
BLACK
6
CONTINUOUS
10
0.6991558661417323
20
0.3750572047244095
11
0.6969407480314961
21
0.380405
0
LINE
8
BLACK
6
CONTINUOUS
10
0.6969407480314961
20
0.380405
11
0.6958114566929133
21
0.3860822047244095
0
LINE
8
BLACK
6
CONTINUOUS
10
0.6958114566929133
20
0.3860822047244095
11
0.6958114566929133
21
0.3918706299212598
0
LINE
8
BLACK
6
CONTINUOUS
10
0.6958114566929133
20
0.3918706299212598
11
0.6969407480314961
21
0.3975478346456693
0
LINE
8
BLACK
6
CONTINUOUS
10
0.6969407480314961
20
0.3975478346456693
11
0.6991558661417323
21
0.4028956299212598
0
LINE
8
BLACK
6
CONTINUOUS
10
0.6991558661417323
20
0.4028956299212598
11
0.7023717322834645
21
0.4077085039370079
0
LINE
8
BLACK
6
CONTINUOUS
10
0.7023717322834645
20
0.4077085039370079
11
0.7064647637795275
21
0.4118015354330709
0
LINE
8
BLACK
6
CONTINUOUS
10
0.7064647637795275
20
0.4118015354330709
11
0.7112776377952755
21
0.4150174015748032
0
LINE
8
BLACK
6
CONTINUOUS
10
0.7112776377952755
20
0.4150174015748032
11
0.7166254330708661
21
0.4172325196850394
0
LINE
8
BLACK
6
CONTINUOUS
10
0.7166254330708661
20
0.4172325196850394
11
0.7223026377952756
21
0.418361811023622
0
LINE
8
BLACK
6
CONTINUOUS
10
0.7223026377952756
20
0.418361811023622
11
0.728091062992126
21
0.418361811023622
0
LINE
8
BLACK
6
CONTINUOUS
10
0.728091062992126
20
0.418361811023622
11
0.7337682677165355
21
0.4172325196850394
0
LINE
8
BLACK
6
CONTINUOUS
10
0.8137682677165354
20
0.4172325196850394
11
0.8191160629921259
21
0.4150174015748032
0
LINE
8
BLACK
6
CONTINUOUS
10
0.8191160629921259
20
0.4150174015748032
11
0.823928937007874
21
0.4118015354330709
0
LINE
8
BLACK
6
CONTINUOUS
10
0.823928937007874
20
0.4118015354330709
11
0.8280219685039369
21
0.4077085039370079
0
LINE
8
BLACK
6
CONTINUOUS
10
0.8280219685039369
20
0.4077085039370079
11
0.8312378346456692
21
0.4028956299212598
0
LINE
8
BLACK
6
CONTINUOUS
10
0.8312378346456692
20
0.4028956299212598
11
0.8334529527559055
21
0.3975478346456693
0
LINE
8
BLACK
6
CONTINUOUS
10
0.8334529527559055
20
0.3975478346456693
11
0.8345822440944882
21
0.3918706299212598
0
LINE
8
BLACK
6
CONTINUOUS
10
0.8345822440944882
20
0.3918706299212598
11
0.8345822440944882
21
0.3860822047244095
0
LINE
8
BLACK
6
CONTINUOUS
10
0.8345822440944882
20
0.3860822047244095
11
0.8334529527559055
21
0.380405
0
LINE
8
BLACK
6
CONTINUOUS
10
0.8334529527559055
20
0.380405
11
0.8312378346456692
21
0.3750572047244095
0
LINE
8
BLACK
6
CONTINUOUS
10
0.8312378346456692
20
0.3750572047244095
11
0.8280219685039369
21
0.3702443307086614
0
LINE
8
BLACK
6
CONTINUOUS
10
0.8280219685039369
20
0.3702443307086614
11
0.823928937007874
21
0.3661512992125984
0
LINE
8
BLACK
6
CONTINUOUS
10
0.823928937007874
20
0.3661512992125984
11
0.8191160629921259
21
0.3629354330708661
0
LINE
8
BLACK
6
CONTINUOUS
10
0.8191160629921259
20
0.3629354330708661
11
0.8137682677165354
21
0.3607203149606299
0
LINE
8
BLACK
6
CONTINUOUS
10
0.8137682677165354
20
0.3607203149606299
11
0.808091062992126
21
0.3595910236220473
0
LINE
8
BLACK
6
CONTINUOUS
10
0.808091062992126
20
0.3595910236220473
11
0.8023026377952756
21
0.3595910236220473
0
LINE
8
BLACK
6
CONTINUOUS
10
0.8023026377952756
20
0.3595910236220473
11
0.7966254330708661
21
0.3607203149606299
0
LINE
8
BLACK
6
CONTINUOUS
10
0.7966254330708661
20
0.3607203149606299
11
0.7912776377952756
21
0.3629354330708661
0
LINE
8
BLACK
6
CONTINUOUS
10
0.7912776377952756
20
0.3629354330708661
11
0.7864647637795276
21
0.3661512992125984
0
LINE
8
BLACK
6
CONTINUOUS
10
0.7864647637795276
20
0.3661512992125984
11
0.7823717322834646
21
0.3702443307086614
0
LINE
8
BLACK
6
CONTINUOUS
10
0.7823717322834646
20
0.3702443307086614
11
0.7791558661417323
21
0.3750572047244095
0
LINE
8
BLACK
6
CONTINUOUS
10
0.7791558661417323
20
0.3750572047244095
11
0.776940748031496
21
0.380405
0
LINE
8
BLACK
6
CONTINUOUS
10
0.776940748031496
20
0.380405
11
0.7758114566929134
21
0.3860822047244095
0
LINE
8
BLACK
6
CONTINUOUS
10
0.7758114566929134
20
0.3860822047244095
11
0.7758114566929134
21
0.3918706299212598
0
LINE
8
BLACK
6
CONTINUOUS
10
0.7758114566929134
20
0.3918706299212598
11
0.776940748031496
21
0.3975478346456693
0
LINE
8
BLACK
6
CONTINUOUS
10
0.776940748031496
20
0.3975478346456693
11
0.7791558661417323
21
0.4028956299212598
0
LINE
8
BLACK
6
CONTINUOUS
10
0.7791558661417323
20
0.4028956299212598
11
0.7823717322834646
21
0.4077085039370079
0
LINE
8
BLACK
6
CONTINUOUS
10
0.7823717322834646
20
0.4077085039370079
11
0.7864647637795276
21
0.4118015354330709
0
LINE
8
BLACK
6
CONTINUOUS
10
0.7864647637795276
20
0.4118015354330709
11
0.7912776377952756
21
0.4150174015748032
0
LINE
8
BLACK
6
CONTINUOUS
10
0.7912776377952756
20
0.4150174015748032
11
0.7966254330708661
21
0.4172325196850394
0
LINE
8
BLACK
6
CONTINUOUS
10
0.7966254330708661
20
0.4172325196850394
11
0.8023026377952756
21
0.418361811023622
0
LINE
8
BLACK
6
CONTINUOUS
10
0.8023026377952756
20
0.418361811023622
11
0.808091062992126
21
0.418361811023622
0
LINE
8
BLACK
6
CONTINUOUS
10
0.808091062992126
20
0.418361811023622
11
0.8137682677165354
21
0.4172325196850394
0
LINE
8
BLACK
6
CONTINUOUS
10
0.8937682677165354
20
0.4172325196850394
11
0.899116062992126
21
0.4150174015748032
0
LINE
8
BLACK
6
CONTINUOUS
10
0.899116062992126
20
0.4150174015748032
11
0.903928937007874
21
0.4118015354330709
0
LINE
8
BLACK
6
CONTINUOUS
10
0.903928937007874
20
0.4118015354330709
11
0.908021968503937
21
0.4077085039370079
0
LINE
8
BLACK
6
CONTINUOUS
10
0.908021968503937
20
0.4077085039370079
11
0.9112378346456693
21
0.4028956299212598
0
LINE
8
BLACK
6
CONTINUOUS
10
0.9112378346456693
20
0.4028956299212598
11
0.9134529527559055
21
0.3975478346456693
0
LINE
8
BLACK
6
CONTINUOUS
10
0.9134529527559055
20
0.3975478346456693
11
0.9145822440944882
21
0.3918706299212598
0
LINE
8
BLACK
6
CONTINUOUS
10
0.9145822440944882
20
0.3918706299212598
11
0.9145822440944882
21
0.3860822047244095
0
LINE
8
BLACK
6
CONTINUOUS
10
0.9145822440944882
20
0.3860822047244095
11
0.9134529527559055
21
0.380405
0
LINE
8
BLACK
6
CONTINUOUS
10
0.9134529527559055
20
0.380405
11
0.9112378346456693
21
0.3750572047244095
0
LINE
8
BLACK
6
CONTINUOUS
10
0.9112378346456693
20
0.3750572047244095
11
0.908021968503937
21
0.3702443307086614
0
LINE
8
BLACK
6
CONTINUOUS
10
0.908021968503937
20
0.3702443307086614
11
0.903928937007874
21
0.3661512992125984
0
LINE
8
BLACK
6
CONTINUOUS
10
0.903928937007874
20
0.3661512992125984
11
0.899116062992126
21
0.3629354330708661
0
LINE
8
BLACK
6
CONTINUOUS
10
0.899116062992126
20
0.3629354330708661
11
0.8937682677165354
21
0.3607203149606299
0
LINE
8
BLACK
6
CONTINUOUS
10
0.8937682677165354
20
0.3607203149606299
11
0.8880910629921259
21
0.3595910236220473
0
LINE
8
BLACK
6
CONTINUOUS
10
0.8880910629921259
20
0.3595910236220473
11
0.8823026377952756
21
0.3595910236220473
0
LINE
8
BLACK
6
CONTINUOUS
10
0.8823026377952756
20
0.3595910236220473
11
0.8766254330708662
21
0.3607203149606299
0
LINE
8
BLACK
6
CONTINUOUS
10
0.8766254330708662
20
0.3607203149606299
11
0.8712776377952756
21
0.3629354330708661
0
LINE
8
BLACK
6
CONTINUOUS
10
0.8712776377952756
20
0.3629354330708661
11
0.8664647637795275
21
0.3661512992125984
0
LINE
8
BLACK
6
CONTINUOUS
10
0.8664647637795275
20
0.3661512992125984
11
0.8623717322834645
21
0.3702443307086614
0
LINE
8
BLACK
6
CONTINUOUS
10
0.8623717322834645
20
0.3702443307086614
11
0.8591558661417322
21
0.3750572047244095
0
LINE
8
BLACK
6
CONTINUOUS
10
0.8591558661417322
20
0.3750572047244095
11
0.856940748031496
21
0.380405
0
LINE
8
BLACK
6
CONTINUOUS
10
0.856940748031496
20
0.380405
11
0.8558114566929134
21
0.3860822047244095
0
LINE
8
BLACK
6
CONTINUOUS
10
0.8558114566929134
20
0.3860822047244095
11
0.8558114566929134
21
0.3918706299212598
0
LINE
8
BLACK
6
CONTINUOUS
10
0.8558114566929134
20
0.3918706299212598
11
0.856940748031496
21
0.3975478346456693
0
LINE
8
BLACK
6
CONTINUOUS
10
0.856940748031496
20
0.3975478346456693
11
0.8591558661417322
21
0.4028956299212598
0
LINE
8
BLACK
6
CONTINUOUS
10
0.8591558661417322
20
0.4028956299212598
11
0.8623717322834645
21
0.4077085039370079
0
LINE
8
BLACK
6
CONTINUOUS
10
0.8623717322834645
20
0.4077085039370079
11
0.8664647637795275
21
0.4118015354330709
0
LINE
8
BLACK
6
CONTINUOUS
10
0.8664647637795275
20
0.4118015354330709
11
0.8712776377952756
21
0.4150174015748032
0
LINE
8
BLACK
6
CONTINUOUS
10
0.8712776377952756
20
0.4150174015748032
11
0.8766254330708662
21
0.4172325196850394
0
LINE
8
BLACK
6
CONTINUOUS
10
0.8766254330708662
20
0.4172325196850394
11
0.8823026377952756
21
0.418361811023622
0
LINE
8
BLACK
6
CONTINUOUS
10
0.8823026377952756
20
0.418361811023622
11
0.8880910629921259
21
0.418361811023622
0
LINE
8
BLACK
6
CONTINUOUS
10
0.8880910629921259
20
0.418361811023622
11
0.8937682677165354
21
0.4172325196850394
0
LINE
8
BLACK
6
CONTINUOUS
10
-1.5914362598425196
20
0.6203784645669291
11
-1.5785233464566928
21
0.6174311811023622
0
LINE
8
BLACK
6
CONTINUOUS
10
-1.5785233464566928
20
0.6174311811023622
11
-1.5660216535433071
21
0.6130566535433071
0
LINE
8
BLACK
6
CONTINUOUS
10
-1.5660216535433071
20
0.6130566535433071
11
-1.5540883070866141
21
0.607309842519685
0
LINE
8
BLACK
6
CONTINUOUS
10
-1.5540883070866141
20
0.607309842519685
11
-1.5428734645669291
21
0.6002631102362205
0
LINE
8
BLACK
6
CONTINUOUS
10
-1.5428734645669291
20
0.6002631102362205
11
-1.5325181102362204
21
0.5920049606299213
0
LINE
8
BLACK
6
CONTINUOUS
10
-1.5325181102362204
20
0.5920049606299213
11
-1.5231525196850393
21
0.5826393700787401
0
LINE
8
BLACK
6
CONTINUOUS
10
-1.5231525196850393
20
0.5826393700787401
11
-1.5148943700787401
21
0.5722840157480314
0
LINE
8
BLACK
6
CONTINUOUS
10
-1.5148943700787401
20
0.5722840157480314
11
-1.5078476377952756
21
0.5610691732283465
0
LINE
8
BLACK
6
CONTINUOUS
10
-1.5078476377952756
20
0.5610691732283465
11
-1.5021008267716536
21
0.5491358267716535
0
LINE
8
BLACK
6
CONTINUOUS
10
-1.5021008267716536
20
0.5491358267716535
11
-1.4977262992125984
21
0.5366341338582677
0
LINE
8
BLACK
6
CONTINUOUS
10
-1.4977262992125984
20
0.5366341338582677
11
-1.4947790157480314
21
0.523721220472441
0
LINE
8
BLACK
6
CONTINUOUS
10
-1.4947790157480314
20
0.523721220472441
11
-1.4932960629921259
21
0.5105594881889763
0
LINE
8
BLACK
6
CONTINUOUS
10
-1.4932960629921259
20
0.5105594881889763
11
-1.4932960629921259
21
0.4973145275590551
0
LINE
8
BLACK
6
CONTINUOUS
10
-1.4932960629921259
20
0.4973145275590551
11
-1.4947790157480314
21
0.4841527952755905
0
LINE
8
BLACK
6
CONTINUOUS
10
-1.4947790157480314
20
0.4841527952755905
11
-1.4977262992125984
21
0.4712398818897638
0
LINE
8
BLACK
6
CONTINUOUS
10
-1.4977262992125984
20
0.4712398818897638
11
-1.5021008267716536
21
0.458738188976378
0
LINE
8
BLACK
6
CONTINUOUS
10
-1.5021008267716536
20
0.458738188976378
11
-1.5078476377952756
21
0.4468048425196851
0
LINE
8
BLACK
6
CONTINUOUS
10
-1.5078476377952756
20
0.4468048425196851
11
-1.5148943700787401
21
0.43559
0
LINE
8
BLACK
6
CONTINUOUS
10
-1.5148943700787401
20
0.43559
11
-1.5231525196850393
21
0.4252346456692913
0
LINE
8
BLACK
6
CONTINUOUS
10
-1.5231525196850393
20
0.4252346456692913
11
-1.5325181102362204
21
0.4158690551181102
0
LINE
8
BLACK
6
CONTINUOUS
10
-1.5325181102362204
20
0.4158690551181102
11
-1.5428734645669291
21
0.407610905511811
0
LINE
8
BLACK
6
CONTINUOUS
10
-1.5428734645669291
20
0.407610905511811
11
-1.5540883070866141
21
0.4005641732283464
0
LINE
8
BLACK
6
CONTINUOUS
10
-1.5540883070866141
20
0.4005641732283464
11
-1.5660216535433071
21
0.3948173622047244
0
LINE
8
BLACK
6
CONTINUOUS
10
-1.5660216535433071
20
0.3948173622047244
11
-1.5785233464566928
21
0.3904428346456693
0
LINE
8
BLACK
6
CONTINUOUS
10
-1.5785233464566928
20
0.3904428346456693
11
-1.5914362598425196
21
0.3874955511811023
0
LINE
8
BLACK
6
CONTINUOUS
10
-1.5914362598425196
20
0.3874955511811023
11
-1.6045979921259843
21
0.3860125984251969
0
LINE
8
BLACK
6
CONTINUOUS
10
-1.6045979921259843
20
0.3860125984251969
11
-1.6178429527559055
21
0.3860125984251969
0
LINE
8
BLACK
6
CONTINUOUS
10
-1.6178429527559055
20
0.3860125984251969
11
-1.63100468503937
21
0.3874955511811023
0
LINE
8
BLACK
6
CONTINUOUS
10
-1.63100468503937
20
0.3874955511811023
11
-1.6439175984251968
21
0.3904428346456693
0
LINE
8
BLACK
6
CONTINUOUS
10
-1.6439175984251968
20
0.3904428346456693
11
-1.6564192913385827
21
0.3948173622047244
0
LINE
8
BLACK
6
CONTINUOUS
10
-1.6564192913385827
20
0.3948173622047244
11
-1.6683526377952755
21
0.4005641732283464
0
LINE
8
BLACK
6
CONTINUOUS
10
-1.6683526377952755
20
0.4005641732283464
11
-1.6795674803149605
21
0.407610905511811
0
LINE
8
BLACK
6
CONTINUOUS
10
-1.6795674803149605
20
0.407610905511811
11
-1.6899228346456692
21
0.4158690551181102
0
LINE
8
BLACK
6
CONTINUOUS
10
-1.6899228346456692
20
0.4158690551181102
11
-1.6992884251968503
21
0.4252346456692913
0
LINE
8
BLACK
6
CONTINUOUS
10
-1.6992884251968503
20
0.4252346456692913
11
-1.7075465748031495
21
0.43559
0
LINE
8
BLACK
6
CONTINUOUS
10
-1.7075465748031495
20
0.43559
11
-1.7145933070866142
21
0.4468048425196851
0
LINE
8
BLACK
6
CONTINUOUS
10
-1.7145933070866142
20
0.4468048425196851
11
-1.7203401181102362
21
0.458738188976378
0
LINE
8
BLACK
6
CONTINUOUS
10
-1.7203401181102362
20
0.458738188976378
11
-1.7247146456692912
21
0.4712398818897638
0
LINE
8
BLACK
6
CONTINUOUS
10
-1.7247146456692912
20
0.4712398818897638
11
-1.7276619291338582
21
0.4841527952755905
0
LINE
8
BLACK
6
CONTINUOUS
10
-1.7276619291338582
20
0.4841527952755905
11
-1.7291448818897637
21
0.4973145275590551
0
LINE
8
BLACK
6
CONTINUOUS
10
-1.7291448818897637
20
0.4973145275590551
11
-1.7291448818897637
21
0.5105594881889763
0
LINE
8
BLACK
6
CONTINUOUS
10
-1.7291448818897637
20
0.5105594881889763
11
-1.7276619291338582
21
0.523721220472441
0
LINE
8
BLACK
6
CONTINUOUS
10
-1.7276619291338582
20
0.523721220472441
11
-1.7247146456692912
21
0.5366341338582677
0
LINE
8
BLACK
6
CONTINUOUS
10
-1.7247146456692912
20
0.5366341338582677
11
-1.7203401181102362
21
0.5491358267716535
0
LINE
8
BLACK
6
CONTINUOUS
10
-1.7203401181102362
20
0.5491358267716535
11
-1.7145933070866142
21
0.5610691732283465
0
LINE
8
BLACK
6
CONTINUOUS
10
-1.7145933070866142
20
0.5610691732283465
11
-1.7075465748031495
21
0.5722840157480314
0
LINE
8
BLACK
6
CONTINUOUS
10
-1.7075465748031495
20
0.5722840157480314
11
-1.6992884251968503
21
0.5826393700787401
0
LINE
8
BLACK
6
CONTINUOUS
10
-1.6992884251968503
20
0.5826393700787401
11
-1.6899228346456692
21
0.5920049606299213
0
LINE
8
BLACK
6
CONTINUOUS
10
-1.6899228346456692
20
0.5920049606299213
11
-1.6795674803149605
21
0.6002631102362205
0
LINE
8
BLACK
6
CONTINUOUS
10
-1.6795674803149605
20
0.6002631102362205
11
-1.6683526377952755
21
0.607309842519685
0
LINE
8
BLACK
6
CONTINUOUS
10
-1.6683526377952755
20
0.607309842519685
11
-1.6564192913385827
21
0.6130566535433071
0
LINE
8
BLACK
6
CONTINUOUS
10
-1.6564192913385827
20
0.6130566535433071
11
-1.6439175984251968
21
0.6174311811023622
0
LINE
8
BLACK
6
CONTINUOUS
10
-1.6439175984251968
20
0.6174311811023622
11
-1.63100468503937
21
0.6203784645669291
0
LINE
8
BLACK
6
CONTINUOUS
10
-1.63100468503937
20
0.6203784645669291
11
-1.6178429527559055
21
0.6218614173228346
0
LINE
8
BLACK
6
CONTINUOUS
10
-1.6178429527559055
20
0.6218614173228346
11
-1.6045979921259843
21
0.6218614173228346
0
LINE
8
BLACK
6
CONTINUOUS
10
-1.6045979921259843
20
0.6218614173228346
11
-1.5914362598425196
21
0.6203784645669291
0
LINE
8
BLACK
6
CONTINUOUS
10
-1.0396653543307086
20
0.4744094488188976
11
-1.1774606299212598
21
0.4744094488188976
0
LINE
8
BLACK
6
CONTINUOUS
10
-1.1774606299212598
20
0.4744094488188976
11
-1.1774606299212598
21
0.6122047244094488
0
LINE
8
BLACK
6
CONTINUOUS
10
-1.1774606299212598
20
0.6122047244094488
11
-1.0396653543307086
21
0.6122047244094488
0
LINE
8
BLACK
6
CONTINUOUS
10
-1.0396653543307086
20
0.6122047244094488
11
-1.0396653543307086
21
0.4744094488188976
0
LINE
8
BLACK
6
CONTINUOUS
10
-0.6933549999999999
20
0.5743532677165354
11
-0.6881053543307086
21
0.5723952362204724
0
LINE
8
BLACK
6
CONTINUOUS
10
-0.6881053543307086
20
0.5723952362204724
11
-0.6836199606299213
21
0.5690375196850394
0
LINE
8
BLACK
6
CONTINUOUS
10
-0.6836199606299213
20
0.5690375196850394
11
-0.6802622440944882
21
0.564552125984252
0
LINE
8
BLACK
6
CONTINUOUS
10
-0.6802622440944882
20
0.564552125984252
11
-0.6783042125984252
21
0.5593024803149607
0
LINE
8
BLACK
6
CONTINUOUS
10
-0.6783042125984252
20
0.5593024803149607
11
-0.6778543307086614
21
0.5551181102362205
0
LINE
8
BLACK
6
CONTINUOUS
10
-0.6778543307086614
20
0.5551181102362205
11
-0.6778543307086614
21
0.515748031496063
0
LINE
8
BLACK
6
CONTINUOUS
10
-0.6778543307086614
20
0.515748031496063
11
-0.6783042125984252
21
0.5115636614173228
0
LINE
8
BLACK
6
CONTINUOUS
10
-0.6783042125984252
20
0.5115636614173228
11
-0.6802622440944882
21
0.5063140157480315
0
LINE
8
BLACK
6
CONTINUOUS
10
-0.6802622440944882
20
0.5063140157480315
11
-0.6836199606299213
21
0.5018286220472441
0
LINE
8
BLACK
6
CONTINUOUS
10
-0.6836199606299213
20
0.5018286220472441
11
-0.6881053543307086
21
0.498470905511811
0
LINE
8
BLACK
6
CONTINUOUS
10
-0.6881053543307086
20
0.498470905511811
11
-0.6933549999999999
21
0.496512874015748
0
LINE
8
BLACK
6
CONTINUOUS
10
-0.6933549999999999
20
0.496512874015748
11
-0.6975393700787401
21
0.4960629921259843
0
LINE
8
BLACK
6
CONTINUOUS
10
-0.6975393700787401
20
0.4960629921259843
11
-0.7369094488188976
21
0.4960629921259843
0
LINE
8
BLACK
6
CONTINUOUS
10
-0.7369094488188976
20
0.4960629921259843
11
-0.7410938188976378
21
0.496512874015748
0
LINE
8
BLACK
6
CONTINUOUS
10
-0.7410938188976378
20
0.496512874015748
11
-0.7463434645669291
21
0.498470905511811
0
LINE
8
BLACK
6
CONTINUOUS
10
-0.7463434645669291
20
0.498470905511811
11
-0.7508288582677165
21
0.5018286220472441
0
LINE
8
BLACK
6
CONTINUOUS
10
-0.7508288582677165
20
0.5018286220472441
11
-0.7541865748031495
21
0.5063140157480315
0
LINE
8
BLACK
6
CONTINUOUS
10
-0.7541865748031495
20
0.5063140157480315
11
-0.7561446062992125
21
0.5115636614173228
0
LINE
8
BLACK
6
CONTINUOUS
10
-0.7561446062992125
20
0.5115636614173228
11
-0.7565944881889763
21
0.515748031496063
0
LINE
8
BLACK
6
CONTINUOUS
10
-0.7565944881889763
20
0.515748031496063
11
-0.7565944881889763
21
0.5551181102362205
0
LINE
8
BLACK
6
CONTINUOUS
10
-0.7565944881889763
20
0.5551181102362205
11
-0.7561446062992125
21
0.5593024803149607
0
LINE
8
BLACK
6
CONTINUOUS
10
-0.7561446062992125
20
0.5593024803149607
11
-0.7541865748031495
21
0.564552125984252
0
LINE
8
BLACK
6
CONTINUOUS
10
-0.7541865748031495
20
0.564552125984252
11
-0.7508288582677165
21
0.5690375196850394
0
LINE
8
BLACK
6
CONTINUOUS
10
-0.7508288582677165
20
0.5690375196850394
11
-0.7463434645669291
21
0.5723952362204724
0
LINE
8
BLACK
6
CONTINUOUS
10
-0.7463434645669291
20
0.5723952362204724
11
-0.7410938188976378
21
0.5743532677165354
0
LINE
8
BLACK
6
CONTINUOUS
10
-0.7410938188976378
20
0.5743532677165354
11
-0.7369094488188976
21
0.5748031496062992
0
LINE
8
BLACK
6
CONTINUOUS
10
-0.7369094488188976
20
0.5748031496062992
11
-0.6975393700787401
21
0.5748031496062992
0
LINE
8
BLACK
6
CONTINUOUS
10
-0.6975393700787401
20
0.5748031496062992
11
-0.6933549999999999
21
0.5743532677165354
0
LINE
8
BLACK
6
CONTINUOUS
10
0.5235320472440945
20
0.6069962598425197
11
0.528879842519685
21
0.6047811417322835
0
LINE
8
BLACK
6
CONTINUOUS
10
0.528879842519685
20
0.6047811417322835
11
0.533692716535433
21
0.6015652755905512
0
LINE
8
BLACK
6
CONTINUOUS
10
0.533692716535433
20
0.6015652755905512
11
0.537785748031496
21
0.5974722440944882
0
LINE
8
BLACK
6
CONTINUOUS
10
0.537785748031496
20
0.5974722440944882
11
0.5410016141732283
21
0.5926593700787401
0
LINE
8
BLACK
6
CONTINUOUS
10
0.5410016141732283
20
0.5926593700787401
11
0.5432167322834646
21
0.5873115748031495
0
LINE
8
BLACK
6
CONTINUOUS
10
0.5432167322834646
20
0.5873115748031495
11
0.5443460236220472
21
0.5816343700787402
0
LINE
8
BLACK
6
CONTINUOUS
10
0.5443460236220472
20
0.5816343700787402
11
0.5443460236220472
21
0.5758459448818898
0
LINE
8
BLACK
6
CONTINUOUS
10
0.5443460236220472
20
0.5758459448818898
11
0.5432167322834646
21
0.5701687401574803
0
LINE
8
BLACK
6
CONTINUOUS
10
0.5432167322834646
20
0.5701687401574803
11
0.5410016141732283
21
0.5648209448818897
0
LINE
8
BLACK
6
CONTINUOUS
10
0.5410016141732283
20
0.5648209448818897
11
0.537785748031496
21
0.5600080708661417
0
LINE
8
BLACK
6
CONTINUOUS
10
0.537785748031496
20
0.5600080708661417
11
0.533692716535433
21
0.5559150393700787
0
LINE
8
BLACK
6
CONTINUOUS
10
0.533692716535433
20
0.5559150393700787
11
0.528879842519685
21
0.5526991732283465
0
LINE
8
BLACK
6
CONTINUOUS
10
0.528879842519685
20
0.5526991732283465
11
0.5235320472440945
21
0.5504840551181103
0
LINE
8
BLACK
6
CONTINUOUS
10
0.5235320472440945
20
0.5504840551181103
11
0.5178548425196851
21
0.5493547637795275
0
LINE
8
BLACK
6
CONTINUOUS
10
0.5178548425196851
20
0.5493547637795275
11
0.5120664173228346
21
0.5493547637795275
0
LINE
8
BLACK
6
CONTINUOUS
10
0.5120664173228346
20
0.5493547637795275
11
0.5063892125984252
21
0.5504840551181103
0
LINE
8
BLACK
6
CONTINUOUS
10
0.5063892125984252
20
0.5504840551181103
11
0.5010414173228346
21
0.5526991732283465
0
LINE
8
BLACK
6
CONTINUOUS
10
0.5010414173228346
20
0.5526991732283465
11
0.4962285433070866
21
0.5559150393700787
0
LINE
8
BLACK
6
CONTINUOUS
10
0.4962285433070866
20
0.5559150393700787
11
0.4921355118110236
21
0.5600080708661417
0
LINE
8
BLACK
6
CONTINUOUS
10
0.4921355118110236
20
0.5600080708661417
11
0.4889196456692913
21
0.5648209448818897
0
LINE
8
BLACK
6
CONTINUOUS
10
0.4889196456692913
20
0.5648209448818897
11
0.4867045275590551
21
0.5701687401574803
0
LINE
8
BLACK
6
CONTINUOUS
10
0.4867045275590551
20
0.5701687401574803
11
0.4855752362204724
21
0.5758459448818898
0
LINE
8
BLACK
6
CONTINUOUS
10
0.4855752362204724
20
0.5758459448818898
11
0.4855752362204724
21
0.5816343700787402
0
LINE
8
BLACK
6
CONTINUOUS
10
0.4855752362204724
20
0.5816343700787402
11
0.4867045275590551
21
0.5873115748031495
0
LINE
8
BLACK
6
CONTINUOUS
10
0.4867045275590551
20
0.5873115748031495
11
0.4889196456692913
21
0.5926593700787401
0
LINE
8
BLACK
6
CONTINUOUS
10
0.4889196456692913
20
0.5926593700787401
11
0.4921355118110236
21
0.5974722440944882
0
LINE
8
BLACK
6
CONTINUOUS
10
0.4921355118110236
20
0.5974722440944882
11
0.4962285433070866
21
0.6015652755905512
0
LINE
8
BLACK
6
CONTINUOUS
10
0.4962285433070866
20
0.6015652755905512
11
0.5010414173228346
21
0.6047811417322835
0
LINE
8
BLACK
6
CONTINUOUS
10
0.5010414173228346
20
0.6047811417322835
11
0.5063892125984252
21
0.6069962598425197
0
LINE
8
BLACK
6
CONTINUOUS
10
0.5063892125984252
20
0.6069962598425197
11
0.5120664173228346
21
0.6081255511811023
0
LINE
8
BLACK
6
CONTINUOUS
10
0.5120664173228346
20
0.6081255511811023
11
0.5178548425196851
21
0.6081255511811023
0
LINE
8
BLACK
6
CONTINUOUS
10
0.5178548425196851
20
0.6081255511811023
11
0.5235320472440945
21
0.6069962598425197
0
LINE
8
BLACK
6
CONTINUOUS
10
0.6136895275590551
20
0.6069962598425197
11
0.6190373228346456
21
0.6047811417322835
0
LINE
8
BLACK
6
CONTINUOUS
10
0.6190373228346456
20
0.6047811417322835
11
0.6238501968503937
21
0.6015652755905512
0
LINE
8
BLACK
6
CONTINUOUS
10
0.6238501968503937
20
0.6015652755905512
11
0.6279432283464567
21
0.5974722440944882
0
LINE
8
BLACK
6
CONTINUOUS
10
0.6279432283464567
20
0.5974722440944882
11
0.631159094488189
21
0.5926593700787401
0
LINE
8
BLACK
6
CONTINUOUS
10
0.631159094488189
20
0.5926593700787401
11
0.6333742125984252
21
0.5873115748031495
0
LINE
8
BLACK
6
CONTINUOUS
10
0.6333742125984252
20
0.5873115748031495
11
0.6345035039370078
21
0.5816343700787402
0
LINE
8
BLACK
6
CONTINUOUS
10
0.6345035039370078
20
0.5816343700787402
11
0.6345035039370078
21
0.5758459448818898
0
LINE
8
BLACK
6
CONTINUOUS
10
0.6345035039370078
20
0.5758459448818898
11
0.6333742125984252
21
0.5701687401574803
0
LINE
8
BLACK
6
CONTINUOUS
10
0.6333742125984252
20
0.5701687401574803
11
0.631159094488189
21
0.5648209448818897
0
LINE
8
BLACK
6
CONTINUOUS
10
0.631159094488189
20
0.5648209448818897
11
0.6279432283464567
21
0.5600080708661417
0
LINE
8
BLACK
6
CONTINUOUS
10
0.6279432283464567
20
0.5600080708661417
11
0.6238501968503937
21
0.5559150393700787
0
LINE
8
BLACK
6
CONTINUOUS
10
0.6238501968503937
20
0.5559150393700787
11
0.6190373228346456
21
0.5526991732283465
0
LINE
8
BLACK
6
CONTINUOUS
10
0.6190373228346456
20
0.5526991732283465
11
0.6136895275590551
21
0.5504840551181103
0
LINE
8
BLACK
6
CONTINUOUS
10
0.6136895275590551
20
0.5504840551181103
11
0.6080123228346457
21
0.5493547637795275
0
LINE
8
BLACK
6
CONTINUOUS
10
0.6080123228346457
20
0.5493547637795275
11
0.6022238976377953
21
0.5493547637795275
0
LINE
8
BLACK
6
CONTINUOUS
10
0.6022238976377953
20
0.5493547637795275
11
0.5965466929133858
21
0.5504840551181103
0
LINE
8
BLACK
6
CONTINUOUS
10
0.5965466929133858
20
0.5504840551181103
11
0.5911988976377953
21
0.5526991732283465
0
LINE
8
BLACK
6
CONTINUOUS
10
0.5911988976377953
20
0.5526991732283465
11
0.5863860236220473
21
0.5559150393700787
0
LINE
8
BLACK
6
CONTINUOUS
10
0.5863860236220473
20
0.5559150393700787
11
0.5822929921259843
21
0.5600080708661417
0
LINE
8
BLACK
6
CONTINUOUS
10
0.5822929921259843
20
0.5600080708661417
11
0.579077125984252
21
0.5648209448818897
0
LINE
8
BLACK
6
CONTINUOUS
10
0.579077125984252
20
0.5648209448818897
11
0.5768620078740158
21
0.5701687401574803
0
LINE
8
BLACK
6
CONTINUOUS
10
0.5768620078740158
20
0.5701687401574803
11
0.575732716535433
21
0.5758459448818898
0
LINE
8
BLACK
6
CONTINUOUS
10
0.575732716535433
20
0.5758459448818898
11
0.575732716535433
21
0.5816343700787402
0
LINE
8
BLACK
6
CONTINUOUS
10
0.575732716535433
20
0.5816343700787402
11
0.5768620078740158
21
0.5873115748031495
0
LINE
8
BLACK
6
CONTINUOUS
10
0.5768620078740158
20
0.5873115748031495
11
0.579077125984252
21
0.5926593700787401
0
LINE
8
BLACK
6
CONTINUOUS
10
0.579077125984252
20
0.5926593700787401
11
0.5822929921259843
21
0.5974722440944882
0
LINE
8
BLACK
6
CONTINUOUS
10
0.5822929921259843
20
0.5974722440944882
11
0.5863860236220473
21
0.6015652755905512
0
LINE
8
BLACK
6
CONTINUOUS
10
0.5863860236220473
20
0.6015652755905512
11
0.5911988976377953
21
0.6047811417322835
0
LINE
8
BLACK
6
CONTINUOUS
10
0.5911988976377953
20
0.6047811417322835
11
0.5965466929133858
21
0.6069962598425197
0
LINE
8
BLACK
6
CONTINUOUS
10
0.5965466929133858
20
0.6069962598425197
11
0.6022238976377953
21
0.6081255511811023
0
LINE
8
BLACK
6
CONTINUOUS
10
0.6022238976377953
20
0.6081255511811023
11
0.6080123228346457
21
0.6081255511811023
0
LINE
8
BLACK
6
CONTINUOUS
10
0.6080123228346457
20
0.6081255511811023
11
0.6136895275590551
21
0.6069962598425197
0
LINE
8
BLACK
6
CONTINUOUS
10
0.9735320472440945
20
0.6069962598425197
11
0.978879842519685
21
0.6047811417322835
0
LINE
8
BLACK
6
CONTINUOUS
10
0.978879842519685
20
0.6047811417322835
11
0.983692716535433
21
0.6015652755905512
0
LINE
8
BLACK
6
CONTINUOUS
10
0.983692716535433
20
0.6015652755905512
11
0.987785748031496
21
0.5974722440944882
0
LINE
8
BLACK
6
CONTINUOUS
10
0.987785748031496
20
0.5974722440944882
11
0.9910016141732283
21
0.5926593700787401
0
LINE
8
BLACK
6
CONTINUOUS
10
0.9910016141732283
20
0.5926593700787401
11
0.9932167322834645
21
0.5873115748031495
0
LINE
8
BLACK
6
CONTINUOUS
10
0.9932167322834645
20
0.5873115748031495
11
0.9943460236220473
21
0.5816343700787402
0
LINE
8
BLACK
6
CONTINUOUS
10
0.9943460236220473
20
0.5816343700787402
11
0.9943460236220473
21
0.5758459448818898
0
LINE
8
BLACK
6
CONTINUOUS
10
0.9943460236220473
20
0.5758459448818898
11
0.9932167322834645
21
0.5701687401574803
0
LINE
8
BLACK
6
CONTINUOUS
10
0.9932167322834645
20
0.5701687401574803
11
0.9910016141732283
21
0.5648209448818897
0
LINE
8
BLACK
6
CONTINUOUS
10
0.9910016141732283
20
0.5648209448818897
11
0.987785748031496
21
0.5600080708661417
0
LINE
8
BLACK
6
CONTINUOUS
10
0.987785748031496
20
0.5600080708661417
11
0.983692716535433
21
0.5559150393700787
0
LINE
8
BLACK
6
CONTINUOUS
10
0.983692716535433
20
0.5559150393700787
11
0.978879842519685
21
0.5526991732283465
0
LINE
8
BLACK
6
CONTINUOUS
10
0.978879842519685
20
0.5526991732283465
11
0.9735320472440945
21
0.5504840551181103
0
LINE
8
BLACK
6
CONTINUOUS
10
0.9735320472440945
20
0.5504840551181103
11
0.967854842519685
21
0.5493547637795275
0
LINE
8
BLACK
6
CONTINUOUS
10
0.967854842519685
20
0.5493547637795275
11
0.9620664173228346
21
0.5493547637795275
0
LINE
8
BLACK
6
CONTINUOUS
10
0.9620664173228346
20
0.5493547637795275
11
0.9563892125984251
21
0.5504840551181103
0
LINE
8
BLACK
6
CONTINUOUS
10
0.9563892125984251
20
0.5504840551181103
11
0.9510414173228346
21
0.5526991732283465
0
LINE
8
BLACK
6
CONTINUOUS
10
0.9510414173228346
20
0.5526991732283465
11
0.9462285433070866
21
0.5559150393700787
0
LINE
8
BLACK
6
CONTINUOUS
10
0.9462285433070866
20
0.5559150393700787
11
0.9421355118110236
21
0.5600080708661417
0
LINE
8
BLACK
6
CONTINUOUS
10
0.9421355118110236
20
0.5600080708661417
11
0.9389196456692913
21
0.5648209448818897
0
LINE
8
BLACK
6
CONTINUOUS
10
0.9389196456692913
20
0.5648209448818897
11
0.9367045275590551
21
0.5701687401574803
0
LINE
8
BLACK
6
CONTINUOUS
10
0.9367045275590551
20
0.5701687401574803
11
0.9355752362204725
21
0.5758459448818898
0
LINE
8
BLACK
6
CONTINUOUS
10
0.9355752362204725
20
0.5758459448818898
11
0.9355752362204725
21
0.5816343700787402
0
LINE
8
BLACK
6
CONTINUOUS
10
0.9355752362204725
20
0.5816343700787402
11
0.9367045275590551
21
0.5873115748031495
0
LINE
8
BLACK
6
CONTINUOUS
10
0.9367045275590551
20
0.5873115748031495
11
0.9389196456692913
21
0.5926593700787401
0
LINE
8
BLACK
6
CONTINUOUS
10
0.9389196456692913
20
0.5926593700787401
11
0.9421355118110236
21
0.5974722440944882
0
LINE
8
BLACK
6
CONTINUOUS
10
0.9421355118110236
20
0.5974722440944882
11
0.9462285433070866
21
0.6015652755905512
0
LINE
8
BLACK
6
CONTINUOUS
10
0.9462285433070866
20
0.6015652755905512
11
0.9510414173228346
21
0.6047811417322835
0
LINE
8
BLACK
6
CONTINUOUS
10
0.9510414173228346
20
0.6047811417322835
11
0.9563892125984251
21
0.6069962598425197
0
LINE
8
BLACK
6
CONTINUOUS
10
0.9563892125984251
20
0.6069962598425197
11
0.9620664173228346
21
0.6081255511811023
0
LINE
8
BLACK
6
CONTINUOUS
10
0.9620664173228346
20
0.6081255511811023
11
0.967854842519685
21
0.6081255511811023
0
LINE
8
BLACK
6
CONTINUOUS
10
0.967854842519685
20
0.6081255511811023
11
0.9735320472440945
21
0.6069962598425197
0
LINE
8
BLACK
6
CONTINUOUS
10
1.063689527559055
20
0.6069962598425197
11
1.0690373228346457
21
0.6047811417322835
0
LINE
8
BLACK
6
CONTINUOUS
10
1.0690373228346457
20
0.6047811417322835
11
1.0738501968503937
21
0.6015652755905512
0
LINE
8
BLACK
6
CONTINUOUS
10
1.0738501968503937
20
0.6015652755905512
11
1.0779432283464567
21
0.5974722440944882
0
LINE
8
BLACK
6
CONTINUOUS
10
1.0779432283464567
20
0.5974722440944882
11
1.081159094488189
21
0.5926593700787401
0
LINE
8
BLACK
6
CONTINUOUS
10
1.081159094488189
20
0.5926593700787401
11
1.0833742125984251
21
0.5873115748031495
0
LINE
8
BLACK
6
CONTINUOUS
10
1.0833742125984251
20
0.5873115748031495
11
1.0845035039370079
21
0.5816343700787402
0
LINE
8
BLACK
6
CONTINUOUS
10
1.0845035039370079
20
0.5816343700787402
11
1.0845035039370079
21
0.5758459448818898
0
LINE
8
BLACK
6
CONTINUOUS
10
1.0845035039370079
20
0.5758459448818898
11
1.0833742125984251
21
0.5701687401574803
0
LINE
8
BLACK
6
CONTINUOUS
10
1.0833742125984251
20
0.5701687401574803
11
1.081159094488189
21
0.5648209448818897
0
LINE
8
BLACK
6
CONTINUOUS
10
1.081159094488189
20
0.5648209448818897
11
1.0779432283464567
21
0.5600080708661417
0
LINE
8
BLACK
6
CONTINUOUS
10
1.0779432283464567
20
0.5600080708661417
11
1.0738501968503937
21
0.5559150393700787
0
LINE
8
BLACK
6
CONTINUOUS
10
1.0738501968503937
20
0.5559150393700787
11
1.0690373228346457
21
0.5526991732283465
0
LINE
8
BLACK
6
CONTINUOUS
10
1.0690373228346457
20
0.5526991732283465
11
1.063689527559055
21
0.5504840551181103
0
LINE
8
BLACK
6
CONTINUOUS
10
1.063689527559055
20
0.5504840551181103
11
1.0580123228346456
21
0.5493547637795275
0
LINE
8
BLACK
6
CONTINUOUS
10
1.0580123228346456
20
0.5493547637795275
11
1.0522238976377953
21
0.5493547637795275
0
LINE
8
BLACK
6
CONTINUOUS
10
1.0522238976377953
20
0.5493547637795275
11
1.0465466929133858
21
0.5504840551181103
0
LINE
8
BLACK
6
CONTINUOUS
10
1.0465466929133858
20
0.5504840551181103
11
1.0411988976377953
21
0.5526991732283465
0
LINE
8
BLACK
6
CONTINUOUS
10
1.0411988976377953
20
0.5526991732283465
11
1.0363860236220472
21
0.5559150393700787
0
LINE
8
BLACK
6
CONTINUOUS
10
1.0363860236220472
20
0.5559150393700787
11
1.0322929921259842
21
0.5600080708661417
0
LINE
8
BLACK
6
CONTINUOUS
10
1.0322929921259842
20
0.5600080708661417
11
1.0290771259842519
21
0.5648209448818897
0
LINE
8
BLACK
6
CONTINUOUS
10
1.0290771259842519
20
0.5648209448818897
11
1.0268620078740158
21
0.5701687401574803
0
LINE
8
BLACK
6
CONTINUOUS
10
1.0268620078740158
20
0.5701687401574803
11
1.0257327165354331
21
0.5758459448818898
0
LINE
8
BLACK
6
CONTINUOUS
10
1.0257327165354331
20
0.5758459448818898
11
1.0257327165354331
21
0.5816343700787402
0
LINE
8
BLACK
6
CONTINUOUS
10
1.0257327165354331
20
0.5816343700787402
11
1.0268620078740158
21
0.5873115748031495
0
LINE
8
BLACK
6
CONTINUOUS
10
1.0268620078740158
20
0.5873115748031495
11
1.0290771259842519
21
0.5926593700787401
0
LINE
8
BLACK
6
CONTINUOUS
10
1.0290771259842519
20
0.5926593700787401
11
1.0322929921259842
21
0.5974722440944882
0
LINE
8
BLACK
6
CONTINUOUS
10
1.0322929921259842
20
0.5974722440944882
11
1.0363860236220472
21
0.6015652755905512
0
LINE
8
BLACK
6
CONTINUOUS
10
1.0363860236220472
20
0.6015652755905512
11
1.0411988976377953
21
0.6047811417322835
0
LINE
8
BLACK
6
CONTINUOUS
10
1.0411988976377953
20
0.6047811417322835
11
1.0465466929133858
21
0.6069962598425197
0
LINE
8
BLACK
6
CONTINUOUS
10
1.0465466929133858
20
0.6069962598425197
11
1.0522238976377953
21
0.6081255511811023
0
LINE
8
BLACK
6
CONTINUOUS
10
1.0522238976377953
20
0.6081255511811023
11
1.0580123228346456
21
0.6081255511811023
0
LINE
8
BLACK
6
CONTINUOUS
10
1.0580123228346456
20
0.6081255511811023
11
1.063689527559055
21
0.6069962598425197
0
LINE
8
BLACK
6
CONTINUOUS
10
1.6546267322834645
20
0.8270713779527559
11
1.6675396456692912
21
0.8241240944881889
0
LINE
8
BLACK
6
CONTINUOUS
10
1.6675396456692912
20
0.8241240944881889
11
1.6800413385826771
21
0.8197495669291338
0
LINE
8
BLACK
6
CONTINUOUS
10
1.6800413385826771
20
0.8197495669291338
11
1.69197468503937
21
0.8140027559055117
0
LINE
8
BLACK
6
CONTINUOUS
10
1.69197468503937
20
0.8140027559055117
11
1.7031895275590552
21
0.8069560236220472
0
LINE
8
BLACK
6
CONTINUOUS
10
1.7031895275590552
20
0.8069560236220472
11
1.7135448818897638
21
0.798697874015748
0
LINE
8
BLACK
6
CONTINUOUS
10
1.7135448818897638
20
0.798697874015748
11
1.7229104724409448
21
0.789332283464567
0
LINE
8
BLACK
6
CONTINUOUS
10
1.7229104724409448
20
0.789332283464567
11
1.731168622047244
21
0.7789769291338583
0
LINE
8
BLACK
6
CONTINUOUS
10
1.731168622047244
20
0.7789769291338583
11
1.7382153543307086
21
0.7677620866141732
0
LINE
8
BLACK
6
CONTINUOUS
10
1.7382153543307086
20
0.7677620866141732
11
1.7439621653543307
21
0.7558287401574802
0
LINE
8
BLACK
6
CONTINUOUS
10
1.7439621653543307
20
0.7558287401574802
11
1.7483366929133859
21
0.7433270472440945
0
LINE
8
BLACK
6
CONTINUOUS
10
1.7483366929133859
20
0.7433270472440945
11
1.7512839763779526
21
0.7304141338582677
0
LINE
8
BLACK
6
CONTINUOUS
10
1.7512839763779526
20
0.7304141338582677
11
1.7527669291338581
21
0.7172524015748031
0
LINE
8
BLACK
6
CONTINUOUS
10
1.7527669291338581
20
0.7172524015748031
11
1.7527669291338581
21
0.7040074409448819
0
LINE
8
BLACK
6
CONTINUOUS
10
1.7527669291338581
20
0.7040074409448819
11
1.7512839763779526
21
0.6908457086614173
0
LINE
8
BLACK
6
CONTINUOUS
10
1.7512839763779526
20
0.6908457086614173
11
1.7483366929133859
21
0.6779327952755906
0
LINE
8
BLACK
6
CONTINUOUS
10
1.7483366929133859
20
0.6779327952755906
11
1.7439621653543307
21
0.6654311023622047
0
LINE
8
BLACK
6
CONTINUOUS
10
1.7439621653543307
20
0.6654311023622047
11
1.7382153543307086
21
0.6534977559055118
0
LINE
8
BLACK
6
CONTINUOUS
10
1.7382153543307086
20
0.6534977559055118
11
1.731168622047244
21
0.6422829133858268
0
LINE
8
BLACK
6
CONTINUOUS
10
1.731168622047244
20
0.6422829133858268
11
1.7229104724409448
21
0.6319275590551181
0
LINE
8
BLACK
6
CONTINUOUS
10
1.7229104724409448
20
0.6319275590551181
11
1.7135448818897638
21
0.622561968503937
0
LINE
8
BLACK
6
CONTINUOUS
10
1.7135448818897638
20
0.622561968503937
11
1.7031895275590552
21
0.6143038188976377
0
LINE
8
BLACK
6
CONTINUOUS
10
1.7031895275590552
20
0.6143038188976377
11
1.69197468503937
21
0.6072570866141732
0
LINE
8
BLACK
6
CONTINUOUS
10
1.69197468503937
20
0.6072570866141732
11
1.6800413385826771
21
0.6015102755905511
0
LINE
8
BLACK
6
CONTINUOUS
10
1.6800413385826771
20
0.6015102755905511
11
1.6675396456692912
21
0.597135748031496
0
LINE
8
BLACK
6
CONTINUOUS
10
1.6675396456692912
20
0.597135748031496
11
1.6546267322834645
21
0.5941884645669291
0
LINE
8
BLACK
6
CONTINUOUS
10
1.6546267322834645
20
0.5941884645669291
11
1.641465
21
0.5927055118110236
0
LINE
8
BLACK
6
CONTINUOUS
10
1.641465
20
0.5927055118110236
11
1.6282200393700788
21
0.5927055118110236
0
LINE
8
BLACK
6
CONTINUOUS
10
1.6282200393700788
20
0.5927055118110236
11
1.6150583070866142
21
0.5941884645669291
0
LINE
8
BLACK
6
CONTINUOUS
10
1.6150583070866142
20
0.5941884645669291
11
1.6021453937007875
21
0.597135748031496
0
LINE
8
BLACK
6
CONTINUOUS
10
1.6021453937007875
20
0.597135748031496
11
1.5896437007874016
21
0.6015102755905511
0
LINE
8
BLACK
6
CONTINUOUS
10
1.5896437007874016
20
0.6015102755905511
11
1.5777103543307087
21
0.6072570866141732
0
LINE
8
BLACK
6
CONTINUOUS
10
1.5777103543307087
20
0.6072570866141732
11
1.5664955118110235
21
0.6143038188976377
0
LINE
8
BLACK
6
CONTINUOUS
10
1.5664955118110235
20
0.6143038188976377
11
1.5561401574803149
21
0.622561968503937
0
LINE
8
BLACK
6
CONTINUOUS
10
1.5561401574803149
20
0.622561968503937
11
1.5467745669291337
21
0.6319275590551181
0
LINE
8
BLACK
6
CONTINUOUS
10
1.5467745669291337
20
0.6319275590551181
11
1.5385164173228345
21
0.6422829133858268
0
LINE
8
BLACK
6
CONTINUOUS
10
1.5385164173228345
20
0.6422829133858268
11
1.5314696850393701
21
0.6534977559055118
0
LINE
8
BLACK
6
CONTINUOUS
10
1.5314696850393701
20
0.6534977559055118
11
1.525722874015748
21
0.6654311023622047
0
LINE
8
BLACK
6
CONTINUOUS
10
1.525722874015748
20
0.6654311023622047
11
1.5213483464566928
21
0.6779327952755906
0
LINE
8
BLACK
6
CONTINUOUS
10
1.5213483464566928
20
0.6779327952755906
11
1.5184010629921258
21
0.6908457086614173
0
LINE
8
BLACK
6
CONTINUOUS
10
1.5184010629921258
20
0.6908457086614173
11
1.5169181102362204
21
0.7040074409448819
0
LINE
8
BLACK
6
CONTINUOUS
10
1.5169181102362204
20
0.7040074409448819
11
1.5169181102362204
21
0.7172524015748031
0
LINE
8
BLACK
6
CONTINUOUS
10
1.5169181102362204
20
0.7172524015748031
11
1.5184010629921258
21
0.7304141338582677
0
LINE
8
BLACK
6
CONTINUOUS
10
1.5184010629921258
20
0.7304141338582677
11
1.5213483464566928
21
0.7433270472440945
0
LINE
8
BLACK
6
CONTINUOUS
10
1.5213483464566928
20
0.7433270472440945
11
1.525722874015748
21
0.7558287401574802
0
LINE
8
BLACK
6
CONTINUOUS
10
1.525722874015748
20
0.7558287401574802
11
1.5314696850393701
21
0.7677620866141732
0
LINE
8
BLACK
6
CONTINUOUS
10
1.5314696850393701
20
0.7677620866141732
11
1.5385164173228345
21
0.7789769291338583
0
LINE
8
BLACK
6
CONTINUOUS
10
1.5385164173228345
20
0.7789769291338583
11
1.5467745669291337
21
0.789332283464567
0
LINE
8
BLACK
6
CONTINUOUS
10
1.5467745669291337
20
0.789332283464567
11
1.5561401574803149
21
0.798697874015748
0
LINE
8
BLACK
6
CONTINUOUS
10
1.5561401574803149
20
0.798697874015748
11
1.5664955118110235
21
0.8069560236220472
0
LINE
8
BLACK
6
CONTINUOUS
10
1.5664955118110235
20
0.8069560236220472
11
1.5777103543307087
21
0.8140027559055117
0
LINE
8
BLACK
6
CONTINUOUS
10
1.5777103543307087
20
0.8140027559055117
11
1.5896437007874016
21
0.8197495669291338
0
LINE
8
BLACK
6
CONTINUOUS
10
1.5896437007874016
20
0.8197495669291338
11
1.6021453937007875
21
0.8241240944881889
0
LINE
8
BLACK
6
CONTINUOUS
10
1.6021453937007875
20
0.8241240944881889
11
1.6150583070866142
21
0.8270713779527559
0
LINE
8
BLACK
6
CONTINUOUS
10
1.6150583070866142
20
0.8270713779527559
11
1.6282200393700788
21
0.8285543307086614
0
LINE
8
BLACK
6
CONTINUOUS
10
1.6282200393700788
20
0.8285543307086614
11
1.641465
21
0.8285543307086614
0
LINE
8
BLACK
6
CONTINUOUS
10
1.641465
20
0.8285543307086614
11
1.6546267322834645
21
0.8270713779527559
0
LINE
8
BLACK
6
CONTINUOUS
10
0.0942041338582677
20
0.673107874015748
11
0.1013345275590551
21
0.6701543700787401
0
LINE
8
BLACK
6
CONTINUOUS
10
0.1013345275590551
20
0.6701543700787401
11
0.1077516929133858
21
0.6658665354330708
0
LINE
8
BLACK
6
CONTINUOUS
10
0.1077516929133858
20
0.6658665354330708
11
0.1132090551181102
21
0.6604091732283465
0
LINE
8
BLACK
6
CONTINUOUS
10
0.1132090551181102
20
0.6604091732283465
11
0.1174968897637795
21
0.6539920078740157
0
LINE
8
BLACK
6
CONTINUOUS
10
0.1174968897637795
20
0.6539920078740157
11
0.1204503937007874
21
0.6468616141732283
0
LINE
8
BLACK
6
CONTINUOUS
10
0.1204503937007874
20
0.6468616141732283
11
0.1219561023622047
21
0.6392920078740157
0
LINE
8
BLACK
6
CONTINUOUS
10
0.1219561023622047
20
0.6392920078740157
11
0.1219561023622047
21
0.6315741338582677
0
LINE
8
BLACK
6
CONTINUOUS
10
0.1219561023622047
20
0.6315741338582677
11
0.1204503937007874
21
0.6240045275590551
0
LINE
8
BLACK
6
CONTINUOUS
10
0.1204503937007874
20
0.6240045275590551
11
0.1174968897637795
21
0.6168741338582677
0
LINE
8
BLACK
6
CONTINUOUS
10
0.1174968897637795
20
0.6168741338582677
11
0.1132090551181102
21
0.610456968503937
0
LINE
8
BLACK
6
CONTINUOUS
10
0.1132090551181102
20
0.610456968503937
11
0.1077516929133858
21
0.6049996062992126
0
LINE
8
BLACK
6
CONTINUOUS
10
0.1077516929133858
20
0.6049996062992126
11
0.1013345275590551
21
0.6007117716535433
0
LINE
8
BLACK
6
CONTINUOUS
10
0.1013345275590551
20
0.6007117716535433
11
0.0942041338582677
21
0.5977582677165354
0
LINE
8
BLACK
6
CONTINUOUS
10
0.0942041338582677
20
0.5977582677165354
11
0.0866345275590551
21
0.5962525590551181
0
LINE
8
BLACK
6
CONTINUOUS
10
0.0866345275590551
20
0.5962525590551181
11
0.0789166535433071
21
0.5962525590551181
0
LINE
8
BLACK
6
CONTINUOUS
10
0.0789166535433071
20
0.5962525590551181
11
0.0713470472440945
21
0.5977582677165354
0
LINE
8
BLACK
6
CONTINUOUS
10
0.0713470472440945
20
0.5977582677165354
11
0.0642166535433071
21
0.6007117716535433
0
LINE
8
BLACK
6
CONTINUOUS
10
0.0642166535433071
20
0.6007117716535433
11
0.0577994881889764
21
0.6049996062992126
0
LINE
8
BLACK
6
CONTINUOUS
10
0.0577994881889764
20
0.6049996062992126
11
0.052342125984252
21
0.610456968503937
0
LINE
8
BLACK
6
CONTINUOUS
10
0.052342125984252
20
0.610456968503937
11
0.0480542913385827
21
0.6168741338582677
0
LINE
8
BLACK
6
CONTINUOUS
10
0.0480542913385827
20
0.6168741338582677
11
0.0451007874015748
21
0.6240045275590551
0
LINE
8
BLACK
6
CONTINUOUS
10
0.0451007874015748
20
0.6240045275590551
11
0.0435950787401575
21
0.6315741338582677
0
LINE
8
BLACK
6
CONTINUOUS
10
0.0435950787401575
20
0.6315741338582677
11
0.0435950787401575
21
0.6392920078740157
0
LINE
8
BLACK
6
CONTINUOUS
10
0.0435950787401575
20
0.6392920078740157
11
0.0451007874015748
21
0.6468616141732283
0
LINE
8
BLACK
6
CONTINUOUS
10
0.0451007874015748
20
0.6468616141732283
11
0.0480542913385827
21
0.6539920078740157
0
LINE
8
BLACK
6
CONTINUOUS
10
0.0480542913385827
20
0.6539920078740157
11
0.052342125984252
21
0.6604091732283465
0
LINE
8
BLACK
6
CONTINUOUS
10
0.052342125984252
20
0.6604091732283465
11
0.0577994881889764
21
0.6658665354330708
0
LINE
8
BLACK
6
CONTINUOUS
10
0.0577994881889764
20
0.6658665354330708
11
0.0642166535433071
21
0.6701543700787401
0
LINE
8
BLACK
6
CONTINUOUS
10
0.0642166535433071
20
0.6701543700787401
11
0.0713470472440945
21
0.673107874015748
0
LINE
8
BLACK
6
CONTINUOUS
10
0.0713470472440945
20
0.673107874015748
11
0.0789166535433071
21
0.6746135826771653
0
LINE
8
BLACK
6
CONTINUOUS
10
0.0789166535433071
20
0.6746135826771653
11
0.0866345275590551
21
0.6746135826771653
0
LINE
8
BLACK
6
CONTINUOUS
10
0.0866345275590551
20
0.6746135826771653
11
0.0942041338582677
21
0.673107874015748
0
LINE
8
BLACK
6
CONTINUOUS
10
-0.7057958661417323
20
0.7731078346456692
11
-0.6986654724409449
21
0.7701543307086613
0
LINE
8
BLACK
6
CONTINUOUS
10
-0.6986654724409449
20
0.7701543307086613
11
-0.6922483070866141
21
0.7658664960629921
0
LINE
8
BLACK
6
CONTINUOUS
10
-0.6922483070866141
20
0.7658664960629921
11
-0.6867909448818897
21
0.7604091338582677
0
LINE
8
BLACK
6
CONTINUOUS
10
-0.6867909448818897
20
0.7604091338582677
11
-0.6825031102362205
21
0.753991968503937
0
LINE
8
BLACK
6
CONTINUOUS
10
-0.6825031102362205
20
0.753991968503937
11
-0.6795496062992126
21
0.7468615748031496
0
LINE
8
BLACK
6
CONTINUOUS
10
-0.6795496062992126
20
0.7468615748031496
11
-0.6780438976377953
21
0.739291968503937
0
LINE
8
BLACK
6
CONTINUOUS
10
-0.6780438976377953
20
0.739291968503937
11
-0.6780438976377953
21
0.731574094488189
0
LINE
8
BLACK
6
CONTINUOUS
10
-0.6780438976377953
20
0.731574094488189
11
-0.6795496062992126
21
0.7240044881889763
0
LINE
8
BLACK
6
CONTINUOUS
10
-0.6795496062992126
20
0.7240044881889763
11
-0.6825031102362205
21
0.716874094488189
0
LINE
8
BLACK
6
CONTINUOUS
10
-0.6825031102362205
20
0.716874094488189
11
-0.6867909448818897
21
0.7104569291338583
0
LINE
8
BLACK
6
CONTINUOUS
10
-0.6867909448818897
20
0.7104569291338583
11
-0.6922483070866141
21
0.7049995669291338
0
LINE
8
BLACK
6
CONTINUOUS
10
-0.6922483070866141
20
0.7049995669291338
11
-0.6986654724409449
21
0.7007117322834645
0
LINE
8
BLACK
6
CONTINUOUS
10
-0.6986654724409449
20
0.7007117322834645
11
-0.7057958661417323
21
0.6977582283464567
0
LINE
8
BLACK
6
CONTINUOUS
10
-0.7057958661417323
20
0.6977582283464567
11
-0.7133654724409448
21
0.6962525196850393
0
LINE
8
BLACK
6
CONTINUOUS
10
-0.7133654724409448
20
0.6962525196850393
11
-0.7210833464566929
21
0.6962525196850393
0
LINE
8
BLACK
6
CONTINUOUS
10
-0.7210833464566929
20
0.6962525196850393
11
-0.7286529527559055
21
0.6977582283464567
0
LINE
8
BLACK
6
CONTINUOUS
10
-0.7286529527559055
20
0.6977582283464567
11
-0.7357833464566929
21
0.7007117322834645
0
LINE
8
BLACK
6
CONTINUOUS
10
-0.7357833464566929
20
0.7007117322834645
11
-0.7422005118110236
21
0.7049995669291338
0
LINE
8
BLACK
6
CONTINUOUS
10
-0.7422005118110236
20
0.7049995669291338
11
-0.747657874015748
21
0.7104569291338583
0
LINE
8
BLACK
6
CONTINUOUS
10
-0.747657874015748
20
0.7104569291338583
11
-0.7519457086614173
21
0.716874094488189
0
LINE
8
BLACK
6
CONTINUOUS
10
-0.7519457086614173
20
0.716874094488189
11
-0.7548992125984252
21
0.7240044881889763
0
LINE
8
BLACK
6
CONTINUOUS
10
-0.7548992125984252
20
0.7240044881889763
11
-0.7564049212598425
21
0.731574094488189
0
LINE
8
BLACK
6
CONTINUOUS
10
-0.7564049212598425
20
0.731574094488189
11
-0.7564049212598425
21
0.739291968503937
0
LINE
8
BLACK
6
CONTINUOUS
10
-0.7564049212598425
20
0.739291968503937
11
-0.7548992125984252
21
0.7468615748031496
0
LINE
8
BLACK
6
CONTINUOUS
10
-0.7548992125984252
20
0.7468615748031496
11
-0.7519457086614173
21
0.753991968503937
0
LINE
8
BLACK
6
CONTINUOUS
10
-0.7519457086614173
20
0.753991968503937
11
-0.747657874015748
21
0.7604091338582677
0
LINE
8
BLACK
6
CONTINUOUS
10
-0.747657874015748
20
0.7604091338582677
11
-0.7422005118110236
21
0.7658664960629921
0
LINE
8
BLACK
6
CONTINUOUS
10
-0.7422005118110236
20
0.7658664960629921
11
-0.7357833464566929
21
0.7701543307086613
0
LINE
8
BLACK
6
CONTINUOUS
10
-0.7357833464566929
20
0.7701543307086613
11
-0.7286529527559055
21
0.7731078346456692
0
LINE
8
BLACK
6
CONTINUOUS
10
-0.7286529527559055
20
0.7731078346456692
11
-0.7210833464566929
21
0.7746135433070866
0
LINE
8
BLACK
6
CONTINUOUS
10
-0.7210833464566929
20
0.7746135433070866
11
-0.7133654724409448
21
0.7746135433070866
0
LINE
8
BLACK
6
CONTINUOUS
10
-0.7133654724409448
20
0.7746135433070866
11
-0.7057958661417323
21
0.7731078346456692
0
LINE
8
BLACK
6
CONTINUOUS
10
-1.1179732677165355
20
0.8371685433070866
11
-1.1103351181102361
21
0.8346867322834646
0
LINE
8
BLACK
6
CONTINUOUS
10
-1.1103351181102361
20
0.8346867322834646
11
-1.1031792125984252
21
0.8310406299212598
0
LINE
8
BLACK
6
CONTINUOUS
10
-1.1031792125984252
20
0.8310406299212598
11
-1.0966818110236221
21
0.8263199999999999
0
LINE
8
BLACK
6
CONTINUOUS
10
-1.0966818110236221
20
0.8263199999999999
11
-1.0910028346456693
21
0.8206410236220473
0
LINE
8
BLACK
6
CONTINUOUS
10
-1.0910028346456693
20
0.8206410236220473
11
-1.0862822047244094
21
0.8141436220472441
0
LINE
8
BLACK
6
CONTINUOUS
10
-1.0862822047244094
20
0.8141436220472441
11
-1.0826361023622046
21
0.806987716535433
0
LINE
8
BLACK
6
CONTINUOUS
10
-1.0826361023622046
20
0.806987716535433
11
-1.0801542913385827
21
0.7993495669291338
0
LINE
8
BLACK
6
CONTINUOUS
10
-1.0801542913385827
20
0.7993495669291338
11
-1.0788979133858267
21
0.7914172047244095
0
LINE
8
BLACK
6
CONTINUOUS
10
-1.0788979133858267
20
0.7914172047244095
11
-1.0788979133858267
21
0.7833859448818897
0
LINE
8
BLACK
6
CONTINUOUS
10
-1.0788979133858267
20
0.7833859448818897
11
-1.0801542913385827
21
0.7754535826771654
0
LINE
8
BLACK
6
CONTINUOUS
10
-1.0801542913385827
20
0.7754535826771654
11
-1.0826361023622046
21
0.7678154330708661
0
LINE
8
BLACK
6
CONTINUOUS
10
-1.0826361023622046
20
0.7678154330708661
11
-1.0862822047244094
21
0.7606595275590551
0
LINE
8
BLACK
6
CONTINUOUS
10
-1.0862822047244094
20
0.7606595275590551
11
-1.0910028346456693
21
0.7541621259842519
0
LINE
8
BLACK
6
CONTINUOUS
10
-1.0910028346456693
20
0.7541621259842519
11
-1.0966818110236221
21
0.7484831496062992
0
LINE
8
BLACK
6
CONTINUOUS
10
-1.0966818110236221
20
0.7484831496062992
11
-1.1031792125984252
21
0.7437625196850394
0
LINE
8
BLACK
6
CONTINUOUS
10
-1.1031792125984252
20
0.7437625196850394
11
-1.1103351181102361
21
0.7401164173228346
0
LINE
8
BLACK
6
CONTINUOUS
10
-1.1103351181102361
20
0.7401164173228346
11
-1.1179732677165355
21
0.7376346062992126
0
LINE
8
BLACK
6
CONTINUOUS
10
-1.1179732677165355
20
0.7376346062992126
11
-1.1259056299212598
21
0.7363782283464567
0
LINE
8
BLACK
6
CONTINUOUS
10
-1.1259056299212598
20
0.7363782283464567
11
-1.1339368897637796
21
0.7363782283464567
0
LINE
8
BLACK
6
CONTINUOUS
10
-1.1339368897637796
20
0.7363782283464567
11
-1.1418692519685039
21
0.7376346062992126
0
LINE
8
BLACK
6
CONTINUOUS
10
-1.1418692519685039
20
0.7376346062992126
11
-1.149507401574803
21
0.7401164173228346
0
LINE
8
BLACK
6
CONTINUOUS
10
-1.149507401574803
20
0.7401164173228346
11
-1.1566633070866141
21
0.7437625196850394
0
LINE
8
BLACK
6
CONTINUOUS
10
-1.1566633070866141
20
0.7437625196850394
11
-1.1631607086614173
21
0.7484831496062992
0
LINE
8
BLACK
6
CONTINUOUS
10
-1.1631607086614173
20
0.7484831496062992
11
-1.1688396850393701
21
0.7541621259842519
0
LINE
8
BLACK
6
CONTINUOUS
10
-1.1688396850393701
20
0.7541621259842519
11
-1.17356031496063
21
0.7606595275590551
0
LINE
8
BLACK
6
CONTINUOUS
10
-1.17356031496063
20
0.7606595275590551
11
-1.1772064173228347
21
0.7678154330708661
0
LINE
8
BLACK
6
CONTINUOUS
10
-1.1772064173228347
20
0.7678154330708661
11
-1.1796882283464567
21
0.7754535826771654
0
LINE
8
BLACK
6
CONTINUOUS
10
-1.1796882283464567
20
0.7754535826771654
11
-1.1809446062992126
21
0.7833859448818897
0
LINE
8
BLACK
6
CONTINUOUS
10
-1.1809446062992126
20
0.7833859448818897
11
-1.1809446062992126
21
0.7914172047244095
0
LINE
8
BLACK
6
CONTINUOUS
10
-1.1809446062992126
20
0.7914172047244095
11
-1.1796882283464567
21
0.7993495669291338
0
LINE
8
BLACK
6
CONTINUOUS
10
-1.1796882283464567
20
0.7993495669291338
11
-1.1772064173228347
21
0.806987716535433
0
LINE
8
BLACK
6
CONTINUOUS
10
-1.1772064173228347
20
0.806987716535433
11
-1.17356031496063
21
0.8141436220472441
0
LINE
8
BLACK
6
CONTINUOUS
10
-1.17356031496063
20
0.8141436220472441
11
-1.1688396850393701
21
0.8206410236220473
0
LINE
8
BLACK
6
CONTINUOUS
10
-1.1688396850393701
20
0.8206410236220473
11
-1.1631607086614173
21
0.8263199999999999
0
LINE
8
BLACK
6
CONTINUOUS
10
-1.1631607086614173
20
0.8263199999999999
11
-1.1566633070866141
21
0.8310406299212598
0
LINE
8
BLACK
6
CONTINUOUS
10
-1.1566633070866141
20
0.8310406299212598
11
-1.149507401574803
21
0.8346867322834646
0
LINE
8
BLACK
6
CONTINUOUS
10
-1.149507401574803
20
0.8346867322834646
11
-1.1418692519685039
21
0.8371685433070866
0
LINE
8
BLACK
6
CONTINUOUS
10
-1.1418692519685039
20
0.8371685433070866
11
-1.1339368897637796
21
0.8384249212598425
0
LINE
8
BLACK
6
CONTINUOUS
10
-1.1339368897637796
20
0.8384249212598425
11
-1.1259056299212598
21
0.8384249212598425
0
LINE
8
BLACK
6
CONTINUOUS
10
-1.1259056299212598
20
0.8384249212598425
11
-1.1179732677165355
21
0.8371685433070866
0
LINE
8
BLACK
6
CONTINUOUS
10
-1.1179732677165355
20
0.9907118503937008
11
-1.1103351181102361
21
0.9882300393700787
0
LINE
8
BLACK
6
CONTINUOUS
10
-1.1103351181102361
20
0.9882300393700787
11
-1.1031792125984252
21
0.9845839370078739
0
LINE
8
BLACK
6
CONTINUOUS
10
-1.1031792125984252
20
0.9845839370078739
11
-1.0966818110236221
21
0.9798633070866142
0
LINE
8
BLACK
6
CONTINUOUS
10
-1.0966818110236221
20
0.9798633070866142
11
-1.0910028346456693
21
0.9741843307086614
0
LINE
8
BLACK
6
CONTINUOUS
10
-1.0910028346456693
20
0.9741843307086614
11
-1.0862822047244094
21
0.9676869291338582
0
LINE
8
BLACK
6
CONTINUOUS
10
-1.0862822047244094
20
0.9676869291338582
11
-1.0826361023622046
21
0.9605310236220472
0
LINE
8
BLACK
6
CONTINUOUS
10
-1.0826361023622046
20
0.9605310236220472
11
-1.0801542913385827
21
0.952892874015748
0
LINE
8
BLACK
6
CONTINUOUS
10
-1.0801542913385827
20
0.952892874015748
11
-1.0788979133858267
21
0.9449605118110236
0
LINE
8
BLACK
6
CONTINUOUS
10
-1.0788979133858267
20
0.9449605118110236
11
-1.0788979133858267
21
0.936929251968504
0
LINE
8
BLACK
6
CONTINUOUS
10
-1.0788979133858267
20
0.936929251968504
11
-1.0801542913385827
21
0.9289968897637795
0
LINE
8
BLACK
6
CONTINUOUS
10
-1.0801542913385827
20
0.9289968897637795
11
-1.0826361023622046
21
0.9213587401574803
0
LINE
8
BLACK
6
CONTINUOUS
10
-1.0826361023622046
20
0.9213587401574803
11
-1.0862822047244094
21
0.9142028346456693
0
LINE
8
BLACK
6
CONTINUOUS
10
-1.0862822047244094
20
0.9142028346456693
11
-1.0910028346456693
21
0.9077054330708662
0
LINE
8
BLACK
6
CONTINUOUS
10
-1.0910028346456693
20
0.9077054330708662
11
-1.0966818110236221
21
0.9020264566929134
0
LINE
8
BLACK
6
CONTINUOUS
10
-1.0966818110236221
20
0.9020264566929134
11
-1.1031792125984252
21
0.8973058267716535
0
LINE
8
BLACK
6
CONTINUOUS
10
-1.1031792125984252
20
0.8973058267716535
11
-1.1103351181102361
21
0.8936597244094489
0
LINE
8
BLACK
6
CONTINUOUS
10
-1.1103351181102361
20
0.8936597244094489
11
-1.1179732677165355
21
0.8911779133858267
0
LINE
8
BLACK
6
CONTINUOUS
10
-1.1179732677165355
20
0.8911779133858267
11
-1.1259056299212598
21
0.8899215354330708
0
LINE
8
BLACK
6
CONTINUOUS
10
-1.1259056299212598
20
0.8899215354330708
11
-1.1339368897637796
21
0.8899215354330708
0
LINE
8
BLACK
6
CONTINUOUS
10
-1.1339368897637796
20
0.8899215354330708
11
-1.1418692519685039
21
0.8911779133858267
0
LINE
8
BLACK
6
CONTINUOUS
10
-1.1418692519685039
20
0.8911779133858267
11
-1.149507401574803
21
0.8936597244094489
0
LINE
8
BLACK
6
CONTINUOUS
10
-1.149507401574803
20
0.8936597244094489
11
-1.1566633070866141
21
0.8973058267716535
0
LINE
8
BLACK
6
CONTINUOUS
10
-1.1566633070866141
20
0.8973058267716535
11
-1.1631607086614173
21
0.9020264566929134
0
LINE
8
BLACK
6
CONTINUOUS
10
-1.1631607086614173
20
0.9020264566929134
11
-1.1688396850393701
21
0.9077054330708662
0
LINE
8
BLACK
6
CONTINUOUS
10
-1.1688396850393701
20
0.9077054330708662
11
-1.17356031496063
21
0.9142028346456693
0
LINE
8
BLACK
6
CONTINUOUS
10
-1.17356031496063
20
0.9142028346456693
11
-1.1772064173228347
21
0.9213587401574803
0
LINE
8
BLACK
6
CONTINUOUS
10
-1.1772064173228347
20
0.9213587401574803
11
-1.1796882283464567
21
0.9289968897637795
0
LINE
8
BLACK
6
CONTINUOUS
10
-1.1796882283464567
20
0.9289968897637795
11
-1.1809446062992126
21
0.936929251968504
0
LINE
8
BLACK
6
CONTINUOUS
10
-1.1809446062992126
20
0.936929251968504
11
-1.1809446062992126
21
0.9449605118110236
0
LINE
8
BLACK
6
CONTINUOUS
10
-1.1809446062992126
20
0.9449605118110236
11
-1.1796882283464567
21
0.952892874015748
0
LINE
8
BLACK
6
CONTINUOUS
10
-1.1796882283464567
20
0.952892874015748
11
-1.1772064173228347
21
0.9605310236220472
0
LINE
8
BLACK
6
CONTINUOUS
10
-1.1772064173228347
20
0.9605310236220472
11
-1.17356031496063
21
0.9676869291338582
0
LINE
8
BLACK
6
CONTINUOUS
10
-1.17356031496063
20
0.9676869291338582
11
-1.1688396850393701
21
0.9741843307086614
0
LINE
8
BLACK
6
CONTINUOUS
10
-1.1688396850393701
20
0.9741843307086614
11
-1.1631607086614173
21
0.9798633070866142
0
LINE
8
BLACK
6
CONTINUOUS
10
-1.1631607086614173
20
0.9798633070866142
11
-1.1566633070866141
21
0.9845839370078739
0
LINE
8
BLACK
6
CONTINUOUS
10
-1.1566633070866141
20
0.9845839370078739
11
-1.149507401574803
21
0.9882300393700787
0
LINE
8
BLACK
6
CONTINUOUS
10
-1.149507401574803
20
0.9882300393700787
11
-1.1418692519685039
21
0.9907118503937008
0
LINE
8
BLACK
6
CONTINUOUS
10
-1.1418692519685039
20
0.9907118503937008
11
-1.1339368897637796
21
0.9919682283464567
0
LINE
8
BLACK
6
CONTINUOUS
10
-1.1339368897637796
20
0.9919682283464567
11
-1.1259056299212598
21
0.9919682283464567
0
LINE
8
BLACK
6
CONTINUOUS
10
-1.1259056299212598
20
0.9919682283464567
11
-1.1179732677165355
21
0.9907118503937008
0
LINE
8
BLACK
6
CONTINUOUS
10
-0.7057958661417323
20
1.073107874015748
11
-0.6986654724409449
21
1.0701543700787401
0
LINE
8
BLACK
6
CONTINUOUS
10
-0.6986654724409449
20
1.0701543700787401
11
-0.6922483070866141
21
1.0658665354330707
0
LINE
8
BLACK
6
CONTINUOUS
10
-0.6922483070866141
20
1.0658665354330707
11
-0.6867909448818897
21
1.0604091732283465
0
LINE
8
BLACK
6
CONTINUOUS
10
-0.6867909448818897
20
1.0604091732283465
11
-0.6825031102362205
21
1.0539920078740157
0
LINE
8
BLACK
6
CONTINUOUS
10
-0.6825031102362205
20
1.0539920078740157
11
-0.6795496062992126
21
1.0468616141732283
0
LINE
8
BLACK
6
CONTINUOUS
10
-0.6795496062992126
20
1.0468616141732283
11
-0.6780438976377953
21
1.0392920078740158
0
LINE
8
BLACK
6
CONTINUOUS
10
-0.6780438976377953
20
1.0392920078740158
11
-0.6780438976377953
21
1.0315741338582678
0
LINE
8
BLACK
6
CONTINUOUS
10
-0.6780438976377953
20
1.0315741338582678
11
-0.6795496062992126
21
1.024004527559055
0
LINE
8
BLACK
6
CONTINUOUS
10
-0.6795496062992126
20
1.024004527559055
11
-0.6825031102362205
21
1.0168741338582676
0
LINE
8
BLACK
6
CONTINUOUS
10
-0.6825031102362205
20
1.0168741338582676
11
-0.6867909448818897
21
1.0104569685039371
0
LINE
8
BLACK
6
CONTINUOUS
10
-0.6867909448818897
20
1.0104569685039371
11
-0.6922483070866141
21
1.0049996062992126
0
LINE
8
BLACK
6
CONTINUOUS
10
-0.6922483070866141
20
1.0049996062992126
11
-0.6986654724409449
21
1.0007117716535432
0
LINE
8
BLACK
6
CONTINUOUS
10
-0.6986654724409449
20
1.0007117716535432
11
-0.7057958661417323
21
0.9977582677165354
0
LINE
8
BLACK
6
CONTINUOUS
10
-0.7057958661417323
20
0.9977582677165354
11
-0.7133654724409448
21
0.9962525590551181
0
LINE
8
BLACK
6
CONTINUOUS
10
-0.7133654724409448
20
0.9962525590551181
11
-0.7210833464566929
21
0.9962525590551181
0
LINE
8
BLACK
6
CONTINUOUS
10
-0.7210833464566929
20
0.9962525590551181
11
-0.7286529527559055
21
0.9977582677165354
0
LINE
8
BLACK
6
CONTINUOUS
10
-0.7286529527559055
20
0.9977582677165354
11
-0.7357833464566929
21
1.0007117716535432
0
LINE
8
BLACK
6
CONTINUOUS
10
-0.7357833464566929
20
1.0007117716535432
11
-0.7422005118110236
21
1.0049996062992126
0
LINE
8
BLACK
6
CONTINUOUS
10
-0.7422005118110236
20
1.0049996062992126
11
-0.747657874015748
21
1.0104569685039371
0
LINE
8
BLACK
6
CONTINUOUS
10
-0.747657874015748
20
1.0104569685039371
11
-0.7519457086614173
21
1.0168741338582676
0
LINE
8
BLACK
6
CONTINUOUS
10
-0.7519457086614173
20
1.0168741338582676
11
-0.7548992125984252
21
1.024004527559055
0
LINE
8
BLACK
6
CONTINUOUS
10
-0.7548992125984252
20
1.024004527559055
11
-0.7564049212598425
21
1.0315741338582678
0
LINE
8
BLACK
6
CONTINUOUS
10
-0.7564049212598425
20
1.0315741338582678
11
-0.7564049212598425
21
1.0392920078740158
0
LINE
8
BLACK
6
CONTINUOUS
10
-0.7564049212598425
20
1.0392920078740158
11
-0.7548992125984252
21
1.0468616141732283
0
LINE
8
BLACK
6
CONTINUOUS
10
-0.7548992125984252
20
1.0468616141732283
11
-0.7519457086614173
21
1.0539920078740157
0
LINE
8
BLACK
6
CONTINUOUS
10
-0.7519457086614173
20
1.0539920078740157
11
-0.747657874015748
21
1.0604091732283465
0
LINE
8
BLACK
6
CONTINUOUS
10
-0.747657874015748
20
1.0604091732283465
11
-0.7422005118110236
21
1.0658665354330707
0
LINE
8
BLACK
6
CONTINUOUS
10
-0.7422005118110236
20
1.0658665354330707
11
-0.7357833464566929
21
1.0701543700787401
0
LINE
8
BLACK
6
CONTINUOUS
10
-0.7357833464566929
20
1.0701543700787401
11
-0.7286529527559055
21
1.073107874015748
0
LINE
8
BLACK
6
CONTINUOUS
10
-0.7286529527559055
20
1.073107874015748
11
-0.7210833464566929
21
1.0746135826771652
0
LINE
8
BLACK
6
CONTINUOUS
10
-0.7210833464566929
20
1.0746135826771652
11
-0.7133654724409448
21
1.0746135826771652
0
LINE
8
BLACK
6
CONTINUOUS
10
-0.7133654724409448
20
1.0746135826771652
11
-0.7057958661417323
21
1.073107874015748
0
LINE
8
BLACK
6
CONTINUOUS
10
0.0942041338582677
20
1.073107874015748
11
0.1013345275590551
21
1.0701543700787401
0
LINE
8
BLACK
6
CONTINUOUS
10
0.1013345275590551
20
1.0701543700787401
11
0.1077516929133858
21
1.0658665354330707
0
LINE
8
BLACK
6
CONTINUOUS
10
0.1077516929133858
20
1.0658665354330707
11
0.1132090551181102
21
1.0604091732283465
0
LINE
8
BLACK
6
CONTINUOUS
10
0.1132090551181102
20
1.0604091732283465
11
0.1174968897637795
21
1.0539920078740157
0
LINE
8
BLACK
6
CONTINUOUS
10
0.1174968897637795
20
1.0539920078740157
11
0.1204503937007874
21
1.0468616141732283
0
LINE
8
BLACK
6
CONTINUOUS
10
0.1204503937007874
20
1.0468616141732283
11
0.1219561023622047
21
1.0392920078740158
0
LINE
8
BLACK
6
CONTINUOUS
10
0.1219561023622047
20
1.0392920078740158
11
0.1219561023622047
21
1.0315741338582678
0
LINE
8
BLACK
6
CONTINUOUS
10
0.1219561023622047
20
1.0315741338582678
11
0.1204503937007874
21
1.024004527559055
0
LINE
8
BLACK
6
CONTINUOUS
10
0.1204503937007874
20
1.024004527559055
11
0.1174968897637795
21
1.0168741338582676
0
LINE
8
BLACK
6
CONTINUOUS
10
0.1174968897637795
20
1.0168741338582676
11
0.1132090551181102
21
1.0104569685039371
0
LINE
8
BLACK
6
CONTINUOUS
10
0.1132090551181102
20
1.0104569685039371
11
0.1077516929133858
21
1.0049996062992126
0
LINE
8
BLACK
6
CONTINUOUS
10
0.1077516929133858
20
1.0049996062992126
11
0.1013345275590551
21
1.0007117716535432
0
LINE
8
BLACK
6
CONTINUOUS
10
0.1013345275590551
20
1.0007117716535432
11
0.0942041338582677
21
0.9977582677165354
0
LINE
8
BLACK
6
CONTINUOUS
10
0.0942041338582677
20
0.9977582677165354
11
0.0866345275590551
21
0.9962525590551181
0
LINE
8
BLACK
6
CONTINUOUS
10
0.0866345275590551
20
0.9962525590551181
11
0.0789166535433071
21
0.9962525590551181
0
LINE
8
BLACK
6
CONTINUOUS
10
0.0789166535433071
20
0.9962525590551181
11
0.0713470472440945
21
0.9977582677165354
0
LINE
8
BLACK
6
CONTINUOUS
10
0.0713470472440945
20
0.9977582677165354
11
0.0642166535433071
21
1.0007117716535432
0
LINE
8
BLACK
6
CONTINUOUS
10
0.0642166535433071
20
1.0007117716535432
11
0.0577994881889764
21
1.0049996062992126
0
LINE
8
BLACK
6
CONTINUOUS
10
0.0577994881889764
20
1.0049996062992126
11
0.052342125984252
21
1.0104569685039371
0
LINE
8
BLACK
6
CONTINUOUS
10
0.052342125984252
20
1.0104569685039371
11
0.0480542913385827
21
1.0168741338582676
0
LINE
8
BLACK
6
CONTINUOUS
10
0.0480542913385827
20
1.0168741338582676
11
0.0451007874015748
21
1.024004527559055
0
LINE
8
BLACK
6
CONTINUOUS
10
0.0451007874015748
20
1.024004527559055
11
0.0435950787401575
21
1.0315741338582678
0
LINE
8
BLACK
6
CONTINUOUS
10
0.0435950787401575
20
1.0315741338582678
11
0.0435950787401575
21
1.0392920078740158
0
LINE
8
BLACK
6
CONTINUOUS
10
0.0435950787401575
20
1.0392920078740158
11
0.0451007874015748
21
1.0468616141732283
0
LINE
8
BLACK
6
CONTINUOUS
10
0.0451007874015748
20
1.0468616141732283
11
0.0480542913385827
21
1.0539920078740157
0
LINE
8
BLACK
6
CONTINUOUS
10
0.0480542913385827
20
1.0539920078740157
11
0.052342125984252
21
1.0604091732283465
0
LINE
8
BLACK
6
CONTINUOUS
10
0.052342125984252
20
1.0604091732283465
11
0.0577994881889764
21
1.0658665354330707
0
LINE
8
BLACK
6
CONTINUOUS
10
0.0577994881889764
20
1.0658665354330707
11
0.0642166535433071
21
1.0701543700787401
0
LINE
8
BLACK
6
CONTINUOUS
10
0.0642166535433071
20
1.0701543700787401
11
0.0713470472440945
21
1.073107874015748
0
LINE
8
BLACK
6
CONTINUOUS
10
0.0713470472440945
20
1.073107874015748
11
0.0789166535433071
21
1.0746135826771652
0
LINE
8
BLACK
6
CONTINUOUS
10
0.0789166535433071
20
1.0746135826771652
11
0.0866345275590551
21
1.0746135826771652
0
LINE
8
BLACK
6
CONTINUOUS
10
0.0866345275590551
20
1.0746135826771652
11
0.0942041338582677
21
1.073107874015748
0
LINE
8
BLACK
6
CONTINUOUS
10
0.8759842519685039
20
1.7303149606299213
11
0.8090551181102362
21
1.7303149606299213
0
LINE
8
BLACK
6
CONTINUOUS
10
0.8090551181102362
20
1.7303149606299213
11
0.8090551181102362
21
1.7972440944881889
0
LINE
8
BLACK
6
CONTINUOUS
10
0.8090551181102362
20
1.7972440944881889
11
0.8759842519685039
21
1.7972440944881889
0
LINE
8
BLACK
6
CONTINUOUS
10
0.8759842519685039
20
1.7972440944881889
11
0.8759842519685039
21
1.7303149606299213
0
LINE
8
BLACK
6
CONTINUOUS
10
0.7425984251968504
20
1.7337795275590551
11
0.6825984251968504
21
1.7337795275590551
0
LINE
8
BLACK
6
CONTINUOUS
10
0.6825984251968504
20
1.7337795275590551
11
0.6825984251968504
21
1.7937795275590551
0
LINE
8
BLACK
6
CONTINUOUS
10
0.6825984251968504
20
1.7937795275590551
11
0.7425984251968504
21
1.7937795275590551
0
LINE
8
BLACK
6
CONTINUOUS
10
0.7425984251968504
20
1.7937795275590551
11
0.7425984251968504
21
1.7337795275590551
0
LINE
8
BLACK
6
CONTINUOUS
10
0.852233937007874
20
1.8958031102362205
11
0.8582947637795275
21
1.8932926377952755
0
LINE
8
BLACK
6
CONTINUOUS
10
0.8582947637795275
20
1.8932926377952755
11
0.8637493700787401
21
1.8896479921259841
0
LINE
8
BLACK
6
CONTINUOUS
10
0.8637493700787401
20
1.8896479921259841
11
0.8683881496062992
21
1.8850092125984252
0
LINE
8
BLACK
6
CONTINUOUS
10
0.8683881496062992
20
1.8850092125984252
11
0.8720327952755905
21
1.8795546062992126
0
LINE
8
BLACK
6
CONTINUOUS
10
0.8720327952755905
20
1.8795546062992126
11
0.8745432677165355
21
1.873493779527559
0
LINE
8
BLACK
6
CONTINUOUS
10
0.8745432677165355
20
1.873493779527559
11
0.8758231102362205
21
1.8670596456692914
0
LINE
8
BLACK
6
CONTINUOUS
10
0.8758231102362205
20
1.8670596456692914
11
0.8758231102362205
21
1.8604994094488188
0
LINE
8
BLACK
6
CONTINUOUS
10
0.8758231102362205
20
1.8604994094488188
11
0.8745432677165355
21
1.8540652755905511
0
LINE
8
BLACK
6
CONTINUOUS
10
0.8745432677165355
20
1.8540652755905511
11
0.8720327952755905
21
1.8480044488188976
0
LINE
8
BLACK
6
CONTINUOUS
10
0.8720327952755905
20
1.8480044488188976
11
0.8683881496062992
21
1.8425498425196849
0
LINE
8
BLACK
6
CONTINUOUS
10
0.8683881496062992
20
1.8425498425196849
11
0.8637493700787401
21
1.837911062992126
0
LINE
8
BLACK
6
CONTINUOUS
10
0.8637493700787401
20
1.837911062992126
11
0.8582947637795275
21
1.8342664173228347
0
LINE
8
BLACK
6
CONTINUOUS
10
0.8582947637795275
20
1.8342664173228347
11
0.852233937007874
21
1.8317559448818896
0
LINE
8
BLACK
6
CONTINUOUS
10
0.852233937007874
20
1.8317559448818896
11
0.8457998031496062
21
1.8304761023622047
0
LINE
8
BLACK
6
CONTINUOUS
10
0.8457998031496062
20
1.8304761023622047
11
0.8392395669291338
21
1.8304761023622047
0
LINE
8
BLACK
6
CONTINUOUS
10
0.8392395669291338
20
1.8304761023622047
11
0.8328054330708661
21
1.8317559448818896
0
LINE
8
BLACK
6
CONTINUOUS
10
0.8328054330708661
20
1.8317559448818896
11
0.8267446062992125
21
1.8342664173228347
0
LINE
8
BLACK
6
CONTINUOUS
10
0.8267446062992125
20
1.8342664173228347
11
0.82129
21
1.837911062992126
0
LINE
8
BLACK
6
CONTINUOUS
10
0.82129
20
1.837911062992126
11
0.8166512204724409
21
1.8425498425196849
0
LINE
8
BLACK
6
CONTINUOUS
10
0.8166512204724409
20
1.8425498425196849
11
0.8130065748031496
21
1.8480044488188976
0
LINE
8
BLACK
6
CONTINUOUS
10
0.8130065748031496
20
1.8480044488188976
11
0.8104961023622047
21
1.8540652755905511
0
LINE
8
BLACK
6
CONTINUOUS
10
0.8104961023622047
20
1.8540652755905511
11
0.8092162598425197
21
1.8604994094488188
0
LINE
8
BLACK
6
CONTINUOUS
10
0.8092162598425197
20
1.8604994094488188
11
0.8092162598425197
21
1.8670596456692914
0
LINE
8
BLACK
6
CONTINUOUS
10
0.8092162598425197
20
1.8670596456692914
11
0.8104961023622047
21
1.873493779527559
0
LINE
8
BLACK
6
CONTINUOUS
10
0.8104961023622047
20
1.873493779527559
11
0.8130065748031496
21
1.8795546062992126
0
LINE
8
BLACK
6
CONTINUOUS
10
0.8130065748031496
20
1.8795546062992126
11
0.8166512204724409
21
1.8850092125984252
0
LINE
8
BLACK
6
CONTINUOUS
10
0.8166512204724409
20
1.8850092125984252
11
0.82129
21
1.8896479921259841
0
LINE
8
BLACK
6
CONTINUOUS
10
0.82129
20
1.8896479921259841
11
0.8267446062992125
21
1.8932926377952755
0
LINE
8
BLACK
6
CONTINUOUS
10
0.8267446062992125
20
1.8932926377952755
11
0.8328054330708661
21
1.8958031102362205
0
LINE
8
BLACK
6
CONTINUOUS
10
0.8328054330708661
20
1.8958031102362205
11
0.8392395669291338
21
1.8970829527559054
0
LINE
8
BLACK
6
CONTINUOUS
10
0.8392395669291338
20
1.8970829527559054
11
0.8457998031496062
21
1.8970829527559054
0
LINE
8
BLACK
6
CONTINUOUS
10
0.8457998031496062
20
1.8970829527559054
11
0.852233937007874
21
1.8958031102362205
0
LINE
8
BLACK
6
CONTINUOUS
10
0.7425984251968504
20
1.8337796062992127
11
0.6825984251968504
21
1.8337796062992127
0
LINE
8
BLACK
6
CONTINUOUS
10
0.6825984251968504
20
1.8337796062992127
11
0.6825984251968504
21
1.8937796062992125
0
LINE
8
BLACK
6
CONTINUOUS
10
0.6825984251968504
20
1.8937796062992125
11
0.7425984251968504
21
1.8937796062992125
0
LINE
8
BLACK
6
CONTINUOUS
10
0.7425984251968504
20
1.8937796062992125
11
0.7425984251968504
21
1.8337796062992127
0
LINE
8
BLACK
6
CONTINUOUS
10
0.852233937007874
20
1.9958030708661416
11
0.8582947637795275
21
1.9932925984251968
0
LINE
8
BLACK
6
CONTINUOUS
10
0.8582947637795275
20
1.9932925984251968
11
0.8637493700787401
21
1.9896479527559054
0
LINE
8
BLACK
6
CONTINUOUS
10
0.8637493700787401
20
1.9896479527559054
11
0.8683881496062992
21
1.9850091732283464
0
LINE
8
BLACK
6
CONTINUOUS
10
0.8683881496062992
20
1.9850091732283464
11
0.8720327952755905
21
1.9795545669291339
0
LINE
8
BLACK
6
CONTINUOUS
10
0.8720327952755905
20
1.9795545669291339
11
0.8745432677165355
21
1.9734937401574804
0
LINE
8
BLACK
6
CONTINUOUS
10
0.8745432677165355
20
1.9734937401574804
11
0.8758231102362205
21
1.9670596062992125
0
LINE
8
BLACK
6
CONTINUOUS
10
0.8758231102362205
20
1.9670596062992125
11
0.8758231102362205
21
1.9604993700787401
0
LINE
8
BLACK
6
CONTINUOUS
10
0.8758231102362205
20
1.9604993700787401
11
0.8745432677165355
21
1.9540652362204725
0
LINE
8
BLACK
6
CONTINUOUS
10
0.8745432677165355
20
1.9540652362204725
11
0.8720327952755905
21
1.9480044094488189
0
LINE
8
BLACK
6
CONTINUOUS
10
0.8720327952755905
20
1.9480044094488189
11
0.8683881496062992
21
1.9425498031496062
0
LINE
8
BLACK
6
CONTINUOUS
10
0.8683881496062992
20
1.9425498031496062
11
0.8637493700787401
21
1.9379110236220471
0
LINE
8
BLACK
6
CONTINUOUS
10
0.8637493700787401
20
1.9379110236220471
11
0.8582947637795275
21
1.9342663779527558
0
LINE
8
BLACK
6
CONTINUOUS
10
0.8582947637795275
20
1.9342663779527558
11
0.852233937007874
21
1.931755905511811
0
LINE
8
BLACK
6
CONTINUOUS
10
0.852233937007874
20
1.931755905511811
11
0.8457998031496062
21
1.930476062992126
0
LINE
8
BLACK
6
CONTINUOUS
10
0.8457998031496062
20
1.930476062992126
11
0.8392395669291338
21
1.930476062992126
0
LINE
8
BLACK
6
CONTINUOUS
10
0.8392395669291338
20
1.930476062992126
11
0.8328054330708661
21
1.931755905511811
0
LINE
8
BLACK
6
CONTINUOUS
10
0.8328054330708661
20
1.931755905511811
11
0.8267446062992125
21
1.9342663779527558
0
LINE
8
BLACK
6
CONTINUOUS
10
0.8267446062992125
20
1.9342663779527558
11
0.82129
21
1.9379110236220471
0
LINE
8
BLACK
6
CONTINUOUS
10
0.82129
20
1.9379110236220471
11
0.8166512204724409
21
1.9425498031496062
0
LINE
8
BLACK
6
CONTINUOUS
10
0.8166512204724409
20
1.9425498031496062
11
0.8130065748031496
21
1.9480044094488189
0
LINE
8
BLACK
6
CONTINUOUS
10
0.8130065748031496
20
1.9480044094488189
11
0.8104961023622047
21
1.9540652362204725
0
LINE
8
BLACK
6
CONTINUOUS
10
0.8104961023622047
20
1.9540652362204725
11
0.8092162598425197
21
1.9604993700787401
0
LINE
8
BLACK
6
CONTINUOUS
10
0.8092162598425197
20
1.9604993700787401
11
0.8092162598425197
21
1.9670596062992125
0
LINE
8
BLACK
6
CONTINUOUS
10
0.8092162598425197
20
1.9670596062992125
11
0.8104961023622047
21
1.9734937401574804
0
LINE
8
BLACK
6
CONTINUOUS
10
0.8104961023622047
20
1.9734937401574804
11
0.8130065748031496
21
1.9795545669291339
0
LINE
8
BLACK
6
CONTINUOUS
10
0.8130065748031496
20
1.9795545669291339
11
0.8166512204724409
21
1.9850091732283464
0
LINE
8
BLACK
6
CONTINUOUS
10
0.8166512204724409
20
1.9850091732283464
11
0.82129
21
1.9896479527559054
0
LINE
8
BLACK
6
CONTINUOUS
10
0.82129
20
1.9896479527559054
11
0.8267446062992125
21
1.9932925984251968
0
LINE
8
BLACK
6
CONTINUOUS
10
0.8267446062992125
20
1.9932925984251968
11
0.8328054330708661
21
1.9958030708661416
0
LINE
8
BLACK
6
CONTINUOUS
10
0.8328054330708661
20
1.9958030708661416
11
0.8392395669291338
21
1.9970829133858268
0
LINE
8
BLACK
6
CONTINUOUS
10
0.8392395669291338
20
1.9970829133858268
11
0.8457998031496062
21
1.9970829133858268
0
LINE
8
BLACK
6
CONTINUOUS
10
0.8457998031496062
20
1.9970829133858268
11
0.852233937007874
21
1.9958030708661416
0
LINE
8
BLACK
6
CONTINUOUS
10
-1.310758188976378
20
2.0178503543307085
11
-1.3046973622047244
21
2.0153398818897639
0
LINE
8
BLACK
6
CONTINUOUS
10
-1.3046973622047244
20
2.0153398818897639
11
-1.2992427559055117
21
2.0116952362204725
0
LINE
8
BLACK
6
CONTINUOUS
10
-1.2992427559055117
20
2.0116952362204725
11
-1.2946039763779527
21
2.0070564566929132
0
LINE
8
BLACK
6
CONTINUOUS
10
-1.2946039763779527
20
2.0070564566929132
11
-1.2909593307086613
21
2.0016018503937008
0
LINE
8
BLACK
6
CONTINUOUS
10
-1.2909593307086613
20
2.0016018503937008
11
-1.2884488582677165
21
1.9955410236220472
0
LINE
8
BLACK
6
CONTINUOUS
10
-1.2884488582677165
20
1.9955410236220472
11
-1.2871690157480316
21
1.9891068897637796
0
LINE
8
BLACK
6
CONTINUOUS
10
-1.2871690157480316
20
1.9891068897637796
11
-1.2871690157480316
21
1.9825466535433069
0
LINE
8
BLACK
6
CONTINUOUS
10
-1.2871690157480316
20
1.9825466535433069
11
-1.2884488582677165
21
1.9761125196850393
0
LINE
8
BLACK
6
CONTINUOUS
10
-1.2884488582677165
20
1.9761125196850393
11
-1.2909593307086613
21
1.9700516929133858
0
LINE
8
BLACK
6
CONTINUOUS
10
-1.2909593307086613
20
1.9700516929133858
11
-1.2946039763779527
21
1.9645970866141731
0
LINE
8
BLACK
6
CONTINUOUS
10
-1.2946039763779527
20
1.9645970866141731
11
-1.2992427559055117
21
1.9599583070866142
0
LINE
8
BLACK
6
CONTINUOUS
10
-1.2992427559055117
20
1.9599583070866142
11
-1.3046973622047244
21
1.9563136614173229
0
LINE
8
BLACK
6
CONTINUOUS
10
-1.3046973622047244
20
1.9563136614173229
11
-1.310758188976378
21
1.9538031889763778
0
LINE
8
BLACK
6
CONTINUOUS
10
-1.310758188976378
20
1.9538031889763778
11
-1.3171923228346456
21
1.9525233464566929
0
LINE
8
BLACK
6
CONTINUOUS
10
-1.3171923228346456
20
1.9525233464566929
11
-1.323752559055118
21
1.9525233464566929
0
LINE
8
BLACK
6
CONTINUOUS
10
-1.323752559055118
20
1.9525233464566929
11
-1.3301866929133859
21
1.9538031889763778
0
LINE
8
BLACK
6
CONTINUOUS
10
-1.3301866929133859
20
1.9538031889763778
11
-1.3362475196850394
21
1.9563136614173229
0
LINE
8
BLACK
6
CONTINUOUS
10
-1.3362475196850394
20
1.9563136614173229
11
-1.3417021259842519
21
1.9599583070866142
0
LINE
8
BLACK
6
CONTINUOUS
10
-1.3417021259842519
20
1.9599583070866142
11
-1.346340905511811
21
1.9645970866141731
0
LINE
8
BLACK
6
CONTINUOUS
10
-1.346340905511811
20
1.9645970866141731
11
-1.3499855511811023
21
1.9700516929133858
0
LINE
8
BLACK
6
CONTINUOUS
10
-1.3499855511811023
20
1.9700516929133858
11
-1.3524960236220471
21
1.9761125196850393
0
LINE
8
BLACK
6
CONTINUOUS
10
-1.3524960236220471
20
1.9761125196850393
11
-1.3537758661417323
21
1.9825466535433069
0
LINE
8
BLACK
6
CONTINUOUS
10
-1.3537758661417323
20
1.9825466535433069
11
-1.3537758661417323
21
1.9891068897637796
0
LINE
8
BLACK
6
CONTINUOUS
10
-1.3537758661417323
20
1.9891068897637796
11
-1.3524960236220471
21
1.9955410236220472
0
LINE
8
BLACK
6
CONTINUOUS
10
-1.3524960236220471
20
1.9955410236220472
11
-1.3499855511811023
21
2.0016018503937008
0
LINE
8
BLACK
6
CONTINUOUS
10
-1.3499855511811023
20
2.0016018503937008
11
-1.346340905511811
21
2.0070564566929132
0
LINE
8
BLACK
6
CONTINUOUS
10
-1.346340905511811
20
2.0070564566929132
11
-1.3417021259842519
21
2.0116952362204725
0
LINE
8
BLACK
6
CONTINUOUS
10
-1.3417021259842519
20
2.0116952362204725
11
-1.3362475196850394
21
2.0153398818897639
0
LINE
8
BLACK
6
CONTINUOUS
10
-1.3362475196850394
20
2.0153398818897639
11
-1.3301866929133859
21
2.0178503543307085
0
LINE
8
BLACK
6
CONTINUOUS
10
-1.3301866929133859
20
2.0178503543307085
11
-1.323752559055118
21
2.0191301968503939
0
LINE
8
BLACK
6
CONTINUOUS
10
-1.323752559055118
20
2.0191301968503939
11
-1.3171923228346456
21
2.0191301968503939
0
LINE
8
BLACK
6
CONTINUOUS
10
-1.3171923228346456
20
2.0191301968503939
11
-1.310758188976378
21
2.0178503543307085
0
LINE
8
BLACK
6
CONTINUOUS
10
-1.2107581889763779
20
2.0178503543307085
11
-1.2046973622047243
21
2.0153398818897639
0
LINE
8
BLACK
6
CONTINUOUS
10
-1.2046973622047243
20
2.0153398818897639
11
-1.1992427559055119
21
2.0116952362204725
0
LINE
8
BLACK
6
CONTINUOUS
10
-1.1992427559055119
20
2.0116952362204725
11
-1.1946039763779528
21
2.0070564566929132
0
LINE
8
BLACK
6
CONTINUOUS
10
-1.1946039763779528
20
2.0070564566929132
11
-1.1909593307086614
21
2.0016018503937008
0
LINE
8
BLACK
6
CONTINUOUS
10
-1.1909593307086614
20
2.0016018503937008
11
-1.1884488582677164
21
1.9955410236220472
0
LINE
8
BLACK
6
CONTINUOUS
10
-1.1884488582677164
20
1.9955410236220472
11
-1.1871690157480315
21
1.9891068897637796
0
LINE
8
BLACK
6
CONTINUOUS
10
-1.1871690157480315
20
1.9891068897637796
11
-1.1871690157480315
21
1.9825466535433069
0
LINE
8
BLACK
6
CONTINUOUS
10
-1.1871690157480315
20
1.9825466535433069
11
-1.1884488582677164
21
1.9761125196850393
0
LINE
8
BLACK
6
CONTINUOUS
10
-1.1884488582677164
20
1.9761125196850393
11
-1.1909593307086614
21
1.9700516929133858
0
LINE
8
BLACK
6
CONTINUOUS
10
-1.1909593307086614
20
1.9700516929133858
11
-1.1946039763779528
21
1.9645970866141731
0
LINE
8
BLACK
6
CONTINUOUS
10
-1.1946039763779528
20
1.9645970866141731
11
-1.1992427559055119
21
1.9599583070866142
0
LINE
8
BLACK
6
CONTINUOUS
10
-1.1992427559055119
20
1.9599583070866142
11
-1.2046973622047243
21
1.9563136614173229
0
LINE
8
BLACK
6
CONTINUOUS
10
-1.2046973622047243
20
1.9563136614173229
11
-1.2107581889763779
21
1.9538031889763778
0
LINE
8
BLACK
6
CONTINUOUS
10
-1.2107581889763779
20
1.9538031889763778
11
-1.2171923228346457
21
1.9525233464566929
0
LINE
8
BLACK
6
CONTINUOUS
10
-1.2171923228346457
20
1.9525233464566929
11
-1.2237525590551181
21
1.9525233464566929
0
LINE
8
BLACK
6
CONTINUOUS
10
-1.2237525590551181
20
1.9525233464566929
11
-1.2301866929133858
21
1.9538031889763778
0
LINE
8
BLACK
6
CONTINUOUS
10
-1.2301866929133858
20
1.9538031889763778
11
-1.2362475196850393
21
1.9563136614173229
0
LINE
8
BLACK
6
CONTINUOUS
10
-1.2362475196850393
20
1.9563136614173229
11
-1.241702125984252
21
1.9599583070866142
0
LINE
8
BLACK
6
CONTINUOUS
10
-1.241702125984252
20
1.9599583070866142
11
-1.2463409055118111
21
1.9645970866141731
0
LINE
8
BLACK
6
CONTINUOUS
10
-1.2463409055118111
20
1.9645970866141731
11
-1.2499855511811024
21
1.9700516929133858
0
LINE
8
BLACK
6
CONTINUOUS
10
-1.2499855511811024
20
1.9700516929133858
11
-1.2524960236220473
21
1.9761125196850393
0
LINE
8
BLACK
6
CONTINUOUS
10
-1.2524960236220473
20
1.9761125196850393
11
-1.2537758661417322
21
1.9825466535433069
0
LINE
8
BLACK
6
CONTINUOUS
10
-1.2537758661417322
20
1.9825466535433069
11
-1.2537758661417322
21
1.9891068897637796
0
LINE
8
BLACK
6
CONTINUOUS
10
-1.2537758661417322
20
1.9891068897637796
11
-1.2524960236220473
21
1.9955410236220472
0
LINE
8
BLACK
6
CONTINUOUS
10
-1.2524960236220473
20
1.9955410236220472
11
-1.2499855511811024
21
2.0016018503937008
0
LINE
8
BLACK
6
CONTINUOUS
10
-1.2499855511811024
20
2.0016018503937008
11
-1.2463409055118111
21
2.0070564566929132
0
LINE
8
BLACK
6
CONTINUOUS
10
-1.2463409055118111
20
2.0070564566929132
11
-1.241702125984252
21
2.0116952362204725
0
LINE
8
BLACK
6
CONTINUOUS
10
-1.241702125984252
20
2.0116952362204725
11
-1.2362475196850393
21
2.0153398818897639
0
LINE
8
BLACK
6
CONTINUOUS
10
-1.2362475196850393
20
2.0153398818897639
11
-1.2301866929133858
21
2.0178503543307085
0
LINE
8
BLACK
6
CONTINUOUS
10
-1.2301866929133858
20
2.0178503543307085
11
-1.2237525590551181
21
2.0191301968503939
0
LINE
8
BLACK
6
CONTINUOUS
10
-1.2237525590551181
20
2.0191301968503939
11
-1.2171923228346457
21
2.0191301968503939
0
LINE
8
BLACK
6
CONTINUOUS
10
-1.2171923228346457
20
2.0191301968503939
11
-1.2107581889763779
21
2.0178503543307085
0
LINE
8
BLACK
6
CONTINUOUS
10
-1.310758188976378
20
2.1178503543307086
11
-1.3046973622047244
21
2.1153398818897635
0
LINE
8
BLACK
6
CONTINUOUS
10
-1.3046973622047244
20
2.1153398818897635
11
-1.2992427559055117
21
2.1116952362204722
0
LINE
8
BLACK
6
CONTINUOUS
10
-1.2992427559055117
20
2.1116952362204722
11
-1.2946039763779527
21
2.1070564566929133
0
LINE
8
BLACK
6
CONTINUOUS
10
-1.2946039763779527
20
2.1070564566929133
11
-1.2909593307086613
21
2.1016018503937008
0
LINE
8
BLACK
6
CONTINUOUS
10
-1.2909593307086613
20
2.1016018503937008
11
-1.2884488582677165
21
2.0955410236220473
0
LINE
8
BLACK
6
CONTINUOUS
10
-1.2884488582677165
20
2.0955410236220473
11
-1.2871690157480316
21
2.0891068897637797
0
LINE
8
BLACK
6
CONTINUOUS
10
-1.2871690157480316
20
2.0891068897637797
11
-1.2871690157480316
21
2.0825466535433073
0
LINE
8
BLACK
6
CONTINUOUS
10
-1.2871690157480316
20
2.0825466535433073
11
-1.2884488582677165
21
2.0761125196850392
0
LINE
8
BLACK
6
CONTINUOUS
10
-1.2884488582677165
20
2.0761125196850392
11
-1.2909593307086613
21
2.0700516929133856
0
LINE
8
BLACK
6
CONTINUOUS
10
-1.2909593307086613
20
2.0700516929133856
11
-1.2946039763779527
21
2.0645970866141732
0
LINE
8
BLACK
6
CONTINUOUS
10
-1.2946039763779527
20
2.0645970866141732
11
-1.2992427559055117
21
2.0599583070866143
0
LINE
8
BLACK
6
CONTINUOUS
10
-1.2992427559055117
20
2.0599583070866143
11
-1.3046973622047244
21
2.056313661417323
0
LINE
8
BLACK
6
CONTINUOUS
10
-1.3046973622047244
20
2.056313661417323
11
-1.310758188976378
21
2.0538031889763779
0
LINE
8
BLACK
6
CONTINUOUS
10
-1.310758188976378
20
2.0538031889763779
11
-1.3171923228346456
21
2.052523346456693
0
LINE
8
BLACK
6
CONTINUOUS
10
-1.3171923228346456
20
2.052523346456693
11
-1.323752559055118
21
2.052523346456693
0
LINE
8
BLACK
6
CONTINUOUS
10
-1.323752559055118
20
2.052523346456693
11
-1.3301866929133859
21
2.0538031889763779
0
LINE
8
BLACK
6
CONTINUOUS
10
-1.3301866929133859
20
2.0538031889763779
11
-1.3362475196850394
21
2.056313661417323
0
LINE
8
BLACK
6
CONTINUOUS
10
-1.3362475196850394
20
2.056313661417323
11
-1.3417021259842519
21
2.0599583070866143
0
LINE
8
BLACK
6
CONTINUOUS
10
-1.3417021259842519
20
2.0599583070866143
11
-1.346340905511811
21
2.0645970866141732
0
LINE
8
BLACK
6
CONTINUOUS
10
-1.346340905511811
20
2.0645970866141732
11
-1.3499855511811023
21
2.0700516929133856
0
LINE
8
BLACK
6
CONTINUOUS
10
-1.3499855511811023
20
2.0700516929133856
11
-1.3524960236220471
21
2.0761125196850392
0
LINE
8
BLACK
6
CONTINUOUS
10
-1.3524960236220471
20
2.0761125196850392
11
-1.3537758661417323
21
2.0825466535433073
0
LINE
8
BLACK
6
CONTINUOUS
10
-1.3537758661417323
20
2.0825466535433073
11
-1.3537758661417323
21
2.0891068897637797
0
LINE
8
BLACK
6
CONTINUOUS
10
-1.3537758661417323
20
2.0891068897637797
11
-1.3524960236220471
21
2.0955410236220473
0
LINE
8
BLACK
6
CONTINUOUS
10
-1.3524960236220471
20
2.0955410236220473
11
-1.3499855511811023
21
2.1016018503937008
0
LINE
8
BLACK
6
CONTINUOUS
10
-1.3499855511811023
20
2.1016018503937008
11
-1.346340905511811
21
2.1070564566929133
0
LINE
8
BLACK
6
CONTINUOUS
10
-1.346340905511811
20
2.1070564566929133
11
-1.3417021259842519
21
2.1116952362204722
0
LINE
8
BLACK
6
CONTINUOUS
10
-1.3417021259842519
20
2.1116952362204722
11
-1.3362475196850394
21
2.1153398818897635
0
LINE
8
BLACK
6
CONTINUOUS
10
-1.3362475196850394
20
2.1153398818897635
11
-1.3301866929133859
21
2.1178503543307086
0
LINE
8
BLACK
6
CONTINUOUS
10
-1.3301866929133859
20
2.1178503543307086
11
-1.323752559055118
21
2.1191301968503935
0
LINE
8
BLACK
6
CONTINUOUS
10
-1.323752559055118
20
2.1191301968503935
11
-1.3171923228346456
21
2.1191301968503935
0
LINE
8
BLACK
6
CONTINUOUS
10
-1.3171923228346456
20
2.1191301968503935
11
-1.310758188976378
21
2.1178503543307086
0
LINE
8
BLACK
6
CONTINUOUS
10
-1.2107581889763779
20
2.1178503543307086
11
-1.2046973622047243
21
2.1153398818897635
0
LINE
8
BLACK
6
CONTINUOUS
10
-1.2046973622047243
20
2.1153398818897635
11
-1.1992427559055119
21
2.1116952362204722
0
LINE
8
BLACK
6
CONTINUOUS
10
-1.1992427559055119
20
2.1116952362204722
11
-1.1946039763779528
21
2.1070564566929133
0
LINE
8
BLACK
6
CONTINUOUS
10
-1.1946039763779528
20
2.1070564566929133
11
-1.1909593307086614
21
2.1016018503937008
0
LINE
8
BLACK
6
CONTINUOUS
10
-1.1909593307086614
20
2.1016018503937008
11
-1.1884488582677164
21
2.0955410236220473
0
LINE
8
BLACK
6
CONTINUOUS
10
-1.1884488582677164
20
2.0955410236220473
11
-1.1871690157480315
21
2.0891068897637797
0
LINE
8
BLACK
6
CONTINUOUS
10
-1.1871690157480315
20
2.0891068897637797
11
-1.1871690157480315
21
2.0825466535433073
0
LINE
8
BLACK
6
CONTINUOUS
10
-1.1871690157480315
20
2.0825466535433073
11
-1.1884488582677164
21
2.0761125196850392
0
LINE
8
BLACK
6
CONTINUOUS
10
-1.1884488582677164
20
2.0761125196850392
11
-1.1909593307086614
21
2.0700516929133856
0
LINE
8
BLACK
6
CONTINUOUS
10
-1.1909593307086614
20
2.0700516929133856
11
-1.1946039763779528
21
2.0645970866141732
0
LINE
8
BLACK
6
CONTINUOUS
10
-1.1946039763779528
20
2.0645970866141732
11
-1.1992427559055119
21
2.0599583070866143
0
LINE
8
BLACK
6
CONTINUOUS
10
-1.1992427559055119
20
2.0599583070866143
11
-1.2046973622047243
21
2.056313661417323
0
LINE
8
BLACK
6
CONTINUOUS
10
-1.2046973622047243
20
2.056313661417323
11
-1.2107581889763779
21
2.0538031889763779
0
LINE
8
BLACK
6
CONTINUOUS
10
-1.2107581889763779
20
2.0538031889763779
11
-1.2171923228346457
21
2.052523346456693
0
LINE
8
BLACK
6
CONTINUOUS
10
-1.2171923228346457
20
2.052523346456693
11
-1.2237525590551181
21
2.052523346456693
0
LINE
8
BLACK
6
CONTINUOUS
10
-1.2237525590551181
20
2.052523346456693
11
-1.2301866929133858
21
2.0538031889763779
0
LINE
8
BLACK
6
CONTINUOUS
10
-1.2301866929133858
20
2.0538031889763779
11
-1.2362475196850393
21
2.056313661417323
0
LINE
8
BLACK
6
CONTINUOUS
10
-1.2362475196850393
20
2.056313661417323
11
-1.241702125984252
21
2.0599583070866143
0
LINE
8
BLACK
6
CONTINUOUS
10
-1.241702125984252
20
2.0599583070866143
11
-1.2463409055118111
21
2.0645970866141732
0
LINE
8
BLACK
6
CONTINUOUS
10
-1.2463409055118111
20
2.0645970866141732
11
-1.2499855511811024
21
2.0700516929133856
0
LINE
8
BLACK
6
CONTINUOUS
10
-1.2499855511811024
20
2.0700516929133856
11
-1.2524960236220473
21
2.0761125196850392
0
LINE
8
BLACK
6
CONTINUOUS
10
-1.2524960236220473
20
2.0761125196850392
11
-1.2537758661417322
21
2.0825466535433073
0
LINE
8
BLACK
6
CONTINUOUS
10
-1.2537758661417322
20
2.0825466535433073
11
-1.2537758661417322
21
2.0891068897637797
0
LINE
8
BLACK
6
CONTINUOUS
10
-1.2537758661417322
20
2.0891068897637797
11
-1.2524960236220473
21
2.0955410236220473
0
LINE
8
BLACK
6
CONTINUOUS
10
-1.2524960236220473
20
2.0955410236220473
11
-1.2499855511811024
21
2.1016018503937008
0
LINE
8
BLACK
6
CONTINUOUS
10
-1.2499855511811024
20
2.1016018503937008
11
-1.2463409055118111
21
2.1070564566929133
0
LINE
8
BLACK
6
CONTINUOUS
10
-1.2463409055118111
20
2.1070564566929133
11
-1.241702125984252
21
2.1116952362204722
0
LINE
8
BLACK
6
CONTINUOUS
10
-1.241702125984252
20
2.1116952362204722
11
-1.2362475196850393
21
2.1153398818897635
0
LINE
8
BLACK
6
CONTINUOUS
10
-1.2362475196850393
20
2.1153398818897635
11
-1.2301866929133858
21
2.1178503543307086
0
LINE
8
BLACK
6
CONTINUOUS
10
-1.2301866929133858
20
2.1178503543307086
11
-1.2237525590551181
21
2.1191301968503935
0
LINE
8
BLACK
6
CONTINUOUS
10
-1.2237525590551181
20
2.1191301968503935
11
-1.2171923228346457
21
2.1191301968503935
0
LINE
8
BLACK
6
CONTINUOUS
10
-1.2171923228346457
20
2.1191301968503935
11
-1.2107581889763779
21
2.1178503543307086
0
LINE
8
BLACK
6
CONTINUOUS
10
-1.310758188976378
20
2.2178503543307087
11
-1.3046973622047244
21
2.2153398818897636
0
LINE
8
BLACK
6
CONTINUOUS
10
-1.3046973622047244
20
2.2153398818897636
11
-1.2992427559055117
21
2.2116952362204723
0
LINE
8
BLACK
6
CONTINUOUS
10
-1.2992427559055117
20
2.2116952362204723
11
-1.2946039763779527
21
2.2070564566929134
0
LINE
8
BLACK
6
CONTINUOUS
10
-1.2946039763779527
20
2.2070564566929134
11
-1.2909593307086613
21
2.2016018503937009
0
LINE
8
BLACK
6
CONTINUOUS
10
-1.2909593307086613
20
2.2016018503937009
11
-1.2884488582677165
21
2.1955410236220474
0
LINE
8
BLACK
6
CONTINUOUS
10
-1.2884488582677165
20
2.1955410236220474
11
-1.2871690157480316
21
2.1891068897637793
0
LINE
8
BLACK
6
CONTINUOUS
10
-1.2871690157480316
20
2.1891068897637793
11
-1.2871690157480316
21
2.1825466535433069
0
LINE
8
BLACK
6
CONTINUOUS
10
-1.2871690157480316
20
2.1825466535433069
11
-1.2884488582677165
21
2.1761125196850393
0
LINE
8
BLACK
6
CONTINUOUS
10
-1.2884488582677165
20
2.1761125196850393
11
-1.2909593307086613
21
2.1700516929133857
0
LINE
8
BLACK
6
CONTINUOUS
10
-1.2909593307086613
20
2.1700516929133857
11
-1.2946039763779527
21
2.1645970866141733
0
LINE
8
BLACK
6
CONTINUOUS
10
-1.2946039763779527
20
2.1645970866141733
11
-1.2992427559055117
21
2.159958307086614
0
LINE
8
BLACK
6
CONTINUOUS
10
-1.2992427559055117
20
2.159958307086614
11
-1.3046973622047244
21
2.1563136614173226
0
LINE
8
BLACK
6
CONTINUOUS
10
-1.3046973622047244
20
2.1563136614173226
11
-1.310758188976378
21
2.153803188976378
0
LINE
8
BLACK
6
CONTINUOUS
10
-1.310758188976378
20
2.153803188976378
11
-1.3171923228346456
21
2.1525233464566931
0
LINE
8
BLACK
6
CONTINUOUS
10
-1.3171923228346456
20
2.1525233464566931
11
-1.323752559055118
21
2.1525233464566931
0
LINE
8
BLACK
6
CONTINUOUS
10
-1.323752559055118
20
2.1525233464566931
11
-1.3301866929133859
21
2.153803188976378
0
LINE
8
BLACK
6
CONTINUOUS
10
-1.3301866929133859
20
2.153803188976378
11
-1.3362475196850394
21
2.1563136614173226
0
LINE
8
BLACK
6
CONTINUOUS
10
-1.3362475196850394
20
2.1563136614173226
11
-1.3417021259842519
21
2.159958307086614
0
LINE
8
BLACK
6
CONTINUOUS
10
-1.3417021259842519
20
2.159958307086614
11
-1.346340905511811
21
2.1645970866141733
0
LINE
8
BLACK
6
CONTINUOUS
10
-1.346340905511811
20
2.1645970866141733
11
-1.3499855511811023
21
2.1700516929133857
0
LINE
8
BLACK
6
CONTINUOUS
10
-1.3499855511811023
20
2.1700516929133857
11
-1.3524960236220471
21
2.1761125196850393
0
LINE
8
BLACK
6
CONTINUOUS
10
-1.3524960236220471
20
2.1761125196850393
11
-1.3537758661417323
21
2.1825466535433069
0
LINE
8
BLACK
6
CONTINUOUS
10
-1.3537758661417323
20
2.1825466535433069
11
-1.3537758661417323
21
2.1891068897637793
0
LINE
8
BLACK
6
CONTINUOUS
10
-1.3537758661417323
20
2.1891068897637793
11
-1.3524960236220471
21
2.1955410236220474
0
LINE
8
BLACK
6
CONTINUOUS
10
-1.3524960236220471
20
2.1955410236220474
11
-1.3499855511811023
21
2.2016018503937009
0
LINE
8
BLACK
6
CONTINUOUS
10
-1.3499855511811023
20
2.2016018503937009
11
-1.346340905511811
21
2.2070564566929134
0
LINE
8
BLACK
6
CONTINUOUS
10
-1.346340905511811
20
2.2070564566929134
11
-1.3417021259842519
21
2.2116952362204723
0
LINE
8
BLACK
6
CONTINUOUS
10
-1.3417021259842519
20
2.2116952362204723
11
-1.3362475196850394
21
2.2153398818897636
0
LINE
8
BLACK
6
CONTINUOUS
10
-1.3362475196850394
20
2.2153398818897636
11
-1.3301866929133859
21
2.2178503543307087
0
LINE
8
BLACK
6
CONTINUOUS
10
-1.3301866929133859
20
2.2178503543307087
11
-1.323752559055118
21
2.2191301968503936
0
LINE
8
BLACK
6
CONTINUOUS
10
-1.323752559055118
20
2.2191301968503936
11
-1.3171923228346456
21
2.2191301968503936
0
LINE
8
BLACK
6
CONTINUOUS
10
-1.3171923228346456
20
2.2191301968503936
11
-1.310758188976378
21
2.2178503543307087
0
LINE
8
BLACK
6
CONTINUOUS
10
-1.2107581889763779
20
2.2178503543307087
11
-1.2046973622047243
21
2.2153398818897636
0
LINE
8
BLACK
6
CONTINUOUS
10
-1.2046973622047243
20
2.2153398818897636
11
-1.1992427559055119
21
2.2116952362204723
0
LINE
8
BLACK
6
CONTINUOUS
10
-1.1992427559055119
20
2.2116952362204723
11
-1.1946039763779528
21
2.2070564566929134
0
LINE
8
BLACK
6
CONTINUOUS
10
-1.1946039763779528
20
2.2070564566929134
11
-1.1909593307086614
21
2.2016018503937009
0
LINE
8
BLACK
6
CONTINUOUS
10
-1.1909593307086614
20
2.2016018503937009
11
-1.1884488582677164
21
2.1955410236220474
0
LINE
8
BLACK
6
CONTINUOUS
10
-1.1884488582677164
20
2.1955410236220474
11
-1.1871690157480315
21
2.1891068897637793
0
LINE
8
BLACK
6
CONTINUOUS
10
-1.1871690157480315
20
2.1891068897637793
11
-1.1871690157480315
21
2.1825466535433069
0
LINE
8
BLACK
6
CONTINUOUS
10
-1.1871690157480315
20
2.1825466535433069
11
-1.1884488582677164
21
2.1761125196850393
0
LINE
8
BLACK
6
CONTINUOUS
10
-1.1884488582677164
20
2.1761125196850393
11
-1.1909593307086614
21
2.1700516929133857
0
LINE
8
BLACK
6
CONTINUOUS
10
-1.1909593307086614
20
2.1700516929133857
11
-1.1946039763779528
21
2.1645970866141733
0
LINE
8
BLACK
6
CONTINUOUS
10
-1.1946039763779528
20
2.1645970866141733
11
-1.1992427559055119
21
2.159958307086614
0
LINE
8
BLACK
6
CONTINUOUS
10
-1.1992427559055119
20
2.159958307086614
11
-1.2046973622047243
21
2.1563136614173226
0
LINE
8
BLACK
6
CONTINUOUS
10
-1.2046973622047243
20
2.1563136614173226
11
-1.2107581889763779
21
2.153803188976378
0
LINE
8
BLACK
6
CONTINUOUS
10
-1.2107581889763779
20
2.153803188976378
11
-1.2171923228346457
21
2.1525233464566931
0
LINE
8
BLACK
6
CONTINUOUS
10
-1.2171923228346457
20
2.1525233464566931
11
-1.2237525590551181
21
2.1525233464566931
0
LINE
8
BLACK
6
CONTINUOUS
10
-1.2237525590551181
20
2.1525233464566931
11
-1.2301866929133858
21
2.153803188976378
0
LINE
8
BLACK
6
CONTINUOUS
10
-1.2301866929133858
20
2.153803188976378
11
-1.2362475196850393
21
2.1563136614173226
0
LINE
8
BLACK
6
CONTINUOUS
10
-1.2362475196850393
20
2.1563136614173226
11
-1.241702125984252
21
2.159958307086614
0
LINE
8
BLACK
6
CONTINUOUS
10
-1.241702125984252
20
2.159958307086614
11
-1.2463409055118111
21
2.1645970866141733
0
LINE
8
BLACK
6
CONTINUOUS
10
-1.2463409055118111
20
2.1645970866141733
11
-1.2499855511811024
21
2.1700516929133857
0
LINE
8
BLACK
6
CONTINUOUS
10
-1.2499855511811024
20
2.1700516929133857
11
-1.2524960236220473
21
2.1761125196850393
0
LINE
8
BLACK
6
CONTINUOUS
10
-1.2524960236220473
20
2.1761125196850393
11
-1.2537758661417322
21
2.1825466535433069
0
LINE
8
BLACK
6
CONTINUOUS
10
-1.2537758661417322
20
2.1825466535433069
11
-1.2537758661417322
21
2.1891068897637793
0
LINE
8
BLACK
6
CONTINUOUS
10
-1.2537758661417322
20
2.1891068897637793
11
-1.2524960236220473
21
2.1955410236220474
0
LINE
8
BLACK
6
CONTINUOUS
10
-1.2524960236220473
20
2.1955410236220474
11
-1.2499855511811024
21
2.2016018503937009
0
LINE
8
BLACK
6
CONTINUOUS
10
-1.2499855511811024
20
2.2016018503937009
11
-1.2463409055118111
21
2.2070564566929134
0
LINE
8
BLACK
6
CONTINUOUS
10
-1.2463409055118111
20
2.2070564566929134
11
-1.241702125984252
21
2.2116952362204723
0
LINE
8
BLACK
6
CONTINUOUS
10
-1.241702125984252
20
2.2116952362204723
11
-1.2362475196850393
21
2.2153398818897636
0
LINE
8
BLACK
6
CONTINUOUS
10
-1.2362475196850393
20
2.2153398818897636
11
-1.2301866929133858
21
2.2178503543307087
0
LINE
8
BLACK
6
CONTINUOUS
10
-1.2301866929133858
20
2.2178503543307087
11
-1.2237525590551181
21
2.2191301968503936
0
LINE
8
BLACK
6
CONTINUOUS
10
-1.2237525590551181
20
2.2191301968503936
11
-1.2171923228346457
21
2.2191301968503936
0
LINE
8
BLACK
6
CONTINUOUS
10
-1.2171923228346457
20
2.2191301968503936
11
-1.2107581889763779
21
2.2178503543307087
0
LINE
8
BLACK
6
CONTINUOUS
10
-1.310758188976378
20
2.3178503543307087
11
-1.3046973622047244
21
2.3153398818897637
0
LINE
8
BLACK
6
CONTINUOUS
10
-1.3046973622047244
20
2.3153398818897637
11
-1.2992427559055117
21
2.3116952362204723
0
LINE
8
BLACK
6
CONTINUOUS
10
-1.2992427559055117
20
2.3116952362204723
11
-1.2946039763779527
21
2.3070564566929135
0
LINE
8
BLACK
6
CONTINUOUS
10
-1.2946039763779527
20
2.3070564566929135
11
-1.2909593307086613
21
2.3016018503937006
0
LINE
8
BLACK
6
CONTINUOUS
10
-1.2909593307086613
20
2.3016018503937006
11
-1.2884488582677165
21
2.295541023622047
0
LINE
8
BLACK
6
CONTINUOUS
10
-1.2884488582677165
20
2.295541023622047
11
-1.2871690157480316
21
2.2891068897637794
0
LINE
8
BLACK
6
CONTINUOUS
10
-1.2871690157480316
20
2.2891068897637794
11
-1.2871690157480316
21
2.282546653543307
0
LINE
8
BLACK
6
CONTINUOUS
10
-1.2871690157480316
20
2.282546653543307
11
-1.2884488582677165
21
2.2761125196850394
0
LINE
8
BLACK
6
CONTINUOUS
10
-1.2884488582677165
20
2.2761125196850394
11
-1.2909593307086613
21
2.2700516929133858
0
LINE
8
BLACK
6
CONTINUOUS
10
-1.2909593307086613
20
2.2700516929133858
11
-1.2946039763779527
21
2.2645970866141734
0
LINE
8
BLACK
6
CONTINUOUS
10
-1.2946039763779527
20
2.2645970866141734
11
-1.2992427559055117
21
2.259958307086614
0
LINE
8
BLACK
6
CONTINUOUS
10
-1.2992427559055117
20
2.259958307086614
11
-1.3046973622047244
21
2.2563136614173227
0
LINE
8
BLACK
6
CONTINUOUS
10
-1.3046973622047244
20
2.2563136614173227
11
-1.310758188976378
21
2.2538031889763781
0
LINE
8
BLACK
6
CONTINUOUS
10
-1.310758188976378
20
2.2538031889763781
11
-1.3171923228346456
21
2.2525233464566927
0
LINE
8
BLACK
6
CONTINUOUS
10
-1.3171923228346456
20
2.2525233464566927
11
-1.323752559055118
21
2.2525233464566927
0
LINE
8
BLACK
6
CONTINUOUS
10
-1.323752559055118
20
2.2525233464566927
11
-1.3301866929133859
21
2.2538031889763781
0
LINE
8
BLACK
6
CONTINUOUS
10
-1.3301866929133859
20
2.2538031889763781
11
-1.3362475196850394
21
2.2563136614173227
0
LINE
8
BLACK
6
CONTINUOUS
10
-1.3362475196850394
20
2.2563136614173227
11
-1.3417021259842519
21
2.259958307086614
0
LINE
8
BLACK
6
CONTINUOUS
10
-1.3417021259842519
20
2.259958307086614
11
-1.346340905511811
21
2.2645970866141734
0
LINE
8
BLACK
6
CONTINUOUS
10
-1.346340905511811
20
2.2645970866141734
11
-1.3499855511811023
21
2.2700516929133858
0
LINE
8
BLACK
6
CONTINUOUS
10
-1.3499855511811023
20
2.2700516929133858
11
-1.3524960236220471
21
2.2761125196850394
0
LINE
8
BLACK
6
CONTINUOUS
10
-1.3524960236220471
20
2.2761125196850394
11
-1.3537758661417323
21
2.282546653543307
0
LINE
8
BLACK
6
CONTINUOUS
10
-1.3537758661417323
20
2.282546653543307
11
-1.3537758661417323
21
2.2891068897637794
0
LINE
8
BLACK
6
CONTINUOUS
10
-1.3537758661417323
20
2.2891068897637794
11
-1.3524960236220471
21
2.295541023622047
0
LINE
8
BLACK
6
CONTINUOUS
10
-1.3524960236220471
20
2.295541023622047
11
-1.3499855511811023
21
2.3016018503937006
0
LINE
8
BLACK
6
CONTINUOUS
10
-1.3499855511811023
20
2.3016018503937006
11
-1.346340905511811
21
2.3070564566929135
0
LINE
8
BLACK
6
CONTINUOUS
10
-1.346340905511811
20
2.3070564566929135
11
-1.3417021259842519
21
2.3116952362204723
0
LINE
8
BLACK
6
CONTINUOUS
10
-1.3417021259842519
20
2.3116952362204723
11
-1.3362475196850394
21
2.3153398818897637
0
LINE
8
BLACK
6
CONTINUOUS
10
-1.3362475196850394
20
2.3153398818897637
11
-1.3301866929133859
21
2.3178503543307087
0
LINE
8
BLACK
6
CONTINUOUS
10
-1.3301866929133859
20
2.3178503543307087
11
-1.323752559055118
21
2.3191301968503937
0
LINE
8
BLACK
6
CONTINUOUS
10
-1.323752559055118
20
2.3191301968503937
11
-1.3171923228346456
21
2.3191301968503937
0
LINE
8
BLACK
6
CONTINUOUS
10
-1.3171923228346456
20
2.3191301968503937
11
-1.310758188976378
21
2.3178503543307087
0
LINE
8
BLACK
6
CONTINUOUS
10
-1.2107581889763779
20
2.3178503543307087
11
-1.2046973622047243
21
2.3153398818897637
0
LINE
8
BLACK
6
CONTINUOUS
10
-1.2046973622047243
20
2.3153398818897637
11
-1.1992427559055119
21
2.3116952362204723
0
LINE
8
BLACK
6
CONTINUOUS
10
-1.1992427559055119
20
2.3116952362204723
11
-1.1946039763779528
21
2.3070564566929135
0
LINE
8
BLACK
6
CONTINUOUS
10
-1.1946039763779528
20
2.3070564566929135
11
-1.1909593307086614
21
2.3016018503937006
0
LINE
8
BLACK
6
CONTINUOUS
10
-1.1909593307086614
20
2.3016018503937006
11
-1.1884488582677164
21
2.295541023622047
0
LINE
8
BLACK
6
CONTINUOUS
10
-1.1884488582677164
20
2.295541023622047
11
-1.1871690157480315
21
2.2891068897637794
0
LINE
8
BLACK
6
CONTINUOUS
10
-1.1871690157480315
20
2.2891068897637794
11
-1.1871690157480315
21
2.282546653543307
0
LINE
8
BLACK
6
CONTINUOUS
10
-1.1871690157480315
20
2.282546653543307
11
-1.1884488582677164
21
2.2761125196850394
0
LINE
8
BLACK
6
CONTINUOUS
10
-1.1884488582677164
20
2.2761125196850394
11
-1.1909593307086614
21
2.2700516929133858
0
LINE
8
BLACK
6
CONTINUOUS
10
-1.1909593307086614
20
2.2700516929133858
11
-1.1946039763779528
21
2.2645970866141734
0
LINE
8
BLACK
6
CONTINUOUS
10
-1.1946039763779528
20
2.2645970866141734
11
-1.1992427559055119
21
2.259958307086614
0
LINE
8
BLACK
6
CONTINUOUS
10
-1.1992427559055119
20
2.259958307086614
11
-1.2046973622047243
21
2.2563136614173227
0
LINE
8
BLACK
6
CONTINUOUS
10
-1.2046973622047243
20
2.2563136614173227
11
-1.2107581889763779
21
2.2538031889763781
0
LINE
8
BLACK
6
CONTINUOUS
10
-1.2107581889763779
20
2.2538031889763781
11
-1.2171923228346457
21
2.2525233464566927
0
LINE
8
BLACK
6
CONTINUOUS
10
-1.2171923228346457
20
2.2525233464566927
11
-1.2237525590551181
21
2.2525233464566927
0
LINE
8
BLACK
6
CONTINUOUS
10
-1.2237525590551181
20
2.2525233464566927
11
-1.2301866929133858
21
2.2538031889763781
0
LINE
8
BLACK
6
CONTINUOUS
10
-1.2301866929133858
20
2.2538031889763781
11
-1.2362475196850393
21
2.2563136614173227
0
LINE
8
BLACK
6
CONTINUOUS
10
-1.2362475196850393
20
2.2563136614173227
11
-1.241702125984252
21
2.259958307086614
0
LINE
8
BLACK
6
CONTINUOUS
10
-1.241702125984252
20
2.259958307086614
11
-1.2463409055118111
21
2.2645970866141734
0
LINE
8
BLACK
6
CONTINUOUS
10
-1.2463409055118111
20
2.2645970866141734
11
-1.2499855511811024
21
2.2700516929133858
0
LINE
8
BLACK
6
CONTINUOUS
10
-1.2499855511811024
20
2.2700516929133858
11
-1.2524960236220473
21
2.2761125196850394
0
LINE
8
BLACK
6
CONTINUOUS
10
-1.2524960236220473
20
2.2761125196850394
11
-1.2537758661417322
21
2.282546653543307
0
LINE
8
BLACK
6
CONTINUOUS
10
-1.2537758661417322
20
2.282546653543307
11
-1.2537758661417322
21
2.2891068897637794
0
LINE
8
BLACK
6
CONTINUOUS
10
-1.2537758661417322
20
2.2891068897637794
11
-1.2524960236220473
21
2.295541023622047
0
LINE
8
BLACK
6
CONTINUOUS
10
-1.2524960236220473
20
2.295541023622047
11
-1.2499855511811024
21
2.3016018503937006
0
LINE
8
BLACK
6
CONTINUOUS
10
-1.2499855511811024
20
2.3016018503937006
11
-1.2463409055118111
21
2.3070564566929135
0
LINE
8
BLACK
6
CONTINUOUS
10
-1.2463409055118111
20
2.3070564566929135
11
-1.241702125984252
21
2.3116952362204723
0
LINE
8
BLACK
6
CONTINUOUS
10
-1.241702125984252
20
2.3116952362204723
11
-1.2362475196850393
21
2.3153398818897637
0
LINE
8
BLACK
6
CONTINUOUS
10
-1.2362475196850393
20
2.3153398818897637
11
-1.2301866929133858
21
2.3178503543307087
0
LINE
8
BLACK
6
CONTINUOUS
10
-1.2301866929133858
20
2.3178503543307087
11
-1.2237525590551181
21
2.3191301968503937
0
LINE
8
BLACK
6
CONTINUOUS
10
-1.2237525590551181
20
2.3191301968503937
11
-1.2171923228346457
21
2.3191301968503937
0
LINE
8
BLACK
6
CONTINUOUS
10
-1.2171923228346457
20
2.3191301968503937
11
-1.2107581889763779
21
2.3178503543307087
0
LINE
8
BLACK
6
CONTINUOUS
10
-1.310758188976378
20
2.4178503543307084
11
-1.3046973622047244
21
2.4153398818897638
0
LINE
8
BLACK
6
CONTINUOUS
10
-1.3046973622047244
20
2.4153398818897638
11
-1.2992427559055117
21
2.4116952362204724
0
LINE
8
BLACK
6
CONTINUOUS
10
-1.2992427559055117
20
2.4116952362204724
11
-1.2946039763779527
21
2.4070564566929131
0
LINE
8
BLACK
6
CONTINUOUS
10
-1.2946039763779527
20
2.4070564566929131
11
-1.2909593307086613
21
2.4016018503937007
0
LINE
8
BLACK
6
CONTINUOUS
10
-1.2909593307086613
20
2.4016018503937007
11
-1.2884488582677165
21
2.3955410236220471
0
LINE
8
BLACK
6
CONTINUOUS
10
-1.2884488582677165
20
2.3955410236220471
11
-1.2871690157480316
21
2.3891068897637795
0
LINE
8
BLACK
6
CONTINUOUS
10
-1.2871690157480316
20
2.3891068897637795
11
-1.2871690157480316
21
2.3825466535433071
0
LINE
8
BLACK
6
CONTINUOUS
10
-1.2871690157480316
20
2.3825466535433071
11
-1.2884488582677165
21
2.3761125196850394
0
LINE
8
BLACK
6
CONTINUOUS
10
-1.2884488582677165
20
2.3761125196850394
11
-1.2909593307086613
21
2.3700516929133859
0
LINE
8
BLACK
6
CONTINUOUS
10
-1.2909593307086613
20
2.3700516929133859
11
-1.2946039763779527
21
2.364597086614173
0
LINE
8
BLACK
6
CONTINUOUS
10
-1.2946039763779527
20
2.364597086614173
11
-1.2992427559055117
21
2.3599583070866141
0
LINE
8
BLACK
6
CONTINUOUS
10
-1.2992427559055117
20
2.3599583070866141
11
-1.3046973622047244
21
2.3563136614173228
0
LINE
8
BLACK
6
CONTINUOUS
10
-1.3046973622047244
20
2.3563136614173228
11
-1.310758188976378
21
2.3538031889763777
0
LINE
8
BLACK
6
CONTINUOUS
10
-1.310758188976378
20
2.3538031889763777
11
-1.3171923228346456
21
2.3525233464566928
0
LINE
8
BLACK
6
CONTINUOUS
10
-1.3171923228346456
20
2.3525233464566928
11
-1.323752559055118
21
2.3525233464566928
0
LINE
8
BLACK
6
CONTINUOUS
10
-1.323752559055118
20
2.3525233464566928
11
-1.3301866929133859
21
2.3538031889763777
0
LINE
8
BLACK
6
CONTINUOUS
10
-1.3301866929133859
20
2.3538031889763777
11
-1.3362475196850394
21
2.3563136614173228
0
LINE
8
BLACK
6
CONTINUOUS
10
-1.3362475196850394
20
2.3563136614173228
11
-1.3417021259842519
21
2.3599583070866141
0
LINE
8
BLACK
6
CONTINUOUS
10
-1.3417021259842519
20
2.3599583070866141
11
-1.346340905511811
21
2.364597086614173
0
LINE
8
BLACK
6
CONTINUOUS
10
-1.346340905511811
20
2.364597086614173
11
-1.3499855511811023
21
2.3700516929133859
0
LINE
8
BLACK
6
CONTINUOUS
10
-1.3499855511811023
20
2.3700516929133859
11
-1.3524960236220471
21
2.3761125196850394
0
LINE
8
BLACK
6
CONTINUOUS
10
-1.3524960236220471
20
2.3761125196850394
11
-1.3537758661417323
21
2.3825466535433071
0
LINE
8
BLACK
6
CONTINUOUS
10
-1.3537758661417323
20
2.3825466535433071
11
-1.3537758661417323
21
2.3891068897637795
0
LINE
8
BLACK
6
CONTINUOUS
10
-1.3537758661417323
20
2.3891068897637795
11
-1.3524960236220471
21
2.3955410236220471
0
LINE
8
BLACK
6
CONTINUOUS
10
-1.3524960236220471
20
2.3955410236220471
11
-1.3499855511811023
21
2.4016018503937007
0
LINE
8
BLACK
6
CONTINUOUS
10
-1.3499855511811023
20
2.4016018503937007
11
-1.346340905511811
21
2.4070564566929131
0
LINE
8
BLACK
6
CONTINUOUS
10
-1.346340905511811
20
2.4070564566929131
11
-1.3417021259842519
21
2.4116952362204724
0
LINE
8
BLACK
6
CONTINUOUS
10
-1.3417021259842519
20
2.4116952362204724
11
-1.3362475196850394
21
2.4153398818897638
0
LINE
8
BLACK
6
CONTINUOUS
10
-1.3362475196850394
20
2.4153398818897638
11
-1.3301866929133859
21
2.4178503543307084
0
LINE
8
BLACK
6
CONTINUOUS
10
-1.3301866929133859
20
2.4178503543307084
11
-1.323752559055118
21
2.4191301968503938
0
LINE
8
BLACK
6
CONTINUOUS
10
-1.323752559055118
20
2.4191301968503938
11
-1.3171923228346456
21
2.4191301968503938
0
LINE
8
BLACK
6
CONTINUOUS
10
-1.3171923228346456
20
2.4191301968503938
11
-1.310758188976378
21
2.4178503543307084
0
LINE
8
BLACK
6
CONTINUOUS
10
-1.2107581889763779
20
2.4178503543307084
11
-1.2046973622047243
21
2.4153398818897638
0
LINE
8
BLACK
6
CONTINUOUS
10
-1.2046973622047243
20
2.4153398818897638
11
-1.1992427559055119
21
2.4116952362204724
0
LINE
8
BLACK
6
CONTINUOUS
10
-1.1992427559055119
20
2.4116952362204724
11
-1.1946039763779528
21
2.4070564566929131
0
LINE
8
BLACK
6
CONTINUOUS
10
-1.1946039763779528
20
2.4070564566929131
11
-1.1909593307086614
21
2.4016018503937007
0
LINE
8
BLACK
6
CONTINUOUS
10
-1.1909593307086614
20
2.4016018503937007
11
-1.1884488582677164
21
2.3955410236220471
0
LINE
8
BLACK
6
CONTINUOUS
10
-1.1884488582677164
20
2.3955410236220471
11
-1.1871690157480315
21
2.3891068897637795
0
LINE
8
BLACK
6
CONTINUOUS
10
-1.1871690157480315
20
2.3891068897637795
11
-1.1871690157480315
21
2.3825466535433071
0
LINE
8
BLACK
6
CONTINUOUS
10
-1.1871690157480315
20
2.3825466535433071
11
-1.1884488582677164
21
2.3761125196850394
0
LINE
8
BLACK
6
CONTINUOUS
10
-1.1884488582677164
20
2.3761125196850394
11
-1.1909593307086614
21
2.3700516929133859
0
LINE
8
BLACK
6
CONTINUOUS
10
-1.1909593307086614
20
2.3700516929133859
11
-1.1946039763779528
21
2.364597086614173
0
LINE
8
BLACK
6
CONTINUOUS
10
-1.1946039763779528
20
2.364597086614173
11
-1.1992427559055119
21
2.3599583070866141
0
LINE
8
BLACK
6
CONTINUOUS
10
-1.1992427559055119
20
2.3599583070866141
11
-1.2046973622047243
21
2.3563136614173228
0
LINE
8
BLACK
6
CONTINUOUS
10
-1.2046973622047243
20
2.3563136614173228
11
-1.2107581889763779
21
2.3538031889763777
0
LINE
8
BLACK
6
CONTINUOUS
10
-1.2107581889763779
20
2.3538031889763777
11
-1.2171923228346457
21
2.3525233464566928
0
LINE
8
BLACK
6
CONTINUOUS
10
-1.2171923228346457
20
2.3525233464566928
11
-1.2237525590551181
21
2.3525233464566928
0
LINE
8
BLACK
6
CONTINUOUS
10
-1.2237525590551181
20
2.3525233464566928
11
-1.2301866929133858
21
2.3538031889763777
0
LINE
8
BLACK
6
CONTINUOUS
10
-1.2301866929133858
20
2.3538031889763777
11
-1.2362475196850393
21
2.3563136614173228
0
LINE
8
BLACK
6
CONTINUOUS
10
-1.2362475196850393
20
2.3563136614173228
11
-1.241702125984252
21
2.3599583070866141
0
LINE
8
BLACK
6
CONTINUOUS
10
-1.241702125984252
20
2.3599583070866141
11
-1.2463409055118111
21
2.364597086614173
0
LINE
8
BLACK
6
CONTINUOUS
10
-1.2463409055118111
20
2.364597086614173
11
-1.2499855511811024
21
2.3700516929133859
0
LINE
8
BLACK
6
CONTINUOUS
10
-1.2499855511811024
20
2.3700516929133859
11
-1.2524960236220473
21
2.3761125196850394
0
LINE
8
BLACK
6
CONTINUOUS
10
-1.2524960236220473
20
2.3761125196850394
11
-1.2537758661417322
21
2.3825466535433071
0
LINE
8
BLACK
6
CONTINUOUS
10
-1.2537758661417322
20
2.3825466535433071
11
-1.2537758661417322
21
2.3891068897637795
0
LINE
8
BLACK
6
CONTINUOUS
10
-1.2537758661417322
20
2.3891068897637795
11
-1.2524960236220473
21
2.3955410236220471
0
LINE
8
BLACK
6
CONTINUOUS
10
-1.2524960236220473
20
2.3955410236220471
11
-1.2499855511811024
21
2.4016018503937007
0
LINE
8
BLACK
6
CONTINUOUS
10
-1.2499855511811024
20
2.4016018503937007
11
-1.2463409055118111
21
2.4070564566929131
0
LINE
8
BLACK
6
CONTINUOUS
10
-1.2463409055118111
20
2.4070564566929131
11
-1.241702125984252
21
2.4116952362204724
0
LINE
8
BLACK
6
CONTINUOUS
10
-1.241702125984252
20
2.4116952362204724
11
-1.2362475196850393
21
2.4153398818897638
0
LINE
8
BLACK
6
CONTINUOUS
10
-1.2362475196850393
20
2.4153398818897638
11
-1.2301866929133858
21
2.4178503543307084
0
LINE
8
BLACK
6
CONTINUOUS
10
-1.2301866929133858
20
2.4178503543307084
11
-1.2237525590551181
21
2.4191301968503938
0
LINE
8
BLACK
6
CONTINUOUS
10
-1.2237525590551181
20
2.4191301968503938
11
-1.2171923228346457
21
2.4191301968503938
0
LINE
8
BLACK
6
CONTINUOUS
10
-1.2171923228346457
20
2.4191301968503938
11
-1.2107581889763779
21
2.4178503543307084
0
LINE
8
BLACK
6
CONTINUOUS
10
-1.310758188976378
20
2.5178503543307085
11
-1.3046973622047244
21
2.5153398818897639
0
LINE
8
BLACK
6
CONTINUOUS
10
-1.3046973622047244
20
2.5153398818897639
11
-1.2992427559055117
21
2.5116952362204725
0
LINE
8
BLACK
6
CONTINUOUS
10
-1.2992427559055117
20
2.5116952362204725
11
-1.2946039763779527
21
2.5070564566929132
0
LINE
8
BLACK
6
CONTINUOUS
10
-1.2946039763779527
20
2.5070564566929132
11
-1.2909593307086613
21
2.5016018503937008
0
LINE
8
BLACK
6
CONTINUOUS
10
-1.2909593307086613
20
2.5016018503937008
11
-1.2884488582677165
21
2.4955410236220472
0
LINE
8
BLACK
6
CONTINUOUS
10
-1.2884488582677165
20
2.4955410236220472
11
-1.2871690157480316
21
2.4891068897637796
0
LINE
8
BLACK
6
CONTINUOUS
10
-1.2871690157480316
20
2.4891068897637796
11
-1.2871690157480316
21
2.4825466535433072
0
LINE
8
BLACK
6
CONTINUOUS
10
-1.2871690157480316
20
2.4825466535433072
11
-1.2884488582677165
21
2.4761125196850391
0
LINE
8
BLACK
6
CONTINUOUS
10
-1.2884488582677165
20
2.4761125196850391
11
-1.2909593307086613
21
2.4700516929133856
0
LINE
8
BLACK
6
CONTINUOUS
10
-1.2909593307086613
20
2.4700516929133856
11
-1.2946039763779527
21
2.4645970866141731
0
LINE
8
BLACK
6
CONTINUOUS
10
-1.2946039763779527
20
2.4645970866141731
11
-1.2992427559055117
21
2.4599583070866142
0
LINE
8
BLACK
6
CONTINUOUS
10
-1.2992427559055117
20
2.4599583070866142
11
-1.3046973622047244
21
2.4563136614173229
0
LINE
8
BLACK
6
CONTINUOUS
10
-1.3046973622047244
20
2.4563136614173229
11
-1.310758188976378
21
2.4538031889763778
0
LINE
8
BLACK
6
CONTINUOUS
10
-1.310758188976378
20
2.4538031889763778
11
-1.3171923228346456
21
2.4525233464566929
0
LINE
8
BLACK
6
CONTINUOUS
10
-1.3171923228346456
20
2.4525233464566929
11
-1.323752559055118
21
2.4525233464566929
0
LINE
8
BLACK
6
CONTINUOUS
10
-1.323752559055118
20
2.4525233464566929
11
-1.3301866929133859
21
2.4538031889763778
0
LINE
8
BLACK
6
CONTINUOUS
10
-1.3301866929133859
20
2.4538031889763778
11
-1.3362475196850394
21
2.4563136614173229
0
LINE
8
BLACK
6
CONTINUOUS
10
-1.3362475196850394
20
2.4563136614173229
11
-1.3417021259842519
21
2.4599583070866142
0
LINE
8
BLACK
6
CONTINUOUS
10
-1.3417021259842519
20
2.4599583070866142
11
-1.346340905511811
21
2.4645970866141731
0
LINE
8
BLACK
6
CONTINUOUS
10
-1.346340905511811
20
2.4645970866141731
11
-1.3499855511811023
21
2.4700516929133856
0
LINE
8
BLACK
6
CONTINUOUS
10
-1.3499855511811023
20
2.4700516929133856
11
-1.3524960236220471
21
2.4761125196850391
0
LINE
8
BLACK
6
CONTINUOUS
10
-1.3524960236220471
20
2.4761125196850391
11
-1.3537758661417323
21
2.4825466535433072
0
LINE
8
BLACK
6
CONTINUOUS
10
-1.3537758661417323
20
2.4825466535433072
11
-1.3537758661417323
21
2.4891068897637796
0
LINE
8
BLACK
6
CONTINUOUS
10
-1.3537758661417323
20
2.4891068897637796
11
-1.3524960236220471
21
2.4955410236220472
0
LINE
8
BLACK
6
CONTINUOUS
10
-1.3524960236220471
20
2.4955410236220472
11
-1.3499855511811023
21
2.5016018503937008
0
LINE
8
BLACK
6
CONTINUOUS
10
-1.3499855511811023
20
2.5016018503937008
11
-1.346340905511811
21
2.5070564566929132
0
LINE
8
BLACK
6
CONTINUOUS
10
-1.346340905511811
20
2.5070564566929132
11
-1.3417021259842519
21
2.5116952362204725
0
LINE
8
BLACK
6
CONTINUOUS
10
-1.3417021259842519
20
2.5116952362204725
11
-1.3362475196850394
21
2.5153398818897639
0
LINE
8
BLACK
6
CONTINUOUS
10
-1.3362475196850394
20
2.5153398818897639
11
-1.3301866929133859
21
2.5178503543307085
0
LINE
8
BLACK
6
CONTINUOUS
10
-1.3301866929133859
20
2.5178503543307085
11
-1.323752559055118
21
2.5191301968503939
0
LINE
8
BLACK
6
CONTINUOUS
10
-1.323752559055118
20
2.5191301968503939
11
-1.3171923228346456
21
2.5191301968503939
0
LINE
8
BLACK
6
CONTINUOUS
10
-1.3171923228346456
20
2.5191301968503939
11
-1.310758188976378
21
2.5178503543307085
0
LINE
8
BLACK
6
CONTINUOUS
10
-1.2107581889763779
20
2.5178503543307085
11
-1.2046973622047243
21
2.5153398818897639
0
LINE
8
BLACK
6
CONTINUOUS
10
-1.2046973622047243
20
2.5153398818897639
11
-1.1992427559055119
21
2.5116952362204725
0
LINE
8
BLACK
6
CONTINUOUS
10
-1.1992427559055119
20
2.5116952362204725
11
-1.1946039763779528
21
2.5070564566929132
0
LINE
8
BLACK
6
CONTINUOUS
10
-1.1946039763779528
20
2.5070564566929132
11
-1.1909593307086614
21
2.5016018503937008
0
LINE
8
BLACK
6
CONTINUOUS
10
-1.1909593307086614
20
2.5016018503937008
11
-1.1884488582677164
21
2.4955410236220472
0
LINE
8
BLACK
6
CONTINUOUS
10
-1.1884488582677164
20
2.4955410236220472
11
-1.1871690157480315
21
2.4891068897637796
0
LINE
8
BLACK
6
CONTINUOUS
10
-1.1871690157480315
20
2.4891068897637796
11
-1.1871690157480315
21
2.4825466535433072
0
LINE
8
BLACK
6
CONTINUOUS
10
-1.1871690157480315
20
2.4825466535433072
11
-1.1884488582677164
21
2.4761125196850391
0
LINE
8
BLACK
6
CONTINUOUS
10
-1.1884488582677164
20
2.4761125196850391
11
-1.1909593307086614
21
2.4700516929133856
0
LINE
8
BLACK
6
CONTINUOUS
10
-1.1909593307086614
20
2.4700516929133856
11
-1.1946039763779528
21
2.4645970866141731
0
LINE
8
BLACK
6
CONTINUOUS
10
-1.1946039763779528
20
2.4645970866141731
11
-1.1992427559055119
21
2.4599583070866142
0
LINE
8
BLACK
6
CONTINUOUS
10
-1.1992427559055119
20
2.4599583070866142
11
-1.2046973622047243
21
2.4563136614173229
0
LINE
8
BLACK
6
CONTINUOUS
10
-1.2046973622047243
20
2.4563136614173229
11
-1.2107581889763779
21
2.4538031889763778
0
LINE
8
BLACK
6
CONTINUOUS
10
-1.2107581889763779
20
2.4538031889763778
11
-1.2171923228346457
21
2.4525233464566929
0
LINE
8
BLACK
6
CONTINUOUS
10
-1.2171923228346457
20
2.4525233464566929
11
-1.2237525590551181
21
2.4525233464566929
0
LINE
8
BLACK
6
CONTINUOUS
10
-1.2237525590551181
20
2.4525233464566929
11
-1.2301866929133858
21
2.4538031889763778
0
LINE
8
BLACK
6
CONTINUOUS
10
-1.2301866929133858
20
2.4538031889763778
11
-1.2362475196850393
21
2.4563136614173229
0
LINE
8
BLACK
6
CONTINUOUS
10
-1.2362475196850393
20
2.4563136614173229
11
-1.241702125984252
21
2.4599583070866142
0
LINE
8
BLACK
6
CONTINUOUS
10
-1.241702125984252
20
2.4599583070866142
11
-1.2463409055118111
21
2.4645970866141731
0
LINE
8
BLACK
6
CONTINUOUS
10
-1.2463409055118111
20
2.4645970866141731
11
-1.2499855511811024
21
2.4700516929133856
0
LINE
8
BLACK
6
CONTINUOUS
10
-1.2499855511811024
20
2.4700516929133856
11
-1.2524960236220473
21
2.4761125196850391
0
LINE
8
BLACK
6
CONTINUOUS
10
-1.2524960236220473
20
2.4761125196850391
11
-1.2537758661417322
21
2.4825466535433072
0
LINE
8
BLACK
6
CONTINUOUS
10
-1.2537758661417322
20
2.4825466535433072
11
-1.2537758661417322
21
2.4891068897637796
0
LINE
8
BLACK
6
CONTINUOUS
10
-1.2537758661417322
20
2.4891068897637796
11
-1.2524960236220473
21
2.4955410236220472
0
LINE
8
BLACK
6
CONTINUOUS
10
-1.2524960236220473
20
2.4955410236220472
11
-1.2499855511811024
21
2.5016018503937008
0
LINE
8
BLACK
6
CONTINUOUS
10
-1.2499855511811024
20
2.5016018503937008
11
-1.2463409055118111
21
2.5070564566929132
0
LINE
8
BLACK
6
CONTINUOUS
10
-1.2463409055118111
20
2.5070564566929132
11
-1.241702125984252
21
2.5116952362204725
0
LINE
8
BLACK
6
CONTINUOUS
10
-1.241702125984252
20
2.5116952362204725
11
-1.2362475196850393
21
2.5153398818897639
0
LINE
8
BLACK
6
CONTINUOUS
10
-1.2362475196850393
20
2.5153398818897639
11
-1.2301866929133858
21
2.5178503543307085
0
LINE
8
BLACK
6
CONTINUOUS
10
-1.2301866929133858
20
2.5178503543307085
11
-1.2237525590551181
21
2.5191301968503939
0
LINE
8
BLACK
6
CONTINUOUS
10
-1.2237525590551181
20
2.5191301968503939
11
-1.2171923228346457
21
2.5191301968503939
0
LINE
8
BLACK
6
CONTINUOUS
10
-1.2171923228346457
20
2.5191301968503939
11
-1.2107581889763779
21
2.5178503543307085
0
LINE
8
BLACK
6
CONTINUOUS
10
-1.310758188976378
20
2.6178503543307086
11
-1.3046973622047244
21
2.6153398818897635
0
LINE
8
BLACK
6
CONTINUOUS
10
-1.3046973622047244
20
2.6153398818897635
11
-1.2992427559055117
21
2.6116952362204722
0
LINE
8
BLACK
6
CONTINUOUS
10
-1.2992427559055117
20
2.6116952362204722
11
-1.2946039763779527
21
2.6070564566929133
0
LINE
8
BLACK
6
CONTINUOUS
10
-1.2946039763779527
20
2.6070564566929133
11
-1.2909593307086613
21
2.6016018503937008
0
LINE
8
BLACK
6
CONTINUOUS
10
-1.2909593307086613
20
2.6016018503937008
11
-1.2884488582677165
21
2.5955410236220473
0
LINE
8
BLACK
6
CONTINUOUS
10
-1.2884488582677165
20
2.5955410236220473
11
-1.2871690157480316
21
2.5891068897637797
0
LINE
8
BLACK
6
CONTINUOUS
10
-1.2871690157480316
20
2.5891068897637797
11
-1.2871690157480316
21
2.5825466535433068
0
LINE
8
BLACK
6
CONTINUOUS
10
-1.2871690157480316
20
2.5825466535433068
11
-1.2884488582677165
21
2.5761125196850392
0
LINE
8
BLACK
6
CONTINUOUS
10
-1.2884488582677165
20
2.5761125196850392
11
-1.2909593307086613
21
2.5700516929133856
0
LINE
8
BLACK
6
CONTINUOUS
10
-1.2909593307086613
20
2.5700516929133856
11
-1.2946039763779527
21
2.5645970866141732
0
LINE
8
BLACK
6
CONTINUOUS
10
-1.2946039763779527
20
2.5645970866141732
11
-1.2992427559055117
21
2.5599583070866143
0
LINE
8
BLACK
6
CONTINUOUS
10
-1.2992427559055117
20
2.5599583070866143
11
-1.3046973622047244
21
2.556313661417323
0
LINE
8
BLACK
6
CONTINUOUS
10
-1.3046973622047244
20
2.556313661417323
11
-1.310758188976378
21
2.5538031889763779
0
LINE
8
BLACK
6
CONTINUOUS
10
-1.310758188976378
20
2.5538031889763779
11
-1.3171923228346456
21
2.552523346456693
0
LINE
8
BLACK
6
CONTINUOUS
10
-1.3171923228346456
20
2.552523346456693
11
-1.323752559055118
21
2.552523346456693
0
LINE
8
BLACK
6
CONTINUOUS
10
-1.323752559055118
20
2.552523346456693
11
-1.3301866929133859
21
2.5538031889763779
0
LINE
8
BLACK
6
CONTINUOUS
10
-1.3301866929133859
20
2.5538031889763779
11
-1.3362475196850394
21
2.556313661417323
0
LINE
8
BLACK
6
CONTINUOUS
10
-1.3362475196850394
20
2.556313661417323
11
-1.3417021259842519
21
2.5599583070866143
0
LINE
8
BLACK
6
CONTINUOUS
10
-1.3417021259842519
20
2.5599583070866143
11
-1.346340905511811
21
2.5645970866141732
0
LINE
8
BLACK
6
CONTINUOUS
10
-1.346340905511811
20
2.5645970866141732
11
-1.3499855511811023
21
2.5700516929133856
0
LINE
8
BLACK
6
CONTINUOUS
10
-1.3499855511811023
20
2.5700516929133856
11
-1.3524960236220471
21
2.5761125196850392
0
LINE
8
BLACK
6
CONTINUOUS
10
-1.3524960236220471
20
2.5761125196850392
11
-1.3537758661417323
21
2.5825466535433068
0
LINE
8
BLACK
6
CONTINUOUS
10
-1.3537758661417323
20
2.5825466535433068
11
-1.3537758661417323
21
2.5891068897637797
0
LINE
8
BLACK
6
CONTINUOUS
10
-1.3537758661417323
20
2.5891068897637797
11
-1.3524960236220471
21
2.5955410236220473
0
LINE
8
BLACK
6
CONTINUOUS
10
-1.3524960236220471
20
2.5955410236220473
11
-1.3499855511811023
21
2.6016018503937008
0
LINE
8
BLACK
6
CONTINUOUS
10
-1.3499855511811023
20
2.6016018503937008
11
-1.346340905511811
21
2.6070564566929133
0
LINE
8
BLACK
6
CONTINUOUS
10
-1.346340905511811
20
2.6070564566929133
11
-1.3417021259842519
21
2.6116952362204722
0
LINE
8
BLACK
6
CONTINUOUS
10
-1.3417021259842519
20
2.6116952362204722
11
-1.3362475196850394
21
2.6153398818897635
0
LINE
8
BLACK
6
CONTINUOUS
10
-1.3362475196850394
20
2.6153398818897635
11
-1.3301866929133859
21
2.6178503543307086
0
LINE
8
BLACK
6
CONTINUOUS
10
-1.3301866929133859
20
2.6178503543307086
11
-1.323752559055118
21
2.6191301968503935
0
LINE
8
BLACK
6
CONTINUOUS
10
-1.323752559055118
20
2.6191301968503935
11
-1.3171923228346456
21
2.6191301968503935
0
LINE
8
BLACK
6
CONTINUOUS
10
-1.3171923228346456
20
2.6191301968503935
11
-1.310758188976378
21
2.6178503543307086
0
LINE
8
BLACK
6
CONTINUOUS
10
-1.2107581889763779
20
2.6178503543307086
11
-1.2046973622047243
21
2.6153398818897635
0
LINE
8
BLACK
6
CONTINUOUS
10
-1.2046973622047243
20
2.6153398818897635
11
-1.1992427559055119
21
2.6116952362204722
0
LINE
8
BLACK
6
CONTINUOUS
10
-1.1992427559055119
20
2.6116952362204722
11
-1.1946039763779528
21
2.6070564566929133
0
LINE
8
BLACK
6
CONTINUOUS
10
-1.1946039763779528
20
2.6070564566929133
11
-1.1909593307086614
21
2.6016018503937008
0
LINE
8
BLACK
6
CONTINUOUS
10
-1.1909593307086614
20
2.6016018503937008
11
-1.1884488582677164
21
2.5955410236220473
0
LINE
8
BLACK
6
CONTINUOUS
10
-1.1884488582677164
20
2.5955410236220473
11
-1.1871690157480315
21
2.5891068897637797
0
LINE
8
BLACK
6
CONTINUOUS
10
-1.1871690157480315
20
2.5891068897637797
11
-1.1871690157480315
21
2.5825466535433068
0
LINE
8
BLACK
6
CONTINUOUS
10
-1.1871690157480315
20
2.5825466535433068
11
-1.1884488582677164
21
2.5761125196850392
0
LINE
8
BLACK
6
CONTINUOUS
10
-1.1884488582677164
20
2.5761125196850392
11
-1.1909593307086614
21
2.5700516929133856
0
LINE
8
BLACK
6
CONTINUOUS
10
-1.1909593307086614
20
2.5700516929133856
11
-1.1946039763779528
21
2.5645970866141732
0
LINE
8
BLACK
6
CONTINUOUS
10
-1.1946039763779528
20
2.5645970866141732
11
-1.1992427559055119
21
2.5599583070866143
0
LINE
8
BLACK
6
CONTINUOUS
10
-1.1992427559055119
20
2.5599583070866143
11
-1.2046973622047243
21
2.556313661417323
0
LINE
8
BLACK
6
CONTINUOUS
10
-1.2046973622047243
20
2.556313661417323
11
-1.2107581889763779
21
2.5538031889763779
0
LINE
8
BLACK
6
CONTINUOUS
10
-1.2107581889763779
20
2.5538031889763779
11
-1.2171923228346457
21
2.552523346456693
0
LINE
8
BLACK
6
CONTINUOUS
10
-1.2171923228346457
20
2.552523346456693
11
-1.2237525590551181
21
2.552523346456693
0
LINE
8
BLACK
6
CONTINUOUS
10
-1.2237525590551181
20
2.552523346456693
11
-1.2301866929133858
21
2.5538031889763779
0
LINE
8
BLACK
6
CONTINUOUS
10
-1.2301866929133858
20
2.5538031889763779
11
-1.2362475196850393
21
2.556313661417323
0
LINE
8
BLACK
6
CONTINUOUS
10
-1.2362475196850393
20
2.556313661417323
11
-1.241702125984252
21
2.5599583070866143
0
LINE
8
BLACK
6
CONTINUOUS
10
-1.241702125984252
20
2.5599583070866143
11
-1.2463409055118111
21
2.5645970866141732
0
LINE
8
BLACK
6
CONTINUOUS
10
-1.2463409055118111
20
2.5645970866141732
11
-1.2499855511811024
21
2.5700516929133856
0
LINE
8
BLACK
6
CONTINUOUS
10
-1.2499855511811024
20
2.5700516929133856
11
-1.2524960236220473
21
2.5761125196850392
0
LINE
8
BLACK
6
CONTINUOUS
10
-1.2524960236220473
20
2.5761125196850392
11
-1.2537758661417322
21
2.5825466535433068
0
LINE
8
BLACK
6
CONTINUOUS
10
-1.2537758661417322
20
2.5825466535433068
11
-1.2537758661417322
21
2.5891068897637797
0
LINE
8
BLACK
6
CONTINUOUS
10
-1.2537758661417322
20
2.5891068897637797
11
-1.2524960236220473
21
2.5955410236220473
0
LINE
8
BLACK
6
CONTINUOUS
10
-1.2524960236220473
20
2.5955410236220473
11
-1.2499855511811024
21
2.6016018503937008
0
LINE
8
BLACK
6
CONTINUOUS
10
-1.2499855511811024
20
2.6016018503937008
11
-1.2463409055118111
21
2.6070564566929133
0
LINE
8
BLACK
6
CONTINUOUS
10
-1.2463409055118111
20
2.6070564566929133
11
-1.241702125984252
21
2.6116952362204722
0
LINE
8
BLACK
6
CONTINUOUS
10
-1.241702125984252
20
2.6116952362204722
11
-1.2362475196850393
21
2.6153398818897635
0
LINE
8
BLACK
6
CONTINUOUS
10
-1.2362475196850393
20
2.6153398818897635
11
-1.2301866929133858
21
2.6178503543307086
0
LINE
8
BLACK
6
CONTINUOUS
10
-1.2301866929133858
20
2.6178503543307086
11
-1.2237525590551181
21
2.6191301968503935
0
LINE
8
BLACK
6
CONTINUOUS
10
-1.2237525590551181
20
2.6191301968503935
11
-1.2171923228346457
21
2.6191301968503935
0
LINE
8
BLACK
6
CONTINUOUS
10
-1.2171923228346457
20
2.6191301968503935
11
-1.2107581889763779
21
2.6178503543307086
0
LINE
8
BLACK
6
CONTINUOUS
10
-1.310758188976378
20
2.7178503543307087
11
-1.3046973622047244
21
2.7153398818897636
0
LINE
8
BLACK
6
CONTINUOUS
10
-1.3046973622047244
20
2.7153398818897636
11
-1.2992427559055117
21
2.7116952362204723
0
LINE
8
BLACK
6
CONTINUOUS
10
-1.2992427559055117
20
2.7116952362204723
11
-1.2946039763779527
21
2.7070564566929134
0
LINE
8
BLACK
6
CONTINUOUS
10
-1.2946039763779527
20
2.7070564566929134
11
-1.2909593307086613
21
2.7016018503937009
0
LINE
8
BLACK
6
CONTINUOUS
10
-1.2909593307086613
20
2.7016018503937009
11
-1.2884488582677165
21
2.6955410236220474
0
LINE
8
BLACK
6
CONTINUOUS
10
-1.2884488582677165
20
2.6955410236220474
11
-1.2871690157480316
21
2.6891068897637793
0
LINE
8
BLACK
6
CONTINUOUS
10
-1.2871690157480316
20
2.6891068897637793
11
-1.2871690157480316
21
2.6825466535433069
0
LINE
8
BLACK
6
CONTINUOUS
10
-1.2871690157480316
20
2.6825466535433069
11
-1.2884488582677165
21
2.6761125196850393
0
LINE
8
BLACK
6
CONTINUOUS
10
-1.2884488582677165
20
2.6761125196850393
11
-1.2909593307086613
21
2.6700516929133857
0
LINE
8
BLACK
6
CONTINUOUS
10
-1.2909593307086613
20
2.6700516929133857
11
-1.2946039763779527
21
2.6645970866141733
0
LINE
8
BLACK
6
CONTINUOUS
10
-1.2946039763779527
20
2.6645970866141733
11
-1.2992427559055117
21
2.659958307086614
0
LINE
8
BLACK
6
CONTINUOUS
10
-1.2992427559055117
20
2.659958307086614
11
-1.3046973622047244
21
2.6563136614173226
0
LINE
8
BLACK
6
CONTINUOUS
10
-1.3046973622047244
20
2.6563136614173226
11
-1.310758188976378
21
2.653803188976378
0
LINE
8
BLACK
6
CONTINUOUS
10
-1.310758188976378
20
2.653803188976378
11
-1.3171923228346456
21
2.6525233464566926
0
LINE
8
BLACK
6
CONTINUOUS
10
-1.3171923228346456
20
2.6525233464566926
11
-1.323752559055118
21
2.6525233464566926
0
LINE
8
BLACK
6
CONTINUOUS
10
-1.323752559055118
20
2.6525233464566926
11
-1.3301866929133859
21
2.653803188976378
0
LINE
8
BLACK
6
CONTINUOUS
10
-1.3301866929133859
20
2.653803188976378
11
-1.3362475196850394
21
2.6563136614173226
0
LINE
8
BLACK
6
CONTINUOUS
10
-1.3362475196850394
20
2.6563136614173226
11
-1.3417021259842519
21
2.659958307086614
0
LINE
8
BLACK
6
CONTINUOUS
10
-1.3417021259842519
20
2.659958307086614
11
-1.346340905511811
21
2.6645970866141733
0
LINE
8
BLACK
6
CONTINUOUS
10
-1.346340905511811
20
2.6645970866141733
11
-1.3499855511811023
21
2.6700516929133857
0
LINE
8
BLACK
6
CONTINUOUS
10
-1.3499855511811023
20
2.6700516929133857
11
-1.3524960236220471
21
2.6761125196850393
0
LINE
8
BLACK
6
CONTINUOUS
10
-1.3524960236220471
20
2.6761125196850393
11
-1.3537758661417323
21
2.6825466535433069
0
LINE
8
BLACK
6
CONTINUOUS
10
-1.3537758661417323
20
2.6825466535433069
11
-1.3537758661417323
21
2.6891068897637793
0
LINE
8
BLACK
6
CONTINUOUS
10
-1.3537758661417323
20
2.6891068897637793
11
-1.3524960236220471
21
2.6955410236220474
0
LINE
8
BLACK
6
CONTINUOUS
10
-1.3524960236220471
20
2.6955410236220474
11
-1.3499855511811023
21
2.7016018503937009
0
LINE
8
BLACK
6
CONTINUOUS
10
-1.3499855511811023
20
2.7016018503937009
11
-1.346340905511811
21
2.7070564566929134
0
LINE
8
BLACK
6
CONTINUOUS
10
-1.346340905511811
20
2.7070564566929134
11
-1.3417021259842519
21
2.7116952362204723
0
LINE
8
BLACK
6
CONTINUOUS
10
-1.3417021259842519
20
2.7116952362204723
11
-1.3362475196850394
21
2.7153398818897636
0
LINE
8
BLACK
6
CONTINUOUS
10
-1.3362475196850394
20
2.7153398818897636
11
-1.3301866929133859
21
2.7178503543307087
0
LINE
8
BLACK
6
CONTINUOUS
10
-1.3301866929133859
20
2.7178503543307087
11
-1.323752559055118
21
2.7191301968503936
0
LINE
8
BLACK
6
CONTINUOUS
10
-1.323752559055118
20
2.7191301968503936
11
-1.3171923228346456
21
2.7191301968503936
0
LINE
8
BLACK
6
CONTINUOUS
10
-1.3171923228346456
20
2.7191301968503936
11
-1.310758188976378
21
2.7178503543307087
0
LINE
8
BLACK
6
CONTINUOUS
10
-1.2107581889763779
20
2.7178503543307087
11
-1.2046973622047243
21
2.7153398818897636
0
LINE
8
BLACK
6
CONTINUOUS
10
-1.2046973622047243
20
2.7153398818897636
11
-1.1992427559055119
21
2.7116952362204723
0
LINE
8
BLACK
6
CONTINUOUS
10
-1.1992427559055119
20
2.7116952362204723
11
-1.1946039763779528
21
2.7070564566929134
0
LINE
8
BLACK
6
CONTINUOUS
10
-1.1946039763779528
20
2.7070564566929134
11
-1.1909593307086614
21
2.7016018503937009
0
LINE
8
BLACK
6
CONTINUOUS
10
-1.1909593307086614
20
2.7016018503937009
11
-1.1884488582677164
21
2.6955410236220474
0
LINE
8
BLACK
6
CONTINUOUS
10
-1.1884488582677164
20
2.6955410236220474
11
-1.1871690157480315
21
2.6891068897637793
0
LINE
8
BLACK
6
CONTINUOUS
10
-1.1871690157480315
20
2.6891068897637793
11
-1.1871690157480315
21
2.6825466535433069
0
LINE
8
BLACK
6
CONTINUOUS
10
-1.1871690157480315
20
2.6825466535433069
11
-1.1884488582677164
21
2.6761125196850393
0
LINE
8
BLACK
6
CONTINUOUS
10
-1.1884488582677164
20
2.6761125196850393
11
-1.1909593307086614
21
2.6700516929133857
0
LINE
8
BLACK
6
CONTINUOUS
10
-1.1909593307086614
20
2.6700516929133857
11
-1.1946039763779528
21
2.6645970866141733
0
LINE
8
BLACK
6
CONTINUOUS
10
-1.1946039763779528
20
2.6645970866141733
11
-1.1992427559055119
21
2.659958307086614
0
LINE
8
BLACK
6
CONTINUOUS
10
-1.1992427559055119
20
2.659958307086614
11
-1.2046973622047243
21
2.6563136614173226
0
LINE
8
BLACK
6
CONTINUOUS
10
-1.2046973622047243
20
2.6563136614173226
11
-1.2107581889763779
21
2.653803188976378
0
LINE
8
BLACK
6
CONTINUOUS
10
-1.2107581889763779
20
2.653803188976378
11
-1.2171923228346457
21
2.6525233464566926
0
LINE
8
BLACK
6
CONTINUOUS
10
-1.2171923228346457
20
2.6525233464566926
11
-1.2237525590551181
21
2.6525233464566926
0
LINE
8
BLACK
6
CONTINUOUS
10
-1.2237525590551181
20
2.6525233464566926
11
-1.2301866929133858
21
2.653803188976378
0
LINE
8
BLACK
6
CONTINUOUS
10
-1.2301866929133858
20
2.653803188976378
11
-1.2362475196850393
21
2.6563136614173226
0
LINE
8
BLACK
6
CONTINUOUS
10
-1.2362475196850393
20
2.6563136614173226
11
-1.241702125984252
21
2.659958307086614
0
LINE
8
BLACK
6
CONTINUOUS
10
-1.241702125984252
20
2.659958307086614
11
-1.2463409055118111
21
2.6645970866141733
0
LINE
8
BLACK
6
CONTINUOUS
10
-1.2463409055118111
20
2.6645970866141733
11
-1.2499855511811024
21
2.6700516929133857
0
LINE
8
BLACK
6
CONTINUOUS
10
-1.2499855511811024
20
2.6700516929133857
11
-1.2524960236220473
21
2.6761125196850393
0
LINE
8
BLACK
6
CONTINUOUS
10
-1.2524960236220473
20
2.6761125196850393
11
-1.2537758661417322
21
2.6825466535433069
0
LINE
8
BLACK
6
CONTINUOUS
10
-1.2537758661417322
20
2.6825466535433069
11
-1.2537758661417322
21
2.6891068897637793
0
LINE
8
BLACK
6
CONTINUOUS
10
-1.2537758661417322
20
2.6891068897637793
11
-1.2524960236220473
21
2.6955410236220474
0
LINE
8
BLACK
6
CONTINUOUS
10
-1.2524960236220473
20
2.6955410236220474
11
-1.2499855511811024
21
2.7016018503937009
0
LINE
8
BLACK
6
CONTINUOUS
10
-1.2499855511811024
20
2.7016018503937009
11
-1.2463409055118111
21
2.7070564566929134
0
LINE
8
BLACK
6
CONTINUOUS
10
-1.2463409055118111
20
2.7070564566929134
11
-1.241702125984252
21
2.7116952362204723
0
LINE
8
BLACK
6
CONTINUOUS
10
-1.241702125984252
20
2.7116952362204723
11
-1.2362475196850393
21
2.7153398818897636
0
LINE
8
BLACK
6
CONTINUOUS
10
-1.2362475196850393
20
2.7153398818897636
11
-1.2301866929133858
21
2.7178503543307087
0
LINE
8
BLACK
6
CONTINUOUS
10
-1.2301866929133858
20
2.7178503543307087
11
-1.2237525590551181
21
2.7191301968503936
0
LINE
8
BLACK
6
CONTINUOUS
10
-1.2237525590551181
20
2.7191301968503936
11
-1.2171923228346457
21
2.7191301968503936
0
LINE
8
BLACK
6
CONTINUOUS
10
-1.2171923228346457
20
2.7191301968503936
11
-1.2107581889763779
21
2.7178503543307087
0
LINE
8
BLACK
6
CONTINUOUS
10
-1.310758188976378
20
2.8178503543307087
11
-1.3046973622047244
21
2.8153398818897637
0
LINE
8
BLACK
6
CONTINUOUS
10
-1.3046973622047244
20
2.8153398818897637
11
-1.2992427559055117
21
2.8116952362204723
0
LINE
8
BLACK
6
CONTINUOUS
10
-1.2992427559055117
20
2.8116952362204723
11
-1.2946039763779527
21
2.8070564566929135
0
LINE
8
BLACK
6
CONTINUOUS
10
-1.2946039763779527
20
2.8070564566929135
11
-1.2909593307086613
21
2.8016018503937006
0
LINE
8
BLACK
6
CONTINUOUS
10
-1.2909593307086613
20
2.8016018503937006
11
-1.2884488582677165
21
2.795541023622047
0
LINE
8
BLACK
6
CONTINUOUS
10
-1.2884488582677165
20
2.795541023622047
11
-1.2871690157480316
21
2.7891068897637794
0
LINE
8
BLACK
6
CONTINUOUS
10
-1.2871690157480316
20
2.7891068897637794
11
-1.2871690157480316
21
2.782546653543307
0
LINE
8
BLACK
6
CONTINUOUS
10
-1.2871690157480316
20
2.782546653543307
11
-1.2884488582677165
21
2.7761125196850394
0
LINE
8
BLACK
6
CONTINUOUS
10
-1.2884488582677165
20
2.7761125196850394
11
-1.2909593307086613
21
2.7700516929133858
0
LINE
8
BLACK
6
CONTINUOUS
10
-1.2909593307086613
20
2.7700516929133858
11
-1.2946039763779527
21
2.7645970866141734
0
LINE
8
BLACK
6
CONTINUOUS
10
-1.2946039763779527
20
2.7645970866141734
11
-1.2992427559055117
21
2.759958307086614
0
LINE
8
BLACK
6
CONTINUOUS
10
-1.2992427559055117
20
2.759958307086614
11
-1.3046973622047244
21
2.7563136614173227
0
LINE
8
BLACK
6
CONTINUOUS
10
-1.3046973622047244
20
2.7563136614173227
11
-1.310758188976378
21
2.7538031889763781
0
LINE
8
BLACK
6
CONTINUOUS
10
-1.310758188976378
20
2.7538031889763781
11
-1.3171923228346456
21
2.7525233464566927
0
LINE
8
BLACK
6
CONTINUOUS
10
-1.3171923228346456
20
2.7525233464566927
11
-1.323752559055118
21
2.7525233464566927
0
LINE
8
BLACK
6
CONTINUOUS
10
-1.323752559055118
20
2.7525233464566927
11
-1.3301866929133859
21
2.7538031889763781
0
LINE
8
BLACK
6
CONTINUOUS
10
-1.3301866929133859
20
2.7538031889763781
11
-1.3362475196850394
21
2.7563136614173227
0
LINE
8
BLACK
6
CONTINUOUS
10
-1.3362475196850394
20
2.7563136614173227
11
-1.3417021259842519
21
2.759958307086614
0
LINE
8
BLACK
6
CONTINUOUS
10
-1.3417021259842519
20
2.759958307086614
11
-1.346340905511811
21
2.7645970866141734
0
LINE
8
BLACK
6
CONTINUOUS
10
-1.346340905511811
20
2.7645970866141734
11
-1.3499855511811023
21
2.7700516929133858
0
LINE
8
BLACK
6
CONTINUOUS
10
-1.3499855511811023
20
2.7700516929133858
11
-1.3524960236220471
21
2.7761125196850394
0
LINE
8
BLACK
6
CONTINUOUS
10
-1.3524960236220471
20
2.7761125196850394
11
-1.3537758661417323
21
2.782546653543307
0
LINE
8
BLACK
6
CONTINUOUS
10
-1.3537758661417323
20
2.782546653543307
11
-1.3537758661417323
21
2.7891068897637794
0
LINE
8
BLACK
6
CONTINUOUS
10
-1.3537758661417323
20
2.7891068897637794
11
-1.3524960236220471
21
2.795541023622047
0
LINE
8
BLACK
6
CONTINUOUS
10
-1.3524960236220471
20
2.795541023622047
11
-1.3499855511811023
21
2.8016018503937006
0
LINE
8
BLACK
6
CONTINUOUS
10
-1.3499855511811023
20
2.8016018503937006
11
-1.346340905511811
21
2.8070564566929135
0
LINE
8
BLACK
6
CONTINUOUS
10
-1.346340905511811
20
2.8070564566929135
11
-1.3417021259842519
21
2.8116952362204723
0
LINE
8
BLACK
6
CONTINUOUS
10
-1.3417021259842519
20
2.8116952362204723
11
-1.3362475196850394
21
2.8153398818897637
0
LINE
8
BLACK
6
CONTINUOUS
10
-1.3362475196850394
20
2.8153398818897637
11
-1.3301866929133859
21
2.8178503543307087
0
LINE
8
BLACK
6
CONTINUOUS
10
-1.3301866929133859
20
2.8178503543307087
11
-1.323752559055118
21
2.8191301968503937
0
LINE
8
BLACK
6
CONTINUOUS
10
-1.323752559055118
20
2.8191301968503937
11
-1.3171923228346456
21
2.8191301968503937
0
LINE
8
BLACK
6
CONTINUOUS
10
-1.3171923228346456
20
2.8191301968503937
11
-1.310758188976378
21
2.8178503543307087
0
LINE
8
BLACK
6
CONTINUOUS
10
-1.2107581889763779
20
2.8178503543307087
11
-1.2046973622047243
21
2.8153398818897637
0
LINE
8
BLACK
6
CONTINUOUS
10
-1.2046973622047243
20
2.8153398818897637
11
-1.1992427559055119
21
2.8116952362204723
0
LINE
8
BLACK
6
CONTINUOUS
10
-1.1992427559055119
20
2.8116952362204723
11
-1.1946039763779528
21
2.8070564566929135
0
LINE
8
BLACK
6
CONTINUOUS
10
-1.1946039763779528
20
2.8070564566929135
11
-1.1909593307086614
21
2.8016018503937006
0
LINE
8
BLACK
6
CONTINUOUS
10
-1.1909593307086614
20
2.8016018503937006
11
-1.1884488582677164
21
2.795541023622047
0
LINE
8
BLACK
6
CONTINUOUS
10
-1.1884488582677164
20
2.795541023622047
11
-1.1871690157480315
21
2.7891068897637794
0
LINE
8
BLACK
6
CONTINUOUS
10
-1.1871690157480315
20
2.7891068897637794
11
-1.1871690157480315
21
2.782546653543307
0
LINE
8
BLACK
6
CONTINUOUS
10
-1.1871690157480315
20
2.782546653543307
11
-1.1884488582677164
21
2.7761125196850394
0
LINE
8
BLACK
6
CONTINUOUS
10
-1.1884488582677164
20
2.7761125196850394
11
-1.1909593307086614
21
2.7700516929133858
0
LINE
8
BLACK
6
CONTINUOUS
10
-1.1909593307086614
20
2.7700516929133858
11
-1.1946039763779528
21
2.7645970866141734
0
LINE
8
BLACK
6
CONTINUOUS
10
-1.1946039763779528
20
2.7645970866141734
11
-1.1992427559055119
21
2.759958307086614
0
LINE
8
BLACK
6
CONTINUOUS
10
-1.1992427559055119
20
2.759958307086614
11
-1.2046973622047243
21
2.7563136614173227
0
LINE
8
BLACK
6
CONTINUOUS
10
-1.2046973622047243
20
2.7563136614173227
11
-1.2107581889763779
21
2.7538031889763781
0
LINE
8
BLACK
6
CONTINUOUS
10
-1.2107581889763779
20
2.7538031889763781
11
-1.2171923228346457
21
2.7525233464566927
0
LINE
8
BLACK
6
CONTINUOUS
10
-1.2171923228346457
20
2.7525233464566927
11
-1.2237525590551181
21
2.7525233464566927
0
LINE
8
BLACK
6
CONTINUOUS
10
-1.2237525590551181
20
2.7525233464566927
11
-1.2301866929133858
21
2.7538031889763781
0
LINE
8
BLACK
6
CONTINUOUS
10
-1.2301866929133858
20
2.7538031889763781
11
-1.2362475196850393
21
2.7563136614173227
0
LINE
8
BLACK
6
CONTINUOUS
10
-1.2362475196850393
20
2.7563136614173227
11
-1.241702125984252
21
2.759958307086614
0
LINE
8
BLACK
6
CONTINUOUS
10
-1.241702125984252
20
2.759958307086614
11
-1.2463409055118111
21
2.7645970866141734
0
LINE
8
BLACK
6
CONTINUOUS
10
-1.2463409055118111
20
2.7645970866141734
11
-1.2499855511811024
21
2.7700516929133858
0
LINE
8
BLACK
6
CONTINUOUS
10
-1.2499855511811024
20
2.7700516929133858
11
-1.2524960236220473
21
2.7761125196850394
0
LINE
8
BLACK
6
CONTINUOUS
10
-1.2524960236220473
20
2.7761125196850394
11
-1.2537758661417322
21
2.782546653543307
0
LINE
8
BLACK
6
CONTINUOUS
10
-1.2537758661417322
20
2.782546653543307
11
-1.2537758661417322
21
2.7891068897637794
0
LINE
8
BLACK
6
CONTINUOUS
10
-1.2537758661417322
20
2.7891068897637794
11
-1.2524960236220473
21
2.795541023622047
0
LINE
8
BLACK
6
CONTINUOUS
10
-1.2524960236220473
20
2.795541023622047
11
-1.2499855511811024
21
2.8016018503937006
0
LINE
8
BLACK
6
CONTINUOUS
10
-1.2499855511811024
20
2.8016018503937006
11
-1.2463409055118111
21
2.8070564566929135
0
LINE
8
BLACK
6
CONTINUOUS
10
-1.2463409055118111
20
2.8070564566929135
11
-1.241702125984252
21
2.8116952362204723
0
LINE
8
BLACK
6
CONTINUOUS
10
-1.241702125984252
20
2.8116952362204723
11
-1.2362475196850393
21
2.8153398818897637
0
LINE
8
BLACK
6
CONTINUOUS
10
-1.2362475196850393
20
2.8153398818897637
11
-1.2301866929133858
21
2.8178503543307087
0
LINE
8
BLACK
6
CONTINUOUS
10
-1.2301866929133858
20
2.8178503543307087
11
-1.2237525590551181
21
2.8191301968503937
0
LINE
8
BLACK
6
CONTINUOUS
10
-1.2237525590551181
20
2.8191301968503937
11
-1.2171923228346457
21
2.8191301968503937
0
LINE
8
BLACK
6
CONTINUOUS
10
-1.2171923228346457
20
2.8191301968503937
11
-1.2107581889763779
21
2.8178503543307087
0
LINE
8
BLACK
6
CONTINUOUS
10
-1.310758188976378
20
2.9178503543307084
11
-1.3046973622047244
21
2.9153398818897638
0
LINE
8
BLACK
6
CONTINUOUS
10
-1.3046973622047244
20
2.9153398818897638
11
-1.2992427559055117
21
2.9116952362204724
0
LINE
8
BLACK
6
CONTINUOUS
10
-1.2992427559055117
20
2.9116952362204724
11
-1.2946039763779527
21
2.9070564566929131
0
LINE
8
BLACK
6
CONTINUOUS
10
-1.2946039763779527
20
2.9070564566929131
11
-1.2909593307086613
21
2.9016018503937007
0
LINE
8
BLACK
6
CONTINUOUS
10
-1.2909593307086613
20
2.9016018503937007
11
-1.2884488582677165
21
2.8955410236220471
0
LINE
8
BLACK
6
CONTINUOUS
10
-1.2884488582677165
20
2.8955410236220471
11
-1.2871690157480316
21
2.8891068897637795
0
LINE
8
BLACK
6
CONTINUOUS
10
-1.2871690157480316
20
2.8891068897637795
11
-1.2871690157480316
21
2.8825466535433071
0
LINE
8
BLACK
6
CONTINUOUS
10
-1.2871690157480316
20
2.8825466535433071
11
-1.2884488582677165
21
2.8761125196850394
0
LINE
8
BLACK
6
CONTINUOUS
10
-1.2884488582677165
20
2.8761125196850394
11
-1.2909593307086613
21
2.8700516929133859
0
LINE
8
BLACK
6
CONTINUOUS
10
-1.2909593307086613
20
2.8700516929133859
11
-1.2946039763779527
21
2.864597086614173
0
LINE
8
BLACK
6
CONTINUOUS
10
-1.2946039763779527
20
2.864597086614173
11
-1.2992427559055117
21
2.8599583070866141
0
LINE
8
BLACK
6
CONTINUOUS
10
-1.2992427559055117
20
2.8599583070866141
11
-1.3046973622047244
21
2.8563136614173228
0
LINE
8
BLACK
6
CONTINUOUS
10
-1.3046973622047244
20
2.8563136614173228
11
-1.310758188976378
21
2.8538031889763777
0
LINE
8
BLACK
6
CONTINUOUS
10
-1.310758188976378
20
2.8538031889763777
11
-1.3171923228346456
21
2.8525233464566928
0
LINE
8
BLACK
6
CONTINUOUS
10
-1.3171923228346456
20
2.8525233464566928
11
-1.323752559055118
21
2.8525233464566928
0
LINE
8
BLACK
6
CONTINUOUS
10
-1.323752559055118
20
2.8525233464566928
11
-1.3301866929133859
21
2.8538031889763777
0
LINE
8
BLACK
6
CONTINUOUS
10
-1.3301866929133859
20
2.8538031889763777
11
-1.3362475196850394
21
2.8563136614173228
0
LINE
8
BLACK
6
CONTINUOUS
10
-1.3362475196850394
20
2.8563136614173228
11
-1.3417021259842519
21
2.8599583070866141
0
LINE
8
BLACK
6
CONTINUOUS
10
-1.3417021259842519
20
2.8599583070866141
11
-1.346340905511811
21
2.864597086614173
0
LINE
8
BLACK
6
CONTINUOUS
10
-1.346340905511811
20
2.864597086614173
11
-1.3499855511811023
21
2.8700516929133859
0
LINE
8
BLACK
6
CONTINUOUS
10
-1.3499855511811023
20
2.8700516929133859
11
-1.3524960236220471
21
2.8761125196850394
0
LINE
8
BLACK
6
CONTINUOUS
10
-1.3524960236220471
20
2.8761125196850394
11
-1.3537758661417323
21
2.8825466535433071
0
LINE
8
BLACK
6
CONTINUOUS
10
-1.3537758661417323
20
2.8825466535433071
11
-1.3537758661417323
21
2.8891068897637795
0
LINE
8
BLACK
6
CONTINUOUS
10
-1.3537758661417323
20
2.8891068897637795
11
-1.3524960236220471
21
2.8955410236220471
0
LINE
8
BLACK
6
CONTINUOUS
10
-1.3524960236220471
20
2.8955410236220471
11
-1.3499855511811023
21
2.9016018503937007
0
LINE
8
BLACK
6
CONTINUOUS
10
-1.3499855511811023
20
2.9016018503937007
11
-1.346340905511811
21
2.9070564566929131
0
LINE
8
BLACK
6
CONTINUOUS
10
-1.346340905511811
20
2.9070564566929131
11
-1.3417021259842519
21
2.9116952362204724
0
LINE
8
BLACK
6
CONTINUOUS
10
-1.3417021259842519
20
2.9116952362204724
11
-1.3362475196850394
21
2.9153398818897638
0
LINE
8
BLACK
6
CONTINUOUS
10
-1.3362475196850394
20
2.9153398818897638
11
-1.3301866929133859
21
2.9178503543307084
0
LINE
8
BLACK
6
CONTINUOUS
10
-1.3301866929133859
20
2.9178503543307084
11
-1.323752559055118
21
2.9191301968503938
0
LINE
8
BLACK
6
CONTINUOUS
10
-1.323752559055118
20
2.9191301968503938
11
-1.3171923228346456
21
2.9191301968503938
0
LINE
8
BLACK
6
CONTINUOUS
10
-1.3171923228346456
20
2.9191301968503938
11
-1.310758188976378
21
2.9178503543307084
0
LINE
8
BLACK
6
CONTINUOUS
10
-1.2107581889763779
20
2.9178503543307084
11
-1.2046973622047243
21
2.9153398818897638
0
LINE
8
BLACK
6
CONTINUOUS
10
-1.2046973622047243
20
2.9153398818897638
11
-1.1992427559055119
21
2.9116952362204724
0
LINE
8
BLACK
6
CONTINUOUS
10
-1.1992427559055119
20
2.9116952362204724
11
-1.1946039763779528
21
2.9070564566929131
0
LINE
8
BLACK
6
CONTINUOUS
10
-1.1946039763779528
20
2.9070564566929131
11
-1.1909593307086614
21
2.9016018503937007
0
LINE
8
BLACK
6
CONTINUOUS
10
-1.1909593307086614
20
2.9016018503937007
11
-1.1884488582677164
21
2.8955410236220471
0
LINE
8
BLACK
6
CONTINUOUS
10
-1.1884488582677164
20
2.8955410236220471
11
-1.1871690157480315
21
2.8891068897637795
0
LINE
8
BLACK
6
CONTINUOUS
10
-1.1871690157480315
20
2.8891068897637795
11
-1.1871690157480315
21
2.8825466535433071
0
LINE
8
BLACK
6
CONTINUOUS
10
-1.1871690157480315
20
2.8825466535433071
11
-1.1884488582677164
21
2.8761125196850394
0
LINE
8
BLACK
6
CONTINUOUS
10
-1.1884488582677164
20
2.8761125196850394
11
-1.1909593307086614
21
2.8700516929133859
0
LINE
8
BLACK
6
CONTINUOUS
10
-1.1909593307086614
20
2.8700516929133859
11
-1.1946039763779528
21
2.864597086614173
0
LINE
8
BLACK
6
CONTINUOUS
10
-1.1946039763779528
20
2.864597086614173
11
-1.1992427559055119
21
2.8599583070866141
0
LINE
8
BLACK
6
CONTINUOUS
10
-1.1992427559055119
20
2.8599583070866141
11
-1.2046973622047243
21
2.8563136614173228
0
LINE
8
BLACK
6
CONTINUOUS
10
-1.2046973622047243
20
2.8563136614173228
11
-1.2107581889763779
21
2.8538031889763777
0
LINE
8
BLACK
6
CONTINUOUS
10
-1.2107581889763779
20
2.8538031889763777
11
-1.2171923228346457
21
2.8525233464566928
0
LINE
8
BLACK
6
CONTINUOUS
10
-1.2171923228346457
20
2.8525233464566928
11
-1.2237525590551181
21
2.8525233464566928
0
LINE
8
BLACK
6
CONTINUOUS
10
-1.2237525590551181
20
2.8525233464566928
11
-1.2301866929133858
21
2.8538031889763777
0
LINE
8
BLACK
6
CONTINUOUS
10
-1.2301866929133858
20
2.8538031889763777
11
-1.2362475196850393
21
2.8563136614173228
0
LINE
8
BLACK
6
CONTINUOUS
10
-1.2362475196850393
20
2.8563136614173228
11
-1.241702125984252
21
2.8599583070866141
0
LINE
8
BLACK
6
CONTINUOUS
10
-1.241702125984252
20
2.8599583070866141
11
-1.2463409055118111
21
2.864597086614173
0
LINE
8
BLACK
6
CONTINUOUS
10
-1.2463409055118111
20
2.864597086614173
11
-1.2499855511811024
21
2.8700516929133859
0
LINE
8
BLACK
6
CONTINUOUS
10
-1.2499855511811024
20
2.8700516929133859
11
-1.2524960236220473
21
2.8761125196850394
0
LINE
8
BLACK
6
CONTINUOUS
10
-1.2524960236220473
20
2.8761125196850394
11
-1.2537758661417322
21
2.8825466535433071
0
LINE
8
BLACK
6
CONTINUOUS
10
-1.2537758661417322
20
2.8825466535433071
11
-1.2537758661417322
21
2.8891068897637795
0
LINE
8
BLACK
6
CONTINUOUS
10
-1.2537758661417322
20
2.8891068897637795
11
-1.2524960236220473
21
2.8955410236220471
0
LINE
8
BLACK
6
CONTINUOUS
10
-1.2524960236220473
20
2.8955410236220471
11
-1.2499855511811024
21
2.9016018503937007
0
LINE
8
BLACK
6
CONTINUOUS
10
-1.2499855511811024
20
2.9016018503937007
11
-1.2463409055118111
21
2.9070564566929131
0
LINE
8
BLACK
6
CONTINUOUS
10
-1.2463409055118111
20
2.9070564566929131
11
-1.241702125984252
21
2.9116952362204724
0
LINE
8
BLACK
6
CONTINUOUS
10
-1.241702125984252
20
2.9116952362204724
11
-1.2362475196850393
21
2.9153398818897638
0
LINE
8
BLACK
6
CONTINUOUS
10
-1.2362475196850393
20
2.9153398818897638
11
-1.2301866929133858
21
2.9178503543307084
0
LINE
8
BLACK
6
CONTINUOUS
10
-1.2301866929133858
20
2.9178503543307084
11
-1.2237525590551181
21
2.9191301968503938
0
LINE
8
BLACK
6
CONTINUOUS
10
-1.2237525590551181
20
2.9191301968503938
11
-1.2171923228346457
21
2.9191301968503938
0
LINE
8
BLACK
6
CONTINUOUS
10
-1.2171923228346457
20
2.9191301968503938
11
-1.2107581889763779
21
2.9178503543307084
0
LINE
8
BLACK
6
CONTINUOUS
10
-1.310758188976378
20
3.0178503543307085
11
-1.3046973622047244
21
3.0153398818897639
0
LINE
8
BLACK
6
CONTINUOUS
10
-1.3046973622047244
20
3.0153398818897639
11
-1.2992427559055117
21
3.0116952362204725
0
LINE
8
BLACK
6
CONTINUOUS
10
-1.2992427559055117
20
3.0116952362204725
11
-1.2946039763779527
21
3.0070564566929132
0
LINE
8
BLACK
6
CONTINUOUS
10
-1.2946039763779527
20
3.0070564566929132
11
-1.2909593307086613
21
3.0016018503937008
0
LINE
8
BLACK
6
CONTINUOUS
10
-1.2909593307086613
20
3.0016018503937008
11
-1.2884488582677165
21
2.9955410236220472
0
LINE
8
BLACK
6
CONTINUOUS
10
-1.2884488582677165
20
2.9955410236220472
11
-1.2871690157480316
21
2.9891068897637796
0
LINE
8
BLACK
6
CONTINUOUS
10
-1.2871690157480316
20
2.9891068897637796
11
-1.2871690157480316
21
2.9825466535433072
0
LINE
8
BLACK
6
CONTINUOUS
10
-1.2871690157480316
20
2.9825466535433072
11
-1.2884488582677165
21
2.9761125196850391
0
LINE
8
BLACK
6
CONTINUOUS
10
-1.2884488582677165
20
2.9761125196850391
11
-1.2909593307086613
21
2.9700516929133856
0
LINE
8
BLACK
6
CONTINUOUS
10
-1.2909593307086613
20
2.9700516929133856
11
-1.2946039763779527
21
2.9645970866141731
0
LINE
8
BLACK
6
CONTINUOUS
10
-1.2946039763779527
20
2.9645970866141731
11
-1.2992427559055117
21
2.9599583070866142
0
LINE
8
BLACK
6
CONTINUOUS
10
-1.2992427559055117
20
2.9599583070866142
11
-1.3046973622047244
21
2.9563136614173229
0
LINE
8
BLACK
6
CONTINUOUS
10
-1.3046973622047244
20
2.9563136614173229
11
-1.310758188976378
21
2.9538031889763778
0
LINE
8
BLACK
6
CONTINUOUS
10
-1.310758188976378
20
2.9538031889763778
11
-1.3171923228346456
21
2.9525233464566929
0
LINE
8
BLACK
6
CONTINUOUS
10
-1.3171923228346456
20
2.9525233464566929
11
-1.323752559055118
21
2.9525233464566929
0
LINE
8
BLACK
6
CONTINUOUS
10
-1.323752559055118
20
2.9525233464566929
11
-1.3301866929133859
21
2.9538031889763778
0
LINE
8
BLACK
6
CONTINUOUS
10
-1.3301866929133859
20
2.9538031889763778
11
-1.3362475196850394
21
2.9563136614173229
0
LINE
8
BLACK
6
CONTINUOUS
10
-1.3362475196850394
20
2.9563136614173229
11
-1.3417021259842519
21
2.9599583070866142
0
LINE
8
BLACK
6
CONTINUOUS
10
-1.3417021259842519
20
2.9599583070866142
11
-1.346340905511811
21
2.9645970866141731
0
LINE
8
BLACK
6
CONTINUOUS
10
-1.346340905511811
20
2.9645970866141731
11
-1.3499855511811023
21
2.9700516929133856
0
LINE
8
BLACK
6
CONTINUOUS
10
-1.3499855511811023
20
2.9700516929133856
11
-1.3524960236220471
21
2.9761125196850391
0
LINE
8
BLACK
6
CONTINUOUS
10
-1.3524960236220471
20
2.9761125196850391
11
-1.3537758661417323
21
2.9825466535433072
0
LINE
8
BLACK
6
CONTINUOUS
10
-1.3537758661417323
20
2.9825466535433072
11
-1.3537758661417323
21
2.9891068897637796
0
LINE
8
BLACK
6
CONTINUOUS
10
-1.3537758661417323
20
2.9891068897637796
11
-1.3524960236220471
21
2.9955410236220472
0
LINE
8
BLACK
6
CONTINUOUS
10
-1.3524960236220471
20
2.9955410236220472
11
-1.3499855511811023
21
3.0016018503937008
0
LINE
8
BLACK
6
CONTINUOUS
10
-1.3499855511811023
20
3.0016018503937008
11
-1.346340905511811
21
3.0070564566929132
0
LINE
8
BLACK
6
CONTINUOUS
10
-1.346340905511811
20
3.0070564566929132
11
-1.3417021259842519
21
3.0116952362204725
0
LINE
8
BLACK
6
CONTINUOUS
10
-1.3417021259842519
20
3.0116952362204725
11
-1.3362475196850394
21
3.0153398818897639
0
LINE
8
BLACK
6
CONTINUOUS
10
-1.3362475196850394
20
3.0153398818897639
11
-1.3301866929133859
21
3.0178503543307085
0
LINE
8
BLACK
6
CONTINUOUS
10
-1.3301866929133859
20
3.0178503543307085
11
-1.323752559055118
21
3.0191301968503934
0
LINE
8
BLACK
6
CONTINUOUS
10
-1.323752559055118
20
3.0191301968503934
11
-1.3171923228346456
21
3.0191301968503934
0
LINE
8
BLACK
6
CONTINUOUS
10
-1.3171923228346456
20
3.0191301968503934
11
-1.310758188976378
21
3.0178503543307085
0
LINE
8
BLACK
6
CONTINUOUS
10
-1.2107581889763779
20
3.0178503543307085
11
-1.2046973622047243
21
3.0153398818897639
0
LINE
8
BLACK
6
CONTINUOUS
10
-1.2046973622047243
20
3.0153398818897639
11
-1.1992427559055119
21
3.0116952362204725
0
LINE
8
BLACK
6
CONTINUOUS
10
-1.1992427559055119
20
3.0116952362204725
11
-1.1946039763779528
21
3.0070564566929132
0
LINE
8
BLACK
6
CONTINUOUS
10
-1.1946039763779528
20
3.0070564566929132
11
-1.1909593307086614
21
3.0016018503937008
0
LINE
8
BLACK
6
CONTINUOUS
10
-1.1909593307086614
20
3.0016018503937008
11
-1.1884488582677164
21
2.9955410236220472
0
LINE
8
BLACK
6
CONTINUOUS
10
-1.1884488582677164
20
2.9955410236220472
11
-1.1871690157480315
21
2.9891068897637796
0
LINE
8
BLACK
6
CONTINUOUS
10
-1.1871690157480315
20
2.9891068897637796
11
-1.1871690157480315
21
2.9825466535433072
0
LINE
8
BLACK
6
CONTINUOUS
10
-1.1871690157480315
20
2.9825466535433072
11
-1.1884488582677164
21
2.9761125196850391
0
LINE
8
BLACK
6
CONTINUOUS
10
-1.1884488582677164
20
2.9761125196850391
11
-1.1909593307086614
21
2.9700516929133856
0
LINE
8
BLACK
6
CONTINUOUS
10
-1.1909593307086614
20
2.9700516929133856
11
-1.1946039763779528
21
2.9645970866141731
0
LINE
8
BLACK
6
CONTINUOUS
10
-1.1946039763779528
20
2.9645970866141731
11
-1.1992427559055119
21
2.9599583070866142
0
LINE
8
BLACK
6
CONTINUOUS
10
-1.1992427559055119
20
2.9599583070866142
11
-1.2046973622047243
21
2.9563136614173229
0
LINE
8
BLACK
6
CONTINUOUS
10
-1.2046973622047243
20
2.9563136614173229
11
-1.2107581889763779
21
2.9538031889763778
0
LINE
8
BLACK
6
CONTINUOUS
10
-1.2107581889763779
20
2.9538031889763778
11
-1.2171923228346457
21
2.9525233464566929
0
LINE
8
BLACK
6
CONTINUOUS
10
-1.2171923228346457
20
2.9525233464566929
11
-1.2237525590551181
21
2.9525233464566929
0
LINE
8
BLACK
6
CONTINUOUS
10
-1.2237525590551181
20
2.9525233464566929
11
-1.2301866929133858
21
2.9538031889763778
0
LINE
8
BLACK
6
CONTINUOUS
10
-1.2301866929133858
20
2.9538031889763778
11
-1.2362475196850393
21
2.9563136614173229
0
LINE
8
BLACK
6
CONTINUOUS
10
-1.2362475196850393
20
2.9563136614173229
11
-1.241702125984252
21
2.9599583070866142
0
LINE
8
BLACK
6
CONTINUOUS
10
-1.241702125984252
20
2.9599583070866142
11
-1.2463409055118111
21
2.9645970866141731
0
LINE
8
BLACK
6
CONTINUOUS
10
-1.2463409055118111
20
2.9645970866141731
11
-1.2499855511811024
21
2.9700516929133856
0
LINE
8
BLACK
6
CONTINUOUS
10
-1.2499855511811024
20
2.9700516929133856
11
-1.2524960236220473
21
2.9761125196850391
0
LINE
8
BLACK
6
CONTINUOUS
10
-1.2524960236220473
20
2.9761125196850391
11
-1.2537758661417322
21
2.9825466535433072
0
LINE
8
BLACK
6
CONTINUOUS
10
-1.2537758661417322
20
2.9825466535433072
11
-1.2537758661417322
21
2.9891068897637796
0
LINE
8
BLACK
6
CONTINUOUS
10
-1.2537758661417322
20
2.9891068897637796
11
-1.2524960236220473
21
2.9955410236220472
0
LINE
8
BLACK
6
CONTINUOUS
10
-1.2524960236220473
20
2.9955410236220472
11
-1.2499855511811024
21
3.0016018503937008
0
LINE
8
BLACK
6
CONTINUOUS
10
-1.2499855511811024
20
3.0016018503937008
11
-1.2463409055118111
21
3.0070564566929132
0
LINE
8
BLACK
6
CONTINUOUS
10
-1.2463409055118111
20
3.0070564566929132
11
-1.241702125984252
21
3.0116952362204725
0
LINE
8
BLACK
6
CONTINUOUS
10
-1.241702125984252
20
3.0116952362204725
11
-1.2362475196850393
21
3.0153398818897639
0
LINE
8
BLACK
6
CONTINUOUS
10
-1.2362475196850393
20
3.0153398818897639
11
-1.2301866929133858
21
3.0178503543307085
0
LINE
8
BLACK
6
CONTINUOUS
10
-1.2301866929133858
20
3.0178503543307085
11
-1.2237525590551181
21
3.0191301968503934
0
LINE
8
BLACK
6
CONTINUOUS
10
-1.2237525590551181
20
3.0191301968503934
11
-1.2171923228346457
21
3.0191301968503934
0
LINE
8
BLACK
6
CONTINUOUS
10
-1.2171923228346457
20
3.0191301968503934
11
-1.2107581889763779
21
3.0178503543307085
0
LINE
8
BLACK
6
CONTINUOUS
10
-1.310758188976378
20
3.1178503543307086
11
-1.3046973622047244
21
3.1153398818897635
0
LINE
8
BLACK
6
CONTINUOUS
10
-1.3046973622047244
20
3.1153398818897635
11
-1.2992427559055117
21
3.1116952362204722
0
LINE
8
BLACK
6
CONTINUOUS
10
-1.2992427559055117
20
3.1116952362204722
11
-1.2946039763779527
21
3.1070564566929133
0
LINE
8
BLACK
6
CONTINUOUS
10
-1.2946039763779527
20
3.1070564566929133
11
-1.2909593307086613
21
3.1016018503937008
0
LINE
8
BLACK
6
CONTINUOUS
10
-1.2909593307086613
20
3.1016018503937008
11
-1.2884488582677165
21
3.0955410236220473
0
LINE
8
BLACK
6
CONTINUOUS
10
-1.2884488582677165
20
3.0955410236220473
11
-1.2871690157480316
21
3.0891068897637797
0
LINE
8
BLACK
6
CONTINUOUS
10
-1.2871690157480316
20
3.0891068897637797
11
-1.2871690157480316
21
3.0825466535433068
0
LINE
8
BLACK
6
CONTINUOUS
10
-1.2871690157480316
20
3.0825466535433068
11
-1.2884488582677165
21
3.0761125196850392
0
LINE
8
BLACK
6
CONTINUOUS
10
-1.2884488582677165
20
3.0761125196850392
11
-1.2909593307086613
21
3.0700516929133856
0
LINE
8
BLACK
6
CONTINUOUS
10
-1.2909593307086613
20
3.0700516929133856
11
-1.2946039763779527
21
3.0645970866141732
0
LINE
8
BLACK
6
CONTINUOUS
10
-1.2946039763779527
20
3.0645970866141732
11
-1.2992427559055117
21
3.0599583070866143
0
LINE
8
BLACK
6
CONTINUOUS
10
-1.2992427559055117
20
3.0599583070866143
11
-1.3046973622047244
21
3.056313661417323
0
LINE
8
BLACK
6
CONTINUOUS
10
-1.3046973622047244
20
3.056313661417323
11
-1.310758188976378
21
3.0538031889763779
0
LINE
8
BLACK
6
CONTINUOUS
10
-1.310758188976378
20
3.0538031889763779
11
-1.3171923228346456
21
3.052523346456693
0
LINE
8
BLACK
6
CONTINUOUS
10
-1.3171923228346456
20
3.052523346456693
11
-1.323752559055118
21
3.052523346456693
0
LINE
8
BLACK
6
CONTINUOUS
10
-1.323752559055118
20
3.052523346456693
11
-1.3301866929133859
21
3.0538031889763779
0
LINE
8
BLACK
6
CONTINUOUS
10
-1.3301866929133859
20
3.0538031889763779
11
-1.3362475196850394
21
3.056313661417323
0
LINE
8
BLACK
6
CONTINUOUS
10
-1.3362475196850394
20
3.056313661417323
11
-1.3417021259842519
21
3.0599583070866143
0
LINE
8
BLACK
6
CONTINUOUS
10
-1.3417021259842519
20
3.0599583070866143
11
-1.346340905511811
21
3.0645970866141732
0
LINE
8
BLACK
6
CONTINUOUS
10
-1.346340905511811
20
3.0645970866141732
11
-1.3499855511811023
21
3.0700516929133856
0
LINE
8
BLACK
6
CONTINUOUS
10
-1.3499855511811023
20
3.0700516929133856
11
-1.3524960236220471
21
3.0761125196850392
0
LINE
8
BLACK
6
CONTINUOUS
10
-1.3524960236220471
20
3.0761125196850392
11
-1.3537758661417323
21
3.0825466535433068
0
LINE
8
BLACK
6
CONTINUOUS
10
-1.3537758661417323
20
3.0825466535433068
11
-1.3537758661417323
21
3.0891068897637797
0
LINE
8
BLACK
6
CONTINUOUS
10
-1.3537758661417323
20
3.0891068897637797
11
-1.3524960236220471
21
3.0955410236220473
0
LINE
8
BLACK
6
CONTINUOUS
10
-1.3524960236220471
20
3.0955410236220473
11
-1.3499855511811023
21
3.1016018503937008
0
LINE
8
BLACK
6
CONTINUOUS
10
-1.3499855511811023
20
3.1016018503937008
11
-1.346340905511811
21
3.1070564566929133
0
LINE
8
BLACK
6
CONTINUOUS
10
-1.346340905511811
20
3.1070564566929133
11
-1.3417021259842519
21
3.1116952362204722
0
LINE
8
BLACK
6
CONTINUOUS
10
-1.3417021259842519
20
3.1116952362204722
11
-1.3362475196850394
21
3.1153398818897635
0
LINE
8
BLACK
6
CONTINUOUS
10
-1.3362475196850394
20
3.1153398818897635
11
-1.3301866929133859
21
3.1178503543307086
0
LINE
8
BLACK
6
CONTINUOUS
10
-1.3301866929133859
20
3.1178503543307086
11
-1.323752559055118
21
3.1191301968503935
0
LINE
8
BLACK
6
CONTINUOUS
10
-1.323752559055118
20
3.1191301968503935
11
-1.3171923228346456
21
3.1191301968503935
0
LINE
8
BLACK
6
CONTINUOUS
10
-1.3171923228346456
20
3.1191301968503935
11
-1.310758188976378
21
3.1178503543307086
0
LINE
8
BLACK
6
CONTINUOUS
10
-1.2107581889763779
20
3.1178503543307086
11
-1.2046973622047243
21
3.1153398818897635
0
LINE
8
BLACK
6
CONTINUOUS
10
-1.2046973622047243
20
3.1153398818897635
11
-1.1992427559055119
21
3.1116952362204722
0
LINE
8
BLACK
6
CONTINUOUS
10
-1.1992427559055119
20
3.1116952362204722
11
-1.1946039763779528
21
3.1070564566929133
0
LINE
8
BLACK
6
CONTINUOUS
10
-1.1946039763779528
20
3.1070564566929133
11
-1.1909593307086614
21
3.1016018503937008
0
LINE
8
BLACK
6
CONTINUOUS
10
-1.1909593307086614
20
3.1016018503937008
11
-1.1884488582677164
21
3.0955410236220473
0
LINE
8
BLACK
6
CONTINUOUS
10
-1.1884488582677164
20
3.0955410236220473
11
-1.1871690157480315
21
3.0891068897637797
0
LINE
8
BLACK
6
CONTINUOUS
10
-1.1871690157480315
20
3.0891068897637797
11
-1.1871690157480315
21
3.0825466535433068
0
LINE
8
BLACK
6
CONTINUOUS
10
-1.1871690157480315
20
3.0825466535433068
11
-1.1884488582677164
21
3.0761125196850392
0
LINE
8
BLACK
6
CONTINUOUS
10
-1.1884488582677164
20
3.0761125196850392
11
-1.1909593307086614
21
3.0700516929133856
0
LINE
8
BLACK
6
CONTINUOUS
10
-1.1909593307086614
20
3.0700516929133856
11
-1.1946039763779528
21
3.0645970866141732
0
LINE
8
BLACK
6
CONTINUOUS
10
-1.1946039763779528
20
3.0645970866141732
11
-1.1992427559055119
21
3.0599583070866143
0
LINE
8
BLACK
6
CONTINUOUS
10
-1.1992427559055119
20
3.0599583070866143
11
-1.2046973622047243
21
3.056313661417323
0
LINE
8
BLACK
6
CONTINUOUS
10
-1.2046973622047243
20
3.056313661417323
11
-1.2107581889763779
21
3.0538031889763779
0
LINE
8
BLACK
6
CONTINUOUS
10
-1.2107581889763779
20
3.0538031889763779
11
-1.2171923228346457
21
3.052523346456693
0
LINE
8
BLACK
6
CONTINUOUS
10
-1.2171923228346457
20
3.052523346456693
11
-1.2237525590551181
21
3.052523346456693
0
LINE
8
BLACK
6
CONTINUOUS
10
-1.2237525590551181
20
3.052523346456693
11
-1.2301866929133858
21
3.0538031889763779
0
LINE
8
BLACK
6
CONTINUOUS
10
-1.2301866929133858
20
3.0538031889763779
11
-1.2362475196850393
21
3.056313661417323
0
LINE
8
BLACK
6
CONTINUOUS
10
-1.2362475196850393
20
3.056313661417323
11
-1.241702125984252
21
3.0599583070866143
0
LINE
8
BLACK
6
CONTINUOUS
10
-1.241702125984252
20
3.0599583070866143
11
-1.2463409055118111
21
3.0645970866141732
0
LINE
8
BLACK
6
CONTINUOUS
10
-1.2463409055118111
20
3.0645970866141732
11
-1.2499855511811024
21
3.0700516929133856
0
LINE
8
BLACK
6
CONTINUOUS
10
-1.2499855511811024
20
3.0700516929133856
11
-1.2524960236220473
21
3.0761125196850392
0
LINE
8
BLACK
6
CONTINUOUS
10
-1.2524960236220473
20
3.0761125196850392
11
-1.2537758661417322
21
3.0825466535433068
0
LINE
8
BLACK
6
CONTINUOUS
10
-1.2537758661417322
20
3.0825466535433068
11
-1.2537758661417322
21
3.0891068897637797
0
LINE
8
BLACK
6
CONTINUOUS
10
-1.2537758661417322
20
3.0891068897637797
11
-1.2524960236220473
21
3.0955410236220473
0
LINE
8
BLACK
6
CONTINUOUS
10
-1.2524960236220473
20
3.0955410236220473
11
-1.2499855511811024
21
3.1016018503937008
0
LINE
8
BLACK
6
CONTINUOUS
10
-1.2499855511811024
20
3.1016018503937008
11
-1.2463409055118111
21
3.1070564566929133
0
LINE
8
BLACK
6
CONTINUOUS
10
-1.2463409055118111
20
3.1070564566929133
11
-1.241702125984252
21
3.1116952362204722
0
LINE
8
BLACK
6
CONTINUOUS
10
-1.241702125984252
20
3.1116952362204722
11
-1.2362475196850393
21
3.1153398818897635
0
LINE
8
BLACK
6
CONTINUOUS
10
-1.2362475196850393
20
3.1153398818897635
11
-1.2301866929133858
21
3.1178503543307086
0
LINE
8
BLACK
6
CONTINUOUS
10
-1.2301866929133858
20
3.1178503543307086
11
-1.2237525590551181
21
3.1191301968503935
0
LINE
8
BLACK
6
CONTINUOUS
10
-1.2237525590551181
20
3.1191301968503935
11
-1.2171923228346457
21
3.1191301968503935
0
LINE
8
BLACK
6
CONTINUOUS
10
-1.2171923228346457
20
3.1191301968503935
11
-1.2107581889763779
21
3.1178503543307086
0
LINE
8
BLACK
6
CONTINUOUS
10
-1.310758188976378
20
3.2178503543307087
11
-1.3046973622047244
21
3.2153398818897636
0
LINE
8
BLACK
6
CONTINUOUS
10
-1.3046973622047244
20
3.2153398818897636
11
-1.2992427559055117
21
3.2116952362204723
0
LINE
8
BLACK
6
CONTINUOUS
10
-1.2992427559055117
20
3.2116952362204723
11
-1.2946039763779527
21
3.2070564566929134
0
LINE
8
BLACK
6
CONTINUOUS
10
-1.2946039763779527
20
3.2070564566929134
11
-1.2909593307086613
21
3.2016018503937009
0
LINE
8
BLACK
6
CONTINUOUS
10
-1.2909593307086613
20
3.2016018503937009
11
-1.2884488582677165
21
3.1955410236220469
0
LINE
8
BLACK
6
CONTINUOUS
10
-1.2884488582677165
20
3.1955410236220469
11
-1.2871690157480316
21
3.1891068897637793
0
LINE
8
BLACK
6
CONTINUOUS
10
-1.2871690157480316
20
3.1891068897637793
11
-1.2871690157480316
21
3.1825466535433069
0
LINE
8
BLACK
6
CONTINUOUS
10
-1.2871690157480316
20
3.1825466535433069
11
-1.2884488582677165
21
3.1761125196850393
0
LINE
8
BLACK
6
CONTINUOUS
10
-1.2884488582677165
20
3.1761125196850393
11
-1.2909593307086613
21
3.1700516929133857
0
LINE
8
BLACK
6
CONTINUOUS
10
-1.2909593307086613
20
3.1700516929133857
11
-1.2946039763779527
21
3.1645970866141733
0
LINE
8
BLACK
6
CONTINUOUS
10
-1.2946039763779527
20
3.1645970866141733
11
-1.2992427559055117
21
3.159958307086614
0
LINE
8
BLACK
6
CONTINUOUS
10
-1.2992427559055117
20
3.159958307086614
11
-1.3046973622047244
21
3.1563136614173226
0
LINE
8
BLACK
6
CONTINUOUS
10
-1.3046973622047244
20
3.1563136614173226
11
-1.310758188976378
21
3.153803188976378
0
LINE
8
BLACK
6
CONTINUOUS
10
-1.310758188976378
20
3.153803188976378
11
-1.3171923228346456
21
3.1525233464566926
0
LINE
8
BLACK
6
CONTINUOUS
10
-1.3171923228346456
20
3.1525233464566926
11
-1.323752559055118
21
3.1525233464566926
0
LINE
8
BLACK
6
CONTINUOUS
10
-1.323752559055118
20
3.1525233464566926
11
-1.3301866929133859
21
3.153803188976378
0
LINE
8
BLACK
6
CONTINUOUS
10
-1.3301866929133859
20
3.153803188976378
11
-1.3362475196850394
21
3.1563136614173226
0
LINE
8
BLACK
6
CONTINUOUS
10
-1.3362475196850394
20
3.1563136614173226
11
-1.3417021259842519
21
3.159958307086614
0
LINE
8
BLACK
6
CONTINUOUS
10
-1.3417021259842519
20
3.159958307086614
11
-1.346340905511811
21
3.1645970866141733
0
LINE
8
BLACK
6
CONTINUOUS
10
-1.346340905511811
20
3.1645970866141733
11
-1.3499855511811023
21
3.1700516929133857
0
LINE
8
BLACK
6
CONTINUOUS
10
-1.3499855511811023
20
3.1700516929133857
11
-1.3524960236220471
21
3.1761125196850393
0
LINE
8
BLACK
6
CONTINUOUS
10
-1.3524960236220471
20
3.1761125196850393
11
-1.3537758661417323
21
3.1825466535433069
0
LINE
8
BLACK
6
CONTINUOUS
10
-1.3537758661417323
20
3.1825466535433069
11
-1.3537758661417323
21
3.1891068897637793
0
LINE
8
BLACK
6
CONTINUOUS
10
-1.3537758661417323
20
3.1891068897637793
11
-1.3524960236220471
21
3.1955410236220469
0
LINE
8
BLACK
6
CONTINUOUS
10
-1.3524960236220471
20
3.1955410236220469
11
-1.3499855511811023
21
3.2016018503937009
0
LINE
8
BLACK
6
CONTINUOUS
10
-1.3499855511811023
20
3.2016018503937009
11
-1.346340905511811
21
3.2070564566929134
0
LINE
8
BLACK
6
CONTINUOUS
10
-1.346340905511811
20
3.2070564566929134
11
-1.3417021259842519
21
3.2116952362204723
0
LINE
8
BLACK
6
CONTINUOUS
10
-1.3417021259842519
20
3.2116952362204723
11
-1.3362475196850394
21
3.2153398818897636
0
LINE
8
BLACK
6
CONTINUOUS
10
-1.3362475196850394
20
3.2153398818897636
11
-1.3301866929133859
21
3.2178503543307087
0
LINE
8
BLACK
6
CONTINUOUS
10
-1.3301866929133859
20
3.2178503543307087
11
-1.323752559055118
21
3.2191301968503936
0
LINE
8
BLACK
6
CONTINUOUS
10
-1.323752559055118
20
3.2191301968503936
11
-1.3171923228346456
21
3.2191301968503936
0
LINE
8
BLACK
6
CONTINUOUS
10
-1.3171923228346456
20
3.2191301968503936
11
-1.310758188976378
21
3.2178503543307087
0
LINE
8
BLACK
6
CONTINUOUS
10
-1.2107581889763779
20
3.2178503543307087
11
-1.2046973622047243
21
3.2153398818897636
0
LINE
8
BLACK
6
CONTINUOUS
10
-1.2046973622047243
20
3.2153398818897636
11
-1.1992427559055119
21
3.2116952362204723
0
LINE
8
BLACK
6
CONTINUOUS
10
-1.1992427559055119
20
3.2116952362204723
11
-1.1946039763779528
21
3.2070564566929134
0
LINE
8
BLACK
6
CONTINUOUS
10
-1.1946039763779528
20
3.2070564566929134
11
-1.1909593307086614
21
3.2016018503937009
0
LINE
8
BLACK
6
CONTINUOUS
10
-1.1909593307086614
20
3.2016018503937009
11
-1.1884488582677164
21
3.1955410236220469
0
LINE
8
BLACK
6
CONTINUOUS
10
-1.1884488582677164
20
3.1955410236220469
11
-1.1871690157480315
21
3.1891068897637793
0
LINE
8
BLACK
6
CONTINUOUS
10
-1.1871690157480315
20
3.1891068897637793
11
-1.1871690157480315
21
3.1825466535433069
0
LINE
8
BLACK
6
CONTINUOUS
10
-1.1871690157480315
20
3.1825466535433069
11
-1.1884488582677164
21
3.1761125196850393
0
LINE
8
BLACK
6
CONTINUOUS
10
-1.1884488582677164
20
3.1761125196850393
11
-1.1909593307086614
21
3.1700516929133857
0
LINE
8
BLACK
6
CONTINUOUS
10
-1.1909593307086614
20
3.1700516929133857
11
-1.1946039763779528
21
3.1645970866141733
0
LINE
8
BLACK
6
CONTINUOUS
10
-1.1946039763779528
20
3.1645970866141733
11
-1.1992427559055119
21
3.159958307086614
0
LINE
8
BLACK
6
CONTINUOUS
10
-1.1992427559055119
20
3.159958307086614
11
-1.2046973622047243
21
3.1563136614173226
0
LINE
8
BLACK
6
CONTINUOUS
10
-1.2046973622047243
20
3.1563136614173226
11
-1.2107581889763779
21
3.153803188976378
0
LINE
8
BLACK
6
CONTINUOUS
10
-1.2107581889763779
20
3.153803188976378
11
-1.2171923228346457
21
3.1525233464566926
0
LINE
8
BLACK
6
CONTINUOUS
10
-1.2171923228346457
20
3.1525233464566926
11
-1.2237525590551181
21
3.1525233464566926
0
LINE
8
BLACK
6
CONTINUOUS
10
-1.2237525590551181
20
3.1525233464566926
11
-1.2301866929133858
21
3.153803188976378
0
LINE
8
BLACK
6
CONTINUOUS
10
-1.2301866929133858
20
3.153803188976378
11
-1.2362475196850393
21
3.1563136614173226
0
LINE
8
BLACK
6
CONTINUOUS
10
-1.2362475196850393
20
3.1563136614173226
11
-1.241702125984252
21
3.159958307086614
0
LINE
8
BLACK
6
CONTINUOUS
10
-1.241702125984252
20
3.159958307086614
11
-1.2463409055118111
21
3.1645970866141733
0
LINE
8
BLACK
6
CONTINUOUS
10
-1.2463409055118111
20
3.1645970866141733
11
-1.2499855511811024
21
3.1700516929133857
0
LINE
8
BLACK
6
CONTINUOUS
10
-1.2499855511811024
20
3.1700516929133857
11
-1.2524960236220473
21
3.1761125196850393
0
LINE
8
BLACK
6
CONTINUOUS
10
-1.2524960236220473
20
3.1761125196850393
11
-1.2537758661417322
21
3.1825466535433069
0
LINE
8
BLACK
6
CONTINUOUS
10
-1.2537758661417322
20
3.1825466535433069
11
-1.2537758661417322
21
3.1891068897637793
0
LINE
8
BLACK
6
CONTINUOUS
10
-1.2537758661417322
20
3.1891068897637793
11
-1.2524960236220473
21
3.1955410236220469
0
LINE
8
BLACK
6
CONTINUOUS
10
-1.2524960236220473
20
3.1955410236220469
11
-1.2499855511811024
21
3.2016018503937009
0
LINE
8
BLACK
6
CONTINUOUS
10
-1.2499855511811024
20
3.2016018503937009
11
-1.2463409055118111
21
3.2070564566929134
0
LINE
8
BLACK
6
CONTINUOUS
10
-1.2463409055118111
20
3.2070564566929134
11
-1.241702125984252
21
3.2116952362204723
0
LINE
8
BLACK
6
CONTINUOUS
10
-1.241702125984252
20
3.2116952362204723
11
-1.2362475196850393
21
3.2153398818897636
0
LINE
8
BLACK
6
CONTINUOUS
10
-1.2362475196850393
20
3.2153398818897636
11
-1.2301866929133858
21
3.2178503543307087
0
LINE
8
BLACK
6
CONTINUOUS
10
-1.2301866929133858
20
3.2178503543307087
11
-1.2237525590551181
21
3.2191301968503936
0
LINE
8
BLACK
6
CONTINUOUS
10
-1.2237525590551181
20
3.2191301968503936
11
-1.2171923228346457
21
3.2191301968503936
0
LINE
8
BLACK
6
CONTINUOUS
10
-1.2171923228346457
20
3.2191301968503936
11
-1.2107581889763779
21
3.2178503543307087
0
LINE
8
BLACK
6
CONTINUOUS
10
0.5618700393700787
20
3.2472822834645667
11
0.565063188976378
21
3.2451487007874014
0
LINE
8
BLACK
6
CONTINUOUS
10
0.565063188976378
20
3.2451487007874014
11
0.5671967716535433
21
3.2419555511811025
0
LINE
8
BLACK
6
CONTINUOUS
10
0.5671967716535433
20
3.2419555511811025
11
0.5679459842519685
21
3.2381889763779528
0
LINE
8
BLACK
6
CONTINUOUS
10
0.5679459842519685
20
3.2381889763779528
11
0.5679459842519685
21
3.1948818897637796
0
LINE
8
BLACK
6
CONTINUOUS
10
0.5679459842519685
20
3.1948818897637796
11
0.5671967716535433
21
3.1911153149606299
0
LINE
8
BLACK
6
CONTINUOUS
10
0.5671967716535433
20
3.1911153149606299
11
0.565063188976378
21
3.1879221653543306
0
LINE
8
BLACK
6
CONTINUOUS
10
0.565063188976378
20
3.1879221653543306
11
0.5618700393700787
21
3.1857885826771652
0
LINE
8
BLACK
6
CONTINUOUS
10
0.5618700393700787
20
3.1857885826771652
11
0.5581034645669292
21
3.1850393700787403
0
LINE
8
BLACK
6
CONTINUOUS
10
0.5581034645669292
20
3.1850393700787403
11
0.5147963779527559
21
3.1850393700787403
0
LINE
8
BLACK
6
CONTINUOUS
10
0.5147963779527559
20
3.1850393700787403
11
0.5110298031496063
21
3.1857885826771652
0
LINE
8
BLACK
6
CONTINUOUS
10
0.5110298031496063
20
3.1857885826771652
11
0.5078366535433071
21
3.1879221653543306
0
LINE
8
BLACK
6
CONTINUOUS
10
0.5078366535433071
20
3.1879221653543306
11
0.5057030708661417
21
3.1911153149606299
0
LINE
8
BLACK
6
CONTINUOUS
10
0.5057030708661417
20
3.1911153149606299
11
0.5049538582677165
21
3.1948818897637796
0
LINE
8
BLACK
6
CONTINUOUS
10
0.5049538582677165
20
3.1948818897637796
11
0.5049538582677165
21
3.2381889763779528
0
LINE
8
BLACK
6
CONTINUOUS
10
0.5049538582677165
20
3.2381889763779528
11
0.5057030708661417
21
3.2419555511811025
0
LINE
8
BLACK
6
CONTINUOUS
10
0.5057030708661417
20
3.2419555511811025
11
0.5078366535433071
21
3.2451487007874014
0
LINE
8
BLACK
6
CONTINUOUS
10
0.5078366535433071
20
3.2451487007874014
11
0.5110298031496063
21
3.2472822834645667
0
LINE
8
BLACK
6
CONTINUOUS
10
0.5110298031496063
20
3.2472822834645667
11
0.5147963779527559
21
3.2480314960629921
0
LINE
8
BLACK
6
CONTINUOUS
10
0.5147963779527559
20
3.2480314960629921
11
0.5581034645669292
21
3.2480314960629921
0
LINE
8
BLACK
6
CONTINUOUS
10
0.5581034645669292
20
3.2480314960629921
11
0.5618700393700787
21
3.2472822834645667
0
LINE
8
BLACK
6
CONTINUOUS
10
0.4077974803149606
20
3.246675275590551
11
0.4135017716535433
21
3.2443124803149606
0
LINE
8
BLACK
6
CONTINUOUS
10
0.4135017716535433
20
3.2443124803149606
11
0.4186355511811023
21
3.2408822047244095
0
LINE
8
BLACK
6
CONTINUOUS
10
0.4186355511811023
20
3.2408822047244095
11
0.4230014173228346
21
3.236516338582677
0
LINE
8
BLACK
6
CONTINUOUS
10
0.4230014173228346
20
3.236516338582677
11
0.4264316929133858
21
3.2313825590551182
0
LINE
8
BLACK
6
CONTINUOUS
10
0.4264316929133858
20
3.2313825590551182
11
0.4287944881889764
21
3.2256782677165354
0
LINE
8
BLACK
6
CONTINUOUS
10
0.4287944881889764
20
3.2256782677165354
11
0.4299990551181102
21
3.2196225984251967
0
LINE
8
BLACK
6
CONTINUOUS
10
0.4299990551181102
20
3.2196225984251967
11
0.4299990551181102
21
3.2134482677165352
0
LINE
8
BLACK
6
CONTINUOUS
10
0.4299990551181102
20
3.2134482677165352
11
0.4287944881889764
21
3.207392598425197
0
LINE
8
BLACK
6
CONTINUOUS
10
0.4287944881889764
20
3.207392598425197
11
0.4264316929133858
21
3.2016883070866142
0
LINE
8
BLACK
6
CONTINUOUS
10
0.4264316929133858
20
3.2016883070866142
11
0.4230014173228346
21
3.196554527559055
0
LINE
8
BLACK
6
CONTINUOUS
10
0.4230014173228346
20
3.196554527559055
11
0.4186355511811023
21
3.1921886614173229
0
LINE
8
BLACK
6
CONTINUOUS
10
0.4186355511811023
20
3.1921886614173229
11
0.4135017716535433
21
3.1887583858267714
0
LINE
8
BLACK
6
CONTINUOUS
10
0.4135017716535433
20
3.1887583858267714
11
0.4077974803149606
21
3.1863955905511809
0
LINE
8
BLACK
6
CONTINUOUS
10
0.4077974803149606
20
3.1863955905511809
11
0.4017418110236221
21
3.1851910236220471
0
LINE
8
BLACK
6
CONTINUOUS
10
0.4017418110236221
20
3.1851910236220471
11
0.3955674803149606
21
3.1851910236220471
0
LINE
8
BLACK
6
CONTINUOUS
10
0.3955674803149606
20
3.1851910236220471
11
0.389511811023622
21
3.1863955905511809
0
LINE
8
BLACK
6
CONTINUOUS
10
0.389511811023622
20
3.1863955905511809
11
0.3838075196850393
21
3.1887583858267714
0
LINE
8
BLACK
6
CONTINUOUS
10
0.3838075196850393
20
3.1887583858267714
11
0.3786737401574803
21
3.1921886614173229
0
LINE
8
BLACK
6
CONTINUOUS
10
0.3786737401574803
20
3.1921886614173229
11
0.374307874015748
21
3.196554527559055
0
LINE
8
BLACK
6
CONTINUOUS
10
0.374307874015748
20
3.196554527559055
11
0.3708775984251969
21
3.2016883070866142
0
LINE
8
BLACK
6
CONTINUOUS
10
0.3708775984251969
20
3.2016883070866142
11
0.3685148031496063
21
3.207392598425197
0
LINE
8
BLACK
6
CONTINUOUS
10
0.3685148031496063
20
3.207392598425197
11
0.3673102362204724
21
3.2134482677165352
0
LINE
8
BLACK
6
CONTINUOUS
10
0.3673102362204724
20
3.2134482677165352
11
0.3673102362204724
21
3.2196225984251967
0
LINE
8
BLACK
6
CONTINUOUS
10
0.3673102362204724
20
3.2196225984251967
11
0.3685148031496063
21
3.2256782677165354
0
LINE
8
BLACK
6
CONTINUOUS
10
0.3685148031496063
20
3.2256782677165354
11
0.3708775984251969
21
3.2313825590551182
0
LINE
8
BLACK
6
CONTINUOUS
10
0.3708775984251969
20
3.2313825590551182
11
0.374307874015748
21
3.236516338582677
0
LINE
8
BLACK
6
CONTINUOUS
10
0.374307874015748
20
3.236516338582677
11
0.3786737401574803
21
3.2408822047244095
0
LINE
8
BLACK
6
CONTINUOUS
10
0.3786737401574803
20
3.2408822047244095
11
0.3838075196850393
21
3.2443124803149606
0
LINE
8
BLACK
6
CONTINUOUS
10
0.3838075196850393
20
3.2443124803149606
11
0.389511811023622
21
3.246675275590551
0
LINE
8
BLACK
6
CONTINUOUS
10
0.389511811023622
20
3.246675275590551
11
0.3955674803149606
21
3.2478798425196849
0
LINE
8
BLACK
6
CONTINUOUS
10
0.3955674803149606
20
3.2478798425196849
11
0.4017418110236221
21
3.2478798425196849
0
LINE
8
BLACK
6
CONTINUOUS
10
0.4017418110236221
20
3.2478798425196849
11
0.4077974803149606
21
3.246675275590551
0
LINE
8
BLACK
6
CONTINUOUS
10
-1.310758188976378
20
3.3178503543307087
11
-1.3046973622047244
21
3.3153398818897637
0
LINE
8
BLACK
6
CONTINUOUS
10
-1.3046973622047244
20
3.3153398818897637
11
-1.2992427559055117
21
3.3116952362204723
0
LINE
8
BLACK
6
CONTINUOUS
10
-1.2992427559055117
20
3.3116952362204723
11
-1.2946039763779527
21
3.3070564566929135
0
LINE
8
BLACK
6
CONTINUOUS
10
-1.2946039763779527
20
3.3070564566929135
11
-1.2909593307086613
21
3.3016018503937006
0
LINE
8
BLACK
6
CONTINUOUS
10
-1.2909593307086613
20
3.3016018503937006
11
-1.2884488582677165
21
3.295541023622047
0
LINE
8
BLACK
6
CONTINUOUS
10
-1.2884488582677165
20
3.295541023622047
11
-1.2871690157480316
21
3.2891068897637794
0
LINE
8
BLACK
6
CONTINUOUS
10
-1.2871690157480316
20
3.2891068897637794
11
-1.2871690157480316
21
3.282546653543307
0
LINE
8
BLACK
6
CONTINUOUS
10
-1.2871690157480316
20
3.282546653543307
11
-1.2884488582677165
21
3.2761125196850394
0
LINE
8
BLACK
6
CONTINUOUS
10
-1.2884488582677165
20
3.2761125196850394
11
-1.2909593307086613
21
3.2700516929133858
0
LINE
8
BLACK
6
CONTINUOUS
10
-1.2909593307086613
20
3.2700516929133858
11
-1.2946039763779527
21
3.2645970866141734
0
LINE
8
BLACK
6
CONTINUOUS
10
-1.2946039763779527
20
3.2645970866141734
11
-1.2992427559055117
21
3.259958307086614
0
LINE
8
BLACK
6
CONTINUOUS
10
-1.2992427559055117
20
3.259958307086614
11
-1.3046973622047244
21
3.2563136614173227
0
LINE
8
BLACK
6
CONTINUOUS
10
-1.3046973622047244
20
3.2563136614173227
11
-1.310758188976378
21
3.2538031889763777
0
LINE
8
BLACK
6
CONTINUOUS
10
-1.310758188976378
20
3.2538031889763777
11
-1.3171923228346456
21
3.2525233464566927
0
LINE
8
BLACK
6
CONTINUOUS
10
-1.3171923228346456
20
3.2525233464566927
11
-1.323752559055118
21
3.2525233464566927
0
LINE
8
BLACK
6
CONTINUOUS
10
-1.323752559055118
20
3.2525233464566927
11
-1.3301866929133859
21
3.2538031889763777
0
LINE
8
BLACK
6
CONTINUOUS
10
-1.3301866929133859
20
3.2538031889763777
11
-1.3362475196850394
21
3.2563136614173227
0
LINE
8
BLACK
6
CONTINUOUS
10
-1.3362475196850394
20
3.2563136614173227
11
-1.3417021259842519
21
3.259958307086614
0
LINE
8
BLACK
6
CONTINUOUS
10
-1.3417021259842519
20
3.259958307086614
11
-1.346340905511811
21
3.2645970866141734
0
LINE
8
BLACK
6
CONTINUOUS
10
-1.346340905511811
20
3.2645970866141734
11
-1.3499855511811023
21
3.2700516929133858
0
LINE
8
BLACK
6
CONTINUOUS
10
-1.3499855511811023
20
3.2700516929133858
11
-1.3524960236220471
21
3.2761125196850394
0
LINE
8
BLACK
6
CONTINUOUS
10
-1.3524960236220471
20
3.2761125196850394
11
-1.3537758661417323
21
3.282546653543307
0
LINE
8
BLACK
6
CONTINUOUS
10
-1.3537758661417323
20
3.282546653543307
11
-1.3537758661417323
21
3.2891068897637794
0
LINE
8
BLACK
6
CONTINUOUS
10
-1.3537758661417323
20
3.2891068897637794
11
-1.3524960236220471
21
3.295541023622047
0
LINE
8
BLACK
6
CONTINUOUS
10
-1.3524960236220471
20
3.295541023622047
11
-1.3499855511811023
21
3.3016018503937006
0
LINE
8
BLACK
6
CONTINUOUS
10
-1.3499855511811023
20
3.3016018503937006
11
-1.346340905511811
21
3.3070564566929135
0
LINE
8
BLACK
6
CONTINUOUS
10
-1.346340905511811
20
3.3070564566929135
11
-1.3417021259842519
21
3.3116952362204723
0
LINE
8
BLACK
6
CONTINUOUS
10
-1.3417021259842519
20
3.3116952362204723
11
-1.3362475196850394
21
3.3153398818897637
0
LINE
8
BLACK
6
CONTINUOUS
10
-1.3362475196850394
20
3.3153398818897637
11
-1.3301866929133859
21
3.3178503543307087
0
LINE
8
BLACK
6
CONTINUOUS
10
-1.3301866929133859
20
3.3178503543307087
11
-1.323752559055118
21
3.3191301968503937
0
LINE
8
BLACK
6
CONTINUOUS
10
-1.323752559055118
20
3.3191301968503937
11
-1.3171923228346456
21
3.3191301968503937
0
LINE
8
BLACK
6
CONTINUOUS
10
-1.3171923228346456
20
3.3191301968503937
11
-1.310758188976378
21
3.3178503543307087
0
LINE
8
BLACK
6
CONTINUOUS
10
-1.2107581889763779
20
3.3178503543307087
11
-1.2046973622047243
21
3.3153398818897637
0
LINE
8
BLACK
6
CONTINUOUS
10
-1.2046973622047243
20
3.3153398818897637
11
-1.1992427559055119
21
3.3116952362204723
0
LINE
8
BLACK
6
CONTINUOUS
10
-1.1992427559055119
20
3.3116952362204723
11
-1.1946039763779528
21
3.3070564566929135
0
LINE
8
BLACK
6
CONTINUOUS
10
-1.1946039763779528
20
3.3070564566929135
11
-1.1909593307086614
21
3.3016018503937006
0
LINE
8
BLACK
6
CONTINUOUS
10
-1.1909593307086614
20
3.3016018503937006
11
-1.1884488582677164
21
3.295541023622047
0
LINE
8
BLACK
6
CONTINUOUS
10
-1.1884488582677164
20
3.295541023622047
11
-1.1871690157480315
21
3.2891068897637794
0
LINE
8
BLACK
6
CONTINUOUS
10
-1.1871690157480315
20
3.2891068897637794
11
-1.1871690157480315
21
3.282546653543307
0
LINE
8
BLACK
6
CONTINUOUS
10
-1.1871690157480315
20
3.282546653543307
11
-1.1884488582677164
21
3.2761125196850394
0
LINE
8
BLACK
6
CONTINUOUS
10
-1.1884488582677164
20
3.2761125196850394
11
-1.1909593307086614
21
3.2700516929133858
0
LINE
8
BLACK
6
CONTINUOUS
10
-1.1909593307086614
20
3.2700516929133858
11
-1.1946039763779528
21
3.2645970866141734
0
LINE
8
BLACK
6
CONTINUOUS
10
-1.1946039763779528
20
3.2645970866141734
11
-1.1992427559055119
21
3.259958307086614
0
LINE
8
BLACK
6
CONTINUOUS
10
-1.1992427559055119
20
3.259958307086614
11
-1.2046973622047243
21
3.2563136614173227
0
LINE
8
BLACK
6
CONTINUOUS
10
-1.2046973622047243
20
3.2563136614173227
11
-1.2107581889763779
21
3.2538031889763777
0
LINE
8
BLACK
6
CONTINUOUS
10
-1.2107581889763779
20
3.2538031889763777
11
-1.2171923228346457
21
3.2525233464566927
0
LINE
8
BLACK
6
CONTINUOUS
10
-1.2171923228346457
20
3.2525233464566927
11
-1.2237525590551181
21
3.2525233464566927
0
LINE
8
BLACK
6
CONTINUOUS
10
-1.2237525590551181
20
3.2525233464566927
11
-1.2301866929133858
21
3.2538031889763777
0
LINE
8
BLACK
6
CONTINUOUS
10
-1.2301866929133858
20
3.2538031889763777
11
-1.2362475196850393
21
3.2563136614173227
0
LINE
8
BLACK
6
CONTINUOUS
10
-1.2362475196850393
20
3.2563136614173227
11
-1.241702125984252
21
3.259958307086614
0
LINE
8
BLACK
6
CONTINUOUS
10
-1.241702125984252
20
3.259958307086614
11
-1.2463409055118111
21
3.2645970866141734
0
LINE
8
BLACK
6
CONTINUOUS
10
-1.2463409055118111
20
3.2645970866141734
11
-1.2499855511811024
21
3.2700516929133858
0
LINE
8
BLACK
6
CONTINUOUS
10
-1.2499855511811024
20
3.2700516929133858
11
-1.2524960236220473
21
3.2761125196850394
0
LINE
8
BLACK
6
CONTINUOUS
10
-1.2524960236220473
20
3.2761125196850394
11
-1.2537758661417322
21
3.282546653543307
0
LINE
8
BLACK
6
CONTINUOUS
10
-1.2537758661417322
20
3.282546653543307
11
-1.2537758661417322
21
3.2891068897637794
0
LINE
8
BLACK
6
CONTINUOUS
10
-1.2537758661417322
20
3.2891068897637794
11
-1.2524960236220473
21
3.295541023622047
0
LINE
8
BLACK
6
CONTINUOUS
10
-1.2524960236220473
20
3.295541023622047
11
-1.2499855511811024
21
3.3016018503937006
0
LINE
8
BLACK
6
CONTINUOUS
10
-1.2499855511811024
20
3.3016018503937006
11
-1.2463409055118111
21
3.3070564566929135
0
LINE
8
BLACK
6
CONTINUOUS
10
-1.2463409055118111
20
3.3070564566929135
11
-1.241702125984252
21
3.3116952362204723
0
LINE
8
BLACK
6
CONTINUOUS
10
-1.241702125984252
20
3.3116952362204723
11
-1.2362475196850393
21
3.3153398818897637
0
LINE
8
BLACK
6
CONTINUOUS
10
-1.2362475196850393
20
3.3153398818897637
11
-1.2301866929133858
21
3.3178503543307087
0
LINE
8
BLACK
6
CONTINUOUS
10
-1.2301866929133858
20
3.3178503543307087
11
-1.2237525590551181
21
3.3191301968503937
0
LINE
8
BLACK
6
CONTINUOUS
10
-1.2237525590551181
20
3.3191301968503937
11
-1.2171923228346457
21
3.3191301968503937
0
LINE
8
BLACK
6
CONTINUOUS
10
-1.2171923228346457
20
3.3191301968503937
11
-1.2107581889763779
21
3.3178503543307087
0
LINE
8
BLACK
6
CONTINUOUS
10
-1.310758188976378
20
3.4178503543307084
11
-1.3046973622047244
21
3.4153398818897638
0
LINE
8
BLACK
6
CONTINUOUS
10
-1.3046973622047244
20
3.4153398818897638
11
-1.2992427559055117
21
3.4116952362204724
0
LINE
8
BLACK
6
CONTINUOUS
10
-1.2992427559055117
20
3.4116952362204724
11
-1.2946039763779527
21
3.4070564566929131
0
LINE
8
BLACK
6
CONTINUOUS
10
-1.2946039763779527
20
3.4070564566929131
11
-1.2909593307086613
21
3.4016018503937007
0
LINE
8
BLACK
6
CONTINUOUS
10
-1.2909593307086613
20
3.4016018503937007
11
-1.2884488582677165
21
3.3955410236220471
0
LINE
8
BLACK
6
CONTINUOUS
10
-1.2884488582677165
20
3.3955410236220471
11
-1.2871690157480316
21
3.3891068897637795
0
LINE
8
BLACK
6
CONTINUOUS
10
-1.2871690157480316
20
3.3891068897637795
11
-1.2871690157480316
21
3.3825466535433071
0
LINE
8
BLACK
6
CONTINUOUS
10
-1.2871690157480316
20
3.3825466535433071
11
-1.2884488582677165
21
3.3761125196850394
0
LINE
8
BLACK
6
CONTINUOUS
10
-1.2884488582677165
20
3.3761125196850394
11
-1.2909593307086613
21
3.3700516929133859
0
LINE
8
BLACK
6
CONTINUOUS
10
-1.2909593307086613
20
3.3700516929133859
11
-1.2946039763779527
21
3.364597086614173
0
LINE
8
BLACK
6
CONTINUOUS
10
-1.2946039763779527
20
3.364597086614173
11
-1.2992427559055117
21
3.3599583070866141
0
LINE
8
BLACK
6
CONTINUOUS
10
-1.2992427559055117
20
3.3599583070866141
11
-1.3046973622047244
21
3.3563136614173228
0
LINE
8
BLACK
6
CONTINUOUS
10
-1.3046973622047244
20
3.3563136614173228
11
-1.310758188976378
21
3.3538031889763777
0
LINE
8
BLACK
6
CONTINUOUS
10
-1.310758188976378
20
3.3538031889763777
11
-1.3171923228346456
21
3.3525233464566928
0
LINE
8
BLACK
6
CONTINUOUS
10
-1.3171923228346456
20
3.3525233464566928
11
-1.323752559055118
21
3.3525233464566928
0
LINE
8
BLACK
6
CONTINUOUS
10
-1.323752559055118
20
3.3525233464566928
11
-1.3301866929133859
21
3.3538031889763777
0
LINE
8
BLACK
6
CONTINUOUS
10
-1.3301866929133859
20
3.3538031889763777
11
-1.3362475196850394
21
3.3563136614173228
0
LINE
8
BLACK
6
CONTINUOUS
10
-1.3362475196850394
20
3.3563136614173228
11
-1.3417021259842519
21
3.3599583070866141
0
LINE
8
BLACK
6
CONTINUOUS
10
-1.3417021259842519
20
3.3599583070866141
11
-1.346340905511811
21
3.364597086614173
0
LINE
8
BLACK
6
CONTINUOUS
10
-1.346340905511811
20
3.364597086614173
11
-1.3499855511811023
21
3.3700516929133859
0
LINE
8
BLACK
6
CONTINUOUS
10
-1.3499855511811023
20
3.3700516929133859
11
-1.3524960236220471
21
3.3761125196850394
0
LINE
8
BLACK
6
CONTINUOUS
10
-1.3524960236220471
20
3.3761125196850394
11
-1.3537758661417323
21
3.3825466535433071
0
LINE
8
BLACK
6
CONTINUOUS
10
-1.3537758661417323
20
3.3825466535433071
11
-1.3537758661417323
21
3.3891068897637795
0
LINE
8
BLACK
6
CONTINUOUS
10
-1.3537758661417323
20
3.3891068897637795
11
-1.3524960236220471
21
3.3955410236220471
0
LINE
8
BLACK
6
CONTINUOUS
10
-1.3524960236220471
20
3.3955410236220471
11
-1.3499855511811023
21
3.4016018503937007
0
LINE
8
BLACK
6
CONTINUOUS
10
-1.3499855511811023
20
3.4016018503937007
11
-1.346340905511811
21
3.4070564566929131
0
LINE
8
BLACK
6
CONTINUOUS
10
-1.346340905511811
20
3.4070564566929131
11
-1.3417021259842519
21
3.4116952362204724
0
LINE
8
BLACK
6
CONTINUOUS
10
-1.3417021259842519
20
3.4116952362204724
11
-1.3362475196850394
21
3.4153398818897638
0
LINE
8
BLACK
6
CONTINUOUS
10
-1.3362475196850394
20
3.4153398818897638
11
-1.3301866929133859
21
3.4178503543307084
0
LINE
8
BLACK
6
CONTINUOUS
10
-1.3301866929133859
20
3.4178503543307084
11
-1.323752559055118
21
3.4191301968503938
0
LINE
8
BLACK
6
CONTINUOUS
10
-1.323752559055118
20
3.4191301968503938
11
-1.3171923228346456
21
3.4191301968503938
0
LINE
8
BLACK
6
CONTINUOUS
10
-1.3171923228346456
20
3.4191301968503938
11
-1.310758188976378
21
3.4178503543307084
0
LINE
8
BLACK
6
CONTINUOUS
10
-1.2107581889763779
20
3.4178503543307084
11
-1.2046973622047243
21
3.4153398818897638
0
LINE
8
BLACK
6
CONTINUOUS
10
-1.2046973622047243
20
3.4153398818897638
11
-1.1992427559055119
21
3.4116952362204724
0
LINE
8
BLACK
6
CONTINUOUS
10
-1.1992427559055119
20
3.4116952362204724
11
-1.1946039763779528
21
3.4070564566929131
0
LINE
8
BLACK
6
CONTINUOUS
10
-1.1946039763779528
20
3.4070564566929131
11
-1.1909593307086614
21
3.4016018503937007
0
LINE
8
BLACK
6
CONTINUOUS
10
-1.1909593307086614
20
3.4016018503937007
11
-1.1884488582677164
21
3.3955410236220471
0
LINE
8
BLACK
6
CONTINUOUS
10
-1.1884488582677164
20
3.3955410236220471
11
-1.1871690157480315
21
3.3891068897637795
0
LINE
8
BLACK
6
CONTINUOUS
10
-1.1871690157480315
20
3.3891068897637795
11
-1.1871690157480315
21
3.3825466535433071
0
LINE
8
BLACK
6
CONTINUOUS
10
-1.1871690157480315
20
3.3825466535433071
11
-1.1884488582677164
21
3.3761125196850394
0
LINE
8
BLACK
6
CONTINUOUS
10
-1.1884488582677164
20
3.3761125196850394
11
-1.1909593307086614
21
3.3700516929133859
0
LINE
8
BLACK
6
CONTINUOUS
10
-1.1909593307086614
20
3.3700516929133859
11
-1.1946039763779528
21
3.364597086614173
0
LINE
8
BLACK
6
CONTINUOUS
10
-1.1946039763779528
20
3.364597086614173
11
-1.1992427559055119
21
3.3599583070866141
0
LINE
8
BLACK
6
CONTINUOUS
10
-1.1992427559055119
20
3.3599583070866141
11
-1.2046973622047243
21
3.3563136614173228
0
LINE
8
BLACK
6
CONTINUOUS
10
-1.2046973622047243
20
3.3563136614173228
11
-1.2107581889763779
21
3.3538031889763777
0
LINE
8
BLACK
6
CONTINUOUS
10
-1.2107581889763779
20
3.3538031889763777
11
-1.2171923228346457
21
3.3525233464566928
0
LINE
8
BLACK
6
CONTINUOUS
10
-1.2171923228346457
20
3.3525233464566928
11
-1.2237525590551181
21
3.3525233464566928
0
LINE
8
BLACK
6
CONTINUOUS
10
-1.2237525590551181
20
3.3525233464566928
11
-1.2301866929133858
21
3.3538031889763777
0
LINE
8
BLACK
6
CONTINUOUS
10
-1.2301866929133858
20
3.3538031889763777
11
-1.2362475196850393
21
3.3563136614173228
0
LINE
8
BLACK
6
CONTINUOUS
10
-1.2362475196850393
20
3.3563136614173228
11
-1.241702125984252
21
3.3599583070866141
0
LINE
8
BLACK
6
CONTINUOUS
10
-1.241702125984252
20
3.3599583070866141
11
-1.2463409055118111
21
3.364597086614173
0
LINE
8
BLACK
6
CONTINUOUS
10
-1.2463409055118111
20
3.364597086614173
11
-1.2499855511811024
21
3.3700516929133859
0
LINE
8
BLACK
6
CONTINUOUS
10
-1.2499855511811024
20
3.3700516929133859
11
-1.2524960236220473
21
3.3761125196850394
0
LINE
8
BLACK
6
CONTINUOUS
10
-1.2524960236220473
20
3.3761125196850394
11
-1.2537758661417322
21
3.3825466535433071
0
LINE
8
BLACK
6
CONTINUOUS
10
-1.2537758661417322
20
3.3825466535433071
11
-1.2537758661417322
21
3.3891068897637795
0
LINE
8
BLACK
6
CONTINUOUS
10
-1.2537758661417322
20
3.3891068897637795
11
-1.2524960236220473
21
3.3955410236220471
0
LINE
8
BLACK
6
CONTINUOUS
10
-1.2524960236220473
20
3.3955410236220471
11
-1.2499855511811024
21
3.4016018503937007
0
LINE
8
BLACK
6
CONTINUOUS
10
-1.2499855511811024
20
3.4016018503937007
11
-1.2463409055118111
21
3.4070564566929131
0
LINE
8
BLACK
6
CONTINUOUS
10
-1.2463409055118111
20
3.4070564566929131
11
-1.241702125984252
21
3.4116952362204724
0
LINE
8
BLACK
6
CONTINUOUS
10
-1.241702125984252
20
3.4116952362204724
11
-1.2362475196850393
21
3.4153398818897638
0
LINE
8
BLACK
6
CONTINUOUS
10
-1.2362475196850393
20
3.4153398818897638
11
-1.2301866929133858
21
3.4178503543307084
0
LINE
8
BLACK
6
CONTINUOUS
10
-1.2301866929133858
20
3.4178503543307084
11
-1.2237525590551181
21
3.4191301968503938
0
LINE
8
BLACK
6
CONTINUOUS
10
-1.2237525590551181
20
3.4191301968503938
11
-1.2171923228346457
21
3.4191301968503938
0
LINE
8
BLACK
6
CONTINUOUS
10
-1.2171923228346457
20
3.4191301968503938
11
-1.2107581889763779
21
3.4178503543307084
0
LINE
8
BLACK
6
CONTINUOUS
10
1.6546267322834645
20
3.5869138976377952
11
1.6675396456692912
21
3.5839666141732285
0
LINE
8
BLACK
6
CONTINUOUS
10
1.6675396456692912
20
3.5839666141732285
11
1.6800413385826771
21
3.5795920866141731
0
LINE
8
BLACK
6
CONTINUOUS
10
1.6800413385826771
20
3.5795920866141731
11
1.69197468503937
21
3.5738452755905512
0
LINE
8
BLACK
6
CONTINUOUS
10
1.69197468503937
20
3.5738452755905512
11
1.7031895275590552
21
3.5667985433070863
0
LINE
8
BLACK
6
CONTINUOUS
10
1.7031895275590552
20
3.5667985433070863
11
1.7135448818897638
21
3.5585403937007873
0
LINE
8
BLACK
6
CONTINUOUS
10
1.7135448818897638
20
3.5585403937007873
11
1.7229104724409448
21
3.5491748031496062
0
LINE
8
BLACK
6
CONTINUOUS
10
1.7229104724409448
20
3.5491748031496062
11
1.731168622047244
21
3.5388194488188978
0
LINE
8
BLACK
6
CONTINUOUS
10
1.731168622047244
20
3.5388194488188978
11
1.7382153543307086
21
3.5276046062992124
0
LINE
8
BLACK
6
CONTINUOUS
10
1.7382153543307086
20
3.5276046062992124
11
1.7439621653543307
21
3.5156712598425197
0
LINE
8
BLACK
6
CONTINUOUS
10
1.7439621653543307
20
3.5156712598425197
11
1.7483366929133859
21
3.5031695669291336
0
LINE
8
BLACK
6
CONTINUOUS
10
1.7483366929133859
20
3.5031695669291336
11
1.7512839763779526
21
3.4902566535433071
0
LINE
8
BLACK
6
CONTINUOUS
10
1.7512839763779526
20
3.4902566535433071
11
1.7527669291338581
21
3.4770949212598423
0
LINE
8
BLACK
6
CONTINUOUS
10
1.7527669291338581
20
3.4770949212598423
11
1.7527669291338581
21
3.4638499606299211
0
LINE
8
BLACK
6
CONTINUOUS
10
1.7527669291338581
20
3.4638499606299211
11
1.7512839763779526
21
3.4506882283464568
0
LINE
8
BLACK
6
CONTINUOUS
10
1.7512839763779526
20
3.4506882283464568
11
1.7483366929133859
21
3.4377753149606298
0
LINE
8
BLACK
6
CONTINUOUS
10
1.7483366929133859
20
3.4377753149606298
11
1.7439621653543307
21
3.4252736220472442
0
LINE
8
BLACK
6
CONTINUOUS
10
1.7439621653543307
20
3.4252736220472442
11
1.7382153543307086
21
3.4133402755905511
0
LINE
8
BLACK
6
CONTINUOUS
10
1.7382153543307086
20
3.4133402755905511
11
1.731168622047244
21
3.4021254330708661
0
LINE
8
BLACK
6
CONTINUOUS
10
1.731168622047244
20
3.4021254330708661
11
1.7229104724409448
21
3.3917700787401572
0
LINE
8
BLACK
6
CONTINUOUS
10
1.7229104724409448
20
3.3917700787401572
11
1.7135448818897638
21
3.3824044881889761
0
LINE
8
BLACK
6
CONTINUOUS
10
1.7135448818897638
20
3.3824044881889761
11
1.7031895275590552
21
3.3741463385826771
0
LINE
8
BLACK
6
CONTINUOUS
10
1.7031895275590552
20
3.3741463385826771
11
1.69197468503937
21
3.3670996062992127
0
LINE
8
BLACK
6
CONTINUOUS
10
1.69197468503937
20
3.3670996062992127
11
1.6800413385826771
21
3.3613527952755904
0
LINE
8
BLACK
6
CONTINUOUS
10
1.6800413385826771
20
3.3613527952755904
11
1.6675396456692912
21
3.3569782677165354
0
LINE
8
BLACK
6
CONTINUOUS
10
1.6675396456692912
20
3.3569782677165354
11
1.6546267322834645
21
3.3540309842519682
0
LINE
8
BLACK
6
CONTINUOUS
10
1.6546267322834645
20
3.3540309842519682
11
1.641465
21
3.3525480314960627
0
LINE
8
BLACK
6
CONTINUOUS
10
1.641465
20
3.3525480314960627
11
1.6282200393700788
21
3.3525480314960627
0
LINE
8
BLACK
6
CONTINUOUS
10
1.6282200393700788
20
3.3525480314960627
11
1.6150583070866142
21
3.3540309842519682
0
LINE
8
BLACK
6
CONTINUOUS
10
1.6150583070866142
20
3.3540309842519682
11
1.6021453937007875
21
3.3569782677165354
0
LINE
8
BLACK
6
CONTINUOUS
10
1.6021453937007875
20
3.3569782677165354
11
1.5896437007874016
21
3.3613527952755904
0
LINE
8
BLACK
6
CONTINUOUS
10
1.5896437007874016
20
3.3613527952755904
11
1.5777103543307087
21
3.3670996062992127
0
LINE
8
BLACK
6
CONTINUOUS
10
1.5777103543307087
20
3.3670996062992127
11
1.5664955118110235
21
3.3741463385826771
0
LINE
8
BLACK
6
CONTINUOUS
10
1.5664955118110235
20
3.3741463385826771
11
1.5561401574803149
21
3.3824044881889761
0
LINE
8
BLACK
6
CONTINUOUS
10
1.5561401574803149
20
3.3824044881889761
11
1.5467745669291337
21
3.3917700787401572
0
LINE
8
BLACK
6
CONTINUOUS
10
1.5467745669291337
20
3.3917700787401572
11
1.5385164173228345
21
3.4021254330708661
0
LINE
8
BLACK
6
CONTINUOUS
10
1.5385164173228345
20
3.4021254330708661
11
1.5314696850393701
21
3.4133402755905511
0
LINE
8
BLACK
6
CONTINUOUS
10
1.5314696850393701
20
3.4133402755905511
11
1.525722874015748
21
3.4252736220472442
0
LINE
8
BLACK
6
CONTINUOUS
10
1.525722874015748
20
3.4252736220472442
11
1.5213483464566928
21
3.4377753149606298
0
LINE
8
BLACK
6
CONTINUOUS
10
1.5213483464566928
20
3.4377753149606298
11
1.5184010629921258
21
3.4506882283464568
0
LINE
8
BLACK
6
CONTINUOUS
10
1.5184010629921258
20
3.4506882283464568
11
1.5169181102362204
21
3.4638499606299211
0
LINE
8
BLACK
6
CONTINUOUS
10
1.5169181102362204
20
3.4638499606299211
11
1.5169181102362204
21
3.4770949212598423
0
LINE
8
BLACK
6
CONTINUOUS
10
1.5169181102362204
20
3.4770949212598423
11
1.5184010629921258
21
3.4902566535433071
0
LINE
8
BLACK
6
CONTINUOUS
10
1.5184010629921258
20
3.4902566535433071
11
1.5213483464566928
21
3.5031695669291336
0
LINE
8
BLACK
6
CONTINUOUS
10
1.5213483464566928
20
3.5031695669291336
11
1.525722874015748
21
3.5156712598425197
0
LINE
8
BLACK
6
CONTINUOUS
10
1.525722874015748
20
3.5156712598425197
11
1.5314696850393701
21
3.5276046062992124
0
LINE
8
BLACK
6
CONTINUOUS
10
1.5314696850393701
20
3.5276046062992124
11
1.5385164173228345
21
3.5388194488188978
0
LINE
8
BLACK
6
CONTINUOUS
10
1.5385164173228345
20
3.5388194488188978
11
1.5467745669291337
21
3.5491748031496062
0
LINE
8
BLACK
6
CONTINUOUS
10
1.5467745669291337
20
3.5491748031496062
11
1.5561401574803149
21
3.5585403937007873
0
LINE
8
BLACK
6
CONTINUOUS
10
1.5561401574803149
20
3.5585403937007873
11
1.5664955118110235
21
3.5667985433070863
0
LINE
8
BLACK
6
CONTINUOUS
10
1.5664955118110235
20
3.5667985433070863
11
1.5777103543307087
21
3.5738452755905512
0
LINE
8
BLACK
6
CONTINUOUS
10
1.5777103543307087
20
3.5738452755905512
11
1.5896437007874016
21
3.5795920866141731
0
LINE
8
BLACK
6
CONTINUOUS
10
1.5896437007874016
20
3.5795920866141731
11
1.6021453937007875
21
3.5839666141732285
0
LINE
8
BLACK
6
CONTINUOUS
10
1.6021453937007875
20
3.5839666141732285
11
1.6150583070866142
21
3.5869138976377952
0
LINE
8
BLACK
6
CONTINUOUS
10
1.6150583070866142
20
3.5869138976377952
11
1.6282200393700788
21
3.5883968503937007
0
LINE
8
BLACK
6
CONTINUOUS
10
1.6282200393700788
20
3.5883968503937007
11
1.641465
21
3.5883968503937007
0
LINE
8
BLACK
6
CONTINUOUS
10
1.641465
20
3.5883968503937007
11
1.6546267322834645
21
3.5869138976377952
0
LINE
8
BLACK
6
CONTINUOUS
10
-1.310758188976378
20
3.5178503543307085
11
-1.3046973622047244
21
3.5153398818897639
0
LINE
8
BLACK
6
CONTINUOUS
10
-1.3046973622047244
20
3.5153398818897639
11
-1.2992427559055117
21
3.5116952362204725
0
LINE
8
BLACK
6
CONTINUOUS
10
-1.2992427559055117
20
3.5116952362204725
11
-1.2946039763779527
21
3.5070564566929132
0
LINE
8
BLACK
6
CONTINUOUS
10
-1.2946039763779527
20
3.5070564566929132
11
-1.2909593307086613
21
3.5016018503937008
0
LINE
8
BLACK
6
CONTINUOUS
10
-1.2909593307086613
20
3.5016018503937008
11
-1.2884488582677165
21
3.4955410236220472
0
LINE
8
BLACK
6
CONTINUOUS
10
-1.2884488582677165
20
3.4955410236220472
11
-1.2871690157480316
21
3.4891068897637796
0
LINE
8
BLACK
6
CONTINUOUS
10
-1.2871690157480316
20
3.4891068897637796
11
-1.2871690157480316
21
3.4825466535433072
0
LINE
8
BLACK
6
CONTINUOUS
10
-1.2871690157480316
20
3.4825466535433072
11
-1.2884488582677165
21
3.4761125196850391
0
LINE
8
BLACK
6
CONTINUOUS
10
-1.2884488582677165
20
3.4761125196850391
11
-1.2909593307086613
21
3.4700516929133856
0
LINE
8
BLACK
6
CONTINUOUS
10
-1.2909593307086613
20
3.4700516929133856
11
-1.2946039763779527
21
3.4645970866141731
0
LINE
8
BLACK
6
CONTINUOUS
10
-1.2946039763779527
20
3.4645970866141731
11
-1.2992427559055117
21
3.4599583070866142
0
LINE
8
BLACK
6
CONTINUOUS
10
-1.2992427559055117
20
3.4599583070866142
11
-1.3046973622047244
21
3.4563136614173229
0
LINE
8
BLACK
6
CONTINUOUS
10
-1.3046973622047244
20
3.4563136614173229
11
-1.310758188976378
21
3.4538031889763778
0
LINE
8
BLACK
6
CONTINUOUS
10
-1.310758188976378
20
3.4538031889763778
11
-1.3171923228346456
21
3.4525233464566929
0
LINE
8
BLACK
6
CONTINUOUS
10
-1.3171923228346456
20
3.4525233464566929
11
-1.323752559055118
21
3.4525233464566929
0
LINE
8
BLACK
6
CONTINUOUS
10
-1.323752559055118
20
3.4525233464566929
11
-1.3301866929133859
21
3.4538031889763778
0
LINE
8
BLACK
6
CONTINUOUS
10
-1.3301866929133859
20
3.4538031889763778
11
-1.3362475196850394
21
3.4563136614173229
0
LINE
8
BLACK
6
CONTINUOUS
10
-1.3362475196850394
20
3.4563136614173229
11
-1.3417021259842519
21
3.4599583070866142
0
LINE
8
BLACK
6
CONTINUOUS
10
-1.3417021259842519
20
3.4599583070866142
11
-1.346340905511811
21
3.4645970866141731
0
LINE
8
BLACK
6
CONTINUOUS
10
-1.346340905511811
20
3.4645970866141731
11
-1.3499855511811023
21
3.4700516929133856
0
LINE
8
BLACK
6
CONTINUOUS
10
-1.3499855511811023
20
3.4700516929133856
11
-1.3524960236220471
21
3.4761125196850391
0
LINE
8
BLACK
6
CONTINUOUS
10
-1.3524960236220471
20
3.4761125196850391
11
-1.3537758661417323
21
3.4825466535433072
0
LINE
8
BLACK
6
CONTINUOUS
10
-1.3537758661417323
20
3.4825466535433072
11
-1.3537758661417323
21
3.4891068897637796
0
LINE
8
BLACK
6
CONTINUOUS
10
-1.3537758661417323
20
3.4891068897637796
11
-1.3524960236220471
21
3.4955410236220472
0
LINE
8
BLACK
6
CONTINUOUS
10
-1.3524960236220471
20
3.4955410236220472
11
-1.3499855511811023
21
3.5016018503937008
0
LINE
8
BLACK
6
CONTINUOUS
10
-1.3499855511811023
20
3.5016018503937008
11
-1.346340905511811
21
3.5070564566929132
0
LINE
8
BLACK
6
CONTINUOUS
10
-1.346340905511811
20
3.5070564566929132
11
-1.3417021259842519
21
3.5116952362204725
0
LINE
8
BLACK
6
CONTINUOUS
10
-1.3417021259842519
20
3.5116952362204725
11
-1.3362475196850394
21
3.5153398818897639
0
LINE
8
BLACK
6
CONTINUOUS
10
-1.3362475196850394
20
3.5153398818897639
11
-1.3301866929133859
21
3.5178503543307085
0
LINE
8
BLACK
6
CONTINUOUS
10
-1.3301866929133859
20
3.5178503543307085
11
-1.323752559055118
21
3.5191301968503934
0
LINE
8
BLACK
6
CONTINUOUS
10
-1.323752559055118
20
3.5191301968503934
11
-1.3171923228346456
21
3.5191301968503934
0
LINE
8
BLACK
6
CONTINUOUS
10
-1.3171923228346456
20
3.5191301968503934
11
-1.310758188976378
21
3.5178503543307085
0
LINE
8
BLACK
6
CONTINUOUS
10
-1.2107581889763779
20
3.5178503543307085
11
-1.2046973622047243
21
3.5153398818897639
0
LINE
8
BLACK
6
CONTINUOUS
10
-1.2046973622047243
20
3.5153398818897639
11
-1.1992427559055119
21
3.5116952362204725
0
LINE
8
BLACK
6
CONTINUOUS
10
-1.1992427559055119
20
3.5116952362204725
11
-1.1946039763779528
21
3.5070564566929132
0
LINE
8
BLACK
6
CONTINUOUS
10
-1.1946039763779528
20
3.5070564566929132
11
-1.1909593307086614
21
3.5016018503937008
0
LINE
8
BLACK
6
CONTINUOUS
10
-1.1909593307086614
20
3.5016018503937008
11
-1.1884488582677164
21
3.4955410236220472
0
LINE
8
BLACK
6
CONTINUOUS
10
-1.1884488582677164
20
3.4955410236220472
11
-1.1871690157480315
21
3.4891068897637796
0
LINE
8
BLACK
6
CONTINUOUS
10
-1.1871690157480315
20
3.4891068897637796
11
-1.1871690157480315
21
3.4825466535433072
0
LINE
8
BLACK
6
CONTINUOUS
10
-1.1871690157480315
20
3.4825466535433072
11
-1.1884488582677164
21
3.4761125196850391
0
LINE
8
BLACK
6
CONTINUOUS
10
-1.1884488582677164
20
3.4761125196850391
11
-1.1909593307086614
21
3.4700516929133856
0
LINE
8
BLACK
6
CONTINUOUS
10
-1.1909593307086614
20
3.4700516929133856
11
-1.1946039763779528
21
3.4645970866141731
0
LINE
8
BLACK
6
CONTINUOUS
10
-1.1946039763779528
20
3.4645970866141731
11
-1.1992427559055119
21
3.4599583070866142
0
LINE
8
BLACK
6
CONTINUOUS
10
-1.1992427559055119
20
3.4599583070866142
11
-1.2046973622047243
21
3.4563136614173229
0
LINE
8
BLACK
6
CONTINUOUS
10
-1.2046973622047243
20
3.4563136614173229
11
-1.2107581889763779
21
3.4538031889763778
0
LINE
8
BLACK
6
CONTINUOUS
10
-1.2107581889763779
20
3.4538031889763778
11
-1.2171923228346457
21
3.4525233464566929
0
LINE
8
BLACK
6
CONTINUOUS
10
-1.2171923228346457
20
3.4525233464566929
11
-1.2237525590551181
21
3.4525233464566929
0
LINE
8
BLACK
6
CONTINUOUS
10
-1.2237525590551181
20
3.4525233464566929
11
-1.2301866929133858
21
3.4538031889763778
0
LINE
8
BLACK
6
CONTINUOUS
10
-1.2301866929133858
20
3.4538031889763778
11
-1.2362475196850393
21
3.4563136614173229
0
LINE
8
BLACK
6
CONTINUOUS
10
-1.2362475196850393
20
3.4563136614173229
11
-1.241702125984252
21
3.4599583070866142
0
LINE
8
BLACK
6
CONTINUOUS
10
-1.241702125984252
20
3.4599583070866142
11
-1.2463409055118111
21
3.4645970866141731
0
LINE
8
BLACK
6
CONTINUOUS
10
-1.2463409055118111
20
3.4645970866141731
11
-1.2499855511811024
21
3.4700516929133856
0
LINE
8
BLACK
6
CONTINUOUS
10
-1.2499855511811024
20
3.4700516929133856
11
-1.2524960236220473
21
3.4761125196850391
0
LINE
8
BLACK
6
CONTINUOUS
10
-1.2524960236220473
20
3.4761125196850391
11
-1.2537758661417322
21
3.4825466535433072
0
LINE
8
BLACK
6
CONTINUOUS
10
-1.2537758661417322
20
3.4825466535433072
11
-1.2537758661417322
21
3.4891068897637796
0
LINE
8
BLACK
6
CONTINUOUS
10
-1.2537758661417322
20
3.4891068897637796
11
-1.2524960236220473
21
3.4955410236220472
0
LINE
8
BLACK
6
CONTINUOUS
10
-1.2524960236220473
20
3.4955410236220472
11
-1.2499855511811024
21
3.5016018503937008
0
LINE
8
BLACK
6
CONTINUOUS
10
-1.2499855511811024
20
3.5016018503937008
11
-1.2463409055118111
21
3.5070564566929132
0
LINE
8
BLACK
6
CONTINUOUS
10
-1.2463409055118111
20
3.5070564566929132
11
-1.241702125984252
21
3.5116952362204725
0
LINE
8
BLACK
6
CONTINUOUS
10
-1.241702125984252
20
3.5116952362204725
11
-1.2362475196850393
21
3.5153398818897639
0
LINE
8
BLACK
6
CONTINUOUS
10
-1.2362475196850393
20
3.5153398818897639
11
-1.2301866929133858
21
3.5178503543307085
0
LINE
8
BLACK
6
CONTINUOUS
10
-1.2301866929133858
20
3.5178503543307085
11
-1.2237525590551181
21
3.5191301968503934
0
LINE
8
BLACK
6
CONTINUOUS
10
-1.2237525590551181
20
3.5191301968503934
11
-1.2171923228346457
21
3.5191301968503934
0
LINE
8
BLACK
6
CONTINUOUS
10
-1.2171923228346457
20
3.5191301968503934
11
-1.2107581889763779
21
3.5178503543307085
0
LINE
8
BLACK
6
CONTINUOUS
10
-0.4508729133858267
20
3.5133070866141733
11
-0.5108729133858267
21
3.5133070866141733
0
LINE
8
BLACK
6
CONTINUOUS
10
-0.5108729133858267
20
3.5133070866141733
11
-0.5108729133858267
21
3.573307086614173
0
LINE
8
BLACK
6
CONTINUOUS
10
-0.5108729133858267
20
3.573307086614173
11
-0.4508729133858267
21
3.573307086614173
0
LINE
8
BLACK
6
CONTINUOUS
10
-0.4508729133858267
20
3.573307086614173
11
-0.4508729133858267
21
3.5133070866141733
0
LINE
8
BLACK
6
CONTINUOUS
10
-0.3508729133858268
20
3.5133070866141733
11
-0.4108729133858268
21
3.5133070866141733
0
LINE
8
BLACK
6
CONTINUOUS
10
-0.4108729133858268
20
3.5133070866141733
11
-0.4108729133858268
21
3.573307086614173
0
LINE
8
BLACK
6
CONTINUOUS
10
-0.4108729133858268
20
3.573307086614173
11
-0.3508729133858268
21
3.573307086614173
0
LINE
8
BLACK
6
CONTINUOUS
10
-0.3508729133858268
20
3.573307086614173
11
-0.3508729133858268
21
3.5133070866141733
0
LINE
8
BLACK
6
CONTINUOUS
10
-0.1713453543307087
20
3.5133070866141733
11
-0.2313453543307087
21
3.5133070866141733
0
LINE
8
BLACK
6
CONTINUOUS
10
-0.2313453543307087
20
3.5133070866141733
11
-0.2313453543307087
21
3.573307086614173
0
LINE
8
BLACK
6
CONTINUOUS
10
-0.2313453543307087
20
3.573307086614173
11
-0.1713453543307087
21
3.573307086614173
0
LINE
8
BLACK
6
CONTINUOUS
10
-0.1713453543307087
20
3.573307086614173
11
-0.1713453543307087
21
3.5133070866141733
0
LINE
8
BLACK
6
CONTINUOUS
10
-0.0713453543307087
20
3.5133070866141733
11
-0.1313453543307087
21
3.5133070866141733
0
LINE
8
BLACK
6
CONTINUOUS
10
-0.1313453543307087
20
3.5133070866141733
11
-0.1313453543307087
21
3.573307086614173
0
LINE
8
BLACK
6
CONTINUOUS
10
-0.1313453543307087
20
3.573307086614173
11
-0.0713453543307087
21
3.573307086614173
0
LINE
8
BLACK
6
CONTINUOUS
10
-0.0713453543307087
20
3.573307086614173
11
-0.0713453543307087
21
3.5133070866141733
0
LINE
8
BLACK
6
CONTINUOUS
10
-1.310758188976378
20
3.6178503543307086
11
-1.3046973622047244
21
3.6153398818897635
0
LINE
8
BLACK
6
CONTINUOUS
10
-1.3046973622047244
20
3.6153398818897635
11
-1.2992427559055117
21
3.6116952362204722
0
LINE
8
BLACK
6
CONTINUOUS
10
-1.2992427559055117
20
3.6116952362204722
11
-1.2946039763779527
21
3.6070564566929133
0
LINE
8
BLACK
6
CONTINUOUS
10
-1.2946039763779527
20
3.6070564566929133
11
-1.2909593307086613
21
3.6016018503937008
0
LINE
8
BLACK
6
CONTINUOUS
10
-1.2909593307086613
20
3.6016018503937008
11
-1.2884488582677165
21
3.5955410236220473
0
LINE
8
BLACK
6
CONTINUOUS
10
-1.2884488582677165
20
3.5955410236220473
11
-1.2871690157480316
21
3.5891068897637792
0
LINE
8
BLACK
6
CONTINUOUS
10
-1.2871690157480316
20
3.5891068897637792
11
-1.2871690157480316
21
3.5825466535433068
0
LINE
8
BLACK
6
CONTINUOUS
10
-1.2871690157480316
20
3.5825466535433068
11
-1.2884488582677165
21
3.5761125196850392
0
LINE
8
BLACK
6
CONTINUOUS
10
-1.2884488582677165
20
3.5761125196850392
11
-1.2909593307086613
21
3.5700516929133856
0
LINE
8
BLACK
6
CONTINUOUS
10
-1.2909593307086613
20
3.5700516929133856
11
-1.2946039763779527
21
3.5645970866141732
0
LINE
8
BLACK
6
CONTINUOUS
10
-1.2946039763779527
20
3.5645970866141732
11
-1.2992427559055117
21
3.5599583070866139
0
LINE
8
BLACK
6
CONTINUOUS
10
-1.2992427559055117
20
3.5599583070866139
11
-1.3046973622047244
21
3.556313661417323
0
LINE
8
BLACK
6
CONTINUOUS
10
-1.3046973622047244
20
3.556313661417323
11
-1.310758188976378
21
3.5538031889763779
0
LINE
8
BLACK
6
CONTINUOUS
10
-1.310758188976378
20
3.5538031889763779
11
-1.3171923228346456
21
3.552523346456693
0
LINE
8
BLACK
6
CONTINUOUS
10
-1.3171923228346456
20
3.552523346456693
11
-1.323752559055118
21
3.552523346456693
0
LINE
8
BLACK
6
CONTINUOUS
10
-1.323752559055118
20
3.552523346456693
11
-1.3301866929133859
21
3.5538031889763779
0
LINE
8
BLACK
6
CONTINUOUS
10
-1.3301866929133859
20
3.5538031889763779
11
-1.3362475196850394
21
3.556313661417323
0
LINE
8
BLACK
6
CONTINUOUS
10
-1.3362475196850394
20
3.556313661417323
11
-1.3417021259842519
21
3.5599583070866139
0
LINE
8
BLACK
6
CONTINUOUS
10
-1.3417021259842519
20
3.5599583070866139
11
-1.346340905511811
21
3.5645970866141732
0
LINE
8
BLACK
6
CONTINUOUS
10
-1.346340905511811
20
3.5645970866141732
11
-1.3499855511811023
21
3.5700516929133856
0
LINE
8
BLACK
6
CONTINUOUS
10
-1.3499855511811023
20
3.5700516929133856
11
-1.3524960236220471
21
3.5761125196850392
0
LINE
8
BLACK
6
CONTINUOUS
10
-1.3524960236220471
20
3.5761125196850392
11
-1.3537758661417323
21
3.5825466535433068
0
LINE
8
BLACK
6
CONTINUOUS
10
-1.3537758661417323
20
3.5825466535433068
11
-1.3537758661417323
21
3.5891068897637792
0
LINE
8
BLACK
6
CONTINUOUS
10
-1.3537758661417323
20
3.5891068897637792
11
-1.3524960236220471
21
3.5955410236220473
0
LINE
8
BLACK
6
CONTINUOUS
10
-1.3524960236220471
20
3.5955410236220473
11
-1.3499855511811023
21
3.6016018503937008
0
LINE
8
BLACK
6
CONTINUOUS
10
-1.3499855511811023
20
3.6016018503937008
11
-1.346340905511811
21
3.6070564566929133
0
LINE
8
BLACK
6
CONTINUOUS
10
-1.346340905511811
20
3.6070564566929133
11
-1.3417021259842519
21
3.6116952362204722
0
LINE
8
BLACK
6
CONTINUOUS
10
-1.3417021259842519
20
3.6116952362204722
11
-1.3362475196850394
21
3.6153398818897635
0
LINE
8
BLACK
6
CONTINUOUS
10
-1.3362475196850394
20
3.6153398818897635
11
-1.3301866929133859
21
3.6178503543307086
0
LINE
8
BLACK
6
CONTINUOUS
10
-1.3301866929133859
20
3.6178503543307086
11
-1.323752559055118
21
3.6191301968503935
0
LINE
8
BLACK
6
CONTINUOUS
10
-1.323752559055118
20
3.6191301968503935
11
-1.3171923228346456
21
3.6191301968503935
0
LINE
8
BLACK
6
CONTINUOUS
10
-1.3171923228346456
20
3.6191301968503935
11
-1.310758188976378
21
3.6178503543307086
0
LINE
8
BLACK
6
CONTINUOUS
10
-1.2107581889763779
20
3.6178503543307086
11
-1.2046973622047243
21
3.6153398818897635
0
LINE
8
BLACK
6
CONTINUOUS
10
-1.2046973622047243
20
3.6153398818897635
11
-1.1992427559055119
21
3.6116952362204722
0
LINE
8
BLACK
6
CONTINUOUS
10
-1.1992427559055119
20
3.6116952362204722
11
-1.1946039763779528
21
3.6070564566929133
0
LINE
8
BLACK
6
CONTINUOUS
10
-1.1946039763779528
20
3.6070564566929133
11
-1.1909593307086614
21
3.6016018503937008
0
LINE
8
BLACK
6
CONTINUOUS
10
-1.1909593307086614
20
3.6016018503937008
11
-1.1884488582677164
21
3.5955410236220473
0
LINE
8
BLACK
6
CONTINUOUS
10
-1.1884488582677164
20
3.5955410236220473
11
-1.1871690157480315
21
3.5891068897637792
0
LINE
8
BLACK
6
CONTINUOUS
10
-1.1871690157480315
20
3.5891068897637792
11
-1.1871690157480315
21
3.5825466535433068
0
LINE
8
BLACK
6
CONTINUOUS
10
-1.1871690157480315
20
3.5825466535433068
11
-1.1884488582677164
21
3.5761125196850392
0
LINE
8
BLACK
6
CONTINUOUS
10
-1.1884488582677164
20
3.5761125196850392
11
-1.1909593307086614
21
3.5700516929133856
0
LINE
8
BLACK
6
CONTINUOUS
10
-1.1909593307086614
20
3.5700516929133856
11
-1.1946039763779528
21
3.5645970866141732
0
LINE
8
BLACK
6
CONTINUOUS
10
-1.1946039763779528
20
3.5645970866141732
11
-1.1992427559055119
21
3.5599583070866139
0
LINE
8
BLACK
6
CONTINUOUS
10
-1.1992427559055119
20
3.5599583070866139
11
-1.2046973622047243
21
3.556313661417323
0
LINE
8
BLACK
6
CONTINUOUS
10
-1.2046973622047243
20
3.556313661417323
11
-1.2107581889763779
21
3.5538031889763779
0
LINE
8
BLACK
6
CONTINUOUS
10
-1.2107581889763779
20
3.5538031889763779
11
-1.2171923228346457
21
3.552523346456693
0
LINE
8
BLACK
6
CONTINUOUS
10
-1.2171923228346457
20
3.552523346456693
11
-1.2237525590551181
21
3.552523346456693
0
LINE
8
BLACK
6
CONTINUOUS
10
-1.2237525590551181
20
3.552523346456693
11
-1.2301866929133858
21
3.5538031889763779
0
LINE
8
BLACK
6
CONTINUOUS
10
-1.2301866929133858
20
3.5538031889763779
11
-1.2362475196850393
21
3.556313661417323
0
LINE
8
BLACK
6
CONTINUOUS
10
-1.2362475196850393
20
3.556313661417323
11
-1.241702125984252
21
3.5599583070866139
0
LINE
8
BLACK
6
CONTINUOUS
10
-1.241702125984252
20
3.5599583070866139
11
-1.2463409055118111
21
3.5645970866141732
0
LINE
8
BLACK
6
CONTINUOUS
10
-1.2463409055118111
20
3.5645970866141732
11
-1.2499855511811024
21
3.5700516929133856
0
LINE
8
BLACK
6
CONTINUOUS
10
-1.2499855511811024
20
3.5700516929133856
11
-1.2524960236220473
21
3.5761125196850392
0
LINE
8
BLACK
6
CONTINUOUS
10
-1.2524960236220473
20
3.5761125196850392
11
-1.2537758661417322
21
3.5825466535433068
0
LINE
8
BLACK
6
CONTINUOUS
10
-1.2537758661417322
20
3.5825466535433068
11
-1.2537758661417322
21
3.5891068897637792
0
LINE
8
BLACK
6
CONTINUOUS
10
-1.2537758661417322
20
3.5891068897637792
11
-1.2524960236220473
21
3.5955410236220473
0
LINE
8
BLACK
6
CONTINUOUS
10
-1.2524960236220473
20
3.5955410236220473
11
-1.2499855511811024
21
3.6016018503937008
0
LINE
8
BLACK
6
CONTINUOUS
10
-1.2499855511811024
20
3.6016018503937008
11
-1.2463409055118111
21
3.6070564566929133
0
LINE
8
BLACK
6
CONTINUOUS
10
-1.2463409055118111
20
3.6070564566929133
11
-1.241702125984252
21
3.6116952362204722
0
LINE
8
BLACK
6
CONTINUOUS
10
-1.241702125984252
20
3.6116952362204722
11
-1.2362475196850393
21
3.6153398818897635
0
LINE
8
BLACK
6
CONTINUOUS
10
-1.2362475196850393
20
3.6153398818897635
11
-1.2301866929133858
21
3.6178503543307086
0
LINE
8
BLACK
6
CONTINUOUS
10
-1.2301866929133858
20
3.6178503543307086
11
-1.2237525590551181
21
3.6191301968503935
0
LINE
8
BLACK
6
CONTINUOUS
10
-1.2237525590551181
20
3.6191301968503935
11
-1.2171923228346457
21
3.6191301968503935
0
LINE
8
BLACK
6
CONTINUOUS
10
-1.2171923228346457
20
3.6191301968503935
11
-1.2107581889763779
21
3.6178503543307086
0
LINE
8
BLACK
6
CONTINUOUS
10
-0.1713453543307087
20
3.6117322834645669
11
-0.2313453543307087
21
3.6117322834645669
0
LINE
8
BLACK
6
CONTINUOUS
10
-0.2313453543307087
20
3.6117322834645669
11
-0.2313453543307087
21
3.6717322834645669
0
LINE
8
BLACK
6
CONTINUOUS
10
-0.2313453543307087
20
3.6717322834645669
11
-0.1713453543307087
21
3.6717322834645669
0
LINE
8
BLACK
6
CONTINUOUS
10
-0.1713453543307087
20
3.6717322834645669
11
-0.1713453543307087
21
3.6117322834645669
0
LINE
8
BLACK
6
CONTINUOUS
10
-0.0713453543307087
20
3.6117322834645669
11
-0.1313453543307087
21
3.6117322834645669
0
LINE
8
BLACK
6
CONTINUOUS
10
-0.1313453543307087
20
3.6117322834645669
11
-0.1313453543307087
21
3.6717322834645669
0
LINE
8
BLACK
6
CONTINUOUS
10
-0.1313453543307087
20
3.6717322834645669
11
-0.0713453543307087
21
3.6717322834645669
0
LINE
8
BLACK
6
CONTINUOUS
10
-0.0713453543307087
20
3.6717322834645669
11
-0.0713453543307087
21
3.6117322834645669
0
LINE
8
BLACK
6
CONTINUOUS
10
-0.4508729133858267
20
3.613307086614173
11
-0.5108729133858267
21
3.613307086614173
0
LINE
8
BLACK
6
CONTINUOUS
10
-0.5108729133858267
20
3.613307086614173
11
-0.5108729133858267
21
3.673307086614173
0
LINE
8
BLACK
6
CONTINUOUS
10
-0.5108729133858267
20
3.673307086614173
11
-0.4508729133858267
21
3.673307086614173
0
LINE
8
BLACK
6
CONTINUOUS
10
-0.4508729133858267
20
3.673307086614173
11
-0.4508729133858267
21
3.613307086614173
0
LINE
8
BLACK
6
CONTINUOUS
10
-0.3508729133858268
20
3.613307086614173
11
-0.4108729133858268
21
3.613307086614173
0
LINE
8
BLACK
6
CONTINUOUS
10
-0.4108729133858268
20
3.613307086614173
11
-0.4108729133858268
21
3.673307086614173
0
LINE
8
BLACK
6
CONTINUOUS
10
-0.4108729133858268
20
3.673307086614173
11
-0.3508729133858268
21
3.673307086614173
0
LINE
8
BLACK
6
CONTINUOUS
10
-0.3508729133858268
20
3.673307086614173
11
-0.3508729133858268
21
3.613307086614173
0
LINE
8
BLACK
6
CONTINUOUS
10
-1.310758188976378
20
3.7178503543307087
11
-1.3046973622047244
21
3.7153398818897636
0
LINE
8
BLACK
6
CONTINUOUS
10
-1.3046973622047244
20
3.7153398818897636
11
-1.2992427559055117
21
3.7116952362204723
0
LINE
8
BLACK
6
CONTINUOUS
10
-1.2992427559055117
20
3.7116952362204723
11
-1.2946039763779527
21
3.7070564566929134
0
LINE
8
BLACK
6
CONTINUOUS
10
-1.2946039763779527
20
3.7070564566929134
11
-1.2909593307086613
21
3.7016018503937005
0
LINE
8
BLACK
6
CONTINUOUS
10
-1.2909593307086613
20
3.7016018503937005
11
-1.2884488582677165
21
3.6955410236220469
0
LINE
8
BLACK
6
CONTINUOUS
10
-1.2884488582677165
20
3.6955410236220469
11
-1.2871690157480316
21
3.6891068897637793
0
LINE
8
BLACK
6
CONTINUOUS
10
-1.2871690157480316
20
3.6891068897637793
11
-1.2871690157480316
21
3.6825466535433069
0
LINE
8
BLACK
6
CONTINUOUS
10
-1.2871690157480316
20
3.6825466535433069
11
-1.2884488582677165
21
3.6761125196850393
0
LINE
8
BLACK
6
CONTINUOUS
10
-1.2884488582677165
20
3.6761125196850393
11
-1.2909593307086613
21
3.6700516929133857
0
LINE
8
BLACK
6
CONTINUOUS
10
-1.2909593307086613
20
3.6700516929133857
11
-1.2946039763779527
21
3.6645970866141733
0
LINE
8
BLACK
6
CONTINUOUS
10
-1.2946039763779527
20
3.6645970866141733
11
-1.2992427559055117
21
3.659958307086614
0
LINE
8
BLACK
6
CONTINUOUS
10
-1.2992427559055117
20
3.659958307086614
11
-1.3046973622047244
21
3.6563136614173226
0
LINE
8
BLACK
6
CONTINUOUS
10
-1.3046973622047244
20
3.6563136614173226
11
-1.310758188976378
21
3.653803188976378
0
LINE
8
BLACK
6
CONTINUOUS
10
-1.310758188976378
20
3.653803188976378
11
-1.3171923228346456
21
3.6525233464566926
0
LINE
8
BLACK
6
CONTINUOUS
10
-1.3171923228346456
20
3.6525233464566926
11
-1.323752559055118
21
3.6525233464566926
0
LINE
8
BLACK
6
CONTINUOUS
10
-1.323752559055118
20
3.6525233464566926
11
-1.3301866929133859
21
3.653803188976378
0
LINE
8
BLACK
6
CONTINUOUS
10
-1.3301866929133859
20
3.653803188976378
11
-1.3362475196850394
21
3.6563136614173226
0
LINE
8
BLACK
6
CONTINUOUS
10
-1.3362475196850394
20
3.6563136614173226
11
-1.3417021259842519
21
3.659958307086614
0
LINE
8
BLACK
6
CONTINUOUS
10
-1.3417021259842519
20
3.659958307086614
11
-1.346340905511811
21
3.6645970866141733
0
LINE
8
BLACK
6
CONTINUOUS
10
-1.346340905511811
20
3.6645970866141733
11
-1.3499855511811023
21
3.6700516929133857
0
LINE
8
BLACK
6
CONTINUOUS
10
-1.3499855511811023
20
3.6700516929133857
11
-1.3524960236220471
21
3.6761125196850393
0
LINE
8
BLACK
6
CONTINUOUS
10
-1.3524960236220471
20
3.6761125196850393
11
-1.3537758661417323
21
3.6825466535433069
0
LINE
8
BLACK
6
CONTINUOUS
10
-1.3537758661417323
20
3.6825466535433069
11
-1.3537758661417323
21
3.6891068897637793
0
LINE
8
BLACK
6
CONTINUOUS
10
-1.3537758661417323
20
3.6891068897637793
11
-1.3524960236220471
21
3.6955410236220469
0
LINE
8
BLACK
6
CONTINUOUS
10
-1.3524960236220471
20
3.6955410236220469
11
-1.3499855511811023
21
3.7016018503937005
0
LINE
8
BLACK
6
CONTINUOUS
10
-1.3499855511811023
20
3.7016018503937005
11
-1.346340905511811
21
3.7070564566929134
0
LINE
8
BLACK
6
CONTINUOUS
10
-1.346340905511811
20
3.7070564566929134
11
-1.3417021259842519
21
3.7116952362204723
0
LINE
8
BLACK
6
CONTINUOUS
10
-1.3417021259842519
20
3.7116952362204723
11
-1.3362475196850394
21
3.7153398818897636
0
LINE
8
BLACK
6
CONTINUOUS
10
-1.3362475196850394
20
3.7153398818897636
11
-1.3301866929133859
21
3.7178503543307087
0
LINE
8
BLACK
6
CONTINUOUS
10
-1.3301866929133859
20
3.7178503543307087
11
-1.323752559055118
21
3.7191301968503936
0
LINE
8
BLACK
6
CONTINUOUS
10
-1.323752559055118
20
3.7191301968503936
11
-1.3171923228346456
21
3.7191301968503936
0
LINE
8
BLACK
6
CONTINUOUS
10
-1.3171923228346456
20
3.7191301968503936
11
-1.310758188976378
21
3.7178503543307087
0
LINE
8
BLACK
6
CONTINUOUS
10
-1.2107581889763779
20
3.7178503543307087
11
-1.2046973622047243
21
3.7153398818897636
0
LINE
8
BLACK
6
CONTINUOUS
10
-1.2046973622047243
20
3.7153398818897636
11
-1.1992427559055119
21
3.7116952362204723
0
LINE
8
BLACK
6
CONTINUOUS
10
-1.1992427559055119
20
3.7116952362204723
11
-1.1946039763779528
21
3.7070564566929134
0
LINE
8
BLACK
6
CONTINUOUS
10
-1.1946039763779528
20
3.7070564566929134
11
-1.1909593307086614
21
3.7016018503937005
0
LINE
8
BLACK
6
CONTINUOUS
10
-1.1909593307086614
20
3.7016018503937005
11
-1.1884488582677164
21
3.6955410236220469
0
LINE
8
BLACK
6
CONTINUOUS
10
-1.1884488582677164
20
3.6955410236220469
11
-1.1871690157480315
21
3.6891068897637793
0
LINE
8
BLACK
6
CONTINUOUS
10
-1.1871690157480315
20
3.6891068897637793
11
-1.1871690157480315
21
3.6825466535433069
0
LINE
8
BLACK
6
CONTINUOUS
10
-1.1871690157480315
20
3.6825466535433069
11
-1.1884488582677164
21
3.6761125196850393
0
LINE
8
BLACK
6
CONTINUOUS
10
-1.1884488582677164
20
3.6761125196850393
11
-1.1909593307086614
21
3.6700516929133857
0
LINE
8
BLACK
6
CONTINUOUS
10
-1.1909593307086614
20
3.6700516929133857
11
-1.1946039763779528
21
3.6645970866141733
0
LINE
8
BLACK
6
CONTINUOUS
10
-1.1946039763779528
20
3.6645970866141733
11
-1.1992427559055119
21
3.659958307086614
0
LINE
8
BLACK
6
CONTINUOUS
10
-1.1992427559055119
20
3.659958307086614
11
-1.2046973622047243
21
3.6563136614173226
0
LINE
8
BLACK
6
CONTINUOUS
10
-1.2046973622047243
20
3.6563136614173226
11
-1.2107581889763779
21
3.653803188976378
0
LINE
8
BLACK
6
CONTINUOUS
10
-1.2107581889763779
20
3.653803188976378
11
-1.2171923228346457
21
3.6525233464566926
0
LINE
8
BLACK
6
CONTINUOUS
10
-1.2171923228346457
20
3.6525233464566926
11
-1.2237525590551181
21
3.6525233464566926
0
LINE
8
BLACK
6
CONTINUOUS
10
-1.2237525590551181
20
3.6525233464566926
11
-1.2301866929133858
21
3.653803188976378
0
LINE
8
BLACK
6
CONTINUOUS
10
-1.2301866929133858
20
3.653803188976378
11
-1.2362475196850393
21
3.6563136614173226
0
LINE
8
BLACK
6
CONTINUOUS
10
-1.2362475196850393
20
3.6563136614173226
11
-1.241702125984252
21
3.659958307086614
0
LINE
8
BLACK
6
CONTINUOUS
10
-1.241702125984252
20
3.659958307086614
11
-1.2463409055118111
21
3.6645970866141733
0
LINE
8
BLACK
6
CONTINUOUS
10
-1.2463409055118111
20
3.6645970866141733
11
-1.2499855511811024
21
3.6700516929133857
0
LINE
8
BLACK
6
CONTINUOUS
10
-1.2499855511811024
20
3.6700516929133857
11
-1.2524960236220473
21
3.6761125196850393
0
LINE
8
BLACK
6
CONTINUOUS
10
-1.2524960236220473
20
3.6761125196850393
11
-1.2537758661417322
21
3.6825466535433069
0
LINE
8
BLACK
6
CONTINUOUS
10
-1.2537758661417322
20
3.6825466535433069
11
-1.2537758661417322
21
3.6891068897637793
0
LINE
8
BLACK
6
CONTINUOUS
10
-1.2537758661417322
20
3.6891068897637793
11
-1.2524960236220473
21
3.6955410236220469
0
LINE
8
BLACK
6
CONTINUOUS
10
-1.2524960236220473
20
3.6955410236220469
11
-1.2499855511811024
21
3.7016018503937005
0
LINE
8
BLACK
6
CONTINUOUS
10
-1.2499855511811024
20
3.7016018503937005
11
-1.2463409055118111
21
3.7070564566929134
0
LINE
8
BLACK
6
CONTINUOUS
10
-1.2463409055118111
20
3.7070564566929134
11
-1.241702125984252
21
3.7116952362204723
0
LINE
8
BLACK
6
CONTINUOUS
10
-1.241702125984252
20
3.7116952362204723
11
-1.2362475196850393
21
3.7153398818897636
0
LINE
8
BLACK
6
CONTINUOUS
10
-1.2362475196850393
20
3.7153398818897636
11
-1.2301866929133858
21
3.7178503543307087
0
LINE
8
BLACK
6
CONTINUOUS
10
-1.2301866929133858
20
3.7178503543307087
11
-1.2237525590551181
21
3.7191301968503936
0
LINE
8
BLACK
6
CONTINUOUS
10
-1.2237525590551181
20
3.7191301968503936
11
-1.2171923228346457
21
3.7191301968503936
0
LINE
8
BLACK
6
CONTINUOUS
10
-1.2171923228346457
20
3.7191301968503936
11
-1.2107581889763779
21
3.7178503543307087
0
LINE
8
BLACK
6
CONTINUOUS
10
-0.4508729133858267
20
3.7133070866141731
11
-0.5108729133858267
21
3.7133070866141731
0
LINE
8
BLACK
6
CONTINUOUS
10
-0.5108729133858267
20
3.7133070866141731
11
-0.5108729133858267
21
3.7733070866141731
0
LINE
8
BLACK
6
CONTINUOUS
10
-0.5108729133858267
20
3.7733070866141731
11
-0.4508729133858267
21
3.7733070866141731
0
LINE
8
BLACK
6
CONTINUOUS
10
-0.4508729133858267
20
3.7733070866141731
11
-0.4508729133858267
21
3.7133070866141731
0
LINE
8
BLACK
6
CONTINUOUS
10
-0.3508729133858268
20
3.7133070866141731
11
-0.4108729133858268
21
3.7133070866141731
0
LINE
8
BLACK
6
CONTINUOUS
10
-0.4108729133858268
20
3.7133070866141731
11
-0.4108729133858268
21
3.7733070866141731
0
LINE
8
BLACK
6
CONTINUOUS
10
-0.4108729133858268
20
3.7733070866141731
11
-0.3508729133858268
21
3.7733070866141731
0
LINE
8
BLACK
6
CONTINUOUS
10
-0.3508729133858268
20
3.7733070866141731
11
-0.3508729133858268
21
3.7133070866141731
0
LINE
8
BLACK
6
CONTINUOUS
10
-1.310758188976378
20
3.8178503543307087
11
-1.3046973622047244
21
3.8153398818897637
0
LINE
8
BLACK
6
CONTINUOUS
10
-1.3046973622047244
20
3.8153398818897637
11
-1.2992427559055117
21
3.8116952362204723
0
LINE
8
BLACK
6
CONTINUOUS
10
-1.2992427559055117
20
3.8116952362204723
11
-1.2946039763779527
21
3.8070564566929135
0
LINE
8
BLACK
6
CONTINUOUS
10
-1.2946039763779527
20
3.8070564566929135
11
-1.2909593307086613
21
3.8016018503937006
0
LINE
8
BLACK
6
CONTINUOUS
10
-1.2909593307086613
20
3.8016018503937006
11
-1.2884488582677165
21
3.795541023622047
0
LINE
8
BLACK
6
CONTINUOUS
10
-1.2884488582677165
20
3.795541023622047
11
-1.2871690157480316
21
3.7891068897637794
0
LINE
8
BLACK
6
CONTINUOUS
10
-1.2871690157480316
20
3.7891068897637794
11
-1.2871690157480316
21
3.782546653543307
0
LINE
8
BLACK
6
CONTINUOUS
10
-1.2871690157480316
20
3.782546653543307
11
-1.2884488582677165
21
3.7761125196850394
0
LINE
8
BLACK
6
CONTINUOUS
10
-1.2884488582677165
20
3.7761125196850394
11
-1.2909593307086613
21
3.7700516929133858
0
LINE
8
BLACK
6
CONTINUOUS
10
-1.2909593307086613
20
3.7700516929133858
11
-1.2946039763779527
21
3.7645970866141734
0
LINE
8
BLACK
6
CONTINUOUS
10
-1.2946039763779527
20
3.7645970866141734
11
-1.2992427559055117
21
3.759958307086614
0
LINE
8
BLACK
6
CONTINUOUS
10
-1.2992427559055117
20
3.759958307086614
11
-1.3046973622047244
21
3.7563136614173227
0
LINE
8
BLACK
6
CONTINUOUS
10
-1.3046973622047244
20
3.7563136614173227
11
-1.310758188976378
21
3.7538031889763777
0
LINE
8
BLACK
6
CONTINUOUS
10
-1.310758188976378
20
3.7538031889763777
11
-1.3171923228346456
21
3.7525233464566927
0
LINE
8
BLACK
6
CONTINUOUS
10
-1.3171923228346456
20
3.7525233464566927
11
-1.323752559055118
21
3.7525233464566927
0
LINE
8
BLACK
6
CONTINUOUS
10
-1.323752559055118
20
3.7525233464566927
11
-1.3301866929133859
21
3.7538031889763777
0
LINE
8
BLACK
6
CONTINUOUS
10
-1.3301866929133859
20
3.7538031889763777
11
-1.3362475196850394
21
3.7563136614173227
0
LINE
8
BLACK
6
CONTINUOUS
10
-1.3362475196850394
20
3.7563136614173227
11
-1.3417021259842519
21
3.759958307086614
0
LINE
8
BLACK
6
CONTINUOUS
10
-1.3417021259842519
20
3.759958307086614
11
-1.346340905511811
21
3.7645970866141734
0
LINE
8
BLACK
6
CONTINUOUS
10
-1.346340905511811
20
3.7645970866141734
11
-1.3499855511811023
21
3.7700516929133858
0
LINE
8
BLACK
6
CONTINUOUS
10
-1.3499855511811023
20
3.7700516929133858
11
-1.3524960236220471
21
3.7761125196850394
0
LINE
8
BLACK
6
CONTINUOUS
10
-1.3524960236220471
20
3.7761125196850394
11
-1.3537758661417323
21
3.782546653543307
0
LINE
8
BLACK
6
CONTINUOUS
10
-1.3537758661417323
20
3.782546653543307
11
-1.3537758661417323
21
3.7891068897637794
0
LINE
8
BLACK
6
CONTINUOUS
10
-1.3537758661417323
20
3.7891068897637794
11
-1.3524960236220471
21
3.795541023622047
0
LINE
8
BLACK
6
CONTINUOUS
10
-1.3524960236220471
20
3.795541023622047
11
-1.3499855511811023
21
3.8016018503937006
0
LINE
8
BLACK
6
CONTINUOUS
10
-1.3499855511811023
20
3.8016018503937006
11
-1.346340905511811
21
3.8070564566929135
0
LINE
8
BLACK
6
CONTINUOUS
10
-1.346340905511811
20
3.8070564566929135
11
-1.3417021259842519
21
3.8116952362204723
0
LINE
8
BLACK
6
CONTINUOUS
10
-1.3417021259842519
20
3.8116952362204723
11
-1.3362475196850394
21
3.8153398818897637
0
LINE
8
BLACK
6
CONTINUOUS
10
-1.3362475196850394
20
3.8153398818897637
11
-1.3301866929133859
21
3.8178503543307087
0
LINE
8
BLACK
6
CONTINUOUS
10
-1.3301866929133859
20
3.8178503543307087
11
-1.323752559055118
21
3.8191301968503937
0
LINE
8
BLACK
6
CONTINUOUS
10
-1.323752559055118
20
3.8191301968503937
11
-1.3171923228346456
21
3.8191301968503937
0
LINE
8
BLACK
6
CONTINUOUS
10
-1.3171923228346456
20
3.8191301968503937
11
-1.310758188976378
21
3.8178503543307087
0
LINE
8
BLACK
6
CONTINUOUS
10
-1.2107581889763779
20
3.8178503543307087
11
-1.2046973622047243
21
3.8153398818897637
0
LINE
8
BLACK
6
CONTINUOUS
10
-1.2046973622047243
20
3.8153398818897637
11
-1.1992427559055119
21
3.8116952362204723
0
LINE
8
BLACK
6
CONTINUOUS
10
-1.1992427559055119
20
3.8116952362204723
11
-1.1946039763779528
21
3.8070564566929135
0
LINE
8
BLACK
6
CONTINUOUS
10
-1.1946039763779528
20
3.8070564566929135
11
-1.1909593307086614
21
3.8016018503937006
0
LINE
8
BLACK
6
CONTINUOUS
10
-1.1909593307086614
20
3.8016018503937006
11
-1.1884488582677164
21
3.795541023622047
0
LINE
8
BLACK
6
CONTINUOUS
10
-1.1884488582677164
20
3.795541023622047
11
-1.1871690157480315
21
3.7891068897637794
0
LINE
8
BLACK
6
CONTINUOUS
10
-1.1871690157480315
20
3.7891068897637794
11
-1.1871690157480315
21
3.782546653543307
0
LINE
8
BLACK
6
CONTINUOUS
10
-1.1871690157480315
20
3.782546653543307
11
-1.1884488582677164
21
3.7761125196850394
0
LINE
8
BLACK
6
CONTINUOUS
10
-1.1884488582677164
20
3.7761125196850394
11
-1.1909593307086614
21
3.7700516929133858
0
LINE
8
BLACK
6
CONTINUOUS
10
-1.1909593307086614
20
3.7700516929133858
11
-1.1946039763779528
21
3.7645970866141734
0
LINE
8
BLACK
6
CONTINUOUS
10
-1.1946039763779528
20
3.7645970866141734
11
-1.1992427559055119
21
3.759958307086614
0
LINE
8
BLACK
6
CONTINUOUS
10
-1.1992427559055119
20
3.759958307086614
11
-1.2046973622047243
21
3.7563136614173227
0
LINE
8
BLACK
6
CONTINUOUS
10
-1.2046973622047243
20
3.7563136614173227
11
-1.2107581889763779
21
3.7538031889763777
0
LINE
8
BLACK
6
CONTINUOUS
10
-1.2107581889763779
20
3.7538031889763777
11
-1.2171923228346457
21
3.7525233464566927
0
LINE
8
BLACK
6
CONTINUOUS
10
-1.2171923228346457
20
3.7525233464566927
11
-1.2237525590551181
21
3.7525233464566927
0
LINE
8
BLACK
6
CONTINUOUS
10
-1.2237525590551181
20
3.7525233464566927
11
-1.2301866929133858
21
3.7538031889763777
0
LINE
8
BLACK
6
CONTINUOUS
10
-1.2301866929133858
20
3.7538031889763777
11
-1.2362475196850393
21
3.7563136614173227
0
LINE
8
BLACK
6
CONTINUOUS
10
-1.2362475196850393
20
3.7563136614173227
11
-1.241702125984252
21
3.759958307086614
0
LINE
8
BLACK
6
CONTINUOUS
10
-1.241702125984252
20
3.759958307086614
11
-1.2463409055118111
21
3.7645970866141734
0
LINE
8
BLACK
6
CONTINUOUS
10
-1.2463409055118111
20
3.7645970866141734
11
-1.2499855511811024
21
3.7700516929133858
0
LINE
8
BLACK
6
CONTINUOUS
10
-1.2499855511811024
20
3.7700516929133858
11
-1.2524960236220473
21
3.7761125196850394
0
LINE
8
BLACK
6
CONTINUOUS
10
-1.2524960236220473
20
3.7761125196850394
11
-1.2537758661417322
21
3.782546653543307
0
LINE
8
BLACK
6
CONTINUOUS
10
-1.2537758661417322
20
3.782546653543307
11
-1.2537758661417322
21
3.7891068897637794
0
LINE
8
BLACK
6
CONTINUOUS
10
-1.2537758661417322
20
3.7891068897637794
11
-1.2524960236220473
21
3.795541023622047
0
LINE
8
BLACK
6
CONTINUOUS
10
-1.2524960236220473
20
3.795541023622047
11
-1.2499855511811024
21
3.8016018503937006
0
LINE
8
BLACK
6
CONTINUOUS
10
-1.2499855511811024
20
3.8016018503937006
11
-1.2463409055118111
21
3.8070564566929135
0
LINE
8
BLACK
6
CONTINUOUS
10
-1.2463409055118111
20
3.8070564566929135
11
-1.241702125984252
21
3.8116952362204723
0
LINE
8
BLACK
6
CONTINUOUS
10
-1.241702125984252
20
3.8116952362204723
11
-1.2362475196850393
21
3.8153398818897637
0
LINE
8
BLACK
6
CONTINUOUS
10
-1.2362475196850393
20
3.8153398818897637
11
-1.2301866929133858
21
3.8178503543307087
0
LINE
8
BLACK
6
CONTINUOUS
10
-1.2301866929133858
20
3.8178503543307087
11
-1.2237525590551181
21
3.8191301968503937
0
LINE
8
BLACK
6
CONTINUOUS
10
-1.2237525590551181
20
3.8191301968503937
11
-1.2171923228346457
21
3.8191301968503937
0
LINE
8
BLACK
6
CONTINUOUS
10
-1.2171923228346457
20
3.8191301968503937
11
-1.2107581889763779
21
3.8178503543307087
0
LINE
8
BLACK
6
CONTINUOUS
10
-0.1713453543307087
20
3.8125196850393701
11
-0.2313453543307087
21
3.8125196850393701
0
LINE
8
BLACK
6
CONTINUOUS
10
-0.2313453543307087
20
3.8125196850393701
11
-0.2313453543307087
21
3.8725196850393702
0
LINE
8
BLACK
6
CONTINUOUS
10
-0.2313453543307087
20
3.8725196850393702
11
-0.1713453543307087
21
3.8725196850393702
0
LINE
8
BLACK
6
CONTINUOUS
10
-0.1713453543307087
20
3.8725196850393702
11
-0.1713453543307087
21
3.8125196850393701
0
LINE
8
BLACK
6
CONTINUOUS
10
-0.0713453543307087
20
3.8125196850393701
11
-0.1313453543307087
21
3.8125196850393701
0
LINE
8
BLACK
6
CONTINUOUS
10
-0.1313453543307087
20
3.8125196850393701
11
-0.1313453543307087
21
3.8725196850393702
0
LINE
8
BLACK
6
CONTINUOUS
10
-0.1313453543307087
20
3.8725196850393702
11
-0.0713453543307087
21
3.8725196850393702
0
LINE
8
BLACK
6
CONTINUOUS
10
-0.0713453543307087
20
3.8725196850393702
11
-0.0713453543307087
21
3.8125196850393701
0
LINE
8
BLACK
6
CONTINUOUS
10
-0.4508729133858267
20
3.8133070866141732
11
-0.5108729133858267
21
3.8133070866141732
0
LINE
8
BLACK
6
CONTINUOUS
10
-0.5108729133858267
20
3.8133070866141732
11
-0.5108729133858267
21
3.8733070866141732
0
LINE
8
BLACK
6
CONTINUOUS
10
-0.5108729133858267
20
3.8733070866141732
11
-0.4508729133858267
21
3.8733070866141732
0
LINE
8
BLACK
6
CONTINUOUS
10
-0.4508729133858267
20
3.8733070866141732
11
-0.4508729133858267
21
3.8133070866141732
0
LINE
8
BLACK
6
CONTINUOUS
10
-0.3508729133858268
20
3.8133070866141732
11
-0.4108729133858268
21
3.8133070866141732
0
LINE
8
BLACK
6
CONTINUOUS
10
-0.4108729133858268
20
3.8133070866141732
11
-0.4108729133858268
21
3.8733070866141732
0
LINE
8
BLACK
6
CONTINUOUS
10
-0.4108729133858268
20
3.8733070866141732
11
-0.3508729133858268
21
3.8733070866141732
0
LINE
8
BLACK
6
CONTINUOUS
10
-0.3508729133858268
20
3.8733070866141732
11
-0.3508729133858268
21
3.8133070866141732
0
LINE
8
BLACK
6
CONTINUOUS
10
-1.287007874015748
20
3.8523622047244093
11
-1.3539370078740156
21
3.8523622047244093
0
LINE
8
BLACK
6
CONTINUOUS
10
-1.3539370078740156
20
3.8523622047244093
11
-1.3539370078740156
21
3.9192913385826769
0
LINE
8
BLACK
6
CONTINUOUS
10
-1.3539370078740156
20
3.9192913385826769
11
-1.287007874015748
21
3.9192913385826769
0
LINE
8
BLACK
6
CONTINUOUS
10
-1.287007874015748
20
3.9192913385826769
11
-1.287007874015748
21
3.8523622047244093
0
LINE
8
BLACK
6
CONTINUOUS
10
-1.2107581889763779
20
3.9178503543307084
11
-1.2046973622047243
21
3.9153398818897638
0
LINE
8
BLACK
6
CONTINUOUS
10
-1.2046973622047243
20
3.9153398818897638
11
-1.1992427559055119
21
3.9116952362204724
0
LINE
8
BLACK
6
CONTINUOUS
10
-1.1992427559055119
20
3.9116952362204724
11
-1.1946039763779528
21
3.9070564566929131
0
LINE
8
BLACK
6
CONTINUOUS
10
-1.1946039763779528
20
3.9070564566929131
11
-1.1909593307086614
21
3.9016018503937007
0
LINE
8
BLACK
6
CONTINUOUS
10
-1.1909593307086614
20
3.9016018503937007
11
-1.1884488582677164
21
3.8955410236220471
0
LINE
8
BLACK
6
CONTINUOUS
10
-1.1884488582677164
20
3.8955410236220471
11
-1.1871690157480315
21
3.8891068897637795
0
LINE
8
BLACK
6
CONTINUOUS
10
-1.1871690157480315
20
3.8891068897637795
11
-1.1871690157480315
21
3.8825466535433071
0
LINE
8
BLACK
6
CONTINUOUS
10
-1.1871690157480315
20
3.8825466535433071
11
-1.1884488582677164
21
3.8761125196850394
0
LINE
8
BLACK
6
CONTINUOUS
10
-1.1884488582677164
20
3.8761125196850394
11
-1.1909593307086614
21
3.8700516929133859
0
LINE
8
BLACK
6
CONTINUOUS
10
-1.1909593307086614
20
3.8700516929133859
11
-1.1946039763779528
21
3.864597086614173
0
LINE
8
BLACK
6
CONTINUOUS
10
-1.1946039763779528
20
3.864597086614173
11
-1.1992427559055119
21
3.8599583070866141
0
LINE
8
BLACK
6
CONTINUOUS
10
-1.1992427559055119
20
3.8599583070866141
11
-1.2046973622047243
21
3.8563136614173228
0
LINE
8
BLACK
6
CONTINUOUS
10
-1.2046973622047243
20
3.8563136614173228
11
-1.2107581889763779
21
3.8538031889763777
0
LINE
8
BLACK
6
CONTINUOUS
10
-1.2107581889763779
20
3.8538031889763777
11
-1.2171923228346457
21
3.8525233464566928
0
LINE
8
BLACK
6
CONTINUOUS
10
-1.2171923228346457
20
3.8525233464566928
11
-1.2237525590551181
21
3.8525233464566928
0
LINE
8
BLACK
6
CONTINUOUS
10
-1.2237525590551181
20
3.8525233464566928
11
-1.2301866929133858
21
3.8538031889763777
0
LINE
8
BLACK
6
CONTINUOUS
10
-1.2301866929133858
20
3.8538031889763777
11
-1.2362475196850393
21
3.8563136614173228
0
LINE
8
BLACK
6
CONTINUOUS
10
-1.2362475196850393
20
3.8563136614173228
11
-1.241702125984252
21
3.8599583070866141
0
LINE
8
BLACK
6
CONTINUOUS
10
-1.241702125984252
20
3.8599583070866141
11
-1.2463409055118111
21
3.864597086614173
0
LINE
8
BLACK
6
CONTINUOUS
10
-1.2463409055118111
20
3.864597086614173
11
-1.2499855511811024
21
3.8700516929133859
0
LINE
8
BLACK
6
CONTINUOUS
10
-1.2499855511811024
20
3.8700516929133859
11
-1.2524960236220473
21
3.8761125196850394
0
LINE
8
BLACK
6
CONTINUOUS
10
-1.2524960236220473
20
3.8761125196850394
11
-1.2537758661417322
21
3.8825466535433071
0
LINE
8
BLACK
6
CONTINUOUS
10
-1.2537758661417322
20
3.8825466535433071
11
-1.2537758661417322
21
3.8891068897637795
0
LINE
8
BLACK
6
CONTINUOUS
10
-1.2537758661417322
20
3.8891068897637795
11
-1.2524960236220473
21
3.8955410236220471
0
LINE
8
BLACK
6
CONTINUOUS
10
-1.2524960236220473
20
3.8955410236220471
11
-1.2499855511811024
21
3.9016018503937007
0
LINE
8
BLACK
6
CONTINUOUS
10
-1.2499855511811024
20
3.9016018503937007
11
-1.2463409055118111
21
3.9070564566929131
0
LINE
8
BLACK
6
CONTINUOUS
10
-1.2463409055118111
20
3.9070564566929131
11
-1.241702125984252
21
3.9116952362204724
0
LINE
8
BLACK
6
CONTINUOUS
10
-1.241702125984252
20
3.9116952362204724
11
-1.2362475196850393
21
3.9153398818897638
0
LINE
8
BLACK
6
CONTINUOUS
10
-1.2362475196850393
20
3.9153398818897638
11
-1.2301866929133858
21
3.9178503543307084
0
LINE
8
BLACK
6
CONTINUOUS
10
-1.2301866929133858
20
3.9178503543307084
11
-1.2237525590551181
21
3.9191301968503938
0
LINE
8
BLACK
6
CONTINUOUS
10
-1.2237525590551181
20
3.9191301968503938
11
-1.2171923228346457
21
3.9191301968503938
0
LINE
8
BLACK
6
CONTINUOUS
10
-1.2171923228346457
20
3.9191301968503938
11
-1.2107581889763779
21
3.9178503543307084
0
LINE
8
BLACK
6
CONTINUOUS
10
-0.4508729133858267
20
3.9133070866141733
11
-0.5108729133858267
21
3.9133070866141733
0
LINE
8
BLACK
6
CONTINUOUS
10
-0.5108729133858267
20
3.9133070866141733
11
-0.5108729133858267
21
3.9733070866141733
0
LINE
8
BLACK
6
CONTINUOUS
10
-0.5108729133858267
20
3.9733070866141733
11
-0.4508729133858267
21
3.9733070866141733
0
LINE
8
BLACK
6
CONTINUOUS
10
-0.4508729133858267
20
3.9733070866141733
11
-0.4508729133858267
21
3.9133070866141733
0
LINE
8
BLACK
6
CONTINUOUS
10
-0.3508729133858268
20
3.9133070866141733
11
-0.4108729133858268
21
3.9133070866141733
0
LINE
8
BLACK
6
CONTINUOUS
10
-0.4108729133858268
20
3.9133070866141733
11
-0.4108729133858268
21
3.9733070866141733
0
LINE
8
BLACK
6
CONTINUOUS
10
-0.4108729133858268
20
3.9733070866141733
11
-0.3508729133858268
21
3.9733070866141733
0
LINE
8
BLACK
6
CONTINUOUS
10
-0.3508729133858268
20
3.9733070866141733
11
-0.3508729133858268
21
3.9133070866141733
0
LINE
8
BLACK
6
CONTINUOUS
10
-0.1713453543307087
20
3.9148818897637794
11
-0.2313453543307087
21
3.9148818897637794
0
LINE
8
BLACK
6
CONTINUOUS
10
-0.2313453543307087
20
3.9148818897637794
11
-0.2313453543307087
21
3.9748818897637794
0
LINE
8
BLACK
6
CONTINUOUS
10
-0.2313453543307087
20
3.9748818897637794
11
-0.1713453543307087
21
3.9748818897637794
0
LINE
8
BLACK
6
CONTINUOUS
10
-0.1713453543307087
20
3.9748818897637794
11
-0.1713453543307087
21
3.9148818897637794
0
LINE
8
BLACK
6
CONTINUOUS
10
-0.0713453543307087
20
3.9148818897637794
11
-0.1313453543307087
21
3.9148818897637794
0
LINE
8
BLACK
6
CONTINUOUS
10
-0.1313453543307087
20
3.9148818897637794
11
-0.1313453543307087
21
3.9748818897637794
0
LINE
8
BLACK
6
CONTINUOUS
10
-0.1313453543307087
20
3.9748818897637794
11
-0.0713453543307087
21
3.9748818897637794
0
LINE
8
BLACK
6
CONTINUOUS
10
-0.0713453543307087
20
3.9748818897637794
11
-0.0713453543307087
21
3.9148818897637794
0
LINE
8
BLACK
6
CONTINUOUS
10
1.2037727559055118
20
4.0475393700787397
11
1.136843622047244
21
4.0475393700787397
0
LINE
8
BLACK
6
CONTINUOUS
10
1.136843622047244
20
4.0475393700787397
11
1.136843622047244
21
4.1144685039370081
0
LINE
8
BLACK
6
CONTINUOUS
10
1.136843622047244
20
4.1144685039370081
11
1.2037727559055118
21
4.1144685039370081
0
LINE
8
BLACK
6
CONTINUOUS
10
1.2037727559055118
20
4.1144685039370081
11
1.2037727559055118
21
4.0475393700787397
0
LINE
8
BLACK
6
CONTINUOUS
10
1.0800224409448818
20
4.1130275196850397
11
1.0860832677165355
21
4.1105170472440946
0
LINE
8
BLACK
6
CONTINUOUS
10
1.0860832677165355
20
4.1105170472440946
11
1.091537874015748
21
4.1068724015748028
0
LINE
8
BLACK
6
CONTINUOUS
10
1.091537874015748
20
4.1068724015748028
11
1.0961766535433071
21
4.102233622047244
0
LINE
8
BLACK
6
CONTINUOUS
10
1.0961766535433071
20
4.102233622047244
11
1.0998212992125984
21
4.096779015748031
0
LINE
8
BLACK
6
CONTINUOUS
10
1.0998212992125984
20
4.096779015748031
11
1.1023317716535432
21
4.0907181889763775
0
LINE
8
BLACK
6
CONTINUOUS
10
1.1023317716535432
20
4.0907181889763775
11
1.1036116141732284
21
4.0842840551181103
0
LINE
8
BLACK
6
CONTINUOUS
10
1.1036116141732284
20
4.0842840551181103
11
1.1036116141732284
21
4.0777238188976375
0
LINE
8
BLACK
6
CONTINUOUS
10
1.1036116141732284
20
4.0777238188976375
11
1.1023317716535432
21
4.0712896850393703
0
LINE
8
BLACK
6
CONTINUOUS
10
1.1023317716535432
20
4.0712896850393703
11
1.0998212992125984
21
4.0652288582677167
0
LINE
8
BLACK
6
CONTINUOUS
10
1.0998212992125984
20
4.0652288582677167
11
1.0961766535433071
21
4.0597742519685038
0
LINE
8
BLACK
6
CONTINUOUS
10
1.0961766535433071
20
4.0597742519685038
11
1.091537874015748
21
4.055135472440945
0
LINE
8
BLACK
6
CONTINUOUS
10
1.091537874015748
20
4.055135472440945
11
1.0860832677165355
21
4.0514908267716532
0
LINE
8
BLACK
6
CONTINUOUS
10
1.0860832677165355
20
4.0514908267716532
11
1.0800224409448818
21
4.0489803543307081
0
LINE
8
BLACK
6
CONTINUOUS
10
1.0800224409448818
20
4.0489803543307081
11
1.0735883070866141
21
4.0477005118110236
0
LINE
8
BLACK
6
CONTINUOUS
10
1.0735883070866141
20
4.0477005118110236
11
1.0670280708661417
21
4.0477005118110236
0
LINE
8
BLACK
6
CONTINUOUS
10
1.0670280708661417
20
4.0477005118110236
11
1.0605939370078741
21
4.0489803543307081
0
LINE
8
BLACK
6
CONTINUOUS
10
1.0605939370078741
20
4.0489803543307081
11
1.0545331102362205
21
4.0514908267716532
0
LINE
8
BLACK
6
CONTINUOUS
10
1.0545331102362205
20
4.0514908267716532
11
1.0490785039370079
21
4.055135472440945
0
LINE
8
BLACK
6
CONTINUOUS
10
1.0490785039370079
20
4.055135472440945
11
1.0444397244094488
21
4.0597742519685038
0
LINE
8
BLACK
6
CONTINUOUS
10
1.0444397244094488
20
4.0597742519685038
11
1.0407950787401574
21
4.0652288582677167
0
LINE
8
BLACK
6
CONTINUOUS
10
1.0407950787401574
20
4.0652288582677167
11
1.0382846062992126
21
4.0712896850393703
0
LINE
8
BLACK
6
CONTINUOUS
10
1.0382846062992126
20
4.0712896850393703
11
1.0370047637795274
21
4.0777238188976375
0
LINE
8
BLACK
6
CONTINUOUS
10
1.0370047637795274
20
4.0777238188976375
11
1.0370047637795274
21
4.0842840551181103
0
LINE
8
BLACK
6
CONTINUOUS
10
1.0370047637795274
20
4.0842840551181103
11
1.0382846062992126
21
4.0907181889763775
0
LINE
8
BLACK
6
CONTINUOUS
10
1.0382846062992126
20
4.0907181889763775
11
1.0407950787401574
21
4.096779015748031
0
LINE
8
BLACK
6
CONTINUOUS
10
1.0407950787401574
20
4.096779015748031
11
1.0444397244094488
21
4.102233622047244
0
LINE
8
BLACK
6
CONTINUOUS
10
1.0444397244094488
20
4.102233622047244
11
1.0490785039370079
21
4.1068724015748028
0
LINE
8
BLACK
6
CONTINUOUS
10
1.0490785039370079
20
4.1068724015748028
11
1.0545331102362205
21
4.1105170472440946
0
LINE
8
BLACK
6
CONTINUOUS
10
1.0545331102362205
20
4.1105170472440946
11
1.0605939370078741
21
4.1130275196850397
0
LINE
8
BLACK
6
CONTINUOUS
10
1.0605939370078741
20
4.1130275196850397
11
1.0670280708661417
21
4.1143073622047241
0
LINE
8
BLACK
6
CONTINUOUS
10
1.0670280708661417
20
4.1143073622047241
11
1.0735883070866141
21
4.1143073622047241
0
LINE
8
BLACK
6
CONTINUOUS
10
1.0735883070866141
20
4.1143073622047241
11
1.0800224409448818
21
4.1130275196850397
0
LINE
8
BLACK
6
CONTINUOUS
10
-1.0510819291338582
20
4.3802209842519684
11
-1.0381690157480314
21
4.3772737007874012
0
LINE
8
BLACK
6
CONTINUOUS
10
-1.0381690157480314
20
4.3772737007874012
11
-1.0256673228346456
21
4.3728991732283466
0
LINE
8
BLACK
6
CONTINUOUS
10
-1.0256673228346456
20
4.3728991732283466
11
-1.0137339763779527
21
4.3671523622047239
0
LINE
8
BLACK
6
CONTINUOUS
10
-1.0137339763779527
20
4.3671523622047239
11
-1.0025191338582677
21
4.3601056299212599
0
LINE
8
BLACK
6
CONTINUOUS
10
-1.0025191338582677
20
4.3601056299212599
11
-0.9921637795275591
21
4.3518474803149605
0
LINE
8
BLACK
6
CONTINUOUS
10
-0.9921637795275591
20
4.3518474803149605
11
-0.9827981889763779
21
4.3424818897637794
0
LINE
8
BLACK
6
CONTINUOUS
10
-0.9827981889763779
20
4.3424818897637794
11
-0.9745400393700787
21
4.3321265354330709
0
LINE
8
BLACK
6
CONTINUOUS
10
-0.9745400393700787
20
4.3321265354330709
11
-0.9674933070866142
21
4.3209116929133859
0
LINE
8
BLACK
6
CONTINUOUS
10
-0.9674933070866142
20
4.3209116929133859
11
-0.9617464960629921
21
4.3089783464566924
0
LINE
8
BLACK
6
CONTINUOUS
10
-0.9617464960629921
20
4.3089783464566924
11
-0.957371968503937
21
4.2964766535433068
0
LINE
8
BLACK
6
CONTINUOUS
10
-0.957371968503937
20
4.2964766535433068
11
-0.9544246850393701
21
4.2835637401574802
0
LINE
8
BLACK
6
CONTINUOUS
10
-0.9544246850393701
20
4.2835637401574802
11
-0.9529417322834646
21
4.2704020078740159
0
LINE
8
BLACK
6
CONTINUOUS
10
-0.9529417322834646
20
4.2704020078740159
11
-0.9529417322834646
21
4.2571570472440943
0
LINE
8
BLACK
6
CONTINUOUS
10
-0.9529417322834646
20
4.2571570472440943
11
-0.9544246850393701
21
4.24399531496063
0
LINE
8
BLACK
6
CONTINUOUS
10
-0.9544246850393701
20
4.24399531496063
11
-0.957371968503937
21
4.2310824015748034
0
LINE
8
BLACK
6
CONTINUOUS
10
-0.957371968503937
20
4.2310824015748034
11
-0.9617464960629921
21
4.2185807086614169
0
LINE
8
BLACK
6
CONTINUOUS
10
-0.9617464960629921
20
4.2185807086614169
11
-0.9674933070866142
21
4.2066473622047242
0
LINE
8
BLACK
6
CONTINUOUS
10
-0.9674933070866142
20
4.2066473622047242
11
-0.9745400393700787
21
4.1954325196850393
0
LINE
8
BLACK
6
CONTINUOUS
10
-0.9745400393700787
20
4.1954325196850393
11
-0.9827981889763779
21
4.1850771653543308
0
LINE
8
BLACK
6
CONTINUOUS
10
-0.9827981889763779
20
4.1850771653543308
11
-0.9921637795275591
21
4.1757115748031497
0
LINE
8
BLACK
6
CONTINUOUS
10
-0.9921637795275591
20
4.1757115748031497
11
-1.0025191338582677
21
4.1674534251968502
0
LINE
8
BLACK
6
CONTINUOUS
10
-1.0025191338582677
20
4.1674534251968502
11
-1.0137339763779527
21
4.1604066929133854
0
LINE
8
BLACK
6
CONTINUOUS
10
-1.0137339763779527
20
4.1604066929133854
11
-1.0256673228346456
21
4.1546598818897635
0
LINE
8
BLACK
6
CONTINUOUS
10
-1.0256673228346456
20
4.1546598818897635
11
-1.0381690157480314
21
4.150285354330709
0
LINE
8
BLACK
6
CONTINUOUS
10
-1.0381690157480314
20
4.150285354330709
11
-1.0510819291338582
21
4.1473380708661418
0
LINE
8
BLACK
6
CONTINUOUS
10
-1.0510819291338582
20
4.1473380708661418
11
-1.0642436614173227
21
4.1458551181102363
0
LINE
8
BLACK
6
CONTINUOUS
10
-1.0642436614173227
20
4.1458551181102363
11
-1.0774886220472442
21
4.1458551181102363
0
LINE
8
BLACK
6
CONTINUOUS
10
-1.0774886220472442
20
4.1458551181102363
11
-1.0906503543307087
21
4.1473380708661418
0
LINE
8
BLACK
6
CONTINUOUS
10
-1.0906503543307087
20
4.1473380708661418
11
-1.1035632677165355
21
4.150285354330709
0
LINE
8
BLACK
6
CONTINUOUS
10
-1.1035632677165355
20
4.150285354330709
11
-1.1160649606299213
21
4.1546598818897635
0
LINE
8
BLACK
6
CONTINUOUS
10
-1.1160649606299213
20
4.1546598818897635
11
-1.1279983070866142
21
4.1604066929133854
0
LINE
8
BLACK
6
CONTINUOUS
10
-1.1279983070866142
20
4.1604066929133854
11
-1.1392131496062992
21
4.1674534251968502
0
LINE
8
BLACK
6
CONTINUOUS
10
-1.1392131496062992
20
4.1674534251968502
11
-1.1495685039370078
21
4.1757115748031497
0
LINE
8
BLACK
6
CONTINUOUS
10
-1.1495685039370078
20
4.1757115748031497
11
-1.158934094488189
21
4.1850771653543308
0
LINE
8
BLACK
6
CONTINUOUS
10
-1.158934094488189
20
4.1850771653543308
11
-1.1671922440944882
21
4.1954325196850393
0
LINE
8
BLACK
6
CONTINUOUS
10
-1.1671922440944882
20
4.1954325196850393
11
-1.1742389763779528
21
4.2066473622047242
0
LINE
8
BLACK
6
CONTINUOUS
10
-1.1742389763779528
20
4.2066473622047242
11
-1.1799857874015747
21
4.2185807086614169
0
LINE
8
BLACK
6
CONTINUOUS
10
-1.1799857874015747
20
4.2185807086614169
11
-1.1843603149606299
21
4.2310824015748034
0
LINE
8
BLACK
6
CONTINUOUS
10
-1.1843603149606299
20
4.2310824015748034
11
-1.1873075984251968
21
4.24399531496063
0
LINE
8
BLACK
6
CONTINUOUS
10
-1.1873075984251968
20
4.24399531496063
11
-1.1887905511811023
21
4.2571570472440943
0
LINE
8
BLACK
6
CONTINUOUS
10
-1.1887905511811023
20
4.2571570472440943
11
-1.1887905511811023
21
4.2704020078740159
0
LINE
8
BLACK
6
CONTINUOUS
10
-1.1887905511811023
20
4.2704020078740159
11
-1.1873075984251968
21
4.2835637401574802
0
LINE
8
BLACK
6
CONTINUOUS
10
-1.1873075984251968
20
4.2835637401574802
11
-1.1843603149606299
21
4.2964766535433068
0
LINE
8
BLACK
6
CONTINUOUS
10
-1.1843603149606299
20
4.2964766535433068
11
-1.1799857874015747
21
4.3089783464566924
0
LINE
8
BLACK
6
CONTINUOUS
10
-1.1799857874015747
20
4.3089783464566924
11
-1.1742389763779528
21
4.3209116929133859
0
LINE
8
BLACK
6
CONTINUOUS
10
-1.1742389763779528
20
4.3209116929133859
11
-1.1671922440944882
21
4.3321265354330709
0
LINE
8
BLACK
6
CONTINUOUS
10
-1.1671922440944882
20
4.3321265354330709
11
-1.158934094488189
21
4.3424818897637794
0
LINE
8
BLACK
6
CONTINUOUS
10
-1.158934094488189
20
4.3424818897637794
11
-1.1495685039370078
21
4.3518474803149605
0
LINE
8
BLACK
6
CONTINUOUS
10
-1.1495685039370078
20
4.3518474803149605
11
-1.1392131496062992
21
4.3601056299212599
0
LINE
8
BLACK
6
CONTINUOUS
10
-1.1392131496062992
20
4.3601056299212599
11
-1.1279983070866142
21
4.3671523622047239
0
LINE
8
BLACK
6
CONTINUOUS
10
-1.1279983070866142
20
4.3671523622047239
11
-1.1160649606299213
21
4.3728991732283466
0
LINE
8
BLACK
6
CONTINUOUS
10
-1.1160649606299213
20
4.3728991732283466
11
-1.1035632677165355
21
4.3772737007874012
0
LINE
8
BLACK
6
CONTINUOUS
10
-1.1035632677165355
20
4.3772737007874012
11
-1.0906503543307087
21
4.3802209842519684
0
LINE
8
BLACK
6
CONTINUOUS
10
-1.0906503543307087
20
4.3802209842519684
11
-1.0774886220472442
21
4.3817039370078739
0
LINE
8
BLACK
6
CONTINUOUS
10
-1.0774886220472442
20
4.3817039370078739
11
-1.0642436614173227
21
4.3817039370078739
0
LINE
8
BLACK
6
CONTINUOUS
10
-1.0642436614173227
20
4.3817039370078739
11
-1.0510819291338582
21
4.3802209842519684
0
LINE
8
BLACK
6
CONTINUOUS
10
1.0800224409448818
20
4.2130275196850393
11
1.0860832677165355
21
4.2105170472440943
0
LINE
8
BLACK
6
CONTINUOUS
10
1.0860832677165355
20
4.2105170472440943
11
1.091537874015748
21
4.2068724015748034
0
LINE
8
BLACK
6
CONTINUOUS
10
1.091537874015748
20
4.2068724015748034
11
1.0961766535433071
21
4.2022336220472436
0
LINE
8
BLACK
6
CONTINUOUS
10
1.0961766535433071
20
4.2022336220472436
11
1.0998212992125984
21
4.1967790157480316
0
LINE
8
BLACK
6
CONTINUOUS
10
1.0998212992125984
20
4.1967790157480316
11
1.1023317716535432
21
4.190718188976378
0
LINE
8
BLACK
6
CONTINUOUS
10
1.1023317716535432
20
4.190718188976378
11
1.1036116141732284
21
4.18428405511811
0
LINE
8
BLACK
6
CONTINUOUS
10
1.1036116141732284
20
4.18428405511811
11
1.1036116141732284
21
4.177723818897638
0
LINE
8
BLACK
6
CONTINUOUS
10
1.1036116141732284
20
4.177723818897638
11
1.1023317716535432
21
4.1712896850393699
0
LINE
8
BLACK
6
CONTINUOUS
10
1.1023317716535432
20
4.1712896850393699
11
1.0998212992125984
21
4.1652288582677164
0
LINE
8
BLACK
6
CONTINUOUS
10
1.0998212992125984
20
4.1652288582677164
11
1.0961766535433071
21
4.1597742519685035
0
LINE
8
BLACK
6
CONTINUOUS
10
1.0961766535433071
20
4.1597742519685035
11
1.091537874015748
21
4.1551354724409446
0
LINE
8
BLACK
6
CONTINUOUS
10
1.091537874015748
20
4.1551354724409446
11
1.0860832677165355
21
4.1514908267716537
0
LINE
8
BLACK
6
CONTINUOUS
10
1.0860832677165355
20
4.1514908267716537
11
1.0800224409448818
21
4.1489803543307087
0
LINE
8
BLACK
6
CONTINUOUS
10
1.0800224409448818
20
4.1489803543307087
11
1.0735883070866141
21
4.1477005118110233
0
LINE
8
BLACK
6
CONTINUOUS
10
1.0735883070866141
20
4.1477005118110233
11
1.0670280708661417
21
4.1477005118110233
0
LINE
8
BLACK
6
CONTINUOUS
10
1.0670280708661417
20
4.1477005118110233
11
1.0605939370078741
21
4.1489803543307087
0
LINE
8
BLACK
6
CONTINUOUS
10
1.0605939370078741
20
4.1489803543307087
11
1.0545331102362205
21
4.1514908267716537
0
LINE
8
BLACK
6
CONTINUOUS
10
1.0545331102362205
20
4.1514908267716537
11
1.0490785039370079
21
4.1551354724409446
0
LINE
8
BLACK
6
CONTINUOUS
10
1.0490785039370079
20
4.1551354724409446
11
1.0444397244094488
21
4.1597742519685035
0
LINE
8
BLACK
6
CONTINUOUS
10
1.0444397244094488
20
4.1597742519685035
11
1.0407950787401574
21
4.1652288582677164
0
LINE
8
BLACK
6
CONTINUOUS
10
1.0407950787401574
20
4.1652288582677164
11
1.0382846062992126
21
4.1712896850393699
0
LINE
8
BLACK
6
CONTINUOUS
10
1.0382846062992126
20
4.1712896850393699
11
1.0370047637795274
21
4.177723818897638
0
LINE
8
BLACK
6
CONTINUOUS
10
1.0370047637795274
20
4.177723818897638
11
1.0370047637795274
21
4.18428405511811
0
LINE
8
BLACK
6
CONTINUOUS
10
1.0370047637795274
20
4.18428405511811
11
1.0382846062992126
21
4.190718188976378
0
LINE
8
BLACK
6
CONTINUOUS
10
1.0382846062992126
20
4.190718188976378
11
1.0407950787401574
21
4.1967790157480316
0
LINE
8
BLACK
6
CONTINUOUS
10
1.0407950787401574
20
4.1967790157480316
11
1.0444397244094488
21
4.2022336220472436
0
LINE
8
BLACK
6
CONTINUOUS
10
1.0444397244094488
20
4.2022336220472436
11
1.0490785039370079
21
4.2068724015748034
0
LINE
8
BLACK
6
CONTINUOUS
10
1.0490785039370079
20
4.2068724015748034
11
1.0545331102362205
21
4.2105170472440943
0
LINE
8
BLACK
6
CONTINUOUS
10
1.0545331102362205
20
4.2105170472440943
11
1.0605939370078741
21
4.2130275196850393
0
LINE
8
BLACK
6
CONTINUOUS
10
1.0605939370078741
20
4.2130275196850393
11
1.0670280708661417
21
4.2143073622047247
0
LINE
8
BLACK
6
CONTINUOUS
10
1.0670280708661417
20
4.2143073622047247
11
1.0735883070866141
21
4.2143073622047247
0
LINE
8
BLACK
6
CONTINUOUS
10
1.0735883070866141
20
4.2143073622047247
11
1.0800224409448818
21
4.2130275196850393
0
LINE
8
BLACK
6
CONTINUOUS
10
1.1800224409448818
20
4.2130275196850393
11
1.1860832677165354
21
4.2105170472440943
0
LINE
8
BLACK
6
CONTINUOUS
10
1.1860832677165354
20
4.2105170472440943
11
1.1915378740157481
21
4.2068724015748034
0
LINE
8
BLACK
6
CONTINUOUS
10
1.1915378740157481
20
4.2068724015748034
11
1.1961766535433072
21
4.2022336220472436
0
LINE
8
BLACK
6
CONTINUOUS
10
1.1961766535433072
20
4.2022336220472436
11
1.1998212992125985
21
4.1967790157480316
0
LINE
8
BLACK
6
CONTINUOUS
10
1.1998212992125985
20
4.1967790157480316
11
1.2023317716535433
21
4.190718188976378
0
LINE
8
BLACK
6
CONTINUOUS
10
1.2023317716535433
20
4.190718188976378
11
1.2036116141732283
21
4.18428405511811
0
LINE
8
BLACK
6
CONTINUOUS
10
1.2036116141732283
20
4.18428405511811
11
1.2036116141732283
21
4.177723818897638
0
LINE
8
BLACK
6
CONTINUOUS
10
1.2036116141732283
20
4.177723818897638
11
1.2023317716535433
21
4.1712896850393699
0
LINE
8
BLACK
6
CONTINUOUS
10
1.2023317716535433
20
4.1712896850393699
11
1.1998212992125985
21
4.1652288582677164
0
LINE
8
BLACK
6
CONTINUOUS
10
1.1998212992125985
20
4.1652288582677164
11
1.1961766535433072
21
4.1597742519685035
0
LINE
8
BLACK
6
CONTINUOUS
10
1.1961766535433072
20
4.1597742519685035
11
1.1915378740157481
21
4.1551354724409446
0
LINE
8
BLACK
6
CONTINUOUS
10
1.1915378740157481
20
4.1551354724409446
11
1.1860832677165354
21
4.1514908267716537
0
LINE
8
BLACK
6
CONTINUOUS
10
1.1860832677165354
20
4.1514908267716537
11
1.1800224409448818
21
4.1489803543307087
0
LINE
8
BLACK
6
CONTINUOUS
10
1.1800224409448818
20
4.1489803543307087
11
1.1735883070866142
21
4.1477005118110233
0
LINE
8
BLACK
6
CONTINUOUS
10
1.1735883070866142
20
4.1477005118110233
11
1.1670280708661418
21
4.1477005118110233
0
LINE
8
BLACK
6
CONTINUOUS
10
1.1670280708661418
20
4.1477005118110233
11
1.1605939370078739
21
4.1489803543307087
0
LINE
8
BLACK
6
CONTINUOUS
10
1.1605939370078739
20
4.1489803543307087
11
1.1545331102362204
21
4.1514908267716537
0
LINE
8
BLACK
6
CONTINUOUS
10
1.1545331102362204
20
4.1514908267716537
11
1.1490785039370079
21
4.1551354724409446
0
LINE
8
BLACK
6
CONTINUOUS
10
1.1490785039370079
20
4.1551354724409446
11
1.1444397244094489
21
4.1597742519685035
0
LINE
8
BLACK
6
CONTINUOUS
10
1.1444397244094489
20
4.1597742519685035
11
1.1407950787401575
21
4.1652288582677164
0
LINE
8
BLACK
6
CONTINUOUS
10
1.1407950787401575
20
4.1652288582677164
11
1.1382846062992125
21
4.1712896850393699
0
LINE
8
BLACK
6
CONTINUOUS
10
1.1382846062992125
20
4.1712896850393699
11
1.1370047637795275
21
4.177723818897638
0
LINE
8
BLACK
6
CONTINUOUS
10
1.1370047637795275
20
4.177723818897638
11
1.1370047637795275
21
4.18428405511811
0
LINE
8
BLACK
6
CONTINUOUS
10
1.1370047637795275
20
4.18428405511811
11
1.1382846062992125
21
4.190718188976378
0
LINE
8
BLACK
6
CONTINUOUS
10
1.1382846062992125
20
4.190718188976378
11
1.1407950787401575
21
4.1967790157480316
0
LINE
8
BLACK
6
CONTINUOUS
10
1.1407950787401575
20
4.1967790157480316
11
1.1444397244094489
21
4.2022336220472436
0
LINE
8
BLACK
6
CONTINUOUS
10
1.1444397244094489
20
4.2022336220472436
11
1.1490785039370079
21
4.2068724015748034
0
LINE
8
BLACK
6
CONTINUOUS
10
1.1490785039370079
20
4.2068724015748034
11
1.1545331102362204
21
4.2105170472440943
0
LINE
8
BLACK
6
CONTINUOUS
10
1.1545331102362204
20
4.2105170472440943
11
1.1605939370078739
21
4.2130275196850393
0
LINE
8
BLACK
6
CONTINUOUS
10
1.1605939370078739
20
4.2130275196850393
11
1.1670280708661418
21
4.2143073622047247
0
LINE
8
BLACK
6
CONTINUOUS
10
1.1670280708661418
20
4.2143073622047247
11
1.1735883070866142
21
4.2143073622047247
0
LINE
8
BLACK
6
CONTINUOUS
10
1.1735883070866142
20
4.2143073622047247
11
1.1800224409448818
21
4.2130275196850393
0
LINE
8
BLACK
6
CONTINUOUS
10
1.1800224409448818
20
4.3130274803149602
11
1.1860832677165354
21
4.310517007874016
0
LINE
8
BLACK
6
CONTINUOUS
10
1.1860832677165354
20
4.310517007874016
11
1.1915378740157481
21
4.3068723622047242
0
LINE
8
BLACK
6
CONTINUOUS
10
1.1915378740157481
20
4.3068723622047242
11
1.1961766535433072
21
4.3022335826771654
0
LINE
8
BLACK
6
CONTINUOUS
10
1.1961766535433072
20
4.3022335826771654
11
1.1998212992125985
21
4.2967789763779525
0
LINE
8
BLACK
6
CONTINUOUS
10
1.1998212992125985
20
4.2967789763779525
11
1.2023317716535433
21
4.2907181496062989
0
LINE
8
BLACK
6
CONTINUOUS
10
1.2023317716535433
20
4.2907181496062989
11
1.2036116141732283
21
4.2842840157480317
0
LINE
8
BLACK
6
CONTINUOUS
10
1.2036116141732283
20
4.2842840157480317
11
1.2036116141732283
21
4.2777237795275589
0
LINE
8
BLACK
6
CONTINUOUS
10
1.2036116141732283
20
4.2777237795275589
11
1.2023317716535433
21
4.2712896456692908
0
LINE
8
BLACK
6
CONTINUOUS
10
1.2023317716535433
20
4.2712896456692908
11
1.1998212992125985
21
4.2652288188976373
0
LINE
8
BLACK
6
CONTINUOUS
10
1.1998212992125985
20
4.2652288188976373
11
1.1961766535433072
21
4.2597742125984253
0
LINE
8
BLACK
6
CONTINUOUS
10
1.1961766535433072
20
4.2597742125984253
11
1.1915378740157481
21
4.2551354330708664
0
LINE
8
BLACK
6
CONTINUOUS
10
1.1915378740157481
20
4.2551354330708664
11
1.1860832677165354
21
4.2514907874015746
0
LINE
8
BLACK
6
CONTINUOUS
10
1.1860832677165354
20
4.2514907874015746
11
1.1800224409448818
21
4.2489803149606296
0
LINE
8
BLACK
6
CONTINUOUS
10
1.1800224409448818
20
4.2489803149606296
11
1.1735883070866142
21
4.2477004724409451
0
LINE
8
BLACK
6
CONTINUOUS
10
1.1735883070866142
20
4.2477004724409451
11
1.1670280708661418
21
4.2477004724409451
0
LINE
8
BLACK
6
CONTINUOUS
10
1.1670280708661418
20
4.2477004724409451
11
1.1605939370078739
21
4.2489803149606296
0
LINE
8
BLACK
6
CONTINUOUS
10
1.1605939370078739
20
4.2489803149606296
11
1.1545331102362204
21
4.2514907874015746
0
LINE
8
BLACK
6
CONTINUOUS
10
1.1545331102362204
20
4.2514907874015746
11
1.1490785039370079
21
4.2551354330708664
0
LINE
8
BLACK
6
CONTINUOUS
10
1.1490785039370079
20
4.2551354330708664
11
1.1444397244094489
21
4.2597742125984253
0
LINE
8
BLACK
6
CONTINUOUS
10
1.1444397244094489
20
4.2597742125984253
11
1.1407950787401575
21
4.2652288188976373
0
LINE
8
BLACK
6
CONTINUOUS
10
1.1407950787401575
20
4.2652288188976373
11
1.1382846062992125
21
4.2712896456692908
0
LINE
8
BLACK
6
CONTINUOUS
10
1.1382846062992125
20
4.2712896456692908
11
1.1370047637795275
21
4.2777237795275589
0
LINE
8
BLACK
6
CONTINUOUS
10
1.1370047637795275
20
4.2777237795275589
11
1.1370047637795275
21
4.2842840157480317
0
LINE
8
BLACK
6
CONTINUOUS
10
1.1370047637795275
20
4.2842840157480317
11
1.1382846062992125
21
4.2907181496062989
0
LINE
8
BLACK
6
CONTINUOUS
10
1.1382846062992125
20
4.2907181496062989
11
1.1407950787401575
21
4.2967789763779525
0
LINE
8
BLACK
6
CONTINUOUS
10
1.1407950787401575
20
4.2967789763779525
11
1.1444397244094489
21
4.3022335826771654
0
LINE
8
BLACK
6
CONTINUOUS
10
1.1444397244094489
20
4.3022335826771654
11
1.1490785039370079
21
4.3068723622047242
0
LINE
8
BLACK
6
CONTINUOUS
10
1.1490785039370079
20
4.3068723622047242
11
1.1545331102362204
21
4.310517007874016
0
LINE
8
BLACK
6
CONTINUOUS
10
1.1545331102362204
20
4.310517007874016
11
1.1605939370078739
21
4.3130274803149602
0
LINE
8
BLACK
6
CONTINUOUS
10
1.1605939370078739
20
4.3130274803149602
11
1.1670280708661418
21
4.3143073228346456
0
LINE
8
BLACK
6
CONTINUOUS
10
1.1670280708661418
20
4.3143073228346456
11
1.1735883070866142
21
4.3143073228346456
0
LINE
8
BLACK
6
CONTINUOUS
10
1.1735883070866142
20
4.3143073228346456
11
1.1800224409448818
21
4.3130274803149602
0
LINE
8
BLACK
6
CONTINUOUS
10
1.0800224409448818
20
4.3130275196850389
11
1.0860832677165355
21
4.3105170472440948
0
LINE
8
BLACK
6
CONTINUOUS
10
1.0860832677165355
20
4.3105170472440948
11
1.091537874015748
21
4.306872401574803
0
LINE
8
BLACK
6
CONTINUOUS
10
1.091537874015748
20
4.306872401574803
11
1.0961766535433071
21
4.3022336220472441
0
LINE
8
BLACK
6
CONTINUOUS
10
1.0961766535433071
20
4.3022336220472441
11
1.0998212992125984
21
4.2967790157480312
0
LINE
8
BLACK
6
CONTINUOUS
10
1.0998212992125984
20
4.2967790157480312
11
1.1023317716535432
21
4.2907181889763777
0
LINE
8
BLACK
6
CONTINUOUS
10
1.1023317716535432
20
4.2907181889763777
11
1.1036116141732284
21
4.2842840551181105
0
LINE
8
BLACK
6
CONTINUOUS
10
1.1036116141732284
20
4.2842840551181105
11
1.1036116141732284
21
4.2777238188976376
0
LINE
8
BLACK
6
CONTINUOUS
10
1.1036116141732284
20
4.2777238188976376
11
1.1023317716535432
21
4.2712896850393696
0
LINE
8
BLACK
6
CONTINUOUS
10
1.1023317716535432
20
4.2712896850393696
11
1.0998212992125984
21
4.265228858267716
0
LINE
8
BLACK
6
CONTINUOUS
10
1.0998212992125984
20
4.265228858267716
11
1.0961766535433071
21
4.259774251968504
0
LINE
8
BLACK
6
CONTINUOUS
10
1.0961766535433071
20
4.259774251968504
11
1.091537874015748
21
4.2551354724409451
0
LINE
8
BLACK
6
CONTINUOUS
10
1.091537874015748
20
4.2551354724409451
11
1.0860832677165355
21
4.2514908267716534
0
LINE
8
BLACK
6
CONTINUOUS
10
1.0860832677165355
20
4.2514908267716534
11
1.0800224409448818
21
4.2489803543307083
0
LINE
8
BLACK
6
CONTINUOUS
10
1.0800224409448818
20
4.2489803543307083
11
1.0735883070866141
21
4.2477005118110238
0
LINE
8
BLACK
6
CONTINUOUS
10
1.0735883070866141
20
4.2477005118110238
11
1.0670280708661417
21
4.2477005118110238
0
LINE
8
BLACK
6
CONTINUOUS
10
1.0670280708661417
20
4.2477005118110238
11
1.0605939370078741
21
4.2489803543307083
0
LINE
8
BLACK
6
CONTINUOUS
10
1.0605939370078741
20
4.2489803543307083
11
1.0545331102362205
21
4.2514908267716534
0
LINE
8
BLACK
6
CONTINUOUS
10
1.0545331102362205
20
4.2514908267716534
11
1.0490785039370079
21
4.2551354724409451
0
LINE
8
BLACK
6
CONTINUOUS
10
1.0490785039370079
20
4.2551354724409451
11
1.0444397244094488
21
4.259774251968504
0
LINE
8
BLACK
6
CONTINUOUS
10
1.0444397244094488
20
4.259774251968504
11
1.0407950787401574
21
4.265228858267716
0
LINE
8
BLACK
6
CONTINUOUS
10
1.0407950787401574
20
4.265228858267716
11
1.0382846062992126
21
4.2712896850393696
0
LINE
8
BLACK
6
CONTINUOUS
10
1.0382846062992126
20
4.2712896850393696
11
1.0370047637795274
21
4.2777238188976376
0
LINE
8
BLACK
6
CONTINUOUS
10
1.0370047637795274
20
4.2777238188976376
11
1.0370047637795274
21
4.2842840551181105
0
LINE
8
BLACK
6
CONTINUOUS
10
1.0370047637795274
20
4.2842840551181105
11
1.0382846062992126
21
4.2907181889763777
0
LINE
8
BLACK
6
CONTINUOUS
10
1.0382846062992126
20
4.2907181889763777
11
1.0407950787401574
21
4.2967790157480312
0
LINE
8
BLACK
6
CONTINUOUS
10
1.0407950787401574
20
4.2967790157480312
11
1.0444397244094488
21
4.3022336220472441
0
LINE
8
BLACK
6
CONTINUOUS
10
1.0444397244094488
20
4.3022336220472441
11
1.0490785039370079
21
4.306872401574803
0
LINE
8
BLACK
6
CONTINUOUS
10
1.0490785039370079
20
4.306872401574803
11
1.0545331102362205
21
4.3105170472440948
0
LINE
8
BLACK
6
CONTINUOUS
10
1.0545331102362205
20
4.3105170472440948
11
1.0605939370078741
21
4.3130275196850389
0
LINE
8
BLACK
6
CONTINUOUS
10
1.0605939370078741
20
4.3130275196850389
11
1.0670280708661417
21
4.3143073622047243
0
LINE
8
BLACK
6
CONTINUOUS
10
1.0670280708661417
20
4.3143073622047243
11
1.0735883070866141
21
4.3143073622047243
0
LINE
8
BLACK
6
CONTINUOUS
10
1.0735883070866141
20
4.3143073622047243
11
1.0800224409448818
21
4.3130275196850389
0
LINE
8
BLACK
6
CONTINUOUS
10
1.0800224409448818
20
4.4130275196850395
11
1.0860832677165355
21
4.4105170472440944
0
LINE
8
BLACK
6
CONTINUOUS
10
1.0860832677165355
20
4.4105170472440944
11
1.091537874015748
21
4.4068724015748026
0
LINE
8
BLACK
6
CONTINUOUS
10
1.091537874015748
20
4.4068724015748026
11
1.0961766535433071
21
4.4022336220472438
0
LINE
8
BLACK
6
CONTINUOUS
10
1.0961766535433071
20
4.4022336220472438
11
1.0998212992125984
21
4.3967790157480318
0
LINE
8
BLACK
6
CONTINUOUS
10
1.0998212992125984
20
4.3967790157480318
11
1.1023317716535432
21
4.3907181889763782
0
LINE
8
BLACK
6
CONTINUOUS
10
1.1023317716535432
20
4.3907181889763782
11
1.1036116141732284
21
4.3842840551181101
0
LINE
8
BLACK
6
CONTINUOUS
10
1.1036116141732284
20
4.3842840551181101
11
1.1036116141732284
21
4.3777238188976373
0
LINE
8
BLACK
6
CONTINUOUS
10
1.1036116141732284
20
4.3777238188976373
11
1.1023317716535432
21
4.3712896850393701
0
LINE
8
BLACK
6
CONTINUOUS
10
1.1023317716535432
20
4.3712896850393701
11
1.0998212992125984
21
4.3652288582677166
0
LINE
8
BLACK
6
CONTINUOUS
10
1.0998212992125984
20
4.3652288582677166
11
1.0961766535433071
21
4.3597742519685037
0
LINE
8
BLACK
6
CONTINUOUS
10
1.0961766535433071
20
4.3597742519685037
11
1.091537874015748
21
4.3551354724409448
0
LINE
8
BLACK
6
CONTINUOUS
10
1.091537874015748
20
4.3551354724409448
11
1.0860832677165355
21
4.3514908267716539
0
LINE
8
BLACK
6
CONTINUOUS
10
1.0860832677165355
20
4.3514908267716539
11
1.0800224409448818
21
4.3489803543307088
0
LINE
8
BLACK
6
CONTINUOUS
10
1.0800224409448818
20
4.3489803543307088
11
1.0735883070866141
21
4.3477005118110235
0
LINE
8
BLACK
6
CONTINUOUS
10
1.0735883070866141
20
4.3477005118110235
11
1.0670280708661417
21
4.3477005118110235
0
LINE
8
BLACK
6
CONTINUOUS
10
1.0670280708661417
20
4.3477005118110235
11
1.0605939370078741
21
4.3489803543307088
0
LINE
8
BLACK
6
CONTINUOUS
10
1.0605939370078741
20
4.3489803543307088
11
1.0545331102362205
21
4.3514908267716539
0
LINE
8
BLACK
6
CONTINUOUS
10
1.0545331102362205
20
4.3514908267716539
11
1.0490785039370079
21
4.3551354724409448
0
LINE
8
BLACK
6
CONTINUOUS
10
1.0490785039370079
20
4.3551354724409448
11
1.0444397244094488
21
4.3597742519685037
0
LINE
8
BLACK
6
CONTINUOUS
10
1.0444397244094488
20
4.3597742519685037
11
1.0407950787401574
21
4.3652288582677166
0
LINE
8
BLACK
6
CONTINUOUS
10
1.0407950787401574
20
4.3652288582677166
11
1.0382846062992126
21
4.3712896850393701
0
LINE
8
BLACK
6
CONTINUOUS
10
1.0382846062992126
20
4.3712896850393701
11
1.0370047637795274
21
4.3777238188976373
0
LINE
8
BLACK
6
CONTINUOUS
10
1.0370047637795274
20
4.3777238188976373
11
1.0370047637795274
21
4.3842840551181101
0
LINE
8
BLACK
6
CONTINUOUS
10
1.0370047637795274
20
4.3842840551181101
11
1.0382846062992126
21
4.3907181889763782
0
LINE
8
BLACK
6
CONTINUOUS
10
1.0382846062992126
20
4.3907181889763782
11
1.0407950787401574
21
4.3967790157480318
0
LINE
8
BLACK
6
CONTINUOUS
10
1.0407950787401574
20
4.3967790157480318
11
1.0444397244094488
21
4.4022336220472438
0
LINE
8
BLACK
6
CONTINUOUS
10
1.0444397244094488
20
4.4022336220472438
11
1.0490785039370079
21
4.4068724015748026
0
LINE
8
BLACK
6
CONTINUOUS
10
1.0490785039370079
20
4.4068724015748026
11
1.0545331102362205
21
4.4105170472440944
0
LINE
8
BLACK
6
CONTINUOUS
10
1.0545331102362205
20
4.4105170472440944
11
1.0605939370078741
21
4.4130275196850395
0
LINE
8
BLACK
6
CONTINUOUS
10
1.0605939370078741
20
4.4130275196850395
11
1.0670280708661417
21
4.414307362204724
0
LINE
8
BLACK
6
CONTINUOUS
10
1.0670280708661417
20
4.414307362204724
11
1.0735883070866141
21
4.414307362204724
0
LINE
8
BLACK
6
CONTINUOUS
10
1.0735883070866141
20
4.414307362204724
11
1.0800224409448818
21
4.4130275196850395
0
LINE
8
BLACK
6
CONTINUOUS
10
1.1800224409448818
20
4.4130275196850395
11
1.1860832677165354
21
4.4105170472440944
0
LINE
8
BLACK
6
CONTINUOUS
10
1.1860832677165354
20
4.4105170472440944
11
1.1915378740157481
21
4.4068724015748026
0
LINE
8
BLACK
6
CONTINUOUS
10
1.1915378740157481
20
4.4068724015748026
11
1.1961766535433072
21
4.4022336220472438
0
LINE
8
BLACK
6
CONTINUOUS
10
1.1961766535433072
20
4.4022336220472438
11
1.1998212992125985
21
4.3967790157480318
0
LINE
8
BLACK
6
CONTINUOUS
10
1.1998212992125985
20
4.3967790157480318
11
1.2023317716535433
21
4.3907181889763782
0
LINE
8
BLACK
6
CONTINUOUS
10
1.2023317716535433
20
4.3907181889763782
11
1.2036116141732283
21
4.3842840551181101
0
LINE
8
BLACK
6
CONTINUOUS
10
1.2036116141732283
20
4.3842840551181101
11
1.2036116141732283
21
4.3777238188976373
0
LINE
8
BLACK
6
CONTINUOUS
10
1.2036116141732283
20
4.3777238188976373
11
1.2023317716535433
21
4.3712896850393701
0
LINE
8
BLACK
6
CONTINUOUS
10
1.2023317716535433
20
4.3712896850393701
11
1.1998212992125985
21
4.3652288582677166
0
LINE
8
BLACK
6
CONTINUOUS
10
1.1998212992125985
20
4.3652288582677166
11
1.1961766535433072
21
4.3597742519685037
0
LINE
8
BLACK
6
CONTINUOUS
10
1.1961766535433072
20
4.3597742519685037
11
1.1915378740157481
21
4.3551354724409448
0
LINE
8
BLACK
6
CONTINUOUS
10
1.1915378740157481
20
4.3551354724409448
11
1.1860832677165354
21
4.3514908267716539
0
LINE
8
BLACK
6
CONTINUOUS
10
1.1860832677165354
20
4.3514908267716539
11
1.1800224409448818
21
4.3489803543307088
0
LINE
8
BLACK
6
CONTINUOUS
10
1.1800224409448818
20
4.3489803543307088
11
1.1735883070866142
21
4.3477005118110235
0
LINE
8
BLACK
6
CONTINUOUS
10
1.1735883070866142
20
4.3477005118110235
11
1.1670280708661418
21
4.3477005118110235
0
LINE
8
BLACK
6
CONTINUOUS
10
1.1670280708661418
20
4.3477005118110235
11
1.1605939370078739
21
4.3489803543307088
0
LINE
8
BLACK
6
CONTINUOUS
10
1.1605939370078739
20
4.3489803543307088
11
1.1545331102362204
21
4.3514908267716539
0
LINE
8
BLACK
6
CONTINUOUS
10
1.1545331102362204
20
4.3514908267716539
11
1.1490785039370079
21
4.3551354724409448
0
LINE
8
BLACK
6
CONTINUOUS
10
1.1490785039370079
20
4.3551354724409448
11
1.1444397244094489
21
4.3597742519685037
0
LINE
8
BLACK
6
CONTINUOUS
10
1.1444397244094489
20
4.3597742519685037
11
1.1407950787401575
21
4.3652288582677166
0
LINE
8
BLACK
6
CONTINUOUS
10
1.1407950787401575
20
4.3652288582677166
11
1.1382846062992125
21
4.3712896850393701
0
LINE
8
BLACK
6
CONTINUOUS
10
1.1382846062992125
20
4.3712896850393701
11
1.1370047637795275
21
4.3777238188976373
0
LINE
8
BLACK
6
CONTINUOUS
10
1.1370047637795275
20
4.3777238188976373
11
1.1370047637795275
21
4.3842840551181101
0
LINE
8
BLACK
6
CONTINUOUS
10
1.1370047637795275
20
4.3842840551181101
11
1.1382846062992125
21
4.3907181889763782
0
LINE
8
BLACK
6
CONTINUOUS
10
1.1382846062992125
20
4.3907181889763782
11
1.1407950787401575
21
4.3967790157480318
0
LINE
8
BLACK
6
CONTINUOUS
10
1.1407950787401575
20
4.3967790157480318
11
1.1444397244094489
21
4.4022336220472438
0
LINE
8
BLACK
6
CONTINUOUS
10
1.1444397244094489
20
4.4022336220472438
11
1.1490785039370079
21
4.4068724015748026
0
LINE
8
BLACK
6
CONTINUOUS
10
1.1490785039370079
20
4.4068724015748026
11
1.1545331102362204
21
4.4105170472440944
0
LINE
8
BLACK
6
CONTINUOUS
10
1.1545331102362204
20
4.4105170472440944
11
1.1605939370078739
21
4.4130275196850395
0
LINE
8
BLACK
6
CONTINUOUS
10
1.1605939370078739
20
4.4130275196850395
11
1.1670280708661418
21
4.414307362204724
0
LINE
8
BLACK
6
CONTINUOUS
10
1.1670280708661418
20
4.414307362204724
11
1.1735883070866142
21
4.414307362204724
0
LINE
8
BLACK
6
CONTINUOUS
10
1.1735883070866142
20
4.414307362204724
11
1.1800224409448818
21
4.4130275196850395
0
LINE
8
BLACK
6
CONTINUOUS
10
1.0800224409448818
20
4.5130275196850391
11
1.0860832677165355
21
4.5105170472440941
0
LINE
8
BLACK
6
CONTINUOUS
10
1.0860832677165355
20
4.5105170472440941
11
1.091537874015748
21
4.5068724015748032
0
LINE
8
BLACK
6
CONTINUOUS
10
1.091537874015748
20
4.5068724015748032
11
1.0961766535433071
21
4.5022336220472443
0
LINE
8
BLACK
6
CONTINUOUS
10
1.0961766535433071
20
4.5022336220472443
11
1.0998212992125984
21
4.4967790157480314
0
LINE
8
BLACK
6
CONTINUOUS
10
1.0998212992125984
20
4.4967790157480314
11
1.1023317716535432
21
4.4907181889763779
0
LINE
8
BLACK
6
CONTINUOUS
10
1.1023317716535432
20
4.4907181889763779
11
1.1036116141732284
21
4.4842840551181098
0
LINE
8
BLACK
6
CONTINUOUS
10
1.1036116141732284
20
4.4842840551181098
11
1.1036116141732284
21
4.4777238188976378
0
LINE
8
BLACK
6
CONTINUOUS
10
1.1036116141732284
20
4.4777238188976378
11
1.1023317716535432
21
4.4712896850393697
0
LINE
8
BLACK
6
CONTINUOUS
10
1.1023317716535432
20
4.4712896850393697
11
1.0998212992125984
21
4.4652288582677162
0
LINE
8
BLACK
6
CONTINUOUS
10
1.0998212992125984
20
4.4652288582677162
11
1.0961766535433071
21
4.4597742519685042
0
LINE
8
BLACK
6
CONTINUOUS
10
1.0961766535433071
20
4.4597742519685042
11
1.091537874015748
21
4.4551354724409444
0
LINE
8
BLACK
6
CONTINUOUS
10
1.091537874015748
20
4.4551354724409444
11
1.0860832677165355
21
4.4514908267716535
0
LINE
8
BLACK
6
CONTINUOUS
10
1.0860832677165355
20
4.4514908267716535
11
1.0800224409448818
21
4.4489803543307085
0
LINE
8
BLACK
6
CONTINUOUS
10
1.0800224409448818
20
4.4489803543307085
11
1.0735883070866141
21
4.4477005118110231
0
LINE
8
BLACK
6
CONTINUOUS
10
1.0735883070866141
20
4.4477005118110231
11
1.0670280708661417
21
4.4477005118110231
0
LINE
8
BLACK
6
CONTINUOUS
10
1.0670280708661417
20
4.4477005118110231
11
1.0605939370078741
21
4.4489803543307085
0
LINE
8
BLACK
6
CONTINUOUS
10
1.0605939370078741
20
4.4489803543307085
11
1.0545331102362205
21
4.4514908267716535
0
LINE
8
BLACK
6
CONTINUOUS
10
1.0545331102362205
20
4.4514908267716535
11
1.0490785039370079
21
4.4551354724409444
0
LINE
8
BLACK
6
CONTINUOUS
10
1.0490785039370079
20
4.4551354724409444
11
1.0444397244094488
21
4.4597742519685042
0
LINE
8
BLACK
6
CONTINUOUS
10
1.0444397244094488
20
4.4597742519685042
11
1.0407950787401574
21
4.4652288582677162
0
LINE
8
BLACK
6
CONTINUOUS
10
1.0407950787401574
20
4.4652288582677162
11
1.0382846062992126
21
4.4712896850393697
0
LINE
8
BLACK
6
CONTINUOUS
10
1.0382846062992126
20
4.4712896850393697
11
1.0370047637795274
21
4.4777238188976378
0
LINE
8
BLACK
6
CONTINUOUS
10
1.0370047637795274
20
4.4777238188976378
11
1.0370047637795274
21
4.4842840551181098
0
LINE
8
BLACK
6
CONTINUOUS
10
1.0370047637795274
20
4.4842840551181098
11
1.0382846062992126
21
4.4907181889763779
0
LINE
8
BLACK
6
CONTINUOUS
10
1.0382846062992126
20
4.4907181889763779
11
1.0407950787401574
21
4.4967790157480314
0
LINE
8
BLACK
6
CONTINUOUS
10
1.0407950787401574
20
4.4967790157480314
11
1.0444397244094488
21
4.5022336220472443
0
LINE
8
BLACK
6
CONTINUOUS
10
1.0444397244094488
20
4.5022336220472443
11
1.0490785039370079
21
4.5068724015748032
0
LINE
8
BLACK
6
CONTINUOUS
10
1.0490785039370079
20
4.5068724015748032
11
1.0545331102362205
21
4.5105170472440941
0
LINE
8
BLACK
6
CONTINUOUS
10
1.0545331102362205
20
4.5105170472440941
11
1.0605939370078741
21
4.5130275196850391
0
LINE
8
BLACK
6
CONTINUOUS
10
1.0605939370078741
20
4.5130275196850391
11
1.0670280708661417
21
4.5143073622047245
0
LINE
8
BLACK
6
CONTINUOUS
10
1.0670280708661417
20
4.5143073622047245
11
1.0735883070866141
21
4.5143073622047245
0
LINE
8
BLACK
6
CONTINUOUS
10
1.0735883070866141
20
4.5143073622047245
11
1.0800224409448818
21
4.5130275196850391
0
LINE
8
BLACK
6
CONTINUOUS
10
1.1800224409448818
20
4.5130275196850391
11
1.1860832677165354
21
4.5105170472440941
0
LINE
8
BLACK
6
CONTINUOUS
10
1.1860832677165354
20
4.5105170472440941
11
1.1915378740157481
21
4.5068724015748032
0
LINE
8
BLACK
6
CONTINUOUS
10
1.1915378740157481
20
4.5068724015748032
11
1.1961766535433072
21
4.5022336220472443
0
LINE
8
BLACK
6
CONTINUOUS
10
1.1961766535433072
20
4.5022336220472443
11
1.1998212992125985
21
4.4967790157480314
0
LINE
8
BLACK
6
CONTINUOUS
10
1.1998212992125985
20
4.4967790157480314
11
1.2023317716535433
21
4.4907181889763779
0
LINE
8
BLACK
6
CONTINUOUS
10
1.2023317716535433
20
4.4907181889763779
11
1.2036116141732283
21
4.4842840551181098
0
LINE
8
BLACK
6
CONTINUOUS
10
1.2036116141732283
20
4.4842840551181098
11
1.2036116141732283
21
4.4777238188976378
0
LINE
8
BLACK
6
CONTINUOUS
10
1.2036116141732283
20
4.4777238188976378
11
1.2023317716535433
21
4.4712896850393697
0
LINE
8
BLACK
6
CONTINUOUS
10
1.2023317716535433
20
4.4712896850393697
11
1.1998212992125985
21
4.4652288582677162
0
LINE
8
BLACK
6
CONTINUOUS
10
1.1998212992125985
20
4.4652288582677162
11
1.1961766535433072
21
4.4597742519685042
0
LINE
8
BLACK
6
CONTINUOUS
10
1.1961766535433072
20
4.4597742519685042
11
1.1915378740157481
21
4.4551354724409444
0
LINE
8
BLACK
6
CONTINUOUS
10
1.1915378740157481
20
4.4551354724409444
11
1.1860832677165354
21
4.4514908267716535
0
LINE
8
BLACK
6
CONTINUOUS
10
1.1860832677165354
20
4.4514908267716535
11
1.1800224409448818
21
4.4489803543307085
0
LINE
8
BLACK
6
CONTINUOUS
10
1.1800224409448818
20
4.4489803543307085
11
1.1735883070866142
21
4.4477005118110231
0
LINE
8
BLACK
6
CONTINUOUS
10
1.1735883070866142
20
4.4477005118110231
11
1.1670280708661418
21
4.4477005118110231
0
LINE
8
BLACK
6
CONTINUOUS
10
1.1670280708661418
20
4.4477005118110231
11
1.1605939370078739
21
4.4489803543307085
0
LINE
8
BLACK
6
CONTINUOUS
10
1.1605939370078739
20
4.4489803543307085
11
1.1545331102362204
21
4.4514908267716535
0
LINE
8
BLACK
6
CONTINUOUS
10
1.1545331102362204
20
4.4514908267716535
11
1.1490785039370079
21
4.4551354724409444
0
LINE
8
BLACK
6
CONTINUOUS
10
1.1490785039370079
20
4.4551354724409444
11
1.1444397244094489
21
4.4597742519685042
0
LINE
8
BLACK
6
CONTINUOUS
10
1.1444397244094489
20
4.4597742519685042
11
1.1407950787401575
21
4.4652288582677162
0
LINE
8
BLACK
6
CONTINUOUS
10
1.1407950787401575
20
4.4652288582677162
11
1.1382846062992125
21
4.4712896850393697
0
LINE
8
BLACK
6
CONTINUOUS
10
1.1382846062992125
20
4.4712896850393697
11
1.1370047637795275
21
4.4777238188976378
0
LINE
8
BLACK
6
CONTINUOUS
10
1.1370047637795275
20
4.4777238188976378
11
1.1370047637795275
21
4.4842840551181098
0
LINE
8
BLACK
6
CONTINUOUS
10
1.1370047637795275
20
4.4842840551181098
11
1.1382846062992125
21
4.4907181889763779
0
LINE
8
BLACK
6
CONTINUOUS
10
1.1382846062992125
20
4.4907181889763779
11
1.1407950787401575
21
4.4967790157480314
0
LINE
8
BLACK
6
CONTINUOUS
10
1.1407950787401575
20
4.4967790157480314
11
1.1444397244094489
21
4.5022336220472443
0
LINE
8
BLACK
6
CONTINUOUS
10
1.1444397244094489
20
4.5022336220472443
11
1.1490785039370079
21
4.5068724015748032
0
LINE
8
BLACK
6
CONTINUOUS
10
1.1490785039370079
20
4.5068724015748032
11
1.1545331102362204
21
4.5105170472440941
0
LINE
8
BLACK
6
CONTINUOUS
10
1.1545331102362204
20
4.5105170472440941
11
1.1605939370078739
21
4.5130275196850391
0
LINE
8
BLACK
6
CONTINUOUS
10
1.1605939370078739
20
4.5130275196850391
11
1.1670280708661418
21
4.5143073622047245
0
LINE
8
BLACK
6
CONTINUOUS
10
1.1670280708661418
20
4.5143073622047245
11
1.1735883070866142
21
4.5143073622047245
0
LINE
8
BLACK
6
CONTINUOUS
10
1.1735883070866142
20
4.5143073622047245
11
1.1800224409448818
21
4.5130275196850391
0
CIRCLE
8
BLACK
10
-0.2013453543307087
20
3.6417322834645667
40
0.0068897637795276
0
CIRCLE
8
BLACK
10
-0.1013453543307087
20
3.6417322834645667
40
0.0068897637795276
0
CIRCLE
8
BLACK
10
-1.1299212598425197
20
0.7874015748031495
40
0.0068897637795276
0
CIRCLE
8
BLACK
10
0.5364499212598425
20
3.2165354330708662
40
0.0068897637795276
0
CIRCLE
8
BLACK
10
0.3986546456692913
20
3.2165354330708662
40
0.0068897637795276
0
CIRCLE
8
BLACK
10
1.0350393700787401
20
0.2188976377952756
40
0.0068897637795276
0
CIRCLE
8
BLACK
10
0.5350393700787401
20
0.2188976377952756
40
0.0068897637795276
0
CIRCLE
8
BLACK
10
0.9251968503937008
20
0.3188976377952756
40
0.0068897637795276
0
CIRCLE
8
BLACK
10
0.8851968503937008
20
0.3889764173228346
40
0.0068897637795276
0
CIRCLE
8
BLACK
10
0.8451968503937007
20
0.3188976377952756
40
0.0068897637795276
0
CIRCLE
8
BLACK
10
0.8051968503937008
20
0.3889764173228346
40
0.0068897637795276
0
CIRCLE
8
BLACK
10
0.7651968503937008
20
0.3188976377952756
40
0.0068897637795276
0
CIRCLE
8
BLACK
10
0.7251968503937007
20
0.3889764173228346
40
0.0068897637795276
0
CIRCLE
8
BLACK
10
0.6851968503937008
20
0.3188976377952756
40
0.0068897637795276
0
CIRCLE
8
BLACK
10
0.6451968897637795
20
0.3889763779527559
40
0.0068897637795276
0
CIRCLE
8
BLACK
10
1.0551181102362204
20
0.5787401574803149
40
0.0068897637795276
0
CIRCLE
8
BLACK
10
0.9649606299212599
20
0.5787401574803149
40
0.0068897637795276
0
CIRCLE
8
BLACK
10
0.6051181102362204
20
0.5787401574803149
40
0.0068897637795276
0
CIRCLE
8
BLACK
10
0.5149606299212598
20
0.5787401574803149
40
0.0068897637795276
0
CIRCLE
8
BLACK
10
1.1051181102362204
20
0.3539370078740157
40
0.0068897637795276
0
CIRCLE
8
BLACK
10
0.4649606299212598
20
0.3539370078740157
40
0.0068897637795276
0
CIRCLE
8
BLACK
10
-0.2013453543307087
20
3.9448818897637796
40
0.0068897637795276
0
CIRCLE
8
BLACK
10
-0.1013453543307087
20
3.9448818897637796
40
0.0068897637795276
0
CIRCLE
8
BLACK
10
-1.3204724409448818
20
3.8858267716535431
40
0.0068897637795276
0
CIRCLE
8
BLACK
10
-1.2204724409448819
20
3.8858267716535431
40
0.0068897637795276
0
CIRCLE
8
BLACK
10
-1.3204724409448818
20
3.7858267716535434
40
0.0068897637795276
0
CIRCLE
8
BLACK
10
-1.2204724409448819
20
3.7858267716535434
40
0.0068897637795276
0
CIRCLE
8
BLACK
10
-1.3204724409448818
20
3.6858267716535433
40
0.0068897637795276
0
CIRCLE
8
BLACK
10
-1.2204724409448819
20
3.6858267716535433
40
0.0068897637795276
0
CIRCLE
8
BLACK
10
-1.3204724409448818
20
3.5858267716535432
40
0.0068897637795276
0
CIRCLE
8
BLACK
10
-1.2204724409448819
20
3.5858267716535432
40
0.0068897637795276
0
CIRCLE
8
BLACK
10
-1.3204724409448818
20
3.4858267716535432
40
0.0068897637795276
0
CIRCLE
8
BLACK
10
-1.2204724409448819
20
3.4858267716535432
40
0.0068897637795276
0
CIRCLE
8
BLACK
10
-1.3204724409448818
20
3.3858267716535431
40
0.0068897637795276
0
CIRCLE
8
BLACK
10
-1.2204724409448819
20
3.3858267716535431
40
0.0068897637795276
0
CIRCLE
8
BLACK
10
-1.3204724409448818
20
3.2858267716535434
40
0.0068897637795276
0
CIRCLE
8
BLACK
10
-1.2204724409448819
20
3.2858267716535434
40
0.0068897637795276
0
CIRCLE
8
BLACK
10
-1.3204724409448818
20
3.1858267716535433
40
0.0068897637795276
0
CIRCLE
8
BLACK
10
-1.2204724409448819
20
3.1858267716535433
40
0.0068897637795276
0
CIRCLE
8
BLACK
10
-1.3204724409448818
20
3.0858267716535432
40
0.0068897637795276
0
CIRCLE
8
BLACK
10
-1.2204724409448819
20
3.0858267716535432
40
0.0068897637795276
0
CIRCLE
8
BLACK
10
-1.3204724409448818
20
2.9858267716535432
40
0.0068897637795276
0
CIRCLE
8
BLACK
10
-1.2204724409448819
20
2.9858267716535432
40
0.0068897637795276
0
CIRCLE
8
BLACK
10
-1.3204724409448818
20
2.8858267716535431
40
0.0068897637795276
0
CIRCLE
8
BLACK
10
-1.2204724409448819
20
2.8858267716535431
40
0.0068897637795276
0
CIRCLE
8
BLACK
10
-1.3204724409448818
20
2.7858267716535434
40
0.0068897637795276
0
CIRCLE
8
BLACK
10
-1.2204724409448819
20
2.7858267716535434
40
0.0068897637795276
0
CIRCLE
8
BLACK
10
-1.3204724409448818
20
2.6858267716535433
40
0.0068897637795276
0
CIRCLE
8
BLACK
10
-1.2204724409448819
20
2.6858267716535433
40
0.0068897637795276
0
CIRCLE
8
BLACK
10
-1.3204724409448818
20
2.5858267716535432
40
0.0068897637795276
0
CIRCLE
8
BLACK
10
-1.2204724409448819
20
2.5858267716535432
40
0.0068897637795276
0
CIRCLE
8
BLACK
10
-1.3204724409448818
20
2.4858267716535432
40
0.0068897637795276
0
CIRCLE
8
BLACK
10
-1.2204724409448819
20
2.4858267716535432
40
0.0068897637795276
0
CIRCLE
8
BLACK
10
-1.3204724409448818
20
2.3858267716535431
40
0.0068897637795276
0
CIRCLE
8
BLACK
10
-1.2204724409448819
20
2.3858267716535431
40
0.0068897637795276
0
CIRCLE
8
BLACK
10
-1.3204724409448818
20
2.2858267716535434
40
0.0068897637795276
0
CIRCLE
8
BLACK
10
-1.2204724409448819
20
2.2858267716535434
40
0.0068897637795276
0
CIRCLE
8
BLACK
10
-1.3204724409448818
20
2.1858267716535433
40
0.0068897637795276
0
CIRCLE
8
BLACK
10
-1.2204724409448819
20
2.1858267716535433
40
0.0068897637795276
0
CIRCLE
8
BLACK
10
-1.3204724409448818
20
2.0858267716535432
40
0.0068897637795276
0
CIRCLE
8
BLACK
10
-1.2204724409448819
20
2.0858267716535432
40
0.0068897637795276
0
CIRCLE
8
BLACK
10
-1.3204724409448818
20
1.9858267716535432
40
0.0068897637795276
0
CIRCLE
8
BLACK
10
-1.2204724409448819
20
1.9858267716535432
40
0.0068897637795276
0
CIRCLE
8
BLACK
10
-0.2013453543307087
20
3.8425196850393699
40
0.0068897637795276
0
CIRCLE
8
BLACK
10
-0.1013453543307087
20
3.8425196850393699
40
0.0068897637795276
0
CIRCLE
8
BLACK
10
-0.2013453543307087
20
3.5433070866141732
40
0.0068897637795276
0
CIRCLE
8
BLACK
10
-0.1013453543307087
20
3.5433070866141732
40
0.0068897637795276
0
CIRCLE
8
BLACK
10
0.7125984251968503
20
1.7637795275590551
40
0.0068897637795276
0
CIRCLE
8
BLACK
10
0.7125984251968503
20
1.8637796062992125
40
0.0068897637795276
0
CIRCLE
8
BLACK
10
0.84251968503937
20
1.7637795275590551
40
0.0068897637795276
0
CIRCLE
8
BLACK
10
0.84251968503937
20
1.8637795275590552
40
0.0068897637795276
0
CIRCLE
8
BLACK
10
0.84251968503937
20
1.9637794881889763
40
0.0068897637795276
0
CIRCLE
8
BLACK
10
-1.6112204724409449
20
0.5039370078740157
40
0.0068897637795276
0
CIRCLE
8
BLACK
10
1.6348425196850394
20
3.4704724409448819
40
0.0068897637795276
0
CIRCLE
8
BLACK
10
1.6348425196850394
20
0.7106299212598425
40
0.0068897637795276
0
CIRCLE
8
BLACK
10
-0.4808729133858268
20
3.9433070866141731
40
0.0068897637795276
0
CIRCLE
8
BLACK
10
-0.3808729133858267
20
3.9433070866141731
40
0.0068897637795276
0
CIRCLE
8
BLACK
10
-0.4808729133858268
20
3.843307086614173
40
0.0068897637795276
0
CIRCLE
8
BLACK
10
-0.3808729133858267
20
3.843307086614173
40
0.0068897637795276
0
CIRCLE
8
BLACK
10
-0.4808729133858268
20
3.7433070866141733
40
0.0068897637795276
0
CIRCLE
8
BLACK
10
-0.3808729133858267
20
3.7433070866141733
40
0.0068897637795276
0
CIRCLE
8
BLACK
10
-0.4808729133858268
20
3.6433070866141732
40
0.0068897637795276
0
CIRCLE
8
BLACK
10
-0.3808729133858267
20
3.6433070866141732
40
0.0068897637795276
0
CIRCLE
8
BLACK
10
-0.4808729133858268
20
3.5433070866141732
40
0.0068897637795276
0
CIRCLE
8
BLACK
10
-0.3808729133858267
20
3.5433070866141732
40
0.0068897637795276
0
CIRCLE
8
BLACK
10
1.170308188976378
20
4.0810039370078739
40
0.0068897637795276
0
CIRCLE
8
BLACK
10
1.0703081889763779
20
4.0810039370078739
40
0.0068897637795276
0
CIRCLE
8
BLACK
10
1.170308188976378
20
4.1810039370078735
40
0.0068897637795276
0
CIRCLE
8
BLACK
10
1.0703081889763779
20
4.1810039370078735
40
0.0068897637795276
0
CIRCLE
8
BLACK
10
1.170308188976378
20
4.2810038976377953
40
0.0068897637795276
0
CIRCLE
8
BLACK
10
1.0703081889763779
20
4.2810039370078741
40
0.0068897637795276
0
CIRCLE
8
BLACK
10
1.170308188976378
20
4.3810039370078737
40
0.0068897637795276
0
CIRCLE
8
BLACK
10
1.0703081889763779
20
4.3810039370078737
40
0.0068897637795276
0
CIRCLE
8
BLACK
10
1.170308188976378
20
4.4810039370078742
40
0.0068897637795276
0
CIRCLE
8
BLACK
10
1.0703081889763779
20
4.4810039370078742
40
0.0068897637795276
0
CIRCLE
8
BLACK
10
-1.1299212598425197
20
0.9409448818897638
40
0.0068897637795276
0
CIRCLE
8
BLACK
10
-0.7172244094488189
20
0.5354330708661417
40
0.0068897637795276
0
CIRCLE
8
BLACK
10
-0.7172244094488189
20
0.735433031496063
40
0.0068897637795276
0
CIRCLE
8
BLACK
10
0.0827755905511811
20
0.2354330708661417
40
0.0068897637795276
0
CIRCLE
8
BLACK
10
0.0827755905511811
20
0.6354330708661418
40
0.0068897637795276
0
CIRCLE
8
BLACK
10
0.0827755905511811
20
1.0354330708661417
40
0.0068897637795276
0
CIRCLE
8
BLACK
10
-0.7172244094488189
20
1.0354330708661417
40
0.0068897637795276
0
CIRCLE
8
BLACK
10
-1.0708661417322833
20
4.2637795275590546
40
0.0068897637795276
0
LINE
8
BLACK
6
CONTINUOUS
10
-1.0666235039370078
20
0.5628237007874015
11
-1.0616597637795275
21
0.5614937007874016
0
LINE
8
BLACK
6
CONTINUOUS
10
-1.0616597637795275
20
0.5614937007874016
11
-1.0572094094488189
21
0.5589242913385827
0
LINE
8
BLACK
6
CONTINUOUS
10
-1.0572094094488189
20
0.5589242913385827
11
-1.0535757086614173
21
0.5552905905511811
0
LINE
8
BLACK
6
CONTINUOUS
10
-1.0535757086614173
20
0.5552905905511811
11
-1.0510062992125984
21
0.5508402362204724
0
LINE
8
BLACK
6
CONTINUOUS
10
-1.0510062992125984
20
0.5508402362204724
11
-1.0496762992125983
21
0.5458764960629922
0
LINE
8
BLACK
6
CONTINUOUS
10
-1.0496762992125983
20
0.5458764960629922
11
-1.0496762992125983
21
0.5407376771653544
0
LINE
8
BLACK
6
CONTINUOUS
10
-1.0496762992125983
20
0.5407376771653544
11
-1.0510062992125984
21
0.535773937007874
0
LINE
8
BLACK
6
CONTINUOUS
10
-1.0510062992125984
20
0.535773937007874
11
-1.0535757086614173
21
0.5313235826771654
0
LINE
8
BLACK
6
CONTINUOUS
10
-1.0535757086614173
20
0.5313235826771654
11
-1.0572094094488189
21
0.5276898818897637
0
LINE
8
BLACK
6
CONTINUOUS
10
-1.0572094094488189
20
0.5276898818897637
11
-1.0616597637795275
21
0.5251204724409448
0
LINE
8
BLACK
6
CONTINUOUS
10
-1.0616597637795275
20
0.5251204724409448
11
-1.0666235039370078
21
0.5237904724409449
0
LINE
8
BLACK
6
CONTINUOUS
10
-1.0666235039370078
20
0.5237904724409449
11
-1.0691929133858267
21
0.5236220472440944
0
LINE
8
BLACK
6
CONTINUOUS
10
-1.0691929133858267
20
0.5236220472440944
11
-1.1479330708661417
21
0.5236220472440944
0
LINE
8
BLACK
6
CONTINUOUS
10
-1.1479330708661417
20
0.5236220472440944
11
-1.1505024803149606
21
0.5237904724409449
0
LINE
8
BLACK
6
CONTINUOUS
10
-1.1505024803149606
20
0.5237904724409449
11
-1.1554662204724409
21
0.5251204724409448
0
LINE
8
BLACK
6
CONTINUOUS
10
-1.1554662204724409
20
0.5251204724409448
11
-1.1599165748031495
21
0.5276898818897637
0
LINE
8
BLACK
6
CONTINUOUS
10
-1.1599165748031495
20
0.5276898818897637
11
-1.1635502755905511
21
0.5313235826771654
0
LINE
8
BLACK
6
CONTINUOUS
10
-1.1635502755905511
20
0.5313235826771654
11
-1.16611968503937
21
0.535773937007874
0
LINE
8
BLACK
6
CONTINUOUS
10
-1.16611968503937
20
0.535773937007874
11
-1.1674496850393701
21
0.5407376771653544
0
LINE
8
BLACK
6
CONTINUOUS
10
-1.1674496850393701
20
0.5407376771653544
11
-1.1674496850393701
21
0.5458764960629922
0
LINE
8
BLACK
6
CONTINUOUS
10
-1.1674496850393701
20
0.5458764960629922
11
-1.16611968503937
21
0.5508402362204724
0
LINE
8
BLACK
6
CONTINUOUS
10
-1.16611968503937
20
0.5508402362204724
11
-1.1635502755905511
21
0.5552905905511811
0
LINE
8
BLACK
6
CONTINUOUS
10
-1.1635502755905511
20
0.5552905905511811
11
-1.1599165748031495
21
0.5589242913385827
0
LINE
8
BLACK
6
CONTINUOUS
10
-1.1599165748031495
20
0.5589242913385827
11
-1.1554662204724409
21
0.5614937007874016
0
LINE
8
BLACK
6
CONTINUOUS
10
-1.1554662204724409
20
0.5614937007874016
11
-1.1505024803149606
21
0.5628237007874015
0
LINE
8
BLACK
6
CONTINUOUS
10
-1.1505024803149606
20
0.5628237007874015
11
-1.1479330708661417
21
0.562992125984252
0
LINE
8
BLACK
6
CONTINUOUS
10
-1.1479330708661417
20
0.562992125984252
11
-1.0691929133858267
21
0.562992125984252
0
LINE
8
BLACK
6
CONTINUOUS
10
-1.0691929133858267
20
0.562992125984252
11
-1.0666235039370078
21
0.5628237007874015
0
LINE
8
BLACK
6
CONTINUOUS
10
-1.0666235039370078
20
0.3266032283464567
11
-1.0616597637795275
21
0.3252732283464567
0
LINE
8
BLACK
6
CONTINUOUS
10
-1.0616597637795275
20
0.3252732283464567
11
-1.0572094094488189
21
0.3227038188976378
0
LINE
8
BLACK
6
CONTINUOUS
10
-1.0572094094488189
20
0.3227038188976378
11
-1.0535757086614173
21
0.3190701181102362
0
LINE
8
BLACK
6
CONTINUOUS
10
-1.0535757086614173
20
0.3190701181102362
11
-1.0510062992125984
21
0.3146197637795276
0
LINE
8
BLACK
6
CONTINUOUS
10
-1.0510062992125984
20
0.3146197637795276
11
-1.0496762992125983
21
0.3096560236220472
0
LINE
8
BLACK
6
CONTINUOUS
10
-1.0496762992125983
20
0.3096560236220472
11
-1.0496762992125983
21
0.3045172047244095
0
LINE
8
BLACK
6
CONTINUOUS
10
-1.0496762992125983
20
0.3045172047244095
11
-1.0510062992125984
21
0.2995534645669291
0
LINE
8
BLACK
6
CONTINUOUS
10
-1.0510062992125984
20
0.2995534645669291
11
-1.0535757086614173
21
0.2951031102362205
0
LINE
8
BLACK
6
CONTINUOUS
10
-1.0535757086614173
20
0.2951031102362205
11
-1.0572094094488189
21
0.2914694094488189
0
LINE
8
BLACK
6
CONTINUOUS
10
-1.0572094094488189
20
0.2914694094488189
11
-1.0616597637795275
21
0.2889
0
LINE
8
BLACK
6
CONTINUOUS
10
-1.0616597637795275
20
0.2889
11
-1.0666235039370078
21
0.28757
0
LINE
8
BLACK
6
CONTINUOUS
10
-1.0666235039370078
20
0.28757
11
-1.0691929133858267
21
0.2874015748031496
0
LINE
8
BLACK
6
CONTINUOUS
10
-1.0691929133858267
20
0.2874015748031496
11
-1.1479330708661417
21
0.2874015748031496
0
LINE
8
BLACK
6
CONTINUOUS
10
-1.1479330708661417
20
0.2874015748031496
11
-1.1505024803149606
21
0.28757
0
LINE
8
BLACK
6
CONTINUOUS
10
-1.1505024803149606
20
0.28757
11
-1.1554662204724409
21
0.2889
0
LINE
8
BLACK
6
CONTINUOUS
10
-1.1554662204724409
20
0.2889
11
-1.1599165748031495
21
0.2914694094488189
0
LINE
8
BLACK
6
CONTINUOUS
10
-1.1599165748031495
20
0.2914694094488189
11
-1.1635502755905511
21
0.2951031102362205
0
LINE
8
BLACK
6
CONTINUOUS
10
-1.1635502755905511
20
0.2951031102362205
11
-1.16611968503937
21
0.2995534645669291
0
LINE
8
BLACK
6
CONTINUOUS
10
-1.16611968503937
20
0.2995534645669291
11
-1.1674496850393701
21
0.3045172047244095
0
LINE
8
BLACK
6
CONTINUOUS
10
-1.1674496850393701
20
0.3045172047244095
11
-1.1674496850393701
21
0.3096560236220472
0
LINE
8
BLACK
6
CONTINUOUS
10
-1.1674496850393701
20
0.3096560236220472
11
-1.16611968503937
21
0.3146197637795276
0
LINE
8
BLACK
6
CONTINUOUS
10
-1.16611968503937
20
0.3146197637795276
11
-1.1635502755905511
21
0.3190701181102362
0
LINE
8
BLACK
6
CONTINUOUS
10
-1.1635502755905511
20
0.3190701181102362
11
-1.1599165748031495
21
0.3227038188976378
0
LINE
8
BLACK
6
CONTINUOUS
10
-1.1599165748031495
20
0.3227038188976378
11
-1.1554662204724409
21
0.3252732283464567
0
LINE
8
BLACK
6
CONTINUOUS
10
-1.1554662204724409
20
0.3252732283464567
11
-1.1505024803149606
21
0.3266032283464567
0
LINE
8
BLACK
6
CONTINUOUS
10
-1.1505024803149606
20
0.3266032283464567
11
-1.1479330708661417
21
0.3267716535433071
0
LINE
8
BLACK
6
CONTINUOUS
10
-1.1479330708661417
20
0.3267716535433071
11
-1.0691929133858267
21
0.3267716535433071
0
LINE
8
BLACK
6
CONTINUOUS
10
-1.0691929133858267
20
0.3267716535433071
11
-1.0666235039370078
21
0.3266032283464567
0
LINE
8
BLACK
6
CONTINUOUS
10
-1.3131189763779527
20
0.4671363385826772
11
-1.3117889763779527
21
0.4721000787401575
0
LINE
8
BLACK
6
CONTINUOUS
10
-1.3117889763779527
20
0.4721000787401575
11
-1.3092195669291338
21
0.4765504330708661
0
LINE
8
BLACK
6
CONTINUOUS
10
-1.3092195669291338
20
0.4765504330708661
11
-1.3055858661417323
21
0.4801841338582677
0
LINE
8
BLACK
6
CONTINUOUS
10
-1.3055858661417323
20
0.4801841338582677
11
-1.3011355118110235
21
0.4827535433070866
0
LINE
8
BLACK
6
CONTINUOUS
10
-1.3011355118110235
20
0.4827535433070866
11
-1.2961717716535432
21
0.4840835433070866
0
LINE
8
BLACK
6
CONTINUOUS
10
-1.2961717716535432
20
0.4840835433070866
11
-1.2910329527559055
21
0.4840835433070866
0
LINE
8
BLACK
6
CONTINUOUS
10
-1.2910329527559055
20
0.4840835433070866
11
-1.2860692125984252
21
0.4827535433070866
0
LINE
8
BLACK
6
CONTINUOUS
10
-1.2860692125984252
20
0.4827535433070866
11
-1.2816188582677166
21
0.4801841338582677
0
LINE
8
BLACK
6
CONTINUOUS
10
-1.2816188582677166
20
0.4801841338582677
11
-1.2779851574803149
21
0.4765504330708661
0
LINE
8
BLACK
6
CONTINUOUS
10
-1.2779851574803149
20
0.4765504330708661
11
-1.275415748031496
21
0.4721000787401575
0
LINE
8
BLACK
6
CONTINUOUS
10
-1.275415748031496
20
0.4721000787401575
11
-1.274085748031496
21
0.4671363385826772
0
LINE
8
BLACK
6
CONTINUOUS
10
-1.274085748031496
20
0.4671363385826772
11
-1.2739173228346456
21
0.4645669291338583
0
LINE
8
BLACK
6
CONTINUOUS
10
-1.2739173228346456
20
0.4645669291338583
11
-1.2739173228346456
21
0.3858267716535433
0
LINE
8
BLACK
6
CONTINUOUS
10
-1.2739173228346456
20
0.3858267716535433
11
-1.274085748031496
21
0.3832573622047244
0
LINE
8
BLACK
6
CONTINUOUS
10
-1.274085748031496
20
0.3832573622047244
11
-1.275415748031496
21
0.3782936220472441
0
LINE
8
BLACK
6
CONTINUOUS
10
-1.275415748031496
20
0.3782936220472441
11
-1.2779851574803149
21
0.3738432677165354
0
LINE
8
BLACK
6
CONTINUOUS
10
-1.2779851574803149
20
0.3738432677165354
11
-1.2816188582677166
21
0.3702095669291339
0
LINE
8
BLACK
6
CONTINUOUS
10
-1.2816188582677166
20
0.3702095669291339
11
-1.2860692125984252
21
0.367640157480315
0
LINE
8
BLACK
6
CONTINUOUS
10
-1.2860692125984252
20
0.367640157480315
11
-1.2910329527559055
21
0.366310157480315
0
LINE
8
BLACK
6
CONTINUOUS
10
-1.2910329527559055
20
0.366310157480315
11
-1.2961717716535432
21
0.366310157480315
0
LINE
8
BLACK
6
CONTINUOUS
10
-1.2961717716535432
20
0.366310157480315
11
-1.3011355118110235
21
0.367640157480315
0
LINE
8
BLACK
6
CONTINUOUS
10
-1.3011355118110235
20
0.367640157480315
11
-1.3055858661417323
21
0.3702095669291339
0
LINE
8
BLACK
6
CONTINUOUS
10
-1.3055858661417323
20
0.3702095669291339
11
-1.3092195669291338
21
0.3738432677165354
0
LINE
8
BLACK
6
CONTINUOUS
10
-1.3092195669291338
20
0.3738432677165354
11
-1.3117889763779527
21
0.3782936220472441
0
LINE
8
BLACK
6
CONTINUOUS
10
-1.3117889763779527
20
0.3782936220472441
11
-1.3131189763779527
21
0.3832573622047244
0
LINE
8
BLACK
6
CONTINUOUS
10
-1.3131189763779527
20
0.3832573622047244
11
-1.3132874015748031
21
0.3858267716535433
0
LINE
8
BLACK
6
CONTINUOUS
10
-1.3132874015748031
20
0.3858267716535433
11
-1.3132874015748031
21
0.4645669291338583
0
LINE
8
BLACK
6
CONTINUOUS
10
-1.3132874015748031
20
0.4645669291338583
11
-1.3131189763779527
21
0.4671363385826772
0
CIRCLE
8
WHITE
10
-0.2013453543307087
20
3.6417322834645667
40
0.0068897637795276
0
CIRCLE
8
WHITE
10
-0.1013453543307087
20
3.6417322834645667
40
0.0068897637795276
0
CIRCLE
8
WHITE
10
-1.1299212598425197
20
0.7874015748031495
40
0.0068897637795276
0
CIRCLE
8
WHITE
10
0.5364499212598425
20
3.2165354330708662
40
0.0068897637795276
0
CIRCLE
8
WHITE
10
0.3986546456692913
20
3.2165354330708662
40
0.0068897637795276
0
CIRCLE
8
WHITE
10
1.0350393700787401
20
0.2188976377952756
40
0.0068897637795276
0
CIRCLE
8
WHITE
10
0.5350393700787401
20
0.2188976377952756
40
0.0068897637795276
0
CIRCLE
8
WHITE
10
0.9251968503937008
20
0.3188976377952756
40
0.0068897637795276
0
CIRCLE
8
WHITE
10
0.8851968503937008
20
0.3889764173228346
40
0.0068897637795276
0
CIRCLE
8
WHITE
10
0.8451968503937007
20
0.3188976377952756
40
0.0068897637795276
0
CIRCLE
8
WHITE
10
0.8051968503937008
20
0.3889764173228346
40
0.0068897637795276
0
CIRCLE
8
WHITE
10
0.7651968503937008
20
0.3188976377952756
40
0.0068897637795276
0
CIRCLE
8
WHITE
10
0.7251968503937007
20
0.3889764173228346
40
0.0068897637795276
0
CIRCLE
8
WHITE
10
0.6851968503937008
20
0.3188976377952756
40
0.0068897637795276
0
CIRCLE
8
WHITE
10
0.6451968897637795
20
0.3889763779527559
40
0.0068897637795276
0
CIRCLE
8
WHITE
10
1.0551181102362204
20
0.5787401574803149
40
0.0068897637795276
0
CIRCLE
8
WHITE
10
0.9649606299212599
20
0.5787401574803149
40
0.0068897637795276
0
CIRCLE
8
WHITE
10
0.6051181102362204
20
0.5787401574803149
40
0.0068897637795276
0
CIRCLE
8
WHITE
10
0.5149606299212598
20
0.5787401574803149
40
0.0068897637795276
0
CIRCLE
8
WHITE
10
1.1051181102362204
20
0.3539370078740157
40
0.0068897637795276
0
CIRCLE
8
WHITE
10
0.4649606299212598
20
0.3539370078740157
40
0.0068897637795276
0
CIRCLE
8
WHITE
10
-0.2013453543307087
20
3.9448818897637796
40
0.0068897637795276
0
CIRCLE
8
WHITE
10
-0.1013453543307087
20
3.9448818897637796
40
0.0068897637795276
0
CIRCLE
8
WHITE
10
-1.3204724409448818
20
3.8858267716535431
40
0.0068897637795276
0
CIRCLE
8
WHITE
10
-1.2204724409448819
20
3.8858267716535431
40
0.0068897637795276
0
CIRCLE
8
WHITE
10
-1.3204724409448818
20
3.7858267716535434
40
0.0068897637795276
0
CIRCLE
8
WHITE
10
-1.2204724409448819
20
3.7858267716535434
40
0.0068897637795276
0
CIRCLE
8
WHITE
10
-1.3204724409448818
20
3.6858267716535433
40
0.0068897637795276
0
CIRCLE
8
WHITE
10
-1.2204724409448819
20
3.6858267716535433
40
0.0068897637795276
0
CIRCLE
8
WHITE
10
-1.3204724409448818
20
3.5858267716535432
40
0.0068897637795276
0
CIRCLE
8
WHITE
10
-1.2204724409448819
20
3.5858267716535432
40
0.0068897637795276
0
CIRCLE
8
WHITE
10
-1.3204724409448818
20
3.4858267716535432
40
0.0068897637795276
0
CIRCLE
8
WHITE
10
-1.2204724409448819
20
3.4858267716535432
40
0.0068897637795276
0
CIRCLE
8
WHITE
10
-1.3204724409448818
20
3.3858267716535431
40
0.0068897637795276
0
CIRCLE
8
WHITE
10
-1.2204724409448819
20
3.3858267716535431
40
0.0068897637795276
0
CIRCLE
8
WHITE
10
-1.3204724409448818
20
3.2858267716535434
40
0.0068897637795276
0
CIRCLE
8
WHITE
10
-1.2204724409448819
20
3.2858267716535434
40
0.0068897637795276
0
CIRCLE
8
WHITE
10
-1.3204724409448818
20
3.1858267716535433
40
0.0068897637795276
0
CIRCLE
8
WHITE
10
-1.2204724409448819
20
3.1858267716535433
40
0.0068897637795276
0
CIRCLE
8
WHITE
10
-1.3204724409448818
20
3.0858267716535432
40
0.0068897637795276
0
CIRCLE
8
WHITE
10
-1.2204724409448819
20
3.0858267716535432
40
0.0068897637795276
0
CIRCLE
8
WHITE
10
-1.3204724409448818
20
2.9858267716535432
40
0.0068897637795276
0
CIRCLE
8
WHITE
10
-1.2204724409448819
20
2.9858267716535432
40
0.0068897637795276
0
CIRCLE
8
WHITE
10
-1.3204724409448818
20
2.8858267716535431
40
0.0068897637795276
0
CIRCLE
8
WHITE
10
-1.2204724409448819
20
2.8858267716535431
40
0.0068897637795276
0
CIRCLE
8
WHITE
10
-1.3204724409448818
20
2.7858267716535434
40
0.0068897637795276
0
CIRCLE
8
WHITE
10
-1.2204724409448819
20
2.7858267716535434
40
0.0068897637795276
0
CIRCLE
8
WHITE
10
-1.3204724409448818
20
2.6858267716535433
40
0.0068897637795276
0
CIRCLE
8
WHITE
10
-1.2204724409448819
20
2.6858267716535433
40
0.0068897637795276
0
CIRCLE
8
WHITE
10
-1.3204724409448818
20
2.5858267716535432
40
0.0068897637795276
0
CIRCLE
8
WHITE
10
-1.2204724409448819
20
2.5858267716535432
40
0.0068897637795276
0
CIRCLE
8
WHITE
10
-1.3204724409448818
20
2.4858267716535432
40
0.0068897637795276
0
CIRCLE
8
WHITE
10
-1.2204724409448819
20
2.4858267716535432
40
0.0068897637795276
0
CIRCLE
8
WHITE
10
-1.3204724409448818
20
2.3858267716535431
40
0.0068897637795276
0
CIRCLE
8
WHITE
10
-1.2204724409448819
20
2.3858267716535431
40
0.0068897637795276
0
CIRCLE
8
WHITE
10
-1.3204724409448818
20
2.2858267716535434
40
0.0068897637795276
0
CIRCLE
8
WHITE
10
-1.2204724409448819
20
2.2858267716535434
40
0.0068897637795276
0
CIRCLE
8
WHITE
10
-1.3204724409448818
20
2.1858267716535433
40
0.0068897637795276
0
CIRCLE
8
WHITE
10
-1.2204724409448819
20
2.1858267716535433
40
0.0068897637795276
0
CIRCLE
8
WHITE
10
-1.3204724409448818
20
2.0858267716535432
40
0.0068897637795276
0
CIRCLE
8
WHITE
10
-1.2204724409448819
20
2.0858267716535432
40
0.0068897637795276
0
CIRCLE
8
WHITE
10
-1.3204724409448818
20
1.9858267716535432
40
0.0068897637795276
0
CIRCLE
8
WHITE
10
-1.2204724409448819
20
1.9858267716535432
40
0.0068897637795276
0
CIRCLE
8
WHITE
10
-0.2013453543307087
20
3.8425196850393699
40
0.0068897637795276
0
CIRCLE
8
WHITE
10
-0.1013453543307087
20
3.8425196850393699
40
0.0068897637795276
0
CIRCLE
8
WHITE
10
-0.2013453543307087
20
3.5433070866141732
40
0.0068897637795276
0
CIRCLE
8
WHITE
10
-0.1013453543307087
20
3.5433070866141732
40
0.0068897637795276
0
CIRCLE
8
WHITE
10
0.7125984251968503
20
1.7637795275590551
40
0.0068897637795276
0
CIRCLE
8
WHITE
10
0.7125984251968503
20
1.8637796062992125
40
0.0068897637795276
0
CIRCLE
8
WHITE
10
0.84251968503937
20
1.7637795275590551
40
0.0068897637795276
0
CIRCLE
8
WHITE
10
0.84251968503937
20
1.8637795275590552
40
0.0068897637795276
0
CIRCLE
8
WHITE
10
0.84251968503937
20
1.9637794881889763
40
0.0068897637795276
0
CIRCLE
8
WHITE
10
-1.6112204724409449
20
0.5039370078740157
40
0.0068897637795276
0
CIRCLE
8
WHITE
10
1.6348425196850394
20
3.4704724409448819
40
0.0068897637795276
0
CIRCLE
8
WHITE
10
1.6348425196850394
20
0.7106299212598425
40
0.0068897637795276
0
CIRCLE
8
WHITE
10
-0.4808729133858268
20
3.9433070866141731
40
0.0068897637795276
0
CIRCLE
8
WHITE
10
-0.3808729133858267
20
3.9433070866141731
40
0.0068897637795276
0
CIRCLE
8
WHITE
10
-0.4808729133858268
20
3.843307086614173
40
0.0068897637795276
0
CIRCLE
8
WHITE
10
-0.3808729133858267
20
3.843307086614173
40
0.0068897637795276
0
CIRCLE
8
WHITE
10
-0.4808729133858268
20
3.7433070866141733
40
0.0068897637795276
0
CIRCLE
8
WHITE
10
-0.3808729133858267
20
3.7433070866141733
40
0.0068897637795276
0
CIRCLE
8
WHITE
10
-0.4808729133858268
20
3.6433070866141732
40
0.0068897637795276
0
CIRCLE
8
WHITE
10
-0.3808729133858267
20
3.6433070866141732
40
0.0068897637795276
0
CIRCLE
8
WHITE
10
-0.4808729133858268
20
3.5433070866141732
40
0.0068897637795276
0
CIRCLE
8
WHITE
10
-0.3808729133858267
20
3.5433070866141732
40
0.0068897637795276
0
CIRCLE
8
WHITE
10
1.170308188976378
20
4.0810039370078739
40
0.0068897637795276
0
CIRCLE
8
WHITE
10
1.0703081889763779
20
4.0810039370078739
40
0.0068897637795276
0
CIRCLE
8
WHITE
10
1.170308188976378
20
4.1810039370078735
40
0.0068897637795276
0
CIRCLE
8
WHITE
10
1.0703081889763779
20
4.1810039370078735
40
0.0068897637795276
0
CIRCLE
8
WHITE
10
1.170308188976378
20
4.2810038976377953
40
0.0068897637795276
0
CIRCLE
8
WHITE
10
1.0703081889763779
20
4.2810039370078741
40
0.0068897637795276
0
CIRCLE
8
WHITE
10
1.170308188976378
20
4.3810039370078737
40
0.0068897637795276
0
CIRCLE
8
WHITE
10
1.0703081889763779
20
4.3810039370078737
40
0.0068897637795276
0
CIRCLE
8
WHITE
10
1.170308188976378
20
4.4810039370078742
40
0.0068897637795276
0
CIRCLE
8
WHITE
10
1.0703081889763779
20
4.4810039370078742
40
0.0068897637795276
0
CIRCLE
8
WHITE
10
-1.1299212598425197
20
0.9409448818897638
40
0.0068897637795276
0
CIRCLE
8
WHITE
10
-0.7172244094488189
20
0.5354330708661417
40
0.0068897637795276
0
CIRCLE
8
WHITE
10
-0.7172244094488189
20
0.735433031496063
40
0.0068897637795276
0
CIRCLE
8
WHITE
10
0.0827755905511811
20
0.2354330708661417
40
0.0068897637795276
0
CIRCLE
8
WHITE
10
0.0827755905511811
20
0.6354330708661418
40
0.0068897637795276
0
CIRCLE
8
WHITE
10
0.0827755905511811
20
1.0354330708661417
40
0.0068897637795276
0
CIRCLE
8
WHITE
10
-0.7172244094488189
20
1.0354330708661417
40
0.0068897637795276
0
CIRCLE
8
WHITE
10
-1.0708661417322833
20
4.2637795275590546
40
0.0068897637795276
0
LINE
8
WHITE
6
CONTINUOUS
10
-1.1479330708661417
20
0.5236220472440944
11
-1.0691929133858267
21
0.5236220472440944
0
ARC
8
WHITE
10
-1.0691929133858267
20
0.5433070866141733
40
0.0196850393700787
50
-90.00000000
51
90.00000000
0
LINE
8
WHITE
6
CONTINUOUS
10
-1.0691929133858267
20
0.562992125984252
11
-1.1479330708661417
21
0.562992125984252
0
ARC
8
WHITE
10
-1.1479330708661417
20
0.5433070866141733
40
0.0196850393700787
50
90.00000000
51
270.00000000
0
LINE
8
WHITE
6
CONTINUOUS
10
-1.1479330708661417
20
0.2874015748031496
11
-1.0691929133858267
21
0.2874015748031496
0
ARC
8
WHITE
10
-1.0691929133858267
20
0.3070866141732284
40
0.0196850393700787
50
-90.00000000
51
90.00000000
0
LINE
8
WHITE
6
CONTINUOUS
10
-1.0691929133858267
20
0.3267716535433071
11
-1.1479330708661417
21
0.3267716535433071
0
ARC
8
WHITE
10
-1.1479330708661417
20
0.3070866141732284
40
0.0196850393700787
50
90.00000000
51
270.00000000
0
LINE
8
WHITE
6
CONTINUOUS
10
-1.2739173228346456
20
0.3858267716535433
11
-1.2739173228346456
21
0.4645669291338583
0
ARC
8
WHITE
10
-1.2936023622047244
20
0.4645669291338583
40
0.0196850393700787
50
0.00000000
51
180.00000000
0
LINE
8
WHITE
6
CONTINUOUS
10
-1.3132874015748031
20
0.4645669291338583
11
-1.3132874015748031
21
0.3858267716535433
0
ARC
8
WHITE
10
-1.2936023622047244
20
0.3858267716535433
40
0.0196850393700787
50
180.00000000
51
360.00000000
  0
ENDSEC
  0
EOF
