  0
SECTION
  2
HEADER
  9
$ACADVER
  1
AC1018
  9
$HANDSEED
  5
FFFFFFFF
  9
$ANGBASE
  50
0.0
  9
$ANGDIR
  70
1
  9
$MEASUREMENT
  70
0
  9
$INSUNITS
  70
1
  0
ENDSEC
  0
SECTION
  2
TABLES
  0
TABLE
  2
APPID
  5
1
330
0
100
AcDbSymbolTable
 70
1
  0
APPID
  5
2
330
1
100
AcDbSymbolTableRecord
100
AcDbRegAppTableRecord
  2
ACAD
 70
0
  0
ENDTAB
  0
TABLE
  2
LTYPE
  5
3
330
0
100
AcDbSymbolTable
 70
6
  0
LTYPE
  5
4
330
3
100
AcDbSymbolTableRecord
100
AcDbLinetypeTableRecord
  2
ByBlock
 70
0
  3

 72
65
 73
0
 40
0
  0
LTYPE
  5
5
330
3
100
AcDbSymbolTableRecord
100
AcDbLinetypeTableRecord
  2
ByLayer
 70
0
  3

 72
65
 73
0
 40
0
  0
LTYPE
  5
6
330
3
100
AcDbSymbolTableRecord
100
AcDbLinetypeTableRecord
  2
CONTINUOUS
 70
0
  3
Solid line
 72
65
 73
0
 40
0
  0
LTYPE
  5
7
330
3
100
AcDbSymbolTableRecord
100
AcDbLinetypeTableRecord
  2
DASHDOT
 70
0
  3
Dash Dot ____ _ ____ _
 72
65
 73
4
 40
2
 49
1.25
 74
0
 49
-0.25
 74
0
 49
0.25
 74
0
 49
-0.25
 74
0
  0
LTYPE
  5
8
330
3
100
AcDbSymbolTableRecord
100
AcDbLinetypeTableRecord
  2
DASHED
 70
0
  3
Dashed __ __ __ __ __
 72
65
 73
2
 40
0.75
 49
0.5
 74
0
 49
-0.25
 74
0
  0
LTYPE
  5
9
330
3
100
AcDbSymbolTableRecord
100
AcDbLinetypeTableRecord
  2
DOTTED
 70
0
  3
Dotted .  .  .  .
 72
65
 73
2
 40
0.2
 49
0.0
 74
0
 49
-0.2
 74
0
  0
ENDTAB
  0
TABLE
  2
STYLE
  5
A
330
0
100
AcDbSymbolTable
 70
4
  0
STYLE
  5
B
330
A
100
AcDbSymbolTableRecord
100
AcDbTextStyleTableRecord
  2
KICAD
 70
0
 40
0
 41
1
 42
1
 50
0
 71
0
  3
isocp.shx
  0
STYLE
  5
C
330
A
100
AcDbSymbolTableRecord
100
AcDbTextStyleTableRecord
  2
KICADB
 70
0
 40
0
 41
1
 42
1
 50
0
 71
0
  3
isocp.shx
  0
STYLE
  5
D
330
A
100
AcDbSymbolTableRecord
100
AcDbTextStyleTableRecord
  2
KICADI
 70
0
 40
0
 41
1
 42
1
 50
15
 71
0
  3
isocp.shx
  0
STYLE
  5
E
330
A
100
AcDbSymbolTableRecord
100
AcDbTextStyleTableRecord
  2
KICADBI
 70
0
 40
0
 41
1
 42
1
 50
15
 71
0
  3
isocp.shx
  0
ENDTAB
  0
TABLE
  2
LAYER
  5
F
330
0
100
AcDbSymbolTable
 70
2
  0
LAYER
  5
12
330
F
100
AcDbSymbolTableRecord
100
AcDbLayerTableRecord
  2
0
 70
0
 62
7
  6
CONTINUOUS
390
10
  0
LAYER
  5
13
330
F
100
AcDbSymbolTableRecord
100
AcDbLayerTableRecord
  2
BLACK
 70
0
 62
250
  6
CONTINUOUS
390
10
  0
ENDTAB
  0
TABLE
  2
VPORT
  5
14
330
0
100
AcDbSymbolTable
 70
0
  0
ENDTAB
  0
TABLE
  2
VIEW
  5
15
330
0
100
AcDbSymbolTable
 70
0
  0
ENDTAB
  0
TABLE
  2
UCS
  5
16
330
0
100
AcDbSymbolTable
 70
0
  0
ENDTAB
  0
TABLE
  2
DIMSTYLE
  5
17
330
0
100
AcDbSymbolTable
 70
1
100
AcDbDimStyleTable
 71
0
  0
DIMSTYLE
105
18
330
17
100
AcDbSymbolTableRecord
100
AcDbDimStyleTableRecord
  2
Standard
 70
0
  0
ENDTAB
  0
TABLE
  2
BLOCK_RECORD
  5
19
330
0
100
AcDbSymbolTable
 70
3
  0
BLOCK_RECORD
  5
1A
330
19
100
AcDbSymbolTableRecord
100
AcDbBlockTableRecord
  2
*Model_Space
340
1D
 70
0
280
1
281
0
  0
BLOCK_RECORD
  5
1B
330
19
100
AcDbSymbolTableRecord
100
AcDbBlockTableRecord
  2
*Paper_Space
340
1E
 70
0
280
1
281
0
  0
BLOCK_RECORD
  5
1C
330
19
100
AcDbSymbolTableRecord
100
AcDbBlockTableRecord
  2
*Paper_Space0
340
1F
 70
0
280
1
281
0
  0
ENDTAB
  0
ENDSEC
  0
SECTION
  2
BLOCKS
  0
BLOCK
  5
23
330
1A
100
AcDbEntity
  8
0
100
AcDbBlockBegin
  2
*Model_Space
 70
0
 10
0.0
 20
0.0
 30
0.0
  3
*Model_Space
  1

  0
ENDBLK
  5
22
330
1A
100
AcDbEntity
  8
0
100
AcDbBlockEnd
  0
BLOCK
  5
25
330
1B
100
AcDbEntity
 67
1
  8
0
100
AcDbBlockBegin
  2
*Paper_Space
 70
0
 10
0.0
 20
0.0
 30
0.0
  3
*Paper_Space
  1

  0
ENDBLK
  5
24
330
1B
100
AcDbEntity
 67
1
  8
0
100
AcDbBlockEnd
  0
BLOCK
  5
27
330
1C
100
AcDbEntity
 67
1
  8
0
100
AcDbBlockBegin
  2
*Paper_Space0
 70
0
 10
0.0
 20
0.0
 30
0.0
  3
*Paper_Space0
  1

  0
ENDBLK
  5
26
330
1C
100
AcDbEntity
 67
1
  8
0
100
AcDbBlockEnd
  0
ENDSEC
  0
SECTION
  2
ENTITIES
  0
LINE
  5
28
330
1A
100
AcDbEntity
  8
BLACK
  6
CONTINUOUS
100
AcDbLine
 10
1.1409278346456693
 20
0.6446101181102362
 30
0
 11
1.1414605118110237
 21
0.6440774409448818
 31
0
  0
LINE
  5
29
330
1A
100
AcDbEntity
  8
BLACK
  6
CONTINUOUS
100
AcDbLine
 10
1.1414605118110237
 20
0.6440774409448818
 30
0
 11
1.141535433070866
 21
0.6437007874015748
 31
0
  0
LINE
  5
2A
330
1A
100
AcDbEntity
  8
BLACK
  6
CONTINUOUS
100
AcDbLine
 10
1.141535433070866
 20
0.6437007874015748
 30
0
 11
1.141535433070866
 21
-0.015748031496063
 31
0
  0
LINE
  5
2B
330
1A
100
AcDbEntity
  8
BLACK
  6
CONTINUOUS
100
AcDbLine
 10
1.141535433070866
 20
-0.015748031496063
 30
0
 11
1.1414605118110237
 21
-0.0161246850393701
 31
0
  0
LINE
  5
2C
330
1A
100
AcDbEntity
  8
BLACK
  6
CONTINUOUS
100
AcDbLine
 10
1.1414605118110237
 20
-0.0161246850393701
 30
0
 11
1.1409278346456693
 21
-0.0166573622047244
 31
0
  0
LINE
  5
2D
330
1A
100
AcDbEntity
  8
BLACK
  6
CONTINUOUS
100
AcDbLine
 10
1.1409278346456693
 20
-0.0166573622047244
 30
0
 11
1.1405511811023621
 21
-0.0167322834645669
 31
0
  0
LINE
  5
2E
330
1A
100
AcDbEntity
  8
BLACK
  6
CONTINUOUS
100
AcDbLine
 10
1.1405511811023621
 20
-0.0167322834645669
 30
0
 11
0.3704724409448819
 21
-0.0167322834645669
 31
0
  0
LINE
  5
2F
330
1A
100
AcDbEntity
  8
BLACK
  6
CONTINUOUS
100
AcDbLine
 10
0.3704724409448819
 20
-0.0167322834645669
 30
0
 11
0.3700957874015748
 21
-0.0166573622047244
 31
0
  0
LINE
  5
30
330
1A
100
AcDbEntity
  8
BLACK
  6
CONTINUOUS
100
AcDbLine
 10
0.3700957874015748
 20
-0.0166573622047244
 30
0
 11
0.3695631102362205
 21
-0.0161246850393701
 31
0
  0
LINE
  5
31
330
1A
100
AcDbEntity
  8
BLACK
  6
CONTINUOUS
100
AcDbLine
 10
0.3695631102362205
 20
-0.0161246850393701
 30
0
 11
0.3694881889763779
 21
-0.015748031496063
 31
0
  0
LINE
  5
32
330
1A
100
AcDbEntity
  8
BLACK
  6
CONTINUOUS
100
AcDbLine
 10
0.3694881889763779
 20
-0.015748031496063
 30
0
 11
0.3694881889763779
 21
0.643700748031496
 31
0
  0
LINE
  5
33
330
1A
100
AcDbEntity
  8
BLACK
  6
CONTINUOUS
100
AcDbLine
 10
0.3694881889763779
 20
0.643700748031496
 30
0
 11
0.3695631102362205
 21
0.6440774015748031
 31
0
  0
LINE
  5
34
330
1A
100
AcDbEntity
  8
BLACK
  6
CONTINUOUS
100
AcDbLine
 10
0.3695631102362205
 20
0.6440774015748031
 30
0
 11
0.3700957874015748
 21
0.6446100787401574
 31
0
  0
LINE
  5
35
330
1A
100
AcDbEntity
  8
BLACK
  6
CONTINUOUS
100
AcDbLine
 10
0.3700957874015748
 20
0.6446100787401574
 30
0
 11
0.3704724409448819
 21
0.644685
 31
0
  0
LINE
  5
36
330
1A
100
AcDbEntity
  8
BLACK
  6
CONTINUOUS
100
AcDbLine
 10
0.3704724409448819
 20
0.644685
 30
0
 11
1.1405511811023621
 21
0.6446850393700787
 31
0
  0
LINE
  5
37
330
1A
100
AcDbEntity
  8
BLACK
  6
CONTINUOUS
100
AcDbLine
 10
1.1405511811023621
 20
0.6446850393700787
 30
0
 11
1.1409278346456693
 21
0.6446101181102362
 31
0
  0
LINE
  5
38
330
1A
100
AcDbEntity
  8
BLACK
  6
CONTINUOUS
100
AcDbLine
 10
0.3714566929133858
 20
0.6427165354330708
 30
0
 11
0.3714566929133858
 21
-0.0147637795275591
 31
0
  0
LINE
  5
39
330
1A
100
AcDbEntity
  8
BLACK
  6
CONTINUOUS
100
AcDbLine
 10
0.3714566929133858
 20
-0.0147637795275591
 30
0
 11
1.1395669291338582
 21
-0.0147637795275591
 31
0
  0
LINE
  5
3A
330
1A
100
AcDbEntity
  8
BLACK
  6
CONTINUOUS
100
AcDbLine
 10
1.1395669291338582
 20
-0.0147637795275591
 30
0
 11
1.1395669291338582
 21
0.6427165354330708
 31
0
  0
LINE
  5
3B
330
1A
100
AcDbEntity
  8
BLACK
  6
CONTINUOUS
100
AcDbLine
 10
1.1395669291338582
 20
0.6427165354330708
 30
0
 11
0.3714566929133858
 21
0.6427165354330708
 31
0
  0
LINE
  5
3C
330
1A
100
AcDbEntity
  8
BLACK
  6
CONTINUOUS
100
AcDbLine
 10
-0.6224579921259842
 20
0.1083896456692913
 30
0
 11
-0.6219253149606299
 21
0.107856968503937
 31
0
  0
LINE
  5
3D
330
1A
100
AcDbEntity
  8
BLACK
  6
CONTINUOUS
100
AcDbLine
 10
-0.6219253149606299
 20
0.107856968503937
 30
0
 11
-0.6218503937007874
 21
0.1074803149606299
 31
0
  0
LINE
  5
3E
330
1A
100
AcDbEntity
  8
BLACK
  6
CONTINUOUS
100
AcDbLine
 10
-0.6218503937007874
 20
0.1074803149606299
 30
0
 11
-0.6218503937007874
 21
0.018503937007874
 31
0
  0
LINE
  5
3F
330
1A
100
AcDbEntity
  8
BLACK
  6
CONTINUOUS
100
AcDbLine
 10
-0.6218503937007874
 20
0.018503937007874
 30
0
 11
-0.6219253149606299
 21
0.0181272834645669
 31
0
  0
LINE
  5
40
330
1A
100
AcDbEntity
  8
BLACK
  6
CONTINUOUS
100
AcDbLine
 10
-0.6219253149606299
 20
0.0181272834645669
 30
0
 11
-0.6224579921259842
 21
0.0175946062992126
 31
0
  0
LINE
  5
41
330
1A
100
AcDbEntity
  8
BLACK
  6
CONTINUOUS
100
AcDbLine
 10
-0.6224579921259842
 20
0.0175946062992126
 30
0
 11
-0.6228346456692914
 21
0.0175196850393701
 31
0
  0
LINE
  5
42
330
1A
100
AcDbEntity
  8
BLACK
  6
CONTINUOUS
100
AcDbLine
 10
-0.6228346456692914
 20
0.0175196850393701
 30
0
 11
-0.8023622047244094
 21
0.0175196850393701
 31
0
  0
LINE
  5
43
330
1A
100
AcDbEntity
  8
BLACK
  6
CONTINUOUS
100
AcDbLine
 10
-0.8023622047244094
 20
0.0175196850393701
 30
0
 11
-0.8027388582677165
 21
0.0175946062992126
 31
0
  0
LINE
  5
44
330
1A
100
AcDbEntity
  8
BLACK
  6
CONTINUOUS
100
AcDbLine
 10
-0.8027388582677165
 20
0.0175946062992126
 30
0
 11
-0.8032715354330708
 21
0.0181272834645669
 31
0
  0
LINE
  5
45
330
1A
100
AcDbEntity
  8
BLACK
  6
CONTINUOUS
100
AcDbLine
 10
-0.8032715354330708
 20
0.0181272834645669
 30
0
 11
-0.8033464566929134
 21
0.018503937007874
 31
0
  0
LINE
  5
46
330
1A
100
AcDbEntity
  8
BLACK
  6
CONTINUOUS
100
AcDbLine
 10
-0.8033464566929134
 20
0.018503937007874
 30
0
 11
-0.8033464566929134
 21
0.1074803149606299
 31
0
  0
LINE
  5
47
330
1A
100
AcDbEntity
  8
BLACK
  6
CONTINUOUS
100
AcDbLine
 10
-0.8033464566929134
 20
0.1074803149606299
 30
0
 11
-0.8032715354330708
 21
0.107856968503937
 31
0
  0
LINE
  5
48
330
1A
100
AcDbEntity
  8
BLACK
  6
CONTINUOUS
100
AcDbLine
 10
-0.8032715354330708
 20
0.107856968503937
 30
0
 11
-0.8027388582677165
 21
0.1083896456692913
 31
0
  0
LINE
  5
49
330
1A
100
AcDbEntity
  8
BLACK
  6
CONTINUOUS
100
AcDbLine
 10
-0.8027388582677165
 20
0.1083896456692913
 30
0
 11
-0.8023622047244094
 21
0.1084645669291339
 31
0
  0
LINE
  5
4A
330
1A
100
AcDbEntity
  8
BLACK
  6
CONTINUOUS
100
AcDbLine
 10
-0.8023622047244094
 20
0.1084645669291339
 30
0
 11
-0.6228346456692914
 21
0.1084645669291339
 31
0
  0
LINE
  5
4B
330
1A
100
AcDbEntity
  8
BLACK
  6
CONTINUOUS
100
AcDbLine
 10
-0.6228346456692914
 20
0.1084645669291339
 30
0
 11
-0.6224579921259842
 21
0.1083896456692913
 31
0
  0
LINE
  5
4C
330
1A
100
AcDbEntity
  8
BLACK
  6
CONTINUOUS
100
AcDbLine
 10
-0.8013779527559055
 20
0.106496062992126
 30
0
 11
-0.8013779527559055
 21
0.019488188976378
 31
0
  0
LINE
  5
4D
330
1A
100
AcDbEntity
  8
BLACK
  6
CONTINUOUS
100
AcDbLine
 10
-0.8013779527559055
 20
0.019488188976378
 30
0
 11
-0.6238188976377953
 21
0.019488188976378
 31
0
  0
LINE
  5
4E
330
1A
100
AcDbEntity
  8
BLACK
  6
CONTINUOUS
100
AcDbLine
 10
-0.6238188976377953
 20
0.019488188976378
 30
0
 11
-0.6238188976377953
 21
0.106496062992126
 31
0
  0
LINE
  5
4F
330
1A
100
AcDbEntity
  8
BLACK
  6
CONTINUOUS
100
AcDbLine
 10
-0.6238188976377953
 20
0.106496062992126
 30
0
 11
-0.8013779527559055
 21
0.106496062992126
 31
0
  0
LINE
  5
50
330
1A
100
AcDbEntity
  8
BLACK
  6
CONTINUOUS
100
AcDbLine
 10
0.1914199606299213
 20
1.1446101181102362
 30
0
 11
0.1919526377952756
 21
1.144077440944882
 31
0
  0
LINE
  5
51
330
1A
100
AcDbEntity
  8
BLACK
  6
CONTINUOUS
100
AcDbLine
 10
0.1919526377952756
 20
1.144077440944882
 30
0
 11
0.1920275590551181
 21
1.1437007874015748
 31
0
  0
LINE
  5
52
330
1A
100
AcDbEntity
  8
BLACK
  6
CONTINUOUS
100
AcDbLine
 10
0.1920275590551181
 20
1.1437007874015748
 30
0
 11
0.1920275590551181
 21
0.1240157874015748
 31
0
  0
LINE
  5
53
330
1A
100
AcDbEntity
  8
BLACK
  6
CONTINUOUS
100
AcDbLine
 10
0.1920275590551181
 20
0.1240157874015748
 30
0
 11
0.1919526377952756
 21
0.1236391338582677
 31
0
  0
LINE
  5
54
330
1A
100
AcDbEntity
  8
BLACK
  6
CONTINUOUS
100
AcDbLine
 10
0.1919526377952756
 20
0.1236391338582677
 30
0
 11
0.1914199606299213
 21
0.1231064566929134
 31
0
  0
LINE
  5
55
330
1A
100
AcDbEntity
  8
BLACK
  6
CONTINUOUS
100
AcDbLine
 10
0.1914199606299213
 20
0.1231064566929134
 30
0
 11
0.1910433070866142
 21
0.1230315354330709
 31
0
  0
LINE
  5
56
330
1A
100
AcDbEntity
  8
BLACK
  6
CONTINUOUS
100
AcDbLine
 10
0.1910433070866142
 20
0.1230315354330709
 30
0
 11
-0.8286417322834645
 21
0.1230314960629921
 31
0
  0
LINE
  5
57
330
1A
100
AcDbEntity
  8
BLACK
  6
CONTINUOUS
100
AcDbLine
 10
-0.8286417322834645
 20
0.1230314960629921
 30
0
 11
-0.8290183858267717
 21
0.1231064173228346
 31
0
  0
LINE
  5
58
330
1A
100
AcDbEntity
  8
BLACK
  6
CONTINUOUS
100
AcDbLine
 10
-0.8290183858267717
 20
0.1231064173228346
 30
0
 11
-0.829551062992126
 21
0.123639094488189
 31
0
  0
LINE
  5
59
330
1A
100
AcDbEntity
  8
BLACK
  6
CONTINUOUS
100
AcDbLine
 10
-0.829551062992126
 20
0.123639094488189
 30
0
 11
-0.829551062992126
 21
0.1236391338582677
 31
0
  0
LINE
  5
5A
330
1A
100
AcDbEntity
  8
BLACK
  6
CONTINUOUS
100
AcDbLine
 10
-0.829551062992126
 20
0.1236391338582677
 30
0
 11
-0.8296259842519685
 21
0.1240157480314961
 31
0
  0
LINE
  5
5B
330
1A
100
AcDbEntity
  8
BLACK
  6
CONTINUOUS
100
AcDbLine
 10
-0.8296259842519685
 20
0.1240157480314961
 30
0
 11
-0.8296259842519685
 21
1.1437007874015748
 31
0
  0
LINE
  5
5C
330
1A
100
AcDbEntity
  8
BLACK
  6
CONTINUOUS
100
AcDbLine
 10
-0.8296259842519685
 20
1.1437007874015748
 30
0
 11
-0.829551062992126
 21
1.144077440944882
 31
0
  0
LINE
  5
5D
330
1A
100
AcDbEntity
  8
BLACK
  6
CONTINUOUS
100
AcDbLine
 10
-0.829551062992126
 20
1.144077440944882
 30
0
 11
-0.8290183858267717
 21
1.1446101181102362
 31
0
  0
LINE
  5
5E
330
1A
100
AcDbEntity
  8
BLACK
  6
CONTINUOUS
100
AcDbLine
 10
-0.8290183858267717
 20
1.1446101181102362
 30
0
 11
-0.8286417322834645
 21
1.1446850393700787
 31
0
  0
LINE
  5
5F
330
1A
100
AcDbEntity
  8
BLACK
  6
CONTINUOUS
100
AcDbLine
 10
-0.8286417322834645
 20
1.1446850393700787
 30
0
 11
0.1910433070866142
 21
1.1446850393700787
 31
0
  0
LINE
  5
60
330
1A
100
AcDbEntity
  8
BLACK
  6
CONTINUOUS
100
AcDbLine
 10
0.1910433070866142
 20
1.1446850393700787
 30
0
 11
0.1914199606299213
 21
1.1446101181102362
 31
0
  0
LINE
  5
61
330
1A
100
AcDbEntity
  8
BLACK
  6
CONTINUOUS
100
AcDbLine
 10
-0.8276574803149606
 20
1.1427165354330708
 30
0
 11
-0.8276574803149606
 21
0.1250000393700787
 31
0
  0
LINE
  5
62
330
1A
100
AcDbEntity
  8
BLACK
  6
CONTINUOUS
100
AcDbLine
 10
-0.8276574803149606
 20
0.1250000393700787
 30
0
 11
0.1900590551181102
 21
0.1250000393700787
 31
0
  0
LINE
  5
63
330
1A
100
AcDbEntity
  8
BLACK
  6
CONTINUOUS
100
AcDbLine
 10
0.1900590551181102
 20
0.1250000393700787
 30
0
 11
0.1900590551181102
 21
1.1427165354330708
 31
0
  0
LINE
  5
64
330
1A
100
AcDbEntity
  8
BLACK
  6
CONTINUOUS
100
AcDbLine
 10
0.1900590551181102
 20
1.1427165354330708
 30
0
 11
-0.8276574803149606
 21
1.1427165354330708
 31
0
  0
LINE
  5
65
330
1A
100
AcDbEntity
  8
BLACK
  6
CONTINUOUS
100
AcDbLine
 10
0.3547073622047244
 20
0.3583896456692913
 30
0
 11
0.3552400393700788
 21
0.357856968503937
 31
0
  0
LINE
  5
66
330
1A
100
AcDbEntity
  8
BLACK
  6
CONTINUOUS
100
AcDbLine
 10
0.3552400393700788
 20
0.357856968503937
 30
0
 11
0.3553149606299212
 21
0.3574803149606299
 31
0
  0
LINE
  5
67
330
1A
100
AcDbEntity
  8
BLACK
  6
CONTINUOUS
100
AcDbLine
 10
0.3553149606299212
 20
0.3574803149606299
 30
0
 11
0.3553149606299212
 21
0.2803149606299212
 31
0
  0
LINE
  5
68
330
1A
100
AcDbEntity
  8
BLACK
  6
CONTINUOUS
100
AcDbLine
 10
0.3553149606299212
 20
0.2803149606299212
 30
0
 11
0.3552400393700788
 21
0.2799383070866142
 31
0
  0
LINE
  5
69
330
1A
100
AcDbEntity
  8
BLACK
  6
CONTINUOUS
100
AcDbLine
 10
0.3552400393700788
 20
0.2799383070866142
 30
0
 11
0.3547073622047244
 21
0.2794056299212598
 31
0
  0
LINE
  5
6A
330
1A
100
AcDbEntity
  8
BLACK
  6
CONTINUOUS
100
AcDbLine
 10
0.3547073622047244
 20
0.2794056299212598
 30
0
 11
0.3543307086614173
 21
0.2793307086614173
 31
0
  0
LINE
  5
6B
330
1A
100
AcDbEntity
  8
BLACK
  6
CONTINUOUS
100
AcDbLine
 10
0.3543307086614173
 20
0.2793307086614173
 30
0
 11
0.2204724409448819
 21
0.2793307086614173
 31
0
  0
LINE
  5
6C
330
1A
100
AcDbEntity
  8
BLACK
  6
CONTINUOUS
100
AcDbLine
 10
0.2204724409448819
 20
0.2793307086614173
 30
0
 11
0.2200957874015748
 21
0.2794056299212598
 31
0
  0
LINE
  5
6D
330
1A
100
AcDbEntity
  8
BLACK
  6
CONTINUOUS
100
AcDbLine
 10
0.2200957874015748
 20
0.2794056299212598
 30
0
 11
0.2195631102362205
 21
0.2799383070866142
 31
0
  0
LINE
  5
6E
330
1A
100
AcDbEntity
  8
BLACK
  6
CONTINUOUS
100
AcDbLine
 10
0.2195631102362205
 20
0.2799383070866142
 30
0
 11
0.219488188976378
 21
0.2803149606299212
 31
0
  0
LINE
  5
6F
330
1A
100
AcDbEntity
  8
BLACK
  6
CONTINUOUS
100
AcDbLine
 10
0.219488188976378
 20
0.2803149606299212
 30
0
 11
0.219488188976378
 21
0.3574803149606299
 31
0
  0
LINE
  5
70
330
1A
100
AcDbEntity
  8
BLACK
  6
CONTINUOUS
100
AcDbLine
 10
0.219488188976378
 20
0.3574803149606299
 30
0
 11
0.2195631102362205
 21
0.357856968503937
 31
0
  0
LINE
  5
71
330
1A
100
AcDbEntity
  8
BLACK
  6
CONTINUOUS
100
AcDbLine
 10
0.2195631102362205
 20
0.357856968503937
 30
0
 11
0.2200957874015748
 21
0.3583896456692913
 31
0
  0
LINE
  5
72
330
1A
100
AcDbEntity
  8
BLACK
  6
CONTINUOUS
100
AcDbLine
 10
0.2200957874015748
 20
0.3583896456692913
 30
0
 11
0.2204724409448819
 21
0.3584645669291339
 31
0
  0
LINE
  5
73
330
1A
100
AcDbEntity
  8
BLACK
  6
CONTINUOUS
100
AcDbLine
 10
0.2204724409448819
 20
0.3584645669291339
 30
0
 11
0.3543307086614173
 21
0.3584645669291339
 31
0
  0
LINE
  5
74
330
1A
100
AcDbEntity
  8
BLACK
  6
CONTINUOUS
100
AcDbLine
 10
0.3543307086614173
 20
0.3584645669291339
 30
0
 11
0.3547073622047244
 21
0.3583896456692913
 31
0
  0
LINE
  5
75
330
1A
100
AcDbEntity
  8
BLACK
  6
CONTINUOUS
100
AcDbLine
 10
0.2214566929133858
 20
0.356496062992126
 30
0
 11
0.2214566929133858
 21
0.2812992125984252
 31
0
  0
LINE
  5
76
330
1A
100
AcDbEntity
  8
BLACK
  6
CONTINUOUS
100
AcDbLine
 10
0.2214566929133858
 20
0.2812992125984252
 30
0
 11
0.3533464566929134
 21
0.2812992125984252
 31
0
  0
LINE
  5
77
330
1A
100
AcDbEntity
  8
BLACK
  6
CONTINUOUS
100
AcDbLine
 10
0.3533464566929134
 20
0.2812992125984252
 30
0
 11
0.3533464566929134
 21
0.356496062992126
 31
0
  0
LINE
  5
78
330
1A
100
AcDbEntity
  8
BLACK
  6
CONTINUOUS
100
AcDbLine
 10
0.3533464566929134
 20
0.356496062992126
 30
0
 11
0.2214566929133858
 21
0.356496062992126
 31
0
  0
LINE
  5
79
330
1A
100
AcDbEntity
  8
BLACK
  6
CONTINUOUS
100
AcDbLine
 10
0.356675905511811
 20
0.4410668110236221
 30
0
 11
0.3572085826771653
 21
0.4405341338582677
 31
0
  0
LINE
  5
7A
330
1A
100
AcDbEntity
  8
BLACK
  6
CONTINUOUS
100
AcDbLine
 10
0.3572085826771653
 20
0.4405341338582677
 30
0
 11
0.3572835039370079
 21
0.4401574803149606
 31
0
  0
LINE
  5
7B
330
1A
100
AcDbEntity
  8
BLACK
  6
CONTINUOUS
100
AcDbLine
 10
0.3572835039370079
 20
0.4401574803149606
 30
0
 11
0.3572835039370079
 21
0.362992125984252
 31
0
  0
LINE
  5
7C
330
1A
100
AcDbEntity
  8
BLACK
  6
CONTINUOUS
100
AcDbLine
 10
0.3572835039370079
 20
0.362992125984252
 30
0
 11
0.3572085826771653
 21
0.3626154724409449
 31
0
  0
LINE
  5
7D
330
1A
100
AcDbEntity
  8
BLACK
  6
CONTINUOUS
100
AcDbLine
 10
0.3572085826771653
 20
0.3626154724409449
 30
0
 11
0.356675905511811
 21
0.3620827952755906
 31
0
  0
LINE
  5
7E
330
1A
100
AcDbEntity
  8
BLACK
  6
CONTINUOUS
100
AcDbLine
 10
0.356675905511811
 20
0.3620827952755906
 30
0
 11
0.3562992519685039
 21
0.362007874015748
 31
0
  0
LINE
  5
7F
330
1A
100
AcDbEntity
  8
BLACK
  6
CONTINUOUS
100
AcDbLine
 10
0.3562992519685039
 20
0.362007874015748
 30
0
 11
0.2224409842519685
 21
0.362007874015748
 31
0
  0
LINE
  5
80
330
1A
100
AcDbEntity
  8
BLACK
  6
CONTINUOUS
100
AcDbLine
 10
0.2224409842519685
 20
0.362007874015748
 30
0
 11
0.2220643307086614
 21
0.3620827952755906
 31
0
  0
LINE
  5
81
330
1A
100
AcDbEntity
  8
BLACK
  6
CONTINUOUS
100
AcDbLine
 10
0.2220643307086614
 20
0.3620827952755906
 30
0
 11
0.2215316535433071
 21
0.3626154724409449
 31
0
  0
LINE
  5
82
330
1A
100
AcDbEntity
  8
BLACK
  6
CONTINUOUS
100
AcDbLine
 10
0.2215316535433071
 20
0.3626154724409449
 30
0
 11
0.2214567322834646
 21
0.362992125984252
 31
0
  0
LINE
  5
83
330
1A
100
AcDbEntity
  8
BLACK
  6
CONTINUOUS
100
AcDbLine
 10
0.2214567322834646
 20
0.362992125984252
 30
0
 11
0.2214567322834646
 21
0.4401574803149606
 31
0
  0
LINE
  5
84
330
1A
100
AcDbEntity
  8
BLACK
  6
CONTINUOUS
100
AcDbLine
 10
0.2214567322834646
 20
0.4401574803149606
 30
0
 11
0.2215316535433071
 21
0.4405341338582677
 31
0
  0
LINE
  5
85
330
1A
100
AcDbEntity
  8
BLACK
  6
CONTINUOUS
100
AcDbLine
 10
0.2215316535433071
 20
0.4405341338582677
 30
0
 11
0.2220643307086614
 21
0.4410668110236221
 31
0
  0
LINE
  5
86
330
1A
100
AcDbEntity
  8
BLACK
  6
CONTINUOUS
100
AcDbLine
 10
0.2220643307086614
 20
0.4410668110236221
 30
0
 11
0.2224409842519685
 21
0.4411417322834645
 31
0
  0
LINE
  5
87
330
1A
100
AcDbEntity
  8
BLACK
  6
CONTINUOUS
100
AcDbLine
 10
0.2224409842519685
 20
0.4411417322834645
 30
0
 11
0.3562992519685039
 21
0.4411417322834645
 31
0
  0
LINE
  5
88
330
1A
100
AcDbEntity
  8
BLACK
  6
CONTINUOUS
100
AcDbLine
 10
0.3562992519685039
 20
0.4411417322834645
 30
0
 11
0.356675905511811
 21
0.4410668110236221
 31
0
  0
LINE
  5
89
330
1A
100
AcDbEntity
  8
BLACK
  6
CONTINUOUS
100
AcDbLine
 10
0.2234252362204724
 20
0.4391732283464567
 30
0
 11
0.2234252362204724
 21
0.3639763779527559
 31
0
  0
LINE
  5
8A
330
1A
100
AcDbEntity
  8
BLACK
  6
CONTINUOUS
100
AcDbLine
 10
0.2234252362204724
 20
0.3639763779527559
 30
0
 11
0.355315
 21
0.3639763779527559
 31
0
  0
LINE
  5
8B
330
1A
100
AcDbEntity
  8
BLACK
  6
CONTINUOUS
100
AcDbLine
 10
0.355315
 20
0.3639763779527559
 30
0
 11
0.355315
 21
0.4391732283464567
 31
0
  0
LINE
  5
8C
330
1A
100
AcDbEntity
  8
BLACK
  6
CONTINUOUS
100
AcDbLine
 10
0.355315
 20
0.4391732283464567
 30
0
 11
0.2234252362204724
 21
0.4391732283464567
 31
0
  0
LINE
  5
8D
330
1A
100
AcDbEntity
  8
BLACK
  6
CONTINUOUS
100
AcDbLine
 10
0.357856968503937
 20
0.5304368897637796
 30
0
 11
0.3583896456692913
 21
0.5299042125984252
 31
0
  0
LINE
  5
8E
330
1A
100
AcDbEntity
  8
BLACK
  6
CONTINUOUS
100
AcDbLine
 10
0.3583896456692913
 20
0.5299042125984252
 30
0
 11
0.3584645669291339
 21
0.5295275590551181
 31
0
  0
LINE
  5
8F
330
1A
100
AcDbEntity
  8
BLACK
  6
CONTINUOUS
100
AcDbLine
 10
0.3584645669291339
 20
0.5295275590551181
 30
0
 11
0.3584645669291339
 21
0.4547244094488189
 31
0
  0
LINE
  5
90
330
1A
100
AcDbEntity
  8
BLACK
  6
CONTINUOUS
100
AcDbLine
 10
0.3584645669291339
 20
0.4547244094488189
 30
0
 11
0.3583896456692913
 21
0.4543477559055118
 31
0
  0
LINE
  5
91
330
1A
100
AcDbEntity
  8
BLACK
  6
CONTINUOUS
100
AcDbLine
 10
0.3583896456692913
 20
0.4543477559055118
 30
0
 11
0.357856968503937
 21
0.4538150787401575
 31
0
  0
LINE
  5
92
330
1A
100
AcDbEntity
  8
BLACK
  6
CONTINUOUS
100
AcDbLine
 10
0.357856968503937
 20
0.4538150787401575
 30
0
 11
0.3574803149606299
 21
0.4537401574803149
 31
0
  0
LINE
  5
93
330
1A
100
AcDbEntity
  8
BLACK
  6
CONTINUOUS
100
AcDbLine
 10
0.3574803149606299
 20
0.4537401574803149
 30
0
 11
0.2251968503937008
 21
0.4537401574803149
 31
0
  0
LINE
  5
94
330
1A
100
AcDbEntity
  8
BLACK
  6
CONTINUOUS
100
AcDbLine
 10
0.2251968503937008
 20
0.4537401574803149
 30
0
 11
0.2248201968503937
 21
0.4538150787401575
 31
0
  0
LINE
  5
95
330
1A
100
AcDbEntity
  8
BLACK
  6
CONTINUOUS
100
AcDbLine
 10
0.2248201968503937
 20
0.4538150787401575
 30
0
 11
0.2242875196850394
 21
0.4543477559055118
 31
0
  0
LINE
  5
96
330
1A
100
AcDbEntity
  8
BLACK
  6
CONTINUOUS
100
AcDbLine
 10
0.2242875196850394
 20
0.4543477559055118
 30
0
 11
0.2242125984251968
 21
0.4547244094488189
 31
0
  0
LINE
  5
97
330
1A
100
AcDbEntity
  8
BLACK
  6
CONTINUOUS
100
AcDbLine
 10
0.2242125984251968
 20
0.4547244094488189
 30
0
 11
0.2242125984251968
 21
0.5295275590551181
 31
0
  0
LINE
  5
98
330
1A
100
AcDbEntity
  8
BLACK
  6
CONTINUOUS
100
AcDbLine
 10
0.2242125984251968
 20
0.5295275590551181
 30
0
 11
0.2242875196850394
 21
0.5299042125984252
 31
0
  0
LINE
  5
99
330
1A
100
AcDbEntity
  8
BLACK
  6
CONTINUOUS
100
AcDbLine
 10
0.2242875196850394
 20
0.5299042125984252
 30
0
 11
0.2248201968503937
 21
0.5304368897637796
 31
0
  0
LINE
  5
9A
330
1A
100
AcDbEntity
  8
BLACK
  6
CONTINUOUS
100
AcDbLine
 10
0.2248201968503937
 20
0.5304368897637796
 30
0
 11
0.2251968503937008
 21
0.530511811023622
 31
0
  0
LINE
  5
9B
330
1A
100
AcDbEntity
  8
BLACK
  6
CONTINUOUS
100
AcDbLine
 10
0.2251968503937008
 20
0.530511811023622
 30
0
 11
0.3574803149606299
 21
0.530511811023622
 31
0
  0
LINE
  5
9C
330
1A
100
AcDbEntity
  8
BLACK
  6
CONTINUOUS
100
AcDbLine
 10
0.3574803149606299
 20
0.530511811023622
 30
0
 11
0.357856968503937
 21
0.5304368897637796
 31
0
  0
LINE
  5
9D
330
1A
100
AcDbEntity
  8
BLACK
  6
CONTINUOUS
100
AcDbLine
 10
0.2261811023622047
 20
0.5285433070866141
 30
0
 11
0.2261811023622047
 21
0.4557086614173228
 31
0
  0
LINE
  5
9E
330
1A
100
AcDbEntity
  8
BLACK
  6
CONTINUOUS
100
AcDbLine
 10
0.2261811023622047
 20
0.4557086614173228
 30
0
 11
0.356496062992126
 21
0.4557086614173228
 31
0
  0
LINE
  5
9F
330
1A
100
AcDbEntity
  8
BLACK
  6
CONTINUOUS
100
AcDbLine
 10
0.356496062992126
 20
0.4557086614173228
 30
0
 11
0.356496062992126
 21
0.5285433070866141
 31
0
  0
LINE
  5
A0
330
1A
100
AcDbEntity
  8
BLACK
  6
CONTINUOUS
100
AcDbLine
 10
0.356496062992126
 20
0.5285433070866141
 30
0
 11
0.2261811023622047
 21
0.5285433070866141
 31
0
  0
LINE
  5
A1
330
1A
100
AcDbEntity
  8
BLACK
  6
CONTINUOUS
100
AcDbLine
 10
0.2976207480314961
 20
0.6659683858267716
 30
0
 11
0.2981534251968504
 21
0.6654357086614173
 31
0
  0
LINE
  5
A2
330
1A
100
AcDbEntity
  8
BLACK
  6
CONTINUOUS
100
AcDbLine
 10
0.2981534251968504
 20
0.6654357086614173
 30
0
 11
0.2982283464566929
 21
0.6650590551181103
 31
0
  0
LINE
  5
A3
330
1A
100
AcDbEntity
  8
BLACK
  6
CONTINUOUS
100
AcDbLine
 10
0.2982283464566929
 20
0.6650590551181103
 30
0
 11
0.2982283464566929
 21
0.5327755905511811
 31
0
  0
LINE
  5
A4
330
1A
100
AcDbEntity
  8
BLACK
  6
CONTINUOUS
100
AcDbLine
 10
0.2982283464566929
 20
0.5327755905511811
 30
0
 11
0.2981534251968504
 21
0.532398937007874
 31
0
  0
LINE
  5
A5
330
1A
100
AcDbEntity
  8
BLACK
  6
CONTINUOUS
100
AcDbLine
 10
0.2981534251968504
 20
0.532398937007874
 30
0
 11
0.2976207480314961
 21
0.5318662598425197
 31
0
  0
LINE
  5
A6
330
1A
100
AcDbEntity
  8
BLACK
  6
CONTINUOUS
100
AcDbLine
 10
0.2976207480314961
 20
0.5318662598425197
 30
0
 11
0.2972440944881889
 21
0.5317913385826771
 31
0
  0
LINE
  5
A7
330
1A
100
AcDbEntity
  8
BLACK
  6
CONTINUOUS
100
AcDbLine
 10
0.2972440944881889
 20
0.5317913385826771
 30
0
 11
0.2224409448818898
 21
0.5317913385826771
 31
0
  0
LINE
  5
A8
330
1A
100
AcDbEntity
  8
BLACK
  6
CONTINUOUS
100
AcDbLine
 10
0.2224409448818898
 20
0.5317913385826771
 30
0
 11
0.2220642913385827
 21
0.5318662598425197
 31
0
  0
LINE
  5
A9
330
1A
100
AcDbEntity
  8
BLACK
  6
CONTINUOUS
100
AcDbLine
 10
0.2220642913385827
 20
0.5318662598425197
 30
0
 11
0.2215316141732283
 21
0.532398937007874
 31
0
  0
LINE
  5
AA
330
1A
100
AcDbEntity
  8
BLACK
  6
CONTINUOUS
100
AcDbLine
 10
0.2215316141732283
 20
0.532398937007874
 30
0
 11
0.2214566929133858
 21
0.5327755905511811
 31
0
  0
LINE
  5
AB
330
1A
100
AcDbEntity
  8
BLACK
  6
CONTINUOUS
100
AcDbLine
 10
0.2214566929133858
 20
0.5327755905511811
 30
0
 11
0.2214566929133858
 21
0.6650590551181103
 31
0
  0
LINE
  5
AC
330
1A
100
AcDbEntity
  8
BLACK
  6
CONTINUOUS
100
AcDbLine
 10
0.2214566929133858
 20
0.6650590551181103
 30
0
 11
0.2215316141732283
 21
0.6654357086614173
 31
0
  0
LINE
  5
AD
330
1A
100
AcDbEntity
  8
BLACK
  6
CONTINUOUS
100
AcDbLine
 10
0.2215316141732283
 20
0.6654357086614173
 30
0
 11
0.2220642913385827
 21
0.6659683858267716
 31
0
  0
LINE
  5
AE
330
1A
100
AcDbEntity
  8
BLACK
  6
CONTINUOUS
100
AcDbLine
 10
0.2220642913385827
 20
0.6659683858267716
 30
0
 11
0.2224409448818898
 21
0.6660433070866142
 31
0
  0
LINE
  5
AF
330
1A
100
AcDbEntity
  8
BLACK
  6
CONTINUOUS
100
AcDbLine
 10
0.2224409448818898
 20
0.6660433070866142
 30
0
 11
0.2972440944881889
 21
0.6660433070866142
 31
0
  0
LINE
  5
B0
330
1A
100
AcDbEntity
  8
BLACK
  6
CONTINUOUS
100
AcDbLine
 10
0.2972440944881889
 20
0.6660433070866142
 30
0
 11
0.2976207480314961
 21
0.6659683858267716
 31
0
  0
LINE
  5
B1
330
1A
100
AcDbEntity
  8
BLACK
  6
CONTINUOUS
100
AcDbLine
 10
0.2234251968503937
 20
0.6640748031496063
 30
0
 11
0.2234251968503937
 21
0.533759842519685
 31
0
  0
LINE
  5
B2
330
1A
100
AcDbEntity
  8
BLACK
  6
CONTINUOUS
100
AcDbLine
 10
0.2234251968503937
 20
0.533759842519685
 30
0
 11
0.296259842519685
 21
0.533759842519685
 31
0
  0
LINE
  5
B3
330
1A
100
AcDbEntity
  8
BLACK
  6
CONTINUOUS
100
AcDbLine
 10
0.296259842519685
 20
0.533759842519685
 30
0
 11
0.296259842519685
 21
0.6640748031496063
 31
0
  0
LINE
  5
B4
330
1A
100
AcDbEntity
  8
BLACK
  6
CONTINUOUS
100
AcDbLine
 10
0.296259842519685
 20
0.6640748031496063
 30
0
 11
0.2234251968503937
 21
0.6640748031496063
 31
0
  0
LINE
  5
B5
330
1A
100
AcDbEntity
  8
BLACK
  6
CONTINUOUS
100
AcDbLine
 10
1.2700616929133859
 20
0.7009093307086613
 30
0
 11
1.2705943700787401
 21
0.700376653543307
 31
0
  0
LINE
  5
B6
330
1A
100
AcDbEntity
  8
BLACK
  6
CONTINUOUS
100
AcDbLine
 10
1.2705943700787401
 20
0.700376653543307
 30
0
 11
1.2706692913385826
 21
0.7
 31
0
  0
LINE
  5
B7
330
1A
100
AcDbEntity
  8
BLACK
  6
CONTINUOUS
100
AcDbLine
 10
1.2706692913385826
 20
0.7
 30
0
 11
1.2706692913385826
 21
0.5677165354330709
 31
0
  0
LINE
  5
B8
330
1A
100
AcDbEntity
  8
BLACK
  6
CONTINUOUS
100
AcDbLine
 10
1.2706692913385826
 20
0.5677165354330709
 30
0
 11
1.2705943700787401
 21
0.5673398818897638
 31
0
  0
LINE
  5
B9
330
1A
100
AcDbEntity
  8
BLACK
  6
CONTINUOUS
100
AcDbLine
 10
1.2705943700787401
 20
0.5673398818897638
 30
0
 11
1.2700616929133859
 21
0.5668072047244095
 31
0
  0
LINE
  5
BA
330
1A
100
AcDbEntity
  8
BLACK
  6
CONTINUOUS
100
AcDbLine
 10
1.2700616929133859
 20
0.5668072047244095
 30
0
 11
1.2696850393700787
 21
0.5667322834645669
 31
0
  0
LINE
  5
BB
330
1A
100
AcDbEntity
  8
BLACK
  6
CONTINUOUS
100
AcDbLine
 10
1.2696850393700787
 20
0.5667322834645669
 30
0
 11
1.1948818897637794
 21
0.5667322834645669
 31
0
  0
LINE
  5
BC
330
1A
100
AcDbEntity
  8
BLACK
  6
CONTINUOUS
100
AcDbLine
 10
1.1948818897637794
 20
0.5667322834645669
 30
0
 11
1.1945052362204724
 21
0.5668072047244095
 31
0
  0
LINE
  5
BD
330
1A
100
AcDbEntity
  8
BLACK
  6
CONTINUOUS
100
AcDbLine
 10
1.1945052362204724
 20
0.5668072047244095
 30
0
 11
1.193972559055118
 21
0.5673398818897638
 31
0
  0
LINE
  5
BE
330
1A
100
AcDbEntity
  8
BLACK
  6
CONTINUOUS
100
AcDbLine
 10
1.193972559055118
 20
0.5673398818897638
 30
0
 11
1.1938976377952755
 21
0.5677165354330709
 31
0
  0
LINE
  5
BF
330
1A
100
AcDbEntity
  8
BLACK
  6
CONTINUOUS
100
AcDbLine
 10
1.1938976377952755
 20
0.5677165354330709
 30
0
 11
1.1938976377952755
 21
0.7
 31
0
  0
LINE
  5
C0
330
1A
100
AcDbEntity
  8
BLACK
  6
CONTINUOUS
100
AcDbLine
 10
1.1938976377952755
 20
0.7
 30
0
 11
1.193972559055118
 21
0.700376653543307
 31
0
  0
LINE
  5
C1
330
1A
100
AcDbEntity
  8
BLACK
  6
CONTINUOUS
100
AcDbLine
 10
1.193972559055118
 20
0.700376653543307
 30
0
 11
1.1945052362204724
 21
0.7009093307086613
 31
0
  0
LINE
  5
C2
330
1A
100
AcDbEntity
  8
BLACK
  6
CONTINUOUS
100
AcDbLine
 10
1.1945052362204724
 20
0.7009093307086613
 30
0
 11
1.1948818897637794
 21
0.7009842519685039
 31
0
  0
LINE
  5
C3
330
1A
100
AcDbEntity
  8
BLACK
  6
CONTINUOUS
100
AcDbLine
 10
1.1948818897637794
 20
0.7009842519685039
 30
0
 11
1.2696850393700787
 21
0.7009842519685039
 31
0
  0
LINE
  5
C4
330
1A
100
AcDbEntity
  8
BLACK
  6
CONTINUOUS
100
AcDbLine
 10
1.2696850393700787
 20
0.7009842519685039
 30
0
 11
1.2700616929133859
 21
0.7009093307086613
 31
0
  0
LINE
  5
C5
330
1A
100
AcDbEntity
  8
BLACK
  6
CONTINUOUS
100
AcDbLine
 10
1.1958661417322833
 20
0.699015748031496
 30
0
 11
1.1958661417322833
 21
0.5687007874015748
 31
0
  0
LINE
  5
C6
330
1A
100
AcDbEntity
  8
BLACK
  6
CONTINUOUS
100
AcDbLine
 10
1.1958661417322833
 20
0.5687007874015748
 30
0
 11
1.2687007874015748
 21
0.5687007874015748
 31
0
  0
LINE
  5
C7
330
1A
100
AcDbEntity
  8
BLACK
  6
CONTINUOUS
100
AcDbLine
 10
1.2687007874015748
 20
0.5687007874015748
 30
0
 11
1.2687007874015748
 21
0.699015748031496
 31
0
  0
LINE
  5
C8
330
1A
100
AcDbEntity
  8
BLACK
  6
CONTINUOUS
100
AcDbLine
 10
1.2687007874015748
 20
0.699015748031496
 30
0
 11
1.1958661417322833
 21
0.699015748031496
 31
0
  0
LINE
  5
C9
330
1A
100
AcDbEntity
  8
BLACK
  6
CONTINUOUS
100
AcDbLine
 10
1.3684868897637794
 20
0.7053384645669292
 30
0
 11
1.3690195669291338
 21
0.7048057874015747
 31
0
  0
LINE
  5
CA
330
1A
100
AcDbEntity
  8
BLACK
  6
CONTINUOUS
100
AcDbLine
 10
1.3690195669291338
 20
0.7048057874015747
 30
0
 11
1.3690944881889764
 21
0.7044291338582677
 31
0
  0
LINE
  5
CB
330
1A
100
AcDbEntity
  8
BLACK
  6
CONTINUOUS
100
AcDbLine
 10
1.3690944881889764
 20
0.7044291338582677
 30
0
 11
1.3690944881889764
 21
0.5721456692913386
 31
0
  0
LINE
  5
CC
330
1A
100
AcDbEntity
  8
BLACK
  6
CONTINUOUS
100
AcDbLine
 10
1.3690944881889764
 20
0.5721456692913386
 30
0
 11
1.3690195669291338
 21
0.5717690157480315
 31
0
  0
LINE
  5
CD
330
1A
100
AcDbEntity
  8
BLACK
  6
CONTINUOUS
100
AcDbLine
 10
1.3690195669291338
 20
0.5717690157480315
 30
0
 11
1.3684868897637794
 21
0.5712363385826772
 31
0
  0
LINE
  5
CE
330
1A
100
AcDbEntity
  8
BLACK
  6
CONTINUOUS
100
AcDbLine
 10
1.3684868897637794
 20
0.5712363385826772
 30
0
 11
1.3681102362204725
 21
0.5711614173228347
 31
0
  0
LINE
  5
CF
330
1A
100
AcDbEntity
  8
BLACK
  6
CONTINUOUS
100
AcDbLine
 10
1.3681102362204725
 20
0.5711614173228347
 30
0
 11
1.2933070866141732
 21
0.5711614173228347
 31
0
  0
LINE
  5
D0
330
1A
100
AcDbEntity
  8
BLACK
  6
CONTINUOUS
100
AcDbLine
 10
1.2933070866141732
 20
0.5711614173228347
 30
0
 11
1.2929304330708662
 21
0.5712363385826772
 31
0
  0
LINE
  5
D1
330
1A
100
AcDbEntity
  8
BLACK
  6
CONTINUOUS
100
AcDbLine
 10
1.2929304330708662
 20
0.5712363385826772
 30
0
 11
1.2923977559055118
 21
0.5717690157480315
 31
0
  0
LINE
  5
D2
330
1A
100
AcDbEntity
  8
BLACK
  6
CONTINUOUS
100
AcDbLine
 10
1.2923977559055118
 20
0.5717690157480315
 30
0
 11
1.2923228346456692
 21
0.5721456692913386
 31
0
  0
LINE
  5
D3
330
1A
100
AcDbEntity
  8
BLACK
  6
CONTINUOUS
100
AcDbLine
 10
1.2923228346456692
 20
0.5721456692913386
 30
0
 11
1.2923228346456692
 21
0.7044291338582677
 31
0
  0
LINE
  5
D4
330
1A
100
AcDbEntity
  8
BLACK
  6
CONTINUOUS
100
AcDbLine
 10
1.2923228346456692
 20
0.7044291338582677
 30
0
 11
1.2923977559055118
 21
0.7048057874015747
 31
0
  0
LINE
  5
D5
330
1A
100
AcDbEntity
  8
BLACK
  6
CONTINUOUS
100
AcDbLine
 10
1.2923977559055118
 20
0.7048057874015747
 30
0
 11
1.2929304330708662
 21
0.7053384645669292
 31
0
  0
LINE
  5
D6
330
1A
100
AcDbEntity
  8
BLACK
  6
CONTINUOUS
100
AcDbLine
 10
1.2929304330708662
 20
0.7053384645669292
 30
0
 11
1.2933070866141732
 21
0.7054133858267716
 31
0
  0
LINE
  5
D7
330
1A
100
AcDbEntity
  8
BLACK
  6
CONTINUOUS
100
AcDbLine
 10
1.2933070866141732
 20
0.7054133858267716
 30
0
 11
1.3681102362204725
 21
0.7054133858267716
 31
0
  0
LINE
  5
D8
330
1A
100
AcDbEntity
  8
BLACK
  6
CONTINUOUS
100
AcDbLine
 10
1.3681102362204725
 20
0.7054133858267716
 30
0
 11
1.3684868897637794
 21
0.7053384645669292
 31
0
  0
LINE
  5
D9
330
1A
100
AcDbEntity
  8
BLACK
  6
CONTINUOUS
100
AcDbLine
 10
1.2942913385826771
 20
0.7034448818897637
 30
0
 11
1.2942913385826771
 21
0.5731299212598425
 31
0
  0
LINE
  5
DA
330
1A
100
AcDbEntity
  8
BLACK
  6
CONTINUOUS
100
AcDbLine
 10
1.2942913385826771
 20
0.5731299212598425
 30
0
 11
1.3671259842519685
 21
0.5731299212598425
 31
0
  0
LINE
  5
DB
330
1A
100
AcDbEntity
  8
BLACK
  6
CONTINUOUS
100
AcDbLine
 10
1.3671259842519685
 20
0.5731299212598425
 30
0
 11
1.3671259842519685
 21
0.7034448818897637
 31
0
  0
LINE
  5
DC
330
1A
100
AcDbEntity
  8
BLACK
  6
CONTINUOUS
100
AcDbLine
 10
1.3671259842519685
 20
0.7034448818897637
 30
0
 11
1.2942913385826771
 21
0.7034448818897637
 31
0
  0
LINE
  5
DD
330
1A
100
AcDbEntity
  8
BLACK
  6
CONTINUOUS
100
AcDbLine
 10
-0.9464737401574803
 20
0.8165589763779527
 30
0
 11
-0.945941062992126
 21
0.8160262992125984
 31
0
  0
LINE
  5
DE
330
1A
100
AcDbEntity
  8
BLACK
  6
CONTINUOUS
100
AcDbLine
 10
-0.945941062992126
 20
0.8160262992125984
 30
0
 11
-0.9458661417322834
 21
0.8156496456692913
 31
0
  0
LINE
  5
DF
330
1A
100
AcDbEntity
  8
BLACK
  6
CONTINUOUS
100
AcDbLine
 10
-0.9458661417322834
 20
0.8156496456692913
 30
0
 11
-0.9458661417322834
 21
0.6833661811023621
 31
0
  0
LINE
  5
E0
330
1A
100
AcDbEntity
  8
BLACK
  6
CONTINUOUS
100
AcDbLine
 10
-0.9458661417322834
 20
0.6833661811023621
 30
0
 11
-0.945941062992126
 21
0.6829895275590551
 31
0
  0
LINE
  5
E1
330
1A
100
AcDbEntity
  8
BLACK
  6
CONTINUOUS
100
AcDbLine
 10
-0.945941062992126
 20
0.6829895275590551
 30
0
 11
-0.9464737401574803
 21
0.6824568503937007
 31
0
  0
LINE
  5
E2
330
1A
100
AcDbEntity
  8
BLACK
  6
CONTINUOUS
100
AcDbLine
 10
-0.9464737401574803
 20
0.6824568503937007
 30
0
 11
-0.9468503937007874
 21
0.6823819291338582
 31
0
  0
LINE
  5
E3
330
1A
100
AcDbEntity
  8
BLACK
  6
CONTINUOUS
100
AcDbLine
 10
-0.9468503937007874
 20
0.6823819291338582
 30
0
 11
-1.0216535433070866
 21
0.6823819291338582
 31
0
  0
LINE
  5
E4
330
1A
100
AcDbEntity
  8
BLACK
  6
CONTINUOUS
100
AcDbLine
 10
-1.0216535433070866
 20
0.6823819291338582
 30
0
 11
-1.0220301968503938
 21
0.6824568503937007
 31
0
  0
LINE
  5
E5
330
1A
100
AcDbEntity
  8
BLACK
  6
CONTINUOUS
100
AcDbLine
 10
-1.0220301968503938
 20
0.6824568503937007
 30
0
 11
-1.022562874015748
 21
0.6829895275590551
 31
0
  0
LINE
  5
E6
330
1A
100
AcDbEntity
  8
BLACK
  6
CONTINUOUS
100
AcDbLine
 10
-1.022562874015748
 20
0.6829895275590551
 30
0
 11
-1.0226377952755905
 21
0.6833661811023621
 31
0
  0
LINE
  5
E7
330
1A
100
AcDbEntity
  8
BLACK
  6
CONTINUOUS
100
AcDbLine
 10
-1.0226377952755905
 20
0.6833661811023621
 30
0
 11
-1.0226377952755905
 21
0.8156496456692913
 31
0
  0
LINE
  5
E8
330
1A
100
AcDbEntity
  8
BLACK
  6
CONTINUOUS
100
AcDbLine
 10
-1.0226377952755905
 20
0.8156496456692913
 30
0
 11
-1.022562874015748
 21
0.8160262992125984
 31
0
  0
LINE
  5
E9
330
1A
100
AcDbEntity
  8
BLACK
  6
CONTINUOUS
100
AcDbLine
 10
-1.022562874015748
 20
0.8160262992125984
 30
0
 11
-1.0220301968503938
 21
0.8165589763779527
 31
0
  0
LINE
  5
EA
330
1A
100
AcDbEntity
  8
BLACK
  6
CONTINUOUS
100
AcDbLine
 10
-1.0220301968503938
 20
0.8165589763779527
 30
0
 11
-1.0216535433070866
 21
0.8166338976377953
 31
0
  0
LINE
  5
EB
330
1A
100
AcDbEntity
  8
BLACK
  6
CONTINUOUS
100
AcDbLine
 10
-1.0216535433070866
 20
0.8166338976377953
 30
0
 11
-0.9468503937007874
 21
0.8166338976377953
 31
0
  0
LINE
  5
EC
330
1A
100
AcDbEntity
  8
BLACK
  6
CONTINUOUS
100
AcDbLine
 10
-0.9468503937007874
 20
0.8166338976377953
 30
0
 11
-0.9464737401574803
 21
0.8165589763779527
 31
0
  0
LINE
  5
ED
330
1A
100
AcDbEntity
  8
BLACK
  6
CONTINUOUS
100
AcDbLine
 10
-1.0206692913385826
 20
0.8146653937007874
 30
0
 11
-1.0206692913385826
 21
0.6843504330708661
 31
0
  0
LINE
  5
EE
330
1A
100
AcDbEntity
  8
BLACK
  6
CONTINUOUS
100
AcDbLine
 10
-1.0206692913385826
 20
0.6843504330708661
 30
0
 11
-0.9478346456692913
 21
0.6843504330708661
 31
0
  0
LINE
  5
EF
330
1A
100
AcDbEntity
  8
BLACK
  6
CONTINUOUS
100
AcDbLine
 10
-0.9478346456692913
 20
0.6843504330708661
 30
0
 11
-0.9478346456692913
 21
0.8146653937007874
 31
0
  0
LINE
  5
F0
330
1A
100
AcDbEntity
  8
BLACK
  6
CONTINUOUS
100
AcDbLine
 10
-0.9478346456692913
 20
0.8146653937007874
 30
0
 11
-1.0206692913385826
 21
0.8146653937007874
 31
0
  0
LINE
  5
F1
330
1A
100
AcDbEntity
  8
BLACK
  6
CONTINUOUS
100
AcDbLine
 10
-1.0586784645669292
 20
0.8631140551181102
 30
0
 11
-1.0581457874015747
 21
0.8625813779527559
 31
0
  0
LINE
  5
F2
330
1A
100
AcDbEntity
  8
BLACK
  6
CONTINUOUS
100
AcDbLine
 10
-1.0581457874015747
 20
0.8625813779527559
 30
0
 11
-1.0580708661417322
 21
0.8622047244094488
 31
0
  0
LINE
  5
F3
330
1A
100
AcDbEntity
  8
BLACK
  6
CONTINUOUS
100
AcDbLine
 10
-1.0580708661417322
 20
0.8622047244094488
 30
0
 11
-1.0580708661417322
 21
0.7125984251968503
 31
0
  0
LINE
  5
F4
330
1A
100
AcDbEntity
  8
BLACK
  6
CONTINUOUS
100
AcDbLine
 10
-1.0580708661417322
 20
0.7125984251968503
 30
0
 11
-1.0581457874015747
 21
0.7122217716535433
 31
0
  0
LINE
  5
F5
330
1A
100
AcDbEntity
  8
BLACK
  6
CONTINUOUS
100
AcDbLine
 10
-1.0581457874015747
 20
0.7122217716535433
 30
0
 11
-1.0586784645669292
 21
0.711689094488189
 31
0
  0
LINE
  5
F6
330
1A
100
AcDbEntity
  8
BLACK
  6
CONTINUOUS
100
AcDbLine
 10
-1.0586784645669292
 20
0.711689094488189
 30
0
 11
-1.0590551181102361
 21
0.7116141732283464
 31
0
  0
LINE
  5
F7
330
1A
100
AcDbEntity
  8
BLACK
  6
CONTINUOUS
100
AcDbLine
 10
-1.0590551181102361
 20
0.7116141732283464
 30
0
 11
-1.200787401574803
 21
0.7116141732283464
 31
0
  0
LINE
  5
F8
330
1A
100
AcDbEntity
  8
BLACK
  6
CONTINUOUS
100
AcDbLine
 10
-1.200787401574803
 20
0.7116141732283464
 30
0
 11
-1.2011640551181102
 21
0.711689094488189
 31
0
  0
LINE
  5
F9
330
1A
100
AcDbEntity
  8
BLACK
  6
CONTINUOUS
100
AcDbLine
 10
-1.2011640551181102
 20
0.711689094488189
 30
0
 11
-1.2016967322834646
 21
0.7122217716535433
 31
0
  0
LINE
  5
FA
330
1A
100
AcDbEntity
  8
BLACK
  6
CONTINUOUS
100
AcDbLine
 10
-1.2016967322834646
 20
0.7122217716535433
 30
0
 11
-1.201771653543307
 21
0.7125984251968503
 31
0
  0
LINE
  5
FB
330
1A
100
AcDbEntity
  8
BLACK
  6
CONTINUOUS
100
AcDbLine
 10
-1.201771653543307
 20
0.7125984251968503
 30
0
 11
-1.201771653543307
 21
0.8622047244094488
 31
0
  0
LINE
  5
FC
330
1A
100
AcDbEntity
  8
BLACK
  6
CONTINUOUS
100
AcDbLine
 10
-1.201771653543307
 20
0.8622047244094488
 30
0
 11
-1.2016967322834646
 21
0.8625813779527559
 31
0
  0
LINE
  5
FD
330
1A
100
AcDbEntity
  8
BLACK
  6
CONTINUOUS
100
AcDbLine
 10
-1.2016967322834646
 20
0.8625813779527559
 30
0
 11
-1.2011640551181102
 21
0.8631140551181102
 31
0
  0
LINE
  5
FE
330
1A
100
AcDbEntity
  8
BLACK
  6
CONTINUOUS
100
AcDbLine
 10
-1.2011640551181102
 20
0.8631140551181102
 30
0
 11
-1.200787401574803
 21
0.8631889763779528
 31
0
  0
LINE
  5
FF
330
1A
100
AcDbEntity
  8
BLACK
  6
CONTINUOUS
100
AcDbLine
 10
-1.200787401574803
 20
0.8631889763779528
 30
0
 11
-1.0590551181102361
 21
0.8631889763779528
 31
0
  0
LINE
  5
100
330
1A
100
AcDbEntity
  8
BLACK
  6
CONTINUOUS
100
AcDbLine
 10
-1.0590551181102361
 20
0.8631889763779528
 30
0
 11
-1.0586784645669292
 21
0.8631140551181102
 31
0
  0
LINE
  5
101
330
1A
100
AcDbEntity
  8
BLACK
  6
CONTINUOUS
100
AcDbLine
 10
-1.1998031496062991
 20
0.8612204724409449
 30
0
 11
-1.1998031496062991
 21
0.7135826771653543
 31
0
  0
LINE
  5
102
330
1A
100
AcDbEntity
  8
BLACK
  6
CONTINUOUS
100
AcDbLine
 10
-1.1998031496062991
 20
0.7135826771653543
 30
0
 11
-1.0600393700787401
 21
0.7135826771653543
 31
0
  0
LINE
  5
103
330
1A
100
AcDbEntity
  8
BLACK
  6
CONTINUOUS
100
AcDbLine
 10
-1.0600393700787401
 20
0.7135826771653543
 30
0
 11
-1.0600393700787401
 21
0.8612204724409449
 31
0
  0
LINE
  5
104
330
1A
100
AcDbEntity
  8
BLACK
  6
CONTINUOUS
100
AcDbLine
 10
-1.0600393700787401
 20
0.8612204724409449
 30
0
 11
-1.1998031496062991
 21
0.8612204724409449
 31
0
  0
LINE
  5
105
330
1A
100
AcDbEntity
  8
BLACK
  6
CONTINUOUS
100
AcDbLine
 10
0.4747861023622047
 20
1.1032715354330709
 30
0
 11
0.475318779527559
 21
1.1027388582677164
 31
0
  0
LINE
  5
106
330
1A
100
AcDbEntity
  8
BLACK
  6
CONTINUOUS
100
AcDbLine
 10
0.475318779527559
 20
1.1027388582677164
 30
0
 11
0.4753937007874016
 21
1.1023622047244095
 31
0
  0
LINE
  5
107
330
1A
100
AcDbEntity
  8
BLACK
  6
CONTINUOUS
100
AcDbLine
 10
0.4753937007874016
 20
1.1023622047244095
 30
0
 11
0.4753937007874016
 21
0.7165354330708661
 31
0
  0
LINE
  5
108
330
1A
100
AcDbEntity
  8
BLACK
  6
CONTINUOUS
100
AcDbLine
 10
0.4753937007874016
 20
0.7165354330708661
 30
0
 11
0.475318779527559
 21
0.716158779527559
 31
0
  0
LINE
  5
109
330
1A
100
AcDbEntity
  8
BLACK
  6
CONTINUOUS
100
AcDbLine
 10
0.475318779527559
 20
0.716158779527559
 30
0
 11
0.4747861023622047
 21
0.7156261023622047
 31
0
  0
LINE
  5
10A
330
1A
100
AcDbEntity
  8
BLACK
  6
CONTINUOUS
100
AcDbLine
 10
0.4747861023622047
 20
0.7156261023622047
 30
0
 11
0.4744094488188976
 21
0.7155511811023622
 31
0
  0
LINE
  5
10B
330
1A
100
AcDbEntity
  8
BLACK
  6
CONTINUOUS
100
AcDbLine
 10
0.4744094488188976
 20
0.7155511811023622
 30
0
 11
0.2106299212598425
 21
0.7155511811023622
 31
0
  0
LINE
  5
10C
330
1A
100
AcDbEntity
  8
BLACK
  6
CONTINUOUS
100
AcDbLine
 10
0.2106299212598425
 20
0.7155511811023622
 30
0
 11
0.2102532677165354
 21
0.7156261023622047
 31
0
  0
LINE
  5
10D
330
1A
100
AcDbEntity
  8
BLACK
  6
CONTINUOUS
100
AcDbLine
 10
0.2102532677165354
 20
0.7156261023622047
 30
0
 11
0.2097205905511811
 21
0.716158779527559
 31
0
  0
LINE
  5
10E
330
1A
100
AcDbEntity
  8
BLACK
  6
CONTINUOUS
100
AcDbLine
 10
0.2097205905511811
 20
0.716158779527559
 30
0
 11
0.2096456692913386
 21
0.7165354330708661
 31
0
  0
LINE
  5
10F
330
1A
100
AcDbEntity
  8
BLACK
  6
CONTINUOUS
100
AcDbLine
 10
0.2096456692913386
 20
0.7165354330708661
 30
0
 11
0.2096456692913386
 21
1.1023622047244095
 31
0
  0
LINE
  5
110
330
1A
100
AcDbEntity
  8
BLACK
  6
CONTINUOUS
100
AcDbLine
 10
0.2096456692913386
 20
1.1023622047244095
 30
0
 11
0.2097205905511811
 21
1.1027388582677164
 31
0
  0
LINE
  5
111
330
1A
100
AcDbEntity
  8
BLACK
  6
CONTINUOUS
100
AcDbLine
 10
0.2097205905511811
 20
1.1027388582677164
 30
0
 11
0.2102532677165354
 21
1.1032715354330709
 31
0
  0
LINE
  5
112
330
1A
100
AcDbEntity
  8
BLACK
  6
CONTINUOUS
100
AcDbLine
 10
0.2102532677165354
 20
1.1032715354330709
 30
0
 11
0.2106299212598425
 21
1.1033464566929134
 31
0
  0
LINE
  5
113
330
1A
100
AcDbEntity
  8
BLACK
  6
CONTINUOUS
100
AcDbLine
 10
0.2106299212598425
 20
1.1033464566929134
 30
0
 11
0.4744094488188976
 21
1.1033464566929134
 31
0
  0
LINE
  5
114
330
1A
100
AcDbEntity
  8
BLACK
  6
CONTINUOUS
100
AcDbLine
 10
0.4744094488188976
 20
1.1033464566929134
 30
0
 11
0.4747861023622047
 21
1.1032715354330709
 31
0
  0
LINE
  5
115
330
1A
100
AcDbEntity
  8
BLACK
  6
CONTINUOUS
100
AcDbLine
 10
0.2116141732283464
 20
1.1013779527559056
 30
0
 11
0.2116141732283464
 21
0.71751968503937
 31
0
  0
LINE
  5
116
330
1A
100
AcDbEntity
  8
BLACK
  6
CONTINUOUS
100
AcDbLine
 10
0.2116141732283464
 20
0.71751968503937
 30
0
 11
0.4734251968503937
 21
0.71751968503937
 31
0
  0
LINE
  5
117
330
1A
100
AcDbEntity
  8
BLACK
  6
CONTINUOUS
100
AcDbLine
 10
0.4734251968503937
 20
0.71751968503937
 30
0
 11
0.4734251968503937
 21
1.1013779527559056
 31
0
  0
LINE
  5
118
330
1A
100
AcDbEntity
  8
BLACK
  6
CONTINUOUS
100
AcDbLine
 10
0.4734251968503937
 20
1.1013779527559056
 30
0
 11
0.2116141732283464
 21
1.1013779527559056
 31
0
  0
LINE
  5
119
330
1A
100
AcDbEntity
  8
BLACK
  6
CONTINUOUS
100
AcDbLine
 10
1.1184868897637794
 20
0.9760077559055118
 30
0
 11
1.1190195669291338
 21
0.9754750787401575
 31
0
  0
LINE
  5
11A
330
1A
100
AcDbEntity
  8
BLACK
  6
CONTINUOUS
100
AcDbLine
 10
1.1190195669291338
 20
0.9754750787401575
 30
0
 11
1.1190944881889764
 21
0.9750984251968504
 31
0
  0
LINE
  5
11B
330
1A
100
AcDbEntity
  8
BLACK
  6
CONTINUOUS
100
AcDbLine
 10
1.1190944881889764
 20
0.9750984251968504
 30
0
 11
1.1190944881889764
 21
0.9355315354330709
 31
0
  0
LINE
  5
11C
330
1A
100
AcDbEntity
  8
BLACK
  6
CONTINUOUS
100
AcDbLine
 10
1.1190944881889764
 20
0.9355315354330709
 30
0
 11
1.1633858267716535
 21
0.9355315354330709
 31
0
  0
LINE
  5
11D
330
1A
100
AcDbEntity
  8
BLACK
  6
CONTINUOUS
100
AcDbLine
 10
1.1633858267716535
 20
0.9355315354330709
 30
0
 11
1.1637624803149607
 21
0.9354566141732283
 31
0
  0
LINE
  5
11E
330
1A
100
AcDbEntity
  8
BLACK
  6
CONTINUOUS
100
AcDbLine
 10
1.1637624803149607
 20
0.9354566141732283
 30
0
 11
1.1642951574803149
 21
0.934923937007874
 31
0
  0
LINE
  5
11F
330
1A
100
AcDbEntity
  8
BLACK
  6
CONTINUOUS
100
AcDbLine
 10
1.1642951574803149
 20
0.934923937007874
 30
0
 11
1.1643700787401574
 21
0.9345472834645669
 31
0
  0
LINE
  5
120
330
1A
100
AcDbEntity
  8
BLACK
  6
CONTINUOUS
100
AcDbLine
 10
1.1643700787401574
 20
0.9345472834645669
 30
0
 11
1.1643700787401574
 21
0.863681062992126
 31
0
  0
LINE
  5
121
330
1A
100
AcDbEntity
  8
BLACK
  6
CONTINUOUS
100
AcDbLine
 10
1.1643700787401574
 20
0.863681062992126
 30
0
 11
1.1642951574803149
 21
0.8633044488188976
 31
0
  0
LINE
  5
122
330
1A
100
AcDbEntity
  8
BLACK
  6
CONTINUOUS
100
AcDbLine
 10
1.1642951574803149
 20
0.8633044488188976
 30
0
 11
1.1642951574803149
 21
0.8633044094488189
 31
0
  0
LINE
  5
123
330
1A
100
AcDbEntity
  8
BLACK
  6
CONTINUOUS
100
AcDbLine
 10
1.1642951574803149
 20
0.8633044094488189
 30
0
 11
1.1637624803149607
 21
0.8627717322834646
 31
0
  0
LINE
  5
124
330
1A
100
AcDbEntity
  8
BLACK
  6
CONTINUOUS
100
AcDbLine
 10
1.1637624803149607
 20
0.8627717322834646
 30
0
 11
1.1633858267716535
 21
0.8626968110236221
 31
0
  0
LINE
  5
125
330
1A
100
AcDbEntity
  8
BLACK
  6
CONTINUOUS
100
AcDbLine
 10
1.1633858267716535
 20
0.8626968110236221
 30
0
 11
1.1564960629921259
 21
0.8626968503937008
 31
0
  0
LINE
  5
126
330
1A
100
AcDbEntity
  8
BLACK
  6
CONTINUOUS
100
AcDbLine
 10
1.1564960629921259
 20
0.8626968503937008
 30
0
 11
1.1564960629921259
 21
0.8231299212598425
 31
0
  0
LINE
  5
127
330
1A
100
AcDbEntity
  8
BLACK
  6
CONTINUOUS
100
AcDbLine
 10
1.1564960629921259
 20
0.8231299212598425
 30
0
 11
1.1564211417322834
 21
0.8227532677165355
 31
0
  0
LINE
  5
128
330
1A
100
AcDbEntity
  8
BLACK
  6
CONTINUOUS
100
AcDbLine
 10
1.1564211417322834
 20
0.8227532677165355
 30
0
 11
1.1558884645669292
 21
0.8222205905511811
 31
0
  0
LINE
  5
129
330
1A
100
AcDbEntity
  8
BLACK
  6
CONTINUOUS
100
AcDbLine
 10
1.1558884645669292
 20
0.8222205905511811
 30
0
 11
1.155511811023622
 21
0.8221456692913386
 31
0
  0
LINE
  5
12A
330
1A
100
AcDbEntity
  8
BLACK
  6
CONTINUOUS
100
AcDbLine
 10
1.155511811023622
 20
0.8221456692913386
 30
0
 11
1.1118110629921261
 21
0.8221456692913386
 31
0
  0
LINE
  5
12B
330
1A
100
AcDbEntity
  8
BLACK
  6
CONTINUOUS
100
AcDbLine
 10
1.1118110629921261
 20
0.8221456692913386
 30
0
 11
1.1114344094488189
 21
0.8222205905511811
 31
0
  0
LINE
  5
12C
330
1A
100
AcDbEntity
  8
BLACK
  6
CONTINUOUS
100
AcDbLine
 10
1.1114344094488189
 20
0.8222205905511811
 30
0
 11
1.1109017322834644
 21
0.8227532677165355
 31
0
  0
LINE
  5
12D
330
1A
100
AcDbEntity
  8
BLACK
  6
CONTINUOUS
100
AcDbLine
 10
1.1109017322834644
 20
0.8227532677165355
 30
0
 11
1.1108268110236221
 21
0.8231299212598425
 31
0
  0
LINE
  5
12E
330
1A
100
AcDbEntity
  8
BLACK
  6
CONTINUOUS
100
AcDbLine
 10
1.1108268110236221
 20
0.8231299212598425
 30
0
 11
1.1108268110236221
 21
0.8626968503937008
 31
0
  0
LINE
  5
12F
330
1A
100
AcDbEntity
  8
BLACK
  6
CONTINUOUS
100
AcDbLine
 10
1.1108268110236221
 20
0.8626968503937008
 30
0
 11
1.0820865748031496
 21
0.8626968503937008
 31
0
  0
LINE
  5
130
330
1A
100
AcDbEntity
  8
BLACK
  6
CONTINUOUS
100
AcDbLine
 10
1.0820865748031496
 20
0.8626968503937008
 30
0
 11
1.0820865748031496
 21
0.8231299212598425
 31
0
  0
LINE
  5
131
330
1A
100
AcDbEntity
  8
BLACK
  6
CONTINUOUS
100
AcDbLine
 10
1.0820865748031496
 20
0.8231299212598425
 30
0
 11
1.0820116535433071
 21
0.8227532677165355
 31
0
  0
LINE
  5
132
330
1A
100
AcDbEntity
  8
BLACK
  6
CONTINUOUS
100
AcDbLine
 10
1.0820116535433071
 20
0.8227532677165355
 30
0
 11
1.0814789763779526
 21
0.8222205905511811
 31
0
  0
LINE
  5
133
330
1A
100
AcDbEntity
  8
BLACK
  6
CONTINUOUS
100
AcDbLine
 10
1.0814789763779526
 20
0.8222205905511811
 30
0
 11
1.0811023228346457
 21
0.8221456692913386
 31
0
  0
LINE
  5
134
330
1A
100
AcDbEntity
  8
BLACK
  6
CONTINUOUS
100
AcDbLine
 10
1.0811023228346457
 20
0.8221456692913386
 30
0
 11
1.0374015748031495
 21
0.8221456692913386
 31
0
  0
LINE
  5
135
330
1A
100
AcDbEntity
  8
BLACK
  6
CONTINUOUS
100
AcDbLine
 10
1.0374015748031495
 20
0.8221456692913386
 30
0
 11
1.0370249212598426
 21
0.8222205905511811
 31
0
  0
LINE
  5
136
330
1A
100
AcDbEntity
  8
BLACK
  6
CONTINUOUS
100
AcDbLine
 10
1.0370249212598426
 20
0.8222205905511811
 30
0
 11
1.0364922440944881
 21
0.8227532677165355
 31
0
  0
LINE
  5
137
330
1A
100
AcDbEntity
  8
BLACK
  6
CONTINUOUS
100
AcDbLine
 10
1.0364922440944881
 20
0.8227532677165355
 30
0
 11
1.0364173228346456
 21
0.8231299212598425
 31
0
  0
LINE
  5
138
330
1A
100
AcDbEntity
  8
BLACK
  6
CONTINUOUS
100
AcDbLine
 10
1.0364173228346456
 20
0.8231299212598425
 30
0
 11
1.0364173228346456
 21
0.8626968503937008
 31
0
  0
LINE
  5
139
330
1A
100
AcDbEntity
  8
BLACK
  6
CONTINUOUS
100
AcDbLine
 10
1.0364173228346456
 20
0.8626968503937008
 30
0
 11
1.0295275590551181
 21
0.8626968110236221
 31
0
  0
LINE
  5
13A
330
1A
100
AcDbEntity
  8
BLACK
  6
CONTINUOUS
100
AcDbLine
 10
1.0295275590551181
 20
0.8626968110236221
 30
0
 11
1.0291509055118111
 21
0.8627717322834646
 31
0
  0
LINE
  5
13B
330
1A
100
AcDbEntity
  8
BLACK
  6
CONTINUOUS
100
AcDbLine
 10
1.0291509055118111
 20
0.8627717322834646
 30
0
 11
1.0286182283464567
 21
0.8633044094488189
 31
0
  0
LINE
  5
13C
330
1A
100
AcDbEntity
  8
BLACK
  6
CONTINUOUS
100
AcDbLine
 10
1.0286182283464567
 20
0.8633044094488189
 30
0
 11
1.0286182283464567
 21
0.8633044488188976
 31
0
  0
LINE
  5
13D
330
1A
100
AcDbEntity
  8
BLACK
  6
CONTINUOUS
100
AcDbLine
 10
1.0286182283464567
 20
0.8633044488188976
 30
0
 11
1.0285433070866141
 21
0.863681062992126
 31
0
  0
LINE
  5
13E
330
1A
100
AcDbEntity
  8
BLACK
  6
CONTINUOUS
100
AcDbLine
 10
1.0285433070866141
 20
0.863681062992126
 30
0
 11
1.0285433070866141
 21
0.9345472834645669
 31
0
  0
LINE
  5
13F
330
1A
100
AcDbEntity
  8
BLACK
  6
CONTINUOUS
100
AcDbLine
 10
1.0285433070866141
 20
0.9345472834645669
 30
0
 11
1.0286182283464567
 21
0.934923937007874
 31
0
  0
LINE
  5
140
330
1A
100
AcDbEntity
  8
BLACK
  6
CONTINUOUS
100
AcDbLine
 10
1.0286182283464567
 20
0.934923937007874
 30
0
 11
1.0291509055118111
 21
0.9354566141732283
 31
0
  0
LINE
  5
141
330
1A
100
AcDbEntity
  8
BLACK
  6
CONTINUOUS
100
AcDbLine
 10
1.0291509055118111
 20
0.9354566141732283
 30
0
 11
1.0295275590551181
 21
0.9355315354330709
 31
0
  0
LINE
  5
142
330
1A
100
AcDbEntity
  8
BLACK
  6
CONTINUOUS
100
AcDbLine
 10
1.0295275590551181
 20
0.9355315354330709
 30
0
 11
1.0738188976377951
 21
0.9355315354330709
 31
0
  0
LINE
  5
143
330
1A
100
AcDbEntity
  8
BLACK
  6
CONTINUOUS
100
AcDbLine
 10
1.0738188976377951
 20
0.9355315354330709
 30
0
 11
1.0738188976377951
 21
0.9750984251968504
 31
0
  0
LINE
  5
144
330
1A
100
AcDbEntity
  8
BLACK
  6
CONTINUOUS
100
AcDbLine
 10
1.0738188976377951
 20
0.9750984251968504
 30
0
 11
1.0738938188976377
 21
0.9754750787401575
 31
0
  0
LINE
  5
145
330
1A
100
AcDbEntity
  8
BLACK
  6
CONTINUOUS
100
AcDbLine
 10
1.0738938188976377
 20
0.9754750787401575
 30
0
 11
1.0744264960629921
 21
0.9760077559055118
 31
0
  0
LINE
  5
146
330
1A
100
AcDbEntity
  8
BLACK
  6
CONTINUOUS
100
AcDbLine
 10
1.0744264960629921
 20
0.9760077559055118
 30
0
 11
1.0748031496062991
 21
0.9760826771653544
 31
0
  0
LINE
  5
147
330
1A
100
AcDbEntity
  8
BLACK
  6
CONTINUOUS
100
AcDbLine
 10
1.0748031496062991
 20
0.9760826771653544
 30
0
 11
1.1181102362204725
 21
0.9760826771653544
 31
0
  0
LINE
  5
148
330
1A
100
AcDbEntity
  8
BLACK
  6
CONTINUOUS
100
AcDbLine
 10
1.1181102362204725
 20
0.9760826771653544
 30
0
 11
1.1184868897637794
 21
0.9760077559055118
 31
0
  0
LINE
  5
149
330
1A
100
AcDbEntity
  8
BLACK
  6
CONTINUOUS
100
AcDbLine
 10
1.075787401574803
 20
0.9741141732283465
 30
0
 11
1.075787401574803
 21
0.9345472440944882
 31
0
  0
LINE
  5
14A
330
1A
100
AcDbEntity
  8
BLACK
  6
CONTINUOUS
100
AcDbLine
 10
1.075787401574803
 20
0.9345472440944882
 30
0
 11
1.0757124803149607
 21
0.9341706299212599
 31
0
  0
LINE
  5
14B
330
1A
100
AcDbEntity
  8
BLACK
  6
CONTINUOUS
100
AcDbLine
 10
1.0757124803149607
 20
0.9341706299212599
 30
0
 11
1.0757124803149607
 21
0.9341705905511811
 31
0
  0
LINE
  5
14C
330
1A
100
AcDbEntity
  8
BLACK
  6
CONTINUOUS
100
AcDbLine
 10
1.0757124803149607
 20
0.9341705905511811
 30
0
 11
1.0751798031496063
 21
0.9336379133858268
 31
0
  0
LINE
  5
14D
330
1A
100
AcDbEntity
  8
BLACK
  6
CONTINUOUS
100
AcDbLine
 10
1.0751798031496063
 20
0.9336379133858268
 30
0
 11
1.0748031496062991
 21
0.9335629921259843
 31
0
  0
LINE
  5
14E
330
1A
100
AcDbEntity
  8
BLACK
  6
CONTINUOUS
100
AcDbLine
 10
1.0748031496062991
 20
0.9335629921259843
 30
0
 11
1.030511811023622
 21
0.933563031496063
 31
0
  0
LINE
  5
14F
330
1A
100
AcDbEntity
  8
BLACK
  6
CONTINUOUS
100
AcDbLine
 10
1.030511811023622
 20
0.933563031496063
 30
0
 11
1.030511811023622
 21
0.8646653543307087
 31
0
  0
LINE
  5
150
330
1A
100
AcDbEntity
  8
BLACK
  6
CONTINUOUS
100
AcDbLine
 10
1.030511811023622
 20
0.8646653543307087
 30
0
 11
1.0374015748031495
 21
0.8646653543307087
 31
0
  0
LINE
  5
151
330
1A
100
AcDbEntity
  8
BLACK
  6
CONTINUOUS
100
AcDbLine
 10
1.0374015748031495
 20
0.8646653543307087
 30
0
 11
1.0377782283464567
 21
0.8645904330708661
 31
0
  0
LINE
  5
152
330
1A
100
AcDbEntity
  8
BLACK
  6
CONTINUOUS
100
AcDbLine
 10
1.0377782283464567
 20
0.8645904330708661
 30
0
 11
1.0383109055118109
 21
0.8640577559055118
 31
0
  0
LINE
  5
153
330
1A
100
AcDbEntity
  8
BLACK
  6
CONTINUOUS
100
AcDbLine
 10
1.0383109055118109
 20
0.8640577559055118
 30
0
 11
1.0383858267716535
 21
0.8636811023622047
 31
0
  0
LINE
  5
154
330
1A
100
AcDbEntity
  8
BLACK
  6
CONTINUOUS
100
AcDbLine
 10
1.0383858267716535
 20
0.8636811023622047
 30
0
 11
1.0383858267716535
 21
0.8241141732283465
 31
0
  0
LINE
  5
155
330
1A
100
AcDbEntity
  8
BLACK
  6
CONTINUOUS
100
AcDbLine
 10
1.0383858267716535
 20
0.8241141732283465
 30
0
 11
1.0801180708661418
 21
0.8241141732283465
 31
0
  0
LINE
  5
156
330
1A
100
AcDbEntity
  8
BLACK
  6
CONTINUOUS
100
AcDbLine
 10
1.0801180708661418
 20
0.8241141732283465
 30
0
 11
1.0801180708661418
 21
0.8636811023622047
 31
0
  0
LINE
  5
157
330
1A
100
AcDbEntity
  8
BLACK
  6
CONTINUOUS
100
AcDbLine
 10
1.0801180708661418
 20
0.8636811023622047
 30
0
 11
1.0801929921259843
 21
0.8640577559055118
 31
0
  0
LINE
  5
158
330
1A
100
AcDbEntity
  8
BLACK
  6
CONTINUOUS
100
AcDbLine
 10
1.0801929921259843
 20
0.8640577559055118
 30
0
 11
1.0807256692913385
 21
0.8645904330708661
 31
0
  0
LINE
  5
159
330
1A
100
AcDbEntity
  8
BLACK
  6
CONTINUOUS
100
AcDbLine
 10
1.0807256692913385
 20
0.8645904330708661
 30
0
 11
1.0811023228346457
 21
0.8646653543307087
 31
0
  0
LINE
  5
15A
330
1A
100
AcDbEntity
  8
BLACK
  6
CONTINUOUS
100
AcDbLine
 10
1.0811023228346457
 20
0.8646653543307087
 30
0
 11
1.1118110629921261
 21
0.8646653543307087
 31
0
  0
LINE
  5
15B
330
1A
100
AcDbEntity
  8
BLACK
  6
CONTINUOUS
100
AcDbLine
 10
1.1118110629921261
 20
0.8646653543307087
 30
0
 11
1.112187716535433
 21
0.8645904330708661
 31
0
  0
LINE
  5
15C
330
1A
100
AcDbEntity
  8
BLACK
  6
CONTINUOUS
100
AcDbLine
 10
1.112187716535433
 20
0.8645904330708661
 30
0
 11
1.1127203937007875
 21
0.8640577559055118
 31
0
  0
LINE
  5
15D
330
1A
100
AcDbEntity
  8
BLACK
  6
CONTINUOUS
100
AcDbLine
 10
1.1127203937007875
 20
0.8640577559055118
 30
0
 11
1.11279531496063
 21
0.8636811023622047
 31
0
  0
LINE
  5
15E
330
1A
100
AcDbEntity
  8
BLACK
  6
CONTINUOUS
100
AcDbLine
 10
1.11279531496063
 20
0.8636811023622047
 30
0
 11
1.11279531496063
 21
0.8241141732283465
 31
0
  0
LINE
  5
15F
330
1A
100
AcDbEntity
  8
BLACK
  6
CONTINUOUS
100
AcDbLine
 10
1.11279531496063
 20
0.8241141732283465
 30
0
 11
1.1545275590551181
 21
0.8241141732283465
 31
0
  0
LINE
  5
160
330
1A
100
AcDbEntity
  8
BLACK
  6
CONTINUOUS
100
AcDbLine
 10
1.1545275590551181
 20
0.8241141732283465
 30
0
 11
1.1545275590551181
 21
0.8636811023622047
 31
0
  0
LINE
  5
161
330
1A
100
AcDbEntity
  8
BLACK
  6
CONTINUOUS
100
AcDbLine
 10
1.1545275590551181
 20
0.8636811023622047
 30
0
 11
1.1546024803149606
 21
0.8640577559055118
 31
0
  0
LINE
  5
162
330
1A
100
AcDbEntity
  8
BLACK
  6
CONTINUOUS
100
AcDbLine
 10
1.1546024803149606
 20
0.8640577559055118
 30
0
 11
1.155135157480315
 21
0.8645904330708661
 31
0
  0
LINE
  5
163
330
1A
100
AcDbEntity
  8
BLACK
  6
CONTINUOUS
100
AcDbLine
 10
1.155135157480315
 20
0.8645904330708661
 30
0
 11
1.155511811023622
 21
0.8646653543307087
 31
0
  0
LINE
  5
164
330
1A
100
AcDbEntity
  8
BLACK
  6
CONTINUOUS
100
AcDbLine
 10
1.155511811023622
 20
0.8646653543307087
 30
0
 11
1.1624015748031495
 21
0.8646653543307087
 31
0
  0
LINE
  5
165
330
1A
100
AcDbEntity
  8
BLACK
  6
CONTINUOUS
100
AcDbLine
 10
1.1624015748031495
 20
0.8646653543307087
 30
0
 11
1.1624015748031495
 21
0.933563031496063
 31
0
  0
LINE
  5
166
330
1A
100
AcDbEntity
  8
BLACK
  6
CONTINUOUS
100
AcDbLine
 10
1.1624015748031495
 20
0.933563031496063
 30
0
 11
1.1181102362204725
 21
0.9335629921259843
 31
0
  0
LINE
  5
167
330
1A
100
AcDbEntity
  8
BLACK
  6
CONTINUOUS
100
AcDbLine
 10
1.1181102362204725
 20
0.9335629921259843
 30
0
 11
1.1177335826771653
 21
0.9336379133858268
 31
0
  0
LINE
  5
168
330
1A
100
AcDbEntity
  8
BLACK
  6
CONTINUOUS
100
AcDbLine
 10
1.1177335826771653
 20
0.9336379133858268
 30
0
 11
1.1172009055118111
 21
0.9341705905511811
 31
0
  0
LINE
  5
169
330
1A
100
AcDbEntity
  8
BLACK
  6
CONTINUOUS
100
AcDbLine
 10
1.1172009055118111
 20
0.9341705905511811
 30
0
 11
1.1172009055118111
 21
0.9341706299212599
 31
0
  0
LINE
  5
16A
330
1A
100
AcDbEntity
  8
BLACK
  6
CONTINUOUS
100
AcDbLine
 10
1.1172009055118111
 20
0.9341706299212599
 30
0
 11
1.1171259842519685
 21
0.9345472440944882
 31
0
  0
LINE
  5
16B
330
1A
100
AcDbEntity
  8
BLACK
  6
CONTINUOUS
100
AcDbLine
 10
1.1171259842519685
 20
0.9345472440944882
 30
0
 11
1.1171259842519685
 21
0.9741141732283465
 31
0
  0
LINE
  5
16C
330
1A
100
AcDbEntity
  8
BLACK
  6
CONTINUOUS
100
AcDbLine
 10
1.1171259842519685
 20
0.9741141732283465
 30
0
 11
1.075787401574803
 21
0.9741141732283465
 31
0
  0
LINE
  5
16D
330
1A
100
AcDbEntity
  8
BLACK
  6
CONTINUOUS
100
AcDbLine
 10
0.6460459448818897
 20
0.9799447637795276
 30
0
 11
0.646578622047244
 21
0.9794120866141732
 31
0
  0
LINE
  5
16E
330
1A
100
AcDbEntity
  8
BLACK
  6
CONTINUOUS
100
AcDbLine
 10
0.646578622047244
 20
0.9794120866141732
 30
0
 11
0.6466535433070866
 21
0.9790354330708662
 31
0
  0
LINE
  5
16F
330
1A
100
AcDbEntity
  8
BLACK
  6
CONTINUOUS
100
AcDbLine
 10
0.6466535433070866
 20
0.9790354330708662
 30
0
 11
0.6466535433070866
 21
0.9394685433070866
 31
0
  0
LINE
  5
170
330
1A
100
AcDbEntity
  8
BLACK
  6
CONTINUOUS
100
AcDbLine
 10
0.6466535433070866
 20
0.9394685433070866
 30
0
 11
0.6909448818897638
 21
0.9394685433070866
 31
0
  0
LINE
  5
171
330
1A
100
AcDbEntity
  8
BLACK
  6
CONTINUOUS
100
AcDbLine
 10
0.6909448818897638
 20
0.9394685433070866
 30
0
 11
0.6913215354330708
 21
0.9393936220472441
 31
0
  0
LINE
  5
172
330
1A
100
AcDbEntity
  8
BLACK
  6
CONTINUOUS
100
AcDbLine
 10
0.6913215354330708
 20
0.9393936220472441
 30
0
 11
0.6918542125984252
 21
0.9388609448818898
 31
0
  0
LINE
  5
173
330
1A
100
AcDbEntity
  8
BLACK
  6
CONTINUOUS
100
AcDbLine
 10
0.6918542125984252
 20
0.9388609448818898
 30
0
 11
0.6919291338582677
 21
0.9384842913385827
 31
0
  0
LINE
  5
174
330
1A
100
AcDbEntity
  8
BLACK
  6
CONTINUOUS
100
AcDbLine
 10
0.6919291338582677
 20
0.9384842913385827
 30
0
 11
0.6919291338582677
 21
0.8676180708661417
 31
0
  0
LINE
  5
175
330
1A
100
AcDbEntity
  8
BLACK
  6
CONTINUOUS
100
AcDbLine
 10
0.6919291338582677
 20
0.8676180708661417
 30
0
 11
0.6918542125984252
 21
0.8672414566929134
 31
0
  0
LINE
  5
176
330
1A
100
AcDbEntity
  8
BLACK
  6
CONTINUOUS
100
AcDbLine
 10
0.6918542125984252
 20
0.8672414566929134
 30
0
 11
0.6918542125984252
 21
0.8672414173228347
 31
0
  0
LINE
  5
177
330
1A
100
AcDbEntity
  8
BLACK
  6
CONTINUOUS
100
AcDbLine
 10
0.6918542125984252
 20
0.8672414173228347
 30
0
 11
0.6913215354330708
 21
0.8667087401574803
 31
0
  0
LINE
  5
178
330
1A
100
AcDbEntity
  8
BLACK
  6
CONTINUOUS
100
AcDbLine
 10
0.6913215354330708
 20
0.8667087401574803
 30
0
 11
0.6909448818897638
 21
0.8666338188976378
 31
0
  0
LINE
  5
179
330
1A
100
AcDbEntity
  8
BLACK
  6
CONTINUOUS
100
AcDbLine
 10
0.6909448818897638
 20
0.8666338188976378
 30
0
 11
0.6840551181102362
 21
0.8666338582677166
 31
0
  0
LINE
  5
17A
330
1A
100
AcDbEntity
  8
BLACK
  6
CONTINUOUS
100
AcDbLine
 10
0.6840551181102362
 20
0.8666338582677166
 30
0
 11
0.6840551181102362
 21
0.8270669291338583
 31
0
  0
LINE
  5
17B
330
1A
100
AcDbEntity
  8
BLACK
  6
CONTINUOUS
100
AcDbLine
 10
0.6840551181102362
 20
0.8270669291338583
 30
0
 11
0.6839801968503937
 21
0.8266902755905512
 31
0
  0
LINE
  5
17C
330
1A
100
AcDbEntity
  8
BLACK
  6
CONTINUOUS
100
AcDbLine
 10
0.6839801968503937
 20
0.8266902755905512
 30
0
 11
0.6834475196850394
 21
0.8261575984251969
 31
0
  0
LINE
  5
17D
330
1A
100
AcDbEntity
  8
BLACK
  6
CONTINUOUS
100
AcDbLine
 10
0.6834475196850394
 20
0.8261575984251969
 30
0
 11
0.6830708661417323
 21
0.8260826771653543
 31
0
  0
LINE
  5
17E
330
1A
100
AcDbEntity
  8
BLACK
  6
CONTINUOUS
100
AcDbLine
 10
0.6830708661417323
 20
0.8260826771653543
 30
0
 11
0.6393701181102363
 21
0.8260826771653543
 31
0
  0
LINE
  5
17F
330
1A
100
AcDbEntity
  8
BLACK
  6
CONTINUOUS
100
AcDbLine
 10
0.6393701181102363
 20
0.8260826771653543
 30
0
 11
0.6389934645669291
 21
0.8261575984251969
 31
0
  0
LINE
  5
180
330
1A
100
AcDbEntity
  8
BLACK
  6
CONTINUOUS
100
AcDbLine
 10
0.6389934645669291
 20
0.8261575984251969
 30
0
 11
0.6384607874015747
 21
0.8266902755905512
 31
0
  0
LINE
  5
181
330
1A
100
AcDbEntity
  8
BLACK
  6
CONTINUOUS
100
AcDbLine
 10
0.6384607874015747
 20
0.8266902755905512
 30
0
 11
0.6383858661417323
 21
0.8270669291338583
 31
0
  0
LINE
  5
182
330
1A
100
AcDbEntity
  8
BLACK
  6
CONTINUOUS
100
AcDbLine
 10
0.6383858661417323
 20
0.8270669291338583
 30
0
 11
0.6383858661417323
 21
0.8666338582677166
 31
0
  0
LINE
  5
183
330
1A
100
AcDbEntity
  8
BLACK
  6
CONTINUOUS
100
AcDbLine
 10
0.6383858661417323
 20
0.8666338582677166
 30
0
 11
0.6096456299212598
 21
0.8666338582677166
 31
0
  0
LINE
  5
184
330
1A
100
AcDbEntity
  8
BLACK
  6
CONTINUOUS
100
AcDbLine
 10
0.6096456299212598
 20
0.8666338582677166
 30
0
 11
0.6096456299212598
 21
0.8270669291338583
 31
0
  0
LINE
  5
185
330
1A
100
AcDbEntity
  8
BLACK
  6
CONTINUOUS
100
AcDbLine
 10
0.6096456299212598
 20
0.8270669291338583
 30
0
 11
0.6095707086614173
 21
0.8266902755905512
 31
0
  0
LINE
  5
186
330
1A
100
AcDbEntity
  8
BLACK
  6
CONTINUOUS
100
AcDbLine
 10
0.6095707086614173
 20
0.8266902755905512
 30
0
 11
0.6090380314960629
 21
0.8261575984251969
 31
0
  0
LINE
  5
187
330
1A
100
AcDbEntity
  8
BLACK
  6
CONTINUOUS
100
AcDbLine
 10
0.6090380314960629
 20
0.8261575984251969
 30
0
 11
0.6086613779527559
 21
0.8260826771653543
 31
0
  0
LINE
  5
188
330
1A
100
AcDbEntity
  8
BLACK
  6
CONTINUOUS
100
AcDbLine
 10
0.6086613779527559
 20
0.8260826771653543
 30
0
 11
0.5649606299212598
 21
0.8260826771653543
 31
0
  0
LINE
  5
189
330
1A
100
AcDbEntity
  8
BLACK
  6
CONTINUOUS
100
AcDbLine
 10
0.5649606299212598
 20
0.8260826771653543
 30
0
 11
0.5645839763779528
 21
0.8261575984251969
 31
0
  0
LINE
  5
18A
330
1A
100
AcDbEntity
  8
BLACK
  6
CONTINUOUS
100
AcDbLine
 10
0.5645839763779528
 20
0.8261575984251969
 30
0
 11
0.5640512992125984
 21
0.8266902755905512
 31
0
  0
LINE
  5
18B
330
1A
100
AcDbEntity
  8
BLACK
  6
CONTINUOUS
100
AcDbLine
 10
0.5640512992125984
 20
0.8266902755905512
 30
0
 11
0.5639763779527559
 21
0.8270669291338583
 31
0
  0
LINE
  5
18C
330
1A
100
AcDbEntity
  8
BLACK
  6
CONTINUOUS
100
AcDbLine
 10
0.5639763779527559
 20
0.8270669291338583
 30
0
 11
0.5639763779527559
 21
0.8666338582677166
 31
0
  0
LINE
  5
18D
330
1A
100
AcDbEntity
  8
BLACK
  6
CONTINUOUS
100
AcDbLine
 10
0.5639763779527559
 20
0.8666338582677166
 30
0
 11
0.5570866141732284
 21
0.8666338188976378
 31
0
  0
LINE
  5
18E
330
1A
100
AcDbEntity
  8
BLACK
  6
CONTINUOUS
100
AcDbLine
 10
0.5570866141732284
 20
0.8666338188976378
 30
0
 11
0.5567099606299213
 21
0.8667087401574803
 31
0
  0
LINE
  5
18F
330
1A
100
AcDbEntity
  8
BLACK
  6
CONTINUOUS
100
AcDbLine
 10
0.5567099606299213
 20
0.8667087401574803
 30
0
 11
0.556177283464567
 21
0.8672414173228347
 31
0
  0
LINE
  5
190
330
1A
100
AcDbEntity
  8
BLACK
  6
CONTINUOUS
100
AcDbLine
 10
0.556177283464567
 20
0.8672414173228347
 30
0
 11
0.556177283464567
 21
0.8672414566929134
 31
0
  0
LINE
  5
191
330
1A
100
AcDbEntity
  8
BLACK
  6
CONTINUOUS
100
AcDbLine
 10
0.556177283464567
 20
0.8672414566929134
 30
0
 11
0.5561023622047244
 21
0.8676180708661417
 31
0
  0
LINE
  5
192
330
1A
100
AcDbEntity
  8
BLACK
  6
CONTINUOUS
100
AcDbLine
 10
0.5561023622047244
 20
0.8676180708661417
 30
0
 11
0.5561023622047244
 21
0.9384842913385827
 31
0
  0
LINE
  5
193
330
1A
100
AcDbEntity
  8
BLACK
  6
CONTINUOUS
100
AcDbLine
 10
0.5561023622047244
 20
0.9384842913385827
 30
0
 11
0.556177283464567
 21
0.9388609448818898
 31
0
  0
LINE
  5
194
330
1A
100
AcDbEntity
  8
BLACK
  6
CONTINUOUS
100
AcDbLine
 10
0.556177283464567
 20
0.9388609448818898
 30
0
 11
0.5567099606299213
 21
0.9393936220472441
 31
0
  0
LINE
  5
195
330
1A
100
AcDbEntity
  8
BLACK
  6
CONTINUOUS
100
AcDbLine
 10
0.5567099606299213
 20
0.9393936220472441
 30
0
 11
0.5570866141732284
 21
0.9394685433070866
 31
0
  0
LINE
  5
196
330
1A
100
AcDbEntity
  8
BLACK
  6
CONTINUOUS
100
AcDbLine
 10
0.5570866141732284
 20
0.9394685433070866
 30
0
 11
0.6013779527559054
 21
0.9394685433070866
 31
0
  0
LINE
  5
197
330
1A
100
AcDbEntity
  8
BLACK
  6
CONTINUOUS
100
AcDbLine
 10
0.6013779527559054
 20
0.9394685433070866
 30
0
 11
0.6013779527559054
 21
0.9790354330708662
 31
0
  0
LINE
  5
198
330
1A
100
AcDbEntity
  8
BLACK
  6
CONTINUOUS
100
AcDbLine
 10
0.6013779527559054
 20
0.9790354330708662
 30
0
 11
0.601452874015748
 21
0.9794120866141732
 31
0
  0
LINE
  5
199
330
1A
100
AcDbEntity
  8
BLACK
  6
CONTINUOUS
100
AcDbLine
 10
0.601452874015748
 20
0.9794120866141732
 30
0
 11
0.6019855511811023
 21
0.9799447637795276
 31
0
  0
LINE
  5
19A
330
1A
100
AcDbEntity
  8
BLACK
  6
CONTINUOUS
100
AcDbLine
 10
0.6019855511811023
 20
0.9799447637795276
 30
0
 11
0.6023622047244095
 21
0.9800196850393701
 31
0
  0
LINE
  5
19B
330
1A
100
AcDbEntity
  8
BLACK
  6
CONTINUOUS
100
AcDbLine
 10
0.6023622047244095
 20
0.9800196850393701
 30
0
 11
0.6456692913385826
 21
0.9800196850393701
 31
0
  0
LINE
  5
19C
330
1A
100
AcDbEntity
  8
BLACK
  6
CONTINUOUS
100
AcDbLine
 10
0.6456692913385826
 20
0.9800196850393701
 30
0
 11
0.6460459448818897
 21
0.9799447637795276
 31
0
  0
LINE
  5
19D
330
1A
100
AcDbEntity
  8
BLACK
  6
CONTINUOUS
100
AcDbLine
 10
0.6033464566929134
 20
0.9780511811023622
 30
0
 11
0.6033464566929134
 21
0.9384842519685039
 31
0
  0
LINE
  5
19E
330
1A
100
AcDbEntity
  8
BLACK
  6
CONTINUOUS
100
AcDbLine
 10
0.6033464566929134
 20
0.9384842519685039
 30
0
 11
0.6032715354330709
 21
0.9381076377952756
 31
0
  0
LINE
  5
19F
330
1A
100
AcDbEntity
  8
BLACK
  6
CONTINUOUS
100
AcDbLine
 10
0.6032715354330709
 20
0.9381076377952756
 30
0
 11
0.6032715354330709
 21
0.9381075984251969
 31
0
  0
LINE
  5
1A0
330
1A
100
AcDbEntity
  8
BLACK
  6
CONTINUOUS
100
AcDbLine
 10
0.6032715354330709
 20
0.9381075984251969
 30
0
 11
0.6027388582677166
 21
0.9375749212598425
 31
0
  0
LINE
  5
1A1
330
1A
100
AcDbEntity
  8
BLACK
  6
CONTINUOUS
100
AcDbLine
 10
0.6027388582677166
 20
0.9375749212598425
 30
0
 11
0.6023622047244095
 21
0.9375
 31
0
  0
LINE
  5
1A2
330
1A
100
AcDbEntity
  8
BLACK
  6
CONTINUOUS
100
AcDbLine
 10
0.6023622047244095
 20
0.9375
 30
0
 11
0.5580708661417323
 21
0.9375000393700788
 31
0
  0
LINE
  5
1A3
330
1A
100
AcDbEntity
  8
BLACK
  6
CONTINUOUS
100
AcDbLine
 10
0.5580708661417323
 20
0.9375000393700788
 30
0
 11
0.5580708661417323
 21
0.8686023622047244
 31
0
  0
LINE
  5
1A4
330
1A
100
AcDbEntity
  8
BLACK
  6
CONTINUOUS
100
AcDbLine
 10
0.5580708661417323
 20
0.8686023622047244
 30
0
 11
0.5649606299212598
 21
0.8686023622047244
 31
0
  0
LINE
  5
1A5
330
1A
100
AcDbEntity
  8
BLACK
  6
CONTINUOUS
100
AcDbLine
 10
0.5649606299212598
 20
0.8686023622047244
 30
0
 11
0.5653372834645669
 21
0.8685274409448819
 31
0
  0
LINE
  5
1A6
330
1A
100
AcDbEntity
  8
BLACK
  6
CONTINUOUS
100
AcDbLine
 10
0.5653372834645669
 20
0.8685274409448819
 30
0
 11
0.5658699606299212
 21
0.8679947637795276
 31
0
  0
LINE
  5
1A7
330
1A
100
AcDbEntity
  8
BLACK
  6
CONTINUOUS
100
AcDbLine
 10
0.5658699606299212
 20
0.8679947637795276
 30
0
 11
0.5659448818897638
 21
0.8676181102362205
 31
0
  0
LINE
  5
1A8
330
1A
100
AcDbEntity
  8
BLACK
  6
CONTINUOUS
100
AcDbLine
 10
0.5659448818897638
 20
0.8676181102362205
 30
0
 11
0.5659448818897638
 21
0.8280511811023622
 31
0
  0
LINE
  5
1A9
330
1A
100
AcDbEntity
  8
BLACK
  6
CONTINUOUS
100
AcDbLine
 10
0.5659448818897638
 20
0.8280511811023622
 30
0
 11
0.6076771259842519
 21
0.8280511811023622
 31
0
  0
LINE
  5
1AA
330
1A
100
AcDbEntity
  8
BLACK
  6
CONTINUOUS
100
AcDbLine
 10
0.6076771259842519
 20
0.8280511811023622
 30
0
 11
0.6076771259842519
 21
0.8676181102362205
 31
0
  0
LINE
  5
1AB
330
1A
100
AcDbEntity
  8
BLACK
  6
CONTINUOUS
100
AcDbLine
 10
0.6076771259842519
 20
0.8676181102362205
 30
0
 11
0.6077520472440945
 21
0.8679947637795276
 31
0
  0
LINE
  5
1AC
330
1A
100
AcDbEntity
  8
BLACK
  6
CONTINUOUS
100
AcDbLine
 10
0.6077520472440945
 20
0.8679947637795276
 30
0
 11
0.6082847244094488
 21
0.8685274409448819
 31
0
  0
LINE
  5
1AD
330
1A
100
AcDbEntity
  8
BLACK
  6
CONTINUOUS
100
AcDbLine
 10
0.6082847244094488
 20
0.8685274409448819
 30
0
 11
0.6086613779527559
 21
0.8686023622047244
 31
0
  0
LINE
  5
1AE
330
1A
100
AcDbEntity
  8
BLACK
  6
CONTINUOUS
100
AcDbLine
 10
0.6086613779527559
 20
0.8686023622047244
 30
0
 11
0.6393701181102363
 21
0.8686023622047244
 31
0
  0
LINE
  5
1AF
330
1A
100
AcDbEntity
  8
BLACK
  6
CONTINUOUS
100
AcDbLine
 10
0.6393701181102363
 20
0.8686023622047244
 30
0
 11
0.6397467716535433
 21
0.8685274409448819
 31
0
  0
LINE
  5
1B0
330
1A
100
AcDbEntity
  8
BLACK
  6
CONTINUOUS
100
AcDbLine
 10
0.6397467716535433
 20
0.8685274409448819
 30
0
 11
0.6402794488188976
 21
0.8679947637795276
 31
0
  0
LINE
  5
1B1
330
1A
100
AcDbEntity
  8
BLACK
  6
CONTINUOUS
100
AcDbLine
 10
0.6402794488188976
 20
0.8679947637795276
 30
0
 11
0.6403543700787402
 21
0.8676181102362205
 31
0
  0
LINE
  5
1B2
330
1A
100
AcDbEntity
  8
BLACK
  6
CONTINUOUS
100
AcDbLine
 10
0.6403543700787402
 20
0.8676181102362205
 30
0
 11
0.6403543700787402
 21
0.8280511811023622
 31
0
  0
LINE
  5
1B3
330
1A
100
AcDbEntity
  8
BLACK
  6
CONTINUOUS
100
AcDbLine
 10
0.6403543700787402
 20
0.8280511811023622
 30
0
 11
0.6820866141732284
 21
0.8280511811023622
 31
0
  0
LINE
  5
1B4
330
1A
100
AcDbEntity
  8
BLACK
  6
CONTINUOUS
100
AcDbLine
 10
0.6820866141732284
 20
0.8280511811023622
 30
0
 11
0.6820866141732284
 21
0.8676181102362205
 31
0
  0
LINE
  5
1B5
330
1A
100
AcDbEntity
  8
BLACK
  6
CONTINUOUS
100
AcDbLine
 10
0.6820866141732284
 20
0.8676181102362205
 30
0
 11
0.6821615354330709
 21
0.8679947637795276
 31
0
  0
LINE
  5
1B6
330
1A
100
AcDbEntity
  8
BLACK
  6
CONTINUOUS
100
AcDbLine
 10
0.6821615354330709
 20
0.8679947637795276
 30
0
 11
0.6826942125984252
 21
0.8685274409448819
 31
0
  0
LINE
  5
1B7
330
1A
100
AcDbEntity
  8
BLACK
  6
CONTINUOUS
100
AcDbLine
 10
0.6826942125984252
 20
0.8685274409448819
 30
0
 11
0.6830708661417323
 21
0.8686023622047244
 31
0
  0
LINE
  5
1B8
330
1A
100
AcDbEntity
  8
BLACK
  6
CONTINUOUS
100
AcDbLine
 10
0.6830708661417323
 20
0.8686023622047244
 30
0
 11
0.6899606299212598
 21
0.8686023622047244
 31
0
  0
LINE
  5
1B9
330
1A
100
AcDbEntity
  8
BLACK
  6
CONTINUOUS
100
AcDbLine
 10
0.6899606299212598
 20
0.8686023622047244
 30
0
 11
0.6899606299212598
 21
0.9375000393700788
 31
0
  0
LINE
  5
1BA
330
1A
100
AcDbEntity
  8
BLACK
  6
CONTINUOUS
100
AcDbLine
 10
0.6899606299212598
 20
0.9375000393700788
 30
0
 11
0.6456692913385826
 21
0.9375
 31
0
  0
LINE
  5
1BB
330
1A
100
AcDbEntity
  8
BLACK
  6
CONTINUOUS
100
AcDbLine
 10
0.6456692913385826
 20
0.9375
 30
0
 11
0.6452926377952756
 21
0.9375749212598425
 31
0
  0
LINE
  5
1BC
330
1A
100
AcDbEntity
  8
BLACK
  6
CONTINUOUS
100
AcDbLine
 10
0.6452926377952756
 20
0.9375749212598425
 30
0
 11
0.6447599606299212
 21
0.9381075984251969
 31
0
  0
LINE
  5
1BD
330
1A
100
AcDbEntity
  8
BLACK
  6
CONTINUOUS
100
AcDbLine
 10
0.6447599606299212
 20
0.9381075984251969
 30
0
 11
0.6447599606299212
 21
0.9381076377952756
 31
0
  0
LINE
  5
1BE
330
1A
100
AcDbEntity
  8
BLACK
  6
CONTINUOUS
100
AcDbLine
 10
0.6447599606299212
 20
0.9381076377952756
 30
0
 11
0.6446850393700787
 21
0.9384842519685039
 31
0
  0
LINE
  5
1BF
330
1A
100
AcDbEntity
  8
BLACK
  6
CONTINUOUS
100
AcDbLine
 10
0.6446850393700787
 20
0.9384842519685039
 30
0
 11
0.6446850393700787
 21
0.9780511811023622
 31
0
  0
LINE
  5
1C0
330
1A
100
AcDbEntity
  8
BLACK
  6
CONTINUOUS
100
AcDbLine
 10
0.6446850393700787
 20
0.9780511811023622
 30
0
 11
0.6033464566929134
 21
0.9780511811023622
 31
0
  0
LINE
  5
1C1
330
1A
100
AcDbEntity
  8
BLACK
  6
CONTINUOUS
100
AcDbLine
 10
0.7995892519685039
 20
0.9838817716535433
 30
0
 11
0.8001219291338583
 21
0.983349094488189
 31
0
  0
LINE
  5
1C2
330
1A
100
AcDbEntity
  8
BLACK
  6
CONTINUOUS
100
AcDbLine
 10
0.8001219291338583
 20
0.983349094488189
 30
0
 11
0.8001968503937008
 21
0.9829724409448819
 31
0
  0
LINE
  5
1C3
330
1A
100
AcDbEntity
  8
BLACK
  6
CONTINUOUS
100
AcDbLine
 10
0.8001968503937008
 20
0.9829724409448819
 30
0
 11
0.8001968503937008
 21
0.9434055511811024
 31
0
  0
LINE
  5
1C4
330
1A
100
AcDbEntity
  8
BLACK
  6
CONTINUOUS
100
AcDbLine
 10
0.8001968503937008
 20
0.9434055511811024
 30
0
 11
0.8444881889763779
 21
0.9434055511811024
 31
0
  0
LINE
  5
1C5
330
1A
100
AcDbEntity
  8
BLACK
  6
CONTINUOUS
100
AcDbLine
 10
0.8444881889763779
 20
0.9434055511811024
 30
0
 11
0.844864842519685
 21
0.9433306299212598
 31
0
  0
LINE
  5
1C6
330
1A
100
AcDbEntity
  8
BLACK
  6
CONTINUOUS
100
AcDbLine
 10
0.844864842519685
 20
0.9433306299212598
 30
0
 11
0.8453975196850394
 21
0.9427979527559055
 31
0
  0
LINE
  5
1C7
330
1A
100
AcDbEntity
  8
BLACK
  6
CONTINUOUS
100
AcDbLine
 10
0.8453975196850394
 20
0.9427979527559055
 30
0
 11
0.8454724409448818
 21
0.9424212992125984
 31
0
  0
LINE
  5
1C8
330
1A
100
AcDbEntity
  8
BLACK
  6
CONTINUOUS
100
AcDbLine
 10
0.8454724409448818
 20
0.9424212992125984
 30
0
 11
0.8454724409448818
 21
0.8715550787401575
 31
0
  0
LINE
  5
1C9
330
1A
100
AcDbEntity
  8
BLACK
  6
CONTINUOUS
100
AcDbLine
 10
0.8454724409448818
 20
0.8715550787401575
 30
0
 11
0.8453975196850394
 21
0.8711784645669292
 31
0
  0
LINE
  5
1CA
330
1A
100
AcDbEntity
  8
BLACK
  6
CONTINUOUS
100
AcDbLine
 10
0.8453975196850394
 20
0.8711784645669292
 30
0
 11
0.8453975196850394
 21
0.8711784251968504
 31
0
  0
LINE
  5
1CB
330
1A
100
AcDbEntity
  8
BLACK
  6
CONTINUOUS
100
AcDbLine
 10
0.8453975196850394
 20
0.8711784251968504
 30
0
 11
0.844864842519685
 21
0.8706457480314961
 31
0
  0
LINE
  5
1CC
330
1A
100
AcDbEntity
  8
BLACK
  6
CONTINUOUS
100
AcDbLine
 10
0.844864842519685
 20
0.8706457480314961
 30
0
 11
0.8444881889763779
 21
0.8705708267716535
 31
0
  0
LINE
  5
1CD
330
1A
100
AcDbEntity
  8
BLACK
  6
CONTINUOUS
100
AcDbLine
 10
0.8444881889763779
 20
0.8705708267716535
 30
0
 11
0.8375984251968503
 21
0.8705708661417323
 31
0
  0
LINE
  5
1CE
330
1A
100
AcDbEntity
  8
BLACK
  6
CONTINUOUS
100
AcDbLine
 10
0.8375984251968503
 20
0.8705708661417323
 30
0
 11
0.8375984251968503
 21
0.831003937007874
 31
0
  0
LINE
  5
1CF
330
1A
100
AcDbEntity
  8
BLACK
  6
CONTINUOUS
100
AcDbLine
 10
0.8375984251968503
 20
0.831003937007874
 30
0
 11
0.8375235039370078
 21
0.8306272834645669
 31
0
  0
LINE
  5
1D0
330
1A
100
AcDbEntity
  8
BLACK
  6
CONTINUOUS
100
AcDbLine
 10
0.8375235039370078
 20
0.8306272834645669
 30
0
 11
0.8369908267716535
 21
0.8300946062992126
 31
0
  0
LINE
  5
1D1
330
1A
100
AcDbEntity
  8
BLACK
  6
CONTINUOUS
100
AcDbLine
 10
0.8369908267716535
 20
0.8300946062992126
 30
0
 11
0.8366141732283464
 21
0.8300196850393701
 31
0
  0
LINE
  5
1D2
330
1A
100
AcDbEntity
  8
BLACK
  6
CONTINUOUS
100
AcDbLine
 10
0.8366141732283464
 20
0.8300196850393701
 30
0
 11
0.7929134251968504
 21
0.8300196850393701
 31
0
  0
LINE
  5
1D3
330
1A
100
AcDbEntity
  8
BLACK
  6
CONTINUOUS
100
AcDbLine
 10
0.7929134251968504
 20
0.8300196850393701
 30
0
 11
0.7925367716535433
 21
0.8300946062992126
 31
0
  0
LINE
  5
1D4
330
1A
100
AcDbEntity
  8
BLACK
  6
CONTINUOUS
100
AcDbLine
 10
0.7925367716535433
 20
0.8300946062992126
 30
0
 11
0.792004094488189
 21
0.8306272834645669
 31
0
  0
LINE
  5
1D5
330
1A
100
AcDbEntity
  8
BLACK
  6
CONTINUOUS
100
AcDbLine
 10
0.792004094488189
 20
0.8306272834645669
 30
0
 11
0.7919291732283464
 21
0.831003937007874
 31
0
  0
LINE
  5
1D6
330
1A
100
AcDbEntity
  8
BLACK
  6
CONTINUOUS
100
AcDbLine
 10
0.7919291732283464
 20
0.831003937007874
 30
0
 11
0.7919291732283464
 21
0.8705708661417323
 31
0
  0
LINE
  5
1D7
330
1A
100
AcDbEntity
  8
BLACK
  6
CONTINUOUS
100
AcDbLine
 10
0.7919291732283464
 20
0.8705708661417323
 30
0
 11
0.763188937007874
 21
0.8705708661417323
 31
0
  0
LINE
  5
1D8
330
1A
100
AcDbEntity
  8
BLACK
  6
CONTINUOUS
100
AcDbLine
 10
0.763188937007874
 20
0.8705708661417323
 30
0
 11
0.763188937007874
 21
0.831003937007874
 31
0
  0
LINE
  5
1D9
330
1A
100
AcDbEntity
  8
BLACK
  6
CONTINUOUS
100
AcDbLine
 10
0.763188937007874
 20
0.831003937007874
 30
0
 11
0.7631140157480315
 21
0.8306272834645669
 31
0
  0
LINE
  5
1DA
330
1A
100
AcDbEntity
  8
BLACK
  6
CONTINUOUS
100
AcDbLine
 10
0.7631140157480315
 20
0.8306272834645669
 30
0
 11
0.7625813385826772
 21
0.8300946062992126
 31
0
  0
LINE
  5
1DB
330
1A
100
AcDbEntity
  8
BLACK
  6
CONTINUOUS
100
AcDbLine
 10
0.7625813385826772
 20
0.8300946062992126
 30
0
 11
0.7622046850393701
 21
0.8300196850393701
 31
0
  0
LINE
  5
1DC
330
1A
100
AcDbEntity
  8
BLACK
  6
CONTINUOUS
100
AcDbLine
 10
0.7622046850393701
 20
0.8300196850393701
 30
0
 11
0.718503937007874
 21
0.8300196850393701
 31
0
  0
LINE
  5
1DD
330
1A
100
AcDbEntity
  8
BLACK
  6
CONTINUOUS
100
AcDbLine
 10
0.718503937007874
 20
0.8300196850393701
 30
0
 11
0.7181272834645669
 21
0.8300946062992126
 31
0
  0
LINE
  5
1DE
330
1A
100
AcDbEntity
  8
BLACK
  6
CONTINUOUS
100
AcDbLine
 10
0.7181272834645669
 20
0.8300946062992126
 30
0
 11
0.7175946062992126
 21
0.8306272834645669
 31
0
  0
LINE
  5
1DF
330
1A
100
AcDbEntity
  8
BLACK
  6
CONTINUOUS
100
AcDbLine
 10
0.7175946062992126
 20
0.8306272834645669
 30
0
 11
0.71751968503937
 21
0.831003937007874
 31
0
  0
LINE
  5
1E0
330
1A
100
AcDbEntity
  8
BLACK
  6
CONTINUOUS
100
AcDbLine
 10
0.71751968503937
 20
0.831003937007874
 30
0
 11
0.71751968503937
 21
0.8705708661417323
 31
0
  0
LINE
  5
1E1
330
1A
100
AcDbEntity
  8
BLACK
  6
CONTINUOUS
100
AcDbLine
 10
0.71751968503937
 20
0.8705708661417323
 30
0
 11
0.7106299212598425
 21
0.8705708267716535
 31
0
  0
LINE
  5
1E2
330
1A
100
AcDbEntity
  8
BLACK
  6
CONTINUOUS
100
AcDbLine
 10
0.7106299212598425
 20
0.8705708267716535
 30
0
 11
0.7102532677165354
 21
0.8706457480314961
 31
0
  0
LINE
  5
1E3
330
1A
100
AcDbEntity
  8
BLACK
  6
CONTINUOUS
100
AcDbLine
 10
0.7102532677165354
 20
0.8706457480314961
 30
0
 11
0.7097205905511811
 21
0.8711784251968504
 31
0
  0
LINE
  5
1E4
330
1A
100
AcDbEntity
  8
BLACK
  6
CONTINUOUS
100
AcDbLine
 10
0.7097205905511811
 20
0.8711784251968504
 30
0
 11
0.7097205905511811
 21
0.8711784645669292
 31
0
  0
LINE
  5
1E5
330
1A
100
AcDbEntity
  8
BLACK
  6
CONTINUOUS
100
AcDbLine
 10
0.7097205905511811
 20
0.8711784645669292
 30
0
 11
0.7096456692913385
 21
0.8715550787401575
 31
0
  0
LINE
  5
1E6
330
1A
100
AcDbEntity
  8
BLACK
  6
CONTINUOUS
100
AcDbLine
 10
0.7096456692913385
 20
0.8715550787401575
 30
0
 11
0.7096456692913385
 21
0.9424212992125984
 31
0
  0
LINE
  5
1E7
330
1A
100
AcDbEntity
  8
BLACK
  6
CONTINUOUS
100
AcDbLine
 10
0.7096456692913385
 20
0.9424212992125984
 30
0
 11
0.7097205905511811
 21
0.9427979527559055
 31
0
  0
LINE
  5
1E8
330
1A
100
AcDbEntity
  8
BLACK
  6
CONTINUOUS
100
AcDbLine
 10
0.7097205905511811
 20
0.9427979527559055
 30
0
 11
0.7102532677165354
 21
0.9433306299212598
 31
0
  0
LINE
  5
1E9
330
1A
100
AcDbEntity
  8
BLACK
  6
CONTINUOUS
100
AcDbLine
 10
0.7102532677165354
 20
0.9433306299212598
 30
0
 11
0.7106299212598425
 21
0.9434055511811024
 31
0
  0
LINE
  5
1EA
330
1A
100
AcDbEntity
  8
BLACK
  6
CONTINUOUS
100
AcDbLine
 10
0.7106299212598425
 20
0.9434055511811024
 30
0
 11
0.7549212598425197
 21
0.9434055511811024
 31
0
  0
LINE
  5
1EB
330
1A
100
AcDbEntity
  8
BLACK
  6
CONTINUOUS
100
AcDbLine
 10
0.7549212598425197
 20
0.9434055511811024
 30
0
 11
0.7549212598425197
 21
0.9829724409448819
 31
0
  0
LINE
  5
1EC
330
1A
100
AcDbEntity
  8
BLACK
  6
CONTINUOUS
100
AcDbLine
 10
0.7549212598425197
 20
0.9829724409448819
 30
0
 11
0.7549961811023622
 21
0.983349094488189
 31
0
  0
LINE
  5
1ED
330
1A
100
AcDbEntity
  8
BLACK
  6
CONTINUOUS
100
AcDbLine
 10
0.7549961811023622
 20
0.983349094488189
 30
0
 11
0.7555288582677165
 21
0.9838817716535433
 31
0
  0
LINE
  5
1EE
330
1A
100
AcDbEntity
  8
BLACK
  6
CONTINUOUS
100
AcDbLine
 10
0.7555288582677165
 20
0.9838817716535433
 30
0
 11
0.7559055118110236
 21
0.9839566929133858
 31
0
  0
LINE
  5
1EF
330
1A
100
AcDbEntity
  8
BLACK
  6
CONTINUOUS
100
AcDbLine
 10
0.7559055118110236
 20
0.9839566929133858
 30
0
 11
0.7992125984251969
 21
0.9839566929133858
 31
0
  0
LINE
  5
1F0
330
1A
100
AcDbEntity
  8
BLACK
  6
CONTINUOUS
100
AcDbLine
 10
0.7992125984251969
 20
0.9839566929133858
 30
0
 11
0.7995892519685039
 21
0.9838817716535433
 31
0
  0
LINE
  5
1F1
330
1A
100
AcDbEntity
  8
BLACK
  6
CONTINUOUS
100
AcDbLine
 10
0.7568897637795275
 20
0.981988188976378
 30
0
 11
0.7568897637795275
 21
0.9424212598425197
 31
0
  0
LINE
  5
1F2
330
1A
100
AcDbEntity
  8
BLACK
  6
CONTINUOUS
100
AcDbLine
 10
0.7568897637795275
 20
0.9424212598425197
 30
0
 11
0.756814842519685
 21
0.9420446456692914
 31
0
  0
LINE
  5
1F3
330
1A
100
AcDbEntity
  8
BLACK
  6
CONTINUOUS
100
AcDbLine
 10
0.756814842519685
 20
0.9420446456692914
 30
0
 11
0.756814842519685
 21
0.9420446062992126
 31
0
  0
LINE
  5
1F4
330
1A
100
AcDbEntity
  8
BLACK
  6
CONTINUOUS
100
AcDbLine
 10
0.756814842519685
 20
0.9420446062992126
 30
0
 11
0.7562821653543307
 21
0.9415119291338583
 31
0
  0
LINE
  5
1F5
330
1A
100
AcDbEntity
  8
BLACK
  6
CONTINUOUS
100
AcDbLine
 10
0.7562821653543307
 20
0.9415119291338583
 30
0
 11
0.7559055118110236
 21
0.9414370078740157
 31
0
  0
LINE
  5
1F6
330
1A
100
AcDbEntity
  8
BLACK
  6
CONTINUOUS
100
AcDbLine
 10
0.7559055118110236
 20
0.9414370078740157
 30
0
 11
0.7116141732283464
 21
0.9414370472440945
 31
0
  0
LINE
  5
1F7
330
1A
100
AcDbEntity
  8
BLACK
  6
CONTINUOUS
100
AcDbLine
 10
0.7116141732283464
 20
0.9414370472440945
 30
0
 11
0.7116141732283464
 21
0.8725393700787402
 31
0
  0
LINE
  5
1F8
330
1A
100
AcDbEntity
  8
BLACK
  6
CONTINUOUS
100
AcDbLine
 10
0.7116141732283464
 20
0.8725393700787402
 30
0
 11
0.718503937007874
 21
0.8725393700787402
 31
0
  0
LINE
  5
1F9
330
1A
100
AcDbEntity
  8
BLACK
  6
CONTINUOUS
100
AcDbLine
 10
0.718503937007874
 20
0.8725393700787402
 30
0
 11
0.718880590551181
 21
0.8724644488188976
 31
0
  0
LINE
  5
1FA
330
1A
100
AcDbEntity
  8
BLACK
  6
CONTINUOUS
100
AcDbLine
 10
0.718880590551181
 20
0.8724644488188976
 30
0
 11
0.7194132677165355
 21
0.8719317716535433
 31
0
  0
LINE
  5
1FB
330
1A
100
AcDbEntity
  8
BLACK
  6
CONTINUOUS
100
AcDbLine
 10
0.7194132677165355
 20
0.8719317716535433
 30
0
 11
0.7194881889763779
 21
0.8715551181102362
 31
0
  0
LINE
  5
1FC
330
1A
100
AcDbEntity
  8
BLACK
  6
CONTINUOUS
100
AcDbLine
 10
0.7194881889763779
 20
0.8715551181102362
 30
0
 11
0.7194881889763779
 21
0.8319881889763779
 31
0
  0
LINE
  5
1FD
330
1A
100
AcDbEntity
  8
BLACK
  6
CONTINUOUS
100
AcDbLine
 10
0.7194881889763779
 20
0.8319881889763779
 30
0
 11
0.7612204330708662
 21
0.8319881889763779
 31
0
  0
LINE
  5
1FE
330
1A
100
AcDbEntity
  8
BLACK
  6
CONTINUOUS
100
AcDbLine
 10
0.7612204330708662
 20
0.8319881889763779
 30
0
 11
0.7612204330708662
 21
0.8715551181102362
 31
0
  0
LINE
  5
1FF
330
1A
100
AcDbEntity
  8
BLACK
  6
CONTINUOUS
100
AcDbLine
 10
0.7612204330708662
 20
0.8715551181102362
 30
0
 11
0.7612953543307086
 21
0.8719317716535433
 31
0
  0
LINE
  5
200
330
1A
100
AcDbEntity
  8
BLACK
  6
CONTINUOUS
100
AcDbLine
 10
0.7612953543307086
 20
0.8719317716535433
 30
0
 11
0.7618280314960629
 21
0.8724644488188976
 31
0
  0
LINE
  5
201
330
1A
100
AcDbEntity
  8
BLACK
  6
CONTINUOUS
100
AcDbLine
 10
0.7618280314960629
 20
0.8724644488188976
 30
0
 11
0.7622046850393701
 21
0.8725393700787402
 31
0
  0
LINE
  5
202
330
1A
100
AcDbEntity
  8
BLACK
  6
CONTINUOUS
100
AcDbLine
 10
0.7622046850393701
 20
0.8725393700787402
 30
0
 11
0.7929134251968504
 21
0.8725393700787402
 31
0
  0
LINE
  5
203
330
1A
100
AcDbEntity
  8
BLACK
  6
CONTINUOUS
100
AcDbLine
 10
0.7929134251968504
 20
0.8725393700787402
 30
0
 11
0.7932900787401574
 21
0.8724644488188976
 31
0
  0
LINE
  5
204
330
1A
100
AcDbEntity
  8
BLACK
  6
CONTINUOUS
100
AcDbLine
 10
0.7932900787401574
 20
0.8724644488188976
 30
0
 11
0.7938227559055118
 21
0.8719317716535433
 31
0
  0
LINE
  5
205
330
1A
100
AcDbEntity
  8
BLACK
  6
CONTINUOUS
100
AcDbLine
 10
0.7938227559055118
 20
0.8719317716535433
 30
0
 11
0.7938976771653543
 21
0.8715551181102362
 31
0
  0
LINE
  5
206
330
1A
100
AcDbEntity
  8
BLACK
  6
CONTINUOUS
100
AcDbLine
 10
0.7938976771653543
 20
0.8715551181102362
 30
0
 11
0.7938976771653543
 21
0.8319881889763779
 31
0
  0
LINE
  5
207
330
1A
100
AcDbEntity
  8
BLACK
  6
CONTINUOUS
100
AcDbLine
 10
0.7938976771653543
 20
0.8319881889763779
 30
0
 11
0.8356299212598425
 21
0.8319881889763779
 31
0
  0
LINE
  5
208
330
1A
100
AcDbEntity
  8
BLACK
  6
CONTINUOUS
100
AcDbLine
 10
0.8356299212598425
 20
0.8319881889763779
 30
0
 11
0.8356299212598425
 21
0.8715551181102362
 31
0
  0
LINE
  5
209
330
1A
100
AcDbEntity
  8
BLACK
  6
CONTINUOUS
100
AcDbLine
 10
0.8356299212598425
 20
0.8715551181102362
 30
0
 11
0.835704842519685
 21
0.8719317716535433
 31
0
  0
LINE
  5
20A
330
1A
100
AcDbEntity
  8
BLACK
  6
CONTINUOUS
100
AcDbLine
 10
0.835704842519685
 20
0.8719317716535433
 30
0
 11
0.8362375196850393
 21
0.8724644488188976
 31
0
  0
LINE
  5
20B
330
1A
100
AcDbEntity
  8
BLACK
  6
CONTINUOUS
100
AcDbLine
 10
0.8362375196850393
 20
0.8724644488188976
 30
0
 11
0.8366141732283464
 21
0.8725393700787402
 31
0
  0
LINE
  5
20C
330
1A
100
AcDbEntity
  8
BLACK
  6
CONTINUOUS
100
AcDbLine
 10
0.8366141732283464
 20
0.8725393700787402
 30
0
 11
0.843503937007874
 21
0.8725393700787402
 31
0
  0
LINE
  5
20D
330
1A
100
AcDbEntity
  8
BLACK
  6
CONTINUOUS
100
AcDbLine
 10
0.843503937007874
 20
0.8725393700787402
 30
0
 11
0.843503937007874
 21
0.9414370472440945
 31
0
  0
LINE
  5
20E
330
1A
100
AcDbEntity
  8
BLACK
  6
CONTINUOUS
100
AcDbLine
 10
0.843503937007874
 20
0.9414370472440945
 30
0
 11
0.7992125984251969
 21
0.9414370078740157
 31
0
  0
LINE
  5
20F
330
1A
100
AcDbEntity
  8
BLACK
  6
CONTINUOUS
100
AcDbLine
 10
0.7992125984251969
 20
0.9414370078740157
 30
0
 11
0.7988359448818897
 21
0.9415119291338583
 31
0
  0
LINE
  5
210
330
1A
100
AcDbEntity
  8
BLACK
  6
CONTINUOUS
100
AcDbLine
 10
0.7988359448818897
 20
0.9415119291338583
 30
0
 11
0.7983032677165354
 21
0.9420446062992126
 31
0
  0
LINE
  5
211
330
1A
100
AcDbEntity
  8
BLACK
  6
CONTINUOUS
100
AcDbLine
 10
0.7983032677165354
 20
0.9420446062992126
 30
0
 11
0.7983032677165354
 21
0.9420446456692914
 31
0
  0
LINE
  5
212
330
1A
100
AcDbEntity
  8
BLACK
  6
CONTINUOUS
100
AcDbLine
 10
0.7983032677165354
 20
0.9420446456692914
 30
0
 11
0.7982283464566929
 21
0.9424212598425197
 31
0
  0
LINE
  5
213
330
1A
100
AcDbEntity
  8
BLACK
  6
CONTINUOUS
100
AcDbLine
 10
0.7982283464566929
 20
0.9424212598425197
 30
0
 11
0.7982283464566929
 21
0.981988188976378
 31
0
  0
LINE
  5
214
330
1A
100
AcDbEntity
  8
BLACK
  6
CONTINUOUS
100
AcDbLine
 10
0.7982283464566929
 20
0.981988188976378
 30
0
 11
0.7568897637795275
 21
0.981988188976378
 31
0
  0
LINE
  5
215
330
1A
100
AcDbEntity
  8
BLACK
  6
CONTINUOUS
100
AcDbLine
 10
1.3424268897637794
 20
0.9346366929133858
 30
0
 11
1.3499181496062991
 21
0.9322025984251968
 31
0
  0
LINE
  5
216
330
1A
100
AcDbEntity
  8
BLACK
  6
CONTINUOUS
100
AcDbLine
 10
1.3499181496062991
 20
0.9322025984251968
 30
0
 11
1.3569364566929134
 21
0.9286266141732283
 31
0
  0
LINE
  5
217
330
1A
100
AcDbEntity
  8
BLACK
  6
CONTINUOUS
100
AcDbLine
 10
1.3569364566929134
 20
0.9286266141732283
 30
0
 11
1.3633088976377952
 21
0.9239967716535433
 31
0
  0
LINE
  5
218
330
1A
100
AcDbEntity
  8
BLACK
  6
CONTINUOUS
100
AcDbLine
 10
1.3633088976377952
 20
0.9239967716535433
 30
0
 11
1.3688786614173227
 21
0.9184270078740158
 31
0
  0
LINE
  5
219
330
1A
100
AcDbEntity
  8
BLACK
  6
CONTINUOUS
100
AcDbLine
 10
1.3688786614173227
 20
0.9184270078740158
 30
0
 11
1.3735085039370079
 21
0.9120545669291339
 31
0
  0
LINE
  5
21A
330
1A
100
AcDbEntity
  8
BLACK
  6
CONTINUOUS
100
AcDbLine
 10
1.3735085039370079
 20
0.9120545669291339
 30
0
 11
1.3770844881889763
 21
0.9050362598425197
 31
0
  0
LINE
  5
21B
330
1A
100
AcDbEntity
  8
BLACK
  6
CONTINUOUS
100
AcDbLine
 10
1.3770844881889763
 20
0.9050362598425197
 30
0
 11
1.3795185826771654
 21
0.8975449999999999
 31
0
  0
LINE
  5
21C
330
1A
100
AcDbEntity
  8
BLACK
  6
CONTINUOUS
100
AcDbLine
 10
1.3795185826771654
 20
0.8975449999999999
 30
0
 11
1.3807507874015748
 21
0.8897651574803149
 31
0
  0
LINE
  5
21D
330
1A
100
AcDbEntity
  8
BLACK
  6
CONTINUOUS
100
AcDbLine
 10
1.3807507874015748
 20
0.8897651574803149
 30
0
 11
1.3807507874015748
 21
0.8818883858267716
 31
0
  0
LINE
  5
21E
330
1A
100
AcDbEntity
  8
BLACK
  6
CONTINUOUS
100
AcDbLine
 10
1.3807507874015748
 20
0.8818883858267716
 30
0
 11
1.3795185826771654
 21
0.8741085433070866
 31
0
  0
LINE
  5
21F
330
1A
100
AcDbEntity
  8
BLACK
  6
CONTINUOUS
100
AcDbLine
 10
1.3795185826771654
 20
0.8741085433070866
 30
0
 11
1.3770844881889763
 21
0.8666172834645669
 31
0
  0
LINE
  5
220
330
1A
100
AcDbEntity
  8
BLACK
  6
CONTINUOUS
100
AcDbLine
 10
1.3770844881889763
 20
0.8666172834645669
 30
0
 11
1.3735085039370079
 21
0.8595989763779527
 31
0
  0
LINE
  5
221
330
1A
100
AcDbEntity
  8
BLACK
  6
CONTINUOUS
100
AcDbLine
 10
1.3735085039370079
 20
0.8595989763779527
 30
0
 11
1.3688786614173227
 21
0.8532265354330708
 31
0
  0
LINE
  5
222
330
1A
100
AcDbEntity
  8
BLACK
  6
CONTINUOUS
100
AcDbLine
 10
1.3688786614173227
 20
0.8532265354330708
 30
0
 11
1.3633088976377952
 21
0.8476567716535433
 31
0
  0
LINE
  5
223
330
1A
100
AcDbEntity
  8
BLACK
  6
CONTINUOUS
100
AcDbLine
 10
1.3633088976377952
 20
0.8476567716535433
 30
0
 11
1.3569364566929134
 21
0.8430269291338582
 31
0
  0
LINE
  5
224
330
1A
100
AcDbEntity
  8
BLACK
  6
CONTINUOUS
100
AcDbLine
 10
1.3569364566929134
 20
0.8430269291338582
 30
0
 11
1.3499181496062991
 21
0.8394509448818898
 31
0
  0
LINE
  5
225
330
1A
100
AcDbEntity
  8
BLACK
  6
CONTINUOUS
100
AcDbLine
 10
1.3499181496062991
 20
0.8394509448818898
 30
0
 11
1.3424268897637794
 21
0.8370168503937008
 31
0
  0
LINE
  5
226
330
1A
100
AcDbEntity
  8
BLACK
  6
CONTINUOUS
100
AcDbLine
 10
1.3424268897637794
 20
0.8370168503937008
 30
0
 11
1.3346470472440946
 21
0.8357846456692913
 31
0
  0
LINE
  5
227
330
1A
100
AcDbEntity
  8
BLACK
  6
CONTINUOUS
100
AcDbLine
 10
1.3346470472440946
 20
0.8357846456692913
 30
0
 11
1.3267702755905511
 21
0.8357846456692913
 31
0
  0
LINE
  5
228
330
1A
100
AcDbEntity
  8
BLACK
  6
CONTINUOUS
100
AcDbLine
 10
1.3267702755905511
 20
0.8357846456692913
 30
0
 11
1.3189904330708662
 21
0.8370168503937008
 31
0
  0
LINE
  5
229
330
1A
100
AcDbEntity
  8
BLACK
  6
CONTINUOUS
100
AcDbLine
 10
1.3189904330708662
 20
0.8370168503937008
 30
0
 11
1.3114991732283465
 21
0.8394509448818898
 31
0
  0
LINE
  5
22A
330
1A
100
AcDbEntity
  8
BLACK
  6
CONTINUOUS
100
AcDbLine
 10
1.3114991732283465
 20
0.8394509448818898
 30
0
 11
1.3044808661417322
 21
0.8430269291338582
 31
0
  0
LINE
  5
22B
330
1A
100
AcDbEntity
  8
BLACK
  6
CONTINUOUS
100
AcDbLine
 10
1.3044808661417322
 20
0.8430269291338582
 30
0
 11
1.2981084251968504
 21
0.8476567716535433
 31
0
  0
LINE
  5
22C
330
1A
100
AcDbEntity
  8
BLACK
  6
CONTINUOUS
100
AcDbLine
 10
1.2981084251968504
 20
0.8476567716535433
 30
0
 11
1.2925386614173229
 21
0.8532265354330708
 31
0
  0
LINE
  5
22D
330
1A
100
AcDbEntity
  8
BLACK
  6
CONTINUOUS
100
AcDbLine
 10
1.2925386614173229
 20
0.8532265354330708
 30
0
 11
1.2879088188976378
 21
0.8595989763779527
 31
0
  0
LINE
  5
22E
330
1A
100
AcDbEntity
  8
BLACK
  6
CONTINUOUS
100
AcDbLine
 10
1.2879088188976378
 20
0.8595989763779527
 30
0
 11
1.2843328346456693
 21
0.8666172834645669
 31
0
  0
LINE
  5
22F
330
1A
100
AcDbEntity
  8
BLACK
  6
CONTINUOUS
100
AcDbLine
 10
1.2843328346456693
 20
0.8666172834645669
 30
0
 11
1.2818987401574802
 21
0.8741085433070866
 31
0
  0
LINE
  5
230
330
1A
100
AcDbEntity
  8
BLACK
  6
CONTINUOUS
100
AcDbLine
 10
1.2818987401574802
 20
0.8741085433070866
 30
0
 11
1.2806665354330709
 21
0.8818883858267716
 31
0
  0
LINE
  5
231
330
1A
100
AcDbEntity
  8
BLACK
  6
CONTINUOUS
100
AcDbLine
 10
1.2806665354330709
 20
0.8818883858267716
 30
0
 11
1.2806665354330709
 21
0.8896224409448819
 31
0
  0
LINE
  5
232
330
1A
100
AcDbEntity
  8
BLACK
  6
CONTINUOUS
100
AcDbLine
 10
1.2806665354330709
 20
0.8896224409448819
 30
0
 11
1.2806665354330709
 21
0.8897651574803149
 31
0
  0
LINE
  5
233
330
1A
100
AcDbEntity
  8
BLACK
  6
CONTINUOUS
100
AcDbLine
 10
1.2806665354330709
 20
0.8897651574803149
 30
0
 11
1.2818987401574802
 21
0.8975449999999999
 31
0
  0
LINE
  5
234
330
1A
100
AcDbEntity
  8
BLACK
  6
CONTINUOUS
100
AcDbLine
 10
1.2818987401574802
 20
0.8975449999999999
 30
0
 11
1.2843328346456693
 21
0.9050362598425197
 31
0
  0
LINE
  5
235
330
1A
100
AcDbEntity
  8
BLACK
  6
CONTINUOUS
100
AcDbLine
 10
1.2843328346456693
 20
0.9050362598425197
 30
0
 11
1.2879088188976378
 21
0.9120545669291339
 31
0
  0
LINE
  5
236
330
1A
100
AcDbEntity
  8
BLACK
  6
CONTINUOUS
100
AcDbLine
 10
1.2879088188976378
 20
0.9120545669291339
 30
0
 11
1.2925386614173229
 21
0.9184270078740158
 31
0
  0
LINE
  5
237
330
1A
100
AcDbEntity
  8
BLACK
  6
CONTINUOUS
100
AcDbLine
 10
1.2925386614173229
 20
0.9184270078740158
 30
0
 11
1.2981084251968504
 21
0.9239967716535433
 31
0
  0
LINE
  5
238
330
1A
100
AcDbEntity
  8
BLACK
  6
CONTINUOUS
100
AcDbLine
 10
1.2981084251968504
 20
0.9239967716535433
 30
0
 11
1.3044808661417322
 21
0.9286266141732283
 31
0
  0
LINE
  5
239
330
1A
100
AcDbEntity
  8
BLACK
  6
CONTINUOUS
100
AcDbLine
 10
1.3044808661417322
 20
0.9286266141732283
 30
0
 11
1.3114991732283465
 21
0.9322025984251968
 31
0
  0
LINE
  5
23A
330
1A
100
AcDbEntity
  8
BLACK
  6
CONTINUOUS
100
AcDbLine
 10
1.3114991732283465
 20
0.9322025984251968
 30
0
 11
1.3189904330708662
 21
0.9346366929133858
 31
0
  0
LINE
  5
23B
330
1A
100
AcDbEntity
  8
BLACK
  6
CONTINUOUS
100
AcDbLine
 10
1.3189904330708662
 20
0.9346366929133858
 30
0
 11
1.3267702755905511
 21
0.9358688976377952
 31
0
  0
LINE
  5
23C
330
1A
100
AcDbEntity
  8
BLACK
  6
CONTINUOUS
100
AcDbLine
 10
1.3267702755905511
 20
0.9358688976377952
 30
0
 11
1.3346470472440946
 21
0.9358688976377952
 31
0
  0
LINE
  5
23D
330
1A
100
AcDbEntity
  8
BLACK
  6
CONTINUOUS
100
AcDbLine
 10
1.3346470472440946
 20
0.9358688976377952
 30
0
 11
1.3424268897637794
 21
0.9346366929133858
 31
0
  0
LINE
  5
23E
330
1A
100
AcDbEntity
  8
BLACK
  6
CONTINUOUS
100
AcDbLine
 10
1.2824803149606299
 20
0.8820311023622047
 30
0
 11
1.2836678740157481
 21
0.8745332677165354
 31
0
  0
LINE
  5
23F
330
1A
100
AcDbEntity
  8
BLACK
  6
CONTINUOUS
100
AcDbLine
 10
1.2836678740157481
 20
0.8745332677165354
 30
0
 11
1.2860137007874015
 21
0.8673135039370079
 31
0
  0
LINE
  5
240
330
1A
100
AcDbEntity
  8
BLACK
  6
CONTINUOUS
100
AcDbLine
 10
1.2860137007874015
 20
0.8673135039370079
 30
0
 11
1.2894600787401576
 21
0.8605496062992126
 31
0
  0
LINE
  5
241
330
1A
100
AcDbEntity
  8
BLACK
  6
CONTINUOUS
100
AcDbLine
 10
1.2894600787401576
 20
0.8605496062992126
 30
0
 11
1.2939221259842519
 21
0.8544081102362204
 31
0
  0
LINE
  5
242
330
1A
100
AcDbEntity
  8
BLACK
  6
CONTINUOUS
100
AcDbLine
 10
1.2939221259842519
 20
0.8544081102362204
 30
0
 11
1.2992900000000001
 21
0.8490402362204724
 31
0
  0
LINE
  5
243
330
1A
100
AcDbEntity
  8
BLACK
  6
CONTINUOUS
100
AcDbLine
 10
1.2992900000000001
 20
0.8490402362204724
 30
0
 11
1.305431496062992
 21
0.8445781889763779
 31
0
  0
LINE
  5
244
330
1A
100
AcDbEntity
  8
BLACK
  6
CONTINUOUS
100
AcDbLine
 10
1.305431496062992
 20
0.8445781889763779
 30
0
 11
1.3121953937007873
 21
0.841131811023622
 31
0
  0
LINE
  5
245
330
1A
100
AcDbEntity
  8
BLACK
  6
CONTINUOUS
100
AcDbLine
 10
1.3121953937007873
 20
0.841131811023622
 30
0
 11
1.319415157480315
 21
0.8387859842519685
 31
0
  0
LINE
  5
246
330
1A
100
AcDbEntity
  8
BLACK
  6
CONTINUOUS
100
AcDbLine
 10
1.319415157480315
 20
0.8387859842519685
 30
0
 11
1.3269129921259841
 21
0.8375984251968503
 31
0
  0
LINE
  5
247
330
1A
100
AcDbEntity
  8
BLACK
  6
CONTINUOUS
100
AcDbLine
 10
1.3269129921259841
 20
0.8375984251968503
 30
0
 11
1.3345043307086615
 21
0.8375984251968503
 31
0
  0
LINE
  5
248
330
1A
100
AcDbEntity
  8
BLACK
  6
CONTINUOUS
100
AcDbLine
 10
1.3345043307086615
 20
0.8375984251968503
 30
0
 11
1.3420021653543306
 21
0.8387859842519685
 31
0
  0
LINE
  5
249
330
1A
100
AcDbEntity
  8
BLACK
  6
CONTINUOUS
100
AcDbLine
 10
1.3420021653543306
 20
0.8387859842519685
 30
0
 11
1.3492219291338583
 21
0.841131811023622
 31
0
  0
LINE
  5
24A
330
1A
100
AcDbEntity
  8
BLACK
  6
CONTINUOUS
100
AcDbLine
 10
1.3492219291338583
 20
0.841131811023622
 30
0
 11
1.3559858267716536
 21
0.8445781889763779
 31
0
  0
LINE
  5
24B
330
1A
100
AcDbEntity
  8
BLACK
  6
CONTINUOUS
100
AcDbLine
 10
1.3559858267716536
 20
0.8445781889763779
 30
0
 11
1.3621273228346455
 21
0.8490402362204724
 31
0
  0
LINE
  5
24C
330
1A
100
AcDbEntity
  8
BLACK
  6
CONTINUOUS
100
AcDbLine
 10
1.3621273228346455
 20
0.8490402362204724
 30
0
 11
1.3674951968503937
 21
0.8544081102362204
 31
0
  0
LINE
  5
24D
330
1A
100
AcDbEntity
  8
BLACK
  6
CONTINUOUS
100
AcDbLine
 10
1.3674951968503937
 20
0.8544081102362204
 30
0
 11
1.371957244094488
 21
0.8605496062992126
 31
0
  0
LINE
  5
24E
330
1A
100
AcDbEntity
  8
BLACK
  6
CONTINUOUS
100
AcDbLine
 10
1.371957244094488
 20
0.8605496062992126
 30
0
 11
1.3754036220472441
 21
0.8673135039370079
 31
0
  0
LINE
  5
24F
330
1A
100
AcDbEntity
  8
BLACK
  6
CONTINUOUS
100
AcDbLine
 10
1.3754036220472441
 20
0.8673135039370079
 30
0
 11
1.3777494488188977
 21
0.8745332677165354
 31
0
  0
LINE
  5
250
330
1A
100
AcDbEntity
  8
BLACK
  6
CONTINUOUS
100
AcDbLine
 10
1.3777494488188977
 20
0.8745332677165354
 30
0
 11
1.3789370078740157
 21
0.8820311023622047
 31
0
  0
LINE
  5
251
330
1A
100
AcDbEntity
  8
BLACK
  6
CONTINUOUS
100
AcDbLine
 10
1.3789370078740157
 20
0.8820311023622047
 30
0
 11
1.3789370078740157
 21
0.8896224409448819
 31
0
  0
LINE
  5
252
330
1A
100
AcDbEntity
  8
BLACK
  6
CONTINUOUS
100
AcDbLine
 10
1.3789370078740157
 20
0.8896224409448819
 30
0
 11
1.3777494488188977
 21
0.8971202755905512
 31
0
  0
LINE
  5
253
330
1A
100
AcDbEntity
  8
BLACK
  6
CONTINUOUS
100
AcDbLine
 10
1.3777494488188977
 20
0.8971202755905512
 30
0
 11
1.3754036220472441
 21
0.9043400393700787
 31
0
  0
LINE
  5
254
330
1A
100
AcDbEntity
  8
BLACK
  6
CONTINUOUS
100
AcDbLine
 10
1.3754036220472441
 20
0.9043400393700787
 30
0
 11
1.371957244094488
 21
0.911103937007874
 31
0
  0
LINE
  5
255
330
1A
100
AcDbEntity
  8
BLACK
  6
CONTINUOUS
100
AcDbLine
 10
1.371957244094488
 20
0.911103937007874
 30
0
 11
1.3674951968503937
 21
0.9172454330708661
 31
0
  0
LINE
  5
256
330
1A
100
AcDbEntity
  8
BLACK
  6
CONTINUOUS
100
AcDbLine
 10
1.3674951968503937
 20
0.9172454330708661
 30
0
 11
1.3621273228346455
 21
0.9226133070866142
 31
0
  0
LINE
  5
257
330
1A
100
AcDbEntity
  8
BLACK
  6
CONTINUOUS
100
AcDbLine
 10
1.3621273228346455
 20
0.9226133070866142
 30
0
 11
1.3559858267716536
 21
0.9270753543307086
 31
0
  0
LINE
  5
258
330
1A
100
AcDbEntity
  8
BLACK
  6
CONTINUOUS
100
AcDbLine
 10
1.3559858267716536
 20
0.9270753543307086
 30
0
 11
1.3492219291338583
 21
0.9305217322834646
 31
0
  0
LINE
  5
259
330
1A
100
AcDbEntity
  8
BLACK
  6
CONTINUOUS
100
AcDbLine
 10
1.3492219291338583
 20
0.9305217322834646
 30
0
 11
1.3420021653543306
 21
0.9328675590551181
 31
0
  0
LINE
  5
25A
330
1A
100
AcDbEntity
  8
BLACK
  6
CONTINUOUS
100
AcDbLine
 10
1.3420021653543306
 20
0.9328675590551181
 30
0
 11
1.3345043307086615
 21
0.9340551181102362
 31
0
  0
LINE
  5
25B
330
1A
100
AcDbEntity
  8
BLACK
  6
CONTINUOUS
100
AcDbLine
 10
1.3345043307086615
 20
0.9340551181102362
 30
0
 11
1.3269129921259841
 21
0.9340551181102362
 31
0
  0
LINE
  5
25C
330
1A
100
AcDbEntity
  8
BLACK
  6
CONTINUOUS
100
AcDbLine
 10
1.3269129921259841
 20
0.9340551181102362
 30
0
 11
1.319415157480315
 21
0.9328675590551181
 31
0
  0
LINE
  5
25D
330
1A
100
AcDbEntity
  8
BLACK
  6
CONTINUOUS
100
AcDbLine
 10
1.319415157480315
 20
0.9328675590551181
 30
0
 11
1.3121953937007873
 21
0.9305217322834646
 31
0
  0
LINE
  5
25E
330
1A
100
AcDbEntity
  8
BLACK
  6
CONTINUOUS
100
AcDbLine
 10
1.3121953937007873
 20
0.9305217322834646
 30
0
 11
1.305431496062992
 21
0.9270753543307086
 31
0
  0
LINE
  5
25F
330
1A
100
AcDbEntity
  8
BLACK
  6
CONTINUOUS
100
AcDbLine
 10
1.305431496062992
 20
0.9270753543307086
 30
0
 11
1.2992900000000001
 21
0.9226133070866142
 31
0
  0
LINE
  5
260
330
1A
100
AcDbEntity
  8
BLACK
  6
CONTINUOUS
100
AcDbLine
 10
1.2992900000000001
 20
0.9226133070866142
 30
0
 11
1.2939221259842519
 21
0.9172454330708661
 31
0
  0
LINE
  5
261
330
1A
100
AcDbEntity
  8
BLACK
  6
CONTINUOUS
100
AcDbLine
 10
1.2939221259842519
 20
0.9172454330708661
 30
0
 11
1.2894600787401576
 21
0.911103937007874
 31
0
  0
LINE
  5
262
330
1A
100
AcDbEntity
  8
BLACK
  6
CONTINUOUS
100
AcDbLine
 10
1.2894600787401576
 20
0.911103937007874
 30
0
 11
1.2860137007874015
 21
0.9043400393700787
 31
0
  0
LINE
  5
263
330
1A
100
AcDbEntity
  8
BLACK
  6
CONTINUOUS
100
AcDbLine
 10
1.2860137007874015
 20
0.9043400393700787
 30
0
 11
1.2836678740157481
 21
0.8971202755905512
 31
0
  0
LINE
  5
264
330
1A
100
AcDbEntity
  8
BLACK
  6
CONTINUOUS
100
AcDbLine
 10
1.2836678740157481
 20
0.8971202755905512
 30
0
 11
1.2824803149606299
 21
0.8896224409448819
 31
0
  0
LINE
  5
265
330
1A
100
AcDbEntity
  8
BLACK
  6
CONTINUOUS
100
AcDbLine
 10
1.2824803149606299
 20
0.8896224409448819
 30
0
 11
1.2824803149606299
 21
0.8820311023622047
 31
0
  0
LINE
  5
266
330
1A
100
AcDbEntity
  8
BLACK
  6
CONTINUOUS
100
AcDbLine
 10
-0.9464737401574803
 20
0.9764998818897638
 30
0
 11
-0.945941062992126
 21
0.9759672047244095
 31
0
  0
LINE
  5
267
330
1A
100
AcDbEntity
  8
BLACK
  6
CONTINUOUS
100
AcDbLine
 10
-0.945941062992126
 20
0.9759672047244095
 30
0
 11
-0.9458661417322834
 21
0.9755905511811024
 31
0
  0
LINE
  5
268
330
1A
100
AcDbEntity
  8
BLACK
  6
CONTINUOUS
100
AcDbLine
 10
-0.9458661417322834
 20
0.9755905511811024
 30
0
 11
-0.9458661417322834
 21
0.8433070866141732
 31
0
  0
LINE
  5
269
330
1A
100
AcDbEntity
  8
BLACK
  6
CONTINUOUS
100
AcDbLine
 10
-0.9458661417322834
 20
0.8433070866141732
 30
0
 11
-0.945941062992126
 21
0.8429304330708661
 31
0
  0
LINE
  5
26A
330
1A
100
AcDbEntity
  8
BLACK
  6
CONTINUOUS
100
AcDbLine
 10
-0.945941062992126
 20
0.8429304330708661
 30
0
 11
-0.9464737401574803
 21
0.8423977559055118
 31
0
  0
LINE
  5
26B
330
1A
100
AcDbEntity
  8
BLACK
  6
CONTINUOUS
100
AcDbLine
 10
-0.9464737401574803
 20
0.8423977559055118
 30
0
 11
-0.9468503937007874
 21
0.8423228346456693
 31
0
  0
LINE
  5
26C
330
1A
100
AcDbEntity
  8
BLACK
  6
CONTINUOUS
100
AcDbLine
 10
-0.9468503937007874
 20
0.8423228346456693
 30
0
 11
-1.0216535433070866
 21
0.8423228346456693
 31
0
  0
LINE
  5
26D
330
1A
100
AcDbEntity
  8
BLACK
  6
CONTINUOUS
100
AcDbLine
 10
-1.0216535433070866
 20
0.8423228346456693
 30
0
 11
-1.0220301968503938
 21
0.8423977559055118
 31
0
  0
LINE
  5
26E
330
1A
100
AcDbEntity
  8
BLACK
  6
CONTINUOUS
100
AcDbLine
 10
-1.0220301968503938
 20
0.8423977559055118
 30
0
 11
-1.022562874015748
 21
0.8429304330708661
 31
0
  0
LINE
  5
26F
330
1A
100
AcDbEntity
  8
BLACK
  6
CONTINUOUS
100
AcDbLine
 10
-1.022562874015748
 20
0.8429304330708661
 30
0
 11
-1.0226377952755905
 21
0.8433070866141732
 31
0
  0
LINE
  5
270
330
1A
100
AcDbEntity
  8
BLACK
  6
CONTINUOUS
100
AcDbLine
 10
-1.0226377952755905
 20
0.8433070866141732
 30
0
 11
-1.0226377952755905
 21
0.9755905511811024
 31
0
  0
LINE
  5
271
330
1A
100
AcDbEntity
  8
BLACK
  6
CONTINUOUS
100
AcDbLine
 10
-1.0226377952755905
 20
0.9755905511811024
 30
0
 11
-1.022562874015748
 21
0.9759672047244095
 31
0
  0
LINE
  5
272
330
1A
100
AcDbEntity
  8
BLACK
  6
CONTINUOUS
100
AcDbLine
 10
-1.022562874015748
 20
0.9759672047244095
 30
0
 11
-1.0220301968503938
 21
0.9764998818897638
 31
0
  0
LINE
  5
273
330
1A
100
AcDbEntity
  8
BLACK
  6
CONTINUOUS
100
AcDbLine
 10
-1.0220301968503938
 20
0.9764998818897638
 30
0
 11
-1.0216535433070866
 21
0.9765748031496063
 31
0
  0
LINE
  5
274
330
1A
100
AcDbEntity
  8
BLACK
  6
CONTINUOUS
100
AcDbLine
 10
-1.0216535433070866
 20
0.9765748031496063
 30
0
 11
-0.9468503937007874
 21
0.9765748031496063
 31
0
  0
LINE
  5
275
330
1A
100
AcDbEntity
  8
BLACK
  6
CONTINUOUS
100
AcDbLine
 10
-0.9468503937007874
 20
0.9765748031496063
 30
0
 11
-0.9464737401574803
 21
0.9764998818897638
 31
0
  0
LINE
  5
276
330
1A
100
AcDbEntity
  8
BLACK
  6
CONTINUOUS
100
AcDbLine
 10
-1.0206692913385826
 20
0.9746062992125984
 30
0
 11
-1.0206692913385826
 21
0.8442913385826771
 31
0
  0
LINE
  5
277
330
1A
100
AcDbEntity
  8
BLACK
  6
CONTINUOUS
100
AcDbLine
 10
-1.0206692913385826
 20
0.8442913385826771
 30
0
 11
-0.9478346456692913
 21
0.8442913385826771
 31
0
  0
LINE
  5
278
330
1A
100
AcDbEntity
  8
BLACK
  6
CONTINUOUS
100
AcDbLine
 10
-0.9478346456692913
 20
0.8442913385826771
 30
0
 11
-0.9478346456692913
 21
0.9746062992125984
 31
0
  0
LINE
  5
279
330
1A
100
AcDbEntity
  8
BLACK
  6
CONTINUOUS
100
AcDbLine
 10
-0.9478346456692913
 20
0.9746062992125984
 30
0
 11
-1.0206692913385826
 21
0.9746062992125984
 31
0
  0
LINE
  5
27A
330
1A
100
AcDbEntity
  8
BLACK
  6
CONTINUOUS
100
AcDbLine
 10
-1.0586784645669292
 20
1.0166573622047244
 30
0
 11
-1.0581457874015747
 21
1.0161246850393701
 31
0
  0
LINE
  5
27B
330
1A
100
AcDbEntity
  8
BLACK
  6
CONTINUOUS
100
AcDbLine
 10
-1.0581457874015747
 20
1.0161246850393701
 30
0
 11
-1.0580708661417322
 21
1.015748031496063
 31
0
  0
LINE
  5
27C
330
1A
100
AcDbEntity
  8
BLACK
  6
CONTINUOUS
100
AcDbLine
 10
-1.0580708661417322
 20
1.015748031496063
 30
0
 11
-1.0580708661417322
 21
0.8661417322834646
 31
0
  0
LINE
  5
27D
330
1A
100
AcDbEntity
  8
BLACK
  6
CONTINUOUS
100
AcDbLine
 10
-1.0580708661417322
 20
0.8661417322834646
 30
0
 11
-1.0581457874015747
 21
0.8657650787401575
 31
0
  0
LINE
  5
27E
330
1A
100
AcDbEntity
  8
BLACK
  6
CONTINUOUS
100
AcDbLine
 10
-1.0581457874015747
 20
0.8657650787401575
 30
0
 11
-1.0586784645669292
 21
0.8652324015748031
 31
0
  0
LINE
  5
27F
330
1A
100
AcDbEntity
  8
BLACK
  6
CONTINUOUS
100
AcDbLine
 10
-1.0586784645669292
 20
0.8652324015748031
 30
0
 11
-1.0590551181102361
 21
0.8651574803149606
 31
0
  0
LINE
  5
280
330
1A
100
AcDbEntity
  8
BLACK
  6
CONTINUOUS
100
AcDbLine
 10
-1.0590551181102361
 20
0.8651574803149606
 30
0
 11
-1.200787401574803
 21
0.8651574803149606
 31
0
  0
LINE
  5
281
330
1A
100
AcDbEntity
  8
BLACK
  6
CONTINUOUS
100
AcDbLine
 10
-1.200787401574803
 20
0.8651574803149606
 30
0
 11
-1.2011640551181102
 21
0.8652324015748031
 31
0
  0
LINE
  5
282
330
1A
100
AcDbEntity
  8
BLACK
  6
CONTINUOUS
100
AcDbLine
 10
-1.2011640551181102
 20
0.8652324015748031
 30
0
 11
-1.2016967322834646
 21
0.8657650787401575
 31
0
  0
LINE
  5
283
330
1A
100
AcDbEntity
  8
BLACK
  6
CONTINUOUS
100
AcDbLine
 10
-1.2016967322834646
 20
0.8657650787401575
 30
0
 11
-1.201771653543307
 21
0.8661417322834646
 31
0
  0
LINE
  5
284
330
1A
100
AcDbEntity
  8
BLACK
  6
CONTINUOUS
100
AcDbLine
 10
-1.201771653543307
 20
0.8661417322834646
 30
0
 11
-1.201771653543307
 21
1.015748031496063
 31
0
  0
LINE
  5
285
330
1A
100
AcDbEntity
  8
BLACK
  6
CONTINUOUS
100
AcDbLine
 10
-1.201771653543307
 20
1.015748031496063
 30
0
 11
-1.2016967322834646
 21
1.0161246850393701
 31
0
  0
LINE
  5
286
330
1A
100
AcDbEntity
  8
BLACK
  6
CONTINUOUS
100
AcDbLine
 10
-1.2016967322834646
 20
1.0161246850393701
 30
0
 11
-1.2011640551181102
 21
1.0166573622047244
 31
0
  0
LINE
  5
287
330
1A
100
AcDbEntity
  8
BLACK
  6
CONTINUOUS
100
AcDbLine
 10
-1.2011640551181102
 20
1.0166573622047244
 30
0
 11
-1.200787401574803
 21
1.0167322834645669
 31
0
  0
LINE
  5
288
330
1A
100
AcDbEntity
  8
BLACK
  6
CONTINUOUS
100
AcDbLine
 10
-1.200787401574803
 20
1.0167322834645669
 30
0
 11
-1.0590551181102361
 21
1.0167322834645669
 31
0
  0
LINE
  5
289
330
1A
100
AcDbEntity
  8
BLACK
  6
CONTINUOUS
100
AcDbLine
 10
-1.0590551181102361
 20
1.0167322834645669
 30
0
 11
-1.0586784645669292
 21
1.0166573622047244
 31
0
  0
LINE
  5
28A
330
1A
100
AcDbEntity
  8
BLACK
  6
CONTINUOUS
100
AcDbLine
 10
-1.1998031496062991
 20
1.014763779527559
 30
0
 11
-1.1998031496062991
 21
0.8671259842519685
 31
0
  0
LINE
  5
28B
330
1A
100
AcDbEntity
  8
BLACK
  6
CONTINUOUS
100
AcDbLine
 10
-1.1998031496062991
 20
0.8671259842519685
 30
0
 11
-1.0600393700787401
 21
0.8671259842519685
 31
0
  0
LINE
  5
28C
330
1A
100
AcDbEntity
  8
BLACK
  6
CONTINUOUS
100
AcDbLine
 10
-1.0600393700787401
 20
0.8671259842519685
 30
0
 11
-1.0600393700787401
 21
1.014763779527559
 31
0
  0
LINE
  5
28D
330
1A
100
AcDbEntity
  8
BLACK
  6
CONTINUOUS
100
AcDbLine
 10
-1.0600393700787401
 20
1.014763779527559
 30
0
 11
-1.1998031496062991
 21
1.014763779527559
 31
0
  0
LINE
  5
28E
330
1A
100
AcDbEntity
  8
BLACK
  6
CONTINUOUS
100
AcDbLine
 10
0.5836911417322834
 20
1.1213696062992127
 30
0
 11
0.5840104724409448
 21
1.1211562598425198
 31
0
  0
LINE
  5
28F
330
1A
100
AcDbEntity
  8
BLACK
  6
CONTINUOUS
100
AcDbLine
 10
0.5840104724409448
 20
1.1211562598425198
 30
0
 11
0.6369042913385826
 21
1.0682624409448818
 31
0
  0
LINE
  5
290
330
1A
100
AcDbEntity
  8
BLACK
  6
CONTINUOUS
100
AcDbLine
 10
0.6369042913385826
 20
1.0682624409448818
 30
0
 11
0.6371176377952755
 21
1.0679431102362205
 31
0
  0
LINE
  5
291
330
1A
100
AcDbEntity
  8
BLACK
  6
CONTINUOUS
100
AcDbLine
 10
0.6371176377952755
 20
1.0679431102362205
 30
0
 11
0.6371176377952755
 21
1.0671898031496063
 31
0
  0
LINE
  5
292
330
1A
100
AcDbEntity
  8
BLACK
  6
CONTINUOUS
100
AcDbLine
 10
0.6371176377952755
 20
1.0671898031496063
 30
0
 11
0.636904251968504
 21
1.0668704724409448
 31
0
  0
LINE
  5
293
330
1A
100
AcDbEntity
  8
BLACK
  6
CONTINUOUS
100
AcDbLine
 10
0.636904251968504
 20
1.0668704724409448
 30
0
 11
0.5433657480314961
 21
0.9733319291338582
 31
0
  0
LINE
  5
294
330
1A
100
AcDbEntity
  8
BLACK
  6
CONTINUOUS
100
AcDbLine
 10
0.5433657480314961
 20
0.9733319291338582
 30
0
 11
0.5430464173228347
 21
0.9731185826771653
 31
0
  0
LINE
  5
295
330
1A
100
AcDbEntity
  8
BLACK
  6
CONTINUOUS
100
AcDbLine
 10
0.5430464173228347
 20
0.9731185826771653
 30
0
 11
0.5422931102362205
 21
0.9731185826771653
 31
0
  0
LINE
  5
296
330
1A
100
AcDbEntity
  8
BLACK
  6
CONTINUOUS
100
AcDbLine
 10
0.5422931102362205
 20
0.9731185826771653
 30
0
 11
0.5419737795275591
 21
0.9733319291338582
 31
0
  0
LINE
  5
297
330
1A
100
AcDbEntity
  8
BLACK
  6
CONTINUOUS
100
AcDbLine
 10
0.5419737795275591
 20
0.9733319291338582
 30
0
 11
0.4890799606299213
 21
1.026225748031496
 31
0
  0
LINE
  5
298
330
1A
100
AcDbEntity
  8
BLACK
  6
CONTINUOUS
100
AcDbLine
 10
0.4890799606299213
 20
1.026225748031496
 30
0
 11
0.4888666141732284
 21
1.0265450787401575
 31
0
  0
LINE
  5
299
330
1A
100
AcDbEntity
  8
BLACK
  6
CONTINUOUS
100
AcDbLine
 10
0.4888666141732284
 20
1.0265450787401575
 30
0
 11
0.4888666141732284
 21
1.0272983858267717
 31
0
  0
LINE
  5
29A
330
1A
100
AcDbEntity
  8
BLACK
  6
CONTINUOUS
100
AcDbLine
 10
0.4888666141732284
 20
1.0272983858267717
 30
0
 11
0.4890799606299213
 21
1.027617716535433
 31
0
  0
LINE
  5
29B
330
1A
100
AcDbEntity
  8
BLACK
  6
CONTINUOUS
100
AcDbLine
 10
0.4890799606299213
 20
1.027617716535433
 30
0
 11
0.5826185039370079
 21
1.121156220472441
 31
0
  0
LINE
  5
29C
330
1A
100
AcDbEntity
  8
BLACK
  6
CONTINUOUS
100
AcDbLine
 10
0.5826185039370079
 20
1.121156220472441
 30
0
 11
0.5829378346456693
 21
1.1213696062992127
 31
0
  0
LINE
  5
29D
330
1A
100
AcDbEntity
  8
BLACK
  6
CONTINUOUS
100
AcDbLine
 10
0.5829378346456693
 20
1.1213696062992127
 30
0
 11
0.5836911417322834
 21
1.1213696062992127
 31
0
  0
LINE
  5
29E
330
1A
100
AcDbEntity
  8
BLACK
  6
CONTINUOUS
100
AcDbLine
 10
0.491167874015748
 20
1.0269217716535433
 30
0
 11
0.5426697637795276
 21
0.9754198818897638
 31
0
  0
LINE
  5
29F
330
1A
100
AcDbEntity
  8
BLACK
  6
CONTINUOUS
100
AcDbLine
 10
0.5426697637795276
 20
0.9754198818897638
 30
0
 11
0.6348163385826772
 21
1.0675664566929133
 31
0
  0
LINE
  5
2A0
330
1A
100
AcDbEntity
  8
BLACK
  6
CONTINUOUS
100
AcDbLine
 10
0.6348163385826772
 20
1.0675664566929133
 30
0
 11
0.5833144488188976
 21
1.1190683464566928
 31
0
  0
LINE
  5
2A1
330
1A
100
AcDbEntity
  8
BLACK
  6
CONTINUOUS
100
AcDbLine
 10
0.5833144488188976
 20
1.1190683464566928
 30
0
 11
0.491167874015748
 21
1.0269217716535433
 31
0
  0
LINE
  5
2A2
330
1A
100
AcDbEntity
  8
BLACK
  6
CONTINUOUS
100
AcDbLine
 10
1.4090380708661416
 20
1.1288620472440944
 30
0
 11
1.4095707480314961
 21
1.1283293700787402
 31
0
  0
LINE
  5
2A3
330
1A
100
AcDbEntity
  8
BLACK
  6
CONTINUOUS
100
AcDbLine
 10
1.4095707480314961
 20
1.1283293700787402
 30
0
 11
1.4096456692913386
 21
1.1279527165354331
 31
0
  0
LINE
  5
2A4
330
1A
100
AcDbEntity
  8
BLACK
  6
CONTINUOUS
100
AcDbLine
 10
1.4096456692913386
 20
1.1279527165354331
 30
0
 11
1.4096456692913386
 21
0.9940944488188976
 31
0
  0
LINE
  5
2A5
330
1A
100
AcDbEntity
  8
BLACK
  6
CONTINUOUS
100
AcDbLine
 10
1.4096456692913386
 20
0.9940944488188976
 30
0
 11
1.4095707480314961
 21
0.9937177952755906
 31
0
  0
LINE
  5
2A6
330
1A
100
AcDbEntity
  8
BLACK
  6
CONTINUOUS
100
AcDbLine
 10
1.4095707480314961
 20
0.9937177952755906
 30
0
 11
1.4090380708661416
 21
0.9931851181102362
 31
0
  0
LINE
  5
2A7
330
1A
100
AcDbEntity
  8
BLACK
  6
CONTINUOUS
100
AcDbLine
 10
1.4090380708661416
 20
0.9931851181102362
 30
0
 11
1.4086614173228347
 21
0.9931101968503937
 31
0
  0
LINE
  5
2A8
330
1A
100
AcDbEntity
  8
BLACK
  6
CONTINUOUS
100
AcDbLine
 10
1.4086614173228347
 20
0.9931101968503937
 30
0
 11
1.331496062992126
 21
0.9931101968503937
 31
0
  0
LINE
  5
2A9
330
1A
100
AcDbEntity
  8
BLACK
  6
CONTINUOUS
100
AcDbLine
 10
1.331496062992126
 20
0.9931101968503937
 30
0
 11
1.3311194094488188
 21
0.9931851181102362
 31
0
  0
LINE
  5
2AA
330
1A
100
AcDbEntity
  8
BLACK
  6
CONTINUOUS
100
AcDbLine
 10
1.3311194094488188
 20
0.9931851181102362
 30
0
 11
1.3305867322834646
 21
0.9937177952755906
 31
0
  0
LINE
  5
2AB
330
1A
100
AcDbEntity
  8
BLACK
  6
CONTINUOUS
100
AcDbLine
 10
1.3305867322834646
 20
0.9937177952755906
 30
0
 11
1.330511811023622
 21
0.9940944488188976
 31
0
  0
LINE
  5
2AC
330
1A
100
AcDbEntity
  8
BLACK
  6
CONTINUOUS
100
AcDbLine
 10
1.330511811023622
 20
0.9940944488188976
 30
0
 11
1.330511811023622
 21
1.1279527165354331
 31
0
  0
LINE
  5
2AD
330
1A
100
AcDbEntity
  8
BLACK
  6
CONTINUOUS
100
AcDbLine
 10
1.330511811023622
 20
1.1279527165354331
 30
0
 11
1.3305867322834646
 21
1.1283293700787402
 31
0
  0
LINE
  5
2AE
330
1A
100
AcDbEntity
  8
BLACK
  6
CONTINUOUS
100
AcDbLine
 10
1.3305867322834646
 20
1.1283293700787402
 30
0
 11
1.3311194094488188
 21
1.1288620472440944
 31
0
  0
LINE
  5
2AF
330
1A
100
AcDbEntity
  8
BLACK
  6
CONTINUOUS
100
AcDbLine
 10
1.3311194094488188
 20
1.1288620472440944
 30
0
 11
1.331496062992126
 21
1.128936968503937
 31
0
  0
LINE
  5
2B0
330
1A
100
AcDbEntity
  8
BLACK
  6
CONTINUOUS
100
AcDbLine
 10
1.331496062992126
 20
1.128936968503937
 30
0
 11
1.4086614173228347
 21
1.128936968503937
 31
0
  0
LINE
  5
2B1
330
1A
100
AcDbEntity
  8
BLACK
  6
CONTINUOUS
100
AcDbLine
 10
1.4086614173228347
 20
1.128936968503937
 30
0
 11
1.4090380708661416
 21
1.1288620472440944
 31
0
  0
LINE
  5
2B2
330
1A
100
AcDbEntity
  8
BLACK
  6
CONTINUOUS
100
AcDbLine
 10
1.3324803149606299
 20
1.1269684645669291
 30
0
 11
1.3324803149606299
 21
0.9950787007874016
 31
0
  0
LINE
  5
2B3
330
1A
100
AcDbEntity
  8
BLACK
  6
CONTINUOUS
100
AcDbLine
 10
1.3324803149606299
 20
0.9950787007874016
 30
0
 11
1.4076771653543307
 21
0.9950787007874016
 31
0
  0
LINE
  5
2B4
330
1A
100
AcDbEntity
  8
BLACK
  6
CONTINUOUS
100
AcDbLine
 10
1.4076771653543307
 20
0.9950787007874016
 30
0
 11
1.4076771653543307
 21
1.1269684645669291
 31
0
  0
LINE
  5
2B5
330
1A
100
AcDbEntity
  8
BLACK
  6
CONTINUOUS
100
AcDbLine
 10
1.4076771653543307
 20
1.1269684645669291
 30
0
 11
1.3324803149606299
 21
1.1269684645669291
 31
0
  0
LINE
  5
2B6
330
1A
100
AcDbEntity
  8
BLACK
  6
CONTINUOUS
100
AcDbLine
 10
1.1335975984251969
 20
1.1568026771653543
 30
0
 11
1.1339169291338582
 21
1.1565893307086614
 31
0
  0
LINE
  5
2B7
330
1A
100
AcDbEntity
  8
BLACK
  6
CONTINUOUS
100
AcDbLine
 10
1.1339169291338582
 20
1.1565893307086614
 30
0
 11
1.227455433070866
 21
1.0630507874015749
 31
0
  0
LINE
  5
2B8
330
1A
100
AcDbEntity
  8
BLACK
  6
CONTINUOUS
100
AcDbLine
 10
1.227455433070866
 20
1.0630507874015749
 30
0
 11
1.2276688188976377
 21
1.0627314566929134
 31
0
  0
LINE
  5
2B9
330
1A
100
AcDbEntity
  8
BLACK
  6
CONTINUOUS
100
AcDbLine
 10
1.2276688188976377
 20
1.0627314566929134
 30
0
 11
1.2276688188976377
 21
1.0619781496062992
 31
0
  0
LINE
  5
2BA
330
1A
100
AcDbEntity
  8
BLACK
  6
CONTINUOUS
100
AcDbLine
 10
1.2276688188976377
 20
1.0619781496062992
 30
0
 11
1.2274554724409448
 21
1.0616588188976377
 31
0
  0
LINE
  5
2BB
330
1A
100
AcDbEntity
  8
BLACK
  6
CONTINUOUS
100
AcDbLine
 10
1.2274554724409448
 20
1.0616588188976377
 30
0
 11
1.174561653543307
 21
1.0087649999999999
 31
0
  0
LINE
  5
2BC
330
1A
100
AcDbEntity
  8
BLACK
  6
CONTINUOUS
100
AcDbLine
 10
1.174561653543307
 20
1.0087649999999999
 30
0
 11
1.1742423228346457
 21
1.008551653543307
 31
0
  0
LINE
  5
2BD
330
1A
100
AcDbEntity
  8
BLACK
  6
CONTINUOUS
100
AcDbLine
 10
1.1742423228346457
 20
1.008551653543307
 30
0
 11
1.1734890157480315
 21
1.008551653543307
 31
0
  0
LINE
  5
2BE
330
1A
100
AcDbEntity
  8
BLACK
  6
CONTINUOUS
100
AcDbLine
 10
1.1734890157480315
 20
1.008551653543307
 30
0
 11
1.17316968503937
 21
1.0087650393700787
 31
0
  0
LINE
  5
2BF
330
1A
100
AcDbEntity
  8
BLACK
  6
CONTINUOUS
100
AcDbLine
 10
1.17316968503937
 20
1.0087650393700787
 30
0
 11
1.0796311417322835
 21
1.1023035433070867
 31
0
  0
LINE
  5
2C0
330
1A
100
AcDbEntity
  8
BLACK
  6
CONTINUOUS
100
AcDbLine
 10
1.0796311417322835
 20
1.1023035433070867
 30
0
 11
1.0794177952755906
 21
1.102622874015748
 31
0
  0
LINE
  5
2C1
330
1A
100
AcDbEntity
  8
BLACK
  6
CONTINUOUS
100
AcDbLine
 10
1.0794177952755906
 20
1.102622874015748
 30
0
 11
1.0794177952755906
 21
1.1033761811023621
 31
0
  0
LINE
  5
2C2
330
1A
100
AcDbEntity
  8
BLACK
  6
CONTINUOUS
100
AcDbLine
 10
1.0794177952755906
 20
1.1033761811023621
 30
0
 11
1.0796311417322835
 21
1.1036955118110237
 31
0
  0
LINE
  5
2C3
330
1A
100
AcDbEntity
  8
BLACK
  6
CONTINUOUS
100
AcDbLine
 10
1.0796311417322835
 20
1.1036955118110237
 30
0
 11
1.1325249606299213
 21
1.1565893307086614
 31
0
  0
LINE
  5
2C4
330
1A
100
AcDbEntity
  8
BLACK
  6
CONTINUOUS
100
AcDbLine
 10
1.1325249606299213
 20
1.1565893307086614
 30
0
 11
1.1328442913385826
 21
1.1568026771653543
 31
0
  0
LINE
  5
2C5
330
1A
100
AcDbEntity
  8
BLACK
  6
CONTINUOUS
100
AcDbLine
 10
1.1328442913385826
 20
1.1568026771653543
 30
0
 11
1.1335975984251969
 21
1.1568026771653543
 31
0
  0
LINE
  5
2C6
330
1A
100
AcDbEntity
  8
BLACK
  6
CONTINUOUS
100
AcDbLine
 10
1.0817190551181102
 20
1.1029995275590552
 30
0
 11
1.1738656299212598
 21
1.0108529527559056
 31
0
  0
LINE
  5
2C7
330
1A
100
AcDbEntity
  8
BLACK
  6
CONTINUOUS
100
AcDbLine
 10
1.1738656299212598
 20
1.0108529527559056
 30
0
 11
1.2253675196850393
 21
1.0623548425196849
 31
0
  0
LINE
  5
2C8
330
1A
100
AcDbEntity
  8
BLACK
  6
CONTINUOUS
100
AcDbLine
 10
1.2253675196850393
 20
1.0623548425196849
 30
0
 11
1.1332209448818897
 21
1.1545014173228345
 31
0
  0
LINE
  5
2C9
330
1A
100
AcDbEntity
  8
BLACK
  6
CONTINUOUS
100
AcDbLine
 10
1.1332209448818897
 20
1.1545014173228345
 30
0
 11
1.0817190551181102
 21
1.1029995275590552
 31
0
  0
LINE
  5
2CA
330
1A
100
AcDbEntity
  8
BLACK
  6
CONTINUOUS
100
AcDbLine
 10
1.0035262598425196
 20
1.1642951968503936
 30
0
 11
1.0040589370078741
 21
1.1637625196850394
 31
0
  0
LINE
  5
2CB
330
1A
100
AcDbEntity
  8
BLACK
  6
CONTINUOUS
100
AcDbLine
 10
1.0040589370078741
 20
1.1637625196850394
 30
0
 11
1.0041338582677166
 21
1.1633858661417322
 31
0
  0
LINE
  5
2CC
330
1A
100
AcDbEntity
  8
BLACK
  6
CONTINUOUS
100
AcDbLine
 10
1.0041338582677166
 20
1.1633858661417322
 30
0
 11
1.0041338582677166
 21
1.0295275984251968
 31
0
  0
LINE
  5
2CD
330
1A
100
AcDbEntity
  8
BLACK
  6
CONTINUOUS
100
AcDbLine
 10
1.0041338582677166
 20
1.0295275984251968
 30
0
 11
1.0040589370078741
 21
1.0291509448818899
 31
0
  0
LINE
  5
2CE
330
1A
100
AcDbEntity
  8
BLACK
  6
CONTINUOUS
100
AcDbLine
 10
1.0040589370078741
 20
1.0291509448818899
 30
0
 11
1.0035262598425196
 21
1.0286182677165354
 31
0
  0
LINE
  5
2CF
330
1A
100
AcDbEntity
  8
BLACK
  6
CONTINUOUS
100
AcDbLine
 10
1.0035262598425196
 20
1.0286182677165354
 30
0
 11
1.0031496062992127
 21
1.0285433464566929
 31
0
  0
LINE
  5
2D0
330
1A
100
AcDbEntity
  8
BLACK
  6
CONTINUOUS
100
AcDbLine
 10
1.0031496062992127
 20
1.0285433464566929
 30
0
 11
0.9259842519685039
 21
1.0285433464566929
 31
0
  0
LINE
  5
2D1
330
1A
100
AcDbEntity
  8
BLACK
  6
CONTINUOUS
100
AcDbLine
 10
0.9259842519685039
 20
1.0285433464566929
 30
0
 11
0.9256075984251968
 21
1.0286182677165354
 31
0
  0
LINE
  5
2D2
330
1A
100
AcDbEntity
  8
BLACK
  6
CONTINUOUS
100
AcDbLine
 10
0.9256075984251968
 20
1.0286182677165354
 30
0
 11
0.9250749212598425
 21
1.0291509448818899
 31
0
  0
LINE
  5
2D3
330
1A
100
AcDbEntity
  8
BLACK
  6
CONTINUOUS
100
AcDbLine
 10
0.9250749212598425
 20
1.0291509448818899
 30
0
 11
0.9249999999999999
 21
1.0295275984251968
 31
0
  0
LINE
  5
2D4
330
1A
100
AcDbEntity
  8
BLACK
  6
CONTINUOUS
100
AcDbLine
 10
0.9249999999999999
 20
1.0295275984251968
 30
0
 11
0.9249999999999999
 21
1.1633858661417322
 31
0
  0
LINE
  5
2D5
330
1A
100
AcDbEntity
  8
BLACK
  6
CONTINUOUS
100
AcDbLine
 10
0.9249999999999999
 20
1.1633858661417322
 30
0
 11
0.9250749212598425
 21
1.1637625196850394
 31
0
  0
LINE
  5
2D6
330
1A
100
AcDbEntity
  8
BLACK
  6
CONTINUOUS
100
AcDbLine
 10
0.9250749212598425
 20
1.1637625196850394
 30
0
 11
0.9256075984251968
 21
1.1642951968503936
 31
0
  0
LINE
  5
2D7
330
1A
100
AcDbEntity
  8
BLACK
  6
CONTINUOUS
100
AcDbLine
 10
0.9256075984251968
 20
1.1642951968503936
 30
0
 11
0.9259842519685039
 21
1.1643701181102362
 31
0
  0
LINE
  5
2D8
330
1A
100
AcDbEntity
  8
BLACK
  6
CONTINUOUS
100
AcDbLine
 10
0.9259842519685039
 20
1.1643701181102362
 30
0
 11
1.0031496062992127
 21
1.1643701181102362
 31
0
  0
LINE
  5
2D9
330
1A
100
AcDbEntity
  8
BLACK
  6
CONTINUOUS
100
AcDbLine
 10
1.0031496062992127
 20
1.1643701181102362
 30
0
 11
1.0035262598425196
 21
1.1642951968503936
 31
0
  0
LINE
  5
2DA
330
1A
100
AcDbEntity
  8
BLACK
  6
CONTINUOUS
100
AcDbLine
 10
0.9269685039370078
 20
1.1624016141732283
 30
0
 11
0.9269685039370078
 21
1.0305118503937007
 31
0
  0
LINE
  5
2DB
330
1A
100
AcDbEntity
  8
BLACK
  6
CONTINUOUS
100
AcDbLine
 10
0.9269685039370078
 20
1.0305118503937007
 30
0
 11
1.0021653543307087
 21
1.0305118503937007
 31
0
  0
LINE
  5
2DC
330
1A
100
AcDbEntity
  8
BLACK
  6
CONTINUOUS
100
AcDbLine
 10
1.0021653543307087
 20
1.0305118503937007
 30
0
 11
1.0021653543307087
 21
1.1624016141732283
 31
0
  0
LINE
  5
2DD
330
1A
100
AcDbEntity
  8
BLACK
  6
CONTINUOUS
100
AcDbLine
 10
1.0021653543307087
 20
1.1624016141732283
 30
0
 11
0.9269685039370078
 21
1.1624016141732283
 31
0
  0
LINE
  5
2DE
330
1A
100
AcDbEntity
  8
BLACK
  6
CONTINUOUS
100
AcDbLine
 10
0.8539199606299213
 20
1.1524841338582676
 30
0
 11
0.8544526377952756
 21
1.1519514566929134
 31
0
  0
LINE
  5
2DF
330
1A
100
AcDbEntity
  8
BLACK
  6
CONTINUOUS
100
AcDbLine
 10
0.8544526377952756
 20
1.1519514566929134
 30
0
 11
0.8545275590551181
 21
1.1515748031496063
 31
0
  0
LINE
  5
2E0
330
1A
100
AcDbEntity
  8
BLACK
  6
CONTINUOUS
100
AcDbLine
 10
0.8545275590551181
 20
1.1515748031496063
 30
0
 11
0.8545275590551181
 21
1.0767716535433072
 31
0
  0
LINE
  5
2E1
330
1A
100
AcDbEntity
  8
BLACK
  6
CONTINUOUS
100
AcDbLine
 10
0.8545275590551181
 20
1.0767716535433072
 30
0
 11
0.8544526377952756
 21
1.076395
 31
0
  0
LINE
  5
2E2
330
1A
100
AcDbEntity
  8
BLACK
  6
CONTINUOUS
100
AcDbLine
 10
0.8544526377952756
 20
1.076395
 30
0
 11
0.8539199606299213
 21
1.0758623228346456
 31
0
  0
LINE
  5
2E3
330
1A
100
AcDbEntity
  8
BLACK
  6
CONTINUOUS
100
AcDbLine
 10
0.8539199606299213
 20
1.0758623228346456
 30
0
 11
0.8535433070866142
 21
1.075787401574803
 31
0
  0
LINE
  5
2E4
330
1A
100
AcDbEntity
  8
BLACK
  6
CONTINUOUS
100
AcDbLine
 10
0.8535433070866142
 20
1.075787401574803
 30
0
 11
0.721259842519685
 21
1.075787401574803
 31
0
  0
LINE
  5
2E5
330
1A
100
AcDbEntity
  8
BLACK
  6
CONTINUOUS
100
AcDbLine
 10
0.721259842519685
 20
1.075787401574803
 30
0
 11
0.7208831889763779
 21
1.0758623228346456
 31
0
  0
LINE
  5
2E6
330
1A
100
AcDbEntity
  8
BLACK
  6
CONTINUOUS
100
AcDbLine
 10
0.7208831889763779
 20
1.0758623228346456
 30
0
 11
0.7203505118110236
 21
1.076395
 31
0
  0
LINE
  5
2E7
330
1A
100
AcDbEntity
  8
BLACK
  6
CONTINUOUS
100
AcDbLine
 10
0.7203505118110236
 20
1.076395
 30
0
 11
0.7202755905511811
 21
1.0767716535433072
 31
0
  0
LINE
  5
2E8
330
1A
100
AcDbEntity
  8
BLACK
  6
CONTINUOUS
100
AcDbLine
 10
0.7202755905511811
 20
1.0767716535433072
 30
0
 11
0.7202755905511811
 21
1.1515748031496063
 31
0
  0
LINE
  5
2E9
330
1A
100
AcDbEntity
  8
BLACK
  6
CONTINUOUS
100
AcDbLine
 10
0.7202755905511811
 20
1.1515748031496063
 30
0
 11
0.7203505118110236
 21
1.1519514566929134
 31
0
  0
LINE
  5
2EA
330
1A
100
AcDbEntity
  8
BLACK
  6
CONTINUOUS
100
AcDbLine
 10
0.7203505118110236
 20
1.1519514566929134
 30
0
 11
0.7208831889763779
 21
1.1524841338582676
 31
0
  0
LINE
  5
2EB
330
1A
100
AcDbEntity
  8
BLACK
  6
CONTINUOUS
100
AcDbLine
 10
0.7208831889763779
 20
1.1524841338582676
 30
0
 11
0.721259842519685
 21
1.1525590551181102
 31
0
  0
LINE
  5
2EC
330
1A
100
AcDbEntity
  8
BLACK
  6
CONTINUOUS
100
AcDbLine
 10
0.721259842519685
 20
1.1525590551181102
 30
0
 11
0.8535433070866142
 21
1.1525590551181102
 31
0
  0
LINE
  5
2ED
330
1A
100
AcDbEntity
  8
BLACK
  6
CONTINUOUS
100
AcDbLine
 10
0.8535433070866142
 20
1.1525590551181102
 30
0
 11
0.8539199606299213
 21
1.1524841338582676
 31
0
  0
LINE
  5
2EE
330
1A
100
AcDbEntity
  8
BLACK
  6
CONTINUOUS
100
AcDbLine
 10
0.7222440944881889
 20
1.1505905511811023
 30
0
 11
0.7222440944881889
 21
1.0777559055118111
 31
0
  0
LINE
  5
2EF
330
1A
100
AcDbEntity
  8
BLACK
  6
CONTINUOUS
100
AcDbLine
 10
0.7222440944881889
 20
1.0777559055118111
 30
0
 11
0.8525590551181103
 21
1.0777559055118111
 31
0
  0
LINE
  5
2F0
330
1A
100
AcDbEntity
  8
BLACK
  6
CONTINUOUS
100
AcDbLine
 10
0.8525590551181103
 20
1.0777559055118111
 30
0
 11
0.8525590551181103
 21
1.1505905511811023
 31
0
  0
LINE
  5
2F1
330
1A
100
AcDbEntity
  8
BLACK
  6
CONTINUOUS
100
AcDbLine
 10
0.8525590551181103
 20
1.1505905511811023
 30
0
 11
0.7222440944881889
 21
1.1505905511811023
 31
0
  0
LINE
  5
2F2
330
1A
100
AcDbEntity
  8
BLACK
  6
CONTINUOUS
100
AcDbLine
 10
0.9846286220472441
 20
1.6438227165354331
 30
0
 11
0.9851612992125984
 21
1.6432900393700787
 31
0
  0
LINE
  5
2F3
330
1A
100
AcDbEntity
  8
BLACK
  6
CONTINUOUS
100
AcDbLine
 10
0.9851612992125984
 20
1.6432900393700787
 30
0
 11
0.985236220472441
 21
1.6429133858267717
 31
0
  0
LINE
  5
2F4
330
1A
100
AcDbEntity
  8
BLACK
  6
CONTINUOUS
100
AcDbLine
 10
0.985236220472441
 20
1.6429133858267717
 30
0
 11
0.985236220472441
 21
1.5679134251968503
 31
0
  0
LINE
  5
2F5
330
1A
100
AcDbEntity
  8
BLACK
  6
CONTINUOUS
100
AcDbLine
 10
0.985236220472441
 20
1.5679134251968503
 30
0
 11
1.
 21
1.5679134251968503
 31
0
  0
LINE
  5
2F6
330
1A
100
AcDbEntity
  8
BLACK
  6
CONTINUOUS
100
AcDbLine
 10
1.
 20
1.5679134251968503
 30
0
 11
1.000376653543307
 21
1.5678385039370077
 31
0
  0
LINE
  5
2F7
330
1A
100
AcDbEntity
  8
BLACK
  6
CONTINUOUS
100
AcDbLine
 10
1.000376653543307
 20
1.5678385039370077
 30
0
 11
1.0009093307086614
 21
1.5673058267716535
 31
0
  0
LINE
  5
2F8
330
1A
100
AcDbEntity
  8
BLACK
  6
CONTINUOUS
100
AcDbLine
 10
1.0009093307086614
 20
1.5673058267716535
 30
0
 11
1.0009842519685039
 21
1.5669291732283464
 31
0
  0
LINE
  5
2F9
330
1A
100
AcDbEntity
  8
BLACK
  6
CONTINUOUS
100
AcDbLine
 10
1.0009842519685039
 20
1.5669291732283464
 30
0
 11
1.0009842519685039
 21
1.2519684645669291
 31
0
  0
LINE
  5
2FA
330
1A
100
AcDbEntity
  8
BLACK
  6
CONTINUOUS
100
AcDbLine
 10
1.0009842519685039
 20
1.2519684645669291
 30
0
 11
1.0009093307086614
 21
1.2515918503937007
 31
0
  0
LINE
  5
2FB
330
1A
100
AcDbEntity
  8
BLACK
  6
CONTINUOUS
100
AcDbLine
 10
1.0009093307086614
 20
1.2515918503937007
 30
0
 11
1.0009093307086614
 21
1.2515918110236219
 31
0
  0
LINE
  5
2FC
330
1A
100
AcDbEntity
  8
BLACK
  6
CONTINUOUS
100
AcDbLine
 10
1.0009093307086614
 20
1.2515918110236219
 30
0
 11
1.000376653543307
 21
1.2510591338582677
 31
0
  0
LINE
  5
2FD
330
1A
100
AcDbEntity
  8
BLACK
  6
CONTINUOUS
100
AcDbLine
 10
1.000376653543307
 20
1.2510591338582677
 30
0
 11
1.
 21
1.2509842125984252
 31
0
  0
LINE
  5
2FE
330
1A
100
AcDbEntity
  8
BLACK
  6
CONTINUOUS
100
AcDbLine
 10
1.
 20
1.2509842125984252
 30
0
 11
0.985236220472441
 21
1.2509842519685039
 31
0
  0
LINE
  5
2FF
330
1A
100
AcDbEntity
  8
BLACK
  6
CONTINUOUS
100
AcDbLine
 10
0.985236220472441
 20
1.2509842519685039
 30
0
 11
0.985236220472441
 21
1.175984251968504
 31
0
  0
LINE
  5
300
330
1A
100
AcDbEntity
  8
BLACK
  6
CONTINUOUS
100
AcDbLine
 10
0.985236220472441
 20
1.175984251968504
 30
0
 11
0.9851612992125984
 21
1.1756075984251968
 31
0
  0
LINE
  5
301
330
1A
100
AcDbEntity
  8
BLACK
  6
CONTINUOUS
100
AcDbLine
 10
0.9851612992125984
 20
1.1756075984251968
 30
0
 11
0.9846286220472441
 21
1.1750749212598426
 31
0
  0
LINE
  5
302
330
1A
100
AcDbEntity
  8
BLACK
  6
CONTINUOUS
100
AcDbLine
 10
0.9846286220472441
 20
1.1750749212598426
 30
0
 11
0.984251968503937
 21
1.175
 31
0
  0
LINE
  5
303
330
1A
100
AcDbEntity
  8
BLACK
  6
CONTINUOUS
100
AcDbLine
 10
0.984251968503937
 20
1.175
 30
0
 11
0.5905511811023622
 21
1.175
 31
0
  0
LINE
  5
304
330
1A
100
AcDbEntity
  8
BLACK
  6
CONTINUOUS
100
AcDbLine
 10
0.5905511811023622
 20
1.175
 30
0
 11
0.5901745275590551
 21
1.1750749212598426
 31
0
  0
LINE
  5
305
330
1A
100
AcDbEntity
  8
BLACK
  6
CONTINUOUS
100
AcDbLine
 10
0.5901745275590551
 20
1.1750749212598426
 30
0
 11
0.5896418503937008
 21
1.1756075984251968
 31
0
  0
LINE
  5
306
330
1A
100
AcDbEntity
  8
BLACK
  6
CONTINUOUS
100
AcDbLine
 10
0.5896418503937008
 20
1.1756075984251968
 30
0
 11
0.5895669291338582
 21
1.175984251968504
 31
0
  0
LINE
  5
307
330
1A
100
AcDbEntity
  8
BLACK
  6
CONTINUOUS
100
AcDbLine
 10
0.5895669291338582
 20
1.175984251968504
 30
0
 11
0.5895669291338582
 21
1.2509842519685039
 31
0
  0
LINE
  5
308
330
1A
100
AcDbEntity
  8
BLACK
  6
CONTINUOUS
100
AcDbLine
 10
0.5895669291338582
 20
1.2509842519685039
 30
0
 11
0.5748031496062992
 21
1.2509842125984252
 31
0
  0
LINE
  5
309
330
1A
100
AcDbEntity
  8
BLACK
  6
CONTINUOUS
100
AcDbLine
 10
0.5748031496062992
 20
1.2509842125984252
 30
0
 11
0.5744264960629921
 21
1.2510591338582677
 31
0
  0
LINE
  5
30A
330
1A
100
AcDbEntity
  8
BLACK
  6
CONTINUOUS
100
AcDbLine
 10
0.5744264960629921
 20
1.2510591338582677
 30
0
 11
0.5738938188976378
 21
1.2515918110236219
 31
0
  0
LINE
  5
30B
330
1A
100
AcDbEntity
  8
BLACK
  6
CONTINUOUS
100
AcDbLine
 10
0.5738938188976378
 20
1.2515918110236219
 30
0
 11
0.5738938188976378
 21
1.2515918503937007
 31
0
  0
LINE
  5
30C
330
1A
100
AcDbEntity
  8
BLACK
  6
CONTINUOUS
100
AcDbLine
 10
0.5738938188976378
 20
1.2515918503937007
 30
0
 11
0.5738188976377953
 21
1.2519684645669291
 31
0
  0
LINE
  5
30D
330
1A
100
AcDbEntity
  8
BLACK
  6
CONTINUOUS
100
AcDbLine
 10
0.5738188976377953
 20
1.2519684645669291
 30
0
 11
0.5738188976377953
 21
1.5669291732283464
 31
0
  0
LINE
  5
30E
330
1A
100
AcDbEntity
  8
BLACK
  6
CONTINUOUS
100
AcDbLine
 10
0.5738188976377953
 20
1.5669291732283464
 30
0
 11
0.5738938188976378
 21
1.5673058267716535
 31
0
  0
LINE
  5
30F
330
1A
100
AcDbEntity
  8
BLACK
  6
CONTINUOUS
100
AcDbLine
 10
0.5738938188976378
 20
1.5673058267716535
 30
0
 11
0.5744264960629921
 21
1.5678385039370077
 31
0
  0
LINE
  5
310
330
1A
100
AcDbEntity
  8
BLACK
  6
CONTINUOUS
100
AcDbLine
 10
0.5744264960629921
 20
1.5678385039370077
 30
0
 11
0.5748031496062992
 21
1.5679134251968503
 31
0
  0
LINE
  5
311
330
1A
100
AcDbEntity
  8
BLACK
  6
CONTINUOUS
100
AcDbLine
 10
0.5748031496062992
 20
1.5679134251968503
 30
0
 11
0.5895669291338582
 21
1.5679134251968503
 31
0
  0
LINE
  5
312
330
1A
100
AcDbEntity
  8
BLACK
  6
CONTINUOUS
100
AcDbLine
 10
0.5895669291338582
 20
1.5679134251968503
 30
0
 11
0.5895669291338582
 21
1.6429133858267717
 31
0
  0
LINE
  5
313
330
1A
100
AcDbEntity
  8
BLACK
  6
CONTINUOUS
100
AcDbLine
 10
0.5895669291338582
 20
1.6429133858267717
 30
0
 11
0.5896418503937008
 21
1.6432900393700787
 31
0
  0
LINE
  5
314
330
1A
100
AcDbEntity
  8
BLACK
  6
CONTINUOUS
100
AcDbLine
 10
0.5896418503937008
 20
1.6432900393700787
 30
0
 11
0.5901745275590551
 21
1.6438227165354331
 31
0
  0
LINE
  5
315
330
1A
100
AcDbEntity
  8
BLACK
  6
CONTINUOUS
100
AcDbLine
 10
0.5901745275590551
 20
1.6438227165354331
 30
0
 11
0.5905511811023622
 21
1.6438976377952756
 31
0
  0
LINE
  5
316
330
1A
100
AcDbEntity
  8
BLACK
  6
CONTINUOUS
100
AcDbLine
 10
0.5905511811023622
 20
1.6438976377952756
 30
0
 11
0.984251968503937
 21
1.6438976377952756
 31
0
  0
LINE
  5
317
330
1A
100
AcDbEntity
  8
BLACK
  6
CONTINUOUS
100
AcDbLine
 10
0.984251968503937
 20
1.6438976377952756
 30
0
 11
0.9846286220472441
 21
1.6438227165354331
 31
0
  0
LINE
  5
318
330
1A
100
AcDbEntity
  8
BLACK
  6
CONTINUOUS
100
AcDbLine
 10
0.5915354330708661
 20
1.6419291338582678
 30
0
 11
0.5915354330708661
 21
1.5669291338582676
 31
0
  0
LINE
  5
319
330
1A
100
AcDbEntity
  8
BLACK
  6
CONTINUOUS
100
AcDbLine
 10
0.5915354330708661
 20
1.5669291338582676
 30
0
 11
0.5914605118110237
 21
1.5665525196850394
 31
0
  0
LINE
  5
31A
330
1A
100
AcDbEntity
  8
BLACK
  6
CONTINUOUS
100
AcDbLine
 10
0.5914605118110237
 20
1.5665525196850394
 30
0
 11
0.5914605118110237
 21
1.5665524803149606
 31
0
  0
LINE
  5
31B
330
1A
100
AcDbEntity
  8
BLACK
  6
CONTINUOUS
100
AcDbLine
 10
0.5914605118110237
 20
1.5665524803149606
 30
0
 11
0.5909278346456692
 21
1.5660198031496062
 31
0
  0
LINE
  5
31C
330
1A
100
AcDbEntity
  8
BLACK
  6
CONTINUOUS
100
AcDbLine
 10
0.5909278346456692
 20
1.5660198031496062
 30
0
 11
0.5905511811023622
 21
1.5659448818897637
 31
0
  0
LINE
  5
31D
330
1A
100
AcDbEntity
  8
BLACK
  6
CONTINUOUS
100
AcDbLine
 10
0.5905511811023622
 20
1.5659448818897637
 30
0
 11
0.5757874015748031
 21
1.5659449212598424
 31
0
  0
LINE
  5
31E
330
1A
100
AcDbEntity
  8
BLACK
  6
CONTINUOUS
100
AcDbLine
 10
0.5757874015748031
 20
1.5659449212598424
 30
0
 11
0.5757874015748031
 21
1.2529527559055118
 31
0
  0
LINE
  5
31F
330
1A
100
AcDbEntity
  8
BLACK
  6
CONTINUOUS
100
AcDbLine
 10
0.5757874015748031
 20
1.2529527559055118
 30
0
 11
0.5905511811023622
 21
1.2529527559055118
 31
0
  0
LINE
  5
320
330
1A
100
AcDbEntity
  8
BLACK
  6
CONTINUOUS
100
AcDbLine
 10
0.5905511811023622
 20
1.2529527559055118
 30
0
 11
0.5909278346456692
 21
1.2528778346456693
 31
0
  0
LINE
  5
321
330
1A
100
AcDbEntity
  8
BLACK
  6
CONTINUOUS
100
AcDbLine
 10
0.5909278346456692
 20
1.2528778346456693
 30
0
 11
0.5914605118110237
 21
1.2523451574803148
 31
0
  0
LINE
  5
322
330
1A
100
AcDbEntity
  8
BLACK
  6
CONTINUOUS
100
AcDbLine
 10
0.5914605118110237
 20
1.2523451574803148
 30
0
 11
0.5915354330708661
 21
1.2519685039370079
 31
0
  0
LINE
  5
323
330
1A
100
AcDbEntity
  8
BLACK
  6
CONTINUOUS
100
AcDbLine
 10
0.5915354330708661
 20
1.2519685039370079
 30
0
 11
0.5915354330708661
 21
1.1769685039370079
 31
0
  0
LINE
  5
324
330
1A
100
AcDbEntity
  8
BLACK
  6
CONTINUOUS
100
AcDbLine
 10
0.5915354330708661
 20
1.1769685039370079
 30
0
 11
0.9832677165354331
 21
1.1769685039370079
 31
0
  0
LINE
  5
325
330
1A
100
AcDbEntity
  8
BLACK
  6
CONTINUOUS
100
AcDbLine
 10
0.9832677165354331
 20
1.1769685039370079
 30
0
 11
0.9832677165354331
 21
1.2519685039370079
 31
0
  0
LINE
  5
326
330
1A
100
AcDbEntity
  8
BLACK
  6
CONTINUOUS
100
AcDbLine
 10
0.9832677165354331
 20
1.2519685039370079
 30
0
 11
0.9833426377952755
 21
1.2523451574803148
 31
0
  0
LINE
  5
327
330
1A
100
AcDbEntity
  8
BLACK
  6
CONTINUOUS
100
AcDbLine
 10
0.9833426377952755
 20
1.2523451574803148
 30
0
 11
0.9838753149606299
 21
1.2528778346456693
 31
0
  0
LINE
  5
328
330
1A
100
AcDbEntity
  8
BLACK
  6
CONTINUOUS
100
AcDbLine
 10
0.9838753149606299
 20
1.2528778346456693
 30
0
 11
0.984251968503937
 21
1.2529527559055118
 31
0
  0
LINE
  5
329
330
1A
100
AcDbEntity
  8
BLACK
  6
CONTINUOUS
100
AcDbLine
 10
0.984251968503937
 20
1.2529527559055118
 30
0
 11
0.9990157480314961
 21
1.2529527559055118
 31
0
  0
LINE
  5
32A
330
1A
100
AcDbEntity
  8
BLACK
  6
CONTINUOUS
100
AcDbLine
 10
0.9990157480314961
 20
1.2529527559055118
 30
0
 11
0.9990157480314961
 21
1.5659449212598424
 31
0
  0
LINE
  5
32B
330
1A
100
AcDbEntity
  8
BLACK
  6
CONTINUOUS
100
AcDbLine
 10
0.9990157480314961
 20
1.5659449212598424
 30
0
 11
0.984251968503937
 21
1.5659448818897637
 31
0
  0
LINE
  5
32C
330
1A
100
AcDbEntity
  8
BLACK
  6
CONTINUOUS
100
AcDbLine
 10
0.984251968503937
 20
1.5659448818897637
 30
0
 11
0.9838753149606299
 21
1.5660198031496062
 31
0
  0
LINE
  5
32D
330
1A
100
AcDbEntity
  8
BLACK
  6
CONTINUOUS
100
AcDbLine
 10
0.9838753149606299
 20
1.5660198031496062
 30
0
 11
0.9833426377952755
 21
1.5665524803149606
 31
0
  0
LINE
  5
32E
330
1A
100
AcDbEntity
  8
BLACK
  6
CONTINUOUS
100
AcDbLine
 10
0.9833426377952755
 20
1.5665524803149606
 30
0
 11
0.9833426377952755
 21
1.5665525196850394
 31
0
  0
LINE
  5
32F
330
1A
100
AcDbEntity
  8
BLACK
  6
CONTINUOUS
100
AcDbLine
 10
0.9833426377952755
 20
1.5665525196850394
 30
0
 11
0.9832677165354331
 21
1.5669291338582676
 31
0
  0
LINE
  5
330
330
1A
100
AcDbEntity
  8
BLACK
  6
CONTINUOUS
100
AcDbLine
 10
0.9832677165354331
 20
1.5669291338582676
 30
0
 11
0.9832677165354331
 21
1.6419291338582678
 31
0
  0
LINE
  5
331
330
1A
100
AcDbEntity
  8
BLACK
  6
CONTINUOUS
100
AcDbLine
 10
0.9832677165354331
 20
1.6419291338582678
 30
0
 11
0.5915354330708661
 21
1.6419291338582678
 31
0
  0
LINE
  5
332
330
1A
100
AcDbEntity
  8
BLACK
  6
CONTINUOUS
100
AcDbLine
 10
-0.2303149212598425
 20
1.2561023622047245
 30
0
 11
-0.0964566929133858
 21
1.2561023622047245
 31
0
  0
LINE
  5
333
330
1A
100
AcDbEntity
  8
BLACK
  6
CONTINUOUS
100
AcDbLine
 10
-0.0964566929133858
 20
1.2561023622047245
 30
0
 11
-0.0960800393700787
 21
1.2560274409448819
 31
0
  0
LINE
  5
334
330
1A
100
AcDbEntity
  8
BLACK
  6
CONTINUOUS
100
AcDbLine
 10
-0.0960800393700787
 20
1.2560274409448819
 30
0
 11
-0.0955473622047244
 21
1.2554947637795275
 31
0
  0
LINE
  5
335
330
1A
100
AcDbEntity
  8
BLACK
  6
CONTINUOUS
100
AcDbLine
 10
-0.0955473622047244
 20
1.2554947637795275
 30
0
 11
-0.0954724409448819
 21
1.2551181102362206
 31
0
  0
LINE
  5
336
330
1A
100
AcDbEntity
  8
BLACK
  6
CONTINUOUS
100
AcDbLine
 10
-0.0954724409448819
 20
1.2551181102362206
 30
0
 11
-0.0954724409448819
 21
1.1779527559055119
 31
0
  0
LINE
  5
337
330
1A
100
AcDbEntity
  8
BLACK
  6
CONTINUOUS
100
AcDbLine
 10
-0.0954724409448819
 20
1.1779527559055119
 30
0
 11
-0.0955473622047244
 21
1.1775761023622047
 31
0
  0
LINE
  5
338
330
1A
100
AcDbEntity
  8
BLACK
  6
CONTINUOUS
100
AcDbLine
 10
-0.0955473622047244
 20
1.1775761023622047
 30
0
 11
-0.0960800393700787
 21
1.1770434251968505
 31
0
  0
LINE
  5
339
330
1A
100
AcDbEntity
  8
BLACK
  6
CONTINUOUS
100
AcDbLine
 10
-0.0960800393700787
 20
1.1770434251968505
 30
0
 11
-0.0964566929133858
 21
1.1769685039370079
 31
0
  0
LINE
  5
33A
330
1A
100
AcDbEntity
  8
BLACK
  6
CONTINUOUS
100
AcDbLine
 10
-0.0964566929133858
 20
1.1769685039370079
 30
0
 11
-0.2303149606299213
 21
1.1769685039370079
 31
0
  0
LINE
  5
33B
330
1A
100
AcDbEntity
  8
BLACK
  6
CONTINUOUS
100
AcDbLine
 10
-0.2303149606299213
 20
1.1769685039370079
 30
0
 11
-0.364173188976378
 21
1.1769685039370079
 31
0
  0
LINE
  5
33C
330
1A
100
AcDbEntity
  8
BLACK
  6
CONTINUOUS
100
AcDbLine
 10
-0.364173188976378
 20
1.1769685039370079
 30
0
 11
-0.364549842519685
 21
1.1770434251968505
 31
0
  0
LINE
  5
33D
330
1A
100
AcDbEntity
  8
BLACK
  6
CONTINUOUS
100
AcDbLine
 10
-0.364549842519685
 20
1.1770434251968505
 30
0
 11
-0.3650825196850394
 21
1.1775761023622047
 31
0
  0
LINE
  5
33E
330
1A
100
AcDbEntity
  8
BLACK
  6
CONTINUOUS
100
AcDbLine
 10
-0.3650825196850394
 20
1.1775761023622047
 30
0
 11
-0.3651574409448819
 21
1.1779527559055119
 31
0
  0
LINE
  5
33F
330
1A
100
AcDbEntity
  8
BLACK
  6
CONTINUOUS
100
AcDbLine
 10
-0.3651574409448819
 20
1.1779527559055119
 30
0
 11
-0.3651574409448819
 21
1.2551181102362206
 31
0
  0
LINE
  5
340
330
1A
100
AcDbEntity
  8
BLACK
  6
CONTINUOUS
100
AcDbLine
 10
-0.3651574409448819
 20
1.2551181102362206
 30
0
 11
-0.3650825196850394
 21
1.2554947637795275
 31
0
  0
LINE
  5
341
330
1A
100
AcDbEntity
  8
BLACK
  6
CONTINUOUS
100
AcDbLine
 10
-0.3650825196850394
 20
1.2554947637795275
 30
0
 11
-0.364549842519685
 21
1.2560274409448819
 31
0
  0
LINE
  5
342
330
1A
100
AcDbEntity
  8
BLACK
  6
CONTINUOUS
100
AcDbLine
 10
-0.364549842519685
 20
1.2560274409448819
 30
0
 11
-0.364173188976378
 21
1.2561023622047245
 31
0
  0
LINE
  5
343
330
1A
100
AcDbEntity
  8
BLACK
  6
CONTINUOUS
100
AcDbLine
 10
-0.364173188976378
 20
1.2561023622047245
 30
0
 11
-0.2303149212598425
 21
1.2561023622047245
 31
0
  0
LINE
  5
344
330
1A
100
AcDbEntity
  8
BLACK
  6
CONTINUOUS
100
AcDbLine
 10
-0.2293306692913386
 20
1.2541338582677166
 30
0
 11
-0.2293306692913386
 21
1.1789370078740158
 31
0
  0
LINE
  5
345
330
1A
100
AcDbEntity
  8
BLACK
  6
CONTINUOUS
100
AcDbLine
 10
-0.2293306692913386
 20
1.1789370078740158
 30
0
 11
-0.0974409448818898
 21
1.1789370078740158
 31
0
  0
LINE
  5
346
330
1A
100
AcDbEntity
  8
BLACK
  6
CONTINUOUS
100
AcDbLine
 10
-0.0974409448818898
 20
1.1789370078740158
 30
0
 11
-0.0974409448818898
 21
1.2541338582677166
 31
0
  0
LINE
  5
347
330
1A
100
AcDbEntity
  8
BLACK
  6
CONTINUOUS
100
AcDbLine
 10
-0.0974409448818898
 20
1.2541338582677166
 30
0
 11
-0.2293306692913386
 21
1.2541338582677166
 31
0
  0
LINE
  5
348
330
1A
100
AcDbEntity
  8
BLACK
  6
CONTINUOUS
100
AcDbLine
 10
-0.363188937007874
 20
1.2541338582677166
 30
0
 11
-0.363188937007874
 21
1.1789370078740158
 31
0
  0
LINE
  5
349
330
1A
100
AcDbEntity
  8
BLACK
  6
CONTINUOUS
100
AcDbLine
 10
-0.363188937007874
 20
1.1789370078740158
 30
0
 11
-0.2312992125984252
 21
1.1789370078740158
 31
0
  0
LINE
  5
34A
330
1A
100
AcDbEntity
  8
BLACK
  6
CONTINUOUS
100
AcDbLine
 10
-0.2312992125984252
 20
1.1789370078740158
 30
0
 11
-0.2312992125984252
 21
1.2541338582677166
 31
0
  0
LINE
  5
34B
330
1A
100
AcDbEntity
  8
BLACK
  6
CONTINUOUS
100
AcDbLine
 10
-0.2312992125984252
 20
1.2541338582677166
 30
0
 11
-0.363188937007874
 21
1.2541338582677166
 31
0
  0
LINE
  5
34C
330
1A
100
AcDbEntity
  8
BLACK
  6
CONTINUOUS
100
AcDbLine
 10
0.5515577559055118
 20
1.645791220472441
 30
0
 11
0.5520904330708661
 21
1.6452585433070865
 31
0
  0
LINE
  5
34D
330
1A
100
AcDbEntity
  8
BLACK
  6
CONTINUOUS
100
AcDbLine
 10
0.5520904330708661
 20
1.6452585433070865
 30
0
 11
0.5521653543307087
 21
1.6448818897637796
 31
0
  0
LINE
  5
34E
330
1A
100
AcDbEntity
  8
BLACK
  6
CONTINUOUS
100
AcDbLine
 10
0.5521653543307087
 20
1.6448818897637796
 30
0
 11
0.5521653543307087
 21
1.5698819291338582
 31
0
  0
LINE
  5
34F
330
1A
100
AcDbEntity
  8
BLACK
  6
CONTINUOUS
100
AcDbLine
 10
0.5521653543307087
 20
1.5698819291338582
 30
0
 11
0.5669291338582677
 21
1.5698819291338582
 31
0
  0
LINE
  5
350
330
1A
100
AcDbEntity
  8
BLACK
  6
CONTINUOUS
100
AcDbLine
 10
0.5669291338582677
 20
1.5698819291338582
 30
0
 11
0.5673057874015748
 21
1.5698070078740156
 31
0
  0
LINE
  5
351
330
1A
100
AcDbEntity
  8
BLACK
  6
CONTINUOUS
100
AcDbLine
 10
0.5673057874015748
 20
1.5698070078740156
 30
0
 11
0.5678384645669291
 21
1.5692743307086614
 31
0
  0
LINE
  5
352
330
1A
100
AcDbEntity
  8
BLACK
  6
CONTINUOUS
100
AcDbLine
 10
0.5678384645669291
 20
1.5692743307086614
 30
0
 11
0.5679133858267716
 21
1.5688976771653542
 31
0
  0
LINE
  5
353
330
1A
100
AcDbEntity
  8
BLACK
  6
CONTINUOUS
100
AcDbLine
 10
0.5679133858267716
 20
1.5688976771653542
 30
0
 11
0.5679133858267716
 21
1.253936968503937
 31
0
  0
LINE
  5
354
330
1A
100
AcDbEntity
  8
BLACK
  6
CONTINUOUS
100
AcDbLine
 10
0.5679133858267716
 20
1.253936968503937
 30
0
 11
0.5678384645669291
 21
1.2535603543307086
 31
0
  0
LINE
  5
355
330
1A
100
AcDbEntity
  8
BLACK
  6
CONTINUOUS
100
AcDbLine
 10
0.5678384645669291
 20
1.2535603543307086
 30
0
 11
0.5678384645669291
 21
1.2535603149606298
 31
0
  0
LINE
  5
356
330
1A
100
AcDbEntity
  8
BLACK
  6
CONTINUOUS
100
AcDbLine
 10
0.5678384645669291
 20
1.2535603149606298
 30
0
 11
0.5673057874015748
 21
1.2530276377952756
 31
0
  0
LINE
  5
357
330
1A
100
AcDbEntity
  8
BLACK
  6
CONTINUOUS
100
AcDbLine
 10
0.5673057874015748
 20
1.2530276377952756
 30
0
 11
0.5669291338582677
 21
1.2529527165354331
 31
0
  0
LINE
  5
358
330
1A
100
AcDbEntity
  8
BLACK
  6
CONTINUOUS
100
AcDbLine
 10
0.5669291338582677
 20
1.2529527165354331
 30
0
 11
0.5521653543307087
 21
1.2529527559055118
 31
0
  0
LINE
  5
359
330
1A
100
AcDbEntity
  8
BLACK
  6
CONTINUOUS
100
AcDbLine
 10
0.5521653543307087
 20
1.2529527559055118
 30
0
 11
0.5521653543307087
 21
1.1779527559055119
 31
0
  0
LINE
  5
35A
330
1A
100
AcDbEntity
  8
BLACK
  6
CONTINUOUS
100
AcDbLine
 10
0.5521653543307087
 20
1.1779527559055119
 30
0
 11
0.5520904330708661
 21
1.1775761023622047
 31
0
  0
LINE
  5
35B
330
1A
100
AcDbEntity
  8
BLACK
  6
CONTINUOUS
100
AcDbLine
 10
0.5520904330708661
 20
1.1775761023622047
 30
0
 11
0.5515577559055118
 21
1.1770434251968505
 31
0
  0
LINE
  5
35C
330
1A
100
AcDbEntity
  8
BLACK
  6
CONTINUOUS
100
AcDbLine
 10
0.5515577559055118
 20
1.1770434251968505
 30
0
 11
0.5511811023622047
 21
1.1769685039370079
 31
0
  0
LINE
  5
35D
330
1A
100
AcDbEntity
  8
BLACK
  6
CONTINUOUS
100
AcDbLine
 10
0.5511811023622047
 20
1.1769685039370079
 30
0
 11
0.1574803149606299
 21
1.1769685039370079
 31
0
  0
LINE
  5
35E
330
1A
100
AcDbEntity
  8
BLACK
  6
CONTINUOUS
100
AcDbLine
 10
0.1574803149606299
 20
1.1769685039370079
 30
0
 11
0.1571036614173228
 21
1.1770434251968505
 31
0
  0
LINE
  5
35F
330
1A
100
AcDbEntity
  8
BLACK
  6
CONTINUOUS
100
AcDbLine
 10
0.1571036614173228
 20
1.1770434251968505
 30
0
 11
0.1565709842519685
 21
1.1775761023622047
 31
0
  0
LINE
  5
360
330
1A
100
AcDbEntity
  8
BLACK
  6
CONTINUOUS
100
AcDbLine
 10
0.1565709842519685
 20
1.1775761023622047
 30
0
 11
0.156496062992126
 21
1.1779527559055119
 31
0
  0
LINE
  5
361
330
1A
100
AcDbEntity
  8
BLACK
  6
CONTINUOUS
100
AcDbLine
 10
0.156496062992126
 20
1.1779527559055119
 30
0
 11
0.156496062992126
 21
1.2529527559055118
 31
0
  0
LINE
  5
362
330
1A
100
AcDbEntity
  8
BLACK
  6
CONTINUOUS
100
AcDbLine
 10
0.156496062992126
 20
1.2529527559055118
 30
0
 11
0.1417322834645669
 21
1.2529527165354331
 31
0
  0
LINE
  5
363
330
1A
100
AcDbEntity
  8
BLACK
  6
CONTINUOUS
100
AcDbLine
 10
0.1417322834645669
 20
1.2529527165354331
 30
0
 11
0.1413556299212598
 21
1.2530276377952756
 31
0
  0
LINE
  5
364
330
1A
100
AcDbEntity
  8
BLACK
  6
CONTINUOUS
100
AcDbLine
 10
0.1413556299212598
 20
1.2530276377952756
 30
0
 11
0.1408229527559055
 21
1.2535603149606298
 31
0
  0
LINE
  5
365
330
1A
100
AcDbEntity
  8
BLACK
  6
CONTINUOUS
100
AcDbLine
 10
0.1408229527559055
 20
1.2535603149606298
 30
0
 11
0.1408229527559055
 21
1.2535603543307086
 31
0
  0
LINE
  5
366
330
1A
100
AcDbEntity
  8
BLACK
  6
CONTINUOUS
100
AcDbLine
 10
0.1408229527559055
 20
1.2535603543307086
 30
0
 11
0.140748031496063
 21
1.253936968503937
 31
0
  0
LINE
  5
367
330
1A
100
AcDbEntity
  8
BLACK
  6
CONTINUOUS
100
AcDbLine
 10
0.140748031496063
 20
1.253936968503937
 30
0
 11
0.140748031496063
 21
1.5688976771653542
 31
0
  0
LINE
  5
368
330
1A
100
AcDbEntity
  8
BLACK
  6
CONTINUOUS
100
AcDbLine
 10
0.140748031496063
 20
1.5688976771653542
 30
0
 11
0.1408229527559055
 21
1.5692743307086614
 31
0
  0
LINE
  5
369
330
1A
100
AcDbEntity
  8
BLACK
  6
CONTINUOUS
100
AcDbLine
 10
0.1408229527559055
 20
1.5692743307086614
 30
0
 11
0.1413556299212598
 21
1.5698070078740156
 31
0
  0
LINE
  5
36A
330
1A
100
AcDbEntity
  8
BLACK
  6
CONTINUOUS
100
AcDbLine
 10
0.1413556299212598
 20
1.5698070078740156
 30
0
 11
0.1417322834645669
 21
1.5698819291338582
 31
0
  0
LINE
  5
36B
330
1A
100
AcDbEntity
  8
BLACK
  6
CONTINUOUS
100
AcDbLine
 10
0.1417322834645669
 20
1.5698819291338582
 30
0
 11
0.156496062992126
 21
1.5698819291338582
 31
0
  0
LINE
  5
36C
330
1A
100
AcDbEntity
  8
BLACK
  6
CONTINUOUS
100
AcDbLine
 10
0.156496062992126
 20
1.5698819291338582
 30
0
 11
0.156496062992126
 21
1.6448818897637796
 31
0
  0
LINE
  5
36D
330
1A
100
AcDbEntity
  8
BLACK
  6
CONTINUOUS
100
AcDbLine
 10
0.156496062992126
 20
1.6448818897637796
 30
0
 11
0.1565709842519685
 21
1.6452585433070865
 31
0
  0
LINE
  5
36E
330
1A
100
AcDbEntity
  8
BLACK
  6
CONTINUOUS
100
AcDbLine
 10
0.1565709842519685
 20
1.6452585433070865
 30
0
 11
0.1571036614173228
 21
1.645791220472441
 31
0
  0
LINE
  5
36F
330
1A
100
AcDbEntity
  8
BLACK
  6
CONTINUOUS
100
AcDbLine
 10
0.1571036614173228
 20
1.645791220472441
 30
0
 11
0.1574803149606299
 21
1.6458661417322835
 31
0
  0
LINE
  5
370
330
1A
100
AcDbEntity
  8
BLACK
  6
CONTINUOUS
100
AcDbLine
 10
0.1574803149606299
 20
1.6458661417322835
 30
0
 11
0.5511811023622047
 21
1.6458661417322835
 31
0
  0
LINE
  5
371
330
1A
100
AcDbEntity
  8
BLACK
  6
CONTINUOUS
100
AcDbLine
 10
0.5511811023622047
 20
1.6458661417322835
 30
0
 11
0.5515577559055118
 21
1.645791220472441
 31
0
  0
LINE
  5
372
330
1A
100
AcDbEntity
  8
BLACK
  6
CONTINUOUS
100
AcDbLine
 10
0.1584645669291339
 20
1.6438976377952756
 30
0
 11
0.1584645669291339
 21
1.5688976377952755
 31
0
  0
LINE
  5
373
330
1A
100
AcDbEntity
  8
BLACK
  6
CONTINUOUS
100
AcDbLine
 10
0.1584645669291339
 20
1.5688976377952755
 30
0
 11
0.1583896456692913
 21
1.5685210236220473
 31
0
  0
LINE
  5
374
330
1A
100
AcDbEntity
  8
BLACK
  6
CONTINUOUS
100
AcDbLine
 10
0.1583896456692913
 20
1.5685210236220473
 30
0
 11
0.1583896456692913
 21
1.5685209842519685
 31
0
  0
LINE
  5
375
330
1A
100
AcDbEntity
  8
BLACK
  6
CONTINUOUS
100
AcDbLine
 10
0.1583896456692913
 20
1.5685209842519685
 30
0
 11
0.157856968503937
 21
1.5679883070866141
 31
0
  0
LINE
  5
376
330
1A
100
AcDbEntity
  8
BLACK
  6
CONTINUOUS
100
AcDbLine
 10
0.157856968503937
 20
1.5679883070866141
 30
0
 11
0.1574803149606299
 21
1.5679133858267715
 31
0
  0
LINE
  5
377
330
1A
100
AcDbEntity
  8
BLACK
  6
CONTINUOUS
100
AcDbLine
 10
0.1574803149606299
 20
1.5679133858267715
 30
0
 11
0.1427165354330709
 21
1.5679134251968503
 31
0
  0
LINE
  5
378
330
1A
100
AcDbEntity
  8
BLACK
  6
CONTINUOUS
100
AcDbLine
 10
0.1427165354330709
 20
1.5679134251968503
 30
0
 11
0.1427165354330709
 21
1.2549212598425197
 31
0
  0
LINE
  5
379
330
1A
100
AcDbEntity
  8
BLACK
  6
CONTINUOUS
100
AcDbLine
 10
0.1427165354330709
 20
1.2549212598425197
 30
0
 11
0.1574803149606299
 21
1.2549212598425197
 31
0
  0
LINE
  5
37A
330
1A
100
AcDbEntity
  8
BLACK
  6
CONTINUOUS
100
AcDbLine
 10
0.1574803149606299
 20
1.2549212598425197
 30
0
 11
0.157856968503937
 21
1.2548463385826771
 31
0
  0
LINE
  5
37B
330
1A
100
AcDbEntity
  8
BLACK
  6
CONTINUOUS
100
AcDbLine
 10
0.157856968503937
 20
1.2548463385826771
 30
0
 11
0.1583896456692913
 21
1.2543136614173227
 31
0
  0
LINE
  5
37C
330
1A
100
AcDbEntity
  8
BLACK
  6
CONTINUOUS
100
AcDbLine
 10
0.1583896456692913
 20
1.2543136614173227
 30
0
 11
0.1584645669291339
 21
1.2539370078740157
 31
0
  0
LINE
  5
37D
330
1A
100
AcDbEntity
  8
BLACK
  6
CONTINUOUS
100
AcDbLine
 10
0.1584645669291339
 20
1.2539370078740157
 30
0
 11
0.1584645669291339
 21
1.1789370078740158
 31
0
  0
LINE
  5
37E
330
1A
100
AcDbEntity
  8
BLACK
  6
CONTINUOUS
100
AcDbLine
 10
0.1584645669291339
 20
1.1789370078740158
 30
0
 11
0.5501968503937008
 21
1.1789370078740158
 31
0
  0
LINE
  5
37F
330
1A
100
AcDbEntity
  8
BLACK
  6
CONTINUOUS
100
AcDbLine
 10
0.5501968503937008
 20
1.1789370078740158
 30
0
 11
0.5501968503937008
 21
1.2539370078740157
 31
0
  0
LINE
  5
380
330
1A
100
AcDbEntity
  8
BLACK
  6
CONTINUOUS
100
AcDbLine
 10
0.5501968503937008
 20
1.2539370078740157
 30
0
 11
0.5502717716535432
 21
1.2543136614173227
 31
0
  0
LINE
  5
381
330
1A
100
AcDbEntity
  8
BLACK
  6
CONTINUOUS
100
AcDbLine
 10
0.5502717716535432
 20
1.2543136614173227
 30
0
 11
0.5508044488188977
 21
1.2548463385826771
 31
0
  0
LINE
  5
382
330
1A
100
AcDbEntity
  8
BLACK
  6
CONTINUOUS
100
AcDbLine
 10
0.5508044488188977
 20
1.2548463385826771
 30
0
 11
0.5511811023622047
 21
1.2549212598425197
 31
0
  0
LINE
  5
383
330
1A
100
AcDbEntity
  8
BLACK
  6
CONTINUOUS
100
AcDbLine
 10
0.5511811023622047
 20
1.2549212598425197
 30
0
 11
0.5659448818897638
 21
1.2549212598425197
 31
0
  0
LINE
  5
384
330
1A
100
AcDbEntity
  8
BLACK
  6
CONTINUOUS
100
AcDbLine
 10
0.5659448818897638
 20
1.2549212598425197
 30
0
 11
0.5659448818897638
 21
1.5679134251968503
 31
0
  0
LINE
  5
385
330
1A
100
AcDbEntity
  8
BLACK
  6
CONTINUOUS
100
AcDbLine
 10
0.5659448818897638
 20
1.5679134251968503
 30
0
 11
0.5511811023622047
 21
1.5679133858267715
 31
0
  0
LINE
  5
386
330
1A
100
AcDbEntity
  8
BLACK
  6
CONTINUOUS
100
AcDbLine
 10
0.5511811023622047
 20
1.5679133858267715
 30
0
 11
0.5508044488188977
 21
1.5679883070866141
 31
0
  0
LINE
  5
387
330
1A
100
AcDbEntity
  8
BLACK
  6
CONTINUOUS
100
AcDbLine
 10
0.5508044488188977
 20
1.5679883070866141
 30
0
 11
0.5502717716535432
 21
1.5685209842519685
 31
0
  0
LINE
  5
388
330
1A
100
AcDbEntity
  8
BLACK
  6
CONTINUOUS
100
AcDbLine
 10
0.5502717716535432
 20
1.5685209842519685
 30
0
 11
0.5502717716535432
 21
1.5685210236220473
 31
0
  0
LINE
  5
389
330
1A
100
AcDbEntity
  8
BLACK
  6
CONTINUOUS
100
AcDbLine
 10
0.5502717716535432
 20
1.5685210236220473
 30
0
 11
0.5501968503937008
 21
1.5688976377952755
 31
0
  0
LINE
  5
38A
330
1A
100
AcDbEntity
  8
BLACK
  6
CONTINUOUS
100
AcDbLine
 10
0.5501968503937008
 20
1.5688976377952755
 30
0
 11
0.5501968503937008
 21
1.6438976377952756
 31
0
  0
LINE
  5
38B
330
1A
100
AcDbEntity
  8
BLACK
  6
CONTINUOUS
100
AcDbLine
 10
0.5501968503937008
 20
1.6438976377952756
 30
0
 11
0.1584645669291339
 21
1.6438976377952756
 31
0
  0
LINE
  5
38C
330
1A
100
AcDbEntity
  8
BLACK
  6
CONTINUOUS
100
AcDbLine
 10
1.4159278346456692
 20
1.645791220472441
 30
0
 11
1.4164605118110236
 21
1.6452585433070865
 31
0
  0
LINE
  5
38D
330
1A
100
AcDbEntity
  8
BLACK
  6
CONTINUOUS
100
AcDbLine
 10
1.4164605118110236
 20
1.6452585433070865
 30
0
 11
1.4165354330708662
 21
1.6448818897637796
 31
0
  0
LINE
  5
38E
330
1A
100
AcDbEntity
  8
BLACK
  6
CONTINUOUS
100
AcDbLine
 10
1.4165354330708662
 20
1.6448818897637796
 30
0
 11
1.4165354330708662
 21
1.5698819291338582
 31
0
  0
LINE
  5
38F
330
1A
100
AcDbEntity
  8
BLACK
  6
CONTINUOUS
100
AcDbLine
 10
1.4165354330708662
 20
1.5698819291338582
 30
0
 11
1.4312992125984252
 21
1.5698819291338582
 31
0
  0
LINE
  5
390
330
1A
100
AcDbEntity
  8
BLACK
  6
CONTINUOUS
100
AcDbLine
 10
1.4312992125984252
 20
1.5698819291338582
 30
0
 11
1.4316758661417321
 21
1.5698070078740156
 31
0
  0
LINE
  5
391
330
1A
100
AcDbEntity
  8
BLACK
  6
CONTINUOUS
100
AcDbLine
 10
1.4316758661417321
 20
1.5698070078740156
 30
0
 11
1.4322085433070866
 21
1.5692743307086614
 31
0
  0
LINE
  5
392
330
1A
100
AcDbEntity
  8
BLACK
  6
CONTINUOUS
100
AcDbLine
 10
1.4322085433070866
 20
1.5692743307086614
 30
0
 11
1.4322834645669291
 21
1.5688976771653542
 31
0
  0
LINE
  5
393
330
1A
100
AcDbEntity
  8
BLACK
  6
CONTINUOUS
100
AcDbLine
 10
1.4322834645669291
 20
1.5688976771653542
 30
0
 11
1.4322834645669291
 21
1.253936968503937
 31
0
  0
LINE
  5
394
330
1A
100
AcDbEntity
  8
BLACK
  6
CONTINUOUS
100
AcDbLine
 10
1.4322834645669291
 20
1.253936968503937
 30
0
 11
1.4322085433070866
 21
1.2535603543307086
 31
0
  0
LINE
  5
395
330
1A
100
AcDbEntity
  8
BLACK
  6
CONTINUOUS
100
AcDbLine
 10
1.4322085433070866
 20
1.2535603543307086
 30
0
 11
1.4322085433070866
 21
1.2535603149606298
 31
0
  0
LINE
  5
396
330
1A
100
AcDbEntity
  8
BLACK
  6
CONTINUOUS
100
AcDbLine
 10
1.4322085433070866
 20
1.2535603149606298
 30
0
 11
1.4316758661417321
 21
1.2530276377952756
 31
0
  0
LINE
  5
397
330
1A
100
AcDbEntity
  8
BLACK
  6
CONTINUOUS
100
AcDbLine
 10
1.4316758661417321
 20
1.2530276377952756
 30
0
 11
1.4312992125984252
 21
1.2529527165354331
 31
0
  0
LINE
  5
398
330
1A
100
AcDbEntity
  8
BLACK
  6
CONTINUOUS
100
AcDbLine
 10
1.4312992125984252
 20
1.2529527165354331
 30
0
 11
1.4165354330708662
 21
1.2529527559055118
 31
0
  0
LINE
  5
399
330
1A
100
AcDbEntity
  8
BLACK
  6
CONTINUOUS
100
AcDbLine
 10
1.4165354330708662
 20
1.2529527559055118
 30
0
 11
1.4165354330708662
 21
1.1779527559055119
 31
0
  0
LINE
  5
39A
330
1A
100
AcDbEntity
  8
BLACK
  6
CONTINUOUS
100
AcDbLine
 10
1.4165354330708662
 20
1.1779527559055119
 30
0
 11
1.4164605118110236
 21
1.1775761023622047
 31
0
  0
LINE
  5
39B
330
1A
100
AcDbEntity
  8
BLACK
  6
CONTINUOUS
100
AcDbLine
 10
1.4164605118110236
 20
1.1775761023622047
 30
0
 11
1.4159278346456692
 21
1.1770434251968505
 31
0
  0
LINE
  5
39C
330
1A
100
AcDbEntity
  8
BLACK
  6
CONTINUOUS
100
AcDbLine
 10
1.4159278346456692
 20
1.1770434251968505
 30
0
 11
1.4155511811023622
 21
1.1769685039370079
 31
0
  0
LINE
  5
39D
330
1A
100
AcDbEntity
  8
BLACK
  6
CONTINUOUS
100
AcDbLine
 10
1.4155511811023622
 20
1.1769685039370079
 30
0
 11
1.0218503937007875
 21
1.1769685039370079
 31
0
  0
LINE
  5
39E
330
1A
100
AcDbEntity
  8
BLACK
  6
CONTINUOUS
100
AcDbLine
 10
1.0218503937007875
 20
1.1769685039370079
 30
0
 11
1.0214737401574803
 21
1.1770434251968505
 31
0
  0
LINE
  5
39F
330
1A
100
AcDbEntity
  8
BLACK
  6
CONTINUOUS
100
AcDbLine
 10
1.0214737401574803
 20
1.1770434251968505
 30
0
 11
1.0209410629921261
 21
1.1775761023622047
 31
0
  0
LINE
  5
3A0
330
1A
100
AcDbEntity
  8
BLACK
  6
CONTINUOUS
100
AcDbLine
 10
1.0209410629921261
 20
1.1775761023622047
 30
0
 11
1.0208661417322835
 21
1.1779527559055119
 31
0
  0
LINE
  5
3A1
330
1A
100
AcDbEntity
  8
BLACK
  6
CONTINUOUS
100
AcDbLine
 10
1.0208661417322835
 20
1.1779527559055119
 30
0
 11
1.0208661417322835
 21
1.2529527559055118
 31
0
  0
LINE
  5
3A2
330
1A
100
AcDbEntity
  8
BLACK
  6
CONTINUOUS
100
AcDbLine
 10
1.0208661417322835
 20
1.2529527559055118
 30
0
 11
1.0061023622047245
 21
1.2529527165354331
 31
0
  0
LINE
  5
3A3
330
1A
100
AcDbEntity
  8
BLACK
  6
CONTINUOUS
100
AcDbLine
 10
1.0061023622047245
 20
1.2529527165354331
 30
0
 11
1.0057257086614173
 21
1.2530276377952756
 31
0
  0
LINE
  5
3A4
330
1A
100
AcDbEntity
  8
BLACK
  6
CONTINUOUS
100
AcDbLine
 10
1.0057257086614173
 20
1.2530276377952756
 30
0
 11
1.0051930314960629
 21
1.2535603149606298
 31
0
  0
LINE
  5
3A5
330
1A
100
AcDbEntity
  8
BLACK
  6
CONTINUOUS
100
AcDbLine
 10
1.0051930314960629
 20
1.2535603149606298
 30
0
 11
1.0051930314960629
 21
1.2535603543307086
 31
0
  0
LINE
  5
3A6
330
1A
100
AcDbEntity
  8
BLACK
  6
CONTINUOUS
100
AcDbLine
 10
1.0051930314960629
 20
1.2535603543307086
 30
0
 11
1.0051181102362206
 21
1.253936968503937
 31
0
  0
LINE
  5
3A7
330
1A
100
AcDbEntity
  8
BLACK
  6
CONTINUOUS
100
AcDbLine
 10
1.0051181102362206
 20
1.253936968503937
 30
0
 11
1.0051181102362206
 21
1.5688976771653542
 31
0
  0
LINE
  5
3A8
330
1A
100
AcDbEntity
  8
BLACK
  6
CONTINUOUS
100
AcDbLine
 10
1.0051181102362206
 20
1.5688976771653542
 30
0
 11
1.0051930314960629
 21
1.5692743307086614
 31
0
  0
LINE
  5
3A9
330
1A
100
AcDbEntity
  8
BLACK
  6
CONTINUOUS
100
AcDbLine
 10
1.0051930314960629
 20
1.5692743307086614
 30
0
 11
1.0057257086614173
 21
1.5698070078740156
 31
0
  0
LINE
  5
3AA
330
1A
100
AcDbEntity
  8
BLACK
  6
CONTINUOUS
100
AcDbLine
 10
1.0057257086614173
 20
1.5698070078740156
 30
0
 11
1.0061023622047245
 21
1.5698819291338582
 31
0
  0
LINE
  5
3AB
330
1A
100
AcDbEntity
  8
BLACK
  6
CONTINUOUS
100
AcDbLine
 10
1.0061023622047245
 20
1.5698819291338582
 30
0
 11
1.0208661417322835
 21
1.5698819291338582
 31
0
  0
LINE
  5
3AC
330
1A
100
AcDbEntity
  8
BLACK
  6
CONTINUOUS
100
AcDbLine
 10
1.0208661417322835
 20
1.5698819291338582
 30
0
 11
1.0208661417322835
 21
1.6448818897637796
 31
0
  0
LINE
  5
3AD
330
1A
100
AcDbEntity
  8
BLACK
  6
CONTINUOUS
100
AcDbLine
 10
1.0208661417322835
 20
1.6448818897637796
 30
0
 11
1.0209410629921261
 21
1.6452585433070865
 31
0
  0
LINE
  5
3AE
330
1A
100
AcDbEntity
  8
BLACK
  6
CONTINUOUS
100
AcDbLine
 10
1.0209410629921261
 20
1.6452585433070865
 30
0
 11
1.0214737401574803
 21
1.645791220472441
 31
0
  0
LINE
  5
3AF
330
1A
100
AcDbEntity
  8
BLACK
  6
CONTINUOUS
100
AcDbLine
 10
1.0214737401574803
 20
1.645791220472441
 30
0
 11
1.0218503937007875
 21
1.6458661417322835
 31
0
  0
LINE
  5
3B0
330
1A
100
AcDbEntity
  8
BLACK
  6
CONTINUOUS
100
AcDbLine
 10
1.0218503937007875
 20
1.6458661417322835
 30
0
 11
1.4155511811023622
 21
1.6458661417322835
 31
0
  0
LINE
  5
3B1
330
1A
100
AcDbEntity
  8
BLACK
  6
CONTINUOUS
100
AcDbLine
 10
1.4155511811023622
 20
1.6458661417322835
 30
0
 11
1.4159278346456692
 21
1.645791220472441
 31
0
  0
LINE
  5
3B2
330
1A
100
AcDbEntity
  8
BLACK
  6
CONTINUOUS
100
AcDbLine
 10
1.0228346456692914
 20
1.6438976377952756
 30
0
 11
1.0228346456692914
 21
1.5688976377952755
 31
0
  0
LINE
  5
3B3
330
1A
100
AcDbEntity
  8
BLACK
  6
CONTINUOUS
100
AcDbLine
 10
1.0228346456692914
 20
1.5688976377952755
 30
0
 11
1.0227597244094488
 21
1.5685210236220473
 31
0
  0
LINE
  5
3B4
330
1A
100
AcDbEntity
  8
BLACK
  6
CONTINUOUS
100
AcDbLine
 10
1.0227597244094488
 20
1.5685210236220473
 30
0
 11
1.0227597244094488
 21
1.5685209842519685
 31
0
  0
LINE
  5
3B5
330
1A
100
AcDbEntity
  8
BLACK
  6
CONTINUOUS
100
AcDbLine
 10
1.0227597244094488
 20
1.5685209842519685
 30
0
 11
1.0222270472440944
 21
1.5679883070866141
 31
0
  0
LINE
  5
3B6
330
1A
100
AcDbEntity
  8
BLACK
  6
CONTINUOUS
100
AcDbLine
 10
1.0222270472440944
 20
1.5679883070866141
 30
0
 11
1.0218503937007875
 21
1.5679133858267715
 31
0
  0
LINE
  5
3B7
330
1A
100
AcDbEntity
  8
BLACK
  6
CONTINUOUS
100
AcDbLine
 10
1.0218503937007875
 20
1.5679133858267715
 30
0
 11
1.0070866141732284
 21
1.5679134251968503
 31
0
  0
LINE
  5
3B8
330
1A
100
AcDbEntity
  8
BLACK
  6
CONTINUOUS
100
AcDbLine
 10
1.0070866141732284
 20
1.5679134251968503
 30
0
 11
1.0070866141732284
 21
1.2549212598425197
 31
0
  0
LINE
  5
3B9
330
1A
100
AcDbEntity
  8
BLACK
  6
CONTINUOUS
100
AcDbLine
 10
1.0070866141732284
 20
1.2549212598425197
 30
0
 11
1.0218503937007875
 21
1.2549212598425197
 31
0
  0
LINE
  5
3BA
330
1A
100
AcDbEntity
  8
BLACK
  6
CONTINUOUS
100
AcDbLine
 10
1.0218503937007875
 20
1.2549212598425197
 30
0
 11
1.0222270472440944
 21
1.2548463385826771
 31
0
  0
LINE
  5
3BB
330
1A
100
AcDbEntity
  8
BLACK
  6
CONTINUOUS
100
AcDbLine
 10
1.0222270472440944
 20
1.2548463385826771
 30
0
 11
1.0227597244094488
 21
1.2543136614173227
 31
0
  0
LINE
  5
3BC
330
1A
100
AcDbEntity
  8
BLACK
  6
CONTINUOUS
100
AcDbLine
 10
1.0227597244094488
 20
1.2543136614173227
 30
0
 11
1.0228346456692914
 21
1.2539370078740157
 31
0
  0
LINE
  5
3BD
330
1A
100
AcDbEntity
  8
BLACK
  6
CONTINUOUS
100
AcDbLine
 10
1.0228346456692914
 20
1.2539370078740157
 30
0
 11
1.0228346456692914
 21
1.1789370078740158
 31
0
  0
LINE
  5
3BE
330
1A
100
AcDbEntity
  8
BLACK
  6
CONTINUOUS
100
AcDbLine
 10
1.0228346456692914
 20
1.1789370078740158
 30
0
 11
1.4145669291338583
 21
1.1789370078740158
 31
0
  0
LINE
  5
3BF
330
1A
100
AcDbEntity
  8
BLACK
  6
CONTINUOUS
100
AcDbLine
 10
1.4145669291338583
 20
1.1789370078740158
 30
0
 11
1.4145669291338583
 21
1.2539370078740157
 31
0
  0
LINE
  5
3C0
330
1A
100
AcDbEntity
  8
BLACK
  6
CONTINUOUS
100
AcDbLine
 10
1.4145669291338583
 20
1.2539370078740157
 30
0
 11
1.4146418503937008
 21
1.2543136614173227
 31
0
  0
LINE
  5
3C1
330
1A
100
AcDbEntity
  8
BLACK
  6
CONTINUOUS
100
AcDbLine
 10
1.4146418503937008
 20
1.2543136614173227
 30
0
 11
1.415174527559055
 21
1.2548463385826771
 31
0
  0
LINE
  5
3C2
330
1A
100
AcDbEntity
  8
BLACK
  6
CONTINUOUS
100
AcDbLine
 10
1.415174527559055
 20
1.2548463385826771
 30
0
 11
1.4155511811023622
 21
1.2549212598425197
 31
0
  0
LINE
  5
3C3
330
1A
100
AcDbEntity
  8
BLACK
  6
CONTINUOUS
100
AcDbLine
 10
1.4155511811023622
 20
1.2549212598425197
 30
0
 11
1.4303149606299213
 21
1.2549212598425197
 31
0
  0
LINE
  5
3C4
330
1A
100
AcDbEntity
  8
BLACK
  6
CONTINUOUS
100
AcDbLine
 10
1.4303149606299213
 20
1.2549212598425197
 30
0
 11
1.4303149606299213
 21
1.5679134251968503
 31
0
  0
LINE
  5
3C5
330
1A
100
AcDbEntity
  8
BLACK
  6
CONTINUOUS
100
AcDbLine
 10
1.4303149606299213
 20
1.5679134251968503
 30
0
 11
1.4155511811023622
 21
1.5679133858267715
 31
0
  0
LINE
  5
3C6
330
1A
100
AcDbEntity
  8
BLACK
  6
CONTINUOUS
100
AcDbLine
 10
1.4155511811023622
 20
1.5679133858267715
 30
0
 11
1.415174527559055
 21
1.5679883070866141
 31
0
  0
LINE
  5
3C7
330
1A
100
AcDbEntity
  8
BLACK
  6
CONTINUOUS
100
AcDbLine
 10
1.415174527559055
 20
1.5679883070866141
 30
0
 11
1.4146418503937008
 21
1.5685209842519685
 31
0
  0
LINE
  5
3C8
330
1A
100
AcDbEntity
  8
BLACK
  6
CONTINUOUS
100
AcDbLine
 10
1.4146418503937008
 20
1.5685209842519685
 30
0
 11
1.4146418503937008
 21
1.5685210236220473
 31
0
  0
LINE
  5
3C9
330
1A
100
AcDbEntity
  8
BLACK
  6
CONTINUOUS
100
AcDbLine
 10
1.4146418503937008
 20
1.5685210236220473
 30
0
 11
1.4145669291338583
 21
1.5688976377952755
 31
0
  0
LINE
  5
3CA
330
1A
100
AcDbEntity
  8
BLACK
  6
CONTINUOUS
100
AcDbLine
 10
1.4145669291338583
 20
1.5688976377952755
 30
0
 11
1.4145669291338583
 21
1.6438976377952756
 31
0
  0
LINE
  5
3CB
330
1A
100
AcDbEntity
  8
BLACK
  6
CONTINUOUS
100
AcDbLine
 10
1.4145669291338583
 20
1.6438976377952756
 30
0
 11
1.0228346456692914
 21
1.6438976377952756
 31
0
  0
LINE
  5
3CC
330
1A
100
AcDbEntity
  8
BLACK
  6
CONTINUOUS
100
AcDbLine
 10
0.1176994881889764
 20
1.3257125196850394
 30
0
 11
0.1182321653543307
 21
1.325179842519685
 31
0
  0
LINE
  5
3CD
330
1A
100
AcDbEntity
  8
BLACK
  6
CONTINUOUS
100
AcDbLine
 10
0.1182321653543307
 20
1.325179842519685
 30
0
 11
0.1183070866141732
 21
1.3248031889763778
 31
0
  0
LINE
  5
3CE
330
1A
100
AcDbEntity
  8
BLACK
  6
CONTINUOUS
100
AcDbLine
 10
0.1183070866141732
 20
1.3248031889763778
 30
0
 11
0.1183070866141732
 21
1.1909449212598424
 31
0
  0
LINE
  5
3CF
330
1A
100
AcDbEntity
  8
BLACK
  6
CONTINUOUS
100
AcDbLine
 10
0.1183070866141732
 20
1.1909449212598424
 30
0
 11
0.1182321653543307
 21
1.1905682677165355
 31
0
  0
LINE
  5
3D0
330
1A
100
AcDbEntity
  8
BLACK
  6
CONTINUOUS
100
AcDbLine
 10
0.1182321653543307
 20
1.1905682677165355
 30
0
 11
0.1176994881889764
 21
1.190035590551181
 31
0
  0
LINE
  5
3D1
330
1A
100
AcDbEntity
  8
BLACK
  6
CONTINUOUS
100
AcDbLine
 10
0.1176994881889764
 20
1.190035590551181
 30
0
 11
0.1173228346456693
 21
1.1899606692913385
 31
0
  0
LINE
  5
3D2
330
1A
100
AcDbEntity
  8
BLACK
  6
CONTINUOUS
100
AcDbLine
 10
0.1173228346456693
 20
1.1899606692913385
 30
0
 11
0.0401574803149606
 21
1.1899606692913385
 31
0
  0
LINE
  5
3D3
330
1A
100
AcDbEntity
  8
BLACK
  6
CONTINUOUS
100
AcDbLine
 10
0.0401574803149606
 20
1.1899606692913385
 30
0
 11
0.0397808267716535
 21
1.190035590551181
 31
0
  0
LINE
  5
3D4
330
1A
100
AcDbEntity
  8
BLACK
  6
CONTINUOUS
100
AcDbLine
 10
0.0397808267716535
 20
1.190035590551181
 30
0
 11
0.0392481496062992
 21
1.1905682677165355
 31
0
  0
LINE
  5
3D5
330
1A
100
AcDbEntity
  8
BLACK
  6
CONTINUOUS
100
AcDbLine
 10
0.0392481496062992
 20
1.1905682677165355
 30
0
 11
0.0391732283464567
 21
1.1909449212598424
 31
0
  0
LINE
  5
3D6
330
1A
100
AcDbEntity
  8
BLACK
  6
CONTINUOUS
100
AcDbLine
 10
0.0391732283464567
 20
1.1909449212598424
 30
0
 11
0.0391732283464567
 21
1.3248031889763778
 31
0
  0
LINE
  5
3D7
330
1A
100
AcDbEntity
  8
BLACK
  6
CONTINUOUS
100
AcDbLine
 10
0.0391732283464567
 20
1.3248031889763778
 30
0
 11
0.0392481496062992
 21
1.325179842519685
 31
0
  0
LINE
  5
3D8
330
1A
100
AcDbEntity
  8
BLACK
  6
CONTINUOUS
100
AcDbLine
 10
0.0392481496062992
 20
1.325179842519685
 30
0
 11
0.0397808267716535
 21
1.3257125196850394
 31
0
  0
LINE
  5
3D9
330
1A
100
AcDbEntity
  8
BLACK
  6
CONTINUOUS
100
AcDbLine
 10
0.0397808267716535
 20
1.3257125196850394
 30
0
 11
0.0401574803149606
 21
1.3257874409448818
 31
0
  0
LINE
  5
3DA
330
1A
100
AcDbEntity
  8
BLACK
  6
CONTINUOUS
100
AcDbLine
 10
0.0401574803149606
 20
1.3257874409448818
 30
0
 11
0.1173228346456693
 21
1.3257874409448818
 31
0
  0
LINE
  5
3DB
330
1A
100
AcDbEntity
  8
BLACK
  6
CONTINUOUS
100
AcDbLine
 10
0.1173228346456693
 20
1.3257874409448818
 30
0
 11
0.1176994881889764
 21
1.3257125196850394
 31
0
  0
LINE
  5
3DC
330
1A
100
AcDbEntity
  8
BLACK
  6
CONTINUOUS
100
AcDbLine
 10
0.0411417322834646
 20
1.3238189370078739
 30
0
 11
0.0411417322834646
 21
1.1919291732283464
 31
0
  0
LINE
  5
3DD
330
1A
100
AcDbEntity
  8
BLACK
  6
CONTINUOUS
100
AcDbLine
 10
0.0411417322834646
 20
1.1919291732283464
 30
0
 11
0.1163385826771653
 21
1.1919291732283464
 31
0
  0
LINE
  5
3DE
330
1A
100
AcDbEntity
  8
BLACK
  6
CONTINUOUS
100
AcDbLine
 10
0.1163385826771653
 20
1.1919291732283464
 30
0
 11
0.1163385826771653
 21
1.3238189370078739
 31
0
  0
LINE
  5
3DF
330
1A
100
AcDbEntity
  8
BLACK
  6
CONTINUOUS
100
AcDbLine
 10
0.1163385826771653
 20
1.3238189370078739
 30
0
 11
0.0411417322834646
 21
1.3238189370078739
 31
0
  0
LINE
  5
3E0
330
1A
100
AcDbEntity
  8
BLACK
  6
CONTINUOUS
100
AcDbLine
 10
0.0350223228346457
 20
1.3276809842519686
 30
0
 11
0.035555
 21
1.3271483070866141
 31
0
  0
LINE
  5
3E1
330
1A
100
AcDbEntity
  8
BLACK
  6
CONTINUOUS
100
AcDbLine
 10
0.035555
 20
1.3271483070866141
 30
0
 11
0.0356299212598425
 21
1.326771653543307
 31
0
  0
LINE
  5
3E2
330
1A
100
AcDbEntity
  8
BLACK
  6
CONTINUOUS
100
AcDbLine
 10
0.0356299212598425
 20
1.326771653543307
 30
0
 11
0.0356299212598425
 21
1.1929133858267715
 31
0
  0
LINE
  5
3E3
330
1A
100
AcDbEntity
  8
BLACK
  6
CONTINUOUS
100
AcDbLine
 10
0.0356299212598425
 20
1.1929133858267715
 30
0
 11
0.035555
 21
1.1925367322834646
 31
0
  0
LINE
  5
3E4
330
1A
100
AcDbEntity
  8
BLACK
  6
CONTINUOUS
100
AcDbLine
 10
0.035555
 20
1.1925367322834646
 30
0
 11
0.0350223228346457
 21
1.1920040551181101
 31
0
  0
LINE
  5
3E5
330
1A
100
AcDbEntity
  8
BLACK
  6
CONTINUOUS
100
AcDbLine
 10
0.0350223228346457
 20
1.1920040551181101
 30
0
 11
0.0346456692913386
 21
1.1919291338582676
 31
0
  0
LINE
  5
3E6
330
1A
100
AcDbEntity
  8
BLACK
  6
CONTINUOUS
100
AcDbLine
 10
0.0346456692913386
 20
1.1919291338582676
 30
0
 11
-0.0425196850393701
 21
1.1919291338582676
 31
0
  0
LINE
  5
3E7
330
1A
100
AcDbEntity
  8
BLACK
  6
CONTINUOUS
100
AcDbLine
 10
-0.0425196850393701
 20
1.1919291338582676
 30
0
 11
-0.0428963385826772
 21
1.1920040551181101
 31
0
  0
LINE
  5
3E8
330
1A
100
AcDbEntity
  8
BLACK
  6
CONTINUOUS
100
AcDbLine
 10
-0.0428963385826772
 20
1.1920040551181101
 30
0
 11
-0.0434290157480315
 21
1.1925367322834646
 31
0
  0
LINE
  5
3E9
330
1A
100
AcDbEntity
  8
BLACK
  6
CONTINUOUS
100
AcDbLine
 10
-0.0434290157480315
 20
1.1925367322834646
 30
0
 11
-0.043503937007874
 21
1.1929133858267715
 31
0
  0
LINE
  5
3EA
330
1A
100
AcDbEntity
  8
BLACK
  6
CONTINUOUS
100
AcDbLine
 10
-0.043503937007874
 20
1.1929133858267715
 30
0
 11
-0.043503937007874
 21
1.326771653543307
 31
0
  0
LINE
  5
3EB
330
1A
100
AcDbEntity
  8
BLACK
  6
CONTINUOUS
100
AcDbLine
 10
-0.043503937007874
 20
1.326771653543307
 30
0
 11
-0.0434290157480315
 21
1.3271483070866141
 31
0
  0
LINE
  5
3EC
330
1A
100
AcDbEntity
  8
BLACK
  6
CONTINUOUS
100
AcDbLine
 10
-0.0434290157480315
 20
1.3271483070866141
 30
0
 11
-0.0428963385826772
 21
1.3276809842519686
 31
0
  0
LINE
  5
3ED
330
1A
100
AcDbEntity
  8
BLACK
  6
CONTINUOUS
100
AcDbLine
 10
-0.0428963385826772
 20
1.3276809842519686
 30
0
 11
-0.0425196850393701
 21
1.3277559055118109
 31
0
  0
LINE
  5
3EE
330
1A
100
AcDbEntity
  8
BLACK
  6
CONTINUOUS
100
AcDbLine
 10
-0.0425196850393701
 20
1.3277559055118109
 30
0
 11
0.0346456692913386
 21
1.3277559055118109
 31
0
  0
LINE
  5
3EF
330
1A
100
AcDbEntity
  8
BLACK
  6
CONTINUOUS
100
AcDbLine
 10
0.0346456692913386
 20
1.3277559055118109
 30
0
 11
0.0350223228346457
 21
1.3276809842519686
 31
0
  0
LINE
  5
3F0
330
1A
100
AcDbEntity
  8
BLACK
  6
CONTINUOUS
100
AcDbLine
 10
-0.0415354330708661
 20
1.325787401574803
 30
0
 11
-0.0415354330708661
 21
1.1938976377952755
 31
0
  0
LINE
  5
3F1
330
1A
100
AcDbEntity
  8
BLACK
  6
CONTINUOUS
100
AcDbLine
 10
-0.0415354330708661
 20
1.1938976377952755
 30
0
 11
0.0336614173228346
 21
1.1938976377952755
 31
0
  0
LINE
  5
3F2
330
1A
100
AcDbEntity
  8
BLACK
  6
CONTINUOUS
100
AcDbLine
 10
0.0336614173228346
 20
1.1938976377952755
 30
0
 11
0.0336614173228346
 21
1.325787401574803
 31
0
  0
LINE
  5
3F3
330
1A
100
AcDbEntity
  8
BLACK
  6
CONTINUOUS
100
AcDbLine
 10
0.0336614173228346
 20
1.325787401574803
 30
0
 11
-0.0415354330708661
 21
1.325787401574803
 31
0
  0
LINE
  5
3F4
330
1A
100
AcDbEntity
  8
BLACK
  6
CONTINUOUS
100
AcDbLine
 10
-0.7334816535433071
 20
1.3825038188976377
 30
0
 11
-0.7329489763779528
 21
1.3819711417322835
 31
0
  0
LINE
  5
3F5
330
1A
100
AcDbEntity
  8
BLACK
  6
CONTINUOUS
100
AcDbLine
 10
-0.7329489763779528
 20
1.3819711417322835
 30
0
 11
-0.7328740551181102
 21
1.3815944881889763
 31
0
  0
LINE
  5
3F6
330
1A
100
AcDbEntity
  8
BLACK
  6
CONTINUOUS
100
AcDbLine
 10
-0.7328740551181102
 20
1.3815944881889763
 30
0
 11
-0.7328740551181102
 21
1.3420275590551181
 31
0
  0
LINE
  5
3F7
330
1A
100
AcDbEntity
  8
BLACK
  6
CONTINUOUS
100
AcDbLine
 10
-0.7328740551181102
 20
1.3420275590551181
 30
0
 11
-0.7041338188976378
 21
1.3420275590551181
 31
0
  0
LINE
  5
3F8
330
1A
100
AcDbEntity
  8
BLACK
  6
CONTINUOUS
100
AcDbLine
 10
-0.7041338188976378
 20
1.3420275590551181
 30
0
 11
-0.7041338188976378
 21
1.3815944881889763
 31
0
  0
LINE
  5
3F9
330
1A
100
AcDbEntity
  8
BLACK
  6
CONTINUOUS
100
AcDbLine
 10
-0.7041338188976378
 20
1.3815944881889763
 30
0
 11
-0.7040588976377953
 21
1.3819711417322835
 31
0
  0
LINE
  5
3FA
330
1A
100
AcDbEntity
  8
BLACK
  6
CONTINUOUS
100
AcDbLine
 10
-0.7040588976377953
 20
1.3819711417322835
 30
0
 11
-0.703526220472441
 21
1.3825038188976377
 31
0
  0
LINE
  5
3FB
330
1A
100
AcDbEntity
  8
BLACK
  6
CONTINUOUS
100
AcDbLine
 10
-0.703526220472441
 20
1.3825038188976377
 30
0
 11
-0.7031495669291339
 21
1.3825787401574803
 31
0
  0
LINE
  5
3FC
330
1A
100
AcDbEntity
  8
BLACK
  6
CONTINUOUS
100
AcDbLine
 10
-0.7031495669291339
 20
1.3825787401574803
 30
0
 11
-0.6594488188976377
 21
1.3825787401574803
 31
0
  0
LINE
  5
3FD
330
1A
100
AcDbEntity
  8
BLACK
  6
CONTINUOUS
100
AcDbLine
 10
-0.6594488188976377
 20
1.3825787401574803
 30
0
 11
-0.6590721653543307
 21
1.3825038188976377
 31
0
  0
LINE
  5
3FE
330
1A
100
AcDbEntity
  8
BLACK
  6
CONTINUOUS
100
AcDbLine
 10
-0.6590721653543307
 20
1.3825038188976377
 30
0
 11
-0.6585394881889763
 21
1.3819711417322835
 31
0
  0
LINE
  5
3FF
330
1A
100
AcDbEntity
  8
BLACK
  6
CONTINUOUS
100
AcDbLine
 10
-0.6585394881889763
 20
1.3819711417322835
 30
0
 11
-0.6584645669291338
 21
1.3815944881889763
 31
0
  0
LINE
  5
400
330
1A
100
AcDbEntity
  8
BLACK
  6
CONTINUOUS
100
AcDbLine
 10
-0.6584645669291338
 20
1.3815944881889763
 30
0
 11
-0.6584645669291338
 21
1.3420275984251968
 31
0
  0
LINE
  5
401
330
1A
100
AcDbEntity
  8
BLACK
  6
CONTINUOUS
100
AcDbLine
 10
-0.6584645669291338
 20
1.3420275984251968
 30
0
 11
-0.6515748031496063
 21
1.3420275984251968
 31
0
  0
LINE
  5
402
330
1A
100
AcDbEntity
  8
BLACK
  6
CONTINUOUS
100
AcDbLine
 10
-0.6515748031496063
 20
1.3420275984251968
 30
0
 11
-0.6511981496062992
 21
1.3419526771653543
 31
0
  0
LINE
  5
403
330
1A
100
AcDbEntity
  8
BLACK
  6
CONTINUOUS
100
AcDbLine
 10
-0.6511981496062992
 20
1.3419526771653543
 30
0
 11
-0.6506654724409449
 21
1.3414200000000001
 31
0
  0
LINE
  5
404
330
1A
100
AcDbEntity
  8
BLACK
  6
CONTINUOUS
100
AcDbLine
 10
-0.6506654724409449
 20
1.3414200000000001
 30
0
 11
-0.6505905511811023
 21
1.3410433464566929
 31
0
  0
LINE
  5
405
330
1A
100
AcDbEntity
  8
BLACK
  6
CONTINUOUS
100
AcDbLine
 10
-0.6505905511811023
 20
1.3410433464566929
 30
0
 11
-0.6505905511811023
 21
1.270177125984252
 31
0
  0
LINE
  5
406
330
1A
100
AcDbEntity
  8
BLACK
  6
CONTINUOUS
100
AcDbLine
 10
-0.6505905511811023
 20
1.270177125984252
 30
0
 11
-0.6506654724409449
 21
1.2698005118110236
 31
0
  0
LINE
  5
407
330
1A
100
AcDbEntity
  8
BLACK
  6
CONTINUOUS
100
AcDbLine
 10
-0.6506654724409449
 20
1.2698005118110236
 30
0
 11
-0.6506654724409449
 21
1.2698004724409448
 31
0
  0
LINE
  5
408
330
1A
100
AcDbEntity
  8
BLACK
  6
CONTINUOUS
100
AcDbLine
 10
-0.6506654724409449
 20
1.2698004724409448
 30
0
 11
-0.6511981496062992
 21
1.2692677952755904
 31
0
  0
LINE
  5
409
330
1A
100
AcDbEntity
  8
BLACK
  6
CONTINUOUS
100
AcDbLine
 10
-0.6511981496062992
 20
1.2692677952755904
 30
0
 11
-0.6515748031496063
 21
1.2691928740157481
 31
0
  0
LINE
  5
40A
330
1A
100
AcDbEntity
  8
BLACK
  6
CONTINUOUS
100
AcDbLine
 10
-0.6515748031496063
 20
1.2691928740157481
 30
0
 11
-0.6958661417322834
 21
1.2691929133858268
 31
0
  0
LINE
  5
40B
330
1A
100
AcDbEntity
  8
BLACK
  6
CONTINUOUS
100
AcDbLine
 10
-0.6958661417322834
 20
1.2691929133858268
 30
0
 11
-0.6958661417322834
 21
1.2296259842519686
 31
0
  0
LINE
  5
40C
330
1A
100
AcDbEntity
  8
BLACK
  6
CONTINUOUS
100
AcDbLine
 10
-0.6958661417322834
 20
1.2296259842519686
 30
0
 11
-0.695941062992126
 21
1.2292493307086614
 31
0
  0
LINE
  5
40D
330
1A
100
AcDbEntity
  8
BLACK
  6
CONTINUOUS
100
AcDbLine
 10
-0.695941062992126
 20
1.2292493307086614
 30
0
 11
-0.6964737401574803
 21
1.2287166535433072
 31
0
  0
LINE
  5
40E
330
1A
100
AcDbEntity
  8
BLACK
  6
CONTINUOUS
100
AcDbLine
 10
-0.6964737401574803
 20
1.2287166535433072
 30
0
 11
-0.6968503937007874
 21
1.2286417322834646
 31
0
  0
LINE
  5
40F
330
1A
100
AcDbEntity
  8
BLACK
  6
CONTINUOUS
100
AcDbLine
 10
-0.6968503937007874
 20
1.2286417322834646
 30
0
 11
-0.7401574803149606
 21
1.2286417322834646
 31
0
  0
LINE
  5
410
330
1A
100
AcDbEntity
  8
BLACK
  6
CONTINUOUS
100
AcDbLine
 10
-0.7401574803149606
 20
1.2286417322834646
 30
0
 11
-0.7405341338582677
 21
1.2287166535433072
 31
0
  0
LINE
  5
411
330
1A
100
AcDbEntity
  8
BLACK
  6
CONTINUOUS
100
AcDbLine
 10
-0.7405341338582677
 20
1.2287166535433072
 30
0
 11
-0.741066811023622
 21
1.2292493307086614
 31
0
  0
LINE
  5
412
330
1A
100
AcDbEntity
  8
BLACK
  6
CONTINUOUS
100
AcDbLine
 10
-0.741066811023622
 20
1.2292493307086614
 30
0
 11
-0.7411417322834646
 21
1.2296259842519686
 31
0
  0
LINE
  5
413
330
1A
100
AcDbEntity
  8
BLACK
  6
CONTINUOUS
100
AcDbLine
 10
-0.7411417322834646
 20
1.2296259842519686
 30
0
 11
-0.7411417322834646
 21
1.2691929133858268
 31
0
  0
LINE
  5
414
330
1A
100
AcDbEntity
  8
BLACK
  6
CONTINUOUS
100
AcDbLine
 10
-0.7411417322834646
 20
1.2691929133858268
 30
0
 11
-0.7854330708661417
 21
1.2691928740157481
 31
0
  0
LINE
  5
415
330
1A
100
AcDbEntity
  8
BLACK
  6
CONTINUOUS
100
AcDbLine
 10
-0.7854330708661417
 20
1.2691928740157481
 30
0
 11
-0.7858097244094489
 21
1.2692677952755904
 31
0
  0
LINE
  5
416
330
1A
100
AcDbEntity
  8
BLACK
  6
CONTINUOUS
100
AcDbLine
 10
-0.7858097244094489
 20
1.2692677952755904
 30
0
 11
-0.7863424015748032
 21
1.2698004724409448
 31
0
  0
LINE
  5
417
330
1A
100
AcDbEntity
  8
BLACK
  6
CONTINUOUS
100
AcDbLine
 10
-0.7863424015748032
 20
1.2698004724409448
 30
0
 11
-0.7863424015748032
 21
1.2698005118110236
 31
0
  0
LINE
  5
418
330
1A
100
AcDbEntity
  8
BLACK
  6
CONTINUOUS
100
AcDbLine
 10
-0.7863424015748032
 20
1.2698005118110236
 30
0
 11
-0.7864173228346456
 21
1.270177125984252
 31
0
  0
LINE
  5
419
330
1A
100
AcDbEntity
  8
BLACK
  6
CONTINUOUS
100
AcDbLine
 10
-0.7864173228346456
 20
1.270177125984252
 30
0
 11
-0.7864173228346456
 21
1.3410433464566929
 31
0
  0
LINE
  5
41A
330
1A
100
AcDbEntity
  8
BLACK
  6
CONTINUOUS
100
AcDbLine
 10
-0.7864173228346456
 20
1.3410433464566929
 30
0
 11
-0.7863424015748032
 21
1.3414200000000001
 31
0
  0
LINE
  5
41B
330
1A
100
AcDbEntity
  8
BLACK
  6
CONTINUOUS
100
AcDbLine
 10
-0.7863424015748032
 20
1.3414200000000001
 30
0
 11
-0.7858097244094489
 21
1.3419526771653543
 31
0
  0
LINE
  5
41C
330
1A
100
AcDbEntity
  8
BLACK
  6
CONTINUOUS
100
AcDbLine
 10
-0.7858097244094489
 20
1.3419526771653543
 30
0
 11
-0.7854330708661417
 21
1.3420275984251968
 31
0
  0
LINE
  5
41D
330
1A
100
AcDbEntity
  8
BLACK
  6
CONTINUOUS
100
AcDbLine
 10
-0.7854330708661417
 20
1.3420275984251968
 30
0
 11
-0.7785433070866141
 21
1.3420275984251968
 31
0
  0
LINE
  5
41E
330
1A
100
AcDbEntity
  8
BLACK
  6
CONTINUOUS
100
AcDbLine
 10
-0.7785433070866141
 20
1.3420275984251968
 30
0
 11
-0.7785433070866141
 21
1.3815944881889763
 31
0
  0
LINE
  5
41F
330
1A
100
AcDbEntity
  8
BLACK
  6
CONTINUOUS
100
AcDbLine
 10
-0.7785433070866141
 20
1.3815944881889763
 30
0
 11
-0.7784683858267716
 21
1.3819711417322835
 31
0
  0
LINE
  5
420
330
1A
100
AcDbEntity
  8
BLACK
  6
CONTINUOUS
100
AcDbLine
 10
-0.7784683858267716
 20
1.3819711417322835
 30
0
 11
-0.7779357086614173
 21
1.3825038188976377
 31
0
  0
LINE
  5
421
330
1A
100
AcDbEntity
  8
BLACK
  6
CONTINUOUS
100
AcDbLine
 10
-0.7779357086614173
 20
1.3825038188976377
 30
0
 11
-0.7775590551181102
 21
1.3825787401574803
 31
0
  0
LINE
  5
422
330
1A
100
AcDbEntity
  8
BLACK
  6
CONTINUOUS
100
AcDbLine
 10
-0.7775590551181102
 20
1.3825787401574803
 30
0
 11
-0.7338583070866141
 21
1.3825787401574803
 31
0
  0
LINE
  5
423
330
1A
100
AcDbEntity
  8
BLACK
  6
CONTINUOUS
100
AcDbLine
 10
-0.7338583070866141
 20
1.3825787401574803
 30
0
 11
-0.7334816535433071
 21
1.3825038188976377
 31
0
  0
LINE
  5
424
330
1A
100
AcDbEntity
  8
BLACK
  6
CONTINUOUS
100
AcDbLine
 10
-0.7765748031496063
 20
1.3806102362204724
 30
0
 11
-0.7765748031496063
 21
1.3410433070866141
 31
0
  0
LINE
  5
425
330
1A
100
AcDbEntity
  8
BLACK
  6
CONTINUOUS
100
AcDbLine
 10
-0.7765748031496063
 20
1.3410433070866141
 30
0
 11
-0.7766497244094488
 21
1.3406666929133857
 31
0
  0
LINE
  5
426
330
1A
100
AcDbEntity
  8
BLACK
  6
CONTINUOUS
100
AcDbLine
 10
-0.7766497244094488
 20
1.3406666929133857
 30
0
 11
-0.7766497244094488
 21
1.3406666535433072
 31
0
  0
LINE
  5
427
330
1A
100
AcDbEntity
  8
BLACK
  6
CONTINUOUS
100
AcDbLine
 10
-0.7766497244094488
 20
1.3406666535433072
 30
0
 11
-0.7771824015748031
 21
1.3401339763779527
 31
0
  0
LINE
  5
428
330
1A
100
AcDbEntity
  8
BLACK
  6
CONTINUOUS
100
AcDbLine
 10
-0.7771824015748031
 20
1.3401339763779527
 30
0
 11
-0.7775590551181102
 21
1.3400590551181102
 31
0
  0
LINE
  5
429
330
1A
100
AcDbEntity
  8
BLACK
  6
CONTINUOUS
100
AcDbLine
 10
-0.7775590551181102
 20
1.3400590551181102
 30
0
 11
-0.7844488188976377
 21
1.3400590944881889
 31
0
  0
LINE
  5
42A
330
1A
100
AcDbEntity
  8
BLACK
  6
CONTINUOUS
100
AcDbLine
 10
-0.7844488188976377
 20
1.3400590944881889
 30
0
 11
-0.7844488188976377
 21
1.2711614173228347
 31
0
  0
LINE
  5
42B
330
1A
100
AcDbEntity
  8
BLACK
  6
CONTINUOUS
100
AcDbLine
 10
-0.7844488188976377
 20
1.2711614173228347
 30
0
 11
-0.7401574803149606
 21
1.2711614173228347
 31
0
  0
LINE
  5
42C
330
1A
100
AcDbEntity
  8
BLACK
  6
CONTINUOUS
100
AcDbLine
 10
-0.7401574803149606
 20
1.2711614173228347
 30
0
 11
-0.7397808267716536
 21
1.2710864960629922
 31
0
  0
LINE
  5
42D
330
1A
100
AcDbEntity
  8
BLACK
  6
CONTINUOUS
100
AcDbLine
 10
-0.7397808267716536
 20
1.2710864960629922
 30
0
 11
-0.7392481496062991
 21
1.2705538188976377
 31
0
  0
LINE
  5
42E
330
1A
100
AcDbEntity
  8
BLACK
  6
CONTINUOUS
100
AcDbLine
 10
-0.7392481496062991
 20
1.2705538188976377
 30
0
 11
-0.7391732283464567
 21
1.2701771653543308
 31
0
  0
LINE
  5
42F
330
1A
100
AcDbEntity
  8
BLACK
  6
CONTINUOUS
100
AcDbLine
 10
-0.7391732283464567
 20
1.2701771653543308
 30
0
 11
-0.7391732283464567
 21
1.2306102362204725
 31
0
  0
LINE
  5
430
330
1A
100
AcDbEntity
  8
BLACK
  6
CONTINUOUS
100
AcDbLine
 10
-0.7391732283464567
 20
1.2306102362204725
 30
0
 11
-0.6978346456692913
 21
1.2306102362204725
 31
0
  0
LINE
  5
431
330
1A
100
AcDbEntity
  8
BLACK
  6
CONTINUOUS
100
AcDbLine
 10
-0.6978346456692913
 20
1.2306102362204725
 30
0
 11
-0.6978346456692913
 21
1.2701771653543308
 31
0
  0
LINE
  5
432
330
1A
100
AcDbEntity
  8
BLACK
  6
CONTINUOUS
100
AcDbLine
 10
-0.6978346456692913
 20
1.2701771653543308
 30
0
 11
-0.6977597244094488
 21
1.2705538188976377
 31
0
  0
LINE
  5
433
330
1A
100
AcDbEntity
  8
BLACK
  6
CONTINUOUS
100
AcDbLine
 10
-0.6977597244094488
 20
1.2705538188976377
 30
0
 11
-0.6972270472440945
 21
1.2710864960629922
 31
0
  0
LINE
  5
434
330
1A
100
AcDbEntity
  8
BLACK
  6
CONTINUOUS
100
AcDbLine
 10
-0.6972270472440945
 20
1.2710864960629922
 30
0
 11
-0.6968503937007874
 21
1.2711614173228347
 31
0
  0
LINE
  5
435
330
1A
100
AcDbEntity
  8
BLACK
  6
CONTINUOUS
100
AcDbLine
 10
-0.6968503937007874
 20
1.2711614173228347
 30
0
 11
-0.6525590551181102
 21
1.2711614173228347
 31
0
  0
LINE
  5
436
330
1A
100
AcDbEntity
  8
BLACK
  6
CONTINUOUS
100
AcDbLine
 10
-0.6525590551181102
 20
1.2711614173228347
 30
0
 11
-0.6525590551181102
 21
1.3400590944881889
 31
0
  0
LINE
  5
437
330
1A
100
AcDbEntity
  8
BLACK
  6
CONTINUOUS
100
AcDbLine
 10
-0.6525590551181102
 20
1.3400590944881889
 30
0
 11
-0.6594488188976377
 21
1.3400590551181102
 31
0
  0
LINE
  5
438
330
1A
100
AcDbEntity
  8
BLACK
  6
CONTINUOUS
100
AcDbLine
 10
-0.6594488188976377
 20
1.3400590551181102
 30
0
 11
-0.6598254724409449
 21
1.3401339763779527
 31
0
  0
LINE
  5
439
330
1A
100
AcDbEntity
  8
BLACK
  6
CONTINUOUS
100
AcDbLine
 10
-0.6598254724409449
 20
1.3401339763779527
 30
0
 11
-0.6603581496062992
 21
1.3406666535433072
 31
0
  0
LINE
  5
43A
330
1A
100
AcDbEntity
  8
BLACK
  6
CONTINUOUS
100
AcDbLine
 10
-0.6603581496062992
 20
1.3406666535433072
 30
0
 11
-0.6603581496062992
 21
1.3406666929133857
 31
0
  0
LINE
  5
43B
330
1A
100
AcDbEntity
  8
BLACK
  6
CONTINUOUS
100
AcDbLine
 10
-0.6603581496062992
 20
1.3406666929133857
 30
0
 11
-0.6604330708661417
 21
1.3410433070866141
 31
0
  0
LINE
  5
43C
330
1A
100
AcDbEntity
  8
BLACK
  6
CONTINUOUS
100
AcDbLine
 10
-0.6604330708661417
 20
1.3410433070866141
 30
0
 11
-0.6604330708661417
 21
1.3806102362204724
 31
0
  0
LINE
  5
43D
330
1A
100
AcDbEntity
  8
BLACK
  6
CONTINUOUS
100
AcDbLine
 10
-0.6604330708661417
 20
1.3806102362204724
 30
0
 11
-0.7021653149606299
 21
1.3806102362204724
 31
0
  0
LINE
  5
43E
330
1A
100
AcDbEntity
  8
BLACK
  6
CONTINUOUS
100
AcDbLine
 10
-0.7021653149606299
 20
1.3806102362204724
 30
0
 11
-0.7021653149606299
 21
1.3410433070866141
 31
0
  0
LINE
  5
43F
330
1A
100
AcDbEntity
  8
BLACK
  6
CONTINUOUS
100
AcDbLine
 10
-0.7021653149606299
 20
1.3410433070866141
 30
0
 11
-0.7022402362204724
 21
1.3406666929133857
 31
0
  0
LINE
  5
440
330
1A
100
AcDbEntity
  8
BLACK
  6
CONTINUOUS
100
AcDbLine
 10
-0.7022402362204724
 20
1.3406666929133857
 30
0
 11
-0.7022402362204724
 21
1.3406666535433072
 31
0
  0
LINE
  5
441
330
1A
100
AcDbEntity
  8
BLACK
  6
CONTINUOUS
100
AcDbLine
 10
-0.7022402362204724
 20
1.3406666535433072
 30
0
 11
-0.7027729133858267
 21
1.3401339763779527
 31
0
  0
LINE
  5
442
330
1A
100
AcDbEntity
  8
BLACK
  6
CONTINUOUS
100
AcDbLine
 10
-0.7027729133858267
 20
1.3401339763779527
 30
0
 11
-0.7031495669291339
 21
1.3400590551181102
 31
0
  0
LINE
  5
443
330
1A
100
AcDbEntity
  8
BLACK
  6
CONTINUOUS
100
AcDbLine
 10
-0.7031495669291339
 20
1.3400590551181102
 30
0
 11
-0.7338583070866141
 21
1.3400590551181102
 31
0
  0
LINE
  5
444
330
1A
100
AcDbEntity
  8
BLACK
  6
CONTINUOUS
100
AcDbLine
 10
-0.7338583070866141
 20
1.3400590551181102
 30
0
 11
-0.7342349606299212
 21
1.3401339763779527
 31
0
  0
LINE
  5
445
330
1A
100
AcDbEntity
  8
BLACK
  6
CONTINUOUS
100
AcDbLine
 10
-0.7342349606299212
 20
1.3401339763779527
 30
0
 11
-0.7347676377952755
 21
1.3406666535433072
 31
0
  0
LINE
  5
446
330
1A
100
AcDbEntity
  8
BLACK
  6
CONTINUOUS
100
AcDbLine
 10
-0.7347676377952755
 20
1.3406666535433072
 30
0
 11
-0.7347676377952755
 21
1.3406666929133857
 31
0
  0
LINE
  5
447
330
1A
100
AcDbEntity
  8
BLACK
  6
CONTINUOUS
100
AcDbLine
 10
-0.7347676377952755
 20
1.3406666929133857
 30
0
 11
-0.7348425590551181
 21
1.3410433070866141
 31
0
  0
LINE
  5
448
330
1A
100
AcDbEntity
  8
BLACK
  6
CONTINUOUS
100
AcDbLine
 10
-0.7348425590551181
 20
1.3410433070866141
 30
0
 11
-0.7348425590551181
 21
1.3806102362204724
 31
0
  0
LINE
  5
449
330
1A
100
AcDbEntity
  8
BLACK
  6
CONTINUOUS
100
AcDbLine
 10
-0.7348425590551181
 20
1.3806102362204724
 30
0
 11
-0.7765748031496063
 21
1.3806102362204724
 31
0
  0
LINE
  5
44A
330
1A
100
AcDbEntity
  8
BLACK
  6
CONTINUOUS
100
AcDbLine
 10
-0.2587007874015748
 20
1.4755983858267716
 30
0
 11
-0.2094906692913386
 21
1.4755983858267716
 31
0
  0
LINE
  5
44B
330
1A
100
AcDbEntity
  8
BLACK
  6
CONTINUOUS
100
AcDbLine
 10
-0.2094906692913386
 20
1.4755983858267716
 30
0
 11
-0.2089053937007874
 21
1.4755407480314959
 31
0
  0
LINE
  5
44C
330
1A
100
AcDbEntity
  8
BLACK
  6
CONTINUOUS
100
AcDbLine
 10
-0.2089053937007874
 20
1.4755407480314959
 30
0
 11
-0.2078239763779527
 21
1.4750927952755906
 31
0
  0
LINE
  5
44D
330
1A
100
AcDbEntity
  8
BLACK
  6
CONTINUOUS
100
AcDbLine
 10
-0.2078239763779527
 20
1.4750927952755906
 30
0
 11
-0.2069962598425197
 21
1.4742650787401574
 31
0
  0
LINE
  5
44E
330
1A
100
AcDbEntity
  8
BLACK
  6
CONTINUOUS
100
AcDbLine
 10
-0.2069962598425197
 20
1.4742650787401574
 30
0
 11
-0.2065483070866142
 21
1.4731836614173228
 31
0
  0
LINE
  5
44F
330
1A
100
AcDbEntity
  8
BLACK
  6
CONTINUOUS
100
AcDbLine
 10
-0.2065483070866142
 20
1.4731836614173228
 30
0
 11
-0.2064906692913386
 21
1.4725983858267717
 31
0
  0
LINE
  5
450
330
1A
100
AcDbEntity
  8
BLACK
  6
CONTINUOUS
100
AcDbLine
 10
-0.2064906692913386
 20
1.4725983858267717
 30
0
 11
-0.2064906692913386
 21
1.4698267322834646
 31
0
  0
LINE
  5
451
330
1A
100
AcDbEntity
  8
BLACK
  6
CONTINUOUS
100
AcDbLine
 10
-0.2064906692913386
 20
1.4698267322834646
 30
0
 11
-0.2049266535433071
 21
1.4698267322834646
 31
0
  0
LINE
  5
452
330
1A
100
AcDbEntity
  8
BLACK
  6
CONTINUOUS
100
AcDbLine
 10
-0.2049266535433071
 20
1.4698267322834646
 30
0
 11
-0.2049266535433071
 21
1.472598346456693
 31
0
  0
LINE
  5
453
330
1A
100
AcDbEntity
  8
BLACK
  6
CONTINUOUS
100
AcDbLine
 10
-0.2049266535433071
 20
1.472598346456693
 30
0
 11
-0.2048690157480315
 21
1.4731836220472441
 31
0
  0
LINE
  5
454
330
1A
100
AcDbEntity
  8
BLACK
  6
CONTINUOUS
100
AcDbLine
 10
-0.2048690157480315
 20
1.4731836220472441
 30
0
 11
-0.2048689763779528
 21
1.4731837007874016
 31
0
  0
LINE
  5
455
330
1A
100
AcDbEntity
  8
BLACK
  6
CONTINUOUS
100
AcDbLine
 10
-0.2048689763779528
 20
1.4731837007874016
 30
0
 11
-0.204421062992126
 21
1.4742650787401574
 31
0
  0
LINE
  5
456
330
1A
100
AcDbEntity
  8
BLACK
  6
CONTINUOUS
100
AcDbLine
 10
-0.204421062992126
 20
1.4742650787401574
 30
0
 11
-0.2035933464566929
 21
1.4750927952755906
 31
0
  0
LINE
  5
457
330
1A
100
AcDbEntity
  8
BLACK
  6
CONTINUOUS
100
AcDbLine
 10
-0.2035933464566929
 20
1.4750927952755906
 30
0
 11
-0.2031046456692913
 21
1.4752952362204723
 31
0
  0
LINE
  5
458
330
1A
100
AcDbEntity
  8
BLACK
  6
CONTINUOUS
100
AcDbLine
 10
-0.2031046456692913
 20
1.4752952362204723
 30
0
 11
-0.202511968503937
 21
1.4755407480314959
 31
0
  0
LINE
  5
459
330
1A
100
AcDbEntity
  8
BLACK
  6
CONTINUOUS
100
AcDbLine
 10
-0.202511968503937
 20
1.4755407480314959
 30
0
 11
-0.2025119291338583
 21
1.4755407480314959
 31
0
  0
LINE
  5
45A
330
1A
100
AcDbEntity
  8
BLACK
  6
CONTINUOUS
100
AcDbLine
 10
-0.2025119291338583
 20
1.4755407480314959
 30
0
 11
-0.2019266535433071
 21
1.4755983858267716
 31
0
  0
LINE
  5
45B
330
1A
100
AcDbEntity
  8
BLACK
  6
CONTINUOUS
100
AcDbLine
 10
-0.2019266535433071
 20
1.4755983858267716
 30
0
 11
-0.1130141338582677
 21
1.4755983858267716
 31
0
  0
LINE
  5
45C
330
1A
100
AcDbEntity
  8
BLACK
  6
CONTINUOUS
100
AcDbLine
 10
-0.1130141338582677
 20
1.4755983858267716
 30
0
 11
-0.1124288582677165
 21
1.4755407480314959
 31
0
  0
LINE
  5
45D
330
1A
100
AcDbEntity
  8
BLACK
  6
CONTINUOUS
100
AcDbLine
 10
-0.1124288582677165
 20
1.4755407480314959
 30
0
 11
-0.1113474409448819
 21
1.4750927952755906
 31
0
  0
LINE
  5
45E
330
1A
100
AcDbEntity
  8
BLACK
  6
CONTINUOUS
100
AcDbLine
 10
-0.1113474409448819
 20
1.4750927952755906
 30
0
 11
-0.1105197244094488
 21
1.4742650787401574
 31
0
  0
LINE
  5
45F
330
1A
100
AcDbEntity
  8
BLACK
  6
CONTINUOUS
100
AcDbLine
 10
-0.1105197244094488
 20
1.4742650787401574
 30
0
 11
-0.1100717716535433
 21
1.4731836614173228
 31
0
  0
LINE
  5
460
330
1A
100
AcDbEntity
  8
BLACK
  6
CONTINUOUS
100
AcDbLine
 10
-0.1100717716535433
 20
1.4731836614173228
 30
0
 11
-0.1100141338582677
 21
1.4725983858267717
 31
0
  0
LINE
  5
461
330
1A
100
AcDbEntity
  8
BLACK
  6
CONTINUOUS
100
AcDbLine
 10
-0.1100141338582677
 20
1.4725983858267717
 30
0
 11
-0.1100141338582677
 21
1.4698267322834646
 31
0
  0
LINE
  5
462
330
1A
100
AcDbEntity
  8
BLACK
  6
CONTINUOUS
100
AcDbLine
 10
-0.1100141338582677
 20
1.4698267322834646
 30
0
 11
-0.0983188976377953
 21
1.4698267322834646
 31
0
  0
LINE
  5
463
330
1A
100
AcDbEntity
  8
BLACK
  6
CONTINUOUS
100
AcDbLine
 10
-0.0983188976377953
 20
1.4698267322834646
 30
0
 11
-0.0977336220472441
 21
1.4697690944881889
 31
0
  0
LINE
  5
464
330
1A
100
AcDbEntity
  8
BLACK
  6
CONTINUOUS
100
AcDbLine
 10
-0.0977336220472441
 20
1.4697690944881889
 30
0
 11
-0.0966522047244094
 21
1.4693211417322833
 31
0
  0
LINE
  5
465
330
1A
100
AcDbEntity
  8
BLACK
  6
CONTINUOUS
100
AcDbLine
 10
-0.0966522047244094
 20
1.4693211417322833
 30
0
 11
-0.0958244881889764
 21
1.4684934251968504
 31
0
  0
LINE
  5
466
330
1A
100
AcDbEntity
  8
BLACK
  6
CONTINUOUS
100
AcDbLine
 10
-0.0958244881889764
 20
1.4684934251968504
 30
0
 11
-0.0953765354330709
 21
1.4674120078740158
 31
0
  0
LINE
  5
467
330
1A
100
AcDbEntity
  8
BLACK
  6
CONTINUOUS
100
AcDbLine
 10
-0.0953765354330709
 20
1.4674120078740158
 30
0
 11
-0.0953188976377953
 21
1.4668267322834645
 31
0
  0
LINE
  5
468
330
1A
100
AcDbEntity
  8
BLACK
  6
CONTINUOUS
100
AcDbLine
 10
-0.0953188976377953
 20
1.4668267322834645
 30
0
 11
-0.0953188976377953
 21
1.3048267322834646
 31
0
  0
LINE
  5
469
330
1A
100
AcDbEntity
  8
BLACK
  6
CONTINUOUS
100
AcDbLine
 10
-0.0953188976377953
 20
1.3048267322834646
 30
0
 11
-0.0953765354330709
 21
1.3042414566929132
 31
0
  0
LINE
  5
46A
330
1A
100
AcDbEntity
  8
BLACK
  6
CONTINUOUS
100
AcDbLine
 10
-0.0953765354330709
 20
1.3042414566929132
 30
0
 11
-0.0958244881889764
 21
1.3031600393700786
 31
0
  0
LINE
  5
46B
330
1A
100
AcDbEntity
  8
BLACK
  6
CONTINUOUS
100
AcDbLine
 10
-0.0958244881889764
 20
1.3031600393700786
 30
0
 11
-0.0966522047244094
 21
1.3023323228346457
 31
0
  0
LINE
  5
46C
330
1A
100
AcDbEntity
  8
BLACK
  6
CONTINUOUS
100
AcDbLine
 10
-0.0966522047244094
 20
1.3023323228346457
 30
0
 11
-0.0977336220472441
 21
1.3018843700787401
 31
0
  0
LINE
  5
46D
330
1A
100
AcDbEntity
  8
BLACK
  6
CONTINUOUS
100
AcDbLine
 10
-0.0977336220472441
 20
1.3018843700787401
 30
0
 11
-0.0983188976377953
 21
1.3018267322834645
 31
0
  0
LINE
  5
46E
330
1A
100
AcDbEntity
  8
BLACK
  6
CONTINUOUS
100
AcDbLine
 10
-0.0983188976377953
 20
1.3018267322834645
 30
0
 11
-0.1100141338582677
 21
1.3018267322834645
 31
0
  0
LINE
  5
46F
330
1A
100
AcDbEntity
  8
BLACK
  6
CONTINUOUS
100
AcDbLine
 10
-0.1100141338582677
 20
1.3018267322834645
 30
0
 11
-0.1100141338582677
 21
1.2990550787401574
 31
0
  0
LINE
  5
470
330
1A
100
AcDbEntity
  8
BLACK
  6
CONTINUOUS
100
AcDbLine
 10
-0.1100141338582677
 20
1.2990550787401574
 30
0
 11
-0.1100717716535433
 21
1.298469842519685
 31
0
  0
LINE
  5
471
330
1A
100
AcDbEntity
  8
BLACK
  6
CONTINUOUS
100
AcDbLine
 10
-0.1100717716535433
 20
1.298469842519685
 30
0
 11
-0.1100717716535433
 21
1.2984698031496062
 31
0
  0
LINE
  5
472
330
1A
100
AcDbEntity
  8
BLACK
  6
CONTINUOUS
100
AcDbLine
 10
-0.1100717716535433
 20
1.2984698031496062
 30
0
 11
-0.1105197244094488
 21
1.2973883858267716
 31
0
  0
LINE
  5
473
330
1A
100
AcDbEntity
  8
BLACK
  6
CONTINUOUS
100
AcDbLine
 10
-0.1105197244094488
 20
1.2973883858267716
 30
0
 11
-0.1113474409448819
 21
1.2965606692913385
 31
0
  0
LINE
  5
474
330
1A
100
AcDbEntity
  8
BLACK
  6
CONTINUOUS
100
AcDbLine
 10
-0.1113474409448819
 20
1.2965606692913385
 30
0
 11
-0.1124288582677165
 21
1.2961127165354331
 31
0
  0
LINE
  5
475
330
1A
100
AcDbEntity
  8
BLACK
  6
CONTINUOUS
100
AcDbLine
 10
-0.1124288582677165
 20
1.2961127165354331
 30
0
 11
-0.1130141338582677
 21
1.2960550787401575
 31
0
  0
LINE
  5
476
330
1A
100
AcDbEntity
  8
BLACK
  6
CONTINUOUS
100
AcDbLine
 10
-0.1130141338582677
 20
1.2960550787401575
 30
0
 11
-0.2019266535433071
 21
1.2960550787401575
 31
0
  0
LINE
  5
477
330
1A
100
AcDbEntity
  8
BLACK
  6
CONTINUOUS
100
AcDbLine
 10
-0.2019266535433071
 20
1.2960550787401575
 30
0
 11
-0.2025119291338583
 21
1.2961127165354331
 31
0
  0
LINE
  5
478
330
1A
100
AcDbEntity
  8
BLACK
  6
CONTINUOUS
100
AcDbLine
 10
-0.2025119291338583
 20
1.2961127165354331
 30
0
 11
-0.202511968503937
 21
1.2961127165354331
 31
0
  0
LINE
  5
479
330
1A
100
AcDbEntity
  8
BLACK
  6
CONTINUOUS
100
AcDbLine
 10
-0.202511968503937
 20
1.2961127165354331
 30
0
 11
-0.2035933464566929
 21
1.2965606692913385
 31
0
  0
LINE
  5
47A
330
1A
100
AcDbEntity
  8
BLACK
  6
CONTINUOUS
100
AcDbLine
 10
-0.2035933464566929
 20
1.2965606692913385
 30
0
 11
-0.204421062992126
 21
1.2973883858267716
 31
0
  0
LINE
  5
47B
330
1A
100
AcDbEntity
  8
BLACK
  6
CONTINUOUS
100
AcDbLine
 10
-0.204421062992126
 20
1.2973883858267716
 30
0
 11
-0.2048690157480315
 21
1.2984698031496062
 31
0
  0
LINE
  5
47C
330
1A
100
AcDbEntity
  8
BLACK
  6
CONTINUOUS
100
AcDbLine
 10
-0.2048690157480315
 20
1.2984698031496062
 30
0
 11
-0.2048690157480315
 21
1.298469842519685
 31
0
  0
LINE
  5
47D
330
1A
100
AcDbEntity
  8
BLACK
  6
CONTINUOUS
100
AcDbLine
 10
-0.2048690157480315
 20
1.298469842519685
 30
0
 11
-0.2049266535433071
 21
1.2990551181102361
 31
0
  0
LINE
  5
47E
330
1A
100
AcDbEntity
  8
BLACK
  6
CONTINUOUS
100
AcDbLine
 10
-0.2049266535433071
 20
1.2990551181102361
 30
0
 11
-0.2049266535433071
 21
1.3018267322834645
 31
0
  0
LINE
  5
47F
330
1A
100
AcDbEntity
  8
BLACK
  6
CONTINUOUS
100
AcDbLine
 10
-0.2049266535433071
 20
1.3018267322834645
 30
0
 11
-0.2064906692913386
 21
1.3018267322834645
 31
0
  0
LINE
  5
480
330
1A
100
AcDbEntity
  8
BLACK
  6
CONTINUOUS
100
AcDbLine
 10
-0.2064906692913386
 20
1.3018267322834645
 30
0
 11
-0.2064906692913386
 21
1.2990550787401574
 31
0
  0
LINE
  5
481
330
1A
100
AcDbEntity
  8
BLACK
  6
CONTINUOUS
100
AcDbLine
 10
-0.2064906692913386
 20
1.2990550787401574
 30
0
 11
-0.2065483070866142
 21
1.298469842519685
 31
0
  0
LINE
  5
482
330
1A
100
AcDbEntity
  8
BLACK
  6
CONTINUOUS
100
AcDbLine
 10
-0.2065483070866142
 20
1.298469842519685
 30
0
 11
-0.2065483070866142
 21
1.2984698031496062
 31
0
  0
LINE
  5
483
330
1A
100
AcDbEntity
  8
BLACK
  6
CONTINUOUS
100
AcDbLine
 10
-0.2065483070866142
 20
1.2984698031496062
 30
0
 11
-0.2069962598425197
 21
1.2973883858267716
 31
0
  0
LINE
  5
484
330
1A
100
AcDbEntity
  8
BLACK
  6
CONTINUOUS
100
AcDbLine
 10
-0.2069962598425197
 20
1.2973883858267716
 30
0
 11
-0.2078239763779527
 21
1.2965606692913385
 31
0
  0
LINE
  5
485
330
1A
100
AcDbEntity
  8
BLACK
  6
CONTINUOUS
100
AcDbLine
 10
-0.2078239763779527
 20
1.2965606692913385
 30
0
 11
-0.2089053937007874
 21
1.2961127165354331
 31
0
  0
LINE
  5
486
330
1A
100
AcDbEntity
  8
BLACK
  6
CONTINUOUS
100
AcDbLine
 10
-0.2089053937007874
 20
1.2961127165354331
 30
0
 11
-0.2094906692913386
 21
1.2960550787401575
 31
0
  0
LINE
  5
487
330
1A
100
AcDbEntity
  8
BLACK
  6
CONTINUOUS
100
AcDbLine
 10
-0.2094906692913386
 20
1.2960550787401575
 30
0
 11
-0.2587007874015748
 21
1.2960550787401575
 31
0
  0
LINE
  5
488
330
1A
100
AcDbEntity
  8
BLACK
  6
CONTINUOUS
100
AcDbLine
 10
-0.2587007874015748
 20
1.2960550787401575
 30
0
 11
-0.293267716535433
 21
1.2960550787401575
 31
0
  0
LINE
  5
489
330
1A
100
AcDbEntity
  8
BLACK
  6
CONTINUOUS
100
AcDbLine
 10
-0.293267716535433
 20
1.2960550787401575
 30
0
 11
-0.2938529921259843
 21
1.2961127165354331
 31
0
  0
LINE
  5
48A
330
1A
100
AcDbEntity
  8
BLACK
  6
CONTINUOUS
100
AcDbLine
 10
-0.2938529921259843
 20
1.2961127165354331
 30
0
 11
-0.2949344094488189
 21
1.2965606692913385
 31
0
  0
LINE
  5
48B
330
1A
100
AcDbEntity
  8
BLACK
  6
CONTINUOUS
100
AcDbLine
 10
-0.2949344094488189
 20
1.2965606692913385
 30
0
 11
-0.2957621259842519
 21
1.2973883858267716
 31
0
  0
LINE
  5
48C
330
1A
100
AcDbEntity
  8
BLACK
  6
CONTINUOUS
100
AcDbLine
 10
-0.2957621259842519
 20
1.2973883858267716
 30
0
 11
-0.2962100787401575
 21
1.2984698031496062
 31
0
  0
LINE
  5
48D
330
1A
100
AcDbEntity
  8
BLACK
  6
CONTINUOUS
100
AcDbLine
 10
-0.2962100787401575
 20
1.2984698031496062
 30
0
 11
-0.2962100787401575
 21
1.298469842519685
 31
0
  0
LINE
  5
48E
330
1A
100
AcDbEntity
  8
BLACK
  6
CONTINUOUS
100
AcDbLine
 10
-0.2962100787401575
 20
1.298469842519685
 30
0
 11
-0.296267716535433
 21
1.2990550787401574
 31
0
  0
LINE
  5
48F
330
1A
100
AcDbEntity
  8
BLACK
  6
CONTINUOUS
100
AcDbLine
 10
-0.296267716535433
 20
1.2990550787401574
 30
0
 11
-0.296267716535433
 21
1.3018267322834645
 31
0
  0
LINE
  5
490
330
1A
100
AcDbEntity
  8
BLACK
  6
CONTINUOUS
100
AcDbLine
 10
-0.296267716535433
 20
1.3018267322834645
 30
0
 11
-0.2993188976377953
 21
1.3018267322834645
 31
0
  0
LINE
  5
491
330
1A
100
AcDbEntity
  8
BLACK
  6
CONTINUOUS
100
AcDbLine
 10
-0.2993188976377953
 20
1.3018267322834645
 30
0
 11
-0.2999041732283464
 21
1.3018843700787401
 31
0
  0
LINE
  5
492
330
1A
100
AcDbEntity
  8
BLACK
  6
CONTINUOUS
100
AcDbLine
 10
-0.2999041732283464
 20
1.3018843700787401
 30
0
 11
-0.3009855905511811
 21
1.3023323228346457
 31
0
  0
LINE
  5
493
330
1A
100
AcDbEntity
  8
BLACK
  6
CONTINUOUS
100
AcDbLine
 10
-0.3009855905511811
 20
1.3023323228346457
 30
0
 11
-0.3018133070866142
 21
1.3031600393700786
 31
0
  0
LINE
  5
494
330
1A
100
AcDbEntity
  8
BLACK
  6
CONTINUOUS
100
AcDbLine
 10
-0.3018133070866142
 20
1.3031600393700786
 30
0
 11
-0.3022612598425197
 21
1.3042414566929132
 31
0
  0
LINE
  5
495
330
1A
100
AcDbEntity
  8
BLACK
  6
CONTINUOUS
100
AcDbLine
 10
-0.3022612598425197
 20
1.3042414566929132
 30
0
 11
-0.3023188976377953
 21
1.3048267322834646
 31
0
  0
LINE
  5
496
330
1A
100
AcDbEntity
  8
BLACK
  6
CONTINUOUS
100
AcDbLine
 10
-0.3023188976377953
 20
1.3048267322834646
 30
0
 11
-0.3023188976377953
 21
1.3482204724409448
 31
0
  0
LINE
  5
497
330
1A
100
AcDbEntity
  8
BLACK
  6
CONTINUOUS
100
AcDbLine
 10
-0.3023188976377953
 20
1.3482204724409448
 30
0
 11
-0.3052755511811023
 21
1.348220433070866
 31
0
  0
LINE
  5
498
330
1A
100
AcDbEntity
  8
BLACK
  6
CONTINUOUS
100
AcDbLine
 10
-0.3052755511811023
 20
1.348220433070866
 30
0
 11
-0.3058608661417323
 21
1.3482780708661417
 31
0
  0
LINE
  5
499
330
1A
100
AcDbEntity
  8
BLACK
  6
CONTINUOUS
100
AcDbLine
 10
-0.3058608661417323
 20
1.3482780708661417
 30
0
 11
-0.3069422834645669
 21
1.3487260236220473
 31
0
  0
LINE
  5
49A
330
1A
100
AcDbEntity
  8
BLACK
  6
CONTINUOUS
100
AcDbLine
 10
-0.3069422834645669
 20
1.3487260236220473
 30
0
 11
-0.30777
 21
1.3495537401574802
 31
0
  0
LINE
  5
49B
330
1A
100
AcDbEntity
  8
BLACK
  6
CONTINUOUS
100
AcDbLine
 10
-0.30777
 20
1.3495537401574802
 30
0
 11
-0.3082179527559055
 21
1.350635157480315
 31
0
  0
LINE
  5
49C
330
1A
100
AcDbEntity
  8
BLACK
  6
CONTINUOUS
100
AcDbLine
 10
-0.3082179527559055
 20
1.350635157480315
 30
0
 11
-0.3082179527559055
 21
1.3506351968503936
 31
0
  0
LINE
  5
49D
330
1A
100
AcDbEntity
  8
BLACK
  6
CONTINUOUS
100
AcDbLine
 10
-0.3082179527559055
 20
1.3506351968503936
 30
0
 11
-0.3082755905511811
 21
1.3512204330708661
 31
0
  0
LINE
  5
49E
330
1A
100
AcDbEntity
  8
BLACK
  6
CONTINUOUS
100
AcDbLine
 10
-0.3082755905511811
 20
1.3512204330708661
 30
0
 11
-0.3082755905511811
 21
1.3810629527559055
 31
0
  0
LINE
  5
49F
330
1A
100
AcDbEntity
  8
BLACK
  6
CONTINUOUS
100
AcDbLine
 10
-0.3082755905511811
 20
1.3810629527559055
 30
0
 11
-0.3082755905511811
 21
1.3905905118110236
 31
0
  0
LINE
  5
4A0
330
1A
100
AcDbEntity
  8
BLACK
  6
CONTINUOUS
100
AcDbLine
 10
-0.3082755905511811
 20
1.3905905118110236
 30
0
 11
-0.3082755905511811
 21
1.4204330314960629
 31
0
  0
LINE
  5
4A1
330
1A
100
AcDbEntity
  8
BLACK
  6
CONTINUOUS
100
AcDbLine
 10
-0.3082755905511811
 20
1.4204330314960629
 30
0
 11
-0.3082179527559055
 21
1.4210183070866143
 31
0
  0
LINE
  5
4A2
330
1A
100
AcDbEntity
  8
BLACK
  6
CONTINUOUS
100
AcDbLine
 10
-0.3082179527559055
 20
1.4210183070866143
 30
0
 11
-0.30777
 21
1.4220997244094489
 31
0
  0
LINE
  5
4A3
330
1A
100
AcDbEntity
  8
BLACK
  6
CONTINUOUS
100
AcDbLine
 10
-0.30777
 20
1.4220997244094489
 30
0
 11
-0.3069422834645669
 21
1.4229274409448818
 31
0
  0
LINE
  5
4A4
330
1A
100
AcDbEntity
  8
BLACK
  6
CONTINUOUS
100
AcDbLine
 10
-0.3069422834645669
 20
1.4229274409448818
 30
0
 11
-0.3058608661417323
 21
1.4233753937007874
 31
0
  0
LINE
  5
4A5
330
1A
100
AcDbEntity
  8
BLACK
  6
CONTINUOUS
100
AcDbLine
 10
-0.3058608661417323
 20
1.4233753937007874
 30
0
 11
-0.3052755511811023
 21
1.423433031496063
 31
0
  0
LINE
  5
4A6
330
1A
100
AcDbEntity
  8
BLACK
  6
CONTINUOUS
100
AcDbLine
 10
-0.3052755511811023
 20
1.423433031496063
 30
0
 11
-0.3023188976377953
 21
1.423433031496063
 31
0
  0
LINE
  5
4A7
330
1A
100
AcDbEntity
  8
BLACK
  6
CONTINUOUS
100
AcDbLine
 10
-0.3023188976377953
 20
1.423433031496063
 30
0
 11
-0.3023188976377953
 21
1.4668267322834645
 31
0
  0
LINE
  5
4A8
330
1A
100
AcDbEntity
  8
BLACK
  6
CONTINUOUS
100
AcDbLine
 10
-0.3023188976377953
 20
1.4668267322834645
 30
0
 11
-0.3022612598425197
 21
1.4674120078740158
 31
0
  0
LINE
  5
4A9
330
1A
100
AcDbEntity
  8
BLACK
  6
CONTINUOUS
100
AcDbLine
 10
-0.3022612598425197
 20
1.4674120078740158
 30
0
 11
-0.3018133070866142
 21
1.4684934251968504
 31
0
  0
LINE
  5
4AA
330
1A
100
AcDbEntity
  8
BLACK
  6
CONTINUOUS
100
AcDbLine
 10
-0.3018133070866142
 20
1.4684934251968504
 30
0
 11
-0.3009855905511811
 21
1.4693211417322833
 31
0
  0
LINE
  5
4AB
330
1A
100
AcDbEntity
  8
BLACK
  6
CONTINUOUS
100
AcDbLine
 10
-0.3009855905511811
 20
1.4693211417322833
 30
0
 11
-0.2999041732283464
 21
1.4697690944881889
 31
0
  0
LINE
  5
4AC
330
1A
100
AcDbEntity
  8
BLACK
  6
CONTINUOUS
100
AcDbLine
 10
-0.2999041732283464
 20
1.4697690944881889
 30
0
 11
-0.2993188976377953
 21
1.4698267322834646
 31
0
  0
LINE
  5
4AD
330
1A
100
AcDbEntity
  8
BLACK
  6
CONTINUOUS
100
AcDbLine
 10
-0.2993188976377953
 20
1.4698267322834646
 30
0
 11
-0.296267716535433
 21
1.4698267322834646
 31
0
  0
LINE
  5
4AE
330
1A
100
AcDbEntity
  8
BLACK
  6
CONTINUOUS
100
AcDbLine
 10
-0.296267716535433
 20
1.4698267322834646
 30
0
 11
-0.296267716535433
 21
1.4725983858267717
 31
0
  0
LINE
  5
4AF
330
1A
100
AcDbEntity
  8
BLACK
  6
CONTINUOUS
100
AcDbLine
 10
-0.296267716535433
 20
1.4725983858267717
 30
0
 11
-0.2962100787401575
 21
1.4731836614173228
 31
0
  0
LINE
  5
4B0
330
1A
100
AcDbEntity
  8
BLACK
  6
CONTINUOUS
100
AcDbLine
 10
-0.2962100787401575
 20
1.4731836614173228
 30
0
 11
-0.2957621259842519
 21
1.4742650787401574
 31
0
  0
LINE
  5
4B1
330
1A
100
AcDbEntity
  8
BLACK
  6
CONTINUOUS
100
AcDbLine
 10
-0.2957621259842519
 20
1.4742650787401574
 30
0
 11
-0.2949344094488189
 21
1.4750927952755906
 31
0
  0
LINE
  5
4B2
330
1A
100
AcDbEntity
  8
BLACK
  6
CONTINUOUS
100
AcDbLine
 10
-0.2949344094488189
 20
1.4750927952755906
 30
0
 11
-0.2938529921259843
 21
1.4755407480314959
 31
0
  0
LINE
  5
4B3
330
1A
100
AcDbEntity
  8
BLACK
  6
CONTINUOUS
100
AcDbLine
 10
-0.2938529921259843
 20
1.4755407480314959
 30
0
 11
-0.293267716535433
 21
1.4755983858267716
 31
0
  0
LINE
  5
4B4
330
1A
100
AcDbEntity
  8
BLACK
  6
CONTINUOUS
100
AcDbLine
 10
-0.293267716535433
 20
1.4755983858267716
 30
0
 11
-0.2587007874015748
 21
1.4755983858267716
 31
0
  0
LINE
  5
4B5
330
1A
100
AcDbEntity
  8
BLACK
  6
CONTINUOUS
100
AcDbLine
 10
-0.290267716535433
 20
1.4695983858267716
 30
0
 11
-0.290267716535433
 21
1.4668267322834645
 31
0
  0
LINE
  5
4B6
330
1A
100
AcDbEntity
  8
BLACK
  6
CONTINUOUS
100
AcDbLine
 10
-0.290267716535433
 20
1.4668267322834645
 30
0
 11
-0.2903253543307087
 21
1.4662414960629921
 31
0
  0
LINE
  5
4B7
330
1A
100
AcDbEntity
  8
BLACK
  6
CONTINUOUS
100
AcDbLine
 10
-0.2903253543307087
 20
1.4662414960629921
 30
0
 11
-0.2903253543307087
 21
1.4662414566929134
 31
0
  0
LINE
  5
4B8
330
1A
100
AcDbEntity
  8
BLACK
  6
CONTINUOUS
100
AcDbLine
 10
-0.2903253543307087
 20
1.4662414566929134
 30
0
 11
-0.2907733070866141
 21
1.4651600393700788
 31
0
  0
LINE
  5
4B9
330
1A
100
AcDbEntity
  8
BLACK
  6
CONTINUOUS
100
AcDbLine
 10
-0.2907733070866141
 20
1.4651600393700788
 30
0
 11
-0.2916010236220473
 21
1.4643323228346456
 31
0
  0
LINE
  5
4BA
330
1A
100
AcDbEntity
  8
BLACK
  6
CONTINUOUS
100
AcDbLine
 10
-0.2916010236220473
 20
1.4643323228346456
 30
0
 11
-0.2926824409448819
 21
1.4638843700787401
 31
0
  0
LINE
  5
4BB
330
1A
100
AcDbEntity
  8
BLACK
  6
CONTINUOUS
100
AcDbLine
 10
-0.2926824409448819
 20
1.4638843700787401
 30
0
 11
-0.293267716535433
 21
1.4638267322834646
 31
0
  0
LINE
  5
4BC
330
1A
100
AcDbEntity
  8
BLACK
  6
CONTINUOUS
100
AcDbLine
 10
-0.293267716535433
 20
1.4638267322834646
 30
0
 11
-0.2963188976377953
 21
1.4638267322834646
 31
0
  0
LINE
  5
4BD
330
1A
100
AcDbEntity
  8
BLACK
  6
CONTINUOUS
100
AcDbLine
 10
-0.2963188976377953
 20
1.4638267322834646
 30
0
 11
-0.2963188976377953
 21
1.4204329921259842
 31
0
  0
LINE
  5
4BE
330
1A
100
AcDbEntity
  8
BLACK
  6
CONTINUOUS
100
AcDbLine
 10
-0.2963188976377953
 20
1.4204329921259842
 30
0
 11
-0.2963765354330709
 21
1.4198477559055118
 31
0
  0
LINE
  5
4BF
330
1A
100
AcDbEntity
  8
BLACK
  6
CONTINUOUS
100
AcDbLine
 10
-0.2963765354330709
 20
1.4198477559055118
 30
0
 11
-0.2963765354330709
 21
1.4198477165354331
 31
0
  0
LINE
  5
4C0
330
1A
100
AcDbEntity
  8
BLACK
  6
CONTINUOUS
100
AcDbLine
 10
-0.2963765354330709
 20
1.4198477165354331
 30
0
 11
-0.2968244881889764
 21
1.4187662992125984
 31
0
  0
LINE
  5
4C1
330
1A
100
AcDbEntity
  8
BLACK
  6
CONTINUOUS
100
AcDbLine
 10
-0.2968244881889764
 20
1.4187662992125984
 30
0
 11
-0.2976522047244095
 21
1.4179385826771653
 31
0
  0
LINE
  5
4C2
330
1A
100
AcDbEntity
  8
BLACK
  6
CONTINUOUS
100
AcDbLine
 10
-0.2976522047244095
 20
1.4179385826771653
 30
0
 11
-0.2987336220472441
 21
1.4174906299212597
 31
0
  0
LINE
  5
4C3
330
1A
100
AcDbEntity
  8
BLACK
  6
CONTINUOUS
100
AcDbLine
 10
-0.2987336220472441
 20
1.4174906299212597
 30
0
 11
-0.299318937007874
 21
1.4174329921259843
 31
0
  0
LINE
  5
4C4
330
1A
100
AcDbEntity
  8
BLACK
  6
CONTINUOUS
100
AcDbLine
 10
-0.299318937007874
 20
1.4174329921259843
 30
0
 11
-0.3022755905511811
 21
1.417433031496063
 31
0
  0
LINE
  5
4C5
330
1A
100
AcDbEntity
  8
BLACK
  6
CONTINUOUS
100
AcDbLine
 10
-0.3022755905511811
 20
1.417433031496063
 30
0
 11
-0.3022755905511811
 21
1.3905905118110236
 31
0
  0
LINE
  5
4C6
330
1A
100
AcDbEntity
  8
BLACK
  6
CONTINUOUS
100
AcDbLine
 10
-0.3022755905511811
 20
1.3905905118110236
 30
0
 11
-0.3022755905511811
 21
1.3810629527559055
 31
0
  0
LINE
  5
4C7
330
1A
100
AcDbEntity
  8
BLACK
  6
CONTINUOUS
100
AcDbLine
 10
-0.3022755905511811
 20
1.3810629527559055
 30
0
 11
-0.3022755905511811
 21
1.3542204724409448
 31
0
  0
LINE
  5
4C8
330
1A
100
AcDbEntity
  8
BLACK
  6
CONTINUOUS
100
AcDbLine
 10
-0.3022755905511811
 20
1.3542204724409448
 30
0
 11
-0.299318937007874
 21
1.3542204724409448
 31
0
  0
LINE
  5
4C9
330
1A
100
AcDbEntity
  8
BLACK
  6
CONTINUOUS
100
AcDbLine
 10
-0.299318937007874
 20
1.3542204724409448
 30
0
 11
-0.2987336220472441
 21
1.3541628346456693
 31
0
  0
LINE
  5
4CA
330
1A
100
AcDbEntity
  8
BLACK
  6
CONTINUOUS
100
AcDbLine
 10
-0.2987336220472441
 20
1.3541628346456693
 30
0
 11
-0.2976522047244095
 21
1.3537148818897637
 31
0
  0
LINE
  5
4CB
330
1A
100
AcDbEntity
  8
BLACK
  6
CONTINUOUS
100
AcDbLine
 10
-0.2976522047244095
 20
1.3537148818897637
 30
0
 11
-0.2968244881889764
 21
1.3528871653543306
 31
0
  0
LINE
  5
4CC
330
1A
100
AcDbEntity
  8
BLACK
  6
CONTINUOUS
100
AcDbLine
 10
-0.2968244881889764
 20
1.3528871653543306
 30
0
 11
-0.2963765354330709
 21
1.351805748031496
 31
0
  0
LINE
  5
4CD
330
1A
100
AcDbEntity
  8
BLACK
  6
CONTINUOUS
100
AcDbLine
 10
-0.2963765354330709
 20
1.351805748031496
 30
0
 11
-0.2963188976377953
 21
1.3512204724409449
 31
0
  0
LINE
  5
4CE
330
1A
100
AcDbEntity
  8
BLACK
  6
CONTINUOUS
100
AcDbLine
 10
-0.2963188976377953
 20
1.3512204724409449
 30
0
 11
-0.2963188976377953
 21
1.3078267322834645
 31
0
  0
LINE
  5
4CF
330
1A
100
AcDbEntity
  8
BLACK
  6
CONTINUOUS
100
AcDbLine
 10
-0.2963188976377953
 20
1.3078267322834645
 30
0
 11
-0.293267716535433
 21
1.3078267322834645
 31
0
  0
LINE
  5
4D0
330
1A
100
AcDbEntity
  8
BLACK
  6
CONTINUOUS
100
AcDbLine
 10
-0.293267716535433
 20
1.3078267322834645
 30
0
 11
-0.2926824409448819
 21
1.307769094488189
 31
0
  0
LINE
  5
4D1
330
1A
100
AcDbEntity
  8
BLACK
  6
CONTINUOUS
100
AcDbLine
 10
-0.2926824409448819
 20
1.307769094488189
 30
0
 11
-0.2916010236220473
 21
1.3073211417322834
 31
0
  0
LINE
  5
4D2
330
1A
100
AcDbEntity
  8
BLACK
  6
CONTINUOUS
100
AcDbLine
 10
-0.2916010236220473
 20
1.3073211417322834
 30
0
 11
-0.2907733070866141
 21
1.3064934251968503
 31
0
  0
LINE
  5
4D3
330
1A
100
AcDbEntity
  8
BLACK
  6
CONTINUOUS
100
AcDbLine
 10
-0.2907733070866141
 20
1.3064934251968503
 30
0
 11
-0.2903253543307087
 21
1.3054120078740157
 31
0
  0
LINE
  5
4D4
330
1A
100
AcDbEntity
  8
BLACK
  6
CONTINUOUS
100
AcDbLine
 10
-0.2903253543307087
 20
1.3054120078740157
 30
0
 11
-0.290267716535433
 21
1.3048267322834646
 31
0
  0
LINE
  5
4D5
330
1A
100
AcDbEntity
  8
BLACK
  6
CONTINUOUS
100
AcDbLine
 10
-0.290267716535433
 20
1.3048267322834646
 30
0
 11
-0.290267716535433
 21
1.3020550787401575
 31
0
  0
LINE
  5
4D6
330
1A
100
AcDbEntity
  8
BLACK
  6
CONTINUOUS
100
AcDbLine
 10
-0.290267716535433
 20
1.3020550787401575
 30
0
 11
-0.2587007874015748
 21
1.3020550787401575
 31
0
  0
LINE
  5
4D7
330
1A
100
AcDbEntity
  8
BLACK
  6
CONTINUOUS
100
AcDbLine
 10
-0.2587007874015748
 20
1.3020550787401575
 30
0
 11
-0.2124906692913386
 21
1.3020550787401575
 31
0
  0
LINE
  5
4D8
330
1A
100
AcDbEntity
  8
BLACK
  6
CONTINUOUS
100
AcDbLine
 10
-0.2124906692913386
 20
1.3020550787401575
 30
0
 11
-0.2124906692913386
 21
1.3048267322834646
 31
0
  0
LINE
  5
4D9
330
1A
100
AcDbEntity
  8
BLACK
  6
CONTINUOUS
100
AcDbLine
 10
-0.2124906692913386
 20
1.3048267322834646
 30
0
 11
-0.212433031496063
 21
1.3054120078740157
 31
0
  0
LINE
  5
4DA
330
1A
100
AcDbEntity
  8
BLACK
  6
CONTINUOUS
100
AcDbLine
 10
-0.212433031496063
 20
1.3054120078740157
 30
0
 11
-0.2119850787401575
 21
1.3064934251968503
 31
0
  0
LINE
  5
4DB
330
1A
100
AcDbEntity
  8
BLACK
  6
CONTINUOUS
100
AcDbLine
 10
-0.2119850787401575
 20
1.3064934251968503
 30
0
 11
-0.2111573622047244
 21
1.3073211417322834
 31
0
  0
LINE
  5
4DC
330
1A
100
AcDbEntity
  8
BLACK
  6
CONTINUOUS
100
AcDbLine
 10
-0.2111573622047244
 20
1.3073211417322834
 30
0
 11
-0.2100759448818898
 21
1.307769094488189
 31
0
  0
LINE
  5
4DD
330
1A
100
AcDbEntity
  8
BLACK
  6
CONTINUOUS
100
AcDbLine
 10
-0.2100759448818898
 20
1.307769094488189
 30
0
 11
-0.2094906692913386
 21
1.3078267322834645
 31
0
  0
LINE
  5
4DE
330
1A
100
AcDbEntity
  8
BLACK
  6
CONTINUOUS
100
AcDbLine
 10
-0.2094906692913386
 20
1.3078267322834645
 30
0
 11
-0.2019266141732284
 21
1.3078267322834645
 31
0
  0
LINE
  5
4DF
330
1A
100
AcDbEntity
  8
BLACK
  6
CONTINUOUS
100
AcDbLine
 10
-0.2019266141732284
 20
1.3078267322834645
 30
0
 11
-0.2013413385826772
 21
1.307769094488189
 31
0
  0
LINE
  5
4E0
330
1A
100
AcDbEntity
  8
BLACK
  6
CONTINUOUS
100
AcDbLine
 10
-0.2013413385826772
 20
1.307769094488189
 30
0
 11
-0.2013412992125984
 21
1.307769094488189
 31
0
  0
LINE
  5
4E1
330
1A
100
AcDbEntity
  8
BLACK
  6
CONTINUOUS
100
AcDbLine
 10
-0.2013412992125984
 20
1.307769094488189
 30
0
 11
-0.2002599212598425
 21
1.3073211417322834
 31
0
  0
LINE
  5
4E2
330
1A
100
AcDbEntity
  8
BLACK
  6
CONTINUOUS
100
AcDbLine
 10
-0.2002599212598425
 20
1.3073211417322834
 30
0
 11
-0.1994322047244095
 21
1.3064934251968503
 31
0
  0
LINE
  5
4E3
330
1A
100
AcDbEntity
  8
BLACK
  6
CONTINUOUS
100
AcDbLine
 10
-0.1994322047244095
 20
1.3064934251968503
 30
0
 11
-0.1989842913385827
 21
1.3054120472440944
 31
0
  0
LINE
  5
4E4
330
1A
100
AcDbEntity
  8
BLACK
  6
CONTINUOUS
100
AcDbLine
 10
-0.1989842913385827
 20
1.3054120472440944
 30
0
 11
-0.1989842519685039
 21
1.3054119685039369
 31
0
  0
LINE
  5
4E5
330
1A
100
AcDbEntity
  8
BLACK
  6
CONTINUOUS
100
AcDbLine
 10
-0.1989842519685039
 20
1.3054119685039369
 30
0
 11
-0.1989266141732283
 21
1.3048266929133858
 31
0
  0
LINE
  5
4E6
330
1A
100
AcDbEntity
  8
BLACK
  6
CONTINUOUS
100
AcDbLine
 10
-0.1989266141732283
 20
1.3048266929133858
 30
0
 11
-0.1989266141732283
 21
1.3020550787401575
 31
0
  0
LINE
  5
4E7
330
1A
100
AcDbEntity
  8
BLACK
  6
CONTINUOUS
100
AcDbLine
 10
-0.1989266141732283
 20
1.3020550787401575
 30
0
 11
-0.1160141338582677
 21
1.3020550787401575
 31
0
  0
LINE
  5
4E8
330
1A
100
AcDbEntity
  8
BLACK
  6
CONTINUOUS
100
AcDbLine
 10
-0.1160141338582677
 20
1.3020550787401575
 30
0
 11
-0.1160141338582677
 21
1.3048267322834646
 31
0
  0
LINE
  5
4E9
330
1A
100
AcDbEntity
  8
BLACK
  6
CONTINUOUS
100
AcDbLine
 10
-0.1160141338582677
 20
1.3048267322834646
 30
0
 11
-0.1159564960629921
 21
1.3054120078740157
 31
0
  0
LINE
  5
4EA
330
1A
100
AcDbEntity
  8
BLACK
  6
CONTINUOUS
100
AcDbLine
 10
-0.1159564960629921
 20
1.3054120078740157
 30
0
 11
-0.1155085433070866
 21
1.3064934251968503
 31
0
  0
LINE
  5
4EB
330
1A
100
AcDbEntity
  8
BLACK
  6
CONTINUOUS
100
AcDbLine
 10
-0.1155085433070866
 20
1.3064934251968503
 30
0
 11
-0.1146808267716535
 21
1.3073211417322834
 31
0
  0
LINE
  5
4EC
330
1A
100
AcDbEntity
  8
BLACK
  6
CONTINUOUS
100
AcDbLine
 10
-0.1146808267716535
 20
1.3073211417322834
 30
0
 11
-0.1135994094488189
 21
1.307769094488189
 31
0
  0
LINE
  5
4ED
330
1A
100
AcDbEntity
  8
BLACK
  6
CONTINUOUS
100
AcDbLine
 10
-0.1135994094488189
 20
1.307769094488189
 30
0
 11
-0.1130141338582677
 21
1.3078267322834645
 31
0
  0
LINE
  5
4EE
330
1A
100
AcDbEntity
  8
BLACK
  6
CONTINUOUS
100
AcDbLine
 10
-0.1130141338582677
 20
1.3078267322834645
 30
0
 11
-0.1013188976377953
 21
1.3078267322834645
 31
0
  0
LINE
  5
4EF
330
1A
100
AcDbEntity
  8
BLACK
  6
CONTINUOUS
100
AcDbLine
 10
-0.1013188976377953
 20
1.3078267322834645
 30
0
 11
-0.1013188976377953
 21
1.4638267322834646
 31
0
  0
LINE
  5
4F0
330
1A
100
AcDbEntity
  8
BLACK
  6
CONTINUOUS
100
AcDbLine
 10
-0.1013188976377953
 20
1.4638267322834646
 30
0
 11
-0.1130141338582677
 21
1.4638267322834646
 31
0
  0
LINE
  5
4F1
330
1A
100
AcDbEntity
  8
BLACK
  6
CONTINUOUS
100
AcDbLine
 10
-0.1130141338582677
 20
1.4638267322834646
 30
0
 11
-0.1135994094488189
 21
1.4638843700787401
 31
0
  0
LINE
  5
4F2
330
1A
100
AcDbEntity
  8
BLACK
  6
CONTINUOUS
100
AcDbLine
 10
-0.1135994094488189
 20
1.4638843700787401
 30
0
 11
-0.1146808267716535
 21
1.4643323228346456
 31
0
  0
LINE
  5
4F3
330
1A
100
AcDbEntity
  8
BLACK
  6
CONTINUOUS
100
AcDbLine
 10
-0.1146808267716535
 20
1.4643323228346456
 30
0
 11
-0.1155085433070866
 21
1.4651600393700788
 31
0
  0
LINE
  5
4F4
330
1A
100
AcDbEntity
  8
BLACK
  6
CONTINUOUS
100
AcDbLine
 10
-0.1155085433070866
 20
1.4651600393700788
 30
0
 11
-0.1159564960629921
 21
1.4662414566929134
 31
0
  0
LINE
  5
4F5
330
1A
100
AcDbEntity
  8
BLACK
  6
CONTINUOUS
100
AcDbLine
 10
-0.1159564960629921
 20
1.4662414566929134
 30
0
 11
-0.1159564960629921
 21
1.4662414960629921
 31
0
  0
LINE
  5
4F6
330
1A
100
AcDbEntity
  8
BLACK
  6
CONTINUOUS
100
AcDbLine
 10
-0.1159564960629921
 20
1.4662414960629921
 30
0
 11
-0.1160141338582677
 21
1.4668267322834645
 31
0
  0
LINE
  5
4F7
330
1A
100
AcDbEntity
  8
BLACK
  6
CONTINUOUS
100
AcDbLine
 10
-0.1160141338582677
 20
1.4668267322834645
 30
0
 11
-0.1160141338582677
 21
1.4695983858267716
 31
0
  0
LINE
  5
4F8
330
1A
100
AcDbEntity
  8
BLACK
  6
CONTINUOUS
100
AcDbLine
 10
-0.1160141338582677
 20
1.4695983858267716
 30
0
 11
-0.1989266141732283
 21
1.4695983858267716
 31
0
  0
LINE
  5
4F9
330
1A
100
AcDbEntity
  8
BLACK
  6
CONTINUOUS
100
AcDbLine
 10
-0.1989266141732283
 20
1.4695983858267716
 30
0
 11
-0.1989266141732283
 21
1.4668267716535432
 31
0
  0
LINE
  5
4FA
330
1A
100
AcDbEntity
  8
BLACK
  6
CONTINUOUS
100
AcDbLine
 10
-0.1989266141732283
 20
1.4668267716535432
 30
0
 11
-0.1989842519685039
 21
1.4662414960629921
 31
0
  0
LINE
  5
4FB
330
1A
100
AcDbEntity
  8
BLACK
  6
CONTINUOUS
100
AcDbLine
 10
-0.1989842519685039
 20
1.4662414960629921
 30
0
 11
-0.1989842519685039
 21
1.4662414566929134
 31
0
  0
LINE
  5
4FC
330
1A
100
AcDbEntity
  8
BLACK
  6
CONTINUOUS
100
AcDbLine
 10
-0.1989842519685039
 20
1.4662414566929134
 30
0
 11
-0.1994322047244095
 21
1.4651600393700788
 31
0
  0
LINE
  5
4FD
330
1A
100
AcDbEntity
  8
BLACK
  6
CONTINUOUS
100
AcDbLine
 10
-0.1994322047244095
 20
1.4651600393700788
 30
0
 11
-0.2002599212598425
 21
1.4643323228346456
 31
0
  0
LINE
  5
4FE
330
1A
100
AcDbEntity
  8
BLACK
  6
CONTINUOUS
100
AcDbLine
 10
-0.2002599212598425
 20
1.4643323228346456
 30
0
 11
-0.2013412992125984
 21
1.4638843700787401
 31
0
  0
LINE
  5
4FF
330
1A
100
AcDbEntity
  8
BLACK
  6
CONTINUOUS
100
AcDbLine
 10
-0.2013412992125984
 20
1.4638843700787401
 30
0
 11
-0.2013413385826772
 21
1.4638843700787401
 31
0
  0
LINE
  5
500
330
1A
100
AcDbEntity
  8
BLACK
  6
CONTINUOUS
100
AcDbLine
 10
-0.2013413385826772
 20
1.4638843700787401
 30
0
 11
-0.2019266141732284
 21
1.4638267322834646
 31
0
  0
LINE
  5
501
330
1A
100
AcDbEntity
  8
BLACK
  6
CONTINUOUS
100
AcDbLine
 10
-0.2019266141732284
 20
1.4638267322834646
 30
0
 11
-0.2094906692913386
 21
1.4638267322834646
 31
0
  0
LINE
  5
502
330
1A
100
AcDbEntity
  8
BLACK
  6
CONTINUOUS
100
AcDbLine
 10
-0.2094906692913386
 20
1.4638267322834646
 30
0
 11
-0.2100759448818898
 21
1.4638843700787401
 31
0
  0
LINE
  5
503
330
1A
100
AcDbEntity
  8
BLACK
  6
CONTINUOUS
100
AcDbLine
 10
-0.2100759448818898
 20
1.4638843700787401
 30
0
 11
-0.2111573622047244
 21
1.4643323228346456
 31
0
  0
LINE
  5
504
330
1A
100
AcDbEntity
  8
BLACK
  6
CONTINUOUS
100
AcDbLine
 10
-0.2111573622047244
 20
1.4643323228346456
 30
0
 11
-0.2119850787401575
 21
1.4651600393700788
 31
0
  0
LINE
  5
505
330
1A
100
AcDbEntity
  8
BLACK
  6
CONTINUOUS
100
AcDbLine
 10
-0.2119850787401575
 20
1.4651600393700788
 30
0
 11
-0.212433031496063
 21
1.4662414566929134
 31
0
  0
LINE
  5
506
330
1A
100
AcDbEntity
  8
BLACK
  6
CONTINUOUS
100
AcDbLine
 10
-0.212433031496063
 20
1.4662414566929134
 30
0
 11
-0.212433031496063
 21
1.4662414960629921
 31
0
  0
LINE
  5
507
330
1A
100
AcDbEntity
  8
BLACK
  6
CONTINUOUS
100
AcDbLine
 10
-0.212433031496063
 20
1.4662414960629921
 30
0
 11
-0.2124906692913386
 21
1.4668267322834645
 31
0
  0
LINE
  5
508
330
1A
100
AcDbEntity
  8
BLACK
  6
CONTINUOUS
100
AcDbLine
 10
-0.2124906692913386
 20
1.4668267322834645
 30
0
 11
-0.2124906692913386
 21
1.4695983858267716
 31
0
  0
LINE
  5
509
330
1A
100
AcDbEntity
  8
BLACK
  6
CONTINUOUS
100
AcDbLine
 10
-0.2124906692913386
 20
1.4695983858267716
 30
0
 11
-0.2587007874015748
 21
1.4695983858267716
 31
0
  0
LINE
  5
50A
330
1A
100
AcDbEntity
  8
BLACK
  6
CONTINUOUS
100
AcDbLine
 10
-0.2587007874015748
 20
1.4695983858267716
 30
0
 11
-0.290267716535433
 21
1.4695983858267716
 31
0
  0
LINE
  5
50B
330
1A
100
AcDbEntity
  8
BLACK
  6
CONTINUOUS
100
AcDbLine
 10
-0.3350564173228346
 20
1.47522031496063
 30
0
 11
-0.3345237401574803
 21
1.4746876377952756
 31
0
  0
LINE
  5
50C
330
1A
100
AcDbEntity
  8
BLACK
  6
CONTINUOUS
100
AcDbLine
 10
-0.3345237401574803
 20
1.4746876377952756
 30
0
 11
-0.3344488188976378
 21
1.4743109842519684
 31
0
  0
LINE
  5
50D
330
1A
100
AcDbEntity
  8
BLACK
  6
CONTINUOUS
100
AcDbLine
 10
-0.3344488188976378
 20
1.4743109842519684
 30
0
 11
-0.3344488188976378
 21
1.340452716535433
 31
0
  0
LINE
  5
50E
330
1A
100
AcDbEntity
  8
BLACK
  6
CONTINUOUS
100
AcDbLine
 10
-0.3344488188976378
 20
1.340452716535433
 30
0
 11
-0.3345237401574803
 21
1.340076062992126
 31
0
  0
LINE
  5
50F
330
1A
100
AcDbEntity
  8
BLACK
  6
CONTINUOUS
100
AcDbLine
 10
-0.3345237401574803
 20
1.340076062992126
 30
0
 11
-0.3350564173228346
 21
1.3395433858267716
 31
0
  0
LINE
  5
510
330
1A
100
AcDbEntity
  8
BLACK
  6
CONTINUOUS
100
AcDbLine
 10
-0.3350564173228346
 20
1.3395433858267716
 30
0
 11
-0.3354330708661417
 21
1.339468464566929
 31
0
  0
LINE
  5
511
330
1A
100
AcDbEntity
  8
BLACK
  6
CONTINUOUS
100
AcDbLine
 10
-0.3354330708661417
 20
1.339468464566929
 30
0
 11
-0.4125984251968504
 21
1.339468464566929
 31
0
  0
LINE
  5
512
330
1A
100
AcDbEntity
  8
BLACK
  6
CONTINUOUS
100
AcDbLine
 10
-0.4125984251968504
 20
1.339468464566929
 30
0
 11
-0.4129750787401575
 21
1.3395433858267716
 31
0
  0
LINE
  5
513
330
1A
100
AcDbEntity
  8
BLACK
  6
CONTINUOUS
100
AcDbLine
 10
-0.4129750787401575
 20
1.3395433858267716
 30
0
 11
-0.4135077559055118
 21
1.340076062992126
 31
0
  0
LINE
  5
514
330
1A
100
AcDbEntity
  8
BLACK
  6
CONTINUOUS
100
AcDbLine
 10
-0.4135077559055118
 20
1.340076062992126
 30
0
 11
-0.4135826771653543
 21
1.340452716535433
 31
0
  0
LINE
  5
515
330
1A
100
AcDbEntity
  8
BLACK
  6
CONTINUOUS
100
AcDbLine
 10
-0.4135826771653543
 20
1.340452716535433
 30
0
 11
-0.4135826771653543
 21
1.4743109842519684
 31
0
  0
LINE
  5
516
330
1A
100
AcDbEntity
  8
BLACK
  6
CONTINUOUS
100
AcDbLine
 10
-0.4135826771653543
 20
1.4743109842519684
 30
0
 11
-0.4135077559055118
 21
1.4746876377952756
 31
0
  0
LINE
  5
517
330
1A
100
AcDbEntity
  8
BLACK
  6
CONTINUOUS
100
AcDbLine
 10
-0.4135077559055118
 20
1.4746876377952756
 30
0
 11
-0.4129750787401575
 21
1.47522031496063
 31
0
  0
LINE
  5
518
330
1A
100
AcDbEntity
  8
BLACK
  6
CONTINUOUS
100
AcDbLine
 10
-0.4129750787401575
 20
1.47522031496063
 30
0
 11
-0.4125984251968504
 21
1.4752952362204723
 31
0
  0
LINE
  5
519
330
1A
100
AcDbEntity
  8
BLACK
  6
CONTINUOUS
100
AcDbLine
 10
-0.4125984251968504
 20
1.4752952362204723
 30
0
 11
-0.3354330708661417
 21
1.4752952362204723
 31
0
  0
LINE
  5
51A
330
1A
100
AcDbEntity
  8
BLACK
  6
CONTINUOUS
100
AcDbLine
 10
-0.3354330708661417
 20
1.4752952362204723
 30
0
 11
-0.3350564173228346
 21
1.47522031496063
 31
0
  0
LINE
  5
51B
330
1A
100
AcDbEntity
  8
BLACK
  6
CONTINUOUS
100
AcDbLine
 10
-0.4116141732283464
 20
1.4733267322834644
 30
0
 11
-0.4116141732283464
 21
1.3414369685039369
 31
0
  0
LINE
  5
51C
330
1A
100
AcDbEntity
  8
BLACK
  6
CONTINUOUS
100
AcDbLine
 10
-0.4116141732283464
 20
1.3414369685039369
 30
0
 11
-0.3364173228346456
 21
1.3414369685039369
 31
0
  0
LINE
  5
51D
330
1A
100
AcDbEntity
  8
BLACK
  6
CONTINUOUS
100
AcDbLine
 10
-0.3364173228346456
 20
1.3414369685039369
 30
0
 11
-0.3364173228346456
 21
1.4733267322834644
 31
0
  0
LINE
  5
51E
330
1A
100
AcDbEntity
  8
BLACK
  6
CONTINUOUS
100
AcDbLine
 10
-0.3364173228346456
 20
1.4733267322834644
 30
0
 11
-0.4116141732283464
 21
1.4733267322834644
 31
0
  0
LINE
  5
51F
330
1A
100
AcDbEntity
  8
BLACK
  6
CONTINUOUS
100
AcDbLine
 10
-0.6495249212598425
 20
1.4950038188976378
 30
0
 11
-0.6489922440944882
 21
1.4944711417322833
 31
0
  0
LINE
  5
520
330
1A
100
AcDbEntity
  8
BLACK
  6
CONTINUOUS
100
AcDbLine
 10
-0.6489922440944882
 20
1.4944711417322833
 30
0
 11
-0.6489173228346456
 21
1.4940944881889764
 31
0
  0
LINE
  5
521
330
1A
100
AcDbEntity
  8
BLACK
  6
CONTINUOUS
100
AcDbLine
 10
-0.6489173228346456
 20
1.4940944881889764
 30
0
 11
-0.6489173228346456
 21
1.4192913385826771
 31
0
  0
LINE
  5
522
330
1A
100
AcDbEntity
  8
BLACK
  6
CONTINUOUS
100
AcDbLine
 10
-0.6489173228346456
 20
1.4192913385826771
 30
0
 11
-0.6489922440944882
 21
1.4189146850393701
 31
0
  0
LINE
  5
523
330
1A
100
AcDbEntity
  8
BLACK
  6
CONTINUOUS
100
AcDbLine
 10
-0.6489922440944882
 20
1.4189146850393701
 30
0
 11
-0.6495249212598425
 21
1.4183820078740157
 31
0
  0
LINE
  5
524
330
1A
100
AcDbEntity
  8
BLACK
  6
CONTINUOUS
100
AcDbLine
 10
-0.6495249212598425
 20
1.4183820078740157
 30
0
 11
-0.6499015748031496
 21
1.4183070866141732
 31
0
  0
LINE
  5
525
330
1A
100
AcDbEntity
  8
BLACK
  6
CONTINUOUS
100
AcDbLine
 10
-0.6499015748031496
 20
1.4183070866141732
 30
0
 11
-0.7821850393700788
 21
1.4183070866141732
 31
0
  0
LINE
  5
526
330
1A
100
AcDbEntity
  8
BLACK
  6
CONTINUOUS
100
AcDbLine
 10
-0.7821850393700788
 20
1.4183070866141732
 30
0
 11
-0.7825616929133858
 21
1.4183820078740157
 31
0
  0
LINE
  5
527
330
1A
100
AcDbEntity
  8
BLACK
  6
CONTINUOUS
100
AcDbLine
 10
-0.7825616929133858
 20
1.4183820078740157
 30
0
 11
-0.7830943700787402
 21
1.4189146850393701
 31
0
  0
LINE
  5
528
330
1A
100
AcDbEntity
  8
BLACK
  6
CONTINUOUS
100
AcDbLine
 10
-0.7830943700787402
 20
1.4189146850393701
 30
0
 11
-0.7831692913385827
 21
1.4192913385826771
 31
0
  0
LINE
  5
529
330
1A
100
AcDbEntity
  8
BLACK
  6
CONTINUOUS
100
AcDbLine
 10
-0.7831692913385827
 20
1.4192913385826771
 30
0
 11
-0.7831692913385827
 21
1.4940944881889764
 31
0
  0
LINE
  5
52A
330
1A
100
AcDbEntity
  8
BLACK
  6
CONTINUOUS
100
AcDbLine
 10
-0.7831692913385827
 20
1.4940944881889764
 30
0
 11
-0.7830943700787402
 21
1.4944711417322833
 31
0
  0
LINE
  5
52B
330
1A
100
AcDbEntity
  8
BLACK
  6
CONTINUOUS
100
AcDbLine
 10
-0.7830943700787402
 20
1.4944711417322833
 30
0
 11
-0.7825616929133858
 21
1.4950038188976378
 31
0
  0
LINE
  5
52C
330
1A
100
AcDbEntity
  8
BLACK
  6
CONTINUOUS
100
AcDbLine
 10
-0.7825616929133858
 20
1.4950038188976378
 30
0
 11
-0.7821850393700788
 21
1.4950787401574803
 31
0
  0
LINE
  5
52D
330
1A
100
AcDbEntity
  8
BLACK
  6
CONTINUOUS
100
AcDbLine
 10
-0.7821850393700788
 20
1.4950787401574803
 30
0
 11
-0.6499015748031496
 21
1.4950787401574803
 31
0
  0
LINE
  5
52E
330
1A
100
AcDbEntity
  8
BLACK
  6
CONTINUOUS
100
AcDbLine
 10
-0.6499015748031496
 20
1.4950787401574803
 30
0
 11
-0.6495249212598425
 21
1.4950038188976378
 31
0
  0
LINE
  5
52F
330
1A
100
AcDbEntity
  8
BLACK
  6
CONTINUOUS
100
AcDbLine
 10
-0.7812007874015748
 20
1.4931102362204725
 30
0
 11
-0.7812007874015748
 21
1.420275590551181
 31
0
  0
LINE
  5
530
330
1A
100
AcDbEntity
  8
BLACK
  6
CONTINUOUS
100
AcDbLine
 10
-0.7812007874015748
 20
1.420275590551181
 30
0
 11
-0.6508858267716535
 21
1.420275590551181
 31
0
  0
LINE
  5
531
330
1A
100
AcDbEntity
  8
BLACK
  6
CONTINUOUS
100
AcDbLine
 10
-0.6508858267716535
 20
1.420275590551181
 30
0
 11
-0.6508858267716535
 21
1.4931102362204725
 31
0
  0
LINE
  5
532
330
1A
100
AcDbEntity
  8
BLACK
  6
CONTINUOUS
100
AcDbLine
 10
-0.6508858267716535
 20
1.4931102362204725
 30
0
 11
-0.7812007874015748
 21
1.4931102362204725
 31
0
  0
LINE
  5
533
330
1A
100
AcDbEntity
  8
BLACK
  6
CONTINUOUS
100
AcDbLine
 10
-0.3111164173228346
 20
1.5960540157480314
 30
0
 11
-0.3036251574803149
 21
1.5936199212598425
 31
0
  0
LINE
  5
534
330
1A
100
AcDbEntity
  8
BLACK
  6
CONTINUOUS
100
AcDbLine
 10
-0.3036251574803149
 20
1.5936199212598425
 30
0
 11
-0.2966068503937008
 21
1.5900439370078741
 31
0
  0
LINE
  5
535
330
1A
100
AcDbEntity
  8
BLACK
  6
CONTINUOUS
100
AcDbLine
 10
-0.2966068503937008
 20
1.5900439370078741
 30
0
 11
-0.2902344094488189
 21
1.5854140944881889
 31
0
  0
LINE
  5
536
330
1A
100
AcDbEntity
  8
BLACK
  6
CONTINUOUS
100
AcDbLine
 10
-0.2902344094488189
 20
1.5854140944881889
 30
0
 11
-0.2846646456692913
 21
1.5798443307086614
 31
0
  0
LINE
  5
537
330
1A
100
AcDbEntity
  8
BLACK
  6
CONTINUOUS
100
AcDbLine
 10
-0.2846646456692913
 20
1.5798443307086614
 30
0
 11
-0.2800348031496063
 21
1.5734718897637794
 31
0
  0
LINE
  5
538
330
1A
100
AcDbEntity
  8
BLACK
  6
CONTINUOUS
100
AcDbLine
 10
-0.2800348031496063
 20
1.5734718897637794
 30
0
 11
-0.2764588188976378
 21
1.5664535826771653
 31
0
  0
LINE
  5
539
330
1A
100
AcDbEntity
  8
BLACK
  6
CONTINUOUS
100
AcDbLine
 10
-0.2764588188976378
 20
1.5664535826771653
 30
0
 11
-0.2740247244094488
 21
1.5589623228346456
 31
0
  0
LINE
  5
53A
330
1A
100
AcDbEntity
  8
BLACK
  6
CONTINUOUS
100
AcDbLine
 10
-0.2740247244094488
 20
1.5589623228346456
 30
0
 11
-0.2727925196850394
 21
1.5511824803149605
 31
0
  0
LINE
  5
53B
330
1A
100
AcDbEntity
  8
BLACK
  6
CONTINUOUS
100
AcDbLine
 10
-0.2727925196850394
 20
1.5511824803149605
 30
0
 11
-0.2727925196850394
 21
1.5433057086614173
 31
0
  0
LINE
  5
53C
330
1A
100
AcDbEntity
  8
BLACK
  6
CONTINUOUS
100
AcDbLine
 10
-0.2727925196850394
 20
1.5433057086614173
 30
0
 11
-0.2740247244094488
 21
1.5355258661417321
 31
0
  0
LINE
  5
53D
330
1A
100
AcDbEntity
  8
BLACK
  6
CONTINUOUS
100
AcDbLine
 10
-0.2740247244094488
 20
1.5355258661417321
 30
0
 11
-0.2764588188976378
 21
1.5280346062992125
 31
0
  0
LINE
  5
53E
330
1A
100
AcDbEntity
  8
BLACK
  6
CONTINUOUS
100
AcDbLine
 10
-0.2764588188976378
 20
1.5280346062992125
 30
0
 11
-0.2800348031496063
 21
1.5210162992125984
 31
0
  0
LINE
  5
53F
330
1A
100
AcDbEntity
  8
BLACK
  6
CONTINUOUS
100
AcDbLine
 10
-0.2800348031496063
 20
1.5210162992125984
 30
0
 11
-0.2846646456692913
 21
1.5146438582677164
 31
0
  0
LINE
  5
540
330
1A
100
AcDbEntity
  8
BLACK
  6
CONTINUOUS
100
AcDbLine
 10
-0.2846646456692913
 20
1.5146438582677164
 30
0
 11
-0.2902344094488189
 21
1.5090740944881889
 31
0
  0
LINE
  5
541
330
1A
100
AcDbEntity
  8
BLACK
  6
CONTINUOUS
100
AcDbLine
 10
-0.2902344094488189
 20
1.5090740944881889
 30
0
 11
-0.2966068503937008
 21
1.504444251968504
 31
0
  0
LINE
  5
542
330
1A
100
AcDbEntity
  8
BLACK
  6
CONTINUOUS
100
AcDbLine
 10
-0.2966068503937008
 20
1.504444251968504
 30
0
 11
-0.3036251574803149
 21
1.5008682677165355
 31
0
  0
LINE
  5
543
330
1A
100
AcDbEntity
  8
BLACK
  6
CONTINUOUS
100
AcDbLine
 10
-0.3036251574803149
 20
1.5008682677165355
 30
0
 11
-0.3111164173228346
 21
1.4984341732283464
 31
0
  0
LINE
  5
544
330
1A
100
AcDbEntity
  8
BLACK
  6
CONTINUOUS
100
AcDbLine
 10
-0.3111164173228346
 20
1.4984341732283464
 30
0
 11
-0.3188962598425197
 21
1.4972019685039371
 31
0
  0
LINE
  5
545
330
1A
100
AcDbEntity
  8
BLACK
  6
CONTINUOUS
100
AcDbLine
 10
-0.3188962598425197
 20
1.4972019685039371
 30
0
 11
-0.326773031496063
 21
1.4972019685039371
 31
0
  0
LINE
  5
546
330
1A
100
AcDbEntity
  8
BLACK
  6
CONTINUOUS
100
AcDbLine
 10
-0.326773031496063
 20
1.4972019685039371
 30
0
 11
-0.334552874015748
 21
1.4984341732283464
 31
0
  0
LINE
  5
547
330
1A
100
AcDbEntity
  8
BLACK
  6
CONTINUOUS
100
AcDbLine
 10
-0.334552874015748
 20
1.4984341732283464
 30
0
 11
-0.3420441338582677
 21
1.5008682677165355
 31
0
  0
LINE
  5
548
330
1A
100
AcDbEntity
  8
BLACK
  6
CONTINUOUS
100
AcDbLine
 10
-0.3420441338582677
 20
1.5008682677165355
 30
0
 11
-0.3490624409448819
 21
1.504444251968504
 31
0
  0
LINE
  5
549
330
1A
100
AcDbEntity
  8
BLACK
  6
CONTINUOUS
100
AcDbLine
 10
-0.3490624409448819
 20
1.504444251968504
 30
0
 11
-0.3554348818897638
 21
1.5090740944881889
 31
0
  0
LINE
  5
54A
330
1A
100
AcDbEntity
  8
BLACK
  6
CONTINUOUS
100
AcDbLine
 10
-0.3554348818897638
 20
1.5090740944881889
 30
0
 11
-0.3610046456692914
 21
1.5146438582677164
 31
0
  0
LINE
  5
54B
330
1A
100
AcDbEntity
  8
BLACK
  6
CONTINUOUS
100
AcDbLine
 10
-0.3610046456692914
 20
1.5146438582677164
 30
0
 11
-0.3656344881889764
 21
1.5210162992125984
 31
0
  0
LINE
  5
54C
330
1A
100
AcDbEntity
  8
BLACK
  6
CONTINUOUS
100
AcDbLine
 10
-0.3656344881889764
 20
1.5210162992125984
 30
0
 11
-0.3692104724409448
 21
1.5280346062992125
 31
0
  0
LINE
  5
54D
330
1A
100
AcDbEntity
  8
BLACK
  6
CONTINUOUS
100
AcDbLine
 10
-0.3692104724409448
 20
1.5280346062992125
 30
0
 11
-0.3716445669291338
 21
1.5355258661417321
 31
0
  0
LINE
  5
54E
330
1A
100
AcDbEntity
  8
BLACK
  6
CONTINUOUS
100
AcDbLine
 10
-0.3716445669291338
 20
1.5355258661417321
 30
0
 11
-0.3728767716535433
 21
1.5433057086614173
 31
0
  0
LINE
  5
54F
330
1A
100
AcDbEntity
  8
BLACK
  6
CONTINUOUS
100
AcDbLine
 10
-0.3728767716535433
 20
1.5433057086614173
 30
0
 11
-0.3728767716535433
 21
1.5510397637795275
 31
0
  0
LINE
  5
550
330
1A
100
AcDbEntity
  8
BLACK
  6
CONTINUOUS
100
AcDbLine
 10
-0.3728767716535433
 20
1.5510397637795275
 30
0
 11
-0.3728767716535433
 21
1.5511824803149605
 31
0
  0
LINE
  5
551
330
1A
100
AcDbEntity
  8
BLACK
  6
CONTINUOUS
100
AcDbLine
 10
-0.3728767716535433
 20
1.5511824803149605
 30
0
 11
-0.3716445669291338
 21
1.5589623228346456
 31
0
  0
LINE
  5
552
330
1A
100
AcDbEntity
  8
BLACK
  6
CONTINUOUS
100
AcDbLine
 10
-0.3716445669291338
 20
1.5589623228346456
 30
0
 11
-0.3692104724409448
 21
1.5664535826771653
 31
0
  0
LINE
  5
553
330
1A
100
AcDbEntity
  8
BLACK
  6
CONTINUOUS
100
AcDbLine
 10
-0.3692104724409448
 20
1.5664535826771653
 30
0
 11
-0.3656344881889764
 21
1.5734718897637794
 31
0
  0
LINE
  5
554
330
1A
100
AcDbEntity
  8
BLACK
  6
CONTINUOUS
100
AcDbLine
 10
-0.3656344881889764
 20
1.5734718897637794
 30
0
 11
-0.3610046456692914
 21
1.5798443307086614
 31
0
  0
LINE
  5
555
330
1A
100
AcDbEntity
  8
BLACK
  6
CONTINUOUS
100
AcDbLine
 10
-0.3610046456692914
 20
1.5798443307086614
 30
0
 11
-0.3554348818897638
 21
1.5854140944881889
 31
0
  0
LINE
  5
556
330
1A
100
AcDbEntity
  8
BLACK
  6
CONTINUOUS
100
AcDbLine
 10
-0.3554348818897638
 20
1.5854140944881889
 30
0
 11
-0.3490624409448819
 21
1.5900439370078741
 31
0
  0
LINE
  5
557
330
1A
100
AcDbEntity
  8
BLACK
  6
CONTINUOUS
100
AcDbLine
 10
-0.3490624409448819
 20
1.5900439370078741
 30
0
 11
-0.3420441338582677
 21
1.5936199212598425
 31
0
  0
LINE
  5
558
330
1A
100
AcDbEntity
  8
BLACK
  6
CONTINUOUS
100
AcDbLine
 10
-0.3420441338582677
 20
1.5936199212598425
 30
0
 11
-0.334552874015748
 21
1.5960540157480314
 31
0
  0
LINE
  5
559
330
1A
100
AcDbEntity
  8
BLACK
  6
CONTINUOUS
100
AcDbLine
 10
-0.334552874015748
 20
1.5960540157480314
 30
0
 11
-0.326773031496063
 21
1.597286220472441
 31
0
  0
LINE
  5
55A
330
1A
100
AcDbEntity
  8
BLACK
  6
CONTINUOUS
100
AcDbLine
 10
-0.326773031496063
 20
1.597286220472441
 30
0
 11
-0.3188962598425197
 21
1.597286220472441
 31
0
  0
LINE
  5
55B
330
1A
100
AcDbEntity
  8
BLACK
  6
CONTINUOUS
100
AcDbLine
 10
-0.3188962598425197
 20
1.597286220472441
 30
0
 11
-0.3111164173228346
 21
1.5960540157480314
 31
0
  0
LINE
  5
55C
330
1A
100
AcDbEntity
  8
BLACK
  6
CONTINUOUS
100
AcDbLine
 10
-0.3710629921259843
 20
1.5434484251968503
 30
0
 11
-0.3698754330708661
 21
1.535950590551181
 31
0
  0
LINE
  5
55D
330
1A
100
AcDbEntity
  8
BLACK
  6
CONTINUOUS
100
AcDbLine
 10
-0.3698754330708661
 20
1.535950590551181
 30
0
 11
-0.3675296062992126
 21
1.5287308267716535
 31
0
  0
LINE
  5
55E
330
1A
100
AcDbEntity
  8
BLACK
  6
CONTINUOUS
100
AcDbLine
 10
-0.3675296062992126
 20
1.5287308267716535
 30
0
 11
-0.3640832283464567
 21
1.5219669291338582
 31
0
  0
LINE
  5
55F
330
1A
100
AcDbEntity
  8
BLACK
  6
CONTINUOUS
100
AcDbLine
 10
-0.3640832283464567
 20
1.5219669291338582
 30
0
 11
-0.3596211811023622
 21
1.515825433070866
 31
0
  0
LINE
  5
560
330
1A
100
AcDbEntity
  8
BLACK
  6
CONTINUOUS
100
AcDbLine
 10
-0.3596211811023622
 20
1.515825433070866
 30
0
 11
-0.3542533070866142
 21
1.5104575590551181
 31
0
  0
LINE
  5
561
330
1A
100
AcDbEntity
  8
BLACK
  6
CONTINUOUS
100
AcDbLine
 10
-0.3542533070866142
 20
1.5104575590551181
 30
0
 11
-0.348111811023622
 21
1.5059955118110235
 31
0
  0
LINE
  5
562
330
1A
100
AcDbEntity
  8
BLACK
  6
CONTINUOUS
100
AcDbLine
 10
-0.348111811023622
 20
1.5059955118110235
 30
0
 11
-0.3413479133858268
 21
1.5025491338582677
 31
0
  0
LINE
  5
563
330
1A
100
AcDbEntity
  8
BLACK
  6
CONTINUOUS
100
AcDbLine
 10
-0.3413479133858268
 20
1.5025491338582677
 30
0
 11
-0.3341281496062992
 21
1.5002033070866141
 31
0
  0
LINE
  5
564
330
1A
100
AcDbEntity
  8
BLACK
  6
CONTINUOUS
100
AcDbLine
 10
-0.3341281496062992
 20
1.5002033070866141
 30
0
 11
-0.3266303149606299
 21
1.4990157480314961
 31
0
  0
LINE
  5
565
330
1A
100
AcDbEntity
  8
BLACK
  6
CONTINUOUS
100
AcDbLine
 10
-0.3266303149606299
 20
1.4990157480314961
 30
0
 11
-0.3190389763779528
 21
1.4990157480314961
 31
0
  0
LINE
  5
566
330
1A
100
AcDbEntity
  8
BLACK
  6
CONTINUOUS
100
AcDbLine
 10
-0.3190389763779528
 20
1.4990157480314961
 30
0
 11
-0.3115411417322835
 21
1.5002033070866141
 31
0
  0
LINE
  5
567
330
1A
100
AcDbEntity
  8
BLACK
  6
CONTINUOUS
100
AcDbLine
 10
-0.3115411417322835
 20
1.5002033070866141
 30
0
 11
-0.3043213779527559
 21
1.5025491338582677
 31
0
  0
LINE
  5
568
330
1A
100
AcDbEntity
  8
BLACK
  6
CONTINUOUS
100
AcDbLine
 10
-0.3043213779527559
 20
1.5025491338582677
 30
0
 11
-0.2975574803149606
 21
1.5059955118110235
 31
0
  0
LINE
  5
569
330
1A
100
AcDbEntity
  8
BLACK
  6
CONTINUOUS
100
AcDbLine
 10
-0.2975574803149606
 20
1.5059955118110235
 30
0
 11
-0.2914159842519685
 21
1.5104575590551181
 31
0
  0
LINE
  5
56A
330
1A
100
AcDbEntity
  8
BLACK
  6
CONTINUOUS
100
AcDbLine
 10
-0.2914159842519685
 20
1.5104575590551181
 30
0
 11
-0.2860481102362205
 21
1.515825433070866
 31
0
  0
LINE
  5
56B
330
1A
100
AcDbEntity
  8
BLACK
  6
CONTINUOUS
100
AcDbLine
 10
-0.2860481102362205
 20
1.515825433070866
 30
0
 11
-0.281586062992126
 21
1.5219669291338582
 31
0
  0
LINE
  5
56C
330
1A
100
AcDbEntity
  8
BLACK
  6
CONTINUOUS
100
AcDbLine
 10
-0.281586062992126
 20
1.5219669291338582
 30
0
 11
-0.2781396850393701
 21
1.5287308267716535
 31
0
  0
LINE
  5
56D
330
1A
100
AcDbEntity
  8
BLACK
  6
CONTINUOUS
100
AcDbLine
 10
-0.2781396850393701
 20
1.5287308267716535
 30
0
 11
-0.2757938582677165
 21
1.535950590551181
 31
0
  0
LINE
  5
56E
330
1A
100
AcDbEntity
  8
BLACK
  6
CONTINUOUS
100
AcDbLine
 10
-0.2757938582677165
 20
1.535950590551181
 30
0
 11
-0.2746062992125984
 21
1.5434484251968503
 31
0
  0
LINE
  5
56F
330
1A
100
AcDbEntity
  8
BLACK
  6
CONTINUOUS
100
AcDbLine
 10
-0.2746062992125984
 20
1.5434484251968503
 30
0
 11
-0.2746062992125984
 21
1.5510397637795275
 31
0
  0
LINE
  5
570
330
1A
100
AcDbEntity
  8
BLACK
  6
CONTINUOUS
100
AcDbLine
 10
-0.2746062992125984
 20
1.5510397637795275
 30
0
 11
-0.2757938582677165
 21
1.5585375984251968
 31
0
  0
LINE
  5
571
330
1A
100
AcDbEntity
  8
BLACK
  6
CONTINUOUS
100
AcDbLine
 10
-0.2757938582677165
 20
1.5585375984251968
 30
0
 11
-0.2781396850393701
 21
1.5657573622047243
 31
0
  0
LINE
  5
572
330
1A
100
AcDbEntity
  8
BLACK
  6
CONTINUOUS
100
AcDbLine
 10
-0.2781396850393701
 20
1.5657573622047243
 30
0
 11
-0.281586062992126
 21
1.5725212598425196
 31
0
  0
LINE
  5
573
330
1A
100
AcDbEntity
  8
BLACK
  6
CONTINUOUS
100
AcDbLine
 10
-0.281586062992126
 20
1.5725212598425196
 30
0
 11
-0.2860481102362205
 21
1.5786627559055117
 31
0
  0
LINE
  5
574
330
1A
100
AcDbEntity
  8
BLACK
  6
CONTINUOUS
100
AcDbLine
 10
-0.2860481102362205
 20
1.5786627559055117
 30
0
 11
-0.2914159842519685
 21
1.5840306299212599
 31
0
  0
LINE
  5
575
330
1A
100
AcDbEntity
  8
BLACK
  6
CONTINUOUS
100
AcDbLine
 10
-0.2914159842519685
 20
1.5840306299212599
 30
0
 11
-0.2975574803149606
 21
1.5884926771653542
 31
0
  0
LINE
  5
576
330
1A
100
AcDbEntity
  8
BLACK
  6
CONTINUOUS
100
AcDbLine
 10
-0.2975574803149606
 20
1.5884926771653542
 30
0
 11
-0.3043213779527559
 21
1.5919390551181103
 31
0
  0
LINE
  5
577
330
1A
100
AcDbEntity
  8
BLACK
  6
CONTINUOUS
100
AcDbLine
 10
-0.3043213779527559
 20
1.5919390551181103
 30
0
 11
-0.3115411417322835
 21
1.5942848818897637
 31
0
  0
LINE
  5
578
330
1A
100
AcDbEntity
  8
BLACK
  6
CONTINUOUS
100
AcDbLine
 10
-0.3115411417322835
 20
1.5942848818897637
 30
0
 11
-0.3190389763779528
 21
1.5954724409448819
 31
0
  0
LINE
  5
579
330
1A
100
AcDbEntity
  8
BLACK
  6
CONTINUOUS
100
AcDbLine
 10
-0.3190389763779528
 20
1.5954724409448819
 30
0
 11
-0.3266303149606299
 21
1.5954724409448819
 31
0
  0
LINE
  5
57A
330
1A
100
AcDbEntity
  8
BLACK
  6
CONTINUOUS
100
AcDbLine
 10
-0.3266303149606299
 20
1.5954724409448819
 30
0
 11
-0.3341281496062992
 21
1.5942848818897637
 31
0
  0
LINE
  5
57B
330
1A
100
AcDbEntity
  8
BLACK
  6
CONTINUOUS
100
AcDbLine
 10
-0.3341281496062992
 20
1.5942848818897637
 30
0
 11
-0.3413479133858268
 21
1.5919390551181103
 31
0
  0
LINE
  5
57C
330
1A
100
AcDbEntity
  8
BLACK
  6
CONTINUOUS
100
AcDbLine
 10
-0.3413479133858268
 20
1.5919390551181103
 30
0
 11
-0.348111811023622
 21
1.5884926771653542
 31
0
  0
LINE
  5
57D
330
1A
100
AcDbEntity
  8
BLACK
  6
CONTINUOUS
100
AcDbLine
 10
-0.348111811023622
 20
1.5884926771653542
 30
0
 11
-0.3542533070866142
 21
1.5840306299212599
 31
0
  0
LINE
  5
57E
330
1A
100
AcDbEntity
  8
BLACK
  6
CONTINUOUS
100
AcDbLine
 10
-0.3542533070866142
 20
1.5840306299212599
 30
0
 11
-0.3596211811023622
 21
1.5786627559055117
 31
0
  0
LINE
  5
57F
330
1A
100
AcDbEntity
  8
BLACK
  6
CONTINUOUS
100
AcDbLine
 10
-0.3596211811023622
 20
1.5786627559055117
 30
0
 11
-0.3640832283464567
 21
1.5725212598425196
 31
0
  0
LINE
  5
580
330
1A
100
AcDbEntity
  8
BLACK
  6
CONTINUOUS
100
AcDbLine
 10
-0.3640832283464567
 20
1.5725212598425196
 30
0
 11
-0.3675296062992126
 21
1.5657573622047243
 31
0
  0
LINE
  5
581
330
1A
100
AcDbEntity
  8
BLACK
  6
CONTINUOUS
100
AcDbLine
 10
-0.3675296062992126
 20
1.5657573622047243
 30
0
 11
-0.3698754330708661
 21
1.5585375984251968
 31
0
  0
LINE
  5
582
330
1A
100
AcDbEntity
  8
BLACK
  6
CONTINUOUS
100
AcDbLine
 10
-0.3698754330708661
 20
1.5585375984251968
 30
0
 11
-0.3710629921259843
 21
1.5510397637795275
 31
0
  0
LINE
  5
583
330
1A
100
AcDbEntity
  8
BLACK
  6
CONTINUOUS
100
AcDbLine
 10
-0.3710629921259843
 20
1.5510397637795275
 30
0
 11
-0.3710629921259843
 21
1.5434484251968503
 31
0
  0
LINE
  5
584
330
1A
100
AcDbEntity
  8
BLACK
  6
CONTINUOUS
100
AcDbLine
 10
-0.6505091732283464
 20
1.5816179921259843
 30
0
 11
-0.6499764960629921
 21
1.5810853149606299
 31
0
  0
LINE
  5
585
330
1A
100
AcDbEntity
  8
BLACK
  6
CONTINUOUS
100
AcDbLine
 10
-0.6499764960629921
 20
1.5810853149606299
 30
0
 11
-0.6499015748031496
 21
1.5807086614173227
 31
0
  0
LINE
  5
586
330
1A
100
AcDbEntity
  8
BLACK
  6
CONTINUOUS
100
AcDbLine
 10
-0.6499015748031496
 20
1.5807086614173227
 30
0
 11
-0.6499015748031496
 21
1.5059055118110236
 31
0
  0
LINE
  5
587
330
1A
100
AcDbEntity
  8
BLACK
  6
CONTINUOUS
100
AcDbLine
 10
-0.6499015748031496
 20
1.5059055118110236
 30
0
 11
-0.6499764960629921
 21
1.5055288582677164
 31
0
  0
LINE
  5
588
330
1A
100
AcDbEntity
  8
BLACK
  6
CONTINUOUS
100
AcDbLine
 10
-0.6499764960629921
 20
1.5055288582677164
 30
0
 11
-0.6505091732283464
 21
1.5049961811023622
 31
0
  0
LINE
  5
589
330
1A
100
AcDbEntity
  8
BLACK
  6
CONTINUOUS
100
AcDbLine
 10
-0.6505091732283464
 20
1.5049961811023622
 30
0
 11
-0.6508858267716535
 21
1.5049212598425197
 31
0
  0
LINE
  5
58A
330
1A
100
AcDbEntity
  8
BLACK
  6
CONTINUOUS
100
AcDbLine
 10
-0.6508858267716535
 20
1.5049212598425197
 30
0
 11
-0.7831692913385827
 21
1.5049212598425197
 31
0
  0
LINE
  5
58B
330
1A
100
AcDbEntity
  8
BLACK
  6
CONTINUOUS
100
AcDbLine
 10
-0.7831692913385827
 20
1.5049212598425197
 30
0
 11
-0.7835459448818898
 21
1.5049961811023622
 31
0
  0
LINE
  5
58C
330
1A
100
AcDbEntity
  8
BLACK
  6
CONTINUOUS
100
AcDbLine
 10
-0.7835459448818898
 20
1.5049961811023622
 30
0
 11
-0.7840786220472441
 21
1.5055288582677164
 31
0
  0
LINE
  5
58D
330
1A
100
AcDbEntity
  8
BLACK
  6
CONTINUOUS
100
AcDbLine
 10
-0.7840786220472441
 20
1.5055288582677164
 30
0
 11
-0.7841535433070866
 21
1.5059055118110236
 31
0
  0
LINE
  5
58E
330
1A
100
AcDbEntity
  8
BLACK
  6
CONTINUOUS
100
AcDbLine
 10
-0.7841535433070866
 20
1.5059055118110236
 30
0
 11
-0.7841535433070866
 21
1.5807086614173227
 31
0
  0
LINE
  5
58F
330
1A
100
AcDbEntity
  8
BLACK
  6
CONTINUOUS
100
AcDbLine
 10
-0.7841535433070866
 20
1.5807086614173227
 30
0
 11
-0.7840786220472441
 21
1.5810853149606299
 31
0
  0
LINE
  5
590
330
1A
100
AcDbEntity
  8
BLACK
  6
CONTINUOUS
100
AcDbLine
 10
-0.7840786220472441
 20
1.5810853149606299
 30
0
 11
-0.7835459448818898
 21
1.5816179921259843
 31
0
  0
LINE
  5
591
330
1A
100
AcDbEntity
  8
BLACK
  6
CONTINUOUS
100
AcDbLine
 10
-0.7835459448818898
 20
1.5816179921259843
 30
0
 11
-0.7831692913385827
 21
1.5816929133858266
 31
0
  0
LINE
  5
592
330
1A
100
AcDbEntity
  8
BLACK
  6
CONTINUOUS
100
AcDbLine
 10
-0.7831692913385827
 20
1.5816929133858266
 30
0
 11
-0.6508858267716535
 21
1.5816929133858266
 31
0
  0
LINE
  5
593
330
1A
100
AcDbEntity
  8
BLACK
  6
CONTINUOUS
100
AcDbLine
 10
-0.6508858267716535
 20
1.5816929133858266
 30
0
 11
-0.6505091732283464
 21
1.5816179921259843
 31
0
  0
LINE
  5
594
330
1A
100
AcDbEntity
  8
BLACK
  6
CONTINUOUS
100
AcDbLine
 10
-0.7821850393700788
 20
1.5797244094488188
 30
0
 11
-0.7821850393700788
 21
1.5068897637795275
 31
0
  0
LINE
  5
595
330
1A
100
AcDbEntity
  8
BLACK
  6
CONTINUOUS
100
AcDbLine
 10
-0.7821850393700788
 20
1.5068897637795275
 30
0
 11
-0.6518700787401575
 21
1.5068897637795275
 31
0
  0
LINE
  5
596
330
1A
100
AcDbEntity
  8
BLACK
  6
CONTINUOUS
100
AcDbLine
 10
-0.6518700787401575
 20
1.5068897637795275
 30
0
 11
-0.6518700787401575
 21
1.5797244094488188
 31
0
  0
LINE
  5
597
330
1A
100
AcDbEntity
  8
BLACK
  6
CONTINUOUS
100
AcDbLine
 10
-0.6518700787401575
 20
1.5797244094488188
 30
0
 11
-0.7821850393700788
 21
1.5797244094488188
 31
0
  0
LINE
  5
598
330
1A
100
AcDbEntity
  8
BLACK
  6
CONTINUOUS
100
AcDbLine
 10
-0.6500170472440945
 20
1.6642951574803149
 30
0
 11
-0.6494843700787402
 21
1.6637624803149607
 31
0
  0
LINE
  5
599
330
1A
100
AcDbEntity
  8
BLACK
  6
CONTINUOUS
100
AcDbLine
 10
-0.6494843700787402
 20
1.6637624803149607
 30
0
 11
-0.6494094488188976
 21
1.6633858267716535
 31
0
  0
LINE
  5
59A
330
1A
100
AcDbEntity
  8
BLACK
  6
CONTINUOUS
100
AcDbLine
 10
-0.6494094488188976
 20
1.6633858267716535
 30
0
 11
-0.6494094488188976
 21
1.5885826771653544
 31
0
  0
LINE
  5
59B
330
1A
100
AcDbEntity
  8
BLACK
  6
CONTINUOUS
100
AcDbLine
 10
-0.6494094488188976
 20
1.5885826771653544
 30
0
 11
-0.6494843700787402
 21
1.5882060236220472
 31
0
  0
LINE
  5
59C
330
1A
100
AcDbEntity
  8
BLACK
  6
CONTINUOUS
100
AcDbLine
 10
-0.6494843700787402
 20
1.5882060236220472
 30
0
 11
-0.6500170472440945
 21
1.5876733464566928
 31
0
  0
LINE
  5
59D
330
1A
100
AcDbEntity
  8
BLACK
  6
CONTINUOUS
100
AcDbLine
 10
-0.6500170472440945
 20
1.5876733464566928
 30
0
 11
-0.6503937007874016
 21
1.5875984251968505
 31
0
  0
LINE
  5
59E
330
1A
100
AcDbEntity
  8
BLACK
  6
CONTINUOUS
100
AcDbLine
 10
-0.6503937007874016
 20
1.5875984251968505
 30
0
 11
-0.7826771653543307
 21
1.5875984251968505
 31
0
  0
LINE
  5
59F
330
1A
100
AcDbEntity
  8
BLACK
  6
CONTINUOUS
100
AcDbLine
 10
-0.7826771653543307
 20
1.5875984251968505
 30
0
 11
-0.7830538188976378
 21
1.5876733464566928
 31
0
  0
LINE
  5
5A0
330
1A
100
AcDbEntity
  8
BLACK
  6
CONTINUOUS
100
AcDbLine
 10
-0.7830538188976378
 20
1.5876733464566928
 30
0
 11
-0.7835864960629921
 21
1.5882060236220472
 31
0
  0
LINE
  5
5A1
330
1A
100
AcDbEntity
  8
BLACK
  6
CONTINUOUS
100
AcDbLine
 10
-0.7835864960629921
 20
1.5882060236220472
 30
0
 11
-0.7836614173228347
 21
1.5885826771653544
 31
0
  0
LINE
  5
5A2
330
1A
100
AcDbEntity
  8
BLACK
  6
CONTINUOUS
100
AcDbLine
 10
-0.7836614173228347
 20
1.5885826771653544
 30
0
 11
-0.7836614173228347
 21
1.6633858267716535
 31
0
  0
LINE
  5
5A3
330
1A
100
AcDbEntity
  8
BLACK
  6
CONTINUOUS
100
AcDbLine
 10
-0.7836614173228347
 20
1.6633858267716535
 30
0
 11
-0.7835864960629921
 21
1.6637624803149607
 31
0
  0
LINE
  5
5A4
330
1A
100
AcDbEntity
  8
BLACK
  6
CONTINUOUS
100
AcDbLine
 10
-0.7835864960629921
 20
1.6637624803149607
 30
0
 11
-0.7830538188976378
 21
1.6642951574803149
 31
0
  0
LINE
  5
5A5
330
1A
100
AcDbEntity
  8
BLACK
  6
CONTINUOUS
100
AcDbLine
 10
-0.7830538188976378
 20
1.6642951574803149
 30
0
 11
-0.7826771653543307
 21
1.6643700787401574
 31
0
  0
LINE
  5
5A6
330
1A
100
AcDbEntity
  8
BLACK
  6
CONTINUOUS
100
AcDbLine
 10
-0.7826771653543307
 20
1.6643700787401574
 30
0
 11
-0.6503937007874016
 21
1.6643700787401574
 31
0
  0
LINE
  5
5A7
330
1A
100
AcDbEntity
  8
BLACK
  6
CONTINUOUS
100
AcDbLine
 10
-0.6503937007874016
 20
1.6643700787401574
 30
0
 11
-0.6500170472440945
 21
1.6642951574803149
 31
0
  0
LINE
  5
5A8
330
1A
100
AcDbEntity
  8
BLACK
  6
CONTINUOUS
100
AcDbLine
 10
-0.7816929133858268
 20
1.6624015748031495
 30
0
 11
-0.7816929133858268
 21
1.5895669291338583
 31
0
  0
LINE
  5
5A9
330
1A
100
AcDbEntity
  8
BLACK
  6
CONTINUOUS
100
AcDbLine
 10
-0.7816929133858268
 20
1.5895669291338583
 30
0
 11
-0.6513779527559055
 21
1.5895669291338583
 31
0
  0
LINE
  5
5AA
330
1A
100
AcDbEntity
  8
BLACK
  6
CONTINUOUS
100
AcDbLine
 10
-0.6513779527559055
 20
1.5895669291338583
 30
0
 11
-0.6513779527559055
 21
1.6624015748031495
 31
0
  0
LINE
  5
5AB
330
1A
100
AcDbEntity
  8
BLACK
  6
CONTINUOUS
100
AcDbLine
 10
-0.6513779527559055
 20
1.6624015748031495
 30
0
 11
-0.7816929133858268
 21
1.6624015748031495
 31
0
  0
LINE
  5
5AC
330
1A
100
AcDbEntity
  8
BLACK
  6
CONTINUOUS
100
AcDbLine
 10
0.5704553937007873
 20
1.8020904724409448
 30
0
 11
0.5709880708661417
 21
1.8015577952755906
 31
0
  0
LINE
  5
5AD
330
1A
100
AcDbEntity
  8
BLACK
  6
CONTINUOUS
100
AcDbLine
 10
0.5709880708661417
 20
1.8015577952755906
 30
0
 11
0.5710629921259842
 21
1.8011811417322834
 31
0
  0
LINE
  5
5AE
330
1A
100
AcDbEntity
  8
BLACK
  6
CONTINUOUS
100
AcDbLine
 10
0.5710629921259842
 20
1.8011811417322834
 30
0
 11
0.5710629921259842
 21
1.667322874015748
 31
0
  0
LINE
  5
5AF
330
1A
100
AcDbEntity
  8
BLACK
  6
CONTINUOUS
100
AcDbLine
 10
0.5710629921259842
 20
1.667322874015748
 30
0
 11
0.5709880708661417
 21
1.666946220472441
 31
0
  0
LINE
  5
5B0
330
1A
100
AcDbEntity
  8
BLACK
  6
CONTINUOUS
100
AcDbLine
 10
0.5709880708661417
 20
1.666946220472441
 30
0
 11
0.5704553937007873
 21
1.6664135433070866
 31
0
  0
LINE
  5
5B1
330
1A
100
AcDbEntity
  8
BLACK
  6
CONTINUOUS
100
AcDbLine
 10
0.5704553937007873
 20
1.6664135433070866
 30
0
 11
0.5700787401574803
 21
1.666338622047244
 31
0
  0
LINE
  5
5B2
330
1A
100
AcDbEntity
  8
BLACK
  6
CONTINUOUS
100
AcDbLine
 10
0.5700787401574803
 20
1.666338622047244
 30
0
 11
0.4929133858267716
 21
1.666338622047244
 31
0
  0
LINE
  5
5B3
330
1A
100
AcDbEntity
  8
BLACK
  6
CONTINUOUS
100
AcDbLine
 10
0.4929133858267716
 20
1.666338622047244
 30
0
 11
0.4925367322834646
 21
1.6664135433070866
 31
0
  0
LINE
  5
5B4
330
1A
100
AcDbEntity
  8
BLACK
  6
CONTINUOUS
100
AcDbLine
 10
0.4925367322834646
 20
1.6664135433070866
 30
0
 11
0.4920040551181102
 21
1.666946220472441
 31
0
  0
LINE
  5
5B5
330
1A
100
AcDbEntity
  8
BLACK
  6
CONTINUOUS
100
AcDbLine
 10
0.4920040551181102
 20
1.666946220472441
 30
0
 11
0.4919291338582677
 21
1.667322874015748
 31
0
  0
LINE
  5
5B6
330
1A
100
AcDbEntity
  8
BLACK
  6
CONTINUOUS
100
AcDbLine
 10
0.4919291338582677
 20
1.667322874015748
 30
0
 11
0.4919291338582677
 21
1.8011811417322834
 31
0
  0
LINE
  5
5B7
330
1A
100
AcDbEntity
  8
BLACK
  6
CONTINUOUS
100
AcDbLine
 10
0.4919291338582677
 20
1.8011811417322834
 30
0
 11
0.4920040551181102
 21
1.8015577952755906
 31
0
  0
LINE
  5
5B8
330
1A
100
AcDbEntity
  8
BLACK
  6
CONTINUOUS
100
AcDbLine
 10
0.4920040551181102
 20
1.8015577952755906
 30
0
 11
0.4925367322834646
 21
1.8020904724409448
 31
0
  0
LINE
  5
5B9
330
1A
100
AcDbEntity
  8
BLACK
  6
CONTINUOUS
100
AcDbLine
 10
0.4925367322834646
 20
1.8020904724409448
 30
0
 11
0.4929133858267716
 21
1.8021653937007873
 31
0
  0
LINE
  5
5BA
330
1A
100
AcDbEntity
  8
BLACK
  6
CONTINUOUS
100
AcDbLine
 10
0.4929133858267716
 20
1.8021653937007873
 30
0
 11
0.5700787401574803
 21
1.8021653937007873
 31
0
  0
LINE
  5
5BB
330
1A
100
AcDbEntity
  8
BLACK
  6
CONTINUOUS
100
AcDbLine
 10
0.5700787401574803
 20
1.8021653937007873
 30
0
 11
0.5704553937007873
 21
1.8020904724409448
 31
0
  0
LINE
  5
5BC
330
1A
100
AcDbEntity
  8
BLACK
  6
CONTINUOUS
100
AcDbLine
 10
0.4938976377952756
 20
1.8001968897637795
 30
0
 11
0.4938976377952756
 21
1.6683071259842519
 31
0
  0
LINE
  5
5BD
330
1A
100
AcDbEntity
  8
BLACK
  6
CONTINUOUS
100
AcDbLine
 10
0.4938976377952756
 20
1.6683071259842519
 30
0
 11
0.5690944881889763
 21
1.6683071259842519
 31
0
  0
LINE
  5
5BE
330
1A
100
AcDbEntity
  8
BLACK
  6
CONTINUOUS
100
AcDbLine
 10
0.5690944881889763
 20
1.6683071259842519
 30
0
 11
0.5690944881889763
 21
1.8001968897637795
 31
0
  0
LINE
  5
5BF
330
1A
100
AcDbEntity
  8
BLACK
  6
CONTINUOUS
100
AcDbLine
 10
0.5690944881889763
 20
1.8001968897637795
 30
0
 11
0.4938976377952756
 21
1.8001968897637795
 31
0
  0
LINE
  5
5C0
330
1A
100
AcDbEntity
  8
BLACK
  6
CONTINUOUS
100
AcDbLine
 10
0.9995892519685039
 20
1.8040589370078739
 30
0
 11
1.0001219291338583
 21
1.8035262598425197
 31
0
  0
LINE
  5
5C1
330
1A
100
AcDbEntity
  8
BLACK
  6
CONTINUOUS
100
AcDbLine
 10
1.0001219291338583
 20
1.8035262598425197
 30
0
 11
1.0001968503937007
 21
1.8031496062992125
 31
0
  0
LINE
  5
5C2
330
1A
100
AcDbEntity
  8
BLACK
  6
CONTINUOUS
100
AcDbLine
 10
1.0001968503937007
 20
1.8031496062992125
 30
0
 11
1.0001968503937007
 21
1.6692913385826771
 31
0
  0
LINE
  5
5C3
330
1A
100
AcDbEntity
  8
BLACK
  6
CONTINUOUS
100
AcDbLine
 10
1.0001968503937007
 20
1.6692913385826771
 30
0
 11
1.0001219291338583
 21
1.6689146850393701
 31
0
  0
LINE
  5
5C4
330
1A
100
AcDbEntity
  8
BLACK
  6
CONTINUOUS
100
AcDbLine
 10
1.0001219291338583
 20
1.6689146850393701
 30
0
 11
0.9995892519685039
 21
1.6683820078740157
 31
0
  0
LINE
  5
5C5
330
1A
100
AcDbEntity
  8
BLACK
  6
CONTINUOUS
100
AcDbLine
 10
0.9995892519685039
 20
1.6683820078740157
 30
0
 11
0.9992125984251968
 21
1.6683070866141732
 31
0
  0
LINE
  5
5C6
330
1A
100
AcDbEntity
  8
BLACK
  6
CONTINUOUS
100
AcDbLine
 10
0.9992125984251968
 20
1.6683070866141732
 30
0
 11
0.9220472440944881
 21
1.6683070866141732
 31
0
  0
LINE
  5
5C7
330
1A
100
AcDbEntity
  8
BLACK
  6
CONTINUOUS
100
AcDbLine
 10
0.9220472440944881
 20
1.6683070866141732
 30
0
 11
0.9216705905511811
 21
1.6683820078740157
 31
0
  0
LINE
  5
5C8
330
1A
100
AcDbEntity
  8
BLACK
  6
CONTINUOUS
100
AcDbLine
 10
0.9216705905511811
 20
1.6683820078740157
 30
0
 11
0.9211379133858267
 21
1.6689146850393701
 31
0
  0
LINE
  5
5C9
330
1A
100
AcDbEntity
  8
BLACK
  6
CONTINUOUS
100
AcDbLine
 10
0.9211379133858267
 20
1.6689146850393701
 30
0
 11
0.9210629921259842
 21
1.6692913385826771
 31
0
  0
LINE
  5
5CA
330
1A
100
AcDbEntity
  8
BLACK
  6
CONTINUOUS
100
AcDbLine
 10
0.9210629921259842
 20
1.6692913385826771
 30
0
 11
0.9210629921259842
 21
1.8031496062992125
 31
0
  0
LINE
  5
5CB
330
1A
100
AcDbEntity
  8
BLACK
  6
CONTINUOUS
100
AcDbLine
 10
0.9210629921259842
 20
1.8031496062992125
 30
0
 11
0.9211379133858267
 21
1.8035262598425197
 31
0
  0
LINE
  5
5CC
330
1A
100
AcDbEntity
  8
BLACK
  6
CONTINUOUS
100
AcDbLine
 10
0.9211379133858267
 20
1.8035262598425197
 30
0
 11
0.9216705905511811
 21
1.8040589370078739
 31
0
  0
LINE
  5
5CD
330
1A
100
AcDbEntity
  8
BLACK
  6
CONTINUOUS
100
AcDbLine
 10
0.9216705905511811
 20
1.8040589370078739
 30
0
 11
0.9220472440944881
 21
1.8041338582677164
 31
0
  0
LINE
  5
5CE
330
1A
100
AcDbEntity
  8
BLACK
  6
CONTINUOUS
100
AcDbLine
 10
0.9220472440944881
 20
1.8041338582677164
 30
0
 11
0.9992125984251968
 21
1.8041338582677164
 31
0
  0
LINE
  5
5CF
330
1A
100
AcDbEntity
  8
BLACK
  6
CONTINUOUS
100
AcDbLine
 10
0.9992125984251968
 20
1.8041338582677164
 30
0
 11
0.9995892519685039
 21
1.8040589370078739
 31
0
  0
LINE
  5
5D0
330
1A
100
AcDbEntity
  8
BLACK
  6
CONTINUOUS
100
AcDbLine
 10
0.9230314960629921
 20
1.8021653543307086
 30
0
 11
0.9230314960629921
 21
1.670275590551181
 31
0
  0
LINE
  5
5D1
330
1A
100
AcDbEntity
  8
BLACK
  6
CONTINUOUS
100
AcDbLine
 10
0.9230314960629921
 20
1.670275590551181
 30
0
 11
0.9982283464566929
 21
1.670275590551181
 31
0
  0
LINE
  5
5D2
330
1A
100
AcDbEntity
  8
BLACK
  6
CONTINUOUS
100
AcDbLine
 10
0.9982283464566929
 20
1.670275590551181
 30
0
 11
0.9982283464566929
 21
1.8021653543307086
 31
0
  0
LINE
  5
5D3
330
1A
100
AcDbEntity
  8
BLACK
  6
CONTINUOUS
100
AcDbLine
 10
0.9982283464566929
 20
1.8021653543307086
 30
0
 11
0.9230314960629921
 21
1.8021653543307086
 31
0
  0
LINE
  5
5D4
330
1A
100
AcDbEntity
  8
BLACK
  6
CONTINUOUS
100
AcDbLine
 10
1.4208490944881889
 20
1.8099644094488188
 30
0
 11
1.4213817716535433
 21
1.8094317322834645
 31
0
  0
LINE
  5
5D5
330
1A
100
AcDbEntity
  8
BLACK
  6
CONTINUOUS
100
AcDbLine
 10
1.4213817716535433
 20
1.8094317322834645
 30
0
 11
1.4214566929133858
 21
1.8090550787401574
 31
0
  0
LINE
  5
5D6
330
1A
100
AcDbEntity
  8
BLACK
  6
CONTINUOUS
100
AcDbLine
 10
1.4214566929133858
 20
1.8090550787401574
 30
0
 11
1.4214566929133858
 21
1.6751968110236219
 31
0
  0
LINE
  5
5D7
330
1A
100
AcDbEntity
  8
BLACK
  6
CONTINUOUS
100
AcDbLine
 10
1.4214566929133858
 20
1.6751968110236219
 30
0
 11
1.4213817716535433
 21
1.674820157480315
 31
0
  0
LINE
  5
5D8
330
1A
100
AcDbEntity
  8
BLACK
  6
CONTINUOUS
100
AcDbLine
 10
1.4213817716535433
 20
1.674820157480315
 30
0
 11
1.4208490944881889
 21
1.6742874803149606
 31
0
  0
LINE
  5
5D9
330
1A
100
AcDbEntity
  8
BLACK
  6
CONTINUOUS
100
AcDbLine
 10
1.4208490944881889
 20
1.6742874803149606
 30
0
 11
1.4204724409448819
 21
1.674212559055118
 31
0
  0
LINE
  5
5DA
330
1A
100
AcDbEntity
  8
BLACK
  6
CONTINUOUS
100
AcDbLine
 10
1.4204724409448819
 20
1.674212559055118
 30
0
 11
1.3433070866141732
 21
1.674212559055118
 31
0
  0
LINE
  5
5DB
330
1A
100
AcDbEntity
  8
BLACK
  6
CONTINUOUS
100
AcDbLine
 10
1.3433070866141732
 20
1.674212559055118
 30
0
 11
1.342930433070866
 21
1.6742874803149606
 31
0
  0
LINE
  5
5DC
330
1A
100
AcDbEntity
  8
BLACK
  6
CONTINUOUS
100
AcDbLine
 10
1.342930433070866
 20
1.6742874803149606
 30
0
 11
1.3423977559055118
 21
1.674820157480315
 31
0
  0
LINE
  5
5DD
330
1A
100
AcDbEntity
  8
BLACK
  6
CONTINUOUS
100
AcDbLine
 10
1.3423977559055118
 20
1.674820157480315
 30
0
 11
1.3423228346456693
 21
1.6751968110236219
 31
0
  0
LINE
  5
5DE
330
1A
100
AcDbEntity
  8
BLACK
  6
CONTINUOUS
100
AcDbLine
 10
1.3423228346456693
 20
1.6751968110236219
 30
0
 11
1.3423228346456693
 21
1.8090550787401574
 31
0
  0
LINE
  5
5DF
330
1A
100
AcDbEntity
  8
BLACK
  6
CONTINUOUS
100
AcDbLine
 10
1.3423228346456693
 20
1.8090550787401574
 30
0
 11
1.3423977559055118
 21
1.8094317322834645
 31
0
  0
LINE
  5
5E0
330
1A
100
AcDbEntity
  8
BLACK
  6
CONTINUOUS
100
AcDbLine
 10
1.3423977559055118
 20
1.8094317322834645
 30
0
 11
1.342930433070866
 21
1.8099644094488188
 31
0
  0
LINE
  5
5E1
330
1A
100
AcDbEntity
  8
BLACK
  6
CONTINUOUS
100
AcDbLine
 10
1.342930433070866
 20
1.8099644094488188
 30
0
 11
1.3433070866141732
 21
1.8100393307086613
 31
0
  0
LINE
  5
5E2
330
1A
100
AcDbEntity
  8
BLACK
  6
CONTINUOUS
100
AcDbLine
 10
1.3433070866141732
 20
1.8100393307086613
 30
0
 11
1.4204724409448819
 21
1.8100393307086613
 31
0
  0
LINE
  5
5E3
330
1A
100
AcDbEntity
  8
BLACK
  6
CONTINUOUS
100
AcDbLine
 10
1.4204724409448819
 20
1.8100393307086613
 30
0
 11
1.4208490944881889
 21
1.8099644094488188
 31
0
  0
LINE
  5
5E4
330
1A
100
AcDbEntity
  8
BLACK
  6
CONTINUOUS
100
AcDbLine
 10
1.3442913385826771
 20
1.8080708267716534
 30
0
 11
1.3442913385826771
 21
1.6761810629921259
 31
0
  0
LINE
  5
5E5
330
1A
100
AcDbEntity
  8
BLACK
  6
CONTINUOUS
100
AcDbLine
 10
1.3442913385826771
 20
1.6761810629921259
 30
0
 11
1.419488188976378
 21
1.6761810629921259
 31
0
  0
LINE
  5
5E6
330
1A
100
AcDbEntity
  8
BLACK
  6
CONTINUOUS
100
AcDbLine
 10
1.419488188976378
 20
1.6761810629921259
 30
0
 11
1.419488188976378
 21
1.8080708267716534
 31
0
  0
LINE
  5
5E7
330
1A
100
AcDbEntity
  8
BLACK
  6
CONTINUOUS
100
AcDbLine
 10
1.419488188976378
 20
1.8080708267716534
 30
0
 11
1.3442913385826771
 21
1.8080708267716534
 31
0
  0
LINE
  5
5E8
330
1A
100
AcDbEntity
  8
BLACK
  6
CONTINUOUS
100
AcDbLine
 10
1.329116811023622
 20
1.8132124803149605
 30
0
 11
1.3296494881889764
 21
1.8126798031496063
 31
0
  0
LINE
  5
5E9
330
1A
100
AcDbEntity
  8
BLACK
  6
CONTINUOUS
100
AcDbLine
 10
1.3296494881889764
 20
1.8126798031496063
 30
0
 11
1.329724409448819
 21
1.8123031496062991
 31
0
  0
LINE
  5
5EA
330
1A
100
AcDbEntity
  8
BLACK
  6
CONTINUOUS
100
AcDbLine
 10
1.329724409448819
 20
1.8123031496062991
 30
0
 11
1.329724409448819
 21
1.68001968503937
 31
0
  0
LINE
  5
5EB
330
1A
100
AcDbEntity
  8
BLACK
  6
CONTINUOUS
100
AcDbLine
 10
1.329724409448819
 20
1.68001968503937
 30
0
 11
1.3296494881889764
 21
1.6796430314960629
 31
0
  0
LINE
  5
5EC
330
1A
100
AcDbEntity
  8
BLACK
  6
CONTINUOUS
100
AcDbLine
 10
1.3296494881889764
 20
1.6796430314960629
 30
0
 11
1.329116811023622
 21
1.6791103543307087
 31
0
  0
LINE
  5
5ED
330
1A
100
AcDbEntity
  8
BLACK
  6
CONTINUOUS
100
AcDbLine
 10
1.329116811023622
 20
1.6791103543307087
 30
0
 11
1.3287401574803148
 21
1.6790354330708661
 31
0
  0
LINE
  5
5EE
330
1A
100
AcDbEntity
  8
BLACK
  6
CONTINUOUS
100
AcDbLine
 10
1.3287401574803148
 20
1.6790354330708661
 30
0
 11
1.2539370078740157
 21
1.6790354330708661
 31
0
  0
LINE
  5
5EF
330
1A
100
AcDbEntity
  8
BLACK
  6
CONTINUOUS
100
AcDbLine
 10
1.2539370078740157
 20
1.6790354330708661
 30
0
 11
1.2535603543307086
 21
1.6791103543307087
 31
0
  0
LINE
  5
5F0
330
1A
100
AcDbEntity
  8
BLACK
  6
CONTINUOUS
100
AcDbLine
 10
1.2535603543307086
 20
1.6791103543307087
 30
0
 11
1.2530276771653543
 21
1.6796430314960629
 31
0
  0
LINE
  5
5F1
330
1A
100
AcDbEntity
  8
BLACK
  6
CONTINUOUS
100
AcDbLine
 10
1.2530276771653543
 20
1.6796430314960629
 30
0
 11
1.2529527559055118
 21
1.68001968503937
 31
0
  0
LINE
  5
5F2
330
1A
100
AcDbEntity
  8
BLACK
  6
CONTINUOUS
100
AcDbLine
 10
1.2529527559055118
 20
1.68001968503937
 30
0
 11
1.2529527559055118
 21
1.8123031496062991
 31
0
  0
LINE
  5
5F3
330
1A
100
AcDbEntity
  8
BLACK
  6
CONTINUOUS
100
AcDbLine
 10
1.2529527559055118
 20
1.8123031496062991
 30
0
 11
1.2530276771653543
 21
1.8126798031496063
 31
0
  0
LINE
  5
5F4
330
1A
100
AcDbEntity
  8
BLACK
  6
CONTINUOUS
100
AcDbLine
 10
1.2530276771653543
 20
1.8126798031496063
 30
0
 11
1.2535603543307086
 21
1.8132124803149605
 31
0
  0
LINE
  5
5F5
330
1A
100
AcDbEntity
  8
BLACK
  6
CONTINUOUS
100
AcDbLine
 10
1.2535603543307086
 20
1.8132124803149605
 30
0
 11
1.2539370078740157
 21
1.8132874015748031
 31
0
  0
LINE
  5
5F6
330
1A
100
AcDbEntity
  8
BLACK
  6
CONTINUOUS
100
AcDbLine
 10
1.2539370078740157
 20
1.8132874015748031
 30
0
 11
1.3287401574803148
 21
1.8132874015748031
 31
0
  0
LINE
  5
5F7
330
1A
100
AcDbEntity
  8
BLACK
  6
CONTINUOUS
100
AcDbLine
 10
1.3287401574803148
 20
1.8132874015748031
 30
0
 11
1.329116811023622
 21
1.8132124803149605
 31
0
  0
LINE
  5
5F8
330
1A
100
AcDbEntity
  8
BLACK
  6
CONTINUOUS
100
AcDbLine
 10
1.2549212598425197
 20
1.8113188976377952
 30
0
 11
1.2549212598425197
 21
1.681003937007874
 31
0
  0
LINE
  5
5F9
330
1A
100
AcDbEntity
  8
BLACK
  6
CONTINUOUS
100
AcDbLine
 10
1.2549212598425197
 20
1.681003937007874
 30
0
 11
1.3277559055118109
 21
1.681003937007874
 31
0
  0
LINE
  5
5FA
330
1A
100
AcDbEntity
  8
BLACK
  6
CONTINUOUS
100
AcDbLine
 10
1.3277559055118109
 20
1.681003937007874
 30
0
 11
1.3277559055118109
 21
1.8113188976377952
 31
0
  0
LINE
  5
5FB
330
1A
100
AcDbEntity
  8
BLACK
  6
CONTINUOUS
100
AcDbLine
 10
1.3277559055118109
 20
1.8113188976377952
 30
0
 11
1.2549212598425197
 21
1.8113188976377952
 31
0
  0
LINE
  5
5FC
330
1A
100
AcDbEntity
  8
BLACK
  6
CONTINUOUS
100
AcDbLine
 10
0.9125813779527558
 20
2.0343738582677164
 30
0
 11
0.9131140551181102
 21
2.0338411811023622
 31
0
  0
LINE
  5
5FD
330
1A
100
AcDbEntity
  8
BLACK
  6
CONTINUOUS
100
AcDbLine
 10
0.9131140551181102
 20
2.0338411811023622
 30
0
 11
0.9131889763779527
 21
2.033464527559055
 31
0
  0
LINE
  5
5FE
330
1A
100
AcDbEntity
  8
BLACK
  6
CONTINUOUS
100
AcDbLine
 10
0.9131889763779527
 20
2.033464527559055
 30
0
 11
0.9131889763779527
 21
1.6940944881889763
 31
0
  0
LINE
  5
5FF
330
1A
100
AcDbEntity
  8
BLACK
  6
CONTINUOUS
100
AcDbLine
 10
0.9131889763779527
 20
1.6940944881889763
 30
0
 11
0.9131140551181102
 21
1.6937178346456692
 31
0
  0
LINE
  5
600
330
1A
100
AcDbEntity
  8
BLACK
  6
CONTINUOUS
100
AcDbLine
 10
0.9131140551181102
 20
1.6937178346456692
 30
0
 11
0.9125813779527558
 21
1.693185157480315
 31
0
  0
LINE
  5
601
330
1A
100
AcDbEntity
  8
BLACK
  6
CONTINUOUS
100
AcDbLine
 10
0.9125813779527558
 20
1.693185157480315
 30
0
 11
0.9122047244094488
 21
1.6931102362204724
 31
0
  0
LINE
  5
602
330
1A
100
AcDbEntity
  8
BLACK
  6
CONTINUOUS
100
AcDbLine
 10
0.9122047244094488
 20
1.6931102362204724
 30
0
 11
0.7728346456692913
 21
1.6931102362204724
 31
0
  0
LINE
  5
603
330
1A
100
AcDbEntity
  8
BLACK
  6
CONTINUOUS
100
AcDbLine
 10
0.7728346456692913
 20
1.6931102362204724
 30
0
 11
0.7724579921259842
 21
1.693185157480315
 31
0
  0
LINE
  5
604
330
1A
100
AcDbEntity
  8
BLACK
  6
CONTINUOUS
100
AcDbLine
 10
0.7724579921259842
 20
1.693185157480315
 30
0
 11
0.7719253149606299
 21
1.6937178346456692
 31
0
  0
LINE
  5
605
330
1A
100
AcDbEntity
  8
BLACK
  6
CONTINUOUS
100
AcDbLine
 10
0.7719253149606299
 20
1.6937178346456692
 30
0
 11
0.7718503937007873
 21
1.6940944881889763
 31
0
  0
LINE
  5
606
330
1A
100
AcDbEntity
  8
BLACK
  6
CONTINUOUS
100
AcDbLine
 10
0.7718503937007873
 20
1.6940944881889763
 30
0
 11
0.7718503937007873
 21
2.033464527559055
 31
0
  0
LINE
  5
607
330
1A
100
AcDbEntity
  8
BLACK
  6
CONTINUOUS
100
AcDbLine
 10
0.7718503937007873
 20
2.033464527559055
 30
0
 11
0.7719253149606299
 21
2.0338411811023622
 31
0
  0
LINE
  5
608
330
1A
100
AcDbEntity
  8
BLACK
  6
CONTINUOUS
100
AcDbLine
 10
0.7719253149606299
 20
2.0338411811023622
 30
0
 11
0.7724579921259842
 21
2.0343738582677164
 31
0
  0
LINE
  5
609
330
1A
100
AcDbEntity
  8
BLACK
  6
CONTINUOUS
100
AcDbLine
 10
0.7724579921259842
 20
2.0343738582677164
 30
0
 11
0.7728346456692913
 21
2.0344487795275592
 31
0
  0
LINE
  5
60A
330
1A
100
AcDbEntity
  8
BLACK
  6
CONTINUOUS
100
AcDbLine
 10
0.7728346456692913
 20
2.0344487795275592
 30
0
 11
0.9122047244094488
 21
2.0344487795275592
 31
0
  0
LINE
  5
60B
330
1A
100
AcDbEntity
  8
BLACK
  6
CONTINUOUS
100
AcDbLine
 10
0.9122047244094488
 20
2.0344487795275592
 30
0
 11
0.9125813779527558
 21
2.0343738582677164
 31
0
  0
LINE
  5
60C
330
1A
100
AcDbEntity
  8
BLACK
  6
CONTINUOUS
100
AcDbLine
 10
0.7738188976377952
 20
2.0324802755905513
 30
0
 11
0.7738188976377952
 21
1.6950787401574803
 31
0
  0
LINE
  5
60D
330
1A
100
AcDbEntity
  8
BLACK
  6
CONTINUOUS
100
AcDbLine
 10
0.7738188976377952
 20
1.6950787401574803
 30
0
 11
0.9112204724409448
 21
1.6950787401574803
 31
0
  0
LINE
  5
60E
330
1A
100
AcDbEntity
  8
BLACK
  6
CONTINUOUS
100
AcDbLine
 10
0.9112204724409448
 20
1.6950787401574803
 30
0
 11
0.9112204724409448
 21
2.0324802755905513
 31
0
  0
LINE
  5
60F
330
1A
100
AcDbEntity
  8
BLACK
  6
CONTINUOUS
100
AcDbLine
 10
0.9112204724409448
 20
2.0324802755905513
 30
0
 11
0.7738188976377952
 21
2.0324802755905513
 31
0
  0
LINE
  5
610
330
1A
100
AcDbEntity
  8
BLACK
  6
CONTINUOUS
100
AcDbLine
 10
0.3212427952755905
 20
1.8328975196850392
 30
0
 11
0.3217754724409449
 21
1.832364842519685
 31
0
  0
LINE
  5
611
330
1A
100
AcDbEntity
  8
BLACK
  6
CONTINUOUS
100
AcDbLine
 10
0.3217754724409449
 20
1.832364842519685
 30
0
 11
0.3218503937007874
 21
1.8319881889763778
 31
0
  0
LINE
  5
612
330
1A
100
AcDbEntity
  8
BLACK
  6
CONTINUOUS
100
AcDbLine
 10
0.3218503937007874
 20
1.8319881889763778
 30
0
 11
0.3218503937007874
 21
1.6997047244094488
 31
0
  0
LINE
  5
613
330
1A
100
AcDbEntity
  8
BLACK
  6
CONTINUOUS
100
AcDbLine
 10
0.3218503937007874
 20
1.6997047244094488
 30
0
 11
0.3217754724409449
 21
1.6993280708661418
 31
0
  0
LINE
  5
614
330
1A
100
AcDbEntity
  8
BLACK
  6
CONTINUOUS
100
AcDbLine
 10
0.3217754724409449
 20
1.6993280708661418
 30
0
 11
0.3212427952755905
 21
1.6987953937007874
 31
0
  0
LINE
  5
615
330
1A
100
AcDbEntity
  8
BLACK
  6
CONTINUOUS
100
AcDbLine
 10
0.3212427952755905
 20
1.6987953937007874
 30
0
 11
0.3208661417322834
 21
1.6987204724409448
 31
0
  0
LINE
  5
616
330
1A
100
AcDbEntity
  8
BLACK
  6
CONTINUOUS
100
AcDbLine
 10
0.3208661417322834
 20
1.6987204724409448
 30
0
 11
0.2460629921259843
 21
1.6987204724409448
 31
0
  0
LINE
  5
617
330
1A
100
AcDbEntity
  8
BLACK
  6
CONTINUOUS
100
AcDbLine
 10
0.2460629921259843
 20
1.6987204724409448
 30
0
 11
0.2456863385826772
 21
1.6987953937007874
 31
0
  0
LINE
  5
618
330
1A
100
AcDbEntity
  8
BLACK
  6
CONTINUOUS
100
AcDbLine
 10
0.2456863385826772
 20
1.6987953937007874
 30
0
 11
0.2451536614173228
 21
1.6993280708661418
 31
0
  0
LINE
  5
619
330
1A
100
AcDbEntity
  8
BLACK
  6
CONTINUOUS
100
AcDbLine
 10
0.2451536614173228
 20
1.6993280708661418
 30
0
 11
0.2450787401574803
 21
1.6997047244094488
 31
0
  0
LINE
  5
61A
330
1A
100
AcDbEntity
  8
BLACK
  6
CONTINUOUS
100
AcDbLine
 10
0.2450787401574803
 20
1.6997047244094488
 30
0
 11
0.2450787401574803
 21
1.8319881889763778
 31
0
  0
LINE
  5
61B
330
1A
100
AcDbEntity
  8
BLACK
  6
CONTINUOUS
100
AcDbLine
 10
0.2450787401574803
 20
1.8319881889763778
 30
0
 11
0.2451536614173228
 21
1.832364842519685
 31
0
  0
LINE
  5
61C
330
1A
100
AcDbEntity
  8
BLACK
  6
CONTINUOUS
100
AcDbLine
 10
0.2451536614173228
 20
1.832364842519685
 30
0
 11
0.2456863385826772
 21
1.8328975196850392
 31
0
  0
LINE
  5
61D
330
1A
100
AcDbEntity
  8
BLACK
  6
CONTINUOUS
100
AcDbLine
 10
0.2456863385826772
 20
1.8328975196850392
 30
0
 11
0.2460629921259843
 21
1.8329724409448818
 31
0
  0
LINE
  5
61E
330
1A
100
AcDbEntity
  8
BLACK
  6
CONTINUOUS
100
AcDbLine
 10
0.2460629921259843
 20
1.8329724409448818
 30
0
 11
0.3208661417322834
 21
1.8329724409448818
 31
0
  0
LINE
  5
61F
330
1A
100
AcDbEntity
  8
BLACK
  6
CONTINUOUS
100
AcDbLine
 10
0.3208661417322834
 20
1.8329724409448818
 30
0
 11
0.3212427952755905
 21
1.8328975196850392
 31
0
  0
LINE
  5
620
330
1A
100
AcDbEntity
  8
BLACK
  6
CONTINUOUS
100
AcDbLine
 10
0.2470472440944882
 20
1.8310039370078739
 30
0
 11
0.2470472440944882
 21
1.7006889763779527
 31
0
  0
LINE
  5
621
330
1A
100
AcDbEntity
  8
BLACK
  6
CONTINUOUS
100
AcDbLine
 10
0.2470472440944882
 20
1.7006889763779527
 30
0
 11
0.3198818897637795
 21
1.7006889763779527
 31
0
  0
LINE
  5
622
330
1A
100
AcDbEntity
  8
BLACK
  6
CONTINUOUS
100
AcDbLine
 10
0.3198818897637795
 20
1.7006889763779527
 30
0
 11
0.3198818897637795
 21
1.8310039370078739
 31
0
  0
LINE
  5
623
330
1A
100
AcDbEntity
  8
BLACK
  6
CONTINUOUS
100
AcDbLine
 10
0.3198818897637795
 20
1.8310039370078739
 30
0
 11
0.2470472440944882
 21
1.8310039370078739
 31
0
  0
LINE
  5
624
330
1A
100
AcDbEntity
  8
BLACK
  6
CONTINUOUS
100
AcDbLine
 10
-1.1513949999999999
 20
4.5379172047244092
 30
0
 11
-1.1508623228346457
 21
4.5373845275590554
 31
0
  0
LINE
  5
625
330
1A
100
AcDbEntity
  8
BLACK
  6
CONTINUOUS
100
AcDbLine
 10
-1.1508623228346457
 20
4.5373845275590554
 30
0
 11
-1.1507874015748032
 21
4.5370078740157478
 31
0
  0
LINE
  5
626
330
1A
100
AcDbEntity
  8
BLACK
  6
CONTINUOUS
100
AcDbLine
 10
-1.1507874015748032
 20
4.5370078740157478
 30
0
 11
-1.1507874015748032
 21
2.4972440944881891
 31
0
  0
LINE
  5
627
330
1A
100
AcDbEntity
  8
BLACK
  6
CONTINUOUS
100
AcDbLine
 10
-1.1507874015748032
 20
2.4972440944881891
 30
0
 11
-1.1508623228346457
 21
2.4968674409448819
 31
0
  0
LINE
  5
628
330
1A
100
AcDbEntity
  8
BLACK
  6
CONTINUOUS
100
AcDbLine
 10
-1.1508623228346457
 20
2.4968674409448819
 30
0
 11
-1.1513949999999999
 21
2.4963347637795277
 31
0
  0
LINE
  5
629
330
1A
100
AcDbEntity
  8
BLACK
  6
CONTINUOUS
100
AcDbLine
 10
-1.1513949999999999
 20
2.4963347637795277
 30
0
 11
-1.1517716535433071
 21
2.4962598425196849
 31
0
  0
LINE
  5
62A
330
1A
100
AcDbEntity
  8
BLACK
  6
CONTINUOUS
100
AcDbLine
 10
-1.1517716535433071
 20
2.4962598425196849
 30
0
 11
-1.391535433070866
 21
2.4962598425196849
 31
0
  0
LINE
  5
62B
330
1A
100
AcDbEntity
  8
BLACK
  6
CONTINUOUS
100
AcDbLine
 10
-1.391535433070866
 20
2.4962598425196849
 30
0
 11
-1.3919120866141732
 21
2.4963347637795277
 31
0
  0
LINE
  5
62C
330
1A
100
AcDbEntity
  8
BLACK
  6
CONTINUOUS
100
AcDbLine
 10
-1.3919120866141732
 20
2.4963347637795277
 30
0
 11
-1.3924447637795274
 21
2.4968674409448819
 31
0
  0
LINE
  5
62D
330
1A
100
AcDbEntity
  8
BLACK
  6
CONTINUOUS
100
AcDbLine
 10
-1.3924447637795274
 20
2.4968674409448819
 30
0
 11
-1.39251968503937
 21
2.4972440944881891
 31
0
  0
LINE
  5
62E
330
1A
100
AcDbEntity
  8
BLACK
  6
CONTINUOUS
100
AcDbLine
 10
-1.39251968503937
 20
2.4972440944881891
 30
0
 11
-1.39251968503937
 21
4.5370078740157478
 31
0
  0
LINE
  5
62F
330
1A
100
AcDbEntity
  8
BLACK
  6
CONTINUOUS
100
AcDbLine
 10
-1.39251968503937
 20
4.5370078740157478
 30
0
 11
-1.3924447637795274
 21
4.5373845275590554
 31
0
  0
LINE
  5
630
330
1A
100
AcDbEntity
  8
BLACK
  6
CONTINUOUS
100
AcDbLine
 10
-1.3924447637795274
 20
4.5373845275590554
 30
0
 11
-1.3919120866141732
 21
4.5379172047244092
 31
0
  0
LINE
  5
631
330
1A
100
AcDbEntity
  8
BLACK
  6
CONTINUOUS
100
AcDbLine
 10
-1.3919120866141732
 20
4.5379172047244092
 30
0
 11
-1.391535433070866
 21
4.5379921259842515
 31
0
  0
LINE
  5
632
330
1A
100
AcDbEntity
  8
BLACK
  6
CONTINUOUS
100
AcDbLine
 10
-1.391535433070866
 20
4.5379921259842515
 30
0
 11
-1.1517716535433071
 21
4.5379921259842515
 31
0
  0
LINE
  5
633
330
1A
100
AcDbEntity
  8
BLACK
  6
CONTINUOUS
100
AcDbLine
 10
-1.1517716535433071
 20
4.5379921259842515
 30
0
 11
-1.1513949999999999
 21
4.5379172047244092
 31
0
  0
LINE
  5
634
330
1A
100
AcDbEntity
  8
BLACK
  6
CONTINUOUS
100
AcDbLine
 10
-1.3905511811023621
 20
4.5360236220472441
 30
0
 11
-1.3905511811023621
 21
2.4982283464566928
 31
0
  0
LINE
  5
635
330
1A
100
AcDbEntity
  8
BLACK
  6
CONTINUOUS
100
AcDbLine
 10
-1.3905511811023621
 20
2.4982283464566928
 30
0
 11
-1.1527559055118111
 21
2.4982283464566928
 31
0
  0
LINE
  5
636
330
1A
100
AcDbEntity
  8
BLACK
  6
CONTINUOUS
100
AcDbLine
 10
-1.1527559055118111
 20
2.4982283464566928
 30
0
 11
-1.1527559055118111
 21
4.5360236220472441
 31
0
  0
LINE
  5
637
330
1A
100
AcDbEntity
  8
BLACK
  6
CONTINUOUS
100
AcDbLine
 10
-1.1527559055118111
 20
4.5360236220472441
 30
0
 11
-1.3905511811023621
 21
4.5360236220472441
 31
0
  0
LINE
  5
638
330
1A
100
AcDbEntity
  8
BLACK
  6
CONTINUOUS
100
AcDbLine
 10
0.489520748031496
 20
3.3834026377952755
 30
0
 11
0.5039805905511811
 21
3.3808529527559052
 31
0
  0
LINE
  5
639
330
1A
100
AcDbEntity
  8
BLACK
  6
CONTINUOUS
100
AcDbLine
 10
0.5039805905511811
 20
3.3808529527559052
 30
0
 11
0.5181631889763779
 21
3.3770527559055119
 31
0
  0
LINE
  5
63A
330
1A
100
AcDbEntity
  8
BLACK
  6
CONTINUOUS
100
AcDbLine
 10
0.5181631889763779
 20
3.3770527559055119
 30
0
 11
0.5319606299212598
 21
3.3720309055118109
 31
0
  0
LINE
  5
63B
330
1A
100
AcDbEntity
  8
BLACK
  6
CONTINUOUS
100
AcDbLine
 10
0.5319606299212598
 20
3.3720309055118109
 30
0
 11
0.5452678346456693
 21
3.3658256299212597
 31
0
  0
LINE
  5
63C
330
1A
100
AcDbEntity
  8
BLACK
  6
CONTINUOUS
100
AcDbLine
 10
0.5452678346456693
 20
3.3658256299212597
 30
0
 11
0.5579836220472441
 21
3.3584841732283466
 31
0
  0
LINE
  5
63D
330
1A
100
AcDbEntity
  8
BLACK
  6
CONTINUOUS
100
AcDbLine
 10
0.5579836220472441
 20
3.3584841732283466
 30
0
 11
0.5700111417322834
 21
3.3500624409448818
 31
0
  0
LINE
  5
63E
330
1A
100
AcDbEntity
  8
BLACK
  6
CONTINUOUS
100
AcDbLine
 10
0.5700111417322834
 20
3.3500624409448818
 30
0
 11
0.5812588976377953
 21
3.3406244488188976
 31
0
  0
LINE
  5
63F
330
1A
100
AcDbEntity
  8
BLACK
  6
CONTINUOUS
100
AcDbLine
 10
0.5812588976377953
 20
3.3406244488188976
 30
0
 11
0.5916412992125984
 21
3.3302420472440946
 31
0
  0
LINE
  5
640
330
1A
100
AcDbEntity
  8
BLACK
  6
CONTINUOUS
100
AcDbLine
 10
0.5916412992125984
 20
3.3302420472440946
 30
0
 11
0.6010792913385826
 21
3.3189942913385826
 31
0
  0
LINE
  5
641
330
1A
100
AcDbEntity
  8
BLACK
  6
CONTINUOUS
100
AcDbLine
 10
0.6010792913385826
 20
3.3189942913385826
 30
0
 11
0.6095010236220473
 21
3.3069667716535434
 31
0
  0
LINE
  5
642
330
1A
100
AcDbEntity
  8
BLACK
  6
CONTINUOUS
100
AcDbLine
 10
0.6095010236220473
 20
3.3069667716535434
 30
0
 11
0.6168424803149606
 21
3.2942509842519683
 31
0
  0
LINE
  5
643
330
1A
100
AcDbEntity
  8
BLACK
  6
CONTINUOUS
100
AcDbLine
 10
0.6168424803149606
 20
3.2942509842519683
 30
0
 11
0.6230477559055118
 21
3.2809437795275591
 31
0
  0
LINE
  5
644
330
1A
100
AcDbEntity
  8
BLACK
  6
CONTINUOUS
100
AcDbLine
 10
0.6230477559055118
 20
3.2809437795275591
 30
0
 11
0.6280696062992126
 21
3.2671463385826769
 31
0
  0
LINE
  5
645
330
1A
100
AcDbEntity
  8
BLACK
  6
CONTINUOUS
100
AcDbLine
 10
0.6280696062992126
 20
3.2671463385826769
 30
0
 11
0.6318698031496063
 21
3.25296374015748
 31
0
  0
LINE
  5
646
330
1A
100
AcDbEntity
  8
BLACK
  6
CONTINUOUS
100
AcDbLine
 10
0.6318698031496063
 20
3.25296374015748
 30
0
 11
0.6344194881889763
 21
3.2385038976377953
 31
0
  0
LINE
  5
647
330
1A
100
AcDbEntity
  8
BLACK
  6
CONTINUOUS
100
AcDbLine
 10
0.6344194881889763
 20
3.2385038976377953
 30
0
 11
0.6356991732283465
 21
3.2238768897637793
 31
0
  0
LINE
  5
648
330
1A
100
AcDbEntity
  8
BLACK
  6
CONTINUOUS
100
AcDbLine
 10
0.6356991732283465
 20
3.2238768897637793
 30
0
 11
0.6356991732283465
 21
3.2091939763779527
 31
0
  0
LINE
  5
649
330
1A
100
AcDbEntity
  8
BLACK
  6
CONTINUOUS
100
AcDbLine
 10
0.6356991732283465
 20
3.2091939763779527
 30
0
 11
0.6344194881889763
 21
3.1945669685039371
 31
0
  0
LINE
  5
64A
330
1A
100
AcDbEntity
  8
BLACK
  6
CONTINUOUS
100
AcDbLine
 10
0.6344194881889763
 20
3.1945669685039371
 30
0
 11
0.6318698031496063
 21
3.1801071259842519
 31
0
  0
LINE
  5
64B
330
1A
100
AcDbEntity
  8
BLACK
  6
CONTINUOUS
100
AcDbLine
 10
0.6318698031496063
 20
3.1801071259842519
 30
0
 11
0.6280696062992126
 21
3.1659245275590551
 31
0
  0
LINE
  5
64C
330
1A
100
AcDbEntity
  8
BLACK
  6
CONTINUOUS
100
AcDbLine
 10
0.6280696062992126
 20
3.1659245275590551
 30
0
 11
0.6230477559055118
 21
3.1521270866141733
 31
0
  0
LINE
  5
64D
330
1A
100
AcDbEntity
  8
BLACK
  6
CONTINUOUS
100
AcDbLine
 10
0.6230477559055118
 20
3.1521270866141733
 30
0
 11
0.6168424803149606
 21
3.1388198818897637
 31
0
  0
LINE
  5
64E
330
1A
100
AcDbEntity
  8
BLACK
  6
CONTINUOUS
100
AcDbLine
 10
0.6168424803149606
 20
3.1388198818897637
 30
0
 11
0.6095010236220473
 21
3.126104094488189
 31
0
  0
LINE
  5
64F
330
1A
100
AcDbEntity
  8
BLACK
  6
CONTINUOUS
100
AcDbLine
 10
0.6095010236220473
 20
3.126104094488189
 30
0
 11
0.6010792913385826
 21
3.1140765748031494
 31
0
  0
LINE
  5
650
330
1A
100
AcDbEntity
  8
BLACK
  6
CONTINUOUS
100
AcDbLine
 10
0.6010792913385826
 20
3.1140765748031494
 30
0
 11
0.5916412992125984
 21
3.1028288188976378
 31
0
  0
LINE
  5
651
330
1A
100
AcDbEntity
  8
BLACK
  6
CONTINUOUS
100
AcDbLine
 10
0.5916412992125984
 20
3.1028288188976378
 30
0
 11
0.5812588976377953
 21
3.0924464173228348
 31
0
  0
LINE
  5
652
330
1A
100
AcDbEntity
  8
BLACK
  6
CONTINUOUS
100
AcDbLine
 10
0.5812588976377953
 20
3.0924464173228348
 30
0
 11
0.5700111417322834
 21
3.0830084251968501
 31
0
  0
LINE
  5
653
330
1A
100
AcDbEntity
  8
BLACK
  6
CONTINUOUS
100
AcDbLine
 10
0.5700111417322834
 20
3.0830084251968501
 30
0
 11
0.5579836220472441
 21
3.0745866929133858
 31
0
  0
LINE
  5
654
330
1A
100
AcDbEntity
  8
BLACK
  6
CONTINUOUS
100
AcDbLine
 10
0.5579836220472441
 20
3.0745866929133858
 30
0
 11
0.5452678346456693
 21
3.0672452362204723
 31
0
  0
LINE
  5
655
330
1A
100
AcDbEntity
  8
BLACK
  6
CONTINUOUS
100
AcDbLine
 10
0.5452678346456693
 20
3.0672452362204723
 30
0
 11
0.5319606299212598
 21
3.061039960629921
 31
0
  0
LINE
  5
656
330
1A
100
AcDbEntity
  8
BLACK
  6
CONTINUOUS
100
AcDbLine
 10
0.5319606299212598
 20
3.061039960629921
 30
0
 11
0.5181631889763779
 21
3.0560181102362205
 31
0
  0
LINE
  5
657
330
1A
100
AcDbEntity
  8
BLACK
  6
CONTINUOUS
100
AcDbLine
 10
0.5181631889763779
 20
3.0560181102362205
 30
0
 11
0.5039805905511811
 21
3.0522179133858267
 31
0
  0
LINE
  5
658
330
1A
100
AcDbEntity
  8
BLACK
  6
CONTINUOUS
100
AcDbLine
 10
0.5039805905511811
 20
3.0522179133858267
 30
0
 11
0.489520748031496
 21
3.0496682283464565
 31
0
  0
LINE
  5
659
330
1A
100
AcDbEntity
  8
BLACK
  6
CONTINUOUS
100
AcDbLine
 10
0.489520748031496
 20
3.0496682283464565
 30
0
 11
0.4748937401574803
 21
3.0483885433070865
 31
0
  0
LINE
  5
65A
330
1A
100
AcDbEntity
  8
BLACK
  6
CONTINUOUS
100
AcDbLine
 10
0.4748937401574803
 20
3.0483885433070865
 30
0
 11
0.4602108267716535
 21
3.0483885433070865
 31
0
  0
LINE
  5
65B
330
1A
100
AcDbEntity
  8
BLACK
  6
CONTINUOUS
100
AcDbLine
 10
0.4602108267716535
 20
3.0483885433070865
 30
0
 11
0.4455838188976378
 21
3.0496682283464565
 31
0
  0
LINE
  5
65C
330
1A
100
AcDbEntity
  8
BLACK
  6
CONTINUOUS
100
AcDbLine
 10
0.4455838188976378
 20
3.0496682283464565
 30
0
 11
0.4311239763779527
 21
3.0522179133858267
 31
0
  0
LINE
  5
65D
330
1A
100
AcDbEntity
  8
BLACK
  6
CONTINUOUS
100
AcDbLine
 10
0.4311239763779527
 20
3.0522179133858267
 30
0
 11
0.4169413779527559
 21
3.0560181102362205
 31
0
  0
LINE
  5
65E
330
1A
100
AcDbEntity
  8
BLACK
  6
CONTINUOUS
100
AcDbLine
 10
0.4169413779527559
 20
3.0560181102362205
 30
0
 11
0.403143937007874
 21
3.061039960629921
 31
0
  0
LINE
  5
65F
330
1A
100
AcDbEntity
  8
BLACK
  6
CONTINUOUS
100
AcDbLine
 10
0.403143937007874
 20
3.061039960629921
 30
0
 11
0.3898367322834645
 21
3.0672452362204723
 31
0
  0
LINE
  5
660
330
1A
100
AcDbEntity
  8
BLACK
  6
CONTINUOUS
100
AcDbLine
 10
0.3898367322834645
 20
3.0672452362204723
 30
0
 11
0.3771209448818897
 21
3.0745866929133858
 31
0
  0
LINE
  5
661
330
1A
100
AcDbEntity
  8
BLACK
  6
CONTINUOUS
100
AcDbLine
 10
0.3771209448818897
 20
3.0745866929133858
 30
0
 11
0.3650934251968504
 21
3.0830084251968501
 31
0
  0
LINE
  5
662
330
1A
100
AcDbEntity
  8
BLACK
  6
CONTINUOUS
100
AcDbLine
 10
0.3650934251968504
 20
3.0830084251968501
 30
0
 11
0.3538456692913386
 21
3.0924464173228348
 31
0
  0
LINE
  5
663
330
1A
100
AcDbEntity
  8
BLACK
  6
CONTINUOUS
100
AcDbLine
 10
0.3538456692913386
 20
3.0924464173228348
 30
0
 11
0.3434632677165354
 21
3.1028288188976378
 31
0
  0
LINE
  5
664
330
1A
100
AcDbEntity
  8
BLACK
  6
CONTINUOUS
100
AcDbLine
 10
0.3434632677165354
 20
3.1028288188976378
 30
0
 11
0.3340252755905512
 21
3.1140765748031494
 31
0
  0
LINE
  5
665
330
1A
100
AcDbEntity
  8
BLACK
  6
CONTINUOUS
100
AcDbLine
 10
0.3340252755905512
 20
3.1140765748031494
 30
0
 11
0.3256035433070866
 21
3.126104094488189
 31
0
  0
LINE
  5
666
330
1A
100
AcDbEntity
  8
BLACK
  6
CONTINUOUS
100
AcDbLine
 10
0.3256035433070866
 20
3.126104094488189
 30
0
 11
0.3182620866141732
 21
3.1388198818897637
 31
0
  0
LINE
  5
667
330
1A
100
AcDbEntity
  8
BLACK
  6
CONTINUOUS
100
AcDbLine
 10
0.3182620866141732
 20
3.1388198818897637
 30
0
 11
0.312056811023622
 21
3.1521270866141733
 31
0
  0
LINE
  5
668
330
1A
100
AcDbEntity
  8
BLACK
  6
CONTINUOUS
100
AcDbLine
 10
0.312056811023622
 20
3.1521270866141733
 30
0
 11
0.3070349606299212
 21
3.1659245275590551
 31
0
  0
LINE
  5
669
330
1A
100
AcDbEntity
  8
BLACK
  6
CONTINUOUS
100
AcDbLine
 10
0.3070349606299212
 20
3.1659245275590551
 30
0
 11
0.3032347637795276
 21
3.1801071259842519
 31
0
  0
LINE
  5
66A
330
1A
100
AcDbEntity
  8
BLACK
  6
CONTINUOUS
100
AcDbLine
 10
0.3032347637795276
 20
3.1801071259842519
 30
0
 11
0.3006850787401575
 21
3.1945669685039371
 31
0
  0
LINE
  5
66B
330
1A
100
AcDbEntity
  8
BLACK
  6
CONTINUOUS
100
AcDbLine
 10
0.3006850787401575
 20
3.1945669685039371
 30
0
 11
0.2994053937007874
 21
3.2091939763779527
 31
0
  0
LINE
  5
66C
330
1A
100
AcDbEntity
  8
BLACK
  6
CONTINUOUS
100
AcDbLine
 10
0.2994053937007874
 20
3.2091939763779527
 30
0
 11
0.2994053937007874
 21
3.2237979133858268
 31
0
  0
LINE
  5
66D
330
1A
100
AcDbEntity
  8
BLACK
  6
CONTINUOUS
100
AcDbLine
 10
0.2994053937007874
 20
3.2237979133858268
 30
0
 11
0.2994053937007874
 21
3.2238768897637793
 31
0
  0
LINE
  5
66E
330
1A
100
AcDbEntity
  8
BLACK
  6
CONTINUOUS
100
AcDbLine
 10
0.2994053937007874
 20
3.2238768897637793
 30
0
 11
0.3006850787401575
 21
3.2385038976377953
 31
0
  0
LINE
  5
66F
330
1A
100
AcDbEntity
  8
BLACK
  6
CONTINUOUS
100
AcDbLine
 10
0.3006850787401575
 20
3.2385038976377953
 30
0
 11
0.3032347637795276
 21
3.25296374015748
 31
0
  0
LINE
  5
670
330
1A
100
AcDbEntity
  8
BLACK
  6
CONTINUOUS
100
AcDbLine
 10
0.3032347637795276
 20
3.25296374015748
 30
0
 11
0.3070349606299212
 21
3.2671463385826769
 31
0
  0
LINE
  5
671
330
1A
100
AcDbEntity
  8
BLACK
  6
CONTINUOUS
100
AcDbLine
 10
0.3070349606299212
 20
3.2671463385826769
 30
0
 11
0.312056811023622
 21
3.2809437795275591
 31
0
  0
LINE
  5
672
330
1A
100
AcDbEntity
  8
BLACK
  6
CONTINUOUS
100
AcDbLine
 10
0.312056811023622
 20
3.2809437795275591
 30
0
 11
0.3182620866141732
 21
3.2942509842519683
 31
0
  0
LINE
  5
673
330
1A
100
AcDbEntity
  8
BLACK
  6
CONTINUOUS
100
AcDbLine
 10
0.3182620866141732
 20
3.2942509842519683
 30
0
 11
0.3256035433070866
 21
3.3069667716535434
 31
0
  0
LINE
  5
674
330
1A
100
AcDbEntity
  8
BLACK
  6
CONTINUOUS
100
AcDbLine
 10
0.3256035433070866
 20
3.3069667716535434
 30
0
 11
0.3340252755905512
 21
3.3189942913385826
 31
0
  0
LINE
  5
675
330
1A
100
AcDbEntity
  8
BLACK
  6
CONTINUOUS
100
AcDbLine
 10
0.3340252755905512
 20
3.3189942913385826
 30
0
 11
0.3434632677165354
 21
3.3302420472440946
 31
0
  0
LINE
  5
676
330
1A
100
AcDbEntity
  8
BLACK
  6
CONTINUOUS
100
AcDbLine
 10
0.3434632677165354
 20
3.3302420472440946
 30
0
 11
0.3538456692913386
 21
3.3406244488188976
 31
0
  0
LINE
  5
677
330
1A
100
AcDbEntity
  8
BLACK
  6
CONTINUOUS
100
AcDbLine
 10
0.3538456692913386
 20
3.3406244488188976
 30
0
 11
0.3650934251968504
 21
3.3500624409448818
 31
0
  0
LINE
  5
678
330
1A
100
AcDbEntity
  8
BLACK
  6
CONTINUOUS
100
AcDbLine
 10
0.3650934251968504
 20
3.3500624409448818
 30
0
 11
0.3771209448818897
 21
3.3584841732283466
 31
0
  0
LINE
  5
679
330
1A
100
AcDbEntity
  8
BLACK
  6
CONTINUOUS
100
AcDbLine
 10
0.3771209448818897
 20
3.3584841732283466
 30
0
 11
0.3898367322834645
 21
3.3658256299212597
 31
0
  0
LINE
  5
67A
330
1A
100
AcDbEntity
  8
BLACK
  6
CONTINUOUS
100
AcDbLine
 10
0.3898367322834645
 20
3.3658256299212597
 30
0
 11
0.403143937007874
 21
3.3720309055118109
 31
0
  0
LINE
  5
67B
330
1A
100
AcDbEntity
  8
BLACK
  6
CONTINUOUS
100
AcDbLine
 10
0.403143937007874
 20
3.3720309055118109
 30
0
 11
0.4169413779527559
 21
3.3770527559055119
 31
0
  0
LINE
  5
67C
330
1A
100
AcDbEntity
  8
BLACK
  6
CONTINUOUS
100
AcDbLine
 10
0.4169413779527559
 20
3.3770527559055119
 30
0
 11
0.4311239763779527
 21
3.3808529527559052
 31
0
  0
LINE
  5
67D
330
1A
100
AcDbEntity
  8
BLACK
  6
CONTINUOUS
100
AcDbLine
 10
0.4311239763779527
 20
3.3808529527559052
 30
0
 11
0.4455838188976378
 21
3.3834026377952755
 31
0
  0
LINE
  5
67E
330
1A
100
AcDbEntity
  8
BLACK
  6
CONTINUOUS
100
AcDbLine
 10
0.4455838188976378
 20
3.3834026377952755
 30
0
 11
0.4602108267716535
 21
3.3846823228346454
 31
0
  0
LINE
  5
67F
330
1A
100
AcDbEntity
  8
BLACK
  6
CONTINUOUS
100
AcDbLine
 10
0.4602108267716535
 20
3.3846823228346454
 30
0
 11
0.4748937401574803
 21
3.3846823228346454
 31
0
  0
LINE
  5
680
330
1A
100
AcDbEntity
  8
BLACK
  6
CONTINUOUS
100
AcDbLine
 10
0.4748937401574803
 20
3.3846823228346454
 30
0
 11
0.489520748031496
 21
3.3834026377952755
 31
0
  0
LINE
  5
681
330
1A
100
AcDbEntity
  8
BLACK
  6
CONTINUOUS
100
AcDbLine
 10
0.3012137007874016
 20
3.2092729527559056
 30
0
 11
0.3024796456692913
 21
3.1948031889763779
 31
0
  0
LINE
  5
682
330
1A
100
AcDbEntity
  8
BLACK
  6
CONTINUOUS
100
AcDbLine
 10
0.3024796456692913
 20
3.1948031889763779
 30
0
 11
0.3050018897637795
 21
3.1804988582677165
 31
0
  0
LINE
  5
683
330
1A
100
AcDbEntity
  8
BLACK
  6
CONTINUOUS
100
AcDbLine
 10
0.3050018897637795
 20
3.1804988582677165
 30
0
 11
0.3087612204724409
 21
3.1664688188976378
 31
0
  0
LINE
  5
684
330
1A
100
AcDbEntity
  8
BLACK
  6
CONTINUOUS
100
AcDbLine
 10
0.3087612204724409
 20
3.1664688188976378
 30
0
 11
0.3137290551181102
 21
3.1528197637795277
 31
0
  0
LINE
  5
685
330
1A
100
AcDbEntity
  8
BLACK
  6
CONTINUOUS
100
AcDbLine
 10
0.3137290551181102
 20
3.1528197637795277
 30
0
 11
0.3198675984251969
 21
3.1396556692913387
 31
0
  0
LINE
  5
686
330
1A
100
AcDbEntity
  8
BLACK
  6
CONTINUOUS
100
AcDbLine
 10
0.3198675984251969
 20
3.1396556692913387
 30
0
 11
0.3271300787401575
 21
3.1270766535433072
 31
0
  0
LINE
  5
687
330
1A
100
AcDbEntity
  8
BLACK
  6
CONTINUOUS
100
AcDbLine
 10
0.3271300787401575
 20
3.1270766535433072
 30
0
 11
0.3354612992125984
 21
3.1151784645669292
 31
0
  0
LINE
  5
688
330
1A
100
AcDbEntity
  8
BLACK
  6
CONTINUOUS
100
AcDbLine
 10
0.3354612992125984
 20
3.1151784645669292
 30
0
 11
0.3447977952755906
 21
3.1040516535433071
 31
0
  0
LINE
  5
689
330
1A
100
AcDbEntity
  8
BLACK
  6
CONTINUOUS
100
AcDbLine
 10
0.3447977952755906
 20
3.1040516535433071
 30
0
 11
0.3550685039370078
 21
3.0937809448818898
 31
0
  0
LINE
  5
68A
330
1A
100
AcDbEntity
  8
BLACK
  6
CONTINUOUS
100
AcDbLine
 10
0.3550685039370078
 20
3.0937809448818898
 30
0
 11
0.3661953149606299
 21
3.0844444488188976
 31
0
  0
LINE
  5
68B
330
1A
100
AcDbEntity
  8
BLACK
  6
CONTINUOUS
100
AcDbLine
 10
0.3661953149606299
 20
3.0844444488188976
 30
0
 11
0.3780935039370079
 21
3.0761132283464567
 31
0
  0
LINE
  5
68C
330
1A
100
AcDbEntity
  8
BLACK
  6
CONTINUOUS
100
AcDbLine
 10
0.3780935039370079
 20
3.0761132283464567
 30
0
 11
0.3906725196850394
 21
3.0688507480314962
 31
0
  0
LINE
  5
68D
330
1A
100
AcDbEntity
  8
BLACK
  6
CONTINUOUS
100
AcDbLine
 10
0.3906725196850394
 20
3.0688507480314962
 30
0
 11
0.4038366141732284
 21
3.0627122047244093
 31
0
  0
LINE
  5
68E
330
1A
100
AcDbEntity
  8
BLACK
  6
CONTINUOUS
100
AcDbLine
 10
0.4038366141732284
 20
3.0627122047244093
 30
0
 11
0.4174856692913386
 21
3.0577443700787401
 31
0
  0
LINE
  5
68F
330
1A
100
AcDbEntity
  8
BLACK
  6
CONTINUOUS
100
AcDbLine
 10
0.4174856692913386
 20
3.0577443700787401
 30
0
 11
0.4315157086614173
 21
3.0539850393700787
 31
0
  0
LINE
  5
690
330
1A
100
AcDbEntity
  8
BLACK
  6
CONTINUOUS
100
AcDbLine
 10
0.4315157086614173
 20
3.0539850393700787
 30
0
 11
0.4458200393700787
 21
3.0514627952755906
 31
0
  0
LINE
  5
691
330
1A
100
AcDbEntity
  8
BLACK
  6
CONTINUOUS
100
AcDbLine
 10
0.4458200393700787
 20
3.0514627952755906
 30
0
 11
0.4602898031496063
 21
3.0501968503937009
 31
0
  0
LINE
  5
692
330
1A
100
AcDbEntity
  8
BLACK
  6
CONTINUOUS
100
AcDbLine
 10
0.4602898031496063
 20
3.0501968503937009
 30
0
 11
0.4748147637795275
 21
3.0501968503937009
 31
0
  0
LINE
  5
693
330
1A
100
AcDbEntity
  8
BLACK
  6
CONTINUOUS
100
AcDbLine
 10
0.4748147637795275
 20
3.0501968503937009
 30
0
 11
0.4892845275590551
 21
3.0514627952755906
 31
0
  0
LINE
  5
694
330
1A
100
AcDbEntity
  8
BLACK
  6
CONTINUOUS
100
AcDbLine
 10
0.4892845275590551
 20
3.0514627952755906
 30
0
 11
0.5035888582677165
 21
3.0539850393700787
 31
0
  0
LINE
  5
695
330
1A
100
AcDbEntity
  8
BLACK
  6
CONTINUOUS
100
AcDbLine
 10
0.5035888582677165
 20
3.0539850393700787
 30
0
 11
0.5176188976377952
 21
3.0577443700787401
 31
0
  0
LINE
  5
696
330
1A
100
AcDbEntity
  8
BLACK
  6
CONTINUOUS
100
AcDbLine
 10
0.5176188976377952
 20
3.0577443700787401
 30
0
 11
0.5312679527559055
 21
3.0627122047244093
 31
0
  0
LINE
  5
697
330
1A
100
AcDbEntity
  8
BLACK
  6
CONTINUOUS
100
AcDbLine
 10
0.5312679527559055
 20
3.0627122047244093
 30
0
 11
0.5444320472440944
 21
3.0688507480314962
 31
0
  0
LINE
  5
698
330
1A
100
AcDbEntity
  8
BLACK
  6
CONTINUOUS
100
AcDbLine
 10
0.5444320472440944
 20
3.0688507480314962
 30
0
 11
0.557011062992126
 21
3.0761132283464567
 31
0
  0
LINE
  5
699
330
1A
100
AcDbEntity
  8
BLACK
  6
CONTINUOUS
100
AcDbLine
 10
0.557011062992126
 20
3.0761132283464567
 30
0
 11
0.5689092519685039
 21
3.0844444488188976
 31
0
  0
LINE
  5
69A
330
1A
100
AcDbEntity
  8
BLACK
  6
CONTINUOUS
100
AcDbLine
 10
0.5689092519685039
 20
3.0844444488188976
 30
0
 11
0.580036062992126
 21
3.0937809448818898
 31
0
  0
LINE
  5
69B
330
1A
100
AcDbEntity
  8
BLACK
  6
CONTINUOUS
100
AcDbLine
 10
0.580036062992126
 20
3.0937809448818898
 30
0
 11
0.5903067716535433
 21
3.1040516535433071
 31
0
  0
LINE
  5
69C
330
1A
100
AcDbEntity
  8
BLACK
  6
CONTINUOUS
100
AcDbLine
 10
0.5903067716535433
 20
3.1040516535433071
 30
0
 11
0.5996432677165354
 21
3.1151784645669292
 31
0
  0
LINE
  5
69D
330
1A
100
AcDbEntity
  8
BLACK
  6
CONTINUOUS
100
AcDbLine
 10
0.5996432677165354
 20
3.1151784645669292
 30
0
 11
0.6079744881889764
 21
3.1270766535433072
 31
0
  0
LINE
  5
69E
330
1A
100
AcDbEntity
  8
BLACK
  6
CONTINUOUS
100
AcDbLine
 10
0.6079744881889764
 20
3.1270766535433072
 30
0
 11
0.6152369685039369
 21
3.1396556692913387
 31
0
  0
LINE
  5
69F
330
1A
100
AcDbEntity
  8
BLACK
  6
CONTINUOUS
100
AcDbLine
 10
0.6152369685039369
 20
3.1396556692913387
 30
0
 11
0.6213755118110236
 21
3.1528197637795277
 31
0
  0
LINE
  5
6A0
330
1A
100
AcDbEntity
  8
BLACK
  6
CONTINUOUS
100
AcDbLine
 10
0.6213755118110236
 20
3.1528197637795277
 30
0
 11
0.6263433464566929
 21
3.1664688188976378
 31
0
  0
LINE
  5
6A1
330
1A
100
AcDbEntity
  8
BLACK
  6
CONTINUOUS
100
AcDbLine
 10
0.6263433464566929
 20
3.1664688188976378
 30
0
 11
0.6301026771653543
 21
3.1804988582677165
 31
0
  0
LINE
  5
6A2
330
1A
100
AcDbEntity
  8
BLACK
  6
CONTINUOUS
100
AcDbLine
 10
0.6301026771653543
 20
3.1804988582677165
 30
0
 11
0.6326249212598425
 21
3.1948031889763779
 31
0
  0
LINE
  5
6A3
330
1A
100
AcDbEntity
  8
BLACK
  6
CONTINUOUS
100
AcDbLine
 10
0.6326249212598425
 20
3.1948031889763779
 30
0
 11
0.6338908661417323
 21
3.2092729527559056
 31
0
  0
LINE
  5
6A4
330
1A
100
AcDbEntity
  8
BLACK
  6
CONTINUOUS
100
AcDbLine
 10
0.6338908661417323
 20
3.2092729527559056
 30
0
 11
0.6338908661417323
 21
3.2237979133858268
 31
0
  0
LINE
  5
6A5
330
1A
100
AcDbEntity
  8
BLACK
  6
CONTINUOUS
100
AcDbLine
 10
0.6338908661417323
 20
3.2237979133858268
 30
0
 11
0.6326249212598425
 21
3.2382676771653545
 31
0
  0
LINE
  5
6A6
330
1A
100
AcDbEntity
  8
BLACK
  6
CONTINUOUS
100
AcDbLine
 10
0.6326249212598425
 20
3.2382676771653545
 30
0
 11
0.6301026771653543
 21
3.2525720078740155
 31
0
  0
LINE
  5
6A7
330
1A
100
AcDbEntity
  8
BLACK
  6
CONTINUOUS
100
AcDbLine
 10
0.6301026771653543
 20
3.2525720078740155
 30
0
 11
0.6263433464566929
 21
3.2666020472440942
 31
0
  0
LINE
  5
6A8
330
1A
100
AcDbEntity
  8
BLACK
  6
CONTINUOUS
100
AcDbLine
 10
0.6263433464566929
 20
3.2666020472440942
 30
0
 11
0.6213755118110236
 21
3.2802511023622047
 31
0
  0
LINE
  5
6A9
330
1A
100
AcDbEntity
  8
BLACK
  6
CONTINUOUS
100
AcDbLine
 10
0.6213755118110236
 20
3.2802511023622047
 30
0
 11
0.6152369685039369
 21
3.2934151968503937
 31
0
  0
LINE
  5
6AA
330
1A
100
AcDbEntity
  8
BLACK
  6
CONTINUOUS
100
AcDbLine
 10
0.6152369685039369
 20
3.2934151968503937
 30
0
 11
0.6079744881889764
 21
3.3059942125984252
 31
0
  0
LINE
  5
6AB
330
1A
100
AcDbEntity
  8
BLACK
  6
CONTINUOUS
100
AcDbLine
 10
0.6079744881889764
 20
3.3059942125984252
 30
0
 11
0.5996432677165354
 21
3.3178924015748033
 31
0
  0
LINE
  5
6AC
330
1A
100
AcDbEntity
  8
BLACK
  6
CONTINUOUS
100
AcDbLine
 10
0.5996432677165354
 20
3.3178924015748033
 30
0
 11
0.5903067716535433
 21
3.3290192125984253
 31
0
  0
LINE
  5
6AD
330
1A
100
AcDbEntity
  8
BLACK
  6
CONTINUOUS
100
AcDbLine
 10
0.5903067716535433
 20
3.3290192125984253
 30
0
 11
0.580036062992126
 21
3.3392899212598426
 31
0
  0
LINE
  5
6AE
330
1A
100
AcDbEntity
  8
BLACK
  6
CONTINUOUS
100
AcDbLine
 10
0.580036062992126
 20
3.3392899212598426
 30
0
 11
0.5689092519685039
 21
3.3486264173228344
 31
0
  0
LINE
  5
6AF
330
1A
100
AcDbEntity
  8
BLACK
  6
CONTINUOUS
100
AcDbLine
 10
0.5689092519685039
 20
3.3486264173228344
 30
0
 11
0.557011062992126
 21
3.3569576377952757
 31
0
  0
LINE
  5
6B0
330
1A
100
AcDbEntity
  8
BLACK
  6
CONTINUOUS
100
AcDbLine
 10
0.557011062992126
 20
3.3569576377952757
 30
0
 11
0.5444320472440944
 21
3.3642201181102362
 31
0
  0
LINE
  5
6B1
330
1A
100
AcDbEntity
  8
BLACK
  6
CONTINUOUS
100
AcDbLine
 10
0.5444320472440944
 20
3.3642201181102362
 30
0
 11
0.5312679527559055
 21
3.3703586614173227
 31
0
  0
LINE
  5
6B2
330
1A
100
AcDbEntity
  8
BLACK
  6
CONTINUOUS
100
AcDbLine
 10
0.5312679527559055
 20
3.3703586614173227
 30
0
 11
0.5176188976377952
 21
3.3753264960629918
 31
0
  0
LINE
  5
6B3
330
1A
100
AcDbEntity
  8
BLACK
  6
CONTINUOUS
100
AcDbLine
 10
0.5176188976377952
 20
3.3753264960629918
 30
0
 11
0.5035888582677165
 21
3.3790858267716533
 31
0
  0
LINE
  5
6B4
330
1A
100
AcDbEntity
  8
BLACK
  6
CONTINUOUS
100
AcDbLine
 10
0.5035888582677165
 20
3.3790858267716533
 30
0
 11
0.4892845275590551
 21
3.3816080708661418
 31
0
  0
LINE
  5
6B5
330
1A
100
AcDbEntity
  8
BLACK
  6
CONTINUOUS
100
AcDbLine
 10
0.4892845275590551
 20
3.3816080708661418
 30
0
 11
0.4748147637795275
 21
3.3828740157480315
 31
0
  0
LINE
  5
6B6
330
1A
100
AcDbEntity
  8
BLACK
  6
CONTINUOUS
100
AcDbLine
 10
0.4748147637795275
 20
3.3828740157480315
 30
0
 11
0.4602898031496063
 21
3.3828740157480315
 31
0
  0
LINE
  5
6B7
330
1A
100
AcDbEntity
  8
BLACK
  6
CONTINUOUS
100
AcDbLine
 10
0.4602898031496063
 20
3.3828740157480315
 30
0
 11
0.4458200393700787
 21
3.3816080708661418
 31
0
  0
LINE
  5
6B8
330
1A
100
AcDbEntity
  8
BLACK
  6
CONTINUOUS
100
AcDbLine
 10
0.4458200393700787
 20
3.3816080708661418
 30
0
 11
0.4315157086614173
 21
3.3790858267716533
 31
0
  0
LINE
  5
6B9
330
1A
100
AcDbEntity
  8
BLACK
  6
CONTINUOUS
100
AcDbLine
 10
0.4315157086614173
 20
3.3790858267716533
 30
0
 11
0.4174856692913386
 21
3.3753264960629918
 31
0
  0
LINE
  5
6BA
330
1A
100
AcDbEntity
  8
BLACK
  6
CONTINUOUS
100
AcDbLine
 10
0.4174856692913386
 20
3.3753264960629918
 30
0
 11
0.4038366141732284
 21
3.3703586614173227
 31
0
  0
LINE
  5
6BB
330
1A
100
AcDbEntity
  8
BLACK
  6
CONTINUOUS
100
AcDbLine
 10
0.4038366141732284
 20
3.3703586614173227
 30
0
 11
0.3906725196850394
 21
3.3642201181102362
 31
0
  0
LINE
  5
6BC
330
1A
100
AcDbEntity
  8
BLACK
  6
CONTINUOUS
100
AcDbLine
 10
0.3906725196850394
 20
3.3642201181102362
 30
0
 11
0.3780935039370079
 21
3.3569576377952757
 31
0
  0
LINE
  5
6BD
330
1A
100
AcDbEntity
  8
BLACK
  6
CONTINUOUS
100
AcDbLine
 10
0.3780935039370079
 20
3.3569576377952757
 30
0
 11
0.3661953149606299
 21
3.3486264173228344
 31
0
  0
LINE
  5
6BE
330
1A
100
AcDbEntity
  8
BLACK
  6
CONTINUOUS
100
AcDbLine
 10
0.3661953149606299
 20
3.3486264173228344
 30
0
 11
0.3550685039370078
 21
3.3392899212598426
 31
0
  0
LINE
  5
6BF
330
1A
100
AcDbEntity
  8
BLACK
  6
CONTINUOUS
100
AcDbLine
 10
0.3550685039370078
 20
3.3392899212598426
 30
0
 11
0.3447977952755906
 21
3.3290192125984253
 31
0
  0
LINE
  5
6C0
330
1A
100
AcDbEntity
  8
BLACK
  6
CONTINUOUS
100
AcDbLine
 10
0.3447977952755906
 20
3.3290192125984253
 30
0
 11
0.3354612992125984
 21
3.3178924015748033
 31
0
  0
LINE
  5
6C1
330
1A
100
AcDbEntity
  8
BLACK
  6
CONTINUOUS
100
AcDbLine
 10
0.3354612992125984
 20
3.3178924015748033
 30
0
 11
0.3271300787401575
 21
3.3059942125984252
 31
0
  0
LINE
  5
6C2
330
1A
100
AcDbEntity
  8
BLACK
  6
CONTINUOUS
100
AcDbLine
 10
0.3271300787401575
 20
3.3059942125984252
 30
0
 11
0.3198675984251969
 21
3.2934151968503937
 31
0
  0
LINE
  5
6C3
330
1A
100
AcDbEntity
  8
BLACK
  6
CONTINUOUS
100
AcDbLine
 10
0.3198675984251969
 20
3.2934151968503937
 30
0
 11
0.3137290551181102
 21
3.2802511023622047
 31
0
  0
LINE
  5
6C4
330
1A
100
AcDbEntity
  8
BLACK
  6
CONTINUOUS
100
AcDbLine
 10
0.3137290551181102
 20
3.2802511023622047
 30
0
 11
0.3087612204724409
 21
3.2666020472440942
 31
0
  0
LINE
  5
6C5
330
1A
100
AcDbEntity
  8
BLACK
  6
CONTINUOUS
100
AcDbLine
 10
0.3087612204724409
 20
3.2666020472440942
 30
0
 11
0.3050018897637795
 21
3.2525720078740155
 31
0
  0
LINE
  5
6C6
330
1A
100
AcDbEntity
  8
BLACK
  6
CONTINUOUS
100
AcDbLine
 10
0.3050018897637795
 20
3.2525720078740155
 30
0
 11
0.3024796456692913
 21
3.2382676771653545
 31
0
  0
LINE
  5
6C7
330
1A
100
AcDbEntity
  8
BLACK
  6
CONTINUOUS
100
AcDbLine
 10
0.3024796456692913
 20
3.2382676771653545
 30
0
 11
0.3012137007874016
 21
3.2237979133858268
 31
0
  0
LINE
  5
6C8
330
1A
100
AcDbEntity
  8
BLACK
  6
CONTINUOUS
100
AcDbLine
 10
0.3012137007874016
 20
3.2237979133858268
 30
0
 11
0.3012137007874016
 21
3.2092729527559056
 31
0
  0
LINE
  5
6C9
330
1A
100
AcDbEntity
  8
BLACK
  6
CONTINUOUS
100
AcDbLine
 10
1.3657309842519685
 20
3.1556337401574801
 30
0
 11
1.3662636614173227
 21
3.1551010629921259
 31
0
  0
LINE
  5
6CA
330
1A
100
AcDbEntity
  8
BLACK
  6
CONTINUOUS
100
AcDbLine
 10
1.3662636614173227
 20
3.1551010629921259
 30
0
 11
1.3663385826771652
 21
3.1547244094488187
 31
0
  0
LINE
  5
6CB
330
1A
100
AcDbEntity
  8
BLACK
  6
CONTINUOUS
100
AcDbLine
 10
1.3663385826771652
 20
3.1547244094488187
 30
0
 11
1.3663385826771652
 21
3.0657480314960628
 31
0
  0
LINE
  5
6CC
330
1A
100
AcDbEntity
  8
BLACK
  6
CONTINUOUS
100
AcDbLine
 10
1.3663385826771652
 20
3.0657480314960628
 30
0
 11
1.3662636614173227
 21
3.065371377952756
 31
0
  0
LINE
  5
6CD
330
1A
100
AcDbEntity
  8
BLACK
  6
CONTINUOUS
100
AcDbLine
 10
1.3662636614173227
 20
3.065371377952756
 30
0
 11
1.3657309842519685
 21
3.0648387007874014
 31
0
  0
LINE
  5
6CE
330
1A
100
AcDbEntity
  8
BLACK
  6
CONTINUOUS
100
AcDbLine
 10
1.3657309842519685
 20
3.0648387007874014
 30
0
 11
1.3653543307086613
 21
3.0647637795275591
 31
0
  0
LINE
  5
6CF
330
1A
100
AcDbEntity
  8
BLACK
  6
CONTINUOUS
100
AcDbLine
 10
1.3653543307086613
 20
3.0647637795275591
 30
0
 11
1.1858267716535433
 21
3.0647637795275591
 31
0
  0
LINE
  5
6D0
330
1A
100
AcDbEntity
  8
BLACK
  6
CONTINUOUS
100
AcDbLine
 10
1.1858267716535433
 20
3.0647637795275591
 30
0
 11
1.1854501181102362
 21
3.0648387007874014
 31
0
  0
LINE
  5
6D1
330
1A
100
AcDbEntity
  8
BLACK
  6
CONTINUOUS
100
AcDbLine
 10
1.1854501181102362
 20
3.0648387007874014
 30
0
 11
1.1849174409448819
 21
3.065371377952756
 31
0
  0
LINE
  5
6D2
330
1A
100
AcDbEntity
  8
BLACK
  6
CONTINUOUS
100
AcDbLine
 10
1.1849174409448819
 20
3.065371377952756
 30
0
 11
1.1848425196850394
 21
3.0657480314960628
 31
0
  0
LINE
  5
6D3
330
1A
100
AcDbEntity
  8
BLACK
  6
CONTINUOUS
100
AcDbLine
 10
1.1848425196850394
 20
3.0657480314960628
 30
0
 11
1.1848425196850394
 21
3.1547244094488187
 31
0
  0
LINE
  5
6D4
330
1A
100
AcDbEntity
  8
BLACK
  6
CONTINUOUS
100
AcDbLine
 10
1.1848425196850394
 20
3.1547244094488187
 30
0
 11
1.1849174409448819
 21
3.1551010629921259
 31
0
  0
LINE
  5
6D5
330
1A
100
AcDbEntity
  8
BLACK
  6
CONTINUOUS
100
AcDbLine
 10
1.1849174409448819
 20
3.1551010629921259
 30
0
 11
1.1854501181102362
 21
3.1556337401574801
 31
0
  0
LINE
  5
6D6
330
1A
100
AcDbEntity
  8
BLACK
  6
CONTINUOUS
100
AcDbLine
 10
1.1854501181102362
 20
3.1556337401574801
 30
0
 11
1.1858267716535433
 21
3.1557086614173229
 31
0
  0
LINE
  5
6D7
330
1A
100
AcDbEntity
  8
BLACK
  6
CONTINUOUS
100
AcDbLine
 10
1.1858267716535433
 20
3.1557086614173229
 30
0
 11
1.3653543307086613
 21
3.1557086614173229
 31
0
  0
LINE
  5
6D8
330
1A
100
AcDbEntity
  8
BLACK
  6
CONTINUOUS
100
AcDbLine
 10
1.3653543307086613
 20
3.1557086614173229
 30
0
 11
1.3657309842519685
 21
3.1556337401574801
 31
0
  0
LINE
  5
6D9
330
1A
100
AcDbEntity
  8
BLACK
  6
CONTINUOUS
100
AcDbLine
 10
1.1868110236220473
 20
3.153740157480315
 30
0
 11
1.1868110236220473
 21
3.0667322834645669
 31
0
  0
LINE
  5
6DA
330
1A
100
AcDbEntity
  8
BLACK
  6
CONTINUOUS
100
AcDbLine
 10
1.1868110236220473
 20
3.0667322834645669
 30
0
 11
1.3643700787401574
 21
3.0667322834645669
 31
0
  0
LINE
  5
6DB
330
1A
100
AcDbEntity
  8
BLACK
  6
CONTINUOUS
100
AcDbLine
 10
1.3643700787401574
 20
3.0667322834645669
 30
0
 11
1.3643700787401574
 21
3.153740157480315
 31
0
  0
LINE
  5
6DC
330
1A
100
AcDbEntity
  8
BLACK
  6
CONTINUOUS
100
AcDbLine
 10
1.3643700787401574
 20
3.153740157480315
 30
0
 11
1.1868110236220473
 21
3.153740157480315
 31
0
  0
LINE
  5
6DD
330
1A
100
AcDbEntity
  8
BLACK
  6
CONTINUOUS
100
AcDbLine
 10
1.1728175984251967
 20
3.1485471259842517
 30
0
 11
1.1733502755905512
 21
3.1480144488188975
 31
0
  0
LINE
  5
6DE
330
1A
100
AcDbEntity
  8
BLACK
  6
CONTINUOUS
100
AcDbLine
 10
1.1733502755905512
 20
3.1480144488188975
 30
0
 11
1.1734251968503937
 21
3.1476377952755903
 31
0
  0
LINE
  5
6DF
330
1A
100
AcDbEntity
  8
BLACK
  6
CONTINUOUS
100
AcDbLine
 10
1.1734251968503937
 20
3.1476377952755903
 30
0
 11
1.1734251968503937
 21
3.0728346456692912
 31
0
  0
LINE
  5
6E0
330
1A
100
AcDbEntity
  8
BLACK
  6
CONTINUOUS
100
AcDbLine
 10
1.1734251968503937
 20
3.0728346456692912
 30
0
 11
1.1733502755905512
 21
3.072457992125984
 31
0
  0
LINE
  5
6E1
330
1A
100
AcDbEntity
  8
BLACK
  6
CONTINUOUS
100
AcDbLine
 10
1.1733502755905512
 20
3.072457992125984
 30
0
 11
1.1728175984251967
 21
3.0719253149606298
 31
0
  0
LINE
  5
6E2
330
1A
100
AcDbEntity
  8
BLACK
  6
CONTINUOUS
100
AcDbLine
 10
1.1728175984251967
 20
3.0719253149606298
 30
0
 11
1.1724409448818898
 21
3.0718503937007875
 31
0
  0
LINE
  5
6E3
330
1A
100
AcDbEntity
  8
BLACK
  6
CONTINUOUS
100
AcDbLine
 10
1.1724409448818898
 20
3.0718503937007875
 30
0
 11
1.0401574803149607
 21
3.0718503937007875
 31
0
  0
LINE
  5
6E4
330
1A
100
AcDbEntity
  8
BLACK
  6
CONTINUOUS
100
AcDbLine
 10
1.0401574803149607
 20
3.0718503937007875
 30
0
 11
1.0397808267716535
 21
3.0719253149606298
 31
0
  0
LINE
  5
6E5
330
1A
100
AcDbEntity
  8
BLACK
  6
CONTINUOUS
100
AcDbLine
 10
1.0397808267716535
 20
3.0719253149606298
 30
0
 11
1.0392481496062993
 21
3.072457992125984
 31
0
  0
LINE
  5
6E6
330
1A
100
AcDbEntity
  8
BLACK
  6
CONTINUOUS
100
AcDbLine
 10
1.0392481496062993
 20
3.072457992125984
 30
0
 11
1.0391732283464568
 21
3.0728346456692912
 31
0
  0
LINE
  5
6E7
330
1A
100
AcDbEntity
  8
BLACK
  6
CONTINUOUS
100
AcDbLine
 10
1.0391732283464568
 20
3.0728346456692912
 30
0
 11
1.0391732283464568
 21
3.1476377952755903
 31
0
  0
LINE
  5
6E8
330
1A
100
AcDbEntity
  8
BLACK
  6
CONTINUOUS
100
AcDbLine
 10
1.0391732283464568
 20
3.1476377952755903
 30
0
 11
1.0392481496062993
 21
3.1480144488188975
 31
0
  0
LINE
  5
6E9
330
1A
100
AcDbEntity
  8
BLACK
  6
CONTINUOUS
100
AcDbLine
 10
1.0392481496062993
 20
3.1480144488188975
 30
0
 11
1.0397808267716535
 21
3.1485471259842517
 31
0
  0
LINE
  5
6EA
330
1A
100
AcDbEntity
  8
BLACK
  6
CONTINUOUS
100
AcDbLine
 10
1.0397808267716535
 20
3.1485471259842517
 30
0
 11
1.0401574803149607
 21
3.1486220472440944
 31
0
  0
LINE
  5
6EB
330
1A
100
AcDbEntity
  8
BLACK
  6
CONTINUOUS
100
AcDbLine
 10
1.0401574803149607
 20
3.1486220472440944
 30
0
 11
1.1724409448818898
 21
3.1486220472440944
 31
0
  0
LINE
  5
6EC
330
1A
100
AcDbEntity
  8
BLACK
  6
CONTINUOUS
100
AcDbLine
 10
1.1724409448818898
 20
3.1486220472440944
 30
0
 11
1.1728175984251967
 21
3.1485471259842517
 31
0
  0
LINE
  5
6ED
330
1A
100
AcDbEntity
  8
BLACK
  6
CONTINUOUS
100
AcDbLine
 10
1.0411417322834646
 20
3.1466535433070866
 30
0
 11
1.0411417322834646
 21
3.0738188976377954
 31
0
  0
LINE
  5
6EE
330
1A
100
AcDbEntity
  8
BLACK
  6
CONTINUOUS
100
AcDbLine
 10
1.0411417322834646
 20
3.0738188976377954
 30
0
 11
1.1714566929133858
 21
3.0738188976377954
 31
0
  0
LINE
  5
6EF
330
1A
100
AcDbEntity
  8
BLACK
  6
CONTINUOUS
100
AcDbLine
 10
1.1714566929133858
 20
3.0738188976377954
 30
0
 11
1.1714566929133858
 21
3.1466535433070866
 31
0
  0
LINE
  5
6F0
330
1A
100
AcDbEntity
  8
BLACK
  6
CONTINUOUS
100
AcDbLine
 10
1.1714566929133858
 20
3.1466535433070866
 30
0
 11
1.0411417322834646
 21
3.1466535433070866
 31
0
  0
LINE
  5
6F1
330
1A
100
AcDbEntity
  8
BLACK
  6
CONTINUOUS
100
AcDbLine
 10
-0.5673398818897638
 20
3.1647872834645669
 30
0
 11
-0.5668072047244095
 21
3.1642546062992127
 31
0
  0
LINE
  5
6F2
330
1A
100
AcDbEntity
  8
BLACK
  6
CONTINUOUS
100
AcDbLine
 10
-0.5668072047244095
 20
3.1642546062992127
 30
0
 11
-0.5667322834645669
 21
3.1638779527559056
 31
0
  0
LINE
  5
6F3
330
1A
100
AcDbEntity
  8
BLACK
  6
CONTINUOUS
100
AcDbLine
 10
-0.5667322834645669
 20
3.1638779527559056
 30
0
 11
-0.5667322834645669
 21
3.089074803149606
 31
0
  0
LINE
  5
6F4
330
1A
100
AcDbEntity
  8
BLACK
  6
CONTINUOUS
100
AcDbLine
 10
-0.5667322834645669
 20
3.089074803149606
 30
0
 11
-0.5668072047244095
 21
3.0886981496062993
 31
0
  0
LINE
  5
6F5
330
1A
100
AcDbEntity
  8
BLACK
  6
CONTINUOUS
100
AcDbLine
 10
-0.5668072047244095
 20
3.0886981496062993
 30
0
 11
-0.5673398818897638
 21
3.0881654724409446
 31
0
  0
LINE
  5
6F6
330
1A
100
AcDbEntity
  8
BLACK
  6
CONTINUOUS
100
AcDbLine
 10
-0.5673398818897638
 20
3.0881654724409446
 30
0
 11
-0.5677165354330709
 21
3.0880905511811023
 31
0
  0
LINE
  5
6F7
330
1A
100
AcDbEntity
  8
BLACK
  6
CONTINUOUS
100
AcDbLine
 10
-0.5677165354330709
 20
3.0880905511811023
 30
0
 11
-0.7
 21
3.0880905511811023
 31
0
  0
LINE
  5
6F8
330
1A
100
AcDbEntity
  8
BLACK
  6
CONTINUOUS
100
AcDbLine
 10
-0.7
 20
3.0880905511811023
 30
0
 11
-0.700376653543307
 21
3.0881654724409446
 31
0
  0
LINE
  5
6F9
330
1A
100
AcDbEntity
  8
BLACK
  6
CONTINUOUS
100
AcDbLine
 10
-0.700376653543307
 20
3.0881654724409446
 30
0
 11
-0.7009093307086613
 21
3.0886981496062993
 31
0
  0
LINE
  5
6FA
330
1A
100
AcDbEntity
  8
BLACK
  6
CONTINUOUS
100
AcDbLine
 10
-0.7009093307086613
 20
3.0886981496062993
 30
0
 11
-0.7009842519685039
 21
3.089074803149606
 31
0
  0
LINE
  5
6FB
330
1A
100
AcDbEntity
  8
BLACK
  6
CONTINUOUS
100
AcDbLine
 10
-0.7009842519685039
 20
3.089074803149606
 30
0
 11
-0.7009842519685039
 21
3.1638779527559056
 31
0
  0
LINE
  5
6FC
330
1A
100
AcDbEntity
  8
BLACK
  6
CONTINUOUS
100
AcDbLine
 10
-0.7009842519685039
 20
3.1638779527559056
 30
0
 11
-0.7009093307086613
 21
3.1642546062992127
 31
0
  0
LINE
  5
6FD
330
1A
100
AcDbEntity
  8
BLACK
  6
CONTINUOUS
100
AcDbLine
 10
-0.7009093307086613
 20
3.1642546062992127
 30
0
 11
-0.700376653543307
 21
3.1647872834645669
 31
0
  0
LINE
  5
6FE
330
1A
100
AcDbEntity
  8
BLACK
  6
CONTINUOUS
100
AcDbLine
 10
-0.700376653543307
 20
3.1647872834645669
 30
0
 11
-0.7
 21
3.1648622047244093
 31
0
  0
LINE
  5
6FF
330
1A
100
AcDbEntity
  8
BLACK
  6
CONTINUOUS
100
AcDbLine
 10
-0.7
 20
3.1648622047244093
 30
0
 11
-0.5677165354330709
 21
3.1648622047244093
 31
0
  0
LINE
  5
700
330
1A
100
AcDbEntity
  8
BLACK
  6
CONTINUOUS
100
AcDbLine
 10
-0.5677165354330709
 20
3.1648622047244093
 30
0
 11
-0.5673398818897638
 21
3.1647872834645669
 31
0
  0
LINE
  5
701
330
1A
100
AcDbEntity
  8
BLACK
  6
CONTINUOUS
100
AcDbLine
 10
-0.699015748031496
 20
3.1628937007874014
 30
0
 11
-0.699015748031496
 21
3.0900590551181102
 31
0
  0
LINE
  5
702
330
1A
100
AcDbEntity
  8
BLACK
  6
CONTINUOUS
100
AcDbLine
 10
-0.699015748031496
 20
3.0900590551181102
 30
0
 11
-0.5687007874015748
 21
3.0900590551181102
 31
0
  0
LINE
  5
703
330
1A
100
AcDbEntity
  8
BLACK
  6
CONTINUOUS
100
AcDbLine
 10
-0.5687007874015748
 20
3.0900590551181102
 30
0
 11
-0.5687007874015748
 21
3.1628937007874014
 31
0
  0
LINE
  5
704
330
1A
100
AcDbEntity
  8
BLACK
  6
CONTINUOUS
100
AcDbLine
 10
-0.5687007874015748
 20
3.1628937007874014
 30
0
 11
-0.699015748031496
 21
3.1628937007874014
 31
0
  0
LINE
  5
705
330
1A
100
AcDbEntity
  8
BLACK
  6
CONTINUOUS
100
AcDbLine
 10
0.7986375984251969
 20
3.3670510629921258
 30
0
 11
0.7991702755905512
 21
3.3665183858267715
 31
0
  0
LINE
  5
706
330
1A
100
AcDbEntity
  8
BLACK
  6
CONTINUOUS
100
AcDbLine
 10
0.7991702755905512
 20
3.3665183858267715
 30
0
 11
0.7992451968503936
 21
3.3661417322834644
 31
0
  0
LINE
  5
707
330
1A
100
AcDbEntity
  8
BLACK
  6
CONTINUOUS
100
AcDbLine
 10
0.7992451968503936
 20
3.3661417322834644
 30
0
 11
0.7992451968503936
 21
3.090551181102362
 31
0
  0
LINE
  5
708
330
1A
100
AcDbEntity
  8
BLACK
  6
CONTINUOUS
100
AcDbLine
 10
0.7992451968503936
 20
3.090551181102362
 30
0
 11
0.7991702755905512
 21
3.0901745275590549
 31
0
  0
LINE
  5
709
330
1A
100
AcDbEntity
  8
BLACK
  6
CONTINUOUS
100
AcDbLine
 10
0.7991702755905512
 20
3.0901745275590549
 30
0
 11
0.7986375984251969
 21
3.0896418503937007
 31
0
  0
LINE
  5
70A
330
1A
100
AcDbEntity
  8
BLACK
  6
CONTINUOUS
100
AcDbLine
 10
0.7986375984251969
 20
3.0896418503937007
 30
0
 11
0.7982609448818897
 21
3.0895669291338583
 31
0
  0
LINE
  5
70B
330
1A
100
AcDbEntity
  8
BLACK
  6
CONTINUOUS
100
AcDbLine
 10
0.7982609448818897
 20
3.0895669291338583
 30
0
 11
0.6604656692913385
 21
3.0895669291338583
 31
0
  0
LINE
  5
70C
330
1A
100
AcDbEntity
  8
BLACK
  6
CONTINUOUS
100
AcDbLine
 10
0.6604656692913385
 20
3.0895669291338583
 30
0
 11
0.6600890157480315
 21
3.0896418503937007
 31
0
  0
LINE
  5
70D
330
1A
100
AcDbEntity
  8
BLACK
  6
CONTINUOUS
100
AcDbLine
 10
0.6600890157480315
 20
3.0896418503937007
 30
0
 11
0.6595563385826771
 21
3.0901745275590549
 31
0
  0
LINE
  5
70E
330
1A
100
AcDbEntity
  8
BLACK
  6
CONTINUOUS
100
AcDbLine
 10
0.6595563385826771
 20
3.0901745275590549
 30
0
 11
0.6594814173228346
 21
3.090551181102362
 31
0
  0
LINE
  5
70F
330
1A
100
AcDbEntity
  8
BLACK
  6
CONTINUOUS
100
AcDbLine
 10
0.6594814173228346
 20
3.090551181102362
 30
0
 11
0.6594814173228346
 21
3.3661417322834644
 31
0
  0
LINE
  5
710
330
1A
100
AcDbEntity
  8
BLACK
  6
CONTINUOUS
100
AcDbLine
 10
0.6594814173228346
 20
3.3661417322834644
 30
0
 11
0.6595563385826771
 21
3.3665183858267715
 31
0
  0
LINE
  5
711
330
1A
100
AcDbEntity
  8
BLACK
  6
CONTINUOUS
100
AcDbLine
 10
0.6595563385826771
 20
3.3665183858267715
 30
0
 11
0.6600890157480315
 21
3.3670510629921258
 31
0
  0
LINE
  5
712
330
1A
100
AcDbEntity
  8
BLACK
  6
CONTINUOUS
100
AcDbLine
 10
0.6600890157480315
 20
3.3670510629921258
 30
0
 11
0.6604656692913385
 21
3.3671259842519685
 31
0
  0
LINE
  5
713
330
1A
100
AcDbEntity
  8
BLACK
  6
CONTINUOUS
100
AcDbLine
 10
0.6604656692913385
 20
3.3671259842519685
 30
0
 11
0.7982609448818897
 21
3.3671259842519685
 31
0
  0
LINE
  5
714
330
1A
100
AcDbEntity
  8
BLACK
  6
CONTINUOUS
100
AcDbLine
 10
0.7982609448818897
 20
3.3671259842519685
 30
0
 11
0.7986375984251969
 21
3.3670510629921258
 31
0
  0
LINE
  5
715
330
1A
100
AcDbEntity
  8
BLACK
  6
CONTINUOUS
100
AcDbLine
 10
0.6614499212598425
 20
3.3651574803149606
 30
0
 11
0.6614499212598425
 21
3.0915354330708662
 31
0
  0
LINE
  5
716
330
1A
100
AcDbEntity
  8
BLACK
  6
CONTINUOUS
100
AcDbLine
 10
0.6614499212598425
 20
3.0915354330708662
 30
0
 11
0.7972766929133858
 21
3.0915354330708662
 31
0
  0
LINE
  5
717
330
1A
100
AcDbEntity
  8
BLACK
  6
CONTINUOUS
100
AcDbLine
 10
0.7972766929133858
 20
3.0915354330708662
 30
0
 11
0.7972766929133858
 21
3.3651574803149606
 31
0
  0
LINE
  5
718
330
1A
100
AcDbEntity
  8
BLACK
  6
CONTINUOUS
100
AcDbLine
 10
0.7972766929133858
 20
3.3651574803149606
 30
0
 11
0.6614499212598425
 21
3.3651574803149606
 31
0
  0
LINE
  5
719
330
1A
100
AcDbEntity
  8
BLACK
  6
CONTINUOUS
100
AcDbLine
 10
0.8813147637795276
 20
3.2541573622047242
 30
0
 11
0.8818474409448819
 21
3.25362468503937
 31
0
  0
LINE
  5
71A
330
1A
100
AcDbEntity
  8
BLACK
  6
CONTINUOUS
100
AcDbLine
 10
0.8818474409448819
 20
3.25362468503937
 30
0
 11
0.8819223622047244
 21
3.2532480314960628
 31
0
  0
LINE
  5
71B
330
1A
100
AcDbEntity
  8
BLACK
  6
CONTINUOUS
100
AcDbLine
 10
0.8819223622047244
 20
3.2532480314960628
 30
0
 11
0.8819223622047244
 21
3.1209645669291337
 31
0
  0
LINE
  5
71C
330
1A
100
AcDbEntity
  8
BLACK
  6
CONTINUOUS
100
AcDbLine
 10
0.8819223622047244
 20
3.1209645669291337
 30
0
 11
0.8818474409448819
 21
3.1205879133858265
 31
0
  0
LINE
  5
71D
330
1A
100
AcDbEntity
  8
BLACK
  6
CONTINUOUS
100
AcDbLine
 10
0.8818474409448819
 20
3.1205879133858265
 30
0
 11
0.8813147637795276
 21
3.1200552362204723
 31
0
  0
LINE
  5
71E
330
1A
100
AcDbEntity
  8
BLACK
  6
CONTINUOUS
100
AcDbLine
 10
0.8813147637795276
 20
3.1200552362204723
 30
0
 11
0.8809381102362205
 21
3.11998031496063
 31
0
  0
LINE
  5
71F
330
1A
100
AcDbEntity
  8
BLACK
  6
CONTINUOUS
100
AcDbLine
 10
0.8809381102362205
 20
3.11998031496063
 30
0
 11
0.8061349606299213
 21
3.11998031496063
 31
0
  0
LINE
  5
720
330
1A
100
AcDbEntity
  8
BLACK
  6
CONTINUOUS
100
AcDbLine
 10
0.8061349606299213
 20
3.11998031496063
 30
0
 11
0.8057583070866141
 21
3.1200552362204723
 31
0
  0
LINE
  5
721
330
1A
100
AcDbEntity
  8
BLACK
  6
CONTINUOUS
100
AcDbLine
 10
0.8057583070866141
 20
3.1200552362204723
 30
0
 11
0.8052256299212598
 21
3.1205879133858265
 31
0
  0
LINE
  5
722
330
1A
100
AcDbEntity
  8
BLACK
  6
CONTINUOUS
100
AcDbLine
 10
0.8052256299212598
 20
3.1205879133858265
 30
0
 11
0.8051507086614174
 21
3.1209645669291337
 31
0
  0
LINE
  5
723
330
1A
100
AcDbEntity
  8
BLACK
  6
CONTINUOUS
100
AcDbLine
 10
0.8051507086614174
 20
3.1209645669291337
 30
0
 11
0.8051507086614174
 21
3.2532480314960628
 31
0
  0
LINE
  5
724
330
1A
100
AcDbEntity
  8
BLACK
  6
CONTINUOUS
100
AcDbLine
 10
0.8051507086614174
 20
3.2532480314960628
 30
0
 11
0.8052256299212598
 21
3.25362468503937
 31
0
  0
LINE
  5
725
330
1A
100
AcDbEntity
  8
BLACK
  6
CONTINUOUS
100
AcDbLine
 10
0.8052256299212598
 20
3.25362468503937
 30
0
 11
0.8057583070866141
 21
3.2541573622047242
 31
0
  0
LINE
  5
726
330
1A
100
AcDbEntity
  8
BLACK
  6
CONTINUOUS
100
AcDbLine
 10
0.8057583070866141
 20
3.2541573622047242
 30
0
 11
0.8061349606299213
 21
3.2542322834645669
 31
0
  0
LINE
  5
727
330
1A
100
AcDbEntity
  8
BLACK
  6
CONTINUOUS
100
AcDbLine
 10
0.8061349606299213
 20
3.2542322834645669
 30
0
 11
0.8809381102362205
 21
3.2542322834645669
 31
0
  0
LINE
  5
728
330
1A
100
AcDbEntity
  8
BLACK
  6
CONTINUOUS
100
AcDbLine
 10
0.8809381102362205
 20
3.2542322834645669
 30
0
 11
0.8813147637795276
 21
3.2541573622047242
 31
0
  0
LINE
  5
729
330
1A
100
AcDbEntity
  8
BLACK
  6
CONTINUOUS
100
AcDbLine
 10
0.8071192125984252
 20
3.2522637795275591
 30
0
 11
0.8071192125984252
 21
3.1219488188976379
 31
0
  0
LINE
  5
72A
330
1A
100
AcDbEntity
  8
BLACK
  6
CONTINUOUS
100
AcDbLine
 10
0.8071192125984252
 20
3.1219488188976379
 30
0
 11
0.8799538582677165
 21
3.1219488188976379
 31
0
  0
LINE
  5
72B
330
1A
100
AcDbEntity
  8
BLACK
  6
CONTINUOUS
100
AcDbLine
 10
0.8799538582677165
 20
3.1219488188976379
 30
0
 11
0.8799538582677165
 21
3.2522637795275591
 31
0
  0
LINE
  5
72C
330
1A
100
AcDbEntity
  8
BLACK
  6
CONTINUOUS
100
AcDbLine
 10
0.8799538582677165
 20
3.2522637795275591
 30
0
 11
0.8071192125984252
 21
3.2522637795275591
 31
0
  0
LINE
  5
72D
330
1A
100
AcDbEntity
  8
BLACK
  6
CONTINUOUS
100
AcDbLine
 10
-0.5877138976377952
 20
3.3242361023622045
 30
0
 11
-0.5871812204724409
 21
3.3237034251968502
 31
0
  0
LINE
  5
72E
330
1A
100
AcDbEntity
  8
BLACK
  6
CONTINUOUS
100
AcDbLine
 10
-0.5871812204724409
 20
3.3237034251968502
 30
0
 11
-0.5871062992125984
 21
3.3233267716535431
 31
0
  0
LINE
  5
72F
330
1A
100
AcDbEntity
  8
BLACK
  6
CONTINUOUS
100
AcDbLine
 10
-0.5871062992125984
 20
3.3233267716535431
 30
0
 11
-0.5871062992125984
 21
3.2790354330708662
 31
0
  0
LINE
  5
730
330
1A
100
AcDbEntity
  8
BLACK
  6
CONTINUOUS
100
AcDbLine
 10
-0.5871062992125984
 20
3.2790354330708662
 30
0
 11
-0.5475393700787401
 21
3.2790354330708662
 31
0
  0
LINE
  5
731
330
1A
100
AcDbEntity
  8
BLACK
  6
CONTINUOUS
100
AcDbLine
 10
-0.5475393700787401
 20
3.2790354330708662
 30
0
 11
-0.547162716535433
 21
3.2789605118110234
 31
0
  0
LINE
  5
732
330
1A
100
AcDbEntity
  8
BLACK
  6
CONTINUOUS
100
AcDbLine
 10
-0.547162716535433
 20
3.2789605118110234
 30
0
 11
-0.5466300393700787
 21
3.2784278346456692
 31
0
  0
LINE
  5
733
330
1A
100
AcDbEntity
  8
BLACK
  6
CONTINUOUS
100
AcDbLine
 10
-0.5466300393700787
 20
3.2784278346456692
 30
0
 11
-0.5465551181102362
 21
3.278051181102362
 31
0
  0
LINE
  5
734
330
1A
100
AcDbEntity
  8
BLACK
  6
CONTINUOUS
100
AcDbLine
 10
-0.5465551181102362
 20
3.278051181102362
 30
0
 11
-0.5465551181102362
 21
3.2347440944881889
 31
0
  0
LINE
  5
735
330
1A
100
AcDbEntity
  8
BLACK
  6
CONTINUOUS
100
AcDbLine
 10
-0.5465551181102362
 20
3.2347440944881889
 30
0
 11
-0.5466300393700787
 21
3.2343674409448817
 31
0
  0
LINE
  5
736
330
1A
100
AcDbEntity
  8
BLACK
  6
CONTINUOUS
100
AcDbLine
 10
-0.5466300393700787
 20
3.2343674409448817
 30
0
 11
-0.547162716535433
 21
3.2338347637795275
 31
0
  0
LINE
  5
737
330
1A
100
AcDbEntity
  8
BLACK
  6
CONTINUOUS
100
AcDbLine
 10
-0.547162716535433
 20
3.2338347637795275
 30
0
 11
-0.5475393700787401
 21
3.2337598425196852
 31
0
  0
LINE
  5
738
330
1A
100
AcDbEntity
  8
BLACK
  6
CONTINUOUS
100
AcDbLine
 10
-0.5475393700787401
 20
3.2337598425196852
 30
0
 11
-0.5871062992125984
 21
3.2337598425196852
 31
0
  0
LINE
  5
739
330
1A
100
AcDbEntity
  8
BLACK
  6
CONTINUOUS
100
AcDbLine
 10
-0.5871062992125984
 20
3.2337598425196852
 30
0
 11
-0.5871062992125984
 21
3.1894685039370079
 31
0
  0
LINE
  5
73A
330
1A
100
AcDbEntity
  8
BLACK
  6
CONTINUOUS
100
AcDbLine
 10
-0.5871062992125984
 20
3.1894685039370079
 30
0
 11
-0.5871812204724409
 21
3.1890918503937007
 31
0
  0
LINE
  5
73B
330
1A
100
AcDbEntity
  8
BLACK
  6
CONTINUOUS
100
AcDbLine
 10
-0.5871812204724409
 20
3.1890918503937007
 30
0
 11
-0.5877138976377952
 21
3.1885591732283465
 31
0
  0
LINE
  5
73C
330
1A
100
AcDbEntity
  8
BLACK
  6
CONTINUOUS
100
AcDbLine
 10
-0.5877138976377952
 20
3.1885591732283465
 30
0
 11
-0.5880905511811023
 21
3.1884842519685037
 31
0
  0
LINE
  5
73D
330
1A
100
AcDbEntity
  8
BLACK
  6
CONTINUOUS
100
AcDbLine
 10
-0.5880905511811023
 20
3.1884842519685037
 30
0
 11
-0.6589566929133858
 21
3.1884842519685037
 31
0
  0
LINE
  5
73E
330
1A
100
AcDbEntity
  8
BLACK
  6
CONTINUOUS
100
AcDbLine
 10
-0.6589566929133858
 20
3.1884842519685037
 30
0
 11
-0.6593333464566929
 21
3.1885591732283465
 31
0
  0
LINE
  5
73F
330
1A
100
AcDbEntity
  8
BLACK
  6
CONTINUOUS
100
AcDbLine
 10
-0.6593333464566929
 20
3.1885591732283465
 30
0
 11
-0.6598660236220473
 21
3.1890918503937007
 31
0
  0
LINE
  5
740
330
1A
100
AcDbEntity
  8
BLACK
  6
CONTINUOUS
100
AcDbLine
 10
-0.6598660236220473
 20
3.1890918503937007
 30
0
 11
-0.6599409448818897
 21
3.1894685039370079
 31
0
  0
LINE
  5
741
330
1A
100
AcDbEntity
  8
BLACK
  6
CONTINUOUS
100
AcDbLine
 10
-0.6599409448818897
 20
3.1894685039370079
 30
0
 11
-0.6599409448818897
 21
3.1963582677165352
 31
0
  0
LINE
  5
742
330
1A
100
AcDbEntity
  8
BLACK
  6
CONTINUOUS
100
AcDbLine
 10
-0.6599409448818897
 20
3.1963582677165352
 30
0
 11
-0.699507874015748
 21
3.1963582677165352
 31
0
  0
LINE
  5
743
330
1A
100
AcDbEntity
  8
BLACK
  6
CONTINUOUS
100
AcDbLine
 10
-0.699507874015748
 20
3.1963582677165352
 30
0
 11
-0.6998845275590551
 21
3.196433188976378
 31
0
  0
LINE
  5
744
330
1A
100
AcDbEntity
  8
BLACK
  6
CONTINUOUS
100
AcDbLine
 10
-0.6998845275590551
 20
3.196433188976378
 30
0
 11
-0.7004172047244094
 21
3.1969658661417322
 31
0
  0
LINE
  5
745
330
1A
100
AcDbEntity
  8
BLACK
  6
CONTINUOUS
100
AcDbLine
 10
-0.7004172047244094
 20
3.1969658661417322
 30
0
 11
-0.7004921259842519
 21
3.1973425196850394
 31
0
  0
LINE
  5
746
330
1A
100
AcDbEntity
  8
BLACK
  6
CONTINUOUS
100
AcDbLine
 10
-0.7004921259842519
 20
3.1973425196850394
 30
0
 11
-0.7004921259842519
 21
3.2410433070866143
 31
0
  0
LINE
  5
747
330
1A
100
AcDbEntity
  8
BLACK
  6
CONTINUOUS
100
AcDbLine
 10
-0.7004921259842519
 20
3.2410433070866143
 30
0
 11
-0.7004172047244094
 21
3.241419960629921
 31
0
  0
LINE
  5
748
330
1A
100
AcDbEntity
  8
BLACK
  6
CONTINUOUS
100
AcDbLine
 10
-0.7004172047244094
 20
3.241419960629921
 30
0
 11
-0.6998845275590551
 21
3.2419526377952756
 31
0
  0
LINE
  5
749
330
1A
100
AcDbEntity
  8
BLACK
  6
CONTINUOUS
100
AcDbLine
 10
-0.6998845275590551
 20
3.2419526377952756
 30
0
 11
-0.699507874015748
 21
3.242027559055118
 31
0
  0
LINE
  5
74A
330
1A
100
AcDbEntity
  8
BLACK
  6
CONTINUOUS
100
AcDbLine
 10
-0.699507874015748
 20
3.242027559055118
 30
0
 11
-0.6599409448818897
 21
3.242027559055118
 31
0
  0
LINE
  5
74B
330
1A
100
AcDbEntity
  8
BLACK
  6
CONTINUOUS
100
AcDbLine
 10
-0.6599409448818897
 20
3.242027559055118
 30
0
 11
-0.6599409448818897
 21
3.270767716535433
 31
0
  0
LINE
  5
74C
330
1A
100
AcDbEntity
  8
BLACK
  6
CONTINUOUS
100
AcDbLine
 10
-0.6599409448818897
 20
3.270767716535433
 30
0
 11
-0.699507874015748
 21
3.270767716535433
 31
0
  0
LINE
  5
74D
330
1A
100
AcDbEntity
  8
BLACK
  6
CONTINUOUS
100
AcDbLine
 10
-0.699507874015748
 20
3.270767716535433
 30
0
 11
-0.6998845275590551
 21
3.2708426377952757
 31
0
  0
LINE
  5
74E
330
1A
100
AcDbEntity
  8
BLACK
  6
CONTINUOUS
100
AcDbLine
 10
-0.6998845275590551
 20
3.2708426377952757
 30
0
 11
-0.7004172047244094
 21
3.2713753149606299
 31
0
  0
LINE
  5
74F
330
1A
100
AcDbEntity
  8
BLACK
  6
CONTINUOUS
100
AcDbLine
 10
-0.7004172047244094
 20
3.2713753149606299
 30
0
 11
-0.7004921259842519
 21
3.2717519685039371
 31
0
  0
LINE
  5
750
330
1A
100
AcDbEntity
  8
BLACK
  6
CONTINUOUS
100
AcDbLine
 10
-0.7004921259842519
 20
3.2717519685039371
 30
0
 11
-0.7004921259842519
 21
3.3154527559055116
 31
0
  0
LINE
  5
751
330
1A
100
AcDbEntity
  8
BLACK
  6
CONTINUOUS
100
AcDbLine
 10
-0.7004921259842519
 20
3.3154527559055116
 30
0
 11
-0.7004172047244094
 21
3.3158294094488188
 31
0
  0
LINE
  5
752
330
1A
100
AcDbEntity
  8
BLACK
  6
CONTINUOUS
100
AcDbLine
 10
-0.7004172047244094
 20
3.3158294094488188
 30
0
 11
-0.6998845275590551
 21
3.316362086614173
 31
0
  0
LINE
  5
753
330
1A
100
AcDbEntity
  8
BLACK
  6
CONTINUOUS
100
AcDbLine
 10
-0.6998845275590551
 20
3.316362086614173
 30
0
 11
-0.699507874015748
 21
3.3164370078740157
 31
0
  0
LINE
  5
754
330
1A
100
AcDbEntity
  8
BLACK
  6
CONTINUOUS
100
AcDbLine
 10
-0.699507874015748
 20
3.3164370078740157
 30
0
 11
-0.6599409448818897
 21
3.3164370078740157
 31
0
  0
LINE
  5
755
330
1A
100
AcDbEntity
  8
BLACK
  6
CONTINUOUS
100
AcDbLine
 10
-0.6599409448818897
 20
3.3164370078740157
 30
0
 11
-0.6599409448818897
 21
3.3233267716535431
 31
0
  0
LINE
  5
756
330
1A
100
AcDbEntity
  8
BLACK
  6
CONTINUOUS
100
AcDbLine
 10
-0.6599409448818897
 20
3.3233267716535431
 30
0
 11
-0.6598660236220473
 21
3.3237034251968502
 31
0
  0
LINE
  5
757
330
1A
100
AcDbEntity
  8
BLACK
  6
CONTINUOUS
100
AcDbLine
 10
-0.6598660236220473
 20
3.3237034251968502
 30
0
 11
-0.6593333464566929
 21
3.3242361023622045
 31
0
  0
LINE
  5
758
330
1A
100
AcDbEntity
  8
BLACK
  6
CONTINUOUS
100
AcDbLine
 10
-0.6593333464566929
 20
3.3242361023622045
 30
0
 11
-0.6589566929133858
 21
3.3243110236220472
 31
0
  0
LINE
  5
759
330
1A
100
AcDbEntity
  8
BLACK
  6
CONTINUOUS
100
AcDbLine
 10
-0.6589566929133858
 20
3.3243110236220472
 30
0
 11
-0.5880905511811023
 21
3.3243110236220472
 31
0
  0
LINE
  5
75A
330
1A
100
AcDbEntity
  8
BLACK
  6
CONTINUOUS
100
AcDbLine
 10
-0.5880905511811023
 20
3.3243110236220472
 30
0
 11
-0.5877138976377952
 21
3.3242361023622045
 31
0
  0
LINE
  5
75B
330
1A
100
AcDbEntity
  8
BLACK
  6
CONTINUOUS
100
AcDbLine
 10
-0.6579724409448818
 20
3.3223425196850394
 30
0
 11
-0.6579724409448818
 21
3.3154527559055116
 31
0
  0
LINE
  5
75C
330
1A
100
AcDbEntity
  8
BLACK
  6
CONTINUOUS
100
AcDbLine
 10
-0.6579724409448818
 20
3.3154527559055116
 30
0
 11
-0.6580473622047244
 21
3.3150761023622048
 31
0
  0
LINE
  5
75D
330
1A
100
AcDbEntity
  8
BLACK
  6
CONTINUOUS
100
AcDbLine
 10
-0.6580473622047244
 20
3.3150761023622048
 30
0
 11
-0.6585800393700787
 21
3.3145434251968502
 31
0
  0
LINE
  5
75E
330
1A
100
AcDbEntity
  8
BLACK
  6
CONTINUOUS
100
AcDbLine
 10
-0.6585800393700787
 20
3.3145434251968502
 30
0
 11
-0.6589566929133858
 21
3.3144685039370079
 31
0
  0
LINE
  5
75F
330
1A
100
AcDbEntity
  8
BLACK
  6
CONTINUOUS
100
AcDbLine
 10
-0.6589566929133858
 20
3.3144685039370079
 30
0
 11
-0.6985236220472441
 21
3.3144685039370079
 31
0
  0
LINE
  5
760
330
1A
100
AcDbEntity
  8
BLACK
  6
CONTINUOUS
100
AcDbLine
 10
-0.6985236220472441
 20
3.3144685039370079
 30
0
 11
-0.6985236220472441
 21
3.2727362204724408
 31
0
  0
LINE
  5
761
330
1A
100
AcDbEntity
  8
BLACK
  6
CONTINUOUS
100
AcDbLine
 10
-0.6985236220472441
 20
3.2727362204724408
 30
0
 11
-0.6589566929133858
 21
3.2727362204724408
 31
0
  0
LINE
  5
762
330
1A
100
AcDbEntity
  8
BLACK
  6
CONTINUOUS
100
AcDbLine
 10
-0.6589566929133858
 20
3.2727362204724408
 30
0
 11
-0.6585800393700787
 21
3.2726612992125985
 31
0
  0
LINE
  5
763
330
1A
100
AcDbEntity
  8
BLACK
  6
CONTINUOUS
100
AcDbLine
 10
-0.6585800393700787
 20
3.2726612992125985
 30
0
 11
-0.6580473622047244
 21
3.2721286220472439
 31
0
  0
LINE
  5
764
330
1A
100
AcDbEntity
  8
BLACK
  6
CONTINUOUS
100
AcDbLine
 10
-0.6580473622047244
 20
3.2721286220472439
 30
0
 11
-0.6579724409448818
 21
3.2717519685039371
 31
0
  0
LINE
  5
765
330
1A
100
AcDbEntity
  8
BLACK
  6
CONTINUOUS
100
AcDbLine
 10
-0.6579724409448818
 20
3.2717519685039371
 30
0
 11
-0.6579724409448818
 21
3.2410433070866143
 31
0
  0
LINE
  5
766
330
1A
100
AcDbEntity
  8
BLACK
  6
CONTINUOUS
100
AcDbLine
 10
-0.6579724409448818
 20
3.2410433070866143
 30
0
 11
-0.6580473622047244
 21
3.2406666535433071
 31
0
  0
LINE
  5
767
330
1A
100
AcDbEntity
  8
BLACK
  6
CONTINUOUS
100
AcDbLine
 10
-0.6580473622047244
 20
3.2406666535433071
 30
0
 11
-0.6585800393700787
 21
3.2401339763779529
 31
0
  0
LINE
  5
768
330
1A
100
AcDbEntity
  8
BLACK
  6
CONTINUOUS
100
AcDbLine
 10
-0.6585800393700787
 20
3.2401339763779529
 30
0
 11
-0.6589566929133858
 21
3.2400590551181101
 31
0
  0
LINE
  5
769
330
1A
100
AcDbEntity
  8
BLACK
  6
CONTINUOUS
100
AcDbLine
 10
-0.6589566929133858
 20
3.2400590551181101
 30
0
 11
-0.6985236220472441
 21
3.2400590551181101
 31
0
  0
LINE
  5
76A
330
1A
100
AcDbEntity
  8
BLACK
  6
CONTINUOUS
100
AcDbLine
 10
-0.6985236220472441
 20
3.2400590551181101
 30
0
 11
-0.6985236220472441
 21
3.1983267716535431
 31
0
  0
LINE
  5
76B
330
1A
100
AcDbEntity
  8
BLACK
  6
CONTINUOUS
100
AcDbLine
 10
-0.6985236220472441
 20
3.1983267716535431
 30
0
 11
-0.6589566929133858
 21
3.1983267716535431
 31
0
  0
LINE
  5
76C
330
1A
100
AcDbEntity
  8
BLACK
  6
CONTINUOUS
100
AcDbLine
 10
-0.6589566929133858
 20
3.1983267716535431
 30
0
 11
-0.6585800393700787
 21
3.1982518503937007
 31
0
  0
LINE
  5
76D
330
1A
100
AcDbEntity
  8
BLACK
  6
CONTINUOUS
100
AcDbLine
 10
-0.6585800393700787
 20
3.1982518503937007
 30
0
 11
-0.6580473622047244
 21
3.1977191732283465
 31
0
  0
LINE
  5
76E
330
1A
100
AcDbEntity
  8
BLACK
  6
CONTINUOUS
100
AcDbLine
 10
-0.6580473622047244
 20
3.1977191732283465
 30
0
 11
-0.6579724409448818
 21
3.1973425196850394
 31
0
  0
LINE
  5
76F
330
1A
100
AcDbEntity
  8
BLACK
  6
CONTINUOUS
100
AcDbLine
 10
-0.6579724409448818
 20
3.1973425196850394
 30
0
 11
-0.6579724409448818
 21
3.1904527559055116
 31
0
  0
LINE
  5
770
330
1A
100
AcDbEntity
  8
BLACK
  6
CONTINUOUS
100
AcDbLine
 10
-0.6579724409448818
 20
3.1904527559055116
 30
0
 11
-0.5890748031496063
 21
3.1904527559055116
 31
0
  0
LINE
  5
771
330
1A
100
AcDbEntity
  8
BLACK
  6
CONTINUOUS
100
AcDbLine
 10
-0.5890748031496063
 20
3.1904527559055116
 30
0
 11
-0.5890748031496063
 21
3.2347440944881889
 31
0
  0
LINE
  5
772
330
1A
100
AcDbEntity
  8
BLACK
  6
CONTINUOUS
100
AcDbLine
 10
-0.5890748031496063
 20
3.2347440944881889
 30
0
 11
-0.5889998818897638
 21
3.2351207480314961
 31
0
  0
LINE
  5
773
330
1A
100
AcDbEntity
  8
BLACK
  6
CONTINUOUS
100
AcDbLine
 10
-0.5889998818897638
 20
3.2351207480314961
 30
0
 11
-0.5884672047244094
 21
3.2356534251968503
 31
0
  0
LINE
  5
774
330
1A
100
AcDbEntity
  8
BLACK
  6
CONTINUOUS
100
AcDbLine
 10
-0.5884672047244094
 20
3.2356534251968503
 30
0
 11
-0.5880905511811023
 21
3.235728346456693
 31
0
  0
LINE
  5
775
330
1A
100
AcDbEntity
  8
BLACK
  6
CONTINUOUS
100
AcDbLine
 10
-0.5880905511811023
 20
3.235728346456693
 30
0
 11
-0.548523622047244
 21
3.235728346456693
 31
0
  0
LINE
  5
776
330
1A
100
AcDbEntity
  8
BLACK
  6
CONTINUOUS
100
AcDbLine
 10
-0.548523622047244
 20
3.235728346456693
 30
0
 11
-0.548523622047244
 21
3.2770669291338583
 31
0
  0
LINE
  5
777
330
1A
100
AcDbEntity
  8
BLACK
  6
CONTINUOUS
100
AcDbLine
 10
-0.548523622047244
 20
3.2770669291338583
 30
0
 11
-0.5880905511811023
 21
3.2770669291338583
 31
0
  0
LINE
  5
778
330
1A
100
AcDbEntity
  8
BLACK
  6
CONTINUOUS
100
AcDbLine
 10
-0.5880905511811023
 20
3.2770669291338583
 30
0
 11
-0.5884672047244094
 21
3.2771418503937007
 31
0
  0
LINE
  5
779
330
1A
100
AcDbEntity
  8
BLACK
  6
CONTINUOUS
100
AcDbLine
 10
-0.5884672047244094
 20
3.2771418503937007
 30
0
 11
-0.5889998818897638
 21
3.2776745275590549
 31
0
  0
LINE
  5
77A
330
1A
100
AcDbEntity
  8
BLACK
  6
CONTINUOUS
100
AcDbLine
 10
-0.5889998818897638
 20
3.2776745275590549
 30
0
 11
-0.5890748031496063
 21
3.278051181102362
 31
0
  0
LINE
  5
77B
330
1A
100
AcDbEntity
  8
BLACK
  6
CONTINUOUS
100
AcDbLine
 10
-0.5890748031496063
 20
3.278051181102362
 30
0
 11
-0.5890748031496063
 21
3.3223425196850394
 31
0
  0
LINE
  5
77C
330
1A
100
AcDbEntity
  8
BLACK
  6
CONTINUOUS
100
AcDbLine
 10
-0.5890748031496063
 20
3.3223425196850394
 30
0
 11
-0.6579724409448818
 21
3.3223425196850394
 31
0
  0
LINE
  5
77D
330
1A
100
AcDbEntity
  8
BLACK
  6
CONTINUOUS
100
AcDbLine
 10
-0.6354501181102362
 20
3.4681337401574801
 30
0
 11
-0.6349174409448819
 21
3.4676010629921259
 31
0
  0
LINE
  5
77E
330
1A
100
AcDbEntity
  8
BLACK
  6
CONTINUOUS
100
AcDbLine
 10
-0.6349174409448819
 20
3.4676010629921259
 30
0
 11
-0.6348425196850394
 21
3.4672244094488187
 31
0
  0
LINE
  5
77F
330
1A
100
AcDbEntity
  8
BLACK
  6
CONTINUOUS
100
AcDbLine
 10
-0.6348425196850394
 20
3.4672244094488187
 30
0
 11
-0.6348425196850394
 21
3.3349409448818896
 31
0
  0
LINE
  5
780
330
1A
100
AcDbEntity
  8
BLACK
  6
CONTINUOUS
100
AcDbLine
 10
-0.6348425196850394
 20
3.3349409448818896
 30
0
 11
-0.6349174409448819
 21
3.3345642913385825
 31
0
  0
LINE
  5
781
330
1A
100
AcDbEntity
  8
BLACK
  6
CONTINUOUS
100
AcDbLine
 10
-0.6349174409448819
 20
3.3345642913385825
 30
0
 11
-0.6354501181102362
 21
3.3340316141732282
 31
0
  0
LINE
  5
782
330
1A
100
AcDbEntity
  8
BLACK
  6
CONTINUOUS
100
AcDbLine
 10
-0.6354501181102362
 20
3.3340316141732282
 30
0
 11
-0.6358267716535433
 21
3.3339566929133859
 31
0
  0
LINE
  5
783
330
1A
100
AcDbEntity
  8
BLACK
  6
CONTINUOUS
100
AcDbLine
 10
-0.6358267716535433
 20
3.3339566929133859
 30
0
 11
-0.7106299212598425
 21
3.3339566929133859
 31
0
  0
LINE
  5
784
330
1A
100
AcDbEntity
  8
BLACK
  6
CONTINUOUS
100
AcDbLine
 10
-0.7106299212598425
 20
3.3339566929133859
 30
0
 11
-0.7110065748031495
 21
3.3340316141732282
 31
0
  0
LINE
  5
785
330
1A
100
AcDbEntity
  8
BLACK
  6
CONTINUOUS
100
AcDbLine
 10
-0.7110065748031495
 20
3.3340316141732282
 30
0
 11
-0.7115392519685039
 21
3.3345642913385825
 31
0
  0
LINE
  5
786
330
1A
100
AcDbEntity
  8
BLACK
  6
CONTINUOUS
100
AcDbLine
 10
-0.7115392519685039
 20
3.3345642913385825
 30
0
 11
-0.7116141732283464
 21
3.3349409448818896
 31
0
  0
LINE
  5
787
330
1A
100
AcDbEntity
  8
BLACK
  6
CONTINUOUS
100
AcDbLine
 10
-0.7116141732283464
 20
3.3349409448818896
 30
0
 11
-0.7116141732283464
 21
3.4672244094488187
 31
0
  0
LINE
  5
788
330
1A
100
AcDbEntity
  8
BLACK
  6
CONTINUOUS
100
AcDbLine
 10
-0.7116141732283464
 20
3.4672244094488187
 30
0
 11
-0.7115392519685039
 21
3.4676010629921259
 31
0
  0
LINE
  5
789
330
1A
100
AcDbEntity
  8
BLACK
  6
CONTINUOUS
100
AcDbLine
 10
-0.7115392519685039
 20
3.4676010629921259
 30
0
 11
-0.7110065748031495
 21
3.4681337401574801
 31
0
  0
LINE
  5
78A
330
1A
100
AcDbEntity
  8
BLACK
  6
CONTINUOUS
100
AcDbLine
 10
-0.7110065748031495
 20
3.4681337401574801
 30
0
 11
-0.7106299212598425
 21
3.4682086614173229
 31
0
  0
LINE
  5
78B
330
1A
100
AcDbEntity
  8
BLACK
  6
CONTINUOUS
100
AcDbLine
 10
-0.7106299212598425
 20
3.4682086614173229
 30
0
 11
-0.6358267716535433
 21
3.4682086614173229
 31
0
  0
LINE
  5
78C
330
1A
100
AcDbEntity
  8
BLACK
  6
CONTINUOUS
100
AcDbLine
 10
-0.6358267716535433
 20
3.4682086614173229
 30
0
 11
-0.6354501181102362
 21
3.4681337401574801
 31
0
  0
LINE
  5
78D
330
1A
100
AcDbEntity
  8
BLACK
  6
CONTINUOUS
100
AcDbLine
 10
-0.7096456692913385
 20
3.466240157480315
 30
0
 11
-0.7096456692913385
 21
3.3359251968503938
 31
0
  0
LINE
  5
78E
330
1A
100
AcDbEntity
  8
BLACK
  6
CONTINUOUS
100
AcDbLine
 10
-0.7096456692913385
 20
3.3359251968503938
 30
0
 11
-0.6368110236220472
 21
3.3359251968503938
 31
0
  0
LINE
  5
78F
330
1A
100
AcDbEntity
  8
BLACK
  6
CONTINUOUS
100
AcDbLine
 10
-0.6368110236220472
 20
3.3359251968503938
 30
0
 11
-0.6368110236220472
 21
3.466240157480315
 31
0
  0
LINE
  5
790
330
1A
100
AcDbEntity
  8
BLACK
  6
CONTINUOUS
100
AcDbLine
 10
-0.6368110236220472
 20
3.466240157480315
 30
0
 11
-0.7096456692913385
 21
3.466240157480315
 31
0
  0
LINE
  5
791
330
1A
100
AcDbEntity
  8
BLACK
  6
CONTINUOUS
100
AcDbLine
 10
0.968093188976378
 20
3.5187242913385828
 30
0
 11
0.9686258661417323
 21
3.5181916141732281
 31
0
  0
LINE
  5
792
330
1A
100
AcDbEntity
  8
BLACK
  6
CONTINUOUS
100
AcDbLine
 10
0.9686258661417323
 20
3.5181916141732281
 30
0
 11
0.9687007874015748
 21
3.5178149606299214
 31
0
  0
LINE
  5
793
330
1A
100
AcDbEntity
  8
BLACK
  6
CONTINUOUS
100
AcDbLine
 10
0.9687007874015748
 20
3.5178149606299214
 30
0
 11
0.9687007874015748
 21
3.3839566929133857
 31
0
  0
LINE
  5
794
330
1A
100
AcDbEntity
  8
BLACK
  6
CONTINUOUS
100
AcDbLine
 10
0.9687007874015748
 20
3.3839566929133857
 30
0
 11
0.9686258661417323
 21
3.3835800393700786
 31
0
  0
LINE
  5
795
330
1A
100
AcDbEntity
  8
BLACK
  6
CONTINUOUS
100
AcDbLine
 10
0.9686258661417323
 20
3.3835800393700786
 30
0
 11
0.968093188976378
 21
3.3830473622047244
 31
0
  0
LINE
  5
796
330
1A
100
AcDbEntity
  8
BLACK
  6
CONTINUOUS
100
AcDbLine
 10
0.968093188976378
 20
3.3830473622047244
 30
0
 11
0.9677165354330708
 21
3.382972440944882
 31
0
  0
LINE
  5
797
330
1A
100
AcDbEntity
  8
BLACK
  6
CONTINUOUS
100
AcDbLine
 10
0.9677165354330708
 20
3.382972440944882
 30
0
 11
0.8905511811023622
 21
3.382972440944882
 31
0
  0
LINE
  5
798
330
1A
100
AcDbEntity
  8
BLACK
  6
CONTINUOUS
100
AcDbLine
 10
0.8905511811023622
 20
3.382972440944882
 30
0
 11
0.8901745275590551
 21
3.3830473622047244
 31
0
  0
LINE
  5
799
330
1A
100
AcDbEntity
  8
BLACK
  6
CONTINUOUS
100
AcDbLine
 10
0.8901745275590551
 20
3.3830473622047244
 30
0
 11
0.8896418503937008
 21
3.3835800393700786
 31
0
  0
LINE
  5
79A
330
1A
100
AcDbEntity
  8
BLACK
  6
CONTINUOUS
100
AcDbLine
 10
0.8896418503937008
 20
3.3835800393700786
 30
0
 11
0.8895669291338583
 21
3.3839566929133857
 31
0
  0
LINE
  5
79B
330
1A
100
AcDbEntity
  8
BLACK
  6
CONTINUOUS
100
AcDbLine
 10
0.8895669291338583
 20
3.3839566929133857
 30
0
 11
0.8895669291338583
 21
3.5178149606299214
 31
0
  0
LINE
  5
79C
330
1A
100
AcDbEntity
  8
BLACK
  6
CONTINUOUS
100
AcDbLine
 10
0.8895669291338583
 20
3.5178149606299214
 30
0
 11
0.8896418503937008
 21
3.5181916141732281
 31
0
  0
LINE
  5
79D
330
1A
100
AcDbEntity
  8
BLACK
  6
CONTINUOUS
100
AcDbLine
 10
0.8896418503937008
 20
3.5181916141732281
 30
0
 11
0.8901745275590551
 21
3.5187242913385828
 31
0
  0
LINE
  5
79E
330
1A
100
AcDbEntity
  8
BLACK
  6
CONTINUOUS
100
AcDbLine
 10
0.8901745275590551
 20
3.5187242913385828
 30
0
 11
0.8905511811023622
 21
3.5187992125984251
 31
0
  0
LINE
  5
79F
330
1A
100
AcDbEntity
  8
BLACK
  6
CONTINUOUS
100
AcDbLine
 10
0.8905511811023622
 20
3.5187992125984251
 30
0
 11
0.9677165354330708
 21
3.5187992125984251
 31
0
  0
LINE
  5
7A0
330
1A
100
AcDbEntity
  8
BLACK
  6
CONTINUOUS
100
AcDbLine
 10
0.9677165354330708
 20
3.5187992125984251
 30
0
 11
0.968093188976378
 21
3.5187242913385828
 31
0
  0
LINE
  5
7A1
330
1A
100
AcDbEntity
  8
BLACK
  6
CONTINUOUS
100
AcDbLine
 10
0.8915354330708661
 20
3.5168307086614172
 30
0
 11
0.8915354330708661
 21
3.3849409448818899
 31
0
  0
LINE
  5
7A2
330
1A
100
AcDbEntity
  8
BLACK
  6
CONTINUOUS
100
AcDbLine
 10
0.8915354330708661
 20
3.3849409448818899
 30
0
 11
0.9667322834645669
 21
3.3849409448818899
 31
0
  0
LINE
  5
7A3
330
1A
100
AcDbEntity
  8
BLACK
  6
CONTINUOUS
100
AcDbLine
 10
0.9667322834645669
 20
3.3849409448818899
 30
0
 11
0.9667322834645669
 21
3.5168307086614172
 31
0
  0
LINE
  5
7A4
330
1A
100
AcDbEntity
  8
BLACK
  6
CONTINUOUS
100
AcDbLine
 10
0.9667322834645669
 20
3.5168307086614172
 30
0
 11
0.8915354330708661
 21
3.5168307086614172
 31
0
  0
LINE
  5
7A5
330
1A
100
AcDbEntity
  8
BLACK
  6
CONTINUOUS
100
AcDbLine
 10
1.3586443700787401
 20
3.585062874015748
 30
0
 11
1.3591770472440945
 21
3.5845301968503938
 31
0
  0
LINE
  5
7A6
330
1A
100
AcDbEntity
  8
BLACK
  6
CONTINUOUS
100
AcDbLine
 10
1.3591770472440945
 20
3.5845301968503938
 30
0
 11
1.359251968503937
 21
3.5841535433070866
 31
0
  0
LINE
  5
7A7
330
1A
100
AcDbEntity
  8
BLACK
  6
CONTINUOUS
100
AcDbLine
 10
1.359251968503937
 20
3.5841535433070866
 30
0
 11
1.359251968503937
 21
3.5069881889763779
 31
0
  0
LINE
  5
7A8
330
1A
100
AcDbEntity
  8
BLACK
  6
CONTINUOUS
100
AcDbLine
 10
1.359251968503937
 20
3.5069881889763779
 30
0
 11
1.3591770472440945
 21
3.5066115354330707
 31
0
  0
LINE
  5
7A9
330
1A
100
AcDbEntity
  8
BLACK
  6
CONTINUOUS
100
AcDbLine
 10
1.3591770472440945
 20
3.5066115354330707
 30
0
 11
1.3586443700787401
 21
3.5060788582677165
 31
0
  0
LINE
  5
7AA
330
1A
100
AcDbEntity
  8
BLACK
  6
CONTINUOUS
100
AcDbLine
 10
1.3586443700787401
 20
3.5060788582677165
 30
0
 11
1.3582677165354331
 21
3.5060039370078737
 31
0
  0
LINE
  5
7AB
330
1A
100
AcDbEntity
  8
BLACK
  6
CONTINUOUS
100
AcDbLine
 10
1.3582677165354331
 20
3.5060039370078737
 30
0
 11
1.328753188976378
 21
3.5060039370078737
 31
0
  0
LINE
  5
7AC
330
1A
100
AcDbEntity
  8
BLACK
  6
CONTINUOUS
100
AcDbLine
 10
1.328753188976378
 20
3.5060039370078737
 30
0
 11
1.3287727559055118
 21
3.5059055118110236
 31
0
  0
LINE
  5
7AD
330
1A
100
AcDbEntity
  8
BLACK
  6
CONTINUOUS
100
AcDbLine
 10
1.3287727559055118
 20
3.5059055118110236
 30
0
 11
1.3287727559055118
 21
3.4074803149606296
 31
0
  0
LINE
  5
7AE
330
1A
100
AcDbEntity
  8
BLACK
  6
CONTINUOUS
100
AcDbLine
 10
1.3287727559055118
 20
3.4074803149606296
 30
0
 11
1.3286978346456693
 21
3.4071036614173229
 31
0
  0
LINE
  5
7AF
330
1A
100
AcDbEntity
  8
BLACK
  6
CONTINUOUS
100
AcDbLine
 10
1.3286978346456693
 20
3.4071036614173229
 30
0
 11
1.3281651574803148
 21
3.4065709842519682
 31
0
  0
LINE
  5
7B0
330
1A
100
AcDbEntity
  8
BLACK
  6
CONTINUOUS
100
AcDbLine
 10
1.3281651574803148
 20
3.4065709842519682
 30
0
 11
1.3277885039370079
 21
3.4064960629921259
 31
0
  0
LINE
  5
7B1
330
1A
100
AcDbEntity
  8
BLACK
  6
CONTINUOUS
100
AcDbLine
 10
1.3277885039370079
 20
3.4064960629921259
 30
0
 11
1.1466861417322833
 21
3.4064960629921259
 31
0
  0
LINE
  5
7B2
330
1A
100
AcDbEntity
  8
BLACK
  6
CONTINUOUS
100
AcDbLine
 10
1.1466861417322833
 20
3.4064960629921259
 30
0
 11
1.1463094881889764
 21
3.4065709842519682
 31
0
  0
LINE
  5
7B3
330
1A
100
AcDbEntity
  8
BLACK
  6
CONTINUOUS
100
AcDbLine
 10
1.1463094881889764
 20
3.4065709842519682
 30
0
 11
1.1457768110236219
 21
3.4071036614173229
 31
0
  0
LINE
  5
7B4
330
1A
100
AcDbEntity
  8
BLACK
  6
CONTINUOUS
100
AcDbLine
 10
1.1457768110236219
 20
3.4071036614173229
 30
0
 11
1.1457018897637794
 21
3.4074803149606296
 31
0
  0
LINE
  5
7B5
330
1A
100
AcDbEntity
  8
BLACK
  6
CONTINUOUS
100
AcDbLine
 10
1.1457018897637794
 20
3.4074803149606296
 30
0
 11
1.1457018897637794
 21
3.5059055118110236
 31
0
  0
LINE
  5
7B6
330
1A
100
AcDbEntity
  8
BLACK
  6
CONTINUOUS
100
AcDbLine
 10
1.1457018897637794
 20
3.5059055118110236
 30
0
 11
1.1457768110236219
 21
3.5062821653543308
 31
0
  0
LINE
  5
7B7
330
1A
100
AcDbEntity
  8
BLACK
  6
CONTINUOUS
100
AcDbLine
 10
1.1457768110236219
 20
3.5062821653543308
 30
0
 11
1.1463094881889764
 21
3.506814842519685
 31
0
  0
LINE
  5
7B8
330
1A
100
AcDbEntity
  8
BLACK
  6
CONTINUOUS
100
AcDbLine
 10
1.1463094881889764
 20
3.506814842519685
 30
0
 11
1.1466861417322833
 21
3.5068897637795273
 31
0
  0
LINE
  5
7B9
330
1A
100
AcDbEntity
  8
BLACK
  6
CONTINUOUS
100
AcDbLine
 10
1.1466861417322833
 20
3.5068897637795273
 30
0
 11
1.2234447637795276
 21
3.5068897637795273
 31
0
  0
LINE
  5
7BA
330
1A
100
AcDbEntity
  8
BLACK
  6
CONTINUOUS
100
AcDbLine
 10
1.2234447637795276
 20
3.5068897637795273
 30
0
 11
1.2234251968503937
 21
3.5069881889763779
 31
0
  0
LINE
  5
7BB
330
1A
100
AcDbEntity
  8
BLACK
  6
CONTINUOUS
100
AcDbLine
 10
1.2234251968503937
 20
3.5069881889763779
 30
0
 11
1.2234251968503937
 21
3.5841535433070866
 31
0
  0
LINE
  5
7BC
330
1A
100
AcDbEntity
  8
BLACK
  6
CONTINUOUS
100
AcDbLine
 10
1.2234251968503937
 20
3.5841535433070866
 30
0
 11
1.2235001181102363
 21
3.5845301968503938
 31
0
  0
LINE
  5
7BD
330
1A
100
AcDbEntity
  8
BLACK
  6
CONTINUOUS
100
AcDbLine
 10
1.2235001181102363
 20
3.5845301968503938
 30
0
 11
1.2240327952755905
 21
3.585062874015748
 31
0
  0
LINE
  5
7BE
330
1A
100
AcDbEntity
  8
BLACK
  6
CONTINUOUS
100
AcDbLine
 10
1.2240327952755905
 20
3.585062874015748
 30
0
 11
1.2244094488188977
 21
3.5851377952755903
 31
0
  0
LINE
  5
7BF
330
1A
100
AcDbEntity
  8
BLACK
  6
CONTINUOUS
100
AcDbLine
 10
1.2244094488188977
 20
3.5851377952755903
 30
0
 11
1.3582677165354331
 21
3.5851377952755903
 31
0
  0
LINE
  5
7C0
330
1A
100
AcDbEntity
  8
BLACK
  6
CONTINUOUS
100
AcDbLine
 10
1.3582677165354331
 20
3.5851377952755903
 30
0
 11
1.3586443700787401
 21
3.585062874015748
 31
0
  0
LINE
  5
7C1
330
1A
100
AcDbEntity
  8
BLACK
  6
CONTINUOUS
100
AcDbLine
 10
1.1476703937007873
 20
3.5049212598425195
 30
0
 11
1.1476703937007873
 21
3.4084645669291338
 31
0
  0
LINE
  5
7C2
330
1A
100
AcDbEntity
  8
BLACK
  6
CONTINUOUS
100
AcDbLine
 10
1.1476703937007873
 20
3.4084645669291338
 30
0
 11
1.3268042519685039
 21
3.4084645669291338
 31
0
  0
LINE
  5
7C3
330
1A
100
AcDbEntity
  8
BLACK
  6
CONTINUOUS
100
AcDbLine
 10
1.3268042519685039
 20
3.4084645669291338
 30
0
 11
1.3268042519685039
 21
3.5049212598425195
 31
0
  0
LINE
  5
7C4
330
1A
100
AcDbEntity
  8
BLACK
  6
CONTINUOUS
100
AcDbLine
 10
1.3268042519685039
 20
3.5049212598425195
 30
0
 11
1.1476703937007873
 21
3.5049212598425195
 31
0
  0
LINE
  5
7C5
330
1A
100
AcDbEntity
  8
BLACK
  6
CONTINUOUS
100
AcDbLine
 10
1.2253937007874016
 20
3.5831692913385824
 30
0
 11
1.2253937007874016
 21
3.507972440944882
 31
0
  0
LINE
  5
7C6
330
1A
100
AcDbEntity
  8
BLACK
  6
CONTINUOUS
100
AcDbLine
 10
1.2253937007874016
 20
3.507972440944882
 30
0
 11
1.3572834645669292
 21
3.507972440944882
 31
0
  0
LINE
  5
7C7
330
1A
100
AcDbEntity
  8
BLACK
  6
CONTINUOUS
100
AcDbLine
 10
1.3572834645669292
 20
3.507972440944882
 30
0
 11
1.3572834645669292
 21
3.5831692913385824
 31
0
  0
LINE
  5
7C8
330
1A
100
AcDbEntity
  8
BLACK
  6
CONTINUOUS
100
AcDbLine
 10
1.3572834645669292
 20
3.5831692913385824
 30
0
 11
1.2253937007874016
 21
3.5831692913385824
 31
0
  0
LINE
  5
7C9
330
1A
100
AcDbEntity
  8
BLACK
  6
CONTINUOUS
100
AcDbLine
 10
0.8695037007874016
 20
4.0225628740157475
 30
0
 11
0.8700363779527559
 21
4.0220301968503938
 31
0
  0
LINE
  5
7CA
330
1A
100
AcDbEntity
  8
BLACK
  6
CONTINUOUS
100
AcDbLine
 10
0.8700363779527559
 20
4.0220301968503938
 30
0
 11
0.8701112992125984
 21
4.0216535433070861
 31
0
  0
LINE
  5
7CB
330
1A
100
AcDbEntity
  8
BLACK
  6
CONTINUOUS
100
AcDbLine
 10
0.8701112992125984
 20
4.0216535433070861
 30
0
 11
0.8701112992125984
 21
3.4586614173228347
 31
0
  0
LINE
  5
7CC
330
1A
100
AcDbEntity
  8
BLACK
  6
CONTINUOUS
100
AcDbLine
 10
0.8701112992125984
 20
3.4586614173228347
 30
0
 11
0.8700363779527559
 21
3.4582847637795275
 31
0
  0
LINE
  5
7CD
330
1A
100
AcDbEntity
  8
BLACK
  6
CONTINUOUS
100
AcDbLine
 10
0.8700363779527559
 20
3.4582847637795275
 30
0
 11
0.8695037007874016
 21
3.4577520866141733
 31
0
  0
LINE
  5
7CE
330
1A
100
AcDbEntity
  8
BLACK
  6
CONTINUOUS
100
AcDbLine
 10
0.8695037007874016
 20
3.4577520866141733
 30
0
 11
0.8691270472440945
 21
3.4576771653543306
 31
0
  0
LINE
  5
7CF
330
1A
100
AcDbEntity
  8
BLACK
  6
CONTINUOUS
100
AcDbLine
 10
0.8691270472440945
 20
3.4576771653543306
 30
0
 11
0.2195208267716535
 21
3.4576771653543306
 31
0
  0
LINE
  5
7D0
330
1A
100
AcDbEntity
  8
BLACK
  6
CONTINUOUS
100
AcDbLine
 10
0.2195208267716535
 20
3.4576771653543306
 30
0
 11
0.2191441732283465
 21
3.4577520866141733
 31
0
  0
LINE
  5
7D1
330
1A
100
AcDbEntity
  8
BLACK
  6
CONTINUOUS
100
AcDbLine
 10
0.2191441732283465
 20
3.4577520866141733
 30
0
 11
0.2186114960629921
 21
3.4582847637795275
 31
0
  0
LINE
  5
7D2
330
1A
100
AcDbEntity
  8
BLACK
  6
CONTINUOUS
100
AcDbLine
 10
0.2186114960629921
 20
3.4582847637795275
 30
0
 11
0.2185365748031496
 21
3.4586614173228347
 31
0
  0
LINE
  5
7D3
330
1A
100
AcDbEntity
  8
BLACK
  6
CONTINUOUS
100
AcDbLine
 10
0.2185365748031496
 20
3.4586614173228347
 30
0
 11
0.2185365748031496
 21
4.0216535433070861
 31
0
  0
LINE
  5
7D4
330
1A
100
AcDbEntity
  8
BLACK
  6
CONTINUOUS
100
AcDbLine
 10
0.2185365748031496
 20
4.0216535433070861
 30
0
 11
0.2186114960629921
 21
4.0220301968503938
 31
0
  0
LINE
  5
7D5
330
1A
100
AcDbEntity
  8
BLACK
  6
CONTINUOUS
100
AcDbLine
 10
0.2186114960629921
 20
4.0220301968503938
 30
0
 11
0.2191441732283465
 21
4.0225628740157475
 31
0
  0
LINE
  5
7D6
330
1A
100
AcDbEntity
  8
BLACK
  6
CONTINUOUS
100
AcDbLine
 10
0.2191441732283465
 20
4.0225628740157475
 30
0
 11
0.2195208267716535
 21
4.0226377952755907
 31
0
  0
LINE
  5
7D7
330
1A
100
AcDbEntity
  8
BLACK
  6
CONTINUOUS
100
AcDbLine
 10
0.2195208267716535
 20
4.0226377952755907
 30
0
 11
0.8691270472440945
 21
4.0226377952755907
 31
0
  0
LINE
  5
7D8
330
1A
100
AcDbEntity
  8
BLACK
  6
CONTINUOUS
100
AcDbLine
 10
0.8691270472440945
 20
4.0226377952755907
 30
0
 11
0.8695037007874016
 21
4.0225628740157475
 31
0
  0
LINE
  5
7D9
330
1A
100
AcDbEntity
  8
BLACK
  6
CONTINUOUS
100
AcDbLine
 10
0.2205050787401575
 20
4.0206692913385824
 30
0
 11
0.2205050787401575
 21
3.4596456692913384
 31
0
  0
LINE
  5
7DA
330
1A
100
AcDbEntity
  8
BLACK
  6
CONTINUOUS
100
AcDbLine
 10
0.2205050787401575
 20
3.4596456692913384
 30
0
 11
0.8681427952755906
 21
3.4596456692913384
 31
0
  0
LINE
  5
7DB
330
1A
100
AcDbEntity
  8
BLACK
  6
CONTINUOUS
100
AcDbLine
 10
0.8681427952755906
 20
3.4596456692913384
 30
0
 11
0.8681427952755906
 21
4.0206692913385824
 31
0
  0
LINE
  5
7DC
330
1A
100
AcDbEntity
  8
BLACK
  6
CONTINUOUS
100
AcDbLine
 10
0.8681427952755906
 20
4.0206692913385824
 30
0
 11
0.2205050787401575
 21
4.0206692913385824
 31
0
  0
LINE
  5
7DD
330
1A
100
AcDbEntity
  8
BLACK
  6
CONTINUOUS
100
AcDbLine
 10
1.2137950787401575
 20
3.6744329527559056
 30
0
 11
1.2143277559055117
 21
3.673900275590551
 31
0
  0
LINE
  5
7DE
330
1A
100
AcDbEntity
  8
BLACK
  6
CONTINUOUS
100
AcDbLine
 10
1.2143277559055117
 20
3.673900275590551
 30
0
 11
1.2144026771653542
 21
3.6735236220472438
 31
0
  0
LINE
  5
7DF
330
1A
100
AcDbEntity
  8
BLACK
  6
CONTINUOUS
100
AcDbLine
 10
1.2144026771653542
 20
3.6735236220472438
 30
0
 11
1.2144026771653542
 21
3.6351378346456693
 31
0
  0
LINE
  5
7E0
330
1A
100
AcDbEntity
  8
BLACK
  6
CONTINUOUS
100
AcDbLine
 10
1.2144026771653542
 20
3.6351378346456693
 30
0
 11
1.2212924409448818
 21
3.6351378346456693
 31
0
  0
LINE
  5
7E1
330
1A
100
AcDbEntity
  8
BLACK
  6
CONTINUOUS
100
AcDbLine
 10
1.2212924409448818
 20
3.6351378346456693
 30
0
 11
1.2216690944881889
 21
3.6350629133858265
 31
0
  0
LINE
  5
7E2
330
1A
100
AcDbEntity
  8
BLACK
  6
CONTINUOUS
100
AcDbLine
 10
1.2216690944881889
 20
3.6350629133858265
 30
0
 11
1.2222017716535434
 21
3.6345302362204723
 31
0
  0
LINE
  5
7E3
330
1A
100
AcDbEntity
  8
BLACK
  6
CONTINUOUS
100
AcDbLine
 10
1.2222017716535434
 20
3.6345302362204723
 30
0
 11
1.2222766929133857
 21
3.6341535826771652
 31
0
  0
LINE
  5
7E4
330
1A
100
AcDbEntity
  8
BLACK
  6
CONTINUOUS
100
AcDbLine
 10
1.2222766929133857
 20
3.6341535826771652
 30
0
 11
1.2222766929133857
 21
3.5514763385826771
 31
0
  0
LINE
  5
7E5
330
1A
100
AcDbEntity
  8
BLACK
  6
CONTINUOUS
100
AcDbLine
 10
1.2222766929133857
 20
3.5514763385826771
 30
0
 11
1.2222017716535434
 21
3.5510997244094487
 31
0
  0
LINE
  5
7E6
330
1A
100
AcDbEntity
  8
BLACK
  6
CONTINUOUS
100
AcDbLine
 10
1.2222017716535434
 20
3.5510997244094487
 30
0
 11
1.2222017716535434
 21
3.5510996850393699
 31
0
  0
LINE
  5
7E7
330
1A
100
AcDbEntity
  8
BLACK
  6
CONTINUOUS
100
AcDbLine
 10
1.2222017716535434
 20
3.5510996850393699
 30
0
 11
1.2216690944881889
 21
3.5505670078740157
 31
0
  0
LINE
  5
7E8
330
1A
100
AcDbEntity
  8
BLACK
  6
CONTINUOUS
100
AcDbLine
 10
1.2216690944881889
 20
3.5505670078740157
 30
0
 11
1.2212924409448818
 21
3.5504920866141729
 31
0
  0
LINE
  5
7E9
330
1A
100
AcDbEntity
  8
BLACK
  6
CONTINUOUS
100
AcDbLine
 10
1.2212924409448818
 20
3.5504920866141729
 30
0
 11
1.2144026771653542
 21
3.5504921259842517
 31
0
  0
LINE
  5
7EA
330
1A
100
AcDbEntity
  8
BLACK
  6
CONTINUOUS
100
AcDbLine
 10
1.2144026771653542
 20
3.5504921259842517
 30
0
 11
1.2144026771653542
 21
3.5121062992125984
 31
0
  0
LINE
  5
7EB
330
1A
100
AcDbEntity
  8
BLACK
  6
CONTINUOUS
100
AcDbLine
 10
1.2144026771653542
 20
3.5121062992125984
 30
0
 11
1.2143277559055117
 21
3.5117296456692912
 31
0
  0
LINE
  5
7EC
330
1A
100
AcDbEntity
  8
BLACK
  6
CONTINUOUS
100
AcDbLine
 10
1.2143277559055117
 20
3.5117296456692912
 30
0
 11
1.2137950787401575
 21
3.511196968503937
 31
0
  0
LINE
  5
7ED
330
1A
100
AcDbEntity
  8
BLACK
  6
CONTINUOUS
100
AcDbLine
 10
1.2137950787401575
 20
3.511196968503937
 30
0
 11
1.2134184251968503
 21
3.5111220472440943
 31
0
  0
LINE
  5
7EE
330
1A
100
AcDbEntity
  8
BLACK
  6
CONTINUOUS
100
AcDbLine
 10
1.2134184251968503
 20
3.5111220472440943
 30
0
 11
1.1697176771653544
 21
3.5111220472440943
 31
0
  0
LINE
  5
7EF
330
1A
100
AcDbEntity
  8
BLACK
  6
CONTINUOUS
100
AcDbLine
 10
1.1697176771653544
 20
3.5111220472440943
 30
0
 11
1.1693410236220472
 21
3.511196968503937
 31
0
  0
LINE
  5
7F0
330
1A
100
AcDbEntity
  8
BLACK
  6
CONTINUOUS
100
AcDbLine
 10
1.1693410236220472
 20
3.511196968503937
 30
0
 11
1.168808346456693
 21
3.5117296456692912
 31
0
  0
LINE
  5
7F1
330
1A
100
AcDbEntity
  8
BLACK
  6
CONTINUOUS
100
AcDbLine
 10
1.168808346456693
 20
3.5117296456692912
 30
0
 11
1.1687334251968504
 21
3.5121062992125984
 31
0
  0
LINE
  5
7F2
330
1A
100
AcDbEntity
  8
BLACK
  6
CONTINUOUS
100
AcDbLine
 10
1.1687334251968504
 20
3.5121062992125984
 30
0
 11
1.1687334251968504
 21
3.5504921259842517
 31
0
  0
LINE
  5
7F3
330
1A
100
AcDbEntity
  8
BLACK
  6
CONTINUOUS
100
AcDbLine
 10
1.1687334251968504
 20
3.5504921259842517
 30
0
 11
1.1399931889763779
 21
3.5504921259842517
 31
0
  0
LINE
  5
7F4
330
1A
100
AcDbEntity
  8
BLACK
  6
CONTINUOUS
100
AcDbLine
 10
1.1399931889763779
 20
3.5504921259842517
 30
0
 11
1.1399931889763779
 21
3.5121062992125984
 31
0
  0
LINE
  5
7F5
330
1A
100
AcDbEntity
  8
BLACK
  6
CONTINUOUS
100
AcDbLine
 10
1.1399931889763779
 20
3.5121062992125984
 30
0
 11
1.1399182677165354
 21
3.5117296456692912
 31
0
  0
LINE
  5
7F6
330
1A
100
AcDbEntity
  8
BLACK
  6
CONTINUOUS
100
AcDbLine
 10
1.1399182677165354
 20
3.5117296456692912
 30
0
 11
1.1393855905511812
 21
3.511196968503937
 31
0
  0
LINE
  5
7F7
330
1A
100
AcDbEntity
  8
BLACK
  6
CONTINUOUS
100
AcDbLine
 10
1.1393855905511812
 20
3.511196968503937
 30
0
 11
1.139008937007874
 21
3.5111220472440943
 31
0
  0
LINE
  5
7F8
330
1A
100
AcDbEntity
  8
BLACK
  6
CONTINUOUS
100
AcDbLine
 10
1.139008937007874
 20
3.5111220472440943
 30
0
 11
1.0953081889763778
 21
3.5111220472440943
 31
0
  0
LINE
  5
7F9
330
1A
100
AcDbEntity
  8
BLACK
  6
CONTINUOUS
100
AcDbLine
 10
1.0953081889763778
 20
3.5111220472440943
 30
0
 11
1.0949315354330709
 21
3.511196968503937
 31
0
  0
LINE
  5
7FA
330
1A
100
AcDbEntity
  8
BLACK
  6
CONTINUOUS
100
AcDbLine
 10
1.0949315354330709
 20
3.511196968503937
 30
0
 11
1.0943988582677164
 21
3.5117296456692912
 31
0
  0
LINE
  5
7FB
330
1A
100
AcDbEntity
  8
BLACK
  6
CONTINUOUS
100
AcDbLine
 10
1.0943988582677164
 20
3.5117296456692912
 30
0
 11
1.0943239370078739
 21
3.5121062992125984
 31
0
  0
LINE
  5
7FC
330
1A
100
AcDbEntity
  8
BLACK
  6
CONTINUOUS
100
AcDbLine
 10
1.0943239370078739
 20
3.5121062992125984
 30
0
 11
1.0943239370078739
 21
3.5504921259842517
 31
0
  0
LINE
  5
7FD
330
1A
100
AcDbEntity
  8
BLACK
  6
CONTINUOUS
100
AcDbLine
 10
1.0943239370078739
 20
3.5504921259842517
 30
0
 11
1.0874341732283463
 21
3.5504920866141729
 31
0
  0
LINE
  5
7FE
330
1A
100
AcDbEntity
  8
BLACK
  6
CONTINUOUS
100
AcDbLine
 10
1.0874341732283463
 20
3.5504920866141729
 30
0
 11
1.0870575196850394
 21
3.5505670078740157
 31
0
  0
LINE
  5
7FF
330
1A
100
AcDbEntity
  8
BLACK
  6
CONTINUOUS
100
AcDbLine
 10
1.0870575196850394
 20
3.5505670078740157
 30
0
 11
1.086524842519685
 21
3.5510996850393699
 31
0
  0
LINE
  5
800
330
1A
100
AcDbEntity
  8
BLACK
  6
CONTINUOUS
100
AcDbLine
 10
1.086524842519685
 20
3.5510996850393699
 30
0
 11
1.086524842519685
 21
3.5510997244094487
 31
0
  0
LINE
  5
801
330
1A
100
AcDbEntity
  8
BLACK
  6
CONTINUOUS
100
AcDbLine
 10
1.086524842519685
 20
3.5510997244094487
 30
0
 11
1.0864499212598424
 21
3.5514763385826771
 31
0
  0
LINE
  5
802
330
1A
100
AcDbEntity
  8
BLACK
  6
CONTINUOUS
100
AcDbLine
 10
1.0864499212598424
 20
3.5514763385826771
 30
0
 11
1.0864499212598424
 21
3.6341535826771652
 31
0
  0
LINE
  5
803
330
1A
100
AcDbEntity
  8
BLACK
  6
CONTINUOUS
100
AcDbLine
 10
1.0864499212598424
 20
3.6341535826771652
 30
0
 11
1.086524842519685
 21
3.6345302362204723
 31
0
  0
LINE
  5
804
330
1A
100
AcDbEntity
  8
BLACK
  6
CONTINUOUS
100
AcDbLine
 10
1.086524842519685
 20
3.6345302362204723
 30
0
 11
1.0870575196850394
 21
3.6350629133858265
 31
0
  0
LINE
  5
805
330
1A
100
AcDbEntity
  8
BLACK
  6
CONTINUOUS
100
AcDbLine
 10
1.0870575196850394
 20
3.6350629133858265
 30
0
 11
1.0874341732283463
 21
3.6351378346456693
 31
0
  0
LINE
  5
806
330
1A
100
AcDbEntity
  8
BLACK
  6
CONTINUOUS
100
AcDbLine
 10
1.0874341732283463
 20
3.6351378346456693
 30
0
 11
1.0943239370078739
 21
3.6351378346456693
 31
0
  0
LINE
  5
807
330
1A
100
AcDbEntity
  8
BLACK
  6
CONTINUOUS
100
AcDbLine
 10
1.0943239370078739
 20
3.6351378346456693
 30
0
 11
1.0943239370078739
 21
3.6735236220472438
 31
0
  0
LINE
  5
808
330
1A
100
AcDbEntity
  8
BLACK
  6
CONTINUOUS
100
AcDbLine
 10
1.0943239370078739
 20
3.6735236220472438
 30
0
 11
1.0943988582677164
 21
3.673900275590551
 31
0
  0
LINE
  5
809
330
1A
100
AcDbEntity
  8
BLACK
  6
CONTINUOUS
100
AcDbLine
 10
1.0943988582677164
 20
3.673900275590551
 30
0
 11
1.0949315354330709
 21
3.6744329527559056
 31
0
  0
LINE
  5
80A
330
1A
100
AcDbEntity
  8
BLACK
  6
CONTINUOUS
100
AcDbLine
 10
1.0949315354330709
 20
3.6744329527559056
 30
0
 11
1.0953081889763778
 21
3.674507874015748
 31
0
  0
LINE
  5
80B
330
1A
100
AcDbEntity
  8
BLACK
  6
CONTINUOUS
100
AcDbLine
 10
1.0953081889763778
 20
3.674507874015748
 30
0
 11
1.2134184251968503
 21
3.674507874015748
 31
0
  0
LINE
  5
80C
330
1A
100
AcDbEntity
  8
BLACK
  6
CONTINUOUS
100
AcDbLine
 10
1.2134184251968503
 20
3.674507874015748
 30
0
 11
1.2137950787401575
 21
3.6744329527559056
 31
0
  0
LINE
  5
80D
330
1A
100
AcDbEntity
  8
BLACK
  6
CONTINUOUS
100
AcDbLine
 10
1.0962924409448818
 20
3.6725393700787401
 30
0
 11
1.0962924409448818
 21
3.6341535433070864
 31
0
  0
LINE
  5
80E
330
1A
100
AcDbEntity
  8
BLACK
  6
CONTINUOUS
100
AcDbLine
 10
1.0962924409448818
 20
3.6341535433070864
 30
0
 11
1.0962175196850394
 21
3.633776929133858
 31
0
  0
LINE
  5
80F
330
1A
100
AcDbEntity
  8
BLACK
  6
CONTINUOUS
100
AcDbLine
 10
1.0962175196850394
 20
3.633776929133858
 30
0
 11
1.0962175196850394
 21
3.6337768897637797
 31
0
  0
LINE
  5
810
330
1A
100
AcDbEntity
  8
BLACK
  6
CONTINUOUS
100
AcDbLine
 10
1.0962175196850394
 20
3.6337768897637797
 30
0
 11
1.095684842519685
 21
3.633244212598425
 31
0
  0
LINE
  5
811
330
1A
100
AcDbEntity
  8
BLACK
  6
CONTINUOUS
100
AcDbLine
 10
1.095684842519685
 20
3.633244212598425
 30
0
 11
1.0953081889763778
 21
3.6331692913385827
 31
0
  0
LINE
  5
812
330
1A
100
AcDbEntity
  8
BLACK
  6
CONTINUOUS
100
AcDbLine
 10
1.0953081889763778
 20
3.6331692913385827
 30
0
 11
1.0884184251968503
 21
3.6331693307086614
 31
0
  0
LINE
  5
813
330
1A
100
AcDbEntity
  8
BLACK
  6
CONTINUOUS
100
AcDbLine
 10
1.0884184251968503
 20
3.6331693307086614
 30
0
 11
1.0884184251968503
 21
3.5524606299212595
 31
0
  0
LINE
  5
814
330
1A
100
AcDbEntity
  8
BLACK
  6
CONTINUOUS
100
AcDbLine
 10
1.0884184251968503
 20
3.5524606299212595
 30
0
 11
1.0953081889763778
 21
3.5524606299212595
 31
0
  0
LINE
  5
815
330
1A
100
AcDbEntity
  8
BLACK
  6
CONTINUOUS
100
AcDbLine
 10
1.0953081889763778
 20
3.5524606299212595
 30
0
 11
1.095684842519685
 21
3.5523857086614172
 31
0
  0
LINE
  5
816
330
1A
100
AcDbEntity
  8
BLACK
  6
CONTINUOUS
100
AcDbLine
 10
1.095684842519685
 20
3.5523857086614172
 30
0
 11
1.0962175196850394
 21
3.551853031496063
 31
0
  0
LINE
  5
817
330
1A
100
AcDbEntity
  8
BLACK
  6
CONTINUOUS
100
AcDbLine
 10
1.0962175196850394
 20
3.551853031496063
 30
0
 11
1.0962924409448818
 21
3.5514763779527558
 31
0
  0
LINE
  5
818
330
1A
100
AcDbEntity
  8
BLACK
  6
CONTINUOUS
100
AcDbLine
 10
1.0962924409448818
 20
3.5514763779527558
 30
0
 11
1.0962924409448818
 21
3.5130905511811021
 31
0
  0
LINE
  5
819
330
1A
100
AcDbEntity
  8
BLACK
  6
CONTINUOUS
100
AcDbLine
 10
1.0962924409448818
 20
3.5130905511811021
 30
0
 11
1.13802468503937
 21
3.5130905511811021
 31
0
  0
LINE
  5
81A
330
1A
100
AcDbEntity
  8
BLACK
  6
CONTINUOUS
100
AcDbLine
 10
1.13802468503937
 20
3.5130905511811021
 30
0
 11
1.13802468503937
 21
3.5514763779527558
 31
0
  0
LINE
  5
81B
330
1A
100
AcDbEntity
  8
BLACK
  6
CONTINUOUS
100
AcDbLine
 10
1.13802468503937
 20
3.5514763779527558
 30
0
 11
1.1380996062992126
 21
3.551853031496063
 31
0
  0
LINE
  5
81C
330
1A
100
AcDbEntity
  8
BLACK
  6
CONTINUOUS
100
AcDbLine
 10
1.1380996062992126
 20
3.551853031496063
 30
0
 11
1.1386322834645668
 21
3.5523857086614172
 31
0
  0
LINE
  5
81D
330
1A
100
AcDbEntity
  8
BLACK
  6
CONTINUOUS
100
AcDbLine
 10
1.1386322834645668
 20
3.5523857086614172
 30
0
 11
1.139008937007874
 21
3.5524606299212595
 31
0
  0
LINE
  5
81E
330
1A
100
AcDbEntity
  8
BLACK
  6
CONTINUOUS
100
AcDbLine
 10
1.139008937007874
 20
3.5524606299212595
 30
0
 11
1.1697176771653544
 21
3.5524606299212595
 31
0
  0
LINE
  5
81F
330
1A
100
AcDbEntity
  8
BLACK
  6
CONTINUOUS
100
AcDbLine
 10
1.1697176771653544
 20
3.5524606299212595
 30
0
 11
1.1700943307086613
 21
3.5523857086614172
 31
0
  0
LINE
  5
820
330
1A
100
AcDbEntity
  8
BLACK
  6
CONTINUOUS
100
AcDbLine
 10
1.1700943307086613
 20
3.5523857086614172
 30
0
 11
1.1706270078740157
 21
3.551853031496063
 31
0
  0
LINE
  5
821
330
1A
100
AcDbEntity
  8
BLACK
  6
CONTINUOUS
100
AcDbLine
 10
1.1706270078740157
 20
3.551853031496063
 30
0
 11
1.1707019291338583
 21
3.5514763779527558
 31
0
  0
LINE
  5
822
330
1A
100
AcDbEntity
  8
BLACK
  6
CONTINUOUS
100
AcDbLine
 10
1.1707019291338583
 20
3.5514763779527558
 30
0
 11
1.1707019291338583
 21
3.5130905511811021
 31
0
  0
LINE
  5
823
330
1A
100
AcDbEntity
  8
BLACK
  6
CONTINUOUS
100
AcDbLine
 10
1.1707019291338583
 20
3.5130905511811021
 30
0
 11
1.2124341732283463
 21
3.5130905511811021
 31
0
  0
LINE
  5
824
330
1A
100
AcDbEntity
  8
BLACK
  6
CONTINUOUS
100
AcDbLine
 10
1.2124341732283463
 20
3.5130905511811021
 30
0
 11
1.2124341732283463
 21
3.5514763779527558
 31
0
  0
LINE
  5
825
330
1A
100
AcDbEntity
  8
BLACK
  6
CONTINUOUS
100
AcDbLine
 10
1.2124341732283463
 20
3.5514763779527558
 30
0
 11
1.2125090944881889
 21
3.551853031496063
 31
0
  0
LINE
  5
826
330
1A
100
AcDbEntity
  8
BLACK
  6
CONTINUOUS
100
AcDbLine
 10
1.2125090944881889
 20
3.551853031496063
 30
0
 11
1.2130417716535433
 21
3.5523857086614172
 31
0
  0
LINE
  5
827
330
1A
100
AcDbEntity
  8
BLACK
  6
CONTINUOUS
100
AcDbLine
 10
1.2130417716535433
 20
3.5523857086614172
 30
0
 11
1.2134184251968503
 21
3.5524606299212595
 31
0
  0
LINE
  5
828
330
1A
100
AcDbEntity
  8
BLACK
  6
CONTINUOUS
100
AcDbLine
 10
1.2134184251968503
 20
3.5524606299212595
 30
0
 11
1.2203081889763778
 21
3.5524606299212595
 31
0
  0
LINE
  5
829
330
1A
100
AcDbEntity
  8
BLACK
  6
CONTINUOUS
100
AcDbLine
 10
1.2203081889763778
 20
3.5524606299212595
 30
0
 11
1.2203081889763778
 21
3.6331693307086614
 31
0
  0
LINE
  5
82A
330
1A
100
AcDbEntity
  8
BLACK
  6
CONTINUOUS
100
AcDbLine
 10
1.2203081889763778
 20
3.6331693307086614
 30
0
 11
1.2134184251968503
 21
3.6331692913385827
 31
0
  0
LINE
  5
82B
330
1A
100
AcDbEntity
  8
BLACK
  6
CONTINUOUS
100
AcDbLine
 10
1.2134184251968503
 20
3.6331692913385827
 30
0
 11
1.2130417716535433
 21
3.633244212598425
 31
0
  0
LINE
  5
82C
330
1A
100
AcDbEntity
  8
BLACK
  6
CONTINUOUS
100
AcDbLine
 10
1.2130417716535433
 20
3.633244212598425
 30
0
 11
1.2125090944881889
 21
3.6337768897637797
 31
0
  0
LINE
  5
82D
330
1A
100
AcDbEntity
  8
BLACK
  6
CONTINUOUS
100
AcDbLine
 10
1.2125090944881889
 20
3.6337768897637797
 30
0
 11
1.2125090944881889
 21
3.633776929133858
 31
0
  0
LINE
  5
82E
330
1A
100
AcDbEntity
  8
BLACK
  6
CONTINUOUS
100
AcDbLine
 10
1.2125090944881889
 20
3.633776929133858
 30
0
 11
1.2124341732283463
 21
3.6341535433070864
 31
0
  0
LINE
  5
82F
330
1A
100
AcDbEntity
  8
BLACK
  6
CONTINUOUS
100
AcDbLine
 10
1.2124341732283463
 20
3.6341535433070864
 30
0
 11
1.2124341732283463
 21
3.6725393700787401
 31
0
  0
LINE
  5
830
330
1A
100
AcDbEntity
  8
BLACK
  6
CONTINUOUS
100
AcDbLine
 10
1.2124341732283463
 20
3.6725393700787401
 30
0
 11
1.0962924409448818
 21
3.6725393700787401
 31
0
  0
LINE
  5
831
330
1A
100
AcDbEntity
  8
BLACK
  6
CONTINUOUS
100
AcDbLine
 10
0.1283175196850394
 20
3.6659364173228344
 30
0
 11
0.1288501968503937
 21
3.6654037401574802
 31
0
  0
LINE
  5
832
330
1A
100
AcDbEntity
  8
BLACK
  6
CONTINUOUS
100
AcDbLine
 10
0.1288501968503937
 20
3.6654037401574802
 30
0
 11
0.1289251181102362
 21
3.665027086614173
 31
0
  0
LINE
  5
833
330
1A
100
AcDbEntity
  8
BLACK
  6
CONTINUOUS
100
AcDbLine
 10
0.1289251181102362
 20
3.665027086614173
 30
0
 11
0.1289251181102362
 21
3.5902239370078739
 31
0
  0
LINE
  5
834
330
1A
100
AcDbEntity
  8
BLACK
  6
CONTINUOUS
100
AcDbLine
 10
0.1289251181102362
 20
3.5902239370078739
 30
0
 11
0.1288501968503937
 21
3.5898472834645667
 31
0
  0
LINE
  5
835
330
1A
100
AcDbEntity
  8
BLACK
  6
CONTINUOUS
100
AcDbLine
 10
0.1288501968503937
 20
3.5898472834645667
 30
0
 11
0.1284776771653543
 21
3.5894747637795277
 31
0
  0
LINE
  5
836
330
1A
100
AcDbEntity
  8
BLACK
  6
CONTINUOUS
100
AcDbLine
 10
0.1284776771653543
 20
3.5894747637795277
 30
0
 11
0.1289931102362205
 21
3.5889593307086614
 31
0
  0
LINE
  5
837
330
1A
100
AcDbEntity
  8
BLACK
  6
CONTINUOUS
100
AcDbLine
 10
0.1289931102362205
 20
3.5889593307086614
 30
0
 11
0.129068031496063
 21
3.5885826771653542
 31
0
  0
LINE
  5
838
330
1A
100
AcDbEntity
  8
BLACK
  6
CONTINUOUS
100
AcDbLine
 10
0.129068031496063
 20
3.5885826771653542
 30
0
 11
0.129068031496063
 21
3.5137795275590551
 31
0
  0
LINE
  5
839
330
1A
100
AcDbEntity
  8
BLACK
  6
CONTINUOUS
100
AcDbLine
 10
0.129068031496063
 20
3.5137795275590551
 30
0
 11
0.1289931102362205
 21
3.5134028740157479
 31
0
  0
LINE
  5
83A
330
1A
100
AcDbEntity
  8
BLACK
  6
CONTINUOUS
100
AcDbLine
 10
0.1289931102362205
 20
3.5134028740157479
 30
0
 11
0.1284604330708661
 21
3.5128701968503937
 31
0
  0
LINE
  5
83B
330
1A
100
AcDbEntity
  8
BLACK
  6
CONTINUOUS
100
AcDbLine
 10
0.1284604330708661
 20
3.5128701968503937
 30
0
 11
0.1280837795275591
 21
3.5127952755905509
 31
0
  0
LINE
  5
83C
330
1A
100
AcDbEntity
  8
BLACK
  6
CONTINUOUS
100
AcDbLine
 10
0.1280837795275591
 20
3.5127952755905509
 30
0
 11
-0.0041996850393701
 21
3.5127952755905509
 31
0
  0
LINE
  5
83D
330
1A
100
AcDbEntity
  8
BLACK
  6
CONTINUOUS
100
AcDbLine
 10
-0.0041996850393701
 20
3.5127952755905509
 30
0
 11
-0.0045763385826772
 21
3.5128701968503937
 31
0
  0
LINE
  5
83E
330
1A
100
AcDbEntity
  8
BLACK
  6
CONTINUOUS
100
AcDbLine
 10
-0.0045763385826772
 20
3.5128701968503937
 30
0
 11
-0.0051090157480315
 21
3.5134028740157479
 31
0
  0
LINE
  5
83F
330
1A
100
AcDbEntity
  8
BLACK
  6
CONTINUOUS
100
AcDbLine
 10
-0.0051090157480315
 20
3.5134028740157479
 30
0
 11
-0.005183937007874
 21
3.5137795275590551
 31
0
  0
LINE
  5
840
330
1A
100
AcDbEntity
  8
BLACK
  6
CONTINUOUS
100
AcDbLine
 10
-0.005183937007874
 20
3.5137795275590551
 30
0
 11
-0.005183937007874
 21
3.5885826771653542
 31
0
  0
LINE
  5
841
330
1A
100
AcDbEntity
  8
BLACK
  6
CONTINUOUS
100
AcDbLine
 10
-0.005183937007874
 20
3.5885826771653542
 30
0
 11
-0.0051090157480315
 21
3.5889593307086614
 31
0
  0
LINE
  5
842
330
1A
100
AcDbEntity
  8
BLACK
  6
CONTINUOUS
100
AcDbLine
 10
-0.0051090157480315
 20
3.5889593307086614
 30
0
 11
-0.0047364960629921
 21
3.5893318503937008
 31
0
  0
LINE
  5
843
330
1A
100
AcDbEntity
  8
BLACK
  6
CONTINUOUS
100
AcDbLine
 10
-0.0047364960629921
 20
3.5893318503937008
 30
0
 11
-0.0052519291338583
 21
3.5898472834645667
 31
0
  0
LINE
  5
844
330
1A
100
AcDbEntity
  8
BLACK
  6
CONTINUOUS
100
AcDbLine
 10
-0.0052519291338583
 20
3.5898472834645667
 30
0
 11
-0.0053268503937008
 21
3.5902239370078739
 31
0
  0
LINE
  5
845
330
1A
100
AcDbEntity
  8
BLACK
  6
CONTINUOUS
100
AcDbLine
 10
-0.0053268503937008
 20
3.5902239370078739
 30
0
 11
-0.0053268503937008
 21
3.665027086614173
 31
0
  0
LINE
  5
846
330
1A
100
AcDbEntity
  8
BLACK
  6
CONTINUOUS
100
AcDbLine
 10
-0.0053268503937008
 20
3.665027086614173
 30
0
 11
-0.0052519291338583
 21
3.6654037401574802
 31
0
  0
LINE
  5
847
330
1A
100
AcDbEntity
  8
BLACK
  6
CONTINUOUS
100
AcDbLine
 10
-0.0052519291338583
 20
3.6654037401574802
 30
0
 11
-0.0047192519685039
 21
3.6659364173228344
 31
0
  0
LINE
  5
848
330
1A
100
AcDbEntity
  8
BLACK
  6
CONTINUOUS
100
AcDbLine
 10
-0.0047192519685039
 20
3.6659364173228344
 30
0
 11
-0.0043425984251969
 21
3.6660113385826771
 31
0
  0
LINE
  5
849
330
1A
100
AcDbEntity
  8
BLACK
  6
CONTINUOUS
100
AcDbLine
 10
-0.0043425984251969
 20
3.6660113385826771
 30
0
 11
0.1279408661417323
 21
3.6660113385826771
 31
0
  0
LINE
  5
84A
330
1A
100
AcDbEntity
  8
BLACK
  6
CONTINUOUS
100
AcDbLine
 10
0.1279408661417323
 20
3.6660113385826771
 30
0
 11
0.1283175196850394
 21
3.6659364173228344
 31
0
  0
LINE
  5
84B
330
1A
100
AcDbEntity
  8
BLACK
  6
CONTINUOUS
100
AcDbLine
 10
-0.0032154330708661
 20
3.5875984251968505
 30
0
 11
-0.0032154330708661
 21
3.5147637795275588
 31
0
  0
LINE
  5
84C
330
1A
100
AcDbEntity
  8
BLACK
  6
CONTINUOUS
100
AcDbLine
 10
-0.0032154330708661
 20
3.5147637795275588
 30
0
 11
0.1270995275590551
 21
3.5147637795275588
 31
0
  0
LINE
  5
84D
330
1A
100
AcDbEntity
  8
BLACK
  6
CONTINUOUS
100
AcDbLine
 10
0.1270995275590551
 20
3.5147637795275588
 30
0
 11
0.1270995275590551
 21
3.5875984251968505
 31
0
  0
LINE
  5
84E
330
1A
100
AcDbEntity
  8
BLACK
  6
CONTINUOUS
100
AcDbLine
 10
0.1270995275590551
 20
3.5875984251968505
 30
0
 11
-0.0032154330708661
 21
3.5875984251968505
 31
0
  0
LINE
  5
84F
330
1A
100
AcDbEntity
  8
BLACK
  6
CONTINUOUS
100
AcDbLine
 10
-0.0033583464566929
 20
3.6640428346456693
 30
0
 11
-0.0033583464566929
 21
3.5912081889763781
 31
0
  0
LINE
  5
850
330
1A
100
AcDbEntity
  8
BLACK
  6
CONTINUOUS
100
AcDbLine
 10
-0.0033583464566929
 20
3.5912081889763781
 30
0
 11
0.1269566141732283
 21
3.5912081889763781
 31
0
  0
LINE
  5
851
330
1A
100
AcDbEntity
  8
BLACK
  6
CONTINUOUS
100
AcDbLine
 10
0.1269566141732283
 20
3.5912081889763781
 30
0
 11
0.1269566141732283
 21
3.6640428346456693
 31
0
  0
LINE
  5
852
330
1A
100
AcDbEntity
  8
BLACK
  6
CONTINUOUS
100
AcDbLine
 10
0.1269566141732283
 20
3.6640428346456693
 30
0
 11
-0.0033583464566929
 21
3.6640428346456693
 31
0
  0
LINE
  5
853
330
1A
100
AcDbEntity
  8
BLACK
  6
CONTINUOUS
100
AcDbLine
 10
1.0832832677165354
 20
3.6784683858267715
 30
0
 11
1.0838159448818898
 21
3.6779357086614173
 31
0
  0
LINE
  5
854
330
1A
100
AcDbEntity
  8
BLACK
  6
CONTINUOUS
100
AcDbLine
 10
1.0838159448818898
 20
3.6779357086614173
 30
0
 11
1.0838908661417324
 21
3.6775590551181101
 31
0
  0
LINE
  5
855
330
1A
100
AcDbEntity
  8
BLACK
  6
CONTINUOUS
100
AcDbLine
 10
1.0838908661417324
 20
3.6775590551181101
 30
0
 11
1.0838908661417324
 21
3.5437007874015749
 31
0
  0
LINE
  5
856
330
1A
100
AcDbEntity
  8
BLACK
  6
CONTINUOUS
100
AcDbLine
 10
1.0838908661417324
 20
3.5437007874015749
 30
0
 11
1.0838159448818898
 21
3.5433241338582677
 31
0
  0
LINE
  5
857
330
1A
100
AcDbEntity
  8
BLACK
  6
CONTINUOUS
100
AcDbLine
 10
1.0838159448818898
 20
3.5433241338582677
 30
0
 11
1.0832832677165354
 21
3.5427914566929135
 31
0
  0
LINE
  5
858
330
1A
100
AcDbEntity
  8
BLACK
  6
CONTINUOUS
100
AcDbLine
 10
1.0832832677165354
 20
3.5427914566929135
 30
0
 11
1.0829066141732284
 21
3.5427165354330707
 31
0
  0
LINE
  5
859
330
1A
100
AcDbEntity
  8
BLACK
  6
CONTINUOUS
100
AcDbLine
 10
1.0829066141732284
 20
3.5427165354330707
 30
0
 11
1.0057412598425197
 21
3.5427165354330707
 31
0
  0
LINE
  5
85A
330
1A
100
AcDbEntity
  8
BLACK
  6
CONTINUOUS
100
AcDbLine
 10
1.0057412598425197
 20
3.5427165354330707
 30
0
 11
1.0053646062992125
 21
3.5427914566929135
 31
0
  0
LINE
  5
85B
330
1A
100
AcDbEntity
  8
BLACK
  6
CONTINUOUS
100
AcDbLine
 10
1.0053646062992125
 20
3.5427914566929135
 30
0
 11
1.0048319291338583
 21
3.5433241338582677
 31
0
  0
LINE
  5
85C
330
1A
100
AcDbEntity
  8
BLACK
  6
CONTINUOUS
100
AcDbLine
 10
1.0048319291338583
 20
3.5433241338582677
 30
0
 11
1.0047570078740158
 21
3.5437007874015749
 31
0
  0
LINE
  5
85D
330
1A
100
AcDbEntity
  8
BLACK
  6
CONTINUOUS
100
AcDbLine
 10
1.0047570078740158
 20
3.5437007874015749
 30
0
 11
1.0047570078740158
 21
3.6775590551181101
 31
0
  0
LINE
  5
85E
330
1A
100
AcDbEntity
  8
BLACK
  6
CONTINUOUS
100
AcDbLine
 10
1.0047570078740158
 20
3.6775590551181101
 30
0
 11
1.0048319291338583
 21
3.6779357086614173
 31
0
  0
LINE
  5
85F
330
1A
100
AcDbEntity
  8
BLACK
  6
CONTINUOUS
100
AcDbLine
 10
1.0048319291338583
 20
3.6779357086614173
 30
0
 11
1.0053646062992125
 21
3.6784683858267715
 31
0
  0
LINE
  5
860
330
1A
100
AcDbEntity
  8
BLACK
  6
CONTINUOUS
100
AcDbLine
 10
1.0053646062992125
 20
3.6784683858267715
 30
0
 11
1.0057412598425197
 21
3.6785433070866143
 31
0
  0
LINE
  5
861
330
1A
100
AcDbEntity
  8
BLACK
  6
CONTINUOUS
100
AcDbLine
 10
1.0057412598425197
 20
3.6785433070866143
 30
0
 11
1.0829066141732284
 21
3.6785433070866143
 31
0
  0
LINE
  5
862
330
1A
100
AcDbEntity
  8
BLACK
  6
CONTINUOUS
100
AcDbLine
 10
1.0829066141732284
 20
3.6785433070866143
 30
0
 11
1.0832832677165354
 21
3.6784683858267715
 31
0
  0
LINE
  5
863
330
1A
100
AcDbEntity
  8
BLACK
  6
CONTINUOUS
100
AcDbLine
 10
1.0067255118110237
 20
3.6765748031496064
 30
0
 11
1.0067255118110237
 21
3.5446850393700786
 31
0
  0
LINE
  5
864
330
1A
100
AcDbEntity
  8
BLACK
  6
CONTINUOUS
100
AcDbLine
 10
1.0067255118110237
 20
3.5446850393700786
 30
0
 11
1.0819223622047245
 21
3.5446850393700786
 31
0
  0
LINE
  5
865
330
1A
100
AcDbEntity
  8
BLACK
  6
CONTINUOUS
100
AcDbLine
 10
1.0819223622047245
 20
3.5446850393700786
 30
0
 11
1.0819223622047245
 21
3.6765748031496064
 31
0
  0
LINE
  5
866
330
1A
100
AcDbEntity
  8
BLACK
  6
CONTINUOUS
100
AcDbLine
 10
1.0819223622047245
 20
3.6765748031496064
 30
0
 11
1.0067255118110237
 21
3.6765748031496064
 31
0
  0
LINE
  5
867
330
1A
100
AcDbEntity
  8
BLACK
  6
CONTINUOUS
100
AcDbLine
 10
-0.563567125984252
 20
3.7303384645669291
 30
0
 11
-0.5630344488188976
 21
3.7298057874015749
 31
0
  0
LINE
  5
868
330
1A
100
AcDbEntity
  8
BLACK
  6
CONTINUOUS
100
AcDbLine
 10
-0.5630344488188976
 20
3.7298057874015749
 30
0
 11
-0.5629595275590551
 21
3.7294291338582677
 31
0
  0
LINE
  5
869
330
1A
100
AcDbEntity
  8
BLACK
  6
CONTINUOUS
100
AcDbLine
 10
-0.5629595275590551
 20
3.7294291338582677
 30
0
 11
-0.5629595275590551
 21
3.5971456692913386
 31
0
  0
LINE
  5
86A
330
1A
100
AcDbEntity
  8
BLACK
  6
CONTINUOUS
100
AcDbLine
 10
-0.5629595275590551
 20
3.5971456692913386
 30
0
 11
-0.5630344488188976
 21
3.5967690157480314
 31
0
  0
LINE
  5
86B
330
1A
100
AcDbEntity
  8
BLACK
  6
CONTINUOUS
100
AcDbLine
 10
-0.5630344488188976
 20
3.5967690157480314
 30
0
 11
-0.563567125984252
 21
3.5962363385826772
 31
0
  0
LINE
  5
86C
330
1A
100
AcDbEntity
  8
BLACK
  6
CONTINUOUS
100
AcDbLine
 10
-0.563567125984252
 20
3.5962363385826772
 30
0
 11
-0.563943779527559
 21
3.5961614173228345
 31
0
  0
LINE
  5
86D
330
1A
100
AcDbEntity
  8
BLACK
  6
CONTINUOUS
100
AcDbLine
 10
-0.563943779527559
 20
3.5961614173228345
 30
0
 11
-0.6387469291338582
 21
3.5961614173228345
 31
0
  0
LINE
  5
86E
330
1A
100
AcDbEntity
  8
BLACK
  6
CONTINUOUS
100
AcDbLine
 10
-0.6387469291338582
 20
3.5961614173228345
 30
0
 11
-0.6391235826771653
 21
3.5962363385826772
 31
0
  0
LINE
  5
86F
330
1A
100
AcDbEntity
  8
BLACK
  6
CONTINUOUS
100
AcDbLine
 10
-0.6391235826771653
 20
3.5962363385826772
 30
0
 11
-0.6396562598425197
 21
3.5967690157480314
 31
0
  0
LINE
  5
870
330
1A
100
AcDbEntity
  8
BLACK
  6
CONTINUOUS
100
AcDbLine
 10
-0.6396562598425197
 20
3.5967690157480314
 30
0
 11
-0.6397311811023622
 21
3.5971456692913386
 31
0
  0
LINE
  5
871
330
1A
100
AcDbEntity
  8
BLACK
  6
CONTINUOUS
100
AcDbLine
 10
-0.6397311811023622
 20
3.5971456692913386
 30
0
 11
-0.6397311811023622
 21
3.7294291338582677
 31
0
  0
LINE
  5
872
330
1A
100
AcDbEntity
  8
BLACK
  6
CONTINUOUS
100
AcDbLine
 10
-0.6397311811023622
 20
3.7294291338582677
 30
0
 11
-0.6396562598425197
 21
3.7298057874015749
 31
0
  0
LINE
  5
873
330
1A
100
AcDbEntity
  8
BLACK
  6
CONTINUOUS
100
AcDbLine
 10
-0.6396562598425197
 20
3.7298057874015749
 30
0
 11
-0.6391235826771653
 21
3.7303384645669291
 31
0
  0
LINE
  5
874
330
1A
100
AcDbEntity
  8
BLACK
  6
CONTINUOUS
100
AcDbLine
 10
-0.6391235826771653
 20
3.7303384645669291
 30
0
 11
-0.6387469291338582
 21
3.7304133858267714
 31
0
  0
LINE
  5
875
330
1A
100
AcDbEntity
  8
BLACK
  6
CONTINUOUS
100
AcDbLine
 10
-0.6387469291338582
 20
3.7304133858267714
 30
0
 11
-0.563943779527559
 21
3.7304133858267714
 31
0
  0
LINE
  5
876
330
1A
100
AcDbEntity
  8
BLACK
  6
CONTINUOUS
100
AcDbLine
 10
-0.563943779527559
 20
3.7304133858267714
 30
0
 11
-0.563567125984252
 21
3.7303384645669291
 31
0
  0
LINE
  5
877
330
1A
100
AcDbEntity
  8
BLACK
  6
CONTINUOUS
100
AcDbLine
 10
-0.6377626771653543
 20
3.7284448818897635
 30
0
 11
-0.6377626771653543
 21
3.5981299212598423
 31
0
  0
LINE
  5
878
330
1A
100
AcDbEntity
  8
BLACK
  6
CONTINUOUS
100
AcDbLine
 10
-0.6377626771653543
 20
3.5981299212598423
 30
0
 11
-0.564928031496063
 21
3.5981299212598423
 31
0
  0
LINE
  5
879
330
1A
100
AcDbEntity
  8
BLACK
  6
CONTINUOUS
100
AcDbLine
 10
-0.564928031496063
 20
3.5981299212598423
 30
0
 11
-0.564928031496063
 21
3.7284448818897635
 31
0
  0
LINE
  5
87A
330
1A
100
AcDbEntity
  8
BLACK
  6
CONTINUOUS
100
AcDbLine
 10
-0.564928031496063
 20
3.7284448818897635
 30
0
 11
-0.6377626771653543
 21
3.7284448818897635
 31
0
  0
LINE
  5
87B
330
1A
100
AcDbEntity
  8
BLACK
  6
CONTINUOUS
100
AcDbLine
 10
0.1284604330708661
 20
3.7430353149606299
 30
0
 11
0.1289931102362205
 21
3.7425026377952757
 31
0
  0
LINE
  5
87C
330
1A
100
AcDbEntity
  8
BLACK
  6
CONTINUOUS
100
AcDbLine
 10
0.1289931102362205
 20
3.7425026377952757
 30
0
 11
0.129068031496063
 21
3.7421259842519685
 31
0
  0
LINE
  5
87D
330
1A
100
AcDbEntity
  8
BLACK
  6
CONTINUOUS
100
AcDbLine
 10
0.129068031496063
 20
3.7421259842519685
 30
0
 11
0.129068031496063
 21
3.667322834645669
 31
0
  0
LINE
  5
87E
330
1A
100
AcDbEntity
  8
BLACK
  6
CONTINUOUS
100
AcDbLine
 10
0.129068031496063
 20
3.667322834645669
 30
0
 11
0.1289931102362205
 21
3.6669461811023623
 31
0
  0
LINE
  5
87F
330
1A
100
AcDbEntity
  8
BLACK
  6
CONTINUOUS
100
AcDbLine
 10
0.1289931102362205
 20
3.6669461811023623
 30
0
 11
0.1284604330708661
 21
3.6664135039370076
 31
0
  0
LINE
  5
880
330
1A
100
AcDbEntity
  8
BLACK
  6
CONTINUOUS
100
AcDbLine
 10
0.1284604330708661
 20
3.6664135039370076
 30
0
 11
0.1280837795275591
 21
3.6663385826771653
 31
0
  0
LINE
  5
881
330
1A
100
AcDbEntity
  8
BLACK
  6
CONTINUOUS
100
AcDbLine
 10
0.1280837795275591
 20
3.6663385826771653
 30
0
 11
-0.0041996850393701
 21
3.6663385826771653
 31
0
  0
LINE
  5
882
330
1A
100
AcDbEntity
  8
BLACK
  6
CONTINUOUS
100
AcDbLine
 10
-0.0041996850393701
 20
3.6663385826771653
 30
0
 11
-0.0045763385826772
 21
3.6664135039370076
 31
0
  0
LINE
  5
883
330
1A
100
AcDbEntity
  8
BLACK
  6
CONTINUOUS
100
AcDbLine
 10
-0.0045763385826772
 20
3.6664135039370076
 30
0
 11
-0.0051090157480315
 21
3.6669461811023623
 31
0
  0
LINE
  5
884
330
1A
100
AcDbEntity
  8
BLACK
  6
CONTINUOUS
100
AcDbLine
 10
-0.0051090157480315
 20
3.6669461811023623
 30
0
 11
-0.005183937007874
 21
3.667322834645669
 31
0
  0
LINE
  5
885
330
1A
100
AcDbEntity
  8
BLACK
  6
CONTINUOUS
100
AcDbLine
 10
-0.005183937007874
 20
3.667322834645669
 30
0
 11
-0.005183937007874
 21
3.7421259842519685
 31
0
  0
LINE
  5
886
330
1A
100
AcDbEntity
  8
BLACK
  6
CONTINUOUS
100
AcDbLine
 10
-0.005183937007874
 20
3.7421259842519685
 30
0
 11
-0.0051090157480315
 21
3.7425026377952757
 31
0
  0
LINE
  5
887
330
1A
100
AcDbEntity
  8
BLACK
  6
CONTINUOUS
100
AcDbLine
 10
-0.0051090157480315
 20
3.7425026377952757
 30
0
 11
-0.0045763385826772
 21
3.7430353149606299
 31
0
  0
LINE
  5
888
330
1A
100
AcDbEntity
  8
BLACK
  6
CONTINUOUS
100
AcDbLine
 10
-0.0045763385826772
 20
3.7430353149606299
 30
0
 11
-0.0041996850393701
 21
3.7431102362204722
 31
0
  0
LINE
  5
889
330
1A
100
AcDbEntity
  8
BLACK
  6
CONTINUOUS
100
AcDbLine
 10
-0.0041996850393701
 20
3.7431102362204722
 30
0
 11
0.1280837795275591
 21
3.7431102362204722
 31
0
  0
LINE
  5
88A
330
1A
100
AcDbEntity
  8
BLACK
  6
CONTINUOUS
100
AcDbLine
 10
0.1280837795275591
 20
3.7431102362204722
 30
0
 11
0.1284604330708661
 21
3.7430353149606299
 31
0
  0
LINE
  5
88B
330
1A
100
AcDbEntity
  8
BLACK
  6
CONTINUOUS
100
AcDbLine
 10
-0.0032154330708661
 20
3.7411417322834644
 30
0
 11
-0.0032154330708661
 21
3.6683070866141732
 31
0
  0
LINE
  5
88C
330
1A
100
AcDbEntity
  8
BLACK
  6
CONTINUOUS
100
AcDbLine
 10
-0.0032154330708661
 20
3.6683070866141732
 30
0
 11
0.1270995275590551
 21
3.6683070866141732
 31
0
  0
LINE
  5
88D
330
1A
100
AcDbEntity
  8
BLACK
  6
CONTINUOUS
100
AcDbLine
 10
0.1270995275590551
 20
3.6683070866141732
 30
0
 11
0.1270995275590551
 21
3.7411417322834644
 31
0
  0
LINE
  5
88E
330
1A
100
AcDbEntity
  8
BLACK
  6
CONTINUOUS
100
AcDbLine
 10
0.1270995275590551
 20
3.7411417322834644
 30
0
 11
-0.0032154330708661
 21
3.7411417322834644
 31
0
  0
LINE
  5
88F
330
1A
100
AcDbEntity
  8
BLACK
  6
CONTINUOUS
100
AcDbLine
 10
1.109661220472441
 20
3.96774
 30
0
 11
1.1101938976377952
 21
3.9672073228346454
 31
0
  0
LINE
  5
890
330
1A
100
AcDbEntity
  8
BLACK
  6
CONTINUOUS
100
AcDbLine
 10
1.1101938976377952
 20
3.9672073228346454
 30
0
 11
1.1102688188976377
 21
3.9668306692913387
 31
0
  0
LINE
  5
891
330
1A
100
AcDbEntity
  8
BLACK
  6
CONTINUOUS
100
AcDbLine
 10
1.1102688188976377
 20
3.9668306692913387
 30
0
 11
1.1102688188976377
 21
3.7662401574803148
 31
0
  0
LINE
  5
892
330
1A
100
AcDbEntity
  8
BLACK
  6
CONTINUOUS
100
AcDbLine
 10
1.1102688188976377
 20
3.7662401574803148
 30
0
 11
1.2430444094488189
 21
3.7662401574803148
 31
0
  0
LINE
  5
893
330
1A
100
AcDbEntity
  8
BLACK
  6
CONTINUOUS
100
AcDbLine
 10
1.2430444094488189
 20
3.7662401574803148
 30
0
 11
1.2434210629921258
 21
3.7661652362204725
 31
0
  0
LINE
  5
894
330
1A
100
AcDbEntity
  8
BLACK
  6
CONTINUOUS
100
AcDbLine
 10
1.2434210629921258
 20
3.7661652362204725
 30
0
 11
1.2439537401574803
 21
3.7656325590551178
 31
0
  0
LINE
  5
895
330
1A
100
AcDbEntity
  8
BLACK
  6
CONTINUOUS
100
AcDbLine
 10
1.2439537401574803
 20
3.7656325590551178
 30
0
 11
1.2440286614173228
 21
3.7652559055118111
 31
0
  0
LINE
  5
896
330
1A
100
AcDbEntity
  8
BLACK
  6
CONTINUOUS
100
AcDbLine
 10
1.2440286614173228
 20
3.7652559055118111
 30
0
 11
1.2440286614173228
 21
3.6880905511811024
 31
0
  0
LINE
  5
897
330
1A
100
AcDbEntity
  8
BLACK
  6
CONTINUOUS
100
AcDbLine
 10
1.2440286614173228
 20
3.6880905511811024
 30
0
 11
1.2439537401574803
 21
3.6877138976377952
 31
0
  0
LINE
  5
898
330
1A
100
AcDbEntity
  8
BLACK
  6
CONTINUOUS
100
AcDbLine
 10
1.2439537401574803
 20
3.6877138976377952
 30
0
 11
1.2434210629921258
 21
3.687181220472441
 31
0
  0
LINE
  5
899
330
1A
100
AcDbEntity
  8
BLACK
  6
CONTINUOUS
100
AcDbLine
 10
1.2434210629921258
 20
3.687181220472441
 30
0
 11
1.2430444094488189
 21
3.6871062992125982
 31
0
  0
LINE
  5
89A
330
1A
100
AcDbEntity
  8
BLACK
  6
CONTINUOUS
100
AcDbLine
 10
1.2430444094488189
 20
3.6871062992125982
 30
0
 11
1.1091861417322835
 21
3.6871062992125982
 31
0
  0
LINE
  5
89B
330
1A
100
AcDbEntity
  8
BLACK
  6
CONTINUOUS
100
AcDbLine
 10
1.1091861417322835
 20
3.6871062992125982
 30
0
 11
1.1088094881889763
 21
3.687181220472441
 31
0
  0
LINE
  5
89C
330
1A
100
AcDbEntity
  8
BLACK
  6
CONTINUOUS
100
AcDbLine
 10
1.1088094881889763
 20
3.687181220472441
 30
0
 11
1.1082768110236221
 21
3.6877138976377952
 31
0
  0
LINE
  5
89D
330
1A
100
AcDbEntity
  8
BLACK
  6
CONTINUOUS
100
AcDbLine
 10
1.1082768110236221
 20
3.6877138976377952
 30
0
 11
1.1082018897637795
 21
3.6880905511811024
 31
0
  0
LINE
  5
89E
330
1A
100
AcDbEntity
  8
BLACK
  6
CONTINUOUS
100
AcDbLine
 10
1.1082018897637795
 20
3.6880905511811024
 30
0
 11
1.1082018897637795
 21
3.6902558661417322
 31
0
  0
LINE
  5
89F
330
1A
100
AcDbEntity
  8
BLACK
  6
CONTINUOUS
100
AcDbLine
 10
1.1082018897637795
 20
3.6902558661417322
 30
0
 11
0.9714892913385826
 21
3.6902558661417322
 31
0
  0
LINE
  5
8A0
330
1A
100
AcDbEntity
  8
BLACK
  6
CONTINUOUS
100
AcDbLine
 10
0.9714892913385826
 20
3.6902558661417322
 30
0
 11
0.9711126377952756
 21
3.6903307874015745
 31
0
  0
LINE
  5
8A1
330
1A
100
AcDbEntity
  8
BLACK
  6
CONTINUOUS
100
AcDbLine
 10
0.9711126377952756
 20
3.6903307874015745
 30
0
 11
0.9705799606299212
 21
3.6908634645669292
 31
0
  0
LINE
  5
8A2
330
1A
100
AcDbEntity
  8
BLACK
  6
CONTINUOUS
100
AcDbLine
 10
0.9705799606299212
 20
3.6908634645669292
 30
0
 11
0.9705050393700787
 21
3.6912401181102363
 31
0
  0
LINE
  5
8A3
330
1A
100
AcDbEntity
  8
BLACK
  6
CONTINUOUS
100
AcDbLine
 10
0.9705050393700787
 20
3.6912401181102363
 30
0
 11
0.9705050393700787
 21
3.9668306692913387
 31
0
  0
LINE
  5
8A4
330
1A
100
AcDbEntity
  8
BLACK
  6
CONTINUOUS
100
AcDbLine
 10
0.9705050393700787
 20
3.9668306692913387
 30
0
 11
0.9705799606299212
 21
3.9672073228346454
 31
0
  0
LINE
  5
8A5
330
1A
100
AcDbEntity
  8
BLACK
  6
CONTINUOUS
100
AcDbLine
 10
0.9705799606299212
 20
3.9672073228346454
 30
0
 11
0.9711126377952756
 21
3.96774
 31
0
  0
LINE
  5
8A6
330
1A
100
AcDbEntity
  8
BLACK
  6
CONTINUOUS
100
AcDbLine
 10
0.9711126377952756
 20
3.96774
 30
0
 11
0.9714892913385826
 21
3.9678149212598424
 31
0
  0
LINE
  5
8A7
330
1A
100
AcDbEntity
  8
BLACK
  6
CONTINUOUS
100
AcDbLine
 10
0.9714892913385826
 20
3.9678149212598424
 30
0
 11
1.1092845669291338
 21
3.9678149212598424
 31
0
  0
LINE
  5
8A8
330
1A
100
AcDbEntity
  8
BLACK
  6
CONTINUOUS
100
AcDbLine
 10
1.1092845669291338
 20
3.9678149212598424
 30
0
 11
1.109661220472441
 21
3.96774
 31
0
  0
LINE
  5
8A9
330
1A
100
AcDbEntity
  8
BLACK
  6
CONTINUOUS
100
AcDbLine
 10
1.1102688188976377
 20
3.764271653543307
 30
0
 11
1.1102688188976377
 21
3.6912401181102363
 31
0
  0
LINE
  5
8AA
330
1A
100
AcDbEntity
  8
BLACK
  6
CONTINUOUS
100
AcDbLine
 10
1.1102688188976377
 20
3.6912401181102363
 30
0
 11
1.1101938976377952
 21
3.6908634645669292
 31
0
  0
LINE
  5
8AB
330
1A
100
AcDbEntity
  8
BLACK
  6
CONTINUOUS
100
AcDbLine
 10
1.1101938976377952
 20
3.6908634645669292
 30
0
 11
1.1101703937007874
 21
3.6908399606299214
 31
0
  0
LINE
  5
8AC
330
1A
100
AcDbEntity
  8
BLACK
  6
CONTINUOUS
100
AcDbLine
 10
1.1101703937007874
 20
3.6908399606299214
 30
0
 11
1.1101703937007874
 21
3.6890748031496061
 31
0
  0
LINE
  5
8AD
330
1A
100
AcDbEntity
  8
BLACK
  6
CONTINUOUS
100
AcDbLine
 10
1.1101703937007874
 20
3.6890748031496061
 30
0
 11
1.242060157480315
 21
3.6890748031496061
 31
0
  0
LINE
  5
8AE
330
1A
100
AcDbEntity
  8
BLACK
  6
CONTINUOUS
100
AcDbLine
 10
1.242060157480315
 20
3.6890748031496061
 30
0
 11
1.242060157480315
 21
3.764271653543307
 31
0
  0
LINE
  5
8AF
330
1A
100
AcDbEntity
  8
BLACK
  6
CONTINUOUS
100
AcDbLine
 10
1.242060157480315
 20
3.764271653543307
 30
0
 11
1.1102688188976377
 21
3.764271653543307
 31
0
  0
LINE
  5
8B0
330
1A
100
AcDbEntity
  8
BLACK
  6
CONTINUOUS
100
AcDbLine
 10
0.9724735433070866
 20
3.9658464173228345
 30
0
 11
0.9724735433070866
 21
3.69222437007874
 31
0
  0
LINE
  5
8B1
330
1A
100
AcDbEntity
  8
BLACK
  6
CONTINUOUS
100
AcDbLine
 10
0.9724735433070866
 20
3.69222437007874
 30
0
 11
1.1082018897637795
 21
3.69222437007874
 31
0
  0
LINE
  5
8B2
330
1A
100
AcDbEntity
  8
BLACK
  6
CONTINUOUS
100
AcDbLine
 10
1.1082018897637795
 20
3.69222437007874
 30
0
 11
1.1082018897637795
 21
3.7652559055118111
 31
0
  0
LINE
  5
8B3
330
1A
100
AcDbEntity
  8
BLACK
  6
CONTINUOUS
100
AcDbLine
 10
1.1082018897637795
 20
3.7652559055118111
 30
0
 11
1.1082768110236221
 21
3.7656325590551178
 31
0
  0
LINE
  5
8B4
330
1A
100
AcDbEntity
  8
BLACK
  6
CONTINUOUS
100
AcDbLine
 10
1.1082768110236221
 20
3.7656325590551178
 30
0
 11
1.1083003149606299
 21
3.7656560629921261
 31
0
  0
LINE
  5
8B5
330
1A
100
AcDbEntity
  8
BLACK
  6
CONTINUOUS
100
AcDbLine
 10
1.1083003149606299
 20
3.7656560629921261
 30
0
 11
1.1083003149606299
 21
3.9658464173228345
 31
0
  0
LINE
  5
8B6
330
1A
100
AcDbEntity
  8
BLACK
  6
CONTINUOUS
100
AcDbLine
 10
1.1083003149606299
 20
3.9658464173228345
 30
0
 11
0.9724735433070866
 21
3.9658464173228345
 31
0
  0
LINE
  5
8B7
330
1A
100
AcDbEntity
  8
BLACK
  6
CONTINUOUS
100
AcDbLine
 10
-0.563567125984252
 20
3.8667557874015746
 30
0
 11
-0.5630344488188976
 21
3.8662231102362203
 31
0
  0
LINE
  5
8B8
330
1A
100
AcDbEntity
  8
BLACK
  6
CONTINUOUS
100
AcDbLine
 10
-0.5630344488188976
 20
3.8662231102362203
 30
0
 11
-0.5629595275590551
 21
3.8658464566929132
 31
0
  0
LINE
  5
8B9
330
1A
100
AcDbEntity
  8
BLACK
  6
CONTINUOUS
100
AcDbLine
 10
-0.5629595275590551
 20
3.8658464566929132
 30
0
 11
-0.5629595275590551
 21
3.7335629921259841
 31
0
  0
LINE
  5
8BA
330
1A
100
AcDbEntity
  8
BLACK
  6
CONTINUOUS
100
AcDbLine
 10
-0.5629595275590551
 20
3.7335629921259841
 30
0
 11
-0.5630344488188976
 21
3.7331863385826769
 31
0
  0
LINE
  5
8BB
330
1A
100
AcDbEntity
  8
BLACK
  6
CONTINUOUS
100
AcDbLine
 10
-0.5630344488188976
 20
3.7331863385826769
 30
0
 11
-0.563567125984252
 21
3.7326536614173227
 31
0
  0
LINE
  5
8BC
330
1A
100
AcDbEntity
  8
BLACK
  6
CONTINUOUS
100
AcDbLine
 10
-0.563567125984252
 20
3.7326536614173227
 30
0
 11
-0.563943779527559
 21
3.7325787401574804
 31
0
  0
LINE
  5
8BD
330
1A
100
AcDbEntity
  8
BLACK
  6
CONTINUOUS
100
AcDbLine
 10
-0.563943779527559
 20
3.7325787401574804
 30
0
 11
-0.6387469291338582
 21
3.7325787401574804
 31
0
  0
LINE
  5
8BE
330
1A
100
AcDbEntity
  8
BLACK
  6
CONTINUOUS
100
AcDbLine
 10
-0.6387469291338582
 20
3.7325787401574804
 30
0
 11
-0.6391235826771653
 21
3.7326536614173227
 31
0
  0
LINE
  5
8BF
330
1A
100
AcDbEntity
  8
BLACK
  6
CONTINUOUS
100
AcDbLine
 10
-0.6391235826771653
 20
3.7326536614173227
 30
0
 11
-0.6396562598425197
 21
3.7331863385826769
 31
0
  0
LINE
  5
8C0
330
1A
100
AcDbEntity
  8
BLACK
  6
CONTINUOUS
100
AcDbLine
 10
-0.6396562598425197
 20
3.7331863385826769
 30
0
 11
-0.6397311811023622
 21
3.7335629921259841
 31
0
  0
LINE
  5
8C1
330
1A
100
AcDbEntity
  8
BLACK
  6
CONTINUOUS
100
AcDbLine
 10
-0.6397311811023622
 20
3.7335629921259841
 30
0
 11
-0.6397311811023622
 21
3.8658464566929132
 31
0
  0
LINE
  5
8C2
330
1A
100
AcDbEntity
  8
BLACK
  6
CONTINUOUS
100
AcDbLine
 10
-0.6397311811023622
 20
3.8658464566929132
 30
0
 11
-0.6396562598425197
 21
3.8662231102362203
 31
0
  0
LINE
  5
8C3
330
1A
100
AcDbEntity
  8
BLACK
  6
CONTINUOUS
100
AcDbLine
 10
-0.6396562598425197
 20
3.8662231102362203
 30
0
 11
-0.6391235826771653
 21
3.8667557874015746
 31
0
  0
LINE
  5
8C4
330
1A
100
AcDbEntity
  8
BLACK
  6
CONTINUOUS
100
AcDbLine
 10
-0.6391235826771653
 20
3.8667557874015746
 30
0
 11
-0.6387469291338582
 21
3.8668307086614173
 31
0
  0
LINE
  5
8C5
330
1A
100
AcDbEntity
  8
BLACK
  6
CONTINUOUS
100
AcDbLine
 10
-0.6387469291338582
 20
3.8668307086614173
 30
0
 11
-0.563943779527559
 21
3.8668307086614173
 31
0
  0
LINE
  5
8C6
330
1A
100
AcDbEntity
  8
BLACK
  6
CONTINUOUS
100
AcDbLine
 10
-0.563943779527559
 20
3.8668307086614173
 30
0
 11
-0.563567125984252
 21
3.8667557874015746
 31
0
  0
LINE
  5
8C7
330
1A
100
AcDbEntity
  8
BLACK
  6
CONTINUOUS
100
AcDbLine
 10
-0.6377626771653543
 20
3.8648622047244094
 30
0
 11
-0.6377626771653543
 21
3.7345472440944882
 31
0
  0
LINE
  5
8C8
330
1A
100
AcDbEntity
  8
BLACK
  6
CONTINUOUS
100
AcDbLine
 10
-0.6377626771653543
 20
3.7345472440944882
 30
0
 11
-0.564928031496063
 21
3.7345472440944882
 31
0
  0
LINE
  5
8C9
330
1A
100
AcDbEntity
  8
BLACK
  6
CONTINUOUS
100
AcDbLine
 10
-0.564928031496063
 20
3.7345472440944882
 30
0
 11
-0.564928031496063
 21
3.8648622047244094
 31
0
  0
LINE
  5
8CA
330
1A
100
AcDbEntity
  8
BLACK
  6
CONTINUOUS
100
AcDbLine
 10
-0.564928031496063
 20
3.8648622047244094
 30
0
 11
-0.6377626771653543
 21
3.8648622047244094
 31
0
  0
LINE
  5
8CB
330
1A
100
AcDbEntity
  8
BLACK
  6
CONTINUOUS
100
AcDbLine
 10
0.1286033070866142
 20
3.8199764960629921
 30
0
 11
0.1291359842519685
 21
3.8194438188976378
 31
0
  0
LINE
  5
8CC
330
1A
100
AcDbEntity
  8
BLACK
  6
CONTINUOUS
100
AcDbLine
 10
0.1291359842519685
 20
3.8194438188976378
 30
0
 11
0.129210905511811
 21
3.8190671653543307
 31
0
  0
LINE
  5
8CD
330
1A
100
AcDbEntity
  8
BLACK
  6
CONTINUOUS
100
AcDbLine
 10
0.129210905511811
 20
3.8190671653543307
 30
0
 11
0.129210905511811
 21
3.7442640157480316
 31
0
  0
LINE
  5
8CE
330
1A
100
AcDbEntity
  8
BLACK
  6
CONTINUOUS
100
AcDbLine
 10
0.129210905511811
 20
3.7442640157480316
 30
0
 11
0.1291359842519685
 21
3.7438873622047244
 31
0
  0
LINE
  5
8CF
330
1A
100
AcDbEntity
  8
BLACK
  6
CONTINUOUS
100
AcDbLine
 10
0.1291359842519685
 20
3.7438873622047244
 30
0
 11
0.1286033070866142
 21
3.7433546850393702
 31
0
  0
LINE
  5
8D0
330
1A
100
AcDbEntity
  8
BLACK
  6
CONTINUOUS
100
AcDbLine
 10
0.1286033070866142
 20
3.7433546850393702
 30
0
 11
0.1282266535433071
 21
3.7432797637795274
 31
0
  0
LINE
  5
8D1
330
1A
100
AcDbEntity
  8
BLACK
  6
CONTINUOUS
100
AcDbLine
 10
0.1282266535433071
 20
3.7432797637795274
 30
0
 11
-0.004056811023622
 21
3.7432797637795274
 31
0
  0
LINE
  5
8D2
330
1A
100
AcDbEntity
  8
BLACK
  6
CONTINUOUS
100
AcDbLine
 10
-0.004056811023622
 20
3.7432797637795274
 30
0
 11
-0.0044334645669291
 21
3.7433546850393702
 31
0
  0
LINE
  5
8D3
330
1A
100
AcDbEntity
  8
BLACK
  6
CONTINUOUS
100
AcDbLine
 10
-0.0044334645669291
 20
3.7433546850393702
 30
0
 11
-0.0049661417322835
 21
3.7438873622047244
 31
0
  0
LINE
  5
8D4
330
1A
100
AcDbEntity
  8
BLACK
  6
CONTINUOUS
100
AcDbLine
 10
-0.0049661417322835
 20
3.7438873622047244
 30
0
 11
-0.005041062992126
 21
3.7442640157480316
 31
0
  0
LINE
  5
8D5
330
1A
100
AcDbEntity
  8
BLACK
  6
CONTINUOUS
100
AcDbLine
 10
-0.005041062992126
 20
3.7442640157480316
 30
0
 11
-0.005041062992126
 21
3.8190671653543307
 31
0
  0
LINE
  5
8D6
330
1A
100
AcDbEntity
  8
BLACK
  6
CONTINUOUS
100
AcDbLine
 10
-0.005041062992126
 20
3.8190671653543307
 30
0
 11
-0.0049661417322835
 21
3.8194438188976378
 31
0
  0
LINE
  5
8D7
330
1A
100
AcDbEntity
  8
BLACK
  6
CONTINUOUS
100
AcDbLine
 10
-0.0049661417322835
 20
3.8194438188976378
 30
0
 11
-0.0044334645669291
 21
3.8199764960629921
 31
0
  0
LINE
  5
8D8
330
1A
100
AcDbEntity
  8
BLACK
  6
CONTINUOUS
100
AcDbLine
 10
-0.0044334645669291
 20
3.8199764960629921
 30
0
 11
-0.004056811023622
 21
3.8200514173228344
 31
0
  0
LINE
  5
8D9
330
1A
100
AcDbEntity
  8
BLACK
  6
CONTINUOUS
100
AcDbLine
 10
-0.004056811023622
 20
3.8200514173228344
 30
0
 11
0.1282266535433071
 21
3.8200514173228344
 31
0
  0
LINE
  5
8DA
330
1A
100
AcDbEntity
  8
BLACK
  6
CONTINUOUS
100
AcDbLine
 10
0.1282266535433071
 20
3.8200514173228344
 30
0
 11
0.1286033070866142
 21
3.8199764960629921
 31
0
  0
LINE
  5
8DB
330
1A
100
AcDbEntity
  8
BLACK
  6
CONTINUOUS
100
AcDbLine
 10
-0.0030725590551181
 20
3.8180829133858265
 30
0
 11
-0.0030725590551181
 21
3.7452482677165353
 31
0
  0
LINE
  5
8DC
330
1A
100
AcDbEntity
  8
BLACK
  6
CONTINUOUS
100
AcDbLine
 10
-0.0030725590551181
 20
3.7452482677165353
 30
0
 11
0.1272424015748032
 21
3.7452482677165353
 31
0
  0
LINE
  5
8DD
330
1A
100
AcDbEntity
  8
BLACK
  6
CONTINUOUS
100
AcDbLine
 10
0.1272424015748032
 20
3.7452482677165353
 30
0
 11
0.1272424015748032
 21
3.8180829133858265
 31
0
  0
LINE
  5
8DE
330
1A
100
AcDbEntity
  8
BLACK
  6
CONTINUOUS
100
AcDbLine
 10
0.1272424015748032
 20
3.8180829133858265
 30
0
 11
-0.0030725590551181
 21
3.8180829133858265
 31
0
  0
LINE
  5
8DF
330
1A
100
AcDbEntity
  8
BLACK
  6
CONTINUOUS
100
AcDbLine
 10
1.2368265748031495
 20
3.948940866141732
 30
0
 11
1.2373592519685039
 21
3.9484081889763778
 31
0
  0
LINE
  5
8E0
330
1A
100
AcDbEntity
  8
BLACK
  6
CONTINUOUS
100
AcDbLine
 10
1.2373592519685039
 20
3.9484081889763778
 30
0
 11
1.2374341732283465
 21
3.9480315354330706
 31
0
  0
LINE
  5
8E1
330
1A
100
AcDbEntity
  8
BLACK
  6
CONTINUOUS
100
AcDbLine
 10
1.2374341732283465
 20
3.9480315354330706
 30
0
 11
1.2374341732283465
 21
3.7685039763779526
 31
0
  0
LINE
  5
8E2
330
1A
100
AcDbEntity
  8
BLACK
  6
CONTINUOUS
100
AcDbLine
 10
1.2374341732283465
 20
3.7685039763779526
 30
0
 11
1.2373592519685039
 21
3.7681273228346455
 31
0
  0
LINE
  5
8E3
330
1A
100
AcDbEntity
  8
BLACK
  6
CONTINUOUS
100
AcDbLine
 10
1.2373592519685039
 20
3.7681273228346455
 30
0
 11
1.2368265748031495
 21
3.7675946456692913
 31
0
  0
LINE
  5
8E4
330
1A
100
AcDbEntity
  8
BLACK
  6
CONTINUOUS
100
AcDbLine
 10
1.2368265748031495
 20
3.7675946456692913
 30
0
 11
1.2364499212598425
 21
3.7675197244094489
 31
0
  0
LINE
  5
8E5
330
1A
100
AcDbEntity
  8
BLACK
  6
CONTINUOUS
100
AcDbLine
 10
1.2364499212598425
 20
3.7675197244094489
 30
0
 11
1.1120404724409449
 21
3.7675197244094489
 31
0
  0
LINE
  5
8E6
330
1A
100
AcDbEntity
  8
BLACK
  6
CONTINUOUS
100
AcDbLine
 10
1.1120404724409449
 20
3.7675197244094489
 30
0
 11
1.1116638188976378
 21
3.7675946456692913
 31
0
  0
LINE
  5
8E7
330
1A
100
AcDbEntity
  8
BLACK
  6
CONTINUOUS
100
AcDbLine
 10
1.1116638188976378
 20
3.7675946456692913
 30
0
 11
1.1111311417322833
 21
3.7681273228346455
 31
0
  0
LINE
  5
8E8
330
1A
100
AcDbEntity
  8
BLACK
  6
CONTINUOUS
100
AcDbLine
 10
1.1111311417322833
 20
3.7681273228346455
 30
0
 11
1.111056220472441
 21
3.7685039763779526
 31
0
  0
LINE
  5
8E9
330
1A
100
AcDbEntity
  8
BLACK
  6
CONTINUOUS
100
AcDbLine
 10
1.111056220472441
 20
3.7685039763779526
 30
0
 11
1.111056220472441
 21
3.9480315354330706
 31
0
  0
LINE
  5
8EA
330
1A
100
AcDbEntity
  8
BLACK
  6
CONTINUOUS
100
AcDbLine
 10
1.111056220472441
 20
3.9480315354330706
 30
0
 11
1.1111311417322833
 21
3.9484081889763778
 31
0
  0
LINE
  5
8EB
330
1A
100
AcDbEntity
  8
BLACK
  6
CONTINUOUS
100
AcDbLine
 10
1.1111311417322833
 20
3.9484081889763778
 30
0
 11
1.1116638188976378
 21
3.948940866141732
 31
0
  0
LINE
  5
8EC
330
1A
100
AcDbEntity
  8
BLACK
  6
CONTINUOUS
100
AcDbLine
 10
1.1116638188976378
 20
3.948940866141732
 30
0
 11
1.1120404724409449
 21
3.9490157874015748
 31
0
  0
LINE
  5
8ED
330
1A
100
AcDbEntity
  8
BLACK
  6
CONTINUOUS
100
AcDbLine
 10
1.1120404724409449
 20
3.9490157874015748
 30
0
 11
1.2364499212598425
 21
3.9490157874015748
 31
0
  0
LINE
  5
8EE
330
1A
100
AcDbEntity
  8
BLACK
  6
CONTINUOUS
100
AcDbLine
 10
1.2364499212598425
 20
3.9490157874015748
 30
0
 11
1.2368265748031495
 21
3.948940866141732
 31
0
  0
LINE
  5
8EF
330
1A
100
AcDbEntity
  8
BLACK
  6
CONTINUOUS
100
AcDbLine
 10
1.1130247244094489
 20
3.9470472834645669
 30
0
 11
1.1130247244094489
 21
3.7694882283464568
 31
0
  0
LINE
  5
8F0
330
1A
100
AcDbEntity
  8
BLACK
  6
CONTINUOUS
100
AcDbLine
 10
1.1130247244094489
 20
3.7694882283464568
 30
0
 11
1.2354656692913386
 21
3.7694882283464568
 31
0
  0
LINE
  5
8F1
330
1A
100
AcDbEntity
  8
BLACK
  6
CONTINUOUS
100
AcDbLine
 10
1.2354656692913386
 20
3.7694882283464568
 30
0
 11
1.2354656692913386
 21
3.9470472834645669
 31
0
  0
LINE
  5
8F2
330
1A
100
AcDbEntity
  8
BLACK
  6
CONTINUOUS
100
AcDbLine
 10
1.2354656692913386
 20
3.9470472834645669
 30
0
 11
1.1130247244094489
 21
3.9470472834645669
 31
0
  0
LINE
  5
8F3
330
1A
100
AcDbEntity
  8
BLACK
  6
CONTINUOUS
100
AcDbLine
 10
-0.7515918897637796
 20
3.9950038188976378
 30
0
 11
-0.7510592125984252
 21
3.9944711417322836
 31
0
  0
LINE
  5
8F4
330
1A
100
AcDbEntity
  8
BLACK
  6
CONTINUOUS
100
AcDbLine
 10
-0.7510592125984252
 20
3.9944711417322836
 30
0
 11
-0.7509842913385827
 21
3.9940944881889764
 31
0
  0
LINE
  5
8F5
330
1A
100
AcDbEntity
  8
BLACK
  6
CONTINUOUS
100
AcDbLine
 10
-0.7509842913385827
 20
3.9940944881889764
 30
0
 11
-0.7509842913385827
 21
3.8956692913385824
 31
0
  0
LINE
  5
8F6
330
1A
100
AcDbEntity
  8
BLACK
  6
CONTINUOUS
100
AcDbLine
 10
-0.7509842913385827
 20
3.8956692913385824
 30
0
 11
-0.7510592125984252
 21
3.8952926377952757
 31
0
  0
LINE
  5
8F7
330
1A
100
AcDbEntity
  8
BLACK
  6
CONTINUOUS
100
AcDbLine
 10
-0.7510592125984252
 20
3.8952926377952757
 30
0
 11
-0.7515918897637796
 21
3.894759960629921
 31
0
  0
LINE
  5
8F8
330
1A
100
AcDbEntity
  8
BLACK
  6
CONTINUOUS
100
AcDbLine
 10
-0.7515918897637796
 20
3.894759960629921
 30
0
 11
-0.7519685433070866
 21
3.8946850393700787
 31
0
  0
LINE
  5
8F9
330
1A
100
AcDbEntity
  8
BLACK
  6
CONTINUOUS
100
AcDbLine
 10
-0.7519685433070866
 20
3.8946850393700787
 30
0
 11
-0.8818898031496063
 21
3.8946850393700787
 31
0
  0
LINE
  5
8FA
330
1A
100
AcDbEntity
  8
BLACK
  6
CONTINUOUS
100
AcDbLine
 10
-0.8818898031496063
 20
3.8946850393700787
 30
0
 11
-0.8822664566929134
 21
3.894759960629921
 31
0
  0
LINE
  5
8FB
330
1A
100
AcDbEntity
  8
BLACK
  6
CONTINUOUS
100
AcDbLine
 10
-0.8822664566929134
 20
3.894759960629921
 30
0
 11
-0.8827991338582677
 21
3.8952926377952757
 31
0
  0
LINE
  5
8FC
330
1A
100
AcDbEntity
  8
BLACK
  6
CONTINUOUS
100
AcDbLine
 10
-0.8827991338582677
 20
3.8952926377952757
 30
0
 11
-0.8828740551181102
 21
3.8956692913385824
 31
0
  0
LINE
  5
8FD
330
1A
100
AcDbEntity
  8
BLACK
  6
CONTINUOUS
100
AcDbLine
 10
-0.8828740551181102
 20
3.8956692913385824
 30
0
 11
-0.8828740551181102
 21
3.9940944881889764
 31
0
  0
LINE
  5
8FE
330
1A
100
AcDbEntity
  8
BLACK
  6
CONTINUOUS
100
AcDbLine
 10
-0.8828740551181102
 20
3.9940944881889764
 30
0
 11
-0.8827991338582677
 21
3.9944711417322836
 31
0
  0
LINE
  5
8FF
330
1A
100
AcDbEntity
  8
BLACK
  6
CONTINUOUS
100
AcDbLine
 10
-0.8827991338582677
 20
3.9944711417322836
 30
0
 11
-0.8822664566929134
 21
3.9950038188976378
 31
0
  0
LINE
  5
900
330
1A
100
AcDbEntity
  8
BLACK
  6
CONTINUOUS
100
AcDbLine
 10
-0.8822664566929134
 20
3.9950038188976378
 30
0
 11
-0.8818898031496063
 21
3.9950787401574801
 31
0
  0
LINE
  5
901
330
1A
100
AcDbEntity
  8
BLACK
  6
CONTINUOUS
100
AcDbLine
 10
-0.8818898031496063
 20
3.9950787401574801
 30
0
 11
-0.7519685433070866
 21
3.9950787401574801
 31
0
  0
LINE
  5
902
330
1A
100
AcDbEntity
  8
BLACK
  6
CONTINUOUS
100
AcDbLine
 10
-0.7519685433070866
 20
3.9950787401574801
 30
0
 11
-0.7515918897637796
 21
3.9950038188976378
 31
0
  0
LINE
  5
903
330
1A
100
AcDbEntity
  8
BLACK
  6
CONTINUOUS
100
AcDbLine
 10
-0.8809055511811024
 20
3.9931102362204722
 30
0
 11
-0.8809055511811024
 21
3.8966535433070866
 31
0
  0
LINE
  5
904
330
1A
100
AcDbEntity
  8
BLACK
  6
CONTINUOUS
100
AcDbLine
 10
-0.8809055511811024
 20
3.8966535433070866
 30
0
 11
-0.7529527952755906
 21
3.8966535433070866
 31
0
  0
LINE
  5
905
330
1A
100
AcDbEntity
  8
BLACK
  6
CONTINUOUS
100
AcDbLine
 10
-0.7529527952755906
 20
3.8966535433070866
 30
0
 11
-0.7529527952755906
 21
3.9931102362204722
 31
0
  0
LINE
  5
906
330
1A
100
AcDbEntity
  8
BLACK
  6
CONTINUOUS
100
AcDbLine
 10
-0.7529527952755906
 20
3.9931102362204722
 30
0
 11
-0.8809055511811024
 21
3.9931102362204722
 31
0
  0
LINE
  5
907
330
1A
100
AcDbEntity
  8
BLACK
  6
CONTINUOUS
100
AcDbLine
 10
0.7421883070866142
 20
4.2001097637795271
 30
0
 11
0.7425076377952756
 21
4.1998964173228348
 31
0
  0
LINE
  5
908
330
1A
100
AcDbEntity
  8
BLACK
  6
CONTINUOUS
100
AcDbLine
 10
0.7425076377952756
 20
4.1998964173228348
 30
0
 11
0.7954014566929134
 21
4.147002598425197
 31
0
  0
LINE
  5
909
330
1A
100
AcDbEntity
  8
BLACK
  6
CONTINUOUS
100
AcDbLine
 10
0.7954014566929134
 20
4.147002598425197
 30
0
 11
0.7956148031496063
 21
4.1466832677165355
 31
0
  0
LINE
  5
90A
330
1A
100
AcDbEntity
  8
BLACK
  6
CONTINUOUS
100
AcDbLine
 10
0.7956148031496063
 20
4.1466832677165355
 30
0
 11
0.7956148031496063
 21
4.1459299606299211
 31
0
  0
LINE
  5
90B
330
1A
100
AcDbEntity
  8
BLACK
  6
CONTINUOUS
100
AcDbLine
 10
0.7956148031496063
 20
4.1459299606299211
 30
0
 11
0.7954014173228346
 21
4.1456106299212596
 31
0
  0
LINE
  5
90C
330
1A
100
AcDbEntity
  8
BLACK
  6
CONTINUOUS
100
AcDbLine
 10
0.7954014173228346
 20
4.1456106299212596
 30
0
 11
0.7018629133858267
 21
4.0520720866141735
 31
0
  0
LINE
  5
90D
330
1A
100
AcDbEntity
  8
BLACK
  6
CONTINUOUS
100
AcDbLine
 10
0.7018629133858267
 20
4.0520720866141735
 30
0
 11
0.7015435826771653
 21
4.0518587401574804
 31
0
  0
LINE
  5
90E
330
1A
100
AcDbEntity
  8
BLACK
  6
CONTINUOUS
100
AcDbLine
 10
0.7015435826771653
 20
4.0518587401574804
 30
0
 11
0.7007902755905512
 21
4.0518587401574804
 31
0
  0
LINE
  5
90F
330
1A
100
AcDbEntity
  8
BLACK
  6
CONTINUOUS
100
AcDbLine
 10
0.7007902755905512
 20
4.0518587401574804
 30
0
 11
0.7004709448818898
 21
4.0520720866141735
 31
0
  0
LINE
  5
910
330
1A
100
AcDbEntity
  8
BLACK
  6
CONTINUOUS
100
AcDbLine
 10
0.7004709448818898
 20
4.0520720866141735
 30
0
 11
0.647577125984252
 21
4.1049659055118113
 31
0
  0
LINE
  5
911
330
1A
100
AcDbEntity
  8
BLACK
  6
CONTINUOUS
100
AcDbLine
 10
0.647577125984252
 20
4.1049659055118113
 30
0
 11
0.6473637795275591
 21
4.1052852362204719
 31
0
  0
LINE
  5
912
330
1A
100
AcDbEntity
  8
BLACK
  6
CONTINUOUS
100
AcDbLine
 10
0.6473637795275591
 20
4.1052852362204719
 30
0
 11
0.6473637795275591
 21
4.1060385433070863
 31
0
  0
LINE
  5
913
330
1A
100
AcDbEntity
  8
BLACK
  6
CONTINUOUS
100
AcDbLine
 10
0.6473637795275591
 20
4.1060385433070863
 30
0
 11
0.647577125984252
 21
4.1063578740157478
 31
0
  0
LINE
  5
914
330
1A
100
AcDbEntity
  8
BLACK
  6
CONTINUOUS
100
AcDbLine
 10
0.647577125984252
 20
4.1063578740157478
 30
0
 11
0.7411156692913385
 21
4.1998963779527561
 31
0
  0
LINE
  5
915
330
1A
100
AcDbEntity
  8
BLACK
  6
CONTINUOUS
100
AcDbLine
 10
0.7411156692913385
 20
4.1998963779527561
 30
0
 11
0.741435
 21
4.2001097637795271
 31
0
  0
LINE
  5
916
330
1A
100
AcDbEntity
  8
BLACK
  6
CONTINUOUS
100
AcDbLine
 10
0.741435
 20
4.2001097637795271
 30
0
 11
0.7421883070866142
 21
4.2001097637795271
 31
0
  0
LINE
  5
917
330
1A
100
AcDbEntity
  8
BLACK
  6
CONTINUOUS
100
AcDbLine
 10
0.6496650393700787
 20
4.1056619291338583
 30
0
 11
0.7011669291338583
 21
4.0541600393700783
 31
0
  0
LINE
  5
918
330
1A
100
AcDbEntity
  8
BLACK
  6
CONTINUOUS
100
AcDbLine
 10
0.7011669291338583
 20
4.0541600393700783
 30
0
 11
0.7933135039370078
 21
4.1463066141732279
 31
0
  0
LINE
  5
919
330
1A
100
AcDbEntity
  8
BLACK
  6
CONTINUOUS
100
AcDbLine
 10
0.7933135039370078
 20
4.1463066141732279
 30
0
 11
0.7418116141732284
 21
4.1978085039370079
 31
0
  0
LINE
  5
91A
330
1A
100
AcDbEntity
  8
BLACK
  6
CONTINUOUS
100
AcDbLine
 10
0.7418116141732284
 20
4.1978085039370079
 30
0
 11
0.6496650393700787
 21
4.1056619291338583
 31
0
  0
LINE
  5
91B
330
1A
100
AcDbEntity
  8
BLACK
  6
CONTINUOUS
100
AcDbLine
 10
0.548502125984252
 20
4.19812311023622
 30
0
 11
0.5490348031496063
 21
4.1975904330708662
 31
0
  0
LINE
  5
91C
330
1A
100
AcDbEntity
  8
BLACK
  6
CONTINUOUS
100
AcDbLine
 10
0.5490348031496063
 20
4.1975904330708662
 30
0
 11
0.5491097244094488
 21
4.1972137795275586
 31
0
  0
LINE
  5
91D
330
1A
100
AcDbEntity
  8
BLACK
  6
CONTINUOUS
100
AcDbLine
 10
0.5491097244094488
 20
4.1972137795275586
 30
0
 11
0.5491097244094488
 21
4.0633555118110234
 31
0
  0
LINE
  5
91E
330
1A
100
AcDbEntity
  8
BLACK
  6
CONTINUOUS
100
AcDbLine
 10
0.5491097244094488
 20
4.0633555118110234
 30
0
 11
0.5490348031496063
 21
4.0629788582677167
 31
0
  0
LINE
  5
91F
330
1A
100
AcDbEntity
  8
BLACK
  6
CONTINUOUS
100
AcDbLine
 10
0.5490348031496063
 20
4.0629788582677167
 30
0
 11
0.548502125984252
 21
4.062446181102362
 31
0
  0
LINE
  5
920
330
1A
100
AcDbEntity
  8
BLACK
  6
CONTINUOUS
100
AcDbLine
 10
0.548502125984252
 20
4.062446181102362
 30
0
 11
0.5481254724409449
 21
4.0623712598425197
 31
0
  0
LINE
  5
921
330
1A
100
AcDbEntity
  8
BLACK
  6
CONTINUOUS
100
AcDbLine
 10
0.5481254724409449
 20
4.0623712598425197
 30
0
 11
0.4709601181102362
 21
4.0623712598425197
 31
0
  0
LINE
  5
922
330
1A
100
AcDbEntity
  8
BLACK
  6
CONTINUOUS
100
AcDbLine
 10
0.4709601181102362
 20
4.0623712598425197
 30
0
 11
0.4705834645669291
 21
4.062446181102362
 31
0
  0
LINE
  5
923
330
1A
100
AcDbEntity
  8
BLACK
  6
CONTINUOUS
100
AcDbLine
 10
0.4705834645669291
 20
4.062446181102362
 30
0
 11
0.4700507874015748
 21
4.0629788582677167
 31
0
  0
LINE
  5
924
330
1A
100
AcDbEntity
  8
BLACK
  6
CONTINUOUS
100
AcDbLine
 10
0.4700507874015748
 20
4.0629788582677167
 30
0
 11
0.4699758661417323
 21
4.0633555118110234
 31
0
  0
LINE
  5
925
330
1A
100
AcDbEntity
  8
BLACK
  6
CONTINUOUS
100
AcDbLine
 10
0.4699758661417323
 20
4.0633555118110234
 30
0
 11
0.4699758661417323
 21
4.1972137795275586
 31
0
  0
LINE
  5
926
330
1A
100
AcDbEntity
  8
BLACK
  6
CONTINUOUS
100
AcDbLine
 10
0.4699758661417323
 20
4.1972137795275586
 30
0
 11
0.4700507874015748
 21
4.1975904330708662
 31
0
  0
LINE
  5
927
330
1A
100
AcDbEntity
  8
BLACK
  6
CONTINUOUS
100
AcDbLine
 10
0.4700507874015748
 20
4.1975904330708662
 30
0
 11
0.4705834645669291
 21
4.19812311023622
 31
0
  0
LINE
  5
928
330
1A
100
AcDbEntity
  8
BLACK
  6
CONTINUOUS
100
AcDbLine
 10
0.4705834645669291
 20
4.19812311023622
 30
0
 11
0.4709601181102362
 21
4.1981980314960632
 31
0
  0
LINE
  5
929
330
1A
100
AcDbEntity
  8
BLACK
  6
CONTINUOUS
100
AcDbLine
 10
0.4709601181102362
 20
4.1981980314960632
 30
0
 11
0.5481254724409449
 21
4.1981980314960632
 31
0
  0
LINE
  5
92A
330
1A
100
AcDbEntity
  8
BLACK
  6
CONTINUOUS
100
AcDbLine
 10
0.5481254724409449
 20
4.1981980314960632
 30
0
 11
0.548502125984252
 21
4.19812311023622
 31
0
  0
LINE
  5
92B
330
1A
100
AcDbEntity
  8
BLACK
  6
CONTINUOUS
100
AcDbLine
 10
0.4719443700787401
 20
4.1962295275590549
 30
0
 11
0.4719443700787401
 21
4.0643397637795271
 31
0
  0
LINE
  5
92C
330
1A
100
AcDbEntity
  8
BLACK
  6
CONTINUOUS
100
AcDbLine
 10
0.4719443700787401
 20
4.0643397637795271
 30
0
 11
0.547141220472441
 21
4.0643397637795271
 31
0
  0
LINE
  5
92D
330
1A
100
AcDbEntity
  8
BLACK
  6
CONTINUOUS
100
AcDbLine
 10
0.547141220472441
 20
4.0643397637795271
 30
0
 11
0.547141220472441
 21
4.1962295275590549
 31
0
  0
LINE
  5
92E
330
1A
100
AcDbEntity
  8
BLACK
  6
CONTINUOUS
100
AcDbLine
 10
0.547141220472441
 20
4.1962295275590549
 30
0
 11
0.4719443700787401
 21
4.1962295275590549
 31
0
  0
LINE
  5
92F
330
1A
100
AcDbEntity
  8
BLACK
  6
CONTINUOUS
100
AcDbLine
 10
0.467928937007874
 20
4.1969723228346458
 30
0
 11
0.4684616141732283
 21
4.1964396456692912
 31
0
  0
LINE
  5
930
330
1A
100
AcDbEntity
  8
BLACK
  6
CONTINUOUS
100
AcDbLine
 10
0.4684616141732283
 20
4.1964396456692912
 30
0
 11
0.4685365354330708
 21
4.1960629921259844
 31
0
  0
LINE
  5
931
330
1A
100
AcDbEntity
  8
BLACK
  6
CONTINUOUS
100
AcDbLine
 10
0.4685365354330708
 20
4.1960629921259844
 30
0
 11
0.4685365354330708
 21
4.0637795275590554
 31
0
  0
LINE
  5
932
330
1A
100
AcDbEntity
  8
BLACK
  6
CONTINUOUS
100
AcDbLine
 10
0.4685365354330708
 20
4.0637795275590554
 30
0
 11
0.4684616141732283
 21
4.0634028740157477
 31
0
  0
LINE
  5
933
330
1A
100
AcDbEntity
  8
BLACK
  6
CONTINUOUS
100
AcDbLine
 10
0.4684616141732283
 20
4.0634028740157477
 30
0
 11
0.467928937007874
 21
4.062870196850394
 31
0
  0
LINE
  5
934
330
1A
100
AcDbEntity
  8
BLACK
  6
CONTINUOUS
100
AcDbLine
 10
0.467928937007874
 20
4.062870196850394
 30
0
 11
0.4675522834645669
 21
4.0627952755905508
 31
0
  0
LINE
  5
935
330
1A
100
AcDbEntity
  8
BLACK
  6
CONTINUOUS
100
AcDbLine
 10
0.4675522834645669
 20
4.0627952755905508
 30
0
 11
0.3927491338582677
 21
4.0627952755905508
 31
0
  0
LINE
  5
936
330
1A
100
AcDbEntity
  8
BLACK
  6
CONTINUOUS
100
AcDbLine
 10
0.3927491338582677
 20
4.0627952755905508
 30
0
 11
0.3923724803149606
 21
4.062870196850394
 31
0
  0
LINE
  5
937
330
1A
100
AcDbEntity
  8
BLACK
  6
CONTINUOUS
100
AcDbLine
 10
0.3923724803149606
 20
4.062870196850394
 30
0
 11
0.3918398031496063
 21
4.0634028740157477
 31
0
  0
LINE
  5
938
330
1A
100
AcDbEntity
  8
BLACK
  6
CONTINUOUS
100
AcDbLine
 10
0.3918398031496063
 20
4.0634028740157477
 30
0
 11
0.3917648818897638
 21
4.0637795275590554
 31
0
  0
LINE
  5
939
330
1A
100
AcDbEntity
  8
BLACK
  6
CONTINUOUS
100
AcDbLine
 10
0.3917648818897638
 20
4.0637795275590554
 30
0
 11
0.3917648818897638
 21
4.1960629921259844
 31
0
  0
LINE
  5
93A
330
1A
100
AcDbEntity
  8
BLACK
  6
CONTINUOUS
100
AcDbLine
 10
0.3917648818897638
 20
4.1960629921259844
 30
0
 11
0.3918398031496063
 21
4.1964396456692912
 31
0
  0
LINE
  5
93B
330
1A
100
AcDbEntity
  8
BLACK
  6
CONTINUOUS
100
AcDbLine
 10
0.3918398031496063
 20
4.1964396456692912
 30
0
 11
0.3923724803149606
 21
4.1969723228346458
 31
0
  0
LINE
  5
93C
330
1A
100
AcDbEntity
  8
BLACK
  6
CONTINUOUS
100
AcDbLine
 10
0.3923724803149606
 20
4.1969723228346458
 30
0
 11
0.3927491338582677
 21
4.1970472440944881
 31
0
  0
LINE
  5
93D
330
1A
100
AcDbEntity
  8
BLACK
  6
CONTINUOUS
100
AcDbLine
 10
0.3927491338582677
 20
4.1970472440944881
 30
0
 11
0.4675522834645669
 21
4.1970472440944881
 31
0
  0
LINE
  5
93E
330
1A
100
AcDbEntity
  8
BLACK
  6
CONTINUOUS
100
AcDbLine
 10
0.4675522834645669
 20
4.1970472440944881
 30
0
 11
0.467928937007874
 21
4.1969723228346458
 31
0
  0
LINE
  5
93F
330
1A
100
AcDbEntity
  8
BLACK
  6
CONTINUOUS
100
AcDbLine
 10
0.3937333858267716
 20
4.1950787401574798
 30
0
 11
0.3937333858267716
 21
4.0647637795275591
 31
0
  0
LINE
  5
940
330
1A
100
AcDbEntity
  8
BLACK
  6
CONTINUOUS
100
AcDbLine
 10
0.3937333858267716
 20
4.0647637795275591
 30
0
 11
0.466568031496063
 21
4.0647637795275591
 31
0
  0
LINE
  5
941
330
1A
100
AcDbEntity
  8
BLACK
  6
CONTINUOUS
100
AcDbLine
 10
0.466568031496063
 20
4.0647637795275591
 30
0
 11
0.466568031496063
 21
4.1950787401574798
 31
0
  0
LINE
  5
942
330
1A
100
AcDbEntity
  8
BLACK
  6
CONTINUOUS
100
AcDbLine
 10
0.466568031496063
 20
4.1950787401574798
 30
0
 11
0.3937333858267716
 21
4.1950787401574798
 31
0
  0
LINE
  5
943
330
1A
100
AcDbEntity
  8
BLACK
  6
CONTINUOUS
100
AcDbLine
 10
0.6802387401574803
 20
4.2562704330708661
 30
0
 11
0.6805580708661417
 21
4.2560570866141729
 31
0
  0
LINE
  5
944
330
1A
100
AcDbEntity
  8
BLACK
  6
CONTINUOUS
100
AcDbLine
 10
0.6805580708661417
 20
4.2560570866141729
 30
0
 11
0.7334518897637795
 21
4.2031632677165351
 31
0
  0
LINE
  5
945
330
1A
100
AcDbEntity
  8
BLACK
  6
CONTINUOUS
100
AcDbLine
 10
0.7334518897637795
 20
4.2031632677165351
 30
0
 11
0.7336652362204724
 21
4.2028439370078736
 31
0
  0
LINE
  5
946
330
1A
100
AcDbEntity
  8
BLACK
  6
CONTINUOUS
100
AcDbLine
 10
0.7336652362204724
 20
4.2028439370078736
 30
0
 11
0.7336652362204724
 21
4.2020906299212601
 31
0
  0
LINE
  5
947
330
1A
100
AcDbEntity
  8
BLACK
  6
CONTINUOUS
100
AcDbLine
 10
0.7336652362204724
 20
4.2020906299212601
 30
0
 11
0.7334518503937008
 21
4.2017712992125986
 31
0
  0
LINE
  5
948
330
1A
100
AcDbEntity
  8
BLACK
  6
CONTINUOUS
100
AcDbLine
 10
0.7334518503937008
 20
4.2017712992125986
 30
0
 11
0.6399133464566928
 21
4.1082327559055116
 31
0
  0
LINE
  5
949
330
1A
100
AcDbEntity
  8
BLACK
  6
CONTINUOUS
100
AcDbLine
 10
0.6399133464566928
 20
4.1082327559055116
 30
0
 11
0.6395940157480314
 21
4.1080194094488185
 31
0
  0
LINE
  5
94A
330
1A
100
AcDbEntity
  8
BLACK
  6
CONTINUOUS
100
AcDbLine
 10
0.6395940157480314
 20
4.1080194094488185
 30
0
 11
0.6388407086614173
 21
4.1080194094488185
 31
0
  0
LINE
  5
94B
330
1A
100
AcDbEntity
  8
BLACK
  6
CONTINUOUS
100
AcDbLine
 10
0.6388407086614173
 20
4.1080194094488185
 30
0
 11
0.6385213779527559
 21
4.1082327559055116
 31
0
  0
LINE
  5
94C
330
1A
100
AcDbEntity
  8
BLACK
  6
CONTINUOUS
100
AcDbLine
 10
0.6385213779527559
 20
4.1082327559055116
 30
0
 11
0.5856275590551181
 21
4.1611265748031494
 31
0
  0
LINE
  5
94D
330
1A
100
AcDbEntity
  8
BLACK
  6
CONTINUOUS
100
AcDbLine
 10
0.5856275590551181
 20
4.1611265748031494
 30
0
 11
0.5854142125984252
 21
4.1614459055118109
 31
0
  0
LINE
  5
94E
330
1A
100
AcDbEntity
  8
BLACK
  6
CONTINUOUS
100
AcDbLine
 10
0.5854142125984252
 20
4.1614459055118109
 30
0
 11
0.5854142125984252
 21
4.1621992125984253
 31
0
  0
LINE
  5
94F
330
1A
100
AcDbEntity
  8
BLACK
  6
CONTINUOUS
100
AcDbLine
 10
0.5854142125984252
 20
4.1621992125984253
 30
0
 11
0.5856275590551181
 21
4.1625185433070868
 31
0
  0
LINE
  5
950
330
1A
100
AcDbEntity
  8
BLACK
  6
CONTINUOUS
100
AcDbLine
 10
0.5856275590551181
 20
4.1625185433070868
 30
0
 11
0.6791661023622048
 21
4.2560570472440942
 31
0
  0
LINE
  5
951
330
1A
100
AcDbEntity
  8
BLACK
  6
CONTINUOUS
100
AcDbLine
 10
0.6791661023622048
 20
4.2560570472440942
 30
0
 11
0.6794854330708662
 21
4.2562704330708661
 31
0
  0
LINE
  5
952
330
1A
100
AcDbEntity
  8
BLACK
  6
CONTINUOUS
100
AcDbLine
 10
0.6794854330708662
 20
4.2562704330708661
 30
0
 11
0.6802387401574803
 21
4.2562704330708661
 31
0
  0
LINE
  5
953
330
1A
100
AcDbEntity
  8
BLACK
  6
CONTINUOUS
100
AcDbLine
 10
0.5877154724409449
 20
4.1618225984251964
 30
0
 11
0.6392173622047244
 21
4.1103207086614173
 31
0
  0
LINE
  5
954
330
1A
100
AcDbEntity
  8
BLACK
  6
CONTINUOUS
100
AcDbLine
 10
0.6392173622047244
 20
4.1103207086614173
 30
0
 11
0.7313639370078741
 21
4.2024672834645669
 31
0
  0
LINE
  5
955
330
1A
100
AcDbEntity
  8
BLACK
  6
CONTINUOUS
100
AcDbLine
 10
0.7313639370078741
 20
4.2024672834645669
 30
0
 11
0.6798620472440945
 21
4.253969173228346
 31
0
  0
LINE
  5
956
330
1A
100
AcDbEntity
  8
BLACK
  6
CONTINUOUS
100
AcDbLine
 10
0.6798620472440945
 20
4.253969173228346
 30
0
 11
0.5877154724409449
 21
4.1618225984251964
 31
0
  0
LINE
  5
957
330
1A
100
AcDbEntity
  8
BLACK
  6
CONTINUOUS
100
AcDbLine
 10
0.3687163385826772
 20
4.1887046062992122
 30
0
 11
0.3692490157480315
 21
4.1881719291338584
 31
0
  0
LINE
  5
958
330
1A
100
AcDbEntity
  8
BLACK
  6
CONTINUOUS
100
AcDbLine
 10
0.3692490157480315
 20
4.1881719291338584
 30
0
 11
0.369323937007874
 21
4.1877952755905508
 31
0
  0
LINE
  5
959
330
1A
100
AcDbEntity
  8
BLACK
  6
CONTINUOUS
100
AcDbLine
 10
0.369323937007874
 20
4.1877952755905508
 30
0
 11
0.369323937007874
 21
4.150787401574803
 31
0
  0
LINE
  5
95A
330
1A
100
AcDbEntity
  8
BLACK
  6
CONTINUOUS
100
AcDbLine
 10
0.369323937007874
 20
4.150787401574803
 30
0
 11
0.3692490157480315
 21
4.1504107480314962
 31
0
  0
LINE
  5
95B
330
1A
100
AcDbEntity
  8
BLACK
  6
CONTINUOUS
100
AcDbLine
 10
0.3692490157480315
 20
4.1504107480314962
 30
0
 11
0.3687163385826772
 21
4.1498780708661416
 31
0
  0
LINE
  5
95C
330
1A
100
AcDbEntity
  8
BLACK
  6
CONTINUOUS
100
AcDbLine
 10
0.3687163385826772
 20
4.1498780708661416
 30
0
 11
0.3683396850393701
 21
4.1498031496062993
 31
0
  0
LINE
  5
95D
330
1A
100
AcDbEntity
  8
BLACK
  6
CONTINUOUS
100
AcDbLine
 10
0.3683396850393701
 20
4.1498031496062993
 30
0
 11
0.2951113385826772
 21
4.1498031496062993
 31
0
  0
LINE
  5
95E
330
1A
100
AcDbEntity
  8
BLACK
  6
CONTINUOUS
100
AcDbLine
 10
0.2951113385826772
 20
4.1498031496062993
 30
0
 11
0.2947346850393701
 21
4.1498780708661416
 31
0
  0
LINE
  5
95F
330
1A
100
AcDbEntity
  8
BLACK
  6
CONTINUOUS
100
AcDbLine
 10
0.2947346850393701
 20
4.1498780708661416
 30
0
 11
0.2942020078740157
 21
4.1504107480314962
 31
0
  0
LINE
  5
960
330
1A
100
AcDbEntity
  8
BLACK
  6
CONTINUOUS
100
AcDbLine
 10
0.2942020078740157
 20
4.1504107480314962
 30
0
 11
0.2941270866141732
 21
4.150787401574803
 31
0
  0
LINE
  5
961
330
1A
100
AcDbEntity
  8
BLACK
  6
CONTINUOUS
100
AcDbLine
 10
0.2941270866141732
 20
4.150787401574803
 30
0
 11
0.2941270866141732
 21
4.1877952755905508
 31
0
  0
LINE
  5
962
330
1A
100
AcDbEntity
  8
BLACK
  6
CONTINUOUS
100
AcDbLine
 10
0.2941270866141732
 20
4.1877952755905508
 30
0
 11
0.2942020078740157
 21
4.1881719291338584
 31
0
  0
LINE
  5
963
330
1A
100
AcDbEntity
  8
BLACK
  6
CONTINUOUS
100
AcDbLine
 10
0.2942020078740157
 20
4.1881719291338584
 30
0
 11
0.2947346850393701
 21
4.1887046062992122
 31
0
  0
LINE
  5
964
330
1A
100
AcDbEntity
  8
BLACK
  6
CONTINUOUS
100
AcDbLine
 10
0.2947346850393701
 20
4.1887046062992122
 30
0
 11
0.2951113385826772
 21
4.1887795275590554
 31
0
  0
LINE
  5
965
330
1A
100
AcDbEntity
  8
BLACK
  6
CONTINUOUS
100
AcDbLine
 10
0.2951113385826772
 20
4.1887795275590554
 30
0
 11
0.3683396850393701
 21
4.1887795275590554
 31
0
  0
LINE
  5
966
330
1A
100
AcDbEntity
  8
BLACK
  6
CONTINUOUS
100
AcDbLine
 10
0.3683396850393701
 20
4.1887795275590554
 30
0
 11
0.3687163385826772
 21
4.1887046062992122
 31
0
  0
LINE
  5
967
330
1A
100
AcDbEntity
  8
BLACK
  6
CONTINUOUS
100
AcDbLine
 10
0.2960955905511811
 20
4.186811023622047
 30
0
 11
0.2960955905511811
 21
4.1517716535433067
 31
0
  0
LINE
  5
968
330
1A
100
AcDbEntity
  8
BLACK
  6
CONTINUOUS
100
AcDbLine
 10
0.2960955905511811
 20
4.1517716535433067
 30
0
 11
0.3673554330708662
 21
4.1517716535433067
 31
0
  0
LINE
  5
969
330
1A
100
AcDbEntity
  8
BLACK
  6
CONTINUOUS
100
AcDbLine
 10
0.3673554330708662
 20
4.1517716535433067
 30
0
 11
0.3673554330708662
 21
4.186811023622047
 31
0
  0
LINE
  5
96A
330
1A
100
AcDbEntity
  8
BLACK
  6
CONTINUOUS
100
AcDbLine
 10
0.3673554330708662
 20
4.186811023622047
 30
0
 11
0.2960955905511811
 21
4.186811023622047
 31
0
  0
LINE
  5
96B
330
1A
100
AcDbEntity
  8
BLACK
  6
CONTINUOUS
100
AcDbLine
 10
1.0070695669291339
 20
4.6729565748031492
 30
0
 11
1.0076022440944881
 21
4.6724238976377954
 31
0
  0
LINE
  5
96C
330
1A
100
AcDbEntity
  8
BLACK
  6
CONTINUOUS
100
AcDbLine
 10
1.0076022440944881
 20
4.6724238976377954
 30
0
 11
1.0076771653543306
 21
4.6720472440944878
 31
0
  0
LINE
  5
96D
330
1A
100
AcDbEntity
  8
BLACK
  6
CONTINUOUS
100
AcDbLine
 10
1.0076771653543306
 20
4.6720472440944878
 30
0
 11
1.0076771653543306
 21
4.4322834645669289
 31
0
  0
LINE
  5
96E
330
1A
100
AcDbEntity
  8
BLACK
  6
CONTINUOUS
100
AcDbLine
 10
1.0076771653543306
 20
4.4322834645669289
 30
0
 11
1.0076022440944881
 21
4.4319068110236222
 31
0
  0
LINE
  5
96F
330
1A
100
AcDbEntity
  8
BLACK
  6
CONTINUOUS
100
AcDbLine
 10
1.0076022440944881
 20
4.4319068110236222
 30
0
 11
1.0070695669291339
 21
4.4313741338582675
 31
0
  0
LINE
  5
970
330
1A
100
AcDbEntity
  8
BLACK
  6
CONTINUOUS
100
AcDbLine
 10
1.0070695669291339
 20
4.4313741338582675
 30
0
 11
1.0066929133858267
 21
4.4312992125984252
 31
0
  0
LINE
  5
971
330
1A
100
AcDbEntity
  8
BLACK
  6
CONTINUOUS
100
AcDbLine
 10
1.0066929133858267
 20
4.4312992125984252
 30
0
 11
0.8533464960629921
 21
4.4312992125984252
 31
0
  0
LINE
  5
972
330
1A
100
AcDbEntity
  8
BLACK
  6
CONTINUOUS
100
AcDbLine
 10
0.8533464960629921
 20
4.4312992125984252
 30
0
 11
0.8533464960629921
 21
4.3941929527559056
 31
0
  0
LINE
  5
973
330
1A
100
AcDbEntity
  8
BLACK
  6
CONTINUOUS
100
AcDbLine
 10
0.8533464960629921
 20
4.3941929527559056
 30
0
 11
0.8602362598425196
 21
4.3941929527559056
 31
0
  0
LINE
  5
974
330
1A
100
AcDbEntity
  8
BLACK
  6
CONTINUOUS
100
AcDbLine
 10
0.8602362598425196
 20
4.3941929527559056
 30
0
 11
0.8606129133858268
 21
4.3941180314960633
 31
0
  0
LINE
  5
975
330
1A
100
AcDbEntity
  8
BLACK
  6
CONTINUOUS
100
AcDbLine
 10
0.8606129133858268
 20
4.3941180314960633
 30
0
 11
0.8611455905511811
 21
4.3935853543307086
 31
0
  0
LINE
  5
976
330
1A
100
AcDbEntity
  8
BLACK
  6
CONTINUOUS
100
AcDbLine
 10
0.8611455905511811
 20
4.3935853543307086
 30
0
 11
0.8612205118110235
 21
4.3932087007874019
 31
0
  0
LINE
  5
977
330
1A
100
AcDbEntity
  8
BLACK
  6
CONTINUOUS
100
AcDbLine
 10
0.8612205118110235
 20
4.3932087007874019
 30
0
 11
0.8612205118110235
 21
4.3105314566929129
 31
0
  0
LINE
  5
978
330
1A
100
AcDbEntity
  8
BLACK
  6
CONTINUOUS
100
AcDbLine
 10
0.8612205118110235
 20
4.3105314566929129
 30
0
 11
0.8611455905511811
 21
4.3101548425196849
 31
0
  0
LINE
  5
979
330
1A
100
AcDbEntity
  8
BLACK
  6
CONTINUOUS
100
AcDbLine
 10
0.8611455905511811
 20
4.3101548425196849
 30
0
 11
0.8611455905511811
 21
4.3101548031496062
 31
0
  0
LINE
  5
97A
330
1A
100
AcDbEntity
  8
BLACK
  6
CONTINUOUS
100
AcDbLine
 10
0.8611455905511811
 20
4.3101548031496062
 30
0
 11
0.8606129133858268
 21
4.3096221259842515
 31
0
  0
LINE
  5
97B
330
1A
100
AcDbEntity
  8
BLACK
  6
CONTINUOUS
100
AcDbLine
 10
0.8606129133858268
 20
4.3096221259842515
 30
0
 11
0.8602362598425196
 21
4.3095472047244092
 31
0
  0
LINE
  5
97C
330
1A
100
AcDbEntity
  8
BLACK
  6
CONTINUOUS
100
AcDbLine
 10
0.8602362598425196
 20
4.3095472047244092
 30
0
 11
0.8533464960629921
 21
4.309547244094488
 31
0
  0
LINE
  5
97D
330
1A
100
AcDbEntity
  8
BLACK
  6
CONTINUOUS
100
AcDbLine
 10
0.8533464960629921
 20
4.309547244094488
 30
0
 11
0.8533464960629921
 21
4.2711614173228343
 31
0
  0
LINE
  5
97E
330
1A
100
AcDbEntity
  8
BLACK
  6
CONTINUOUS
100
AcDbLine
 10
0.8533464960629921
 20
4.2711614173228343
 30
0
 11
0.8532715748031496
 21
4.2707847637795275
 31
0
  0
LINE
  5
97F
330
1A
100
AcDbEntity
  8
BLACK
  6
CONTINUOUS
100
AcDbLine
 10
0.8532715748031496
 20
4.2707847637795275
 30
0
 11
0.8527388976377952
 21
4.2702520866141729
 31
0
  0
LINE
  5
980
330
1A
100
AcDbEntity
  8
BLACK
  6
CONTINUOUS
100
AcDbLine
 10
0.8527388976377952
 20
4.2702520866141729
 30
0
 11
0.8523622440944881
 21
4.2701771653543306
 31
0
  0
LINE
  5
981
330
1A
100
AcDbEntity
  8
BLACK
  6
CONTINUOUS
100
AcDbLine
 10
0.8523622440944881
 20
4.2701771653543306
 30
0
 11
0.7342520078740157
 21
4.2701771653543306
 31
0
  0
LINE
  5
982
330
1A
100
AcDbEntity
  8
BLACK
  6
CONTINUOUS
100
AcDbLine
 10
0.7342520078740157
 20
4.2701771653543306
 30
0
 11
0.7338753543307086
 21
4.2702520866141729
 31
0
  0
LINE
  5
983
330
1A
100
AcDbEntity
  8
BLACK
  6
CONTINUOUS
100
AcDbLine
 10
0.7338753543307086
 20
4.2702520866141729
 30
0
 11
0.7333426771653543
 21
4.2707847637795275
 31
0
  0
LINE
  5
984
330
1A
100
AcDbEntity
  8
BLACK
  6
CONTINUOUS
100
AcDbLine
 10
0.7333426771653543
 20
4.2707847637795275
 30
0
 11
0.7332677559055117
 21
4.2711614173228343
 31
0
  0
LINE
  5
985
330
1A
100
AcDbEntity
  8
BLACK
  6
CONTINUOUS
100
AcDbLine
 10
0.7332677559055117
 20
4.2711614173228343
 30
0
 11
0.7332677559055117
 21
4.309547244094488
 31
0
  0
LINE
  5
986
330
1A
100
AcDbEntity
  8
BLACK
  6
CONTINUOUS
100
AcDbLine
 10
0.7332677559055117
 20
4.309547244094488
 30
0
 11
0.7263779921259842
 21
4.3095472047244092
 31
0
  0
LINE
  5
987
330
1A
100
AcDbEntity
  8
BLACK
  6
CONTINUOUS
100
AcDbLine
 10
0.7263779921259842
 20
4.3095472047244092
 30
0
 11
0.7260013385826771
 21
4.3096221259842515
 31
0
  0
LINE
  5
988
330
1A
100
AcDbEntity
  8
BLACK
  6
CONTINUOUS
100
AcDbLine
 10
0.7260013385826771
 20
4.3096221259842515
 30
0
 11
0.7254686614173228
 21
4.3101548031496062
 31
0
  0
LINE
  5
989
330
1A
100
AcDbEntity
  8
BLACK
  6
CONTINUOUS
100
AcDbLine
 10
0.7254686614173228
 20
4.3101548031496062
 30
0
 11
0.7254686614173228
 21
4.3101548425196849
 31
0
  0
LINE
  5
98A
330
1A
100
AcDbEntity
  8
BLACK
  6
CONTINUOUS
100
AcDbLine
 10
0.7254686614173228
 20
4.3101548425196849
 30
0
 11
0.7253937401574803
 21
4.3105314566929129
 31
0
  0
LINE
  5
98B
330
1A
100
AcDbEntity
  8
BLACK
  6
CONTINUOUS
100
AcDbLine
 10
0.7253937401574803
 20
4.3105314566929129
 30
0
 11
0.7253937401574803
 21
4.3932087007874019
 31
0
  0
LINE
  5
98C
330
1A
100
AcDbEntity
  8
BLACK
  6
CONTINUOUS
100
AcDbLine
 10
0.7253937401574803
 20
4.3932087007874019
 30
0
 11
0.7254686614173228
 21
4.3935853543307086
 31
0
  0
LINE
  5
98D
330
1A
100
AcDbEntity
  8
BLACK
  6
CONTINUOUS
100
AcDbLine
 10
0.7254686614173228
 20
4.3935853543307086
 30
0
 11
0.7260013385826771
 21
4.3941180314960633
 31
0
  0
LINE
  5
98E
330
1A
100
AcDbEntity
  8
BLACK
  6
CONTINUOUS
100
AcDbLine
 10
0.7260013385826771
 20
4.3941180314960633
 30
0
 11
0.7263779921259842
 21
4.3941929527559056
 31
0
  0
LINE
  5
98F
330
1A
100
AcDbEntity
  8
BLACK
  6
CONTINUOUS
100
AcDbLine
 10
0.7263779921259842
 20
4.3941929527559056
 30
0
 11
0.7332677559055117
 21
4.3941929527559056
 31
0
  0
LINE
  5
990
330
1A
100
AcDbEntity
  8
BLACK
  6
CONTINUOUS
100
AcDbLine
 10
0.7332677559055117
 20
4.3941929527559056
 30
0
 11
0.7332677559055117
 21
4.4312992125984252
 31
0
  0
LINE
  5
991
330
1A
100
AcDbEntity
  8
BLACK
  6
CONTINUOUS
100
AcDbLine
 10
0.7332677559055117
 20
4.4312992125984252
 30
0
 11
0.4673228346456693
 21
4.4312992125984252
 31
0
  0
LINE
  5
992
330
1A
100
AcDbEntity
  8
BLACK
  6
CONTINUOUS
100
AcDbLine
 10
0.4673228346456693
 20
4.4312992125984252
 30
0
 11
0.4669461811023622
 21
4.4313741338582675
 31
0
  0
LINE
  5
993
330
1A
100
AcDbEntity
  8
BLACK
  6
CONTINUOUS
100
AcDbLine
 10
0.4669461811023622
 20
4.4313741338582675
 30
0
 11
0.4664135039370079
 21
4.4319068110236222
 31
0
  0
LINE
  5
994
330
1A
100
AcDbEntity
  8
BLACK
  6
CONTINUOUS
100
AcDbLine
 10
0.4664135039370079
 20
4.4319068110236222
 30
0
 11
0.4663385826771653
 21
4.4322834645669289
 31
0
  0
LINE
  5
995
330
1A
100
AcDbEntity
  8
BLACK
  6
CONTINUOUS
100
AcDbLine
 10
0.4663385826771653
 20
4.4322834645669289
 30
0
 11
0.4663385826771653
 21
4.6720472440944878
 31
0
  0
LINE
  5
996
330
1A
100
AcDbEntity
  8
BLACK
  6
CONTINUOUS
100
AcDbLine
 10
0.4663385826771653
 20
4.6720472440944878
 30
0
 11
0.4664135039370079
 21
4.6724238976377954
 31
0
  0
LINE
  5
997
330
1A
100
AcDbEntity
  8
BLACK
  6
CONTINUOUS
100
AcDbLine
 10
0.4664135039370079
 20
4.6724238976377954
 30
0
 11
0.4669461811023622
 21
4.6729565748031492
 31
0
  0
LINE
  5
998
330
1A
100
AcDbEntity
  8
BLACK
  6
CONTINUOUS
100
AcDbLine
 10
0.4669461811023622
 20
4.6729565748031492
 30
0
 11
0.4673228346456693
 21
4.6730314960629924
 31
0
  0
LINE
  5
999
330
1A
100
AcDbEntity
  8
BLACK
  6
CONTINUOUS
100
AcDbLine
 10
0.4673228346456693
 20
4.6730314960629924
 30
0
 11
1.0066929133858267
 21
4.6730314960629924
 31
0
  0
LINE
  5
99A
330
1A
100
AcDbEntity
  8
BLACK
  6
CONTINUOUS
100
AcDbLine
 10
1.0066929133858267
 20
4.6730314960629924
 30
0
 11
1.0070695669291339
 21
4.6729565748031492
 31
0
  0
LINE
  5
99B
330
1A
100
AcDbEntity
  8
BLACK
  6
CONTINUOUS
100
AcDbLine
 10
0.7352362598425197
 20
4.4312992125984252
 30
0
 11
0.7352362598425197
 21
4.3932086614173231
 31
0
  0
LINE
  5
99C
330
1A
100
AcDbEntity
  8
BLACK
  6
CONTINUOUS
100
AcDbLine
 10
0.7352362598425197
 20
4.3932086614173231
 30
0
 11
0.7351613385826772
 21
4.3928320472440943
 31
0
  0
LINE
  5
99D
330
1A
100
AcDbEntity
  8
BLACK
  6
CONTINUOUS
100
AcDbLine
 10
0.7351613385826772
 20
4.3928320472440943
 30
0
 11
0.7351613385826772
 21
4.3928320078740155
 31
0
  0
LINE
  5
99E
330
1A
100
AcDbEntity
  8
BLACK
  6
CONTINUOUS
100
AcDbLine
 10
0.7351613385826772
 20
4.3928320078740155
 30
0
 11
0.7346286614173229
 21
4.3922993307086617
 31
0
  0
LINE
  5
99F
330
1A
100
AcDbEntity
  8
BLACK
  6
CONTINUOUS
100
AcDbLine
 10
0.7346286614173229
 20
4.3922993307086617
 30
0
 11
0.7342520078740157
 21
4.3922244094488185
 31
0
  0
LINE
  5
9A0
330
1A
100
AcDbEntity
  8
BLACK
  6
CONTINUOUS
100
AcDbLine
 10
0.7342520078740157
 20
4.3922244094488185
 30
0
 11
0.7273622440944881
 21
4.3922244488188973
 31
0
  0
LINE
  5
9A1
330
1A
100
AcDbEntity
  8
BLACK
  6
CONTINUOUS
100
AcDbLine
 10
0.7273622440944881
 20
4.3922244488188973
 30
0
 11
0.7273622440944881
 21
4.3115157480314963
 31
0
  0
LINE
  5
9A2
330
1A
100
AcDbEntity
  8
BLACK
  6
CONTINUOUS
100
AcDbLine
 10
0.7273622440944881
 20
4.3115157480314963
 30
0
 11
0.7342520078740157
 21
4.3115157480314963
 31
0
  0
LINE
  5
9A3
330
1A
100
AcDbEntity
  8
BLACK
  6
CONTINUOUS
100
AcDbLine
 10
0.7342520078740157
 20
4.3115157480314963
 30
0
 11
0.7346286614173229
 21
4.3114408267716531
 31
0
  0
LINE
  5
9A4
330
1A
100
AcDbEntity
  8
BLACK
  6
CONTINUOUS
100
AcDbLine
 10
0.7346286614173229
 20
4.3114408267716531
 30
0
 11
0.7351613385826772
 21
4.3109081496062993
 31
0
  0
LINE
  5
9A5
330
1A
100
AcDbEntity
  8
BLACK
  6
CONTINUOUS
100
AcDbLine
 10
0.7351613385826772
 20
4.3109081496062993
 30
0
 11
0.7352362598425197
 21
4.3105314960629917
 31
0
  0
LINE
  5
9A6
330
1A
100
AcDbEntity
  8
BLACK
  6
CONTINUOUS
100
AcDbLine
 10
0.7352362598425197
 20
4.3105314960629917
 30
0
 11
0.7352362598425197
 21
4.2721456692913389
 31
0
  0
LINE
  5
9A7
330
1A
100
AcDbEntity
  8
BLACK
  6
CONTINUOUS
100
AcDbLine
 10
0.7352362598425197
 20
4.2721456692913389
 30
0
 11
0.8513779921259842
 21
4.2721456692913389
 31
0
  0
LINE
  5
9A8
330
1A
100
AcDbEntity
  8
BLACK
  6
CONTINUOUS
100
AcDbLine
 10
0.8513779921259842
 20
4.2721456692913389
 30
0
 11
0.8513779921259842
 21
4.3105314960629917
 31
0
  0
LINE
  5
9A9
330
1A
100
AcDbEntity
  8
BLACK
  6
CONTINUOUS
100
AcDbLine
 10
0.8513779921259842
 20
4.3105314960629917
 30
0
 11
0.8514529133858267
 21
4.3109081496062993
 31
0
  0
LINE
  5
9AA
330
1A
100
AcDbEntity
  8
BLACK
  6
CONTINUOUS
100
AcDbLine
 10
0.8514529133858267
 20
4.3109081496062993
 30
0
 11
0.8519855905511811
 21
4.3114408267716531
 31
0
  0
LINE
  5
9AB
330
1A
100
AcDbEntity
  8
BLACK
  6
CONTINUOUS
100
AcDbLine
 10
0.8519855905511811
 20
4.3114408267716531
 30
0
 11
0.8523622440944881
 21
4.3115157480314963
 31
0
  0
LINE
  5
9AC
330
1A
100
AcDbEntity
  8
BLACK
  6
CONTINUOUS
100
AcDbLine
 10
0.8523622440944881
 20
4.3115157480314963
 30
0
 11
0.8592520078740157
 21
4.3115157480314963
 31
0
  0
LINE
  5
9AD
330
1A
100
AcDbEntity
  8
BLACK
  6
CONTINUOUS
100
AcDbLine
 10
0.8592520078740157
 20
4.3115157480314963
 30
0
 11
0.8592520078740157
 21
4.3922244488188973
 31
0
  0
LINE
  5
9AE
330
1A
100
AcDbEntity
  8
BLACK
  6
CONTINUOUS
100
AcDbLine
 10
0.8592520078740157
 20
4.3922244488188973
 30
0
 11
0.8523622440944881
 21
4.3922244094488185
 31
0
  0
LINE
  5
9AF
330
1A
100
AcDbEntity
  8
BLACK
  6
CONTINUOUS
100
AcDbLine
 10
0.8523622440944881
 20
4.3922244094488185
 30
0
 11
0.8519855905511811
 21
4.3922993307086617
 31
0
  0
LINE
  5
9B0
330
1A
100
AcDbEntity
  8
BLACK
  6
CONTINUOUS
100
AcDbLine
 10
0.8519855905511811
 20
4.3922993307086617
 30
0
 11
0.8514529133858267
 21
4.3928320078740155
 31
0
  0
LINE
  5
9B1
330
1A
100
AcDbEntity
  8
BLACK
  6
CONTINUOUS
100
AcDbLine
 10
0.8514529133858267
 20
4.3928320078740155
 30
0
 11
0.8514529133858267
 21
4.3928320472440943
 31
0
  0
LINE
  5
9B2
330
1A
100
AcDbEntity
  8
BLACK
  6
CONTINUOUS
100
AcDbLine
 10
0.8514529133858267
 20
4.3928320472440943
 30
0
 11
0.8513779921259842
 21
4.3932086614173231
 31
0
  0
LINE
  5
9B3
330
1A
100
AcDbEntity
  8
BLACK
  6
CONTINUOUS
100
AcDbLine
 10
0.8513779921259842
 20
4.3932086614173231
 30
0
 11
0.8513779921259842
 21
4.4312992125984252
 31
0
  0
LINE
  5
9B4
330
1A
100
AcDbEntity
  8
BLACK
  6
CONTINUOUS
100
AcDbLine
 10
0.8513779921259842
 20
4.4312992125984252
 30
0
 11
0.7352362598425197
 21
4.4312992125984252
 31
0
  0
LINE
  5
9B5
330
1A
100
AcDbEntity
  8
BLACK
  6
CONTINUOUS
100
AcDbLine
 10
0.4683070866141732
 20
4.6710629921259841
 30
0
 11
0.4683070866141732
 21
4.4332677165354326
 31
0
  0
LINE
  5
9B6
330
1A
100
AcDbEntity
  8
BLACK
  6
CONTINUOUS
100
AcDbLine
 10
0.4683070866141732
 20
4.4332677165354326
 30
0
 11
0.7336549999999999
 21
4.4332677165354326
 31
0
  0
LINE
  5
9B7
330
1A
100
AcDbEntity
  8
BLACK
  6
CONTINUOUS
100
AcDbLine
 10
0.7336549999999999
 20
4.4332677165354326
 30
0
 11
0.7338753543307086
 21
4.4334880708661419
 31
0
  0
LINE
  5
9B8
330
1A
100
AcDbEntity
  8
BLACK
  6
CONTINUOUS
100
AcDbLine
 10
0.7338753543307086
 20
4.4334880708661419
 30
0
 11
0.7342520078740157
 21
4.4335629921259843
 31
0
  0
LINE
  5
9B9
330
1A
100
AcDbEntity
  8
BLACK
  6
CONTINUOUS
100
AcDbLine
 10
0.7342520078740157
 20
4.4335629921259843
 30
0
 11
0.8523622440944881
 21
4.4335629921259843
 31
0
  0
LINE
  5
9BA
330
1A
100
AcDbEntity
  8
BLACK
  6
CONTINUOUS
100
AcDbLine
 10
0.8523622440944881
 20
4.4335629921259843
 30
0
 11
0.8527388976377952
 21
4.4334880708661419
 31
0
  0
LINE
  5
9BB
330
1A
100
AcDbEntity
  8
BLACK
  6
CONTINUOUS
100
AcDbLine
 10
0.8527388976377952
 20
4.4334880708661419
 30
0
 11
0.852959251968504
 21
4.4332677165354326
 31
0
  0
LINE
  5
9BC
330
1A
100
AcDbEntity
  8
BLACK
  6
CONTINUOUS
100
AcDbLine
 10
0.852959251968504
 20
4.4332677165354326
 30
0
 11
1.0057086614173227
 21
4.4332677165354326
 31
0
  0
LINE
  5
9BD
330
1A
100
AcDbEntity
  8
BLACK
  6
CONTINUOUS
100
AcDbLine
 10
1.0057086614173227
 20
4.4332677165354326
 30
0
 11
1.0057086614173227
 21
4.6710629921259841
 31
0
  0
LINE
  5
9BE
330
1A
100
AcDbEntity
  8
BLACK
  6
CONTINUOUS
100
AcDbLine
 10
1.0057086614173227
 20
4.6710629921259841
 30
0
 11
0.4683070866141732
 21
4.6710629921259841
 31
0
  0
LINE
  5
9BF
330
1A
100
AcDbEntity
  8
BLACK
  6
CONTINUOUS
100
AcDbLine
 10
0.4108423228346457
 20
4.4890983070866142
 30
0
 11
0.411375
 21
4.4885656299212595
 31
0
  0
LINE
  5
9C0
330
1A
100
AcDbEntity
  8
BLACK
  6
CONTINUOUS
100
AcDbLine
 10
0.411375
 20
4.4885656299212595
 30
0
 11
0.4114499212598425
 21
4.4881889763779528
 31
0
  0
LINE
  5
9C1
330
1A
100
AcDbEntity
  8
BLACK
  6
CONTINUOUS
100
AcDbLine
 10
0.4114499212598425
 20
4.4881889763779528
 30
0
 11
0.4114499212598425
 21
4.2913385826771648
 31
0
  0
LINE
  5
9C2
330
1A
100
AcDbEntity
  8
BLACK
  6
CONTINUOUS
100
AcDbLine
 10
0.4114499212598425
 20
4.2913385826771648
 30
0
 11
0.411375
 21
4.2909619291338581
 31
0
  0
LINE
  5
9C3
330
1A
100
AcDbEntity
  8
BLACK
  6
CONTINUOUS
100
AcDbLine
 10
0.411375
 20
4.2909619291338581
 30
0
 11
0.4108423228346457
 21
4.2904292519685034
 31
0
  0
LINE
  5
9C4
330
1A
100
AcDbEntity
  8
BLACK
  6
CONTINUOUS
100
AcDbLine
 10
0.4108423228346457
 20
4.2904292519685034
 30
0
 11
0.4104656692913386
 21
4.2903543307086611
 31
0
  0
LINE
  5
9C5
330
1A
100
AcDbEntity
  8
BLACK
  6
CONTINUOUS
100
AcDbLine
 10
0.4104656692913386
 20
4.2903543307086611
 30
0
 11
0.2136152755905512
 21
4.2903543307086611
 31
0
  0
LINE
  5
9C6
330
1A
100
AcDbEntity
  8
BLACK
  6
CONTINUOUS
100
AcDbLine
 10
0.2136152755905512
 20
4.2903543307086611
 30
0
 11
0.2132386220472441
 21
4.2904292519685034
 31
0
  0
LINE
  5
9C7
330
1A
100
AcDbEntity
  8
BLACK
  6
CONTINUOUS
100
AcDbLine
 10
0.2132386220472441
 20
4.2904292519685034
 30
0
 11
0.2127059448818898
 21
4.2909619291338581
 31
0
  0
LINE
  5
9C8
330
1A
100
AcDbEntity
  8
BLACK
  6
CONTINUOUS
100
AcDbLine
 10
0.2127059448818898
 20
4.2909619291338581
 30
0
 11
0.2126310236220472
 21
4.2913385826771648
 31
0
  0
LINE
  5
9C9
330
1A
100
AcDbEntity
  8
BLACK
  6
CONTINUOUS
100
AcDbLine
 10
0.2126310236220472
 20
4.2913385826771648
 30
0
 11
0.2126310236220472
 21
4.4881889763779528
 31
0
  0
LINE
  5
9CA
330
1A
100
AcDbEntity
  8
BLACK
  6
CONTINUOUS
100
AcDbLine
 10
0.2126310236220472
 20
4.4881889763779528
 30
0
 11
0.2127059448818898
 21
4.4885656299212595
 31
0
  0
LINE
  5
9CB
330
1A
100
AcDbEntity
  8
BLACK
  6
CONTINUOUS
100
AcDbLine
 10
0.2127059448818898
 20
4.4885656299212595
 30
0
 11
0.2132386220472441
 21
4.4890983070866142
 31
0
  0
LINE
  5
9CC
330
1A
100
AcDbEntity
  8
BLACK
  6
CONTINUOUS
100
AcDbLine
 10
0.2132386220472441
 20
4.4890983070866142
 30
0
 11
0.2136152755905512
 21
4.4891732283464565
 31
0
  0
LINE
  5
9CD
330
1A
100
AcDbEntity
  8
BLACK
  6
CONTINUOUS
100
AcDbLine
 10
0.2136152755905512
 20
4.4891732283464565
 30
0
 11
0.4104656692913386
 21
4.4891732283464565
 31
0
  0
LINE
  5
9CE
330
1A
100
AcDbEntity
  8
BLACK
  6
CONTINUOUS
100
AcDbLine
 10
0.4104656692913386
 20
4.4891732283464565
 30
0
 11
0.4108423228346457
 21
4.4890983070866142
 31
0
  0
LINE
  5
9CF
330
1A
100
AcDbEntity
  8
BLACK
  6
CONTINUOUS
100
AcDbLine
 10
0.2145995275590551
 20
4.4872047244094491
 30
0
 11
0.2145995275590551
 21
4.2923228346456694
 31
0
  0
LINE
  5
9D0
330
1A
100
AcDbEntity
  8
BLACK
  6
CONTINUOUS
100
AcDbLine
 10
0.2145995275590551
 20
4.2923228346456694
 30
0
 11
0.4094814173228347
 21
4.2923228346456694
 31
0
  0
LINE
  5
9D1
330
1A
100
AcDbEntity
  8
BLACK
  6
CONTINUOUS
100
AcDbLine
 10
0.4094814173228347
 20
4.2923228346456694
 30
0
 11
0.4094814173228347
 21
4.4872047244094491
 31
0
  0
LINE
  5
9D2
330
1A
100
AcDbEntity
  8
BLACK
  6
CONTINUOUS
100
AcDbLine
 10
0.4094814173228347
 20
4.4872047244094491
 30
0
 11
0.2145995275590551
 21
4.4872047244094491
 31
0
  0
CIRCLE
  5
9D3
330
1A
100
AcDbEntity
  8
BLACK
100
AcDbCircle
 10
-0.2013453543307087
 20
3.6417322834645667
 30
0
 40
0.0068897637795276
  0
CIRCLE
  5
9D4
330
1A
100
AcDbEntity
  8
BLACK
100
AcDbCircle
 10
-0.1013453543307087
 20
3.6417322834645667
 30
0
 40
0.0068897637795276
  0
CIRCLE
  5
9D5
330
1A
100
AcDbEntity
  8
BLACK
100
AcDbCircle
 10
-1.1299212598425197
 20
0.7874015748031495
 30
0
 40
0.0068897637795276
  0
CIRCLE
  5
9D6
330
1A
100
AcDbEntity
  8
BLACK
100
AcDbCircle
 10
0.5364499212598425
 20
3.2165354330708662
 30
0
 40
0.0068897637795276
  0
CIRCLE
  5
9D7
330
1A
100
AcDbEntity
  8
BLACK
100
AcDbCircle
 10
0.3986546456692913
 20
3.2165354330708662
 30
0
 40
0.0068897637795276
  0
CIRCLE
  5
9D8
330
1A
100
AcDbEntity
  8
BLACK
100
AcDbCircle
 10
1.0055118110236221
 20
0.2188976377952756
 30
0
 40
0.0068897637795276
  0
CIRCLE
  5
9D9
330
1A
100
AcDbEntity
  8
BLACK
100
AcDbCircle
 10
0.5055118110236221
 20
0.2188976377952756
 30
0
 40
0.0068897637795276
  0
CIRCLE
  5
9DA
330
1A
100
AcDbEntity
  8
BLACK
100
AcDbCircle
 10
0.8956692913385826
 20
0.3188976377952756
 30
0
 40
0.0068897637795276
  0
CIRCLE
  5
9DB
330
1A
100
AcDbEntity
  8
BLACK
100
AcDbCircle
 10
0.8556692913385826
 20
0.3889764173228346
 30
0
 40
0.0068897637795276
  0
CIRCLE
  5
9DC
330
1A
100
AcDbEntity
  8
BLACK
100
AcDbCircle
 10
0.8156692913385827
 20
0.3188976377952756
 30
0
 40
0.0068897637795276
  0
CIRCLE
  5
9DD
330
1A
100
AcDbEntity
  8
BLACK
100
AcDbCircle
 10
0.7756692913385826
 20
0.3889764173228346
 30
0
 40
0.0068897637795276
  0
CIRCLE
  5
9DE
330
1A
100
AcDbEntity
  8
BLACK
100
AcDbCircle
 10
0.7356692913385826
 20
0.3188976377952756
 30
0
 40
0.0068897637795276
  0
CIRCLE
  5
9DF
330
1A
100
AcDbEntity
  8
BLACK
100
AcDbCircle
 10
0.6956692913385827
 20
0.3889764173228346
 30
0
 40
0.0068897637795276
  0
CIRCLE
  5
9E0
330
1A
100
AcDbEntity
  8
BLACK
100
AcDbCircle
 10
0.6556692913385826
 20
0.3188976377952756
 30
0
 40
0.0068897637795276
  0
CIRCLE
  5
9E1
330
1A
100
AcDbEntity
  8
BLACK
100
AcDbCircle
 10
0.6156693307086614
 20
0.3889763779527559
 30
0
 40
0.0068897637795276
  0
CIRCLE
  5
9E2
330
1A
100
AcDbEntity
  8
BLACK
100
AcDbCircle
 10
1.0255905511811023
 20
0.5787401574803149
 30
0
 40
0.0068897637795276
  0
CIRCLE
  5
9E3
330
1A
100
AcDbEntity
  8
BLACK
100
AcDbCircle
 10
0.9354330708661417
 20
0.5787401574803149
 30
0
 40
0.0068897637795276
  0
CIRCLE
  5
9E4
330
1A
100
AcDbEntity
  8
BLACK
100
AcDbCircle
 10
0.5755905511811024
 20
0.5787401574803149
 30
0
 40
0.0068897637795276
  0
CIRCLE
  5
9E5
330
1A
100
AcDbEntity
  8
BLACK
100
AcDbCircle
 10
0.4854330708661417
 20
0.5787401574803149
 30
0
 40
0.0068897637795276
  0
CIRCLE
  5
9E6
330
1A
100
AcDbEntity
  8
BLACK
100
AcDbCircle
 10
1.0755905511811024
 20
0.3539370078740157
 30
0
 40
0.0068897637795276
  0
CIRCLE
  5
9E7
330
1A
100
AcDbEntity
  8
BLACK
100
AcDbCircle
 10
0.4354330708661417
 20
0.3539370078740157
 30
0
 40
0.0068897637795276
  0
CIRCLE
  5
9E8
330
1A
100
AcDbEntity
  8
BLACK
100
AcDbCircle
 10
-0.2013453543307087
 20
3.9448818897637796
 30
0
 40
0.0068897637795276
  0
CIRCLE
  5
9E9
330
1A
100
AcDbEntity
  8
BLACK
100
AcDbCircle
 10
-0.1013453543307087
 20
3.9448818897637796
 30
0
 40
0.0068897637795276
  0
CIRCLE
  5
9EA
330
1A
100
AcDbEntity
  8
BLACK
100
AcDbCircle
 10
-1.3218503937007873
 20
4.466929133858268
 30
0
 40
0.0068897637795276
  0
CIRCLE
  5
9EB
330
1A
100
AcDbEntity
  8
BLACK
100
AcDbCircle
 10
-1.2218503937007874
 20
4.466929133858268
 30
0
 40
0.0068897637795276
  0
CIRCLE
  5
9EC
330
1A
100
AcDbEntity
  8
BLACK
100
AcDbCircle
 10
-1.3218503937007873
 20
4.3669291338582674
 30
0
 40
0.0068897637795276
  0
CIRCLE
  5
9ED
330
1A
100
AcDbEntity
  8
BLACK
100
AcDbCircle
 10
-1.2218503937007874
 20
4.3669291338582674
 30
0
 40
0.0068897637795276
  0
CIRCLE
  5
9EE
330
1A
100
AcDbEntity
  8
BLACK
100
AcDbCircle
 10
-1.3218503937007873
 20
4.2669291338582678
 30
0
 40
0.0068897637795276
  0
CIRCLE
  5
9EF
330
1A
100
AcDbEntity
  8
BLACK
100
AcDbCircle
 10
-1.2218503937007874
 20
4.2669291338582678
 30
0
 40
0.0068897637795276
  0
CIRCLE
  5
9F0
330
1A
100
AcDbEntity
  8
BLACK
100
AcDbCircle
 10
-1.3218503937007873
 20
4.1669291338582672
 30
0
 40
0.0068897637795276
  0
CIRCLE
  5
9F1
330
1A
100
AcDbEntity
  8
BLACK
100
AcDbCircle
 10
-1.2218503937007874
 20
4.1669291338582672
 30
0
 40
0.0068897637795276
  0
CIRCLE
  5
9F2
330
1A
100
AcDbEntity
  8
BLACK
100
AcDbCircle
 10
-1.3218503937007873
 20
4.0669291338582676
 30
0
 40
0.0068897637795276
  0
CIRCLE
  5
9F3
330
1A
100
AcDbEntity
  8
BLACK
100
AcDbCircle
 10
-1.2218503937007874
 20
4.0669291338582676
 30
0
 40
0.0068897637795276
  0
CIRCLE
  5
9F4
330
1A
100
AcDbEntity
  8
BLACK
100
AcDbCircle
 10
-1.3218503937007873
 20
3.9669291338582675
 30
0
 40
0.0068897637795276
  0
CIRCLE
  5
9F5
330
1A
100
AcDbEntity
  8
BLACK
100
AcDbCircle
 10
-1.2218503937007874
 20
3.9669291338582675
 30
0
 40
0.0068897637795276
  0
CIRCLE
  5
9F6
330
1A
100
AcDbEntity
  8
BLACK
100
AcDbCircle
 10
-1.3218503937007873
 20
3.8669291338582674
 30
0
 40
0.0068897637795276
  0
CIRCLE
  5
9F7
330
1A
100
AcDbEntity
  8
BLACK
100
AcDbCircle
 10
-1.2218503937007874
 20
3.8669291338582674
 30
0
 40
0.0068897637795276
  0
CIRCLE
  5
9F8
330
1A
100
AcDbEntity
  8
BLACK
100
AcDbCircle
 10
-1.3218503937007873
 20
3.7669291338582678
 30
0
 40
0.0068897637795276
  0
CIRCLE
  5
9F9
330
1A
100
AcDbEntity
  8
BLACK
100
AcDbCircle
 10
-1.2218503937007874
 20
3.7669291338582678
 30
0
 40
0.0068897637795276
  0
CIRCLE
  5
9FA
330
1A
100
AcDbEntity
  8
BLACK
100
AcDbCircle
 10
-1.3218503937007873
 20
3.6669291338582677
 30
0
 40
0.0068897637795276
  0
CIRCLE
  5
9FB
330
1A
100
AcDbEntity
  8
BLACK
100
AcDbCircle
 10
-1.2218503937007874
 20
3.6669291338582677
 30
0
 40
0.0068897637795276
  0
CIRCLE
  5
9FC
330
1A
100
AcDbEntity
  8
BLACK
100
AcDbCircle
 10
-1.3218503937007873
 20
3.5669291338582676
 30
0
 40
0.0068897637795276
  0
CIRCLE
  5
9FD
330
1A
100
AcDbEntity
  8
BLACK
100
AcDbCircle
 10
-1.2218503937007874
 20
3.5669291338582676
 30
0
 40
0.0068897637795276
  0
CIRCLE
  5
9FE
330
1A
100
AcDbEntity
  8
BLACK
100
AcDbCircle
 10
-1.3218503937007873
 20
3.4669291338582675
 30
0
 40
0.0068897637795276
  0
CIRCLE
  5
9FF
330
1A
100
AcDbEntity
  8
BLACK
100
AcDbCircle
 10
-1.2218503937007874
 20
3.4669291338582675
 30
0
 40
0.0068897637795276
  0
CIRCLE
  5
A00
330
1A
100
AcDbEntity
  8
BLACK
100
AcDbCircle
 10
-1.3218503937007873
 20
3.3669291338582674
 30
0
 40
0.0068897637795276
  0
CIRCLE
  5
A01
330
1A
100
AcDbEntity
  8
BLACK
100
AcDbCircle
 10
-1.2218503937007874
 20
3.3669291338582674
 30
0
 40
0.0068897637795276
  0
CIRCLE
  5
A02
330
1A
100
AcDbEntity
  8
BLACK
100
AcDbCircle
 10
-1.3218503937007873
 20
3.2669291338582678
 30
0
 40
0.0068897637795276
  0
CIRCLE
  5
A03
330
1A
100
AcDbEntity
  8
BLACK
100
AcDbCircle
 10
-1.2218503937007874
 20
3.2669291338582678
 30
0
 40
0.0068897637795276
  0
CIRCLE
  5
A04
330
1A
100
AcDbEntity
  8
BLACK
100
AcDbCircle
 10
-1.3218503937007873
 20
3.1669291338582677
 30
0
 40
0.0068897637795276
  0
CIRCLE
  5
A05
330
1A
100
AcDbEntity
  8
BLACK
100
AcDbCircle
 10
-1.2218503937007874
 20
3.1669291338582677
 30
0
 40
0.0068897637795276
  0
CIRCLE
  5
A06
330
1A
100
AcDbEntity
  8
BLACK
100
AcDbCircle
 10
-1.3218503937007873
 20
3.0669291338582676
 30
0
 40
0.0068897637795276
  0
CIRCLE
  5
A07
330
1A
100
AcDbEntity
  8
BLACK
100
AcDbCircle
 10
-1.2218503937007874
 20
3.0669291338582676
 30
0
 40
0.0068897637795276
  0
CIRCLE
  5
A08
330
1A
100
AcDbEntity
  8
BLACK
100
AcDbCircle
 10
-1.3218503937007873
 20
2.9669291338582675
 30
0
 40
0.0068897637795276
  0
CIRCLE
  5
A09
330
1A
100
AcDbEntity
  8
BLACK
100
AcDbCircle
 10
-1.2218503937007874
 20
2.9669291338582675
 30
0
 40
0.0068897637795276
  0
CIRCLE
  5
A0A
330
1A
100
AcDbEntity
  8
BLACK
100
AcDbCircle
 10
-1.3218503937007873
 20
2.8669291338582679
 30
0
 40
0.0068897637795276
  0
CIRCLE
  5
A0B
330
1A
100
AcDbEntity
  8
BLACK
100
AcDbCircle
 10
-1.2218503937007874
 20
2.8669291338582679
 30
0
 40
0.0068897637795276
  0
CIRCLE
  5
A0C
330
1A
100
AcDbEntity
  8
BLACK
100
AcDbCircle
 10
-1.3218503937007873
 20
2.7669291338582678
 30
0
 40
0.0068897637795276
  0
CIRCLE
  5
A0D
330
1A
100
AcDbEntity
  8
BLACK
100
AcDbCircle
 10
-1.2218503937007874
 20
2.7669291338582678
 30
0
 40
0.0068897637795276
  0
CIRCLE
  5
A0E
330
1A
100
AcDbEntity
  8
BLACK
100
AcDbCircle
 10
-1.3218503937007873
 20
2.6669291338582677
 30
0
 40
0.0068897637795276
  0
CIRCLE
  5
A0F
330
1A
100
AcDbEntity
  8
BLACK
100
AcDbCircle
 10
-1.2218503937007874
 20
2.6669291338582677
 30
0
 40
0.0068897637795276
  0
CIRCLE
  5
A10
330
1A
100
AcDbEntity
  8
BLACK
100
AcDbCircle
 10
-1.3218503937007873
 20
2.5669291338582676
 30
0
 40
0.0068897637795276
  0
CIRCLE
  5
A11
330
1A
100
AcDbEntity
  8
BLACK
100
AcDbCircle
 10
-1.2218503937007874
 20
2.5669291338582676
 30
0
 40
0.0068897637795276
  0
CIRCLE
  5
A12
330
1A
100
AcDbEntity
  8
BLACK
100
AcDbCircle
 10
-0.2013453543307087
 20
3.8425196850393699
 30
0
 40
0.0068897637795276
  0
CIRCLE
  5
A13
330
1A
100
AcDbEntity
  8
BLACK
100
AcDbCircle
 10
-0.1013453543307087
 20
3.8425196850393699
 30
0
 40
0.0068897637795276
  0
CIRCLE
  5
A14
330
1A
100
AcDbEntity
  8
BLACK
100
AcDbCircle
 10
-0.2013453543307087
 20
3.5433070866141732
 30
0
 40
0.0068897637795276
  0
CIRCLE
  5
A15
330
1A
100
AcDbEntity
  8
BLACK
100
AcDbCircle
 10
-0.1013453543307087
 20
3.5433070866141732
 30
0
 40
0.0068897637795276
  0
CIRCLE
  5
A16
330
1A
100
AcDbEntity
  8
BLACK
100
AcDbCircle
 10
0.7125984251968503
 20
1.7637795275590551
 30
0
 40
0.0068897637795276
  0
CIRCLE
  5
A17
330
1A
100
AcDbEntity
  8
BLACK
100
AcDbCircle
 10
0.7125984251968503
 20
1.8637796062992125
 30
0
 40
0.0068897637795276
  0
CIRCLE
  5
A18
330
1A
100
AcDbEntity
  8
BLACK
100
AcDbCircle
 10
0.84251968503937
 20
1.7637795275590551
 30
0
 40
0.0068897637795276
  0
CIRCLE
  5
A19
330
1A
100
AcDbEntity
  8
BLACK
100
AcDbCircle
 10
0.84251968503937
 20
1.8637795275590552
 30
0
 40
0.0068897637795276
  0
CIRCLE
  5
A1A
330
1A
100
AcDbEntity
  8
BLACK
100
AcDbCircle
 10
0.84251968503937
 20
1.9637794881889763
 30
0
 40
0.0068897637795276
  0
CIRCLE
  5
A1B
330
1A
100
AcDbEntity
  8
BLACK
100
AcDbCircle
 10
-1.6112204724409449
 20
0.5039370078740157
 30
0
 40
0.0068897637795276
  0
CIRCLE
  5
A1C
330
1A
100
AcDbEntity
  8
BLACK
100
AcDbCircle
 10
1.6348425196850394
 20
3.4704724409448819
 30
0
 40
0.0068897637795276
  0
CIRCLE
  5
A1D
330
1A
100
AcDbEntity
  8
BLACK
100
AcDbCircle
 10
1.6348425196850394
 20
0.7106299212598425
 30
0
 40
0.0068897637795276
  0
CIRCLE
  5
A1E
330
1A
100
AcDbEntity
  8
BLACK
100
AcDbCircle
 10
-0.4808729133858268
 20
3.9433070866141731
 30
0
 40
0.0068897637795276
  0
CIRCLE
  5
A1F
330
1A
100
AcDbEntity
  8
BLACK
100
AcDbCircle
 10
-0.3808729133858267
 20
3.9433070866141731
 30
0
 40
0.0068897637795276
  0
CIRCLE
  5
A20
330
1A
100
AcDbEntity
  8
BLACK
100
AcDbCircle
 10
-0.4808729133858268
 20
3.843307086614173
 30
0
 40
0.0068897637795276
  0
CIRCLE
  5
A21
330
1A
100
AcDbEntity
  8
BLACK
100
AcDbCircle
 10
-0.3808729133858267
 20
3.843307086614173
 30
0
 40
0.0068897637795276
  0
CIRCLE
  5
A22
330
1A
100
AcDbEntity
  8
BLACK
100
AcDbCircle
 10
-0.4808729133858268
 20
3.7433070866141733
 30
0
 40
0.0068897637795276
  0
CIRCLE
  5
A23
330
1A
100
AcDbEntity
  8
BLACK
100
AcDbCircle
 10
-0.3808729133858267
 20
3.7433070866141733
 30
0
 40
0.0068897637795276
  0
CIRCLE
  5
A24
330
1A
100
AcDbEntity
  8
BLACK
100
AcDbCircle
 10
-0.4808729133858268
 20
3.6433070866141732
 30
0
 40
0.0068897637795276
  0
CIRCLE
  5
A25
330
1A
100
AcDbEntity
  8
BLACK
100
AcDbCircle
 10
-0.3808729133858267
 20
3.6433070866141732
 30
0
 40
0.0068897637795276
  0
CIRCLE
  5
A26
330
1A
100
AcDbEntity
  8
BLACK
100
AcDbCircle
 10
-0.4808729133858268
 20
3.5433070866141732
 30
0
 40
0.0068897637795276
  0
CIRCLE
  5
A27
330
1A
100
AcDbEntity
  8
BLACK
100
AcDbCircle
 10
-0.3808729133858267
 20
3.5433070866141732
 30
0
 40
0.0068897637795276
  0
CIRCLE
  5
A28
330
1A
100
AcDbEntity
  8
BLACK
100
AcDbCircle
 10
0.937007874015748
 20
4.6023622047244093
 30
0
 40
0.0068897637795276
  0
CIRCLE
  5
A29
330
1A
100
AcDbEntity
  8
BLACK
100
AcDbCircle
 10
0.937007874015748
 20
4.5023622047244096
 30
0
 40
0.0068897637795276
  0
CIRCLE
  5
A2A
330
1A
100
AcDbEntity
  8
BLACK
100
AcDbCircle
 10
0.8370078740157481
 20
4.6023622047244093
 30
0
 40
0.0068897637795276
  0
CIRCLE
  5
A2B
330
1A
100
AcDbEntity
  8
BLACK
100
AcDbCircle
 10
0.8370078740157481
 20
4.5023622047244096
 30
0
 40
0.0068897637795276
  0
CIRCLE
  5
A2C
330
1A
100
AcDbEntity
  8
BLACK
100
AcDbCircle
 10
0.7370079133858267
 20
4.6023622047244093
 30
0
 40
0.0068897637795276
  0
CIRCLE
  5
A2D
330
1A
100
AcDbEntity
  8
BLACK
100
AcDbCircle
 10
0.737007874015748
 20
4.5023622047244096
 30
0
 40
0.0068897637795276
  0
CIRCLE
  5
A2E
330
1A
100
AcDbEntity
  8
BLACK
100
AcDbCircle
 10
0.637007874015748
 20
4.6023622047244093
 30
0
 40
0.0068897637795276
  0
CIRCLE
  5
A2F
330
1A
100
AcDbEntity
  8
BLACK
100
AcDbCircle
 10
0.637007874015748
 20
4.5023622047244096
 30
0
 40
0.0068897637795276
  0
CIRCLE
  5
A30
330
1A
100
AcDbEntity
  8
BLACK
100
AcDbCircle
 10
0.537007874015748
 20
4.6023622047244093
 30
0
 40
0.0068897637795276
  0
CIRCLE
  5
A31
330
1A
100
AcDbEntity
  8
BLACK
100
AcDbCircle
 10
0.537007874015748
 20
4.5023622047244096
 30
0
 40
0.0068897637795276
  0
CIRCLE
  5
A32
330
1A
100
AcDbEntity
  8
BLACK
100
AcDbCircle
 10
-1.1299212598425197
 20
0.9409448818897638
 30
0
 40
0.0068897637795276
  0
CIRCLE
  5
A33
330
1A
100
AcDbEntity
  8
BLACK
100
AcDbCircle
 10
-0.7172244094488189
 20
0.5354330708661417
 30
0
 40
0.0068897637795276
  0
CIRCLE
  5
A34
330
1A
100
AcDbEntity
  8
BLACK
100
AcDbCircle
 10
-0.7172244094488189
 20
0.735433031496063
 30
0
 40
0.0068897637795276
  0
CIRCLE
  5
A35
330
1A
100
AcDbEntity
  8
BLACK
100
AcDbCircle
 10
0.0827755905511811
 20
0.2354330708661417
 30
0
 40
0.0068897637795276
  0
CIRCLE
  5
A36
330
1A
100
AcDbEntity
  8
BLACK
100
AcDbCircle
 10
0.0827755905511811
 20
0.6354330708661418
 30
0
 40
0.0068897637795276
  0
CIRCLE
  5
A37
330
1A
100
AcDbEntity
  8
BLACK
100
AcDbCircle
 10
0.0827755905511811
 20
1.0354330708661417
 30
0
 40
0.0068897637795276
  0
CIRCLE
  5
A38
330
1A
100
AcDbEntity
  8
BLACK
100
AcDbCircle
 10
-0.7172244094488189
 20
1.0354330708661417
 30
0
 40
0.0068897637795276
  0
CIRCLE
  5
A39
330
1A
100
AcDbEntity
  8
BLACK
100
AcDbCircle
 10
-0.7125984251968503
 20
4.5078740157480315
 30
0
 40
0.0068897637795276
  0
ARC
  5
A3A
330
1A
100
AcDbEntity
  8
BLACK
100
AcDbCircle
 10
-1.1085629921259843
 20
0.5433070866141733
 30
0
 40
0.0688976377952756
100
AcDbArc
 50
-90.00000000
 51
90.00000000
  0
ARC
  5
A3B
330
1A
100
AcDbEntity
  8
BLACK
100
AcDbCircle
 10
-1.1085629921259843
 20
0.5433070866141733
 30
0
 40
0.0688976377952756
100
AcDbArc
 50
90.00000000
 51
270.00000000
  0
LINE
  5
A3C
330
1A
100
AcDbEntity
  8
BLACK
  6
CONTINUOUS
100
AcDbLine
 10
-1.1184055118110237
 20
0.2480314960629921
 30
0
 11
-1.098720472440945
 21
0.2480314960629921
 31
0
  0
ARC
  5
A3D
330
1A
100
AcDbEntity
  8
BLACK
100
AcDbCircle
 10
-1.098720472440945
 20
0.3070866141732284
 30
0
 40
0.0590551181102362
100
AcDbArc
 50
-90.00000000
 51
90.00000000
  0
LINE
  5
A3E
330
1A
100
AcDbEntity
  8
BLACK
  6
CONTINUOUS
100
AcDbLine
 10
-1.098720472440945
 20
0.3661417322834646
 30
0
 11
-1.1184055118110237
 21
0.3661417322834646
 31
0
  0
ARC
  5
A3F
330
1A
100
AcDbEntity
  8
BLACK
100
AcDbCircle
 10
-1.1184055118110237
 20
0.3070866141732284
 30
0
 40
0.0590551181102362
100
AcDbArc
 50
90.00000000
 51
270.00000000
  0
ARC
  5
A40
330
1A
100
AcDbEntity
  8
BLACK
100
AcDbCircle
 10
-1.2936023622047244
 20
0.4251968503937008
 30
0
 40
0.0688976377952756
100
AcDbArc
 50
-90.00000000
 51
90.00000000
  0
ARC
  5
A41
330
1A
100
AcDbEntity
  8
BLACK
100
AcDbCircle
 10
-1.2936023622047244
 20
0.4251968503937008
 30
0
 40
0.0688976377952756
100
AcDbArc
 50
90.00000000
 51
270.00000000
  0
CIRCLE
  5
A42
330
1A
100
AcDbEntity
  8
BLACK
100
AcDbCircle
 10
-0.2013453543307087
 20
3.6417322834645667
 30
0
 40
0.0068897637795276
  0
CIRCLE
  5
A43
330
1A
100
AcDbEntity
  8
BLACK
100
AcDbCircle
 10
-0.1013453543307087
 20
3.6417322834645667
 30
0
 40
0.0068897637795276
  0
CIRCLE
  5
A44
330
1A
100
AcDbEntity
  8
BLACK
100
AcDbCircle
 10
-1.1299212598425197
 20
0.7874015748031495
 30
0
 40
0.0068897637795276
  0
CIRCLE
  5
A45
330
1A
100
AcDbEntity
  8
BLACK
100
AcDbCircle
 10
0.5364499212598425
 20
3.2165354330708662
 30
0
 40
0.0068897637795276
  0
CIRCLE
  5
A46
330
1A
100
AcDbEntity
  8
BLACK
100
AcDbCircle
 10
0.3986546456692913
 20
3.2165354330708662
 30
0
 40
0.0068897637795276
  0
CIRCLE
  5
A47
330
1A
100
AcDbEntity
  8
BLACK
100
AcDbCircle
 10
1.0055118110236221
 20
0.2188976377952756
 30
0
 40
0.0068897637795276
  0
CIRCLE
  5
A48
330
1A
100
AcDbEntity
  8
BLACK
100
AcDbCircle
 10
0.5055118110236221
 20
0.2188976377952756
 30
0
 40
0.0068897637795276
  0
CIRCLE
  5
A49
330
1A
100
AcDbEntity
  8
BLACK
100
AcDbCircle
 10
0.8956692913385826
 20
0.3188976377952756
 30
0
 40
0.0068897637795276
  0
CIRCLE
  5
A4A
330
1A
100
AcDbEntity
  8
BLACK
100
AcDbCircle
 10
0.8556692913385826
 20
0.3889764173228346
 30
0
 40
0.0068897637795276
  0
CIRCLE
  5
A4B
330
1A
100
AcDbEntity
  8
BLACK
100
AcDbCircle
 10
0.8156692913385827
 20
0.3188976377952756
 30
0
 40
0.0068897637795276
  0
CIRCLE
  5
A4C
330
1A
100
AcDbEntity
  8
BLACK
100
AcDbCircle
 10
0.7756692913385826
 20
0.3889764173228346
 30
0
 40
0.0068897637795276
  0
CIRCLE
  5
A4D
330
1A
100
AcDbEntity
  8
BLACK
100
AcDbCircle
 10
0.7356692913385826
 20
0.3188976377952756
 30
0
 40
0.0068897637795276
  0
CIRCLE
  5
A4E
330
1A
100
AcDbEntity
  8
BLACK
100
AcDbCircle
 10
0.6956692913385827
 20
0.3889764173228346
 30
0
 40
0.0068897637795276
  0
CIRCLE
  5
A4F
330
1A
100
AcDbEntity
  8
BLACK
100
AcDbCircle
 10
0.6556692913385826
 20
0.3188976377952756
 30
0
 40
0.0068897637795276
  0
CIRCLE
  5
A50
330
1A
100
AcDbEntity
  8
BLACK
100
AcDbCircle
 10
0.6156693307086614
 20
0.3889763779527559
 30
0
 40
0.0068897637795276
  0
CIRCLE
  5
A51
330
1A
100
AcDbEntity
  8
BLACK
100
AcDbCircle
 10
1.0255905511811023
 20
0.5787401574803149
 30
0
 40
0.0068897637795276
  0
CIRCLE
  5
A52
330
1A
100
AcDbEntity
  8
BLACK
100
AcDbCircle
 10
0.9354330708661417
 20
0.5787401574803149
 30
0
 40
0.0068897637795276
  0
CIRCLE
  5
A53
330
1A
100
AcDbEntity
  8
BLACK
100
AcDbCircle
 10
0.5755905511811024
 20
0.5787401574803149
 30
0
 40
0.0068897637795276
  0
CIRCLE
  5
A54
330
1A
100
AcDbEntity
  8
BLACK
100
AcDbCircle
 10
0.4854330708661417
 20
0.5787401574803149
 30
0
 40
0.0068897637795276
  0
CIRCLE
  5
A55
330
1A
100
AcDbEntity
  8
BLACK
100
AcDbCircle
 10
1.0755905511811024
 20
0.3539370078740157
 30
0
 40
0.0068897637795276
  0
CIRCLE
  5
A56
330
1A
100
AcDbEntity
  8
BLACK
100
AcDbCircle
 10
0.4354330708661417
 20
0.3539370078740157
 30
0
 40
0.0068897637795276
  0
CIRCLE
  5
A57
330
1A
100
AcDbEntity
  8
BLACK
100
AcDbCircle
 10
-0.2013453543307087
 20
3.9448818897637796
 30
0
 40
0.0068897637795276
  0
CIRCLE
  5
A58
330
1A
100
AcDbEntity
  8
BLACK
100
AcDbCircle
 10
-0.1013453543307087
 20
3.9448818897637796
 30
0
 40
0.0068897637795276
  0
CIRCLE
  5
A59
330
1A
100
AcDbEntity
  8
BLACK
100
AcDbCircle
 10
-1.3218503937007873
 20
4.466929133858268
 30
0
 40
0.0068897637795276
  0
CIRCLE
  5
A5A
330
1A
100
AcDbEntity
  8
BLACK
100
AcDbCircle
 10
-1.2218503937007874
 20
4.466929133858268
 30
0
 40
0.0068897637795276
  0
CIRCLE
  5
A5B
330
1A
100
AcDbEntity
  8
BLACK
100
AcDbCircle
 10
-1.3218503937007873
 20
4.3669291338582674
 30
0
 40
0.0068897637795276
  0
CIRCLE
  5
A5C
330
1A
100
AcDbEntity
  8
BLACK
100
AcDbCircle
 10
-1.2218503937007874
 20
4.3669291338582674
 30
0
 40
0.0068897637795276
  0
CIRCLE
  5
A5D
330
1A
100
AcDbEntity
  8
BLACK
100
AcDbCircle
 10
-1.3218503937007873
 20
4.2669291338582678
 30
0
 40
0.0068897637795276
  0
CIRCLE
  5
A5E
330
1A
100
AcDbEntity
  8
BLACK
100
AcDbCircle
 10
-1.2218503937007874
 20
4.2669291338582678
 30
0
 40
0.0068897637795276
  0
CIRCLE
  5
A5F
330
1A
100
AcDbEntity
  8
BLACK
100
AcDbCircle
 10
-1.3218503937007873
 20
4.1669291338582672
 30
0
 40
0.0068897637795276
  0
CIRCLE
  5
A60
330
1A
100
AcDbEntity
  8
BLACK
100
AcDbCircle
 10
-1.2218503937007874
 20
4.1669291338582672
 30
0
 40
0.0068897637795276
  0
CIRCLE
  5
A61
330
1A
100
AcDbEntity
  8
BLACK
100
AcDbCircle
 10
-1.3218503937007873
 20
4.0669291338582676
 30
0
 40
0.0068897637795276
  0
CIRCLE
  5
A62
330
1A
100
AcDbEntity
  8
BLACK
100
AcDbCircle
 10
-1.2218503937007874
 20
4.0669291338582676
 30
0
 40
0.0068897637795276
  0
CIRCLE
  5
A63
330
1A
100
AcDbEntity
  8
BLACK
100
AcDbCircle
 10
-1.3218503937007873
 20
3.9669291338582675
 30
0
 40
0.0068897637795276
  0
CIRCLE
  5
A64
330
1A
100
AcDbEntity
  8
BLACK
100
AcDbCircle
 10
-1.2218503937007874
 20
3.9669291338582675
 30
0
 40
0.0068897637795276
  0
CIRCLE
  5
A65
330
1A
100
AcDbEntity
  8
BLACK
100
AcDbCircle
 10
-1.3218503937007873
 20
3.8669291338582674
 30
0
 40
0.0068897637795276
  0
CIRCLE
  5
A66
330
1A
100
AcDbEntity
  8
BLACK
100
AcDbCircle
 10
-1.2218503937007874
 20
3.8669291338582674
 30
0
 40
0.0068897637795276
  0
CIRCLE
  5
A67
330
1A
100
AcDbEntity
  8
BLACK
100
AcDbCircle
 10
-1.3218503937007873
 20
3.7669291338582678
 30
0
 40
0.0068897637795276
  0
CIRCLE
  5
A68
330
1A
100
AcDbEntity
  8
BLACK
100
AcDbCircle
 10
-1.2218503937007874
 20
3.7669291338582678
 30
0
 40
0.0068897637795276
  0
CIRCLE
  5
A69
330
1A
100
AcDbEntity
  8
BLACK
100
AcDbCircle
 10
-1.3218503937007873
 20
3.6669291338582677
 30
0
 40
0.0068897637795276
  0
CIRCLE
  5
A6A
330
1A
100
AcDbEntity
  8
BLACK
100
AcDbCircle
 10
-1.2218503937007874
 20
3.6669291338582677
 30
0
 40
0.0068897637795276
  0
CIRCLE
  5
A6B
330
1A
100
AcDbEntity
  8
BLACK
100
AcDbCircle
 10
-1.3218503937007873
 20
3.5669291338582676
 30
0
 40
0.0068897637795276
  0
CIRCLE
  5
A6C
330
1A
100
AcDbEntity
  8
BLACK
100
AcDbCircle
 10
-1.2218503937007874
 20
3.5669291338582676
 30
0
 40
0.0068897637795276
  0
CIRCLE
  5
A6D
330
1A
100
AcDbEntity
  8
BLACK
100
AcDbCircle
 10
-1.3218503937007873
 20
3.4669291338582675
 30
0
 40
0.0068897637795276
  0
CIRCLE
  5
A6E
330
1A
100
AcDbEntity
  8
BLACK
100
AcDbCircle
 10
-1.2218503937007874
 20
3.4669291338582675
 30
0
 40
0.0068897637795276
  0
CIRCLE
  5
A6F
330
1A
100
AcDbEntity
  8
BLACK
100
AcDbCircle
 10
-1.3218503937007873
 20
3.3669291338582674
 30
0
 40
0.0068897637795276
  0
CIRCLE
  5
A70
330
1A
100
AcDbEntity
  8
BLACK
100
AcDbCircle
 10
-1.2218503937007874
 20
3.3669291338582674
 30
0
 40
0.0068897637795276
  0
CIRCLE
  5
A71
330
1A
100
AcDbEntity
  8
BLACK
100
AcDbCircle
 10
-1.3218503937007873
 20
3.2669291338582678
 30
0
 40
0.0068897637795276
  0
CIRCLE
  5
A72
330
1A
100
AcDbEntity
  8
BLACK
100
AcDbCircle
 10
-1.2218503937007874
 20
3.2669291338582678
 30
0
 40
0.0068897637795276
  0
CIRCLE
  5
A73
330
1A
100
AcDbEntity
  8
BLACK
100
AcDbCircle
 10
-1.3218503937007873
 20
3.1669291338582677
 30
0
 40
0.0068897637795276
  0
CIRCLE
  5
A74
330
1A
100
AcDbEntity
  8
BLACK
100
AcDbCircle
 10
-1.2218503937007874
 20
3.1669291338582677
 30
0
 40
0.0068897637795276
  0
CIRCLE
  5
A75
330
1A
100
AcDbEntity
  8
BLACK
100
AcDbCircle
 10
-1.3218503937007873
 20
3.0669291338582676
 30
0
 40
0.0068897637795276
  0
CIRCLE
  5
A76
330
1A
100
AcDbEntity
  8
BLACK
100
AcDbCircle
 10
-1.2218503937007874
 20
3.0669291338582676
 30
0
 40
0.0068897637795276
  0
CIRCLE
  5
A77
330
1A
100
AcDbEntity
  8
BLACK
100
AcDbCircle
 10
-1.3218503937007873
 20
2.9669291338582675
 30
0
 40
0.0068897637795276
  0
CIRCLE
  5
A78
330
1A
100
AcDbEntity
  8
BLACK
100
AcDbCircle
 10
-1.2218503937007874
 20
2.9669291338582675
 30
0
 40
0.0068897637795276
  0
CIRCLE
  5
A79
330
1A
100
AcDbEntity
  8
BLACK
100
AcDbCircle
 10
-1.3218503937007873
 20
2.8669291338582679
 30
0
 40
0.0068897637795276
  0
CIRCLE
  5
A7A
330
1A
100
AcDbEntity
  8
BLACK
100
AcDbCircle
 10
-1.2218503937007874
 20
2.8669291338582679
 30
0
 40
0.0068897637795276
  0
CIRCLE
  5
A7B
330
1A
100
AcDbEntity
  8
BLACK
100
AcDbCircle
 10
-1.3218503937007873
 20
2.7669291338582678
 30
0
 40
0.0068897637795276
  0
CIRCLE
  5
A7C
330
1A
100
AcDbEntity
  8
BLACK
100
AcDbCircle
 10
-1.2218503937007874
 20
2.7669291338582678
 30
0
 40
0.0068897637795276
  0
CIRCLE
  5
A7D
330
1A
100
AcDbEntity
  8
BLACK
100
AcDbCircle
 10
-1.3218503937007873
 20
2.6669291338582677
 30
0
 40
0.0068897637795276
  0
CIRCLE
  5
A7E
330
1A
100
AcDbEntity
  8
BLACK
100
AcDbCircle
 10
-1.2218503937007874
 20
2.6669291338582677
 30
0
 40
0.0068897637795276
  0
CIRCLE
  5
A7F
330
1A
100
AcDbEntity
  8
BLACK
100
AcDbCircle
 10
-1.3218503937007873
 20
2.5669291338582676
 30
0
 40
0.0068897637795276
  0
CIRCLE
  5
A80
330
1A
100
AcDbEntity
  8
BLACK
100
AcDbCircle
 10
-1.2218503937007874
 20
2.5669291338582676
 30
0
 40
0.0068897637795276
  0
CIRCLE
  5
A81
330
1A
100
AcDbEntity
  8
BLACK
100
AcDbCircle
 10
-0.2013453543307087
 20
3.8425196850393699
 30
0
 40
0.0068897637795276
  0
CIRCLE
  5
A82
330
1A
100
AcDbEntity
  8
BLACK
100
AcDbCircle
 10
-0.1013453543307087
 20
3.8425196850393699
 30
0
 40
0.0068897637795276
  0
CIRCLE
  5
A83
330
1A
100
AcDbEntity
  8
BLACK
100
AcDbCircle
 10
-0.2013453543307087
 20
3.5433070866141732
 30
0
 40
0.0068897637795276
  0
CIRCLE
  5
A84
330
1A
100
AcDbEntity
  8
BLACK
100
AcDbCircle
 10
-0.1013453543307087
 20
3.5433070866141732
 30
0
 40
0.0068897637795276
  0
CIRCLE
  5
A85
330
1A
100
AcDbEntity
  8
BLACK
100
AcDbCircle
 10
0.7125984251968503
 20
1.7637795275590551
 30
0
 40
0.0068897637795276
  0
CIRCLE
  5
A86
330
1A
100
AcDbEntity
  8
BLACK
100
AcDbCircle
 10
0.7125984251968503
 20
1.8637796062992125
 30
0
 40
0.0068897637795276
  0
CIRCLE
  5
A87
330
1A
100
AcDbEntity
  8
BLACK
100
AcDbCircle
 10
0.84251968503937
 20
1.7637795275590551
 30
0
 40
0.0068897637795276
  0
CIRCLE
  5
A88
330
1A
100
AcDbEntity
  8
BLACK
100
AcDbCircle
 10
0.84251968503937
 20
1.8637795275590552
 30
0
 40
0.0068897637795276
  0
CIRCLE
  5
A89
330
1A
100
AcDbEntity
  8
BLACK
100
AcDbCircle
 10
0.84251968503937
 20
1.9637794881889763
 30
0
 40
0.0068897637795276
  0
CIRCLE
  5
A8A
330
1A
100
AcDbEntity
  8
BLACK
100
AcDbCircle
 10
-1.6112204724409449
 20
0.5039370078740157
 30
0
 40
0.0068897637795276
  0
CIRCLE
  5
A8B
330
1A
100
AcDbEntity
  8
BLACK
100
AcDbCircle
 10
1.6348425196850394
 20
3.4704724409448819
 30
0
 40
0.0068897637795276
  0
CIRCLE
  5
A8C
330
1A
100
AcDbEntity
  8
BLACK
100
AcDbCircle
 10
1.6348425196850394
 20
0.7106299212598425
 30
0
 40
0.0068897637795276
  0
CIRCLE
  5
A8D
330
1A
100
AcDbEntity
  8
BLACK
100
AcDbCircle
 10
-0.4808729133858268
 20
3.9433070866141731
 30
0
 40
0.0068897637795276
  0
CIRCLE
  5
A8E
330
1A
100
AcDbEntity
  8
BLACK
100
AcDbCircle
 10
-0.3808729133858267
 20
3.9433070866141731
 30
0
 40
0.0068897637795276
  0
CIRCLE
  5
A8F
330
1A
100
AcDbEntity
  8
BLACK
100
AcDbCircle
 10
-0.4808729133858268
 20
3.843307086614173
 30
0
 40
0.0068897637795276
  0
CIRCLE
  5
A90
330
1A
100
AcDbEntity
  8
BLACK
100
AcDbCircle
 10
-0.3808729133858267
 20
3.843307086614173
 30
0
 40
0.0068897637795276
  0
CIRCLE
  5
A91
330
1A
100
AcDbEntity
  8
BLACK
100
AcDbCircle
 10
-0.4808729133858268
 20
3.7433070866141733
 30
0
 40
0.0068897637795276
  0
CIRCLE
  5
A92
330
1A
100
AcDbEntity
  8
BLACK
100
AcDbCircle
 10
-0.3808729133858267
 20
3.7433070866141733
 30
0
 40
0.0068897637795276
  0
CIRCLE
  5
A93
330
1A
100
AcDbEntity
  8
BLACK
100
AcDbCircle
 10
-0.4808729133858268
 20
3.6433070866141732
 30
0
 40
0.0068897637795276
  0
CIRCLE
  5
A94
330
1A
100
AcDbEntity
  8
BLACK
100
AcDbCircle
 10
-0.3808729133858267
 20
3.6433070866141732
 30
0
 40
0.0068897637795276
  0
CIRCLE
  5
A95
330
1A
100
AcDbEntity
  8
BLACK
100
AcDbCircle
 10
-0.4808729133858268
 20
3.5433070866141732
 30
0
 40
0.0068897637795276
  0
CIRCLE
  5
A96
330
1A
100
AcDbEntity
  8
BLACK
100
AcDbCircle
 10
-0.3808729133858267
 20
3.5433070866141732
 30
0
 40
0.0068897637795276
  0
CIRCLE
  5
A97
330
1A
100
AcDbEntity
  8
BLACK
100
AcDbCircle
 10
0.937007874015748
 20
4.6023622047244093
 30
0
 40
0.0068897637795276
  0
CIRCLE
  5
A98
330
1A
100
AcDbEntity
  8
BLACK
100
AcDbCircle
 10
0.937007874015748
 20
4.5023622047244096
 30
0
 40
0.0068897637795276
  0
CIRCLE
  5
A99
330
1A
100
AcDbEntity
  8
BLACK
100
AcDbCircle
 10
0.8370078740157481
 20
4.6023622047244093
 30
0
 40
0.0068897637795276
  0
CIRCLE
  5
A9A
330
1A
100
AcDbEntity
  8
BLACK
100
AcDbCircle
 10
0.8370078740157481
 20
4.5023622047244096
 30
0
 40
0.0068897637795276
  0
CIRCLE
  5
A9B
330
1A
100
AcDbEntity
  8
BLACK
100
AcDbCircle
 10
0.7370079133858267
 20
4.6023622047244093
 30
0
 40
0.0068897637795276
  0
CIRCLE
  5
A9C
330
1A
100
AcDbEntity
  8
BLACK
100
AcDbCircle
 10
0.737007874015748
 20
4.5023622047244096
 30
0
 40
0.0068897637795276
  0
CIRCLE
  5
A9D
330
1A
100
AcDbEntity
  8
BLACK
100
AcDbCircle
 10
0.637007874015748
 20
4.6023622047244093
 30
0
 40
0.0068897637795276
  0
CIRCLE
  5
A9E
330
1A
100
AcDbEntity
  8
BLACK
100
AcDbCircle
 10
0.637007874015748
 20
4.5023622047244096
 30
0
 40
0.0068897637795276
  0
CIRCLE
  5
A9F
330
1A
100
AcDbEntity
  8
BLACK
100
AcDbCircle
 10
0.537007874015748
 20
4.6023622047244093
 30
0
 40
0.0068897637795276
  0
CIRCLE
  5
AA0
330
1A
100
AcDbEntity
  8
BLACK
100
AcDbCircle
 10
0.537007874015748
 20
4.5023622047244096
 30
0
 40
0.0068897637795276
  0
CIRCLE
  5
AA1
330
1A
100
AcDbEntity
  8
BLACK
100
AcDbCircle
 10
-1.1299212598425197
 20
0.9409448818897638
 30
0
 40
0.0068897637795276
  0
CIRCLE
  5
AA2
330
1A
100
AcDbEntity
  8
BLACK
100
AcDbCircle
 10
-0.7172244094488189
 20
0.5354330708661417
 30
0
 40
0.0068897637795276
  0
CIRCLE
  5
AA3
330
1A
100
AcDbEntity
  8
BLACK
100
AcDbCircle
 10
-0.7172244094488189
 20
0.735433031496063
 30
0
 40
0.0068897637795276
  0
CIRCLE
  5
AA4
330
1A
100
AcDbEntity
  8
BLACK
100
AcDbCircle
 10
0.0827755905511811
 20
0.2354330708661417
 30
0
 40
0.0068897637795276
  0
CIRCLE
  5
AA5
330
1A
100
AcDbEntity
  8
BLACK
100
AcDbCircle
 10
0.0827755905511811
 20
0.6354330708661418
 30
0
 40
0.0068897637795276
  0
CIRCLE
  5
AA6
330
1A
100
AcDbEntity
  8
BLACK
100
AcDbCircle
 10
0.0827755905511811
 20
1.0354330708661417
 30
0
 40
0.0068897637795276
  0
CIRCLE
  5
AA7
330
1A
100
AcDbEntity
  8
BLACK
100
AcDbCircle
 10
-0.7172244094488189
 20
1.0354330708661417
 30
0
 40
0.0068897637795276
  0
CIRCLE
  5
AA8
330
1A
100
AcDbEntity
  8
BLACK
100
AcDbCircle
 10
-0.7125984251968503
 20
4.5078740157480315
 30
0
 40
0.0068897637795276
  0
LINE
  5
AA9
330
1A
100
AcDbEntity
  8
BLACK
  6
CONTINUOUS
100
AcDbLine
 10
-1.1479330708661417
 20
0.5236220472440944
 30
0
 11
-1.0691929133858267
 21
0.5236220472440944
 31
0
  0
ARC
  5
AAA
330
1A
100
AcDbEntity
  8
BLACK
100
AcDbCircle
 10
-1.0691929133858267
 20
0.5433070866141733
 30
0
 40
0.0196850393700787
100
AcDbArc
 50
-90.00000000
 51
90.00000000
  0
LINE
  5
AAB
330
1A
100
AcDbEntity
  8
BLACK
  6
CONTINUOUS
100
AcDbLine
 10
-1.0691929133858267
 20
0.562992125984252
 30
0
 11
-1.1479330708661417
 21
0.562992125984252
 31
0
  0
ARC
  5
AAC
330
1A
100
AcDbEntity
  8
BLACK
100
AcDbCircle
 10
-1.1479330708661417
 20
0.5433070866141733
 30
0
 40
0.0196850393700787
100
AcDbArc
 50
90.00000000
 51
270.00000000
  0
LINE
  5
AAD
330
1A
100
AcDbEntity
  8
BLACK
  6
CONTINUOUS
100
AcDbLine
 10
-1.1479330708661417
 20
0.2874015748031496
 30
0
 11
-1.0691929133858267
 21
0.2874015748031496
 31
0
  0
ARC
  5
AAE
330
1A
100
AcDbEntity
  8
BLACK
100
AcDbCircle
 10
-1.0691929133858267
 20
0.3070866141732284
 30
0
 40
0.0196850393700787
100
AcDbArc
 50
-90.00000000
 51
90.00000000
  0
LINE
  5
AAF
330
1A
100
AcDbEntity
  8
BLACK
  6
CONTINUOUS
100
AcDbLine
 10
-1.0691929133858267
 20
0.3267716535433071
 30
0
 11
-1.1479330708661417
 21
0.3267716535433071
 31
0
  0
ARC
  5
AB0
330
1A
100
AcDbEntity
  8
BLACK
100
AcDbCircle
 10
-1.1479330708661417
 20
0.3070866141732284
 30
0
 40
0.0196850393700787
100
AcDbArc
 50
90.00000000
 51
270.00000000
  0
LINE
  5
AB1
330
1A
100
AcDbEntity
  8
BLACK
  6
CONTINUOUS
100
AcDbLine
 10
-1.2739173228346456
 20
0.3858267716535433
 30
0
 11
-1.2739173228346456
 21
0.4645669291338583
 31
0
  0
ARC
  5
AB2
330
1A
100
AcDbEntity
  8
BLACK
100
AcDbCircle
 10
-1.2936023622047244
 20
0.4645669291338583
 30
0
 40
0.0196850393700787
100
AcDbArc
 50
0.00000000
 51
180.00000000
  0
LINE
  5
AB3
330
1A
100
AcDbEntity
  8
BLACK
  6
CONTINUOUS
100
AcDbLine
 10
-1.3132874015748031
 20
0.4645669291338583
 30
0
 11
-1.3132874015748031
 21
0.3858267716535433
 31
0
  0
ARC
  5
AB4
330
1A
100
AcDbEntity
  8
BLACK
100
AcDbCircle
 10
-1.2936023622047244
 20
0.3858267716535433
 30
0
 40
0.0196850393700787
100
AcDbArc
 50
180.00000000
 51
360.00000000
  0
ENDSEC
  0
SECTION
  2
OBJECTS
  0
DICTIONARY
  5
20
330
0
100
AcDbDictionary
281
1
  3
ACAD_GROUP
350
AB5
  3
ACAD_LAYOUT
350
21
  3
ACAD_PLOTSTYLENAME
350
11
  0
DICTIONARY
  5
AB5
330
20
100
AcDbDictionary
281
1
  0
ACDBDICTIONARYWDFLT
  5
11
330
20
100
AcDbDictionary
281
1
  3
Normal
350
10
100
AcDbDictionaryWithDefault
340
10
  0
ACDBPLACEHOLDER
  5
10
330
11
  0
DICTIONARY
  5
21
330
20
100
AcDbDictionary
281
1
  3
Model
350
1D
  3
Layout1
350
1E
  3
Layout2
350
1F
  0
LAYOUT
  5
1D
330
21
100
AcDbPlotSettings
  1

  2
none_device
  4
A3
  6

 40
0.0
 41
0.0
 42
0.0
 43
0.0
 44
420.0
 45
297.0
 46
0.0
 47
0.0
 48
0.0
 49
0.0
140
0.0
141
0.0
142
1.0
143
1.0
 70
1024
 72
1
 73
0
 74
5
  7

 75
16
 76
0
 77
2
 78
300
147
1.0
148
0.0
149
0.0
100
AcDbLayout
  1
Model
 70
1
 71
0
 10
0.0
 20
0.0
 11
420.0
 21
297.0
 12
0.0
 22
0.0
 32
0.0
 14
1e+20
 24
1e+20
 34
1e+20
 15
-1e+20
 25
-1e+20
 35
-1e+20
146
0.0
 13
0.0
 23
0.0
 33
0.0
 16
1.0
 26
0.0
 36
0.0
 17
0.0
 27
1.0
 37
0.0
 76
0
330
1A
  0
LAYOUT
  5
1E
330
21
100
AcDbPlotSettings
  1

  2
none_device
  4
A3
  6

 40
0.0
 41
0.0
 42
0.0
 43
0.0
 44
420.0
 45
297.0
 46
0.0
 47
0.0
 48
0.0
 49
0.0
140
0.0
141
0.0
142
1.0
143
1.0
 70
0
 72
1
 73
0
 74
5
  7

 75
16
 76
0
 77
2
 78
300
147
1.0
148
0.0
149
0.0
100
AcDbLayout
  1
Layout1
 70
1
 71
1
 10
0.0
 20
0.0
 11
420.0
 21
297.0
 12
0.0
 22
0.0
 32
0.0
 14
1e+20
 24
1e+20
 34
1e+20
 15
-1e+20
 25
-1e+20
 35
-1e+20
146
0.0
 13
0.0
 23
0.0
 33
0.0
 16
1.0
 26
0.0
 36
0.0
 17
0.0
 27
1.0
 37
0.0
 76
0
330
1B
  0
LAYOUT
  5
1F
330
21
100
AcDbPlotSettings
  1

  2
none_device
  4
A3
  6

 40
0.0
 41
0.0
 42
0.0
 43
0.0
 44
420.0
 45
297.0
 46
0.0
 47
0.0
 48
0.0
 49
0.0
140
0.0
141
0.0
142
1.0
143
1.0
 70
0
 72
1
 73
0
 74
5
  7

 75
16
 76
0
 77
2
 78
300
147
1.0
148
0.0
149
0.0
100
AcDbLayout
  1
Layout2
 70
1
 71
2
 10
0.0
 20
0.0
 11
420.0
 21
297.0
 12
0.0
 22
0.0
 32
0.0
 14
1e+20
 24
1e+20
 34
1e+20
 15
-1e+20
 25
-1e+20
 35
-1e+20
146
0.0
 13
0.0
 23
0.0
 33
0.0
 16
1.0
 26
0.0
 36
0.0
 17
0.0
 27
1.0
 37
0.0
 76
0
330
1C
  0
ENDSEC
  0
EOF
