  0
SECTION
  2
HEADER
  9
$ANGBASE
  50
0.0
  9
$ANGDIR
  70
1
  9
$MEASUREMENT
  70
0
  0
ENDSEC
  0
SECTION
  2
TABLES
  0
TABLE
  2
LTYPE
  70
4
  0
LTYPE
  5
40F
  2
CONTINUOUS
  70
0
  3
Solid line
  72
65
  73
0
  40
0.0
  0
LTYPE
  5
410
  2
DASHDOT
 70
0
  3
Dash Dot ____ _ ____ _
 72
65
 73
4
 40
2.0
 49
1.25
 49
-0.25
 49
0.25
 49
-0.25
  0
LTYPE
  5
411
  2
DASHED
 70
0
  3
Dashed __ __ __ __ __
 72
65
 73
2
 40
0.75
 49
0.5
 49
-0.25
  0
LTYPE
  5
43B
  2
DOTTED
 70
0
  3
Dotted .  .  .  .
 72
65
 73
2
 40
0.2
 49
0.0
 49
-0.2
  0
ENDTAB
  0
TABLE
  2
STYLE
  70
4
  0
STYLE
  2
KICAD
  70
0
  40
0
  41
1
  42
1
  50
0
  71
0
  3
isocp.shx
  0
STYLE
  2
KICADB
  70
0
  40
0
  41
1
  42
1
  50
0
  71
0
  3
isocp.shx
  0
STYLE
  2
KICADI
  70
0
  40
0
  41
1
  42
1
  50
15
  71
0
  3
isocp.shx
  0
STYLE
  2
KICADBI
  70
0
  40
0
  41
1
  42
1
  50
15
  71
0
  3
isocp.shx
  0
ENDTAB
  0
TABLE
  2
LAYER
  70
1
  0
LAYER
  2
BLACK
  70
0
  62
7
  6
CONTINUOUS
  0
ENDTAB
  0
ENDSEC
  0
SECTION
  2
ENTITIES
0
LINE
8
BLACK
6
CONTINUOUS
10
-0.7491861811023622
20
0.0966917322834646
11
-0.745993031496063
21
0.0945581496062992
0
LINE
8
BLACK
6
CONTINUOUS
10
-0.745993031496063
20
0.0945581496062992
11
-0.7438594488188977
21
0.091365
0
LINE
8
BLACK
6
CONTINUOUS
10
-0.7438594488188977
20
0.091365
11
-0.7431102362204725
21
0.0875984251968504
0
LINE
8
BLACK
6
CONTINUOUS
10
-0.7431102362204725
20
0.0875984251968504
11
-0.7431102362204725
21
0.0383858267716535
0
LINE
8
BLACK
6
CONTINUOUS
10
-0.7431102362204725
20
0.0383858267716535
11
-0.7438594488188977
21
0.0346192519685039
0
LINE
8
BLACK
6
CONTINUOUS
10
-0.7438594488188977
20
0.0346192519685039
11
-0.745993031496063
21
0.0314261023622047
0
LINE
8
BLACK
6
CONTINUOUS
10
-0.745993031496063
20
0.0314261023622047
11
-0.7491861811023622
21
0.0292925196850394
0
LINE
8
BLACK
6
CONTINUOUS
10
-0.7491861811023622
20
0.0292925196850394
11
-0.7529527559055118
21
0.0285433070866142
0
LINE
8
BLACK
6
CONTINUOUS
10
-0.7529527559055118
20
0.0285433070866142
11
-0.7824803149606299
21
0.0285433070866142
0
LINE
8
BLACK
6
CONTINUOUS
10
-0.7824803149606299
20
0.0285433070866142
11
-0.7862468897637795
21
0.0292925196850394
0
LINE
8
BLACK
6
CONTINUOUS
10
-0.7862468897637795
20
0.0292925196850394
11
-0.7894400393700787
21
0.0314261023622047
0
LINE
8
BLACK
6
CONTINUOUS
10
-0.7894400393700787
20
0.0314261023622047
11
-0.7915736220472441
21
0.0346192519685039
0
LINE
8
BLACK
6
CONTINUOUS
10
-0.7915736220472441
20
0.0346192519685039
11
-0.7923228346456693
21
0.0383858267716535
0
LINE
8
BLACK
6
CONTINUOUS
10
-0.7923228346456693
20
0.0383858267716535
11
-0.7923228346456693
21
0.0875984251968504
0
LINE
8
BLACK
6
CONTINUOUS
10
-0.7923228346456693
20
0.0875984251968504
11
-0.7915736220472441
21
0.091365
0
LINE
8
BLACK
6
CONTINUOUS
10
-0.7915736220472441
20
0.091365
11
-0.7894400393700787
21
0.0945581496062992
0
LINE
8
BLACK
6
CONTINUOUS
10
-0.7894400393700787
20
0.0945581496062992
11
-0.7862468897637795
21
0.0966917322834646
0
LINE
8
BLACK
6
CONTINUOUS
10
-0.7862468897637795
20
0.0966917322834646
11
-0.7824803149606299
21
0.0974409448818898
0
LINE
8
BLACK
6
CONTINUOUS
10
-0.7824803149606299
20
0.0974409448818898
11
-0.7529527559055118
21
0.0974409448818898
0
LINE
8
BLACK
6
CONTINUOUS
10
-0.7529527559055118
20
0.0974409448818898
11
-0.7491861811023622
21
0.0966917322834646
0
LINE
8
BLACK
6
CONTINUOUS
10
-0.6389499606299213
20
0.0966917322834646
11
-0.635756811023622
21
0.0945581496062992
0
LINE
8
BLACK
6
CONTINUOUS
10
-0.635756811023622
20
0.0945581496062992
11
-0.6336232283464567
21
0.091365
0
LINE
8
BLACK
6
CONTINUOUS
10
-0.6336232283464567
20
0.091365
11
-0.6328740157480315
21
0.0875984251968504
0
LINE
8
BLACK
6
CONTINUOUS
10
-0.6328740157480315
20
0.0875984251968504
11
-0.6328740157480315
21
0.0383858267716535
0
LINE
8
BLACK
6
CONTINUOUS
10
-0.6328740157480315
20
0.0383858267716535
11
-0.6336232283464567
21
0.0346192519685039
0
LINE
8
BLACK
6
CONTINUOUS
10
-0.6336232283464567
20
0.0346192519685039
11
-0.635756811023622
21
0.0314261023622047
0
LINE
8
BLACK
6
CONTINUOUS
10
-0.635756811023622
20
0.0314261023622047
11
-0.6389499606299213
21
0.0292925196850394
0
LINE
8
BLACK
6
CONTINUOUS
10
-0.6389499606299213
20
0.0292925196850394
11
-0.6427165354330708
21
0.0285433070866142
0
LINE
8
BLACK
6
CONTINUOUS
10
-0.6427165354330708
20
0.0285433070866142
11
-0.672244094488189
21
0.0285433070866142
0
LINE
8
BLACK
6
CONTINUOUS
10
-0.672244094488189
20
0.0285433070866142
11
-0.6760106692913386
21
0.0292925196850394
0
LINE
8
BLACK
6
CONTINUOUS
10
-0.6760106692913386
20
0.0292925196850394
11
-0.6792038188976378
21
0.0314261023622047
0
LINE
8
BLACK
6
CONTINUOUS
10
-0.6792038188976378
20
0.0314261023622047
11
-0.6813374015748032
21
0.0346192519685039
0
LINE
8
BLACK
6
CONTINUOUS
10
-0.6813374015748032
20
0.0346192519685039
11
-0.6820866141732284
21
0.0383858267716535
0
LINE
8
BLACK
6
CONTINUOUS
10
-0.6820866141732284
20
0.0383858267716535
11
-0.6820866141732284
21
0.0875984251968504
0
LINE
8
BLACK
6
CONTINUOUS
10
-0.6820866141732284
20
0.0875984251968504
11
-0.6813374015748032
21
0.091365
0
LINE
8
BLACK
6
CONTINUOUS
10
-0.6813374015748032
20
0.091365
11
-0.6792038188976378
21
0.0945581496062992
0
LINE
8
BLACK
6
CONTINUOUS
10
-0.6792038188976378
20
0.0945581496062992
11
-0.6760106692913386
21
0.0966917322834646
0
LINE
8
BLACK
6
CONTINUOUS
10
-0.6760106692913386
20
0.0966917322834646
11
-0.672244094488189
21
0.0974409448818898
0
LINE
8
BLACK
6
CONTINUOUS
10
-0.672244094488189
20
0.0974409448818898
11
-0.6427165354330708
21
0.0974409448818898
0
LINE
8
BLACK
6
CONTINUOUS
10
-0.6427165354330708
20
0.0974409448818898
11
-0.6389499606299213
21
0.0966917322834646
0
LINE
8
BLACK
6
CONTINUOUS
10
0.2636091338582677
20
0.3466917322834646
11
0.2668022834645669
21
0.3445581496062992
0
LINE
8
BLACK
6
CONTINUOUS
10
0.2668022834645669
20
0.3445581496062992
11
0.2689358661417323
21
0.341365
0
LINE
8
BLACK
6
CONTINUOUS
10
0.2689358661417323
20
0.341365
11
0.2696850787401575
21
0.3375984251968504
0
LINE
8
BLACK
6
CONTINUOUS
10
0.2696850787401575
20
0.3375984251968504
11
0.2696850787401575
21
0.3001968503937008
0
LINE
8
BLACK
6
CONTINUOUS
10
0.2696850787401575
20
0.3001968503937008
11
0.2689358661417323
21
0.2964302755905512
0
LINE
8
BLACK
6
CONTINUOUS
10
0.2689358661417323
20
0.2964302755905512
11
0.2668022834645669
21
0.2932371259842519
0
LINE
8
BLACK
6
CONTINUOUS
10
0.2668022834645669
20
0.2932371259842519
11
0.2636091338582677
21
0.2911035433070866
0
LINE
8
BLACK
6
CONTINUOUS
10
0.2636091338582677
20
0.2911035433070866
11
0.2598425590551181
21
0.2903543307086614
0
LINE
8
BLACK
6
CONTINUOUS
10
0.2598425590551181
20
0.2903543307086614
11
0.2401575196850394
21
0.2903543307086614
0
LINE
8
BLACK
6
CONTINUOUS
10
0.2401575196850394
20
0.2903543307086614
11
0.2363909448818897
21
0.2911035433070866
0
LINE
8
BLACK
6
CONTINUOUS
10
0.2363909448818897
20
0.2911035433070866
11
0.2331977952755905
21
0.2932371259842519
0
LINE
8
BLACK
6
CONTINUOUS
10
0.2331977952755905
20
0.2932371259842519
11
0.2310642125984252
21
0.2964302755905512
0
LINE
8
BLACK
6
CONTINUOUS
10
0.2310642125984252
20
0.2964302755905512
11
0.230315
21
0.3001968503937008
0
LINE
8
BLACK
6
CONTINUOUS
10
0.230315
20
0.3001968503937008
11
0.230315
21
0.3375984251968504
0
LINE
8
BLACK
6
CONTINUOUS
10
0.230315
20
0.3375984251968504
11
0.2310642125984252
21
0.341365
0
LINE
8
BLACK
6
CONTINUOUS
10
0.2310642125984252
20
0.341365
11
0.2331977952755905
21
0.3445581496062992
0
LINE
8
BLACK
6
CONTINUOUS
10
0.2331977952755905
20
0.3445581496062992
11
0.2363909448818897
21
0.3466917322834646
0
LINE
8
BLACK
6
CONTINUOUS
10
0.2363909448818897
20
0.3466917322834646
11
0.2401575196850394
21
0.3474409448818898
0
LINE
8
BLACK
6
CONTINUOUS
10
0.2401575196850394
20
0.3474409448818898
11
0.2598425590551181
21
0.3474409448818898
0
LINE
8
BLACK
6
CONTINUOUS
10
0.2598425590551181
20
0.3474409448818898
11
0.2636091338582677
21
0.3466917322834646
0
LINE
8
BLACK
6
CONTINUOUS
10
0.3384122047244094
20
0.3466917322834646
11
0.3416053543307087
21
0.3445581496062992
0
LINE
8
BLACK
6
CONTINUOUS
10
0.3416053543307087
20
0.3445581496062992
11
0.343738937007874
21
0.341365
0
LINE
8
BLACK
6
CONTINUOUS
10
0.343738937007874
20
0.341365
11
0.3444881496062992
21
0.3375984251968504
0
LINE
8
BLACK
6
CONTINUOUS
10
0.3444881496062992
20
0.3375984251968504
11
0.3444881496062992
21
0.3001968503937008
0
LINE
8
BLACK
6
CONTINUOUS
10
0.3444881496062992
20
0.3001968503937008
11
0.343738937007874
21
0.2964302755905512
0
LINE
8
BLACK
6
CONTINUOUS
10
0.343738937007874
20
0.2964302755905512
11
0.3416053543307087
21
0.2932371259842519
0
LINE
8
BLACK
6
CONTINUOUS
10
0.3416053543307087
20
0.2932371259842519
11
0.3384122047244094
21
0.2911035433070866
0
LINE
8
BLACK
6
CONTINUOUS
10
0.3384122047244094
20
0.2911035433070866
11
0.3346456299212598
21
0.2903543307086614
0
LINE
8
BLACK
6
CONTINUOUS
10
0.3346456299212598
20
0.2903543307086614
11
0.3149605905511811
21
0.2903543307086614
0
LINE
8
BLACK
6
CONTINUOUS
10
0.3149605905511811
20
0.2903543307086614
11
0.3111940157480315
21
0.2911035433070866
0
LINE
8
BLACK
6
CONTINUOUS
10
0.3111940157480315
20
0.2911035433070866
11
0.3080008661417323
21
0.2932371259842519
0
LINE
8
BLACK
6
CONTINUOUS
10
0.3080008661417323
20
0.2932371259842519
11
0.3058672834645669
21
0.2964302755905512
0
LINE
8
BLACK
6
CONTINUOUS
10
0.3058672834645669
20
0.2964302755905512
11
0.3051180708661417
21
0.3001968503937008
0
LINE
8
BLACK
6
CONTINUOUS
10
0.3051180708661417
20
0.3001968503937008
11
0.3051180708661417
21
0.3375984251968504
0
LINE
8
BLACK
6
CONTINUOUS
10
0.3051180708661417
20
0.3375984251968504
11
0.3058672834645669
21
0.341365
0
LINE
8
BLACK
6
CONTINUOUS
10
0.3058672834645669
20
0.341365
11
0.3080008661417323
21
0.3445581496062992
0
LINE
8
BLACK
6
CONTINUOUS
10
0.3080008661417323
20
0.3445581496062992
11
0.3111940157480315
21
0.3466917322834646
0
LINE
8
BLACK
6
CONTINUOUS
10
0.3111940157480315
20
0.3466917322834646
11
0.3149605905511811
21
0.3474409448818898
0
LINE
8
BLACK
6
CONTINUOUS
10
0.3149605905511811
20
0.3474409448818898
11
0.3346456299212598
21
0.3474409448818898
0
LINE
8
BLACK
6
CONTINUOUS
10
0.3346456299212598
20
0.3474409448818898
11
0.3384122047244094
21
0.3466917322834646
0
LINE
8
BLACK
6
CONTINUOUS
10
0.2655776771653543
20
0.4293688976377953
11
0.2687708267716535
21
0.4272353149606299
0
LINE
8
BLACK
6
CONTINUOUS
10
0.2687708267716535
20
0.4272353149606299
11
0.2709044094488189
21
0.4240421653543307
0
LINE
8
BLACK
6
CONTINUOUS
10
0.2709044094488189
20
0.4240421653543307
11
0.2716536220472441
21
0.4202755905511811
0
LINE
8
BLACK
6
CONTINUOUS
10
0.2716536220472441
20
0.4202755905511811
11
0.2716536220472441
21
0.3828740157480315
0
LINE
8
BLACK
6
CONTINUOUS
10
0.2716536220472441
20
0.3828740157480315
11
0.2709044094488189
21
0.3791074409448819
0
LINE
8
BLACK
6
CONTINUOUS
10
0.2709044094488189
20
0.3791074409448819
11
0.2687708267716535
21
0.3759142913385827
0
LINE
8
BLACK
6
CONTINUOUS
10
0.2687708267716535
20
0.3759142913385827
11
0.2655776771653543
21
0.3737807086614173
0
LINE
8
BLACK
6
CONTINUOUS
10
0.2655776771653543
20
0.3737807086614173
11
0.2618111023622047
21
0.3730314960629921
0
LINE
8
BLACK
6
CONTINUOUS
10
0.2618111023622047
20
0.3730314960629921
11
0.242126062992126
21
0.3730314960629921
0
LINE
8
BLACK
6
CONTINUOUS
10
0.242126062992126
20
0.3730314960629921
11
0.2383594881889764
21
0.3737807086614173
0
LINE
8
BLACK
6
CONTINUOUS
10
0.2383594881889764
20
0.3737807086614173
11
0.2351663385826772
21
0.3759142913385827
0
LINE
8
BLACK
6
CONTINUOUS
10
0.2351663385826772
20
0.3759142913385827
11
0.2330327559055118
21
0.3791074409448819
0
LINE
8
BLACK
6
CONTINUOUS
10
0.2330327559055118
20
0.3791074409448819
11
0.2322835433070866
21
0.3828740157480315
0
LINE
8
BLACK
6
CONTINUOUS
10
0.2322835433070866
20
0.3828740157480315
11
0.2322835433070866
21
0.4202755905511811
0
LINE
8
BLACK
6
CONTINUOUS
10
0.2322835433070866
20
0.4202755905511811
11
0.2330327559055118
21
0.4240421653543307
0
LINE
8
BLACK
6
CONTINUOUS
10
0.2330327559055118
20
0.4240421653543307
11
0.2351663385826772
21
0.4272353149606299
0
LINE
8
BLACK
6
CONTINUOUS
10
0.2351663385826772
20
0.4272353149606299
11
0.2383594881889764
21
0.4293688976377953
0
LINE
8
BLACK
6
CONTINUOUS
10
0.2383594881889764
20
0.4293688976377953
11
0.242126062992126
21
0.4301181102362205
0
LINE
8
BLACK
6
CONTINUOUS
10
0.242126062992126
20
0.4301181102362205
11
0.2618111023622047
21
0.4301181102362205
0
LINE
8
BLACK
6
CONTINUOUS
10
0.2618111023622047
20
0.4301181102362205
11
0.2655776771653543
21
0.4293688976377953
0
LINE
8
BLACK
6
CONTINUOUS
10
0.340380748031496
20
0.4293688976377953
11
0.3435738976377953
21
0.4272353149606299
0
LINE
8
BLACK
6
CONTINUOUS
10
0.3435738976377953
20
0.4272353149606299
11
0.3457074803149606
21
0.4240421653543307
0
LINE
8
BLACK
6
CONTINUOUS
10
0.3457074803149606
20
0.4240421653543307
11
0.3464566929133858
21
0.4202755905511811
0
LINE
8
BLACK
6
CONTINUOUS
10
0.3464566929133858
20
0.4202755905511811
11
0.3464566929133858
21
0.3828740157480315
0
LINE
8
BLACK
6
CONTINUOUS
10
0.3464566929133858
20
0.3828740157480315
11
0.3457074803149606
21
0.3791074409448819
0
LINE
8
BLACK
6
CONTINUOUS
10
0.3457074803149606
20
0.3791074409448819
11
0.3435738976377953
21
0.3759142913385827
0
LINE
8
BLACK
6
CONTINUOUS
10
0.3435738976377953
20
0.3759142913385827
11
0.340380748031496
21
0.3737807086614173
0
LINE
8
BLACK
6
CONTINUOUS
10
0.340380748031496
20
0.3737807086614173
11
0.3366141732283465
21
0.3730314960629921
0
LINE
8
BLACK
6
CONTINUOUS
10
0.3366141732283465
20
0.3730314960629921
11
0.3169291338582677
21
0.3730314960629921
0
LINE
8
BLACK
6
CONTINUOUS
10
0.3169291338582677
20
0.3730314960629921
11
0.3131625590551181
21
0.3737807086614173
0
LINE
8
BLACK
6
CONTINUOUS
10
0.3131625590551181
20
0.3737807086614173
11
0.3099694094488189
21
0.3759142913385827
0
LINE
8
BLACK
6
CONTINUOUS
10
0.3099694094488189
20
0.3759142913385827
11
0.3078358267716536
21
0.3791074409448819
0
LINE
8
BLACK
6
CONTINUOUS
10
0.3078358267716536
20
0.3791074409448819
11
0.3070866141732284
21
0.3828740157480315
0
LINE
8
BLACK
6
CONTINUOUS
10
0.3070866141732284
20
0.3828740157480315
11
0.3070866141732284
21
0.4202755905511811
0
LINE
8
BLACK
6
CONTINUOUS
10
0.3070866141732284
20
0.4202755905511811
11
0.3078358267716536
21
0.4240421653543307
0
LINE
8
BLACK
6
CONTINUOUS
10
0.3078358267716536
20
0.4240421653543307
11
0.3099694094488189
21
0.4272353149606299
0
LINE
8
BLACK
6
CONTINUOUS
10
0.3099694094488189
20
0.4272353149606299
11
0.3131625590551181
21
0.4293688976377953
0
LINE
8
BLACK
6
CONTINUOUS
10
0.3131625590551181
20
0.4293688976377953
11
0.3169291338582677
21
0.4301181102362205
0
LINE
8
BLACK
6
CONTINUOUS
10
0.3169291338582677
20
0.4301181102362205
11
0.3366141732283465
21
0.4301181102362205
0
LINE
8
BLACK
6
CONTINUOUS
10
0.3366141732283465
20
0.4301181102362205
11
0.340380748031496
21
0.4293688976377953
0
LINE
8
BLACK
6
CONTINUOUS
10
1.2537665748031497
20
0.6173610236220473
11
1.2569597244094488
21
0.6152274409448819
0
LINE
8
BLACK
6
CONTINUOUS
10
1.2569597244094488
20
0.6152274409448819
11
1.2590933070866142
21
0.6120342913385827
0
LINE
8
BLACK
6
CONTINUOUS
10
1.2590933070866142
20
0.6120342913385827
11
1.2598425196850394
21
0.6082677165354331
0
LINE
8
BLACK
6
CONTINUOUS
10
1.2598425196850394
20
0.6082677165354331
11
1.2598425196850394
21
0.5875984251968503
0
LINE
8
BLACK
6
CONTINUOUS
10
1.2598425196850394
20
0.5875984251968503
11
1.2590933070866142
21
0.5838318503937008
0
LINE
8
BLACK
6
CONTINUOUS
10
1.2590933070866142
20
0.5838318503937008
11
1.2569597244094488
21
0.5806387007874015
0
LINE
8
BLACK
6
CONTINUOUS
10
1.2569597244094488
20
0.5806387007874015
11
1.2537665748031497
21
0.5785051181102362
0
LINE
8
BLACK
6
CONTINUOUS
10
1.2537665748031497
20
0.5785051181102362
11
1.25
21
0.577755905511811
0
LINE
8
BLACK
6
CONTINUOUS
10
1.25
20
0.577755905511811
11
1.2145669291338583
21
0.577755905511811
0
LINE
8
BLACK
6
CONTINUOUS
10
1.2145669291338583
20
0.577755905511811
11
1.2108003543307087
21
0.5785051181102362
0
LINE
8
BLACK
6
CONTINUOUS
10
1.2108003543307087
20
0.5785051181102362
11
1.2076072047244095
21
0.5806387007874015
0
LINE
8
BLACK
6
CONTINUOUS
10
1.2076072047244095
20
0.5806387007874015
11
1.2054736220472442
21
0.5838318503937008
0
LINE
8
BLACK
6
CONTINUOUS
10
1.2054736220472442
20
0.5838318503937008
11
1.204724409448819
21
0.5875984251968503
0
LINE
8
BLACK
6
CONTINUOUS
10
1.204724409448819
20
0.5875984251968503
11
1.204724409448819
21
0.6082677165354331
0
LINE
8
BLACK
6
CONTINUOUS
10
1.204724409448819
20
0.6082677165354331
11
1.2054736220472442
21
0.6120342913385827
0
LINE
8
BLACK
6
CONTINUOUS
10
1.2054736220472442
20
0.6120342913385827
11
1.2076072047244095
21
0.6152274409448819
0
LINE
8
BLACK
6
CONTINUOUS
10
1.2076072047244095
20
0.6152274409448819
11
1.2108003543307087
21
0.6173610236220473
0
LINE
8
BLACK
6
CONTINUOUS
10
1.2108003543307087
20
0.6173610236220473
11
1.2145669291338583
21
0.6181102362204725
0
LINE
8
BLACK
6
CONTINUOUS
10
1.2145669291338583
20
0.6181102362204725
11
1.25
21
0.6181102362204725
0
LINE
8
BLACK
6
CONTINUOUS
10
1.25
20
0.6181102362204725
11
1.2537665748031497
21
0.6173610236220473
0
LINE
8
BLACK
6
CONTINUOUS
10
1.2537665748031497
20
0.6892114173228346
11
1.2569597244094488
21
0.6870778346456693
0
LINE
8
BLACK
6
CONTINUOUS
10
1.2569597244094488
20
0.6870778346456693
11
1.2590933070866142
21
0.6838846850393701
0
LINE
8
BLACK
6
CONTINUOUS
10
1.2590933070866142
20
0.6838846850393701
11
1.2598425196850394
21
0.6801181102362205
0
LINE
8
BLACK
6
CONTINUOUS
10
1.2598425196850394
20
0.6801181102362205
11
1.2598425196850394
21
0.6594488188976377
0
LINE
8
BLACK
6
CONTINUOUS
10
1.2598425196850394
20
0.6594488188976377
11
1.2590933070866142
21
0.6556822440944882
0
LINE
8
BLACK
6
CONTINUOUS
10
1.2590933070866142
20
0.6556822440944882
11
1.2569597244094488
21
0.6524890944881889
0
LINE
8
BLACK
6
CONTINUOUS
10
1.2569597244094488
20
0.6524890944881889
11
1.2537665748031497
21
0.6503555118110236
0
LINE
8
BLACK
6
CONTINUOUS
10
1.2537665748031497
20
0.6503555118110236
11
1.25
21
0.6496062992125984
0
LINE
8
BLACK
6
CONTINUOUS
10
1.25
20
0.6496062992125984
11
1.2145669291338583
21
0.6496062992125984
0
LINE
8
BLACK
6
CONTINUOUS
10
1.2145669291338583
20
0.6496062992125984
11
1.2108003543307087
21
0.6503555118110236
0
LINE
8
BLACK
6
CONTINUOUS
10
1.2108003543307087
20
0.6503555118110236
11
1.2076072047244095
21
0.6524890944881889
0
LINE
8
BLACK
6
CONTINUOUS
10
1.2076072047244095
20
0.6524890944881889
11
1.2054736220472442
21
0.6556822440944882
0
LINE
8
BLACK
6
CONTINUOUS
10
1.2054736220472442
20
0.6556822440944882
11
1.204724409448819
21
0.6594488188976377
0
LINE
8
BLACK
6
CONTINUOUS
10
1.204724409448819
20
0.6594488188976377
11
1.204724409448819
21
0.6801181102362205
0
LINE
8
BLACK
6
CONTINUOUS
10
1.204724409448819
20
0.6801181102362205
11
1.2054736220472442
21
0.6838846850393701
0
LINE
8
BLACK
6
CONTINUOUS
10
1.2054736220472442
20
0.6838846850393701
11
1.2076072047244095
21
0.6870778346456693
0
LINE
8
BLACK
6
CONTINUOUS
10
1.2076072047244095
20
0.6870778346456693
11
1.2108003543307087
21
0.6892114173228346
0
LINE
8
BLACK
6
CONTINUOUS
10
1.2108003543307087
20
0.6892114173228346
11
1.2145669291338583
21
0.6899606299212598
0
LINE
8
BLACK
6
CONTINUOUS
10
1.2145669291338583
20
0.6899606299212598
11
1.25
21
0.6899606299212598
0
LINE
8
BLACK
6
CONTINUOUS
10
1.25
20
0.6899606299212598
11
1.2537665748031497
21
0.6892114173228346
0
LINE
8
BLACK
6
CONTINUOUS
10
-0.962616968503937
20
0.7310608661417323
11
-0.9595036614173228
21
0.7289805905511811
0
LINE
8
BLACK
6
CONTINUOUS
10
-0.9595036614173228
20
0.7289805905511811
11
-0.9574233858267717
21
0.7258672834645669
0
LINE
8
BLACK
6
CONTINUOUS
10
-0.9574233858267717
20
0.7258672834645669
11
-0.9566929133858267
21
0.7221948818897638
0
LINE
8
BLACK
6
CONTINUOUS
10
-0.9566929133858267
20
0.7221948818897638
11
-0.9566929133858267
21
0.703001968503937
0
LINE
8
BLACK
6
CONTINUOUS
10
-0.9566929133858267
20
0.703001968503937
11
-0.9574233858267717
21
0.6993295669291338
0
LINE
8
BLACK
6
CONTINUOUS
10
-0.9574233858267717
20
0.6993295669291338
11
-0.9595036614173228
21
0.6962162598425197
0
LINE
8
BLACK
6
CONTINUOUS
10
-0.9595036614173228
20
0.6962162598425197
11
-0.962616968503937
21
0.6941359842519685
0
LINE
8
BLACK
6
CONTINUOUS
10
-0.962616968503937
20
0.6941359842519685
11
-0.9662893700787402
21
0.6934055118110236
0
LINE
8
BLACK
6
CONTINUOUS
10
-0.9662893700787402
20
0.6934055118110236
11
-1.0022145669291338
21
0.6934055118110236
0
LINE
8
BLACK
6
CONTINUOUS
10
-1.0022145669291338
20
0.6934055118110236
11
-1.0058869685039369
21
0.6941359842519685
0
LINE
8
BLACK
6
CONTINUOUS
10
-1.0058869685039369
20
0.6941359842519685
11
-1.0090002755905512
21
0.6962162598425197
0
LINE
8
BLACK
6
CONTINUOUS
10
-1.0090002755905512
20
0.6962162598425197
11
-1.0110805511811023
21
0.6993295669291338
0
LINE
8
BLACK
6
CONTINUOUS
10
-1.0110805511811023
20
0.6993295669291338
11
-1.0118110236220472
21
0.703001968503937
0
LINE
8
BLACK
6
CONTINUOUS
10
-1.0118110236220472
20
0.703001968503937
11
-1.0118110236220472
21
0.7221948818897638
0
LINE
8
BLACK
6
CONTINUOUS
10
-1.0118110236220472
20
0.7221948818897638
11
-1.0110805511811023
21
0.7258672834645669
0
LINE
8
BLACK
6
CONTINUOUS
10
-1.0110805511811023
20
0.7258672834645669
11
-1.0090002755905512
21
0.7289805905511811
0
LINE
8
BLACK
6
CONTINUOUS
10
-1.0090002755905512
20
0.7289805905511811
11
-1.0058869685039369
21
0.7310608661417323
0
LINE
8
BLACK
6
CONTINUOUS
10
-1.0058869685039369
20
0.7310608661417323
11
-1.0022145669291338
21
0.7317913385826772
0
LINE
8
BLACK
6
CONTINUOUS
10
-1.0022145669291338
20
0.7317913385826772
11
-0.9662893700787402
21
0.7317913385826772
0
LINE
8
BLACK
6
CONTINUOUS
10
-0.9662893700787402
20
0.7317913385826772
11
-0.962616968503937
21
0.7310608661417323
0
LINE
8
BLACK
6
CONTINUOUS
10
0.4014043700787401
20
0.824053937007874
11
0.4045975196850394
21
0.8219203543307086
0
LINE
8
BLACK
6
CONTINUOUS
10
0.4045975196850394
20
0.8219203543307086
11
0.4067311023622047
21
0.8187272047244094
0
LINE
8
BLACK
6
CONTINUOUS
10
0.4067311023622047
20
0.8187272047244094
11
0.4074803149606299
21
0.8149606299212598
0
LINE
8
BLACK
6
CONTINUOUS
10
0.4074803149606299
20
0.8149606299212598
11
0.4074803149606299
21
0.7362204724409449
0
LINE
8
BLACK
6
CONTINUOUS
10
0.4074803149606299
20
0.7362204724409449
11
0.4067311023622047
21
0.7324538976377952
0
LINE
8
BLACK
6
CONTINUOUS
10
0.4067311023622047
20
0.7324538976377952
11
0.4045975196850394
21
0.7292607480314961
0
LINE
8
BLACK
6
CONTINUOUS
10
0.4045975196850394
20
0.7292607480314961
11
0.4014043700787401
21
0.7271271653543306
0
LINE
8
BLACK
6
CONTINUOUS
10
0.4014043700787401
20
0.7271271653543306
11
0.3976377952755906
21
0.7263779527559054
0
LINE
8
BLACK
6
CONTINUOUS
10
0.3976377952755906
20
0.7263779527559054
11
0.2874015748031496
21
0.7263779527559054
0
LINE
8
BLACK
6
CONTINUOUS
10
0.2874015748031496
20
0.7263779527559054
11
0.283635
21
0.7271271653543306
0
LINE
8
BLACK
6
CONTINUOUS
10
0.283635
20
0.7271271653543306
11
0.2804418503937008
21
0.7292607480314961
0
LINE
8
BLACK
6
CONTINUOUS
10
0.2804418503937008
20
0.7292607480314961
11
0.2783082677165354
21
0.7324538976377952
0
LINE
8
BLACK
6
CONTINUOUS
10
0.2783082677165354
20
0.7324538976377952
11
0.2775590551181102
21
0.7362204724409449
0
LINE
8
BLACK
6
CONTINUOUS
10
0.2775590551181102
20
0.7362204724409449
11
0.2775590551181102
21
0.8149606299212598
0
LINE
8
BLACK
6
CONTINUOUS
10
0.2775590551181102
20
0.8149606299212598
11
0.2783082677165354
21
0.8187272047244094
0
LINE
8
BLACK
6
CONTINUOUS
10
0.2783082677165354
20
0.8187272047244094
11
0.2804418503937008
21
0.8219203543307086
0
LINE
8
BLACK
6
CONTINUOUS
10
0.2804418503937008
20
0.8219203543307086
11
0.283635
21
0.824053937007874
0
LINE
8
BLACK
6
CONTINUOUS
10
0.283635
20
0.824053937007874
11
0.2874015748031496
21
0.8248031496062992
0
LINE
8
BLACK
6
CONTINUOUS
10
0.2874015748031496
20
0.8248031496062992
11
0.3976377952755906
21
0.8248031496062992
0
LINE
8
BLACK
6
CONTINUOUS
10
0.3976377952755906
20
0.8248031496062992
11
0.4014043700787401
21
0.824053937007874
0
LINE
8
BLACK
6
CONTINUOUS
10
-0.962616968503937
20
0.804879842519685
11
-0.9595036614173228
21
0.8027995669291338
0
LINE
8
BLACK
6
CONTINUOUS
10
-0.9595036614173228
20
0.8027995669291338
11
-0.9574233858267717
21
0.7996862598425196
0
LINE
8
BLACK
6
CONTINUOUS
10
-0.9574233858267717
20
0.7996862598425196
11
-0.9566929133858267
21
0.7960138582677165
0
LINE
8
BLACK
6
CONTINUOUS
10
-0.9566929133858267
20
0.7960138582677165
11
-0.9566929133858267
21
0.7768209448818898
0
LINE
8
BLACK
6
CONTINUOUS
10
-0.9566929133858267
20
0.7768209448818898
11
-0.9574233858267717
21
0.7731485433070866
0
LINE
8
BLACK
6
CONTINUOUS
10
-0.9574233858267717
20
0.7731485433070866
11
-0.9595036614173228
21
0.7700352362204724
0
LINE
8
BLACK
6
CONTINUOUS
10
-0.9595036614173228
20
0.7700352362204724
11
-0.962616968503937
21
0.7679549606299212
0
LINE
8
BLACK
6
CONTINUOUS
10
-0.962616968503937
20
0.7679549606299212
11
-0.9662893700787402
21
0.7672244881889764
0
LINE
8
BLACK
6
CONTINUOUS
10
-0.9662893700787402
20
0.7672244881889764
11
-1.0022145669291338
21
0.7672244881889764
0
LINE
8
BLACK
6
CONTINUOUS
10
-1.0022145669291338
20
0.7672244881889764
11
-1.0058869685039369
21
0.7679549606299212
0
LINE
8
BLACK
6
CONTINUOUS
10
-1.0058869685039369
20
0.7679549606299212
11
-1.0090002755905512
21
0.7700352362204724
0
LINE
8
BLACK
6
CONTINUOUS
10
-1.0090002755905512
20
0.7700352362204724
11
-1.0110805511811023
21
0.7731485433070866
0
LINE
8
BLACK
6
CONTINUOUS
10
-1.0110805511811023
20
0.7731485433070866
11
-1.0118110236220472
21
0.7768209448818898
0
LINE
8
BLACK
6
CONTINUOUS
10
-1.0118110236220472
20
0.7768209448818898
11
-1.0118110236220472
21
0.7960138582677165
0
LINE
8
BLACK
6
CONTINUOUS
10
-1.0118110236220472
20
0.7960138582677165
11
-1.0110805511811023
21
0.7996862598425196
0
LINE
8
BLACK
6
CONTINUOUS
10
-1.0110805511811023
20
0.7996862598425196
11
-1.0090002755905512
21
0.8027995669291338
0
LINE
8
BLACK
6
CONTINUOUS
10
-1.0090002755905512
20
0.8027995669291338
11
-1.0058869685039369
21
0.804879842519685
0
LINE
8
BLACK
6
CONTINUOUS
10
-1.0058869685039369
20
0.804879842519685
11
-1.0022145669291338
21
0.8056103149606298
0
LINE
8
BLACK
6
CONTINUOUS
10
-1.0022145669291338
20
0.8056103149606298
11
-0.9662893700787402
21
0.8056103149606298
0
LINE
8
BLACK
6
CONTINUOUS
10
-0.9662893700787402
20
0.8056103149606298
11
-0.962616968503937
21
0.804879842519685
0
LINE
8
BLACK
6
CONTINUOUS
10
1.0672205905511811
20
0.8907906299212598
11
1.0691364566929134
21
0.8895104724409448
0
LINE
8
BLACK
6
CONTINUOUS
10
1.0691364566929134
20
0.8895104724409448
11
1.0704166141732283
21
0.8875946062992126
0
LINE
8
BLACK
6
CONTINUOUS
10
1.0704166141732283
20
0.8875946062992126
11
1.0708661417322833
21
0.8853346456692913
0
LINE
8
BLACK
6
CONTINUOUS
10
1.0708661417322833
20
0.8853346456692913
11
1.0708661417322833
21
0.8390748031496063
0
LINE
8
BLACK
6
CONTINUOUS
10
1.0708661417322833
20
0.8390748031496063
11
1.0704166141732283
21
0.836814842519685
0
LINE
8
BLACK
6
CONTINUOUS
10
1.0704166141732283
20
0.836814842519685
11
1.0691364566929134
21
0.8348989763779527
0
LINE
8
BLACK
6
CONTINUOUS
10
1.0691364566929134
20
0.8348989763779527
11
1.0672205905511811
21
0.8336188188976378
0
LINE
8
BLACK
6
CONTINUOUS
10
1.0672205905511811
20
0.8336188188976378
11
1.0649606299212597
21
0.8331692913385826
0
LINE
8
BLACK
6
CONTINUOUS
10
1.0649606299212597
20
0.8331692913385826
11
1.0531496062992125
21
0.8331692913385826
0
LINE
8
BLACK
6
CONTINUOUS
10
1.0531496062992125
20
0.8331692913385826
11
1.0508896456692913
21
0.8336188188976378
0
LINE
8
BLACK
6
CONTINUOUS
10
1.0508896456692913
20
0.8336188188976378
11
1.0489737795275591
21
0.8348989763779527
0
LINE
8
BLACK
6
CONTINUOUS
10
1.0489737795275591
20
0.8348989763779527
11
1.0476936220472441
21
0.836814842519685
0
LINE
8
BLACK
6
CONTINUOUS
10
1.0476936220472441
20
0.836814842519685
11
1.0472440944881889
21
0.8390748031496063
0
LINE
8
BLACK
6
CONTINUOUS
10
1.0472440944881889
20
0.8390748031496063
11
1.0472440944881889
21
0.8853346456692913
0
LINE
8
BLACK
6
CONTINUOUS
10
1.0472440944881889
20
0.8853346456692913
11
1.0476936220472441
21
0.8875946062992126
0
LINE
8
BLACK
6
CONTINUOUS
10
1.0476936220472441
20
0.8875946062992126
11
1.0489737795275591
21
0.8895104724409448
0
LINE
8
BLACK
6
CONTINUOUS
10
1.0489737795275591
20
0.8895104724409448
11
1.0508896456692913
21
0.8907906299212598
0
LINE
8
BLACK
6
CONTINUOUS
10
1.0508896456692913
20
0.8907906299212598
11
1.0531496062992125
21
0.8912401574803149
0
LINE
8
BLACK
6
CONTINUOUS
10
1.0531496062992125
20
0.8912401574803149
11
1.0649606299212597
21
0.8912401574803149
0
LINE
8
BLACK
6
CONTINUOUS
10
1.0649606299212597
20
0.8912401574803149
11
1.0672205905511811
21
0.8907906299212598
0
LINE
8
BLACK
6
CONTINUOUS
10
1.1420237401574802
20
0.8907906299212598
11
1.1439396062992127
21
0.8895104724409448
0
LINE
8
BLACK
6
CONTINUOUS
10
1.1439396062992127
20
0.8895104724409448
11
1.1452197637795276
21
0.8875946062992126
0
LINE
8
BLACK
6
CONTINUOUS
10
1.1452197637795276
20
0.8875946062992126
11
1.1456692913385826
21
0.8853346456692913
0
LINE
8
BLACK
6
CONTINUOUS
10
1.1456692913385826
20
0.8853346456692913
11
1.1456692913385826
21
0.8390748031496063
0
LINE
8
BLACK
6
CONTINUOUS
10
1.1456692913385826
20
0.8390748031496063
11
1.1452197637795276
21
0.836814842519685
0
LINE
8
BLACK
6
CONTINUOUS
10
1.1452197637795276
20
0.836814842519685
11
1.1439396062992127
21
0.8348989763779527
0
LINE
8
BLACK
6
CONTINUOUS
10
1.1439396062992127
20
0.8348989763779527
11
1.1420237401574802
21
0.8336188188976378
0
LINE
8
BLACK
6
CONTINUOUS
10
1.1420237401574802
20
0.8336188188976378
11
1.139763779527559
21
0.8331692913385826
0
LINE
8
BLACK
6
CONTINUOUS
10
1.139763779527559
20
0.8331692913385826
11
1.1279527559055118
21
0.8331692913385826
0
LINE
8
BLACK
6
CONTINUOUS
10
1.1279527559055118
20
0.8331692913385826
11
1.1256927952755906
21
0.8336188188976378
0
LINE
8
BLACK
6
CONTINUOUS
10
1.1256927952755906
20
0.8336188188976378
11
1.1237769291338582
21
0.8348989763779527
0
LINE
8
BLACK
6
CONTINUOUS
10
1.1237769291338582
20
0.8348989763779527
11
1.1224967716535432
21
0.836814842519685
0
LINE
8
BLACK
6
CONTINUOUS
10
1.1224967716535432
20
0.836814842519685
11
1.1220472440944882
21
0.8390748031496063
0
LINE
8
BLACK
6
CONTINUOUS
10
1.1220472440944882
20
0.8390748031496063
11
1.1220472440944882
21
0.8853346456692913
0
LINE
8
BLACK
6
CONTINUOUS
10
1.1220472440944882
20
0.8853346456692913
11
1.1224967716535432
21
0.8875946062992126
0
LINE
8
BLACK
6
CONTINUOUS
10
1.1224967716535432
20
0.8875946062992126
11
1.1237769291338582
21
0.8895104724409448
0
LINE
8
BLACK
6
CONTINUOUS
10
1.1237769291338582
20
0.8895104724409448
11
1.1256927952755906
21
0.8907906299212598
0
LINE
8
BLACK
6
CONTINUOUS
10
1.1256927952755906
20
0.8907906299212598
11
1.1279527559055118
21
0.8912401574803149
0
LINE
8
BLACK
6
CONTINUOUS
10
1.1279527559055118
20
0.8912401574803149
11
1.139763779527559
21
0.8912401574803149
0
LINE
8
BLACK
6
CONTINUOUS
10
1.139763779527559
20
0.8912401574803149
11
1.1420237401574802
21
0.8907906299212598
0
LINE
8
BLACK
6
CONTINUOUS
10
0.5947796456692913
20
0.8947276377952755
11
0.5966955118110236
21
0.8934474803149606
0
LINE
8
BLACK
6
CONTINUOUS
10
0.5966955118110236
20
0.8934474803149606
11
0.5979756692913386
21
0.8915316141732283
0
LINE
8
BLACK
6
CONTINUOUS
10
0.5979756692913386
20
0.8915316141732283
11
0.5984251968503936
21
0.8892716535433071
0
LINE
8
BLACK
6
CONTINUOUS
10
0.5984251968503936
20
0.8892716535433071
11
0.5984251968503936
21
0.843011811023622
0
LINE
8
BLACK
6
CONTINUOUS
10
0.5984251968503936
20
0.843011811023622
11
0.5979756692913386
21
0.8407518503937008
0
LINE
8
BLACK
6
CONTINUOUS
10
0.5979756692913386
20
0.8407518503937008
11
0.5966955118110236
21
0.8388359842519685
0
LINE
8
BLACK
6
CONTINUOUS
10
0.5966955118110236
20
0.8388359842519685
11
0.5947796456692913
21
0.8375558267716535
0
LINE
8
BLACK
6
CONTINUOUS
10
0.5947796456692913
20
0.8375558267716535
11
0.59251968503937
21
0.8371062992125984
0
LINE
8
BLACK
6
CONTINUOUS
10
0.59251968503937
20
0.8371062992125984
11
0.5807086614173228
21
0.8371062992125984
0
LINE
8
BLACK
6
CONTINUOUS
10
0.5807086614173228
20
0.8371062992125984
11
0.5784487007874015
21
0.8375558267716535
0
LINE
8
BLACK
6
CONTINUOUS
10
0.5784487007874015
20
0.8375558267716535
11
0.5765328346456693
21
0.8388359842519685
0
LINE
8
BLACK
6
CONTINUOUS
10
0.5765328346456693
20
0.8388359842519685
11
0.5752526771653543
21
0.8407518503937008
0
LINE
8
BLACK
6
CONTINUOUS
10
0.5752526771653543
20
0.8407518503937008
11
0.5748031496062992
21
0.843011811023622
0
LINE
8
BLACK
6
CONTINUOUS
10
0.5748031496062992
20
0.843011811023622
11
0.5748031496062992
21
0.8892716535433071
0
LINE
8
BLACK
6
CONTINUOUS
10
0.5748031496062992
20
0.8892716535433071
11
0.5752526771653543
21
0.8915316141732283
0
LINE
8
BLACK
6
CONTINUOUS
10
0.5752526771653543
20
0.8915316141732283
11
0.5765328346456693
21
0.8934474803149606
0
LINE
8
BLACK
6
CONTINUOUS
10
0.5765328346456693
20
0.8934474803149606
11
0.5784487007874015
21
0.8947276377952755
0
LINE
8
BLACK
6
CONTINUOUS
10
0.5784487007874015
20
0.8947276377952755
11
0.5807086614173228
21
0.8951771653543307
0
LINE
8
BLACK
6
CONTINUOUS
10
0.5807086614173228
20
0.8951771653543307
11
0.59251968503937
21
0.8951771653543307
0
LINE
8
BLACK
6
CONTINUOUS
10
0.59251968503937
20
0.8951771653543307
11
0.5947796456692913
21
0.8947276377952755
0
LINE
8
BLACK
6
CONTINUOUS
10
0.6695827952755905
20
0.8947276377952755
11
0.6714986614173228
21
0.8934474803149606
0
LINE
8
BLACK
6
CONTINUOUS
10
0.6714986614173228
20
0.8934474803149606
11
0.6727788188976378
21
0.8915316141732283
0
LINE
8
BLACK
6
CONTINUOUS
10
0.6727788188976378
20
0.8915316141732283
11
0.6732283464566929
21
0.8892716535433071
0
LINE
8
BLACK
6
CONTINUOUS
10
0.6732283464566929
20
0.8892716535433071
11
0.6732283464566929
21
0.843011811023622
0
LINE
8
BLACK
6
CONTINUOUS
10
0.6732283464566929
20
0.843011811023622
11
0.6727788188976378
21
0.8407518503937008
0
LINE
8
BLACK
6
CONTINUOUS
10
0.6727788188976378
20
0.8407518503937008
11
0.6714986614173228
21
0.8388359842519685
0
LINE
8
BLACK
6
CONTINUOUS
10
0.6714986614173228
20
0.8388359842519685
11
0.6695827952755905
21
0.8375558267716535
0
LINE
8
BLACK
6
CONTINUOUS
10
0.6695827952755905
20
0.8375558267716535
11
0.6673228346456693
21
0.8371062992125984
0
LINE
8
BLACK
6
CONTINUOUS
10
0.6673228346456693
20
0.8371062992125984
11
0.655511811023622
21
0.8371062992125984
0
LINE
8
BLACK
6
CONTINUOUS
10
0.655511811023622
20
0.8371062992125984
11
0.6532518503937008
21
0.8375558267716535
0
LINE
8
BLACK
6
CONTINUOUS
10
0.6532518503937008
20
0.8375558267716535
11
0.6513359842519685
21
0.8388359842519685
0
LINE
8
BLACK
6
CONTINUOUS
10
0.6513359842519685
20
0.8388359842519685
11
0.6500558267716535
21
0.8407518503937008
0
LINE
8
BLACK
6
CONTINUOUS
10
0.6500558267716535
20
0.8407518503937008
11
0.6496062992125984
21
0.843011811023622
0
LINE
8
BLACK
6
CONTINUOUS
10
0.6496062992125984
20
0.843011811023622
11
0.6496062992125984
21
0.8892716535433071
0
LINE
8
BLACK
6
CONTINUOUS
10
0.6496062992125984
20
0.8892716535433071
11
0.6500558267716535
21
0.8915316141732283
0
LINE
8
BLACK
6
CONTINUOUS
10
0.6500558267716535
20
0.8915316141732283
11
0.6513359842519685
21
0.8934474803149606
0
LINE
8
BLACK
6
CONTINUOUS
10
0.6513359842519685
20
0.8934474803149606
11
0.6532518503937008
21
0.8947276377952755
0
LINE
8
BLACK
6
CONTINUOUS
10
0.6532518503937008
20
0.8947276377952755
11
0.655511811023622
21
0.8951771653543307
0
LINE
8
BLACK
6
CONTINUOUS
10
0.655511811023622
20
0.8951771653543307
11
0.6673228346456693
21
0.8951771653543307
0
LINE
8
BLACK
6
CONTINUOUS
10
0.6673228346456693
20
0.8951771653543307
11
0.6695827952755905
21
0.8947276377952755
0
LINE
8
BLACK
6
CONTINUOUS
10
0.7483229527559055
20
0.8986646456692913
11
0.7502388188976378
21
0.8973844881889763
0
LINE
8
BLACK
6
CONTINUOUS
10
0.7502388188976378
20
0.8973844881889763
11
0.7515189763779527
21
0.8954686220472441
0
LINE
8
BLACK
6
CONTINUOUS
10
0.7515189763779527
20
0.8954686220472441
11
0.7519685039370079
21
0.8932086614173228
0
LINE
8
BLACK
6
CONTINUOUS
10
0.7519685039370079
20
0.8932086614173228
11
0.7519685039370079
21
0.8469488188976377
0
LINE
8
BLACK
6
CONTINUOUS
10
0.7519685039370079
20
0.8469488188976377
11
0.7515189763779527
21
0.8446888582677166
0
LINE
8
BLACK
6
CONTINUOUS
10
0.7515189763779527
20
0.8446888582677166
11
0.7502388188976378
21
0.8427729921259842
0
LINE
8
BLACK
6
CONTINUOUS
10
0.7502388188976378
20
0.8427729921259842
11
0.7483229527559055
21
0.8414928346456693
0
LINE
8
BLACK
6
CONTINUOUS
10
0.7483229527559055
20
0.8414928346456693
11
0.7460629921259843
21
0.8410433070866141
0
LINE
8
BLACK
6
CONTINUOUS
10
0.7460629921259843
20
0.8410433070866141
11
0.734251968503937
21
0.8410433070866141
0
LINE
8
BLACK
6
CONTINUOUS
10
0.734251968503937
20
0.8410433070866141
11
0.7319920078740157
21
0.8414928346456693
0
LINE
8
BLACK
6
CONTINUOUS
10
0.7319920078740157
20
0.8414928346456693
11
0.7300761417322834
21
0.8427729921259842
0
LINE
8
BLACK
6
CONTINUOUS
10
0.7300761417322834
20
0.8427729921259842
11
0.7287959842519685
21
0.8446888582677166
0
LINE
8
BLACK
6
CONTINUOUS
10
0.7287959842519685
20
0.8446888582677166
11
0.7283464566929134
21
0.8469488188976377
0
LINE
8
BLACK
6
CONTINUOUS
10
0.7283464566929134
20
0.8469488188976377
11
0.7283464566929134
21
0.8932086614173228
0
LINE
8
BLACK
6
CONTINUOUS
10
0.7283464566929134
20
0.8932086614173228
11
0.7287959842519685
21
0.8954686220472441
0
LINE
8
BLACK
6
CONTINUOUS
10
0.7287959842519685
20
0.8954686220472441
11
0.7300761417322834
21
0.8973844881889763
0
LINE
8
BLACK
6
CONTINUOUS
10
0.7300761417322834
20
0.8973844881889763
11
0.7319920078740157
21
0.8986646456692913
0
LINE
8
BLACK
6
CONTINUOUS
10
0.7319920078740157
20
0.8986646456692913
11
0.734251968503937
21
0.8991141732283464
0
LINE
8
BLACK
6
CONTINUOUS
10
0.734251968503937
20
0.8991141732283464
11
0.7460629921259843
21
0.8991141732283464
0
LINE
8
BLACK
6
CONTINUOUS
10
0.7460629921259843
20
0.8991141732283464
11
0.7483229527559055
21
0.8986646456692913
0
LINE
8
BLACK
6
CONTINUOUS
10
0.8231261023622047
20
0.8986646456692913
11
0.825041968503937
21
0.8973844881889763
0
LINE
8
BLACK
6
CONTINUOUS
10
0.825041968503937
20
0.8973844881889763
11
0.8263221259842519
21
0.8954686220472441
0
LINE
8
BLACK
6
CONTINUOUS
10
0.8263221259842519
20
0.8954686220472441
11
0.8267716535433071
21
0.8932086614173228
0
LINE
8
BLACK
6
CONTINUOUS
10
0.8267716535433071
20
0.8932086614173228
11
0.8267716535433071
21
0.8469488188976377
0
LINE
8
BLACK
6
CONTINUOUS
10
0.8267716535433071
20
0.8469488188976377
11
0.8263221259842519
21
0.8446888582677166
0
LINE
8
BLACK
6
CONTINUOUS
10
0.8263221259842519
20
0.8446888582677166
11
0.825041968503937
21
0.8427729921259842
0
LINE
8
BLACK
6
CONTINUOUS
10
0.825041968503937
20
0.8427729921259842
11
0.8231261023622047
21
0.8414928346456693
0
LINE
8
BLACK
6
CONTINUOUS
10
0.8231261023622047
20
0.8414928346456693
11
0.8208661417322834
21
0.8410433070866141
0
LINE
8
BLACK
6
CONTINUOUS
10
0.8208661417322834
20
0.8410433070866141
11
0.8090551181102362
21
0.8410433070866141
0
LINE
8
BLACK
6
CONTINUOUS
10
0.8090551181102362
20
0.8410433070866141
11
0.8067951574803149
21
0.8414928346456693
0
LINE
8
BLACK
6
CONTINUOUS
10
0.8067951574803149
20
0.8414928346456693
11
0.8048792913385827
21
0.8427729921259842
0
LINE
8
BLACK
6
CONTINUOUS
10
0.8048792913385827
20
0.8427729921259842
11
0.8035991338582676
21
0.8446888582677166
0
LINE
8
BLACK
6
CONTINUOUS
10
0.8035991338582676
20
0.8446888582677166
11
0.8031496062992126
21
0.8469488188976377
0
LINE
8
BLACK
6
CONTINUOUS
10
0.8031496062992126
20
0.8469488188976377
11
0.8031496062992126
21
0.8932086614173228
0
LINE
8
BLACK
6
CONTINUOUS
10
0.8031496062992126
20
0.8932086614173228
11
0.8035991338582676
21
0.8954686220472441
0
LINE
8
BLACK
6
CONTINUOUS
10
0.8035991338582676
20
0.8954686220472441
11
0.8048792913385827
21
0.8973844881889763
0
LINE
8
BLACK
6
CONTINUOUS
10
0.8048792913385827
20
0.8973844881889763
11
0.8067951574803149
21
0.8986646456692913
0
LINE
8
BLACK
6
CONTINUOUS
10
0.8067951574803149
20
0.8986646456692913
11
0.8090551181102362
21
0.8991141732283464
0
LINE
8
BLACK
6
CONTINUOUS
10
0.8090551181102362
20
0.8991141732283464
11
0.8208661417322834
21
0.8991141732283464
0
LINE
8
BLACK
6
CONTINUOUS
10
0.8208661417322834
20
0.8991141732283464
11
0.8231261023622047
21
0.8986646456692913
0
LINE
8
BLACK
6
CONTINUOUS
10
-0.962616968503937
20
0.8910017716535433
11
-0.9595036614173228
21
0.8889214960629921
0
LINE
8
BLACK
6
CONTINUOUS
10
-0.9595036614173228
20
0.8889214960629921
11
-0.9574233858267717
21
0.8858081889763779
0
LINE
8
BLACK
6
CONTINUOUS
10
-0.9574233858267717
20
0.8858081889763779
11
-0.9566929133858267
21
0.8821357874015748
0
LINE
8
BLACK
6
CONTINUOUS
10
-0.9566929133858267
20
0.8821357874015748
11
-0.9566929133858267
21
0.862942874015748
0
LINE
8
BLACK
6
CONTINUOUS
10
-0.9566929133858267
20
0.862942874015748
11
-0.9574233858267717
21
0.8592704724409449
0
LINE
8
BLACK
6
CONTINUOUS
10
-0.9574233858267717
20
0.8592704724409449
11
-0.9595036614173228
21
0.8561571653543307
0
LINE
8
BLACK
6
CONTINUOUS
10
-0.9595036614173228
20
0.8561571653543307
11
-0.962616968503937
21
0.8540768897637795
0
LINE
8
BLACK
6
CONTINUOUS
10
-0.962616968503937
20
0.8540768897637795
11
-0.9662893700787402
21
0.8533464173228347
0
LINE
8
BLACK
6
CONTINUOUS
10
-0.9662893700787402
20
0.8533464173228347
11
-1.0022145669291338
21
0.8533464173228347
0
LINE
8
BLACK
6
CONTINUOUS
10
-1.0022145669291338
20
0.8533464173228347
11
-1.0058869685039369
21
0.8540768897637795
0
LINE
8
BLACK
6
CONTINUOUS
10
-1.0058869685039369
20
0.8540768897637795
11
-1.0090002755905512
21
0.8561571653543307
0
LINE
8
BLACK
6
CONTINUOUS
10
-1.0090002755905512
20
0.8561571653543307
11
-1.0110805511811023
21
0.8592704724409449
0
LINE
8
BLACK
6
CONTINUOUS
10
-1.0110805511811023
20
0.8592704724409449
11
-1.0118110236220472
21
0.862942874015748
0
LINE
8
BLACK
6
CONTINUOUS
10
-1.0118110236220472
20
0.862942874015748
11
-1.0118110236220472
21
0.8821357874015748
0
LINE
8
BLACK
6
CONTINUOUS
10
-1.0118110236220472
20
0.8821357874015748
11
-1.0110805511811023
21
0.8858081889763779
0
LINE
8
BLACK
6
CONTINUOUS
10
-1.0110805511811023
20
0.8858081889763779
11
-1.0090002755905512
21
0.8889214960629921
0
LINE
8
BLACK
6
CONTINUOUS
10
-1.0090002755905512
20
0.8889214960629921
11
-1.0058869685039369
21
0.8910017716535433
0
LINE
8
BLACK
6
CONTINUOUS
10
-1.0058869685039369
20
0.8910017716535433
11
-1.0022145669291338
21
0.8917322440944881
0
LINE
8
BLACK
6
CONTINUOUS
10
-1.0022145669291338
20
0.8917322440944881
11
-0.9662893700787402
21
0.8917322440944881
0
LINE
8
BLACK
6
CONTINUOUS
10
-0.9662893700787402
20
0.8917322440944881
11
-0.962616968503937
21
0.8910017716535433
0
LINE
8
BLACK
6
CONTINUOUS
10
1.1046221653543307
20
0.9646095669291338
11
1.1065380314960629
21
0.9633294094488188
0
LINE
8
BLACK
6
CONTINUOUS
10
1.1065380314960629
20
0.9633294094488188
11
1.1078181889763778
21
0.9614135433070866
0
LINE
8
BLACK
6
CONTINUOUS
10
1.1078181889763778
20
0.9614135433070866
11
1.1082677165354331
21
0.9591535826771653
0
LINE
8
BLACK
6
CONTINUOUS
10
1.1082677165354331
20
0.9591535826771653
11
1.1082677165354331
21
0.9128937401574803
0
LINE
8
BLACK
6
CONTINUOUS
10
1.1082677165354331
20
0.9128937401574803
11
1.1078181889763778
21
0.9106337795275591
0
LINE
8
BLACK
6
CONTINUOUS
10
1.1078181889763778
20
0.9106337795275591
11
1.1065380314960629
21
0.9087179133858267
0
LINE
8
BLACK
6
CONTINUOUS
10
1.1065380314960629
20
0.9087179133858267
11
1.1046221653543307
21
0.9074377559055118
0
LINE
8
BLACK
6
CONTINUOUS
10
1.1046221653543307
20
0.9074377559055118
11
1.1023622047244095
21
0.9069882283464566
0
LINE
8
BLACK
6
CONTINUOUS
10
1.1023622047244095
20
0.9069882283464566
11
1.0905511811023623
21
0.9069882283464566
0
LINE
8
BLACK
6
CONTINUOUS
10
1.0905511811023623
20
0.9069882283464566
11
1.0882912204724409
21
0.9074377559055118
0
LINE
8
BLACK
6
CONTINUOUS
10
1.0882912204724409
20
0.9074377559055118
11
1.0863753543307086
21
0.9087179133858267
0
LINE
8
BLACK
6
CONTINUOUS
10
1.0863753543307086
20
0.9087179133858267
11
1.0850951968503937
21
0.9106337795275591
0
LINE
8
BLACK
6
CONTINUOUS
10
1.0850951968503937
20
0.9106337795275591
11
1.0846456692913387
21
0.9128937401574803
0
LINE
8
BLACK
6
CONTINUOUS
10
1.0846456692913387
20
0.9128937401574803
11
1.0846456692913387
21
0.9591535826771653
0
LINE
8
BLACK
6
CONTINUOUS
10
1.0846456692913387
20
0.9591535826771653
11
1.0850951968503937
21
0.9614135433070866
0
LINE
8
BLACK
6
CONTINUOUS
10
1.0850951968503937
20
0.9614135433070866
11
1.0863753543307086
21
0.9633294094488188
0
LINE
8
BLACK
6
CONTINUOUS
10
1.0863753543307086
20
0.9633294094488188
11
1.0882912204724409
21
0.9646095669291338
0
LINE
8
BLACK
6
CONTINUOUS
10
1.0882912204724409
20
0.9646095669291338
11
1.0905511811023623
21
0.9650590944881889
0
LINE
8
BLACK
6
CONTINUOUS
10
1.0905511811023623
20
0.9650590944881889
11
1.1023622047244095
21
0.9650590944881889
0
LINE
8
BLACK
6
CONTINUOUS
10
1.1023622047244095
20
0.9650590944881889
11
1.1046221653543307
21
0.9646095669291338
0
LINE
8
BLACK
6
CONTINUOUS
10
0.632181220472441
20
0.9685465748031495
11
0.6340970866141732
21
0.9672664173228346
0
LINE
8
BLACK
6
CONTINUOUS
10
0.6340970866141732
20
0.9672664173228346
11
0.6353772440944881
21
0.9653505511811024
0
LINE
8
BLACK
6
CONTINUOUS
10
0.6353772440944881
20
0.9653505511811024
11
0.6358267716535433
21
0.9630905905511811
0
LINE
8
BLACK
6
CONTINUOUS
10
0.6358267716535433
20
0.9630905905511811
11
0.6358267716535433
21
0.916830748031496
0
LINE
8
BLACK
6
CONTINUOUS
10
0.6358267716535433
20
0.916830748031496
11
0.6353772440944881
21
0.9145707874015748
0
LINE
8
BLACK
6
CONTINUOUS
10
0.6353772440944881
20
0.9145707874015748
11
0.6340970866141732
21
0.9126549212598425
0
LINE
8
BLACK
6
CONTINUOUS
10
0.6340970866141732
20
0.9126549212598425
11
0.632181220472441
21
0.9113747637795275
0
LINE
8
BLACK
6
CONTINUOUS
10
0.632181220472441
20
0.9113747637795275
11
0.6299212598425197
21
0.9109252362204724
0
LINE
8
BLACK
6
CONTINUOUS
10
0.6299212598425197
20
0.9109252362204724
11
0.6181102362204725
21
0.9109252362204724
0
LINE
8
BLACK
6
CONTINUOUS
10
0.6181102362204725
20
0.9109252362204724
11
0.6158502755905512
21
0.9113747637795275
0
LINE
8
BLACK
6
CONTINUOUS
10
0.6158502755905512
20
0.9113747637795275
11
0.6139344094488188
21
0.9126549212598425
0
LINE
8
BLACK
6
CONTINUOUS
10
0.6139344094488188
20
0.9126549212598425
11
0.6126542519685039
21
0.9145707874015748
0
LINE
8
BLACK
6
CONTINUOUS
10
0.6126542519685039
20
0.9145707874015748
11
0.6122047244094488
21
0.916830748031496
0
LINE
8
BLACK
6
CONTINUOUS
10
0.6122047244094488
20
0.916830748031496
11
0.6122047244094488
21
0.9630905905511811
0
LINE
8
BLACK
6
CONTINUOUS
10
0.6122047244094488
20
0.9630905905511811
11
0.6126542519685039
21
0.9653505511811024
0
LINE
8
BLACK
6
CONTINUOUS
10
0.6126542519685039
20
0.9653505511811024
11
0.6139344094488188
21
0.9672664173228346
0
LINE
8
BLACK
6
CONTINUOUS
10
0.6139344094488188
20
0.9672664173228346
11
0.6158502755905512
21
0.9685465748031495
0
LINE
8
BLACK
6
CONTINUOUS
10
0.6158502755905512
20
0.9685465748031495
11
0.6181102362204725
21
0.9689961023622047
0
LINE
8
BLACK
6
CONTINUOUS
10
0.6181102362204725
20
0.9689961023622047
11
0.6299212598425197
21
0.9689961023622047
0
LINE
8
BLACK
6
CONTINUOUS
10
0.6299212598425197
20
0.9689961023622047
11
0.632181220472441
21
0.9685465748031495
0
LINE
8
BLACK
6
CONTINUOUS
10
0.7857245275590551
20
0.9724835826771653
11
0.7876403937007874
21
0.9712034251968503
0
LINE
8
BLACK
6
CONTINUOUS
10
0.7876403937007874
20
0.9712034251968503
11
0.7889205511811024
21
0.9692875590551181
0
LINE
8
BLACK
6
CONTINUOUS
10
0.7889205511811024
20
0.9692875590551181
11
0.7893700787401574
21
0.9670275984251968
0
LINE
8
BLACK
6
CONTINUOUS
10
0.7893700787401574
20
0.9670275984251968
11
0.7893700787401574
21
0.9207677559055117
0
LINE
8
BLACK
6
CONTINUOUS
10
0.7893700787401574
20
0.9207677559055117
11
0.7889205511811024
21
0.9185077952755906
0
LINE
8
BLACK
6
CONTINUOUS
10
0.7889205511811024
20
0.9185077952755906
11
0.7876403937007874
21
0.9165919291338582
0
LINE
8
BLACK
6
CONTINUOUS
10
0.7876403937007874
20
0.9165919291338582
11
0.7857245275590551
21
0.9153117716535433
0
LINE
8
BLACK
6
CONTINUOUS
10
0.7857245275590551
20
0.9153117716535433
11
0.7834645669291338
21
0.9148622440944881
0
LINE
8
BLACK
6
CONTINUOUS
10
0.7834645669291338
20
0.9148622440944881
11
0.7716535433070866
21
0.9148622440944881
0
LINE
8
BLACK
6
CONTINUOUS
10
0.7716535433070866
20
0.9148622440944881
11
0.7693935826771653
21
0.9153117716535433
0
LINE
8
BLACK
6
CONTINUOUS
10
0.7693935826771653
20
0.9153117716535433
11
0.7674777165354331
21
0.9165919291338582
0
LINE
8
BLACK
6
CONTINUOUS
10
0.7674777165354331
20
0.9165919291338582
11
0.7661975590551181
21
0.9185077952755906
0
LINE
8
BLACK
6
CONTINUOUS
10
0.7661975590551181
20
0.9185077952755906
11
0.765748031496063
21
0.9207677559055117
0
LINE
8
BLACK
6
CONTINUOUS
10
0.765748031496063
20
0.9207677559055117
11
0.765748031496063
21
0.9670275984251968
0
LINE
8
BLACK
6
CONTINUOUS
10
0.765748031496063
20
0.9670275984251968
11
0.7661975590551181
21
0.9692875590551181
0
LINE
8
BLACK
6
CONTINUOUS
10
0.7661975590551181
20
0.9692875590551181
11
0.7674777165354331
21
0.9712034251968503
0
LINE
8
BLACK
6
CONTINUOUS
10
0.7674777165354331
20
0.9712034251968503
11
0.7693935826771653
21
0.9724835826771653
0
LINE
8
BLACK
6
CONTINUOUS
10
0.7693935826771653
20
0.9724835826771653
11
0.7716535433070866
21
0.9729331102362204
0
LINE
8
BLACK
6
CONTINUOUS
10
0.7716535433070866
20
0.9729331102362204
11
0.7834645669291338
21
0.9729331102362204
0
LINE
8
BLACK
6
CONTINUOUS
10
0.7834645669291338
20
0.9729331102362204
11
0.7857245275590551
21
0.9724835826771653
0
LINE
8
BLACK
6
CONTINUOUS
10
-0.962616968503937
20
0.9648207480314961
11
-0.9595036614173228
21
0.9627404724409448
0
LINE
8
BLACK
6
CONTINUOUS
10
-0.9595036614173228
20
0.9627404724409448
11
-0.9574233858267717
21
0.9596271653543307
0
LINE
8
BLACK
6
CONTINUOUS
10
-0.9574233858267717
20
0.9596271653543307
11
-0.9566929133858267
21
0.9559547637795275
0
LINE
8
BLACK
6
CONTINUOUS
10
-0.9566929133858267
20
0.9559547637795275
11
-0.9566929133858267
21
0.9367618503937007
0
LINE
8
BLACK
6
CONTINUOUS
10
-0.9566929133858267
20
0.9367618503937007
11
-0.9574233858267717
21
0.9330894488188977
0
LINE
8
BLACK
6
CONTINUOUS
10
-0.9574233858267717
20
0.9330894488188977
11
-0.9595036614173228
21
0.9299761417322835
0
LINE
8
BLACK
6
CONTINUOUS
10
-0.9595036614173228
20
0.9299761417322835
11
-0.962616968503937
21
0.9278958661417323
0
LINE
8
BLACK
6
CONTINUOUS
10
-0.962616968503937
20
0.9278958661417323
11
-0.9662893700787402
21
0.9271653937007874
0
LINE
8
BLACK
6
CONTINUOUS
10
-0.9662893700787402
20
0.9271653937007874
11
-1.0022145669291338
21
0.9271653937007874
0
LINE
8
BLACK
6
CONTINUOUS
10
-1.0022145669291338
20
0.9271653937007874
11
-1.0058869685039369
21
0.9278958661417323
0
LINE
8
BLACK
6
CONTINUOUS
10
-1.0058869685039369
20
0.9278958661417323
11
-1.0090002755905512
21
0.9299761417322835
0
LINE
8
BLACK
6
CONTINUOUS
10
-1.0090002755905512
20
0.9299761417322835
11
-1.0110805511811023
21
0.9330894488188977
0
LINE
8
BLACK
6
CONTINUOUS
10
-1.0110805511811023
20
0.9330894488188977
11
-1.0118110236220472
21
0.9367618503937007
0
LINE
8
BLACK
6
CONTINUOUS
10
-1.0118110236220472
20
0.9367618503937007
11
-1.0118110236220472
21
0.9559547637795275
0
LINE
8
BLACK
6
CONTINUOUS
10
-1.0118110236220472
20
0.9559547637795275
11
-1.0110805511811023
21
0.9596271653543307
0
LINE
8
BLACK
6
CONTINUOUS
10
-1.0110805511811023
20
0.9596271653543307
11
-1.0090002755905512
21
0.9627404724409448
0
LINE
8
BLACK
6
CONTINUOUS
10
-1.0090002755905512
20
0.9627404724409448
11
-1.0058869685039369
21
0.9648207480314961
0
LINE
8
BLACK
6
CONTINUOUS
10
-1.0058869685039369
20
0.9648207480314961
11
-1.0022145669291338
21
0.9655512204724409
0
LINE
8
BLACK
6
CONTINUOUS
10
-1.0022145669291338
20
0.9655512204724409
11
-0.9662893700787402
21
0.9655512204724409
0
LINE
8
BLACK
6
CONTINUOUS
10
-0.9662893700787402
20
0.9655512204724409
11
-0.962616968503937
21
0.9648207480314961
0
LINE
8
BLACK
6
CONTINUOUS
10
0.5361359448818898
20
1.0507696456692912
11
0.539329094488189
21
1.0486360236220473
0
LINE
8
BLACK
6
CONTINUOUS
10
0.539329094488189
20
1.0486360236220473
11
0.5643840551181102
21
1.023581062992126
0
LINE
8
BLACK
6
CONTINUOUS
10
0.5643840551181102
20
1.023581062992126
11
0.5665176771653543
21
1.0203879133858267
0
LINE
8
BLACK
6
CONTINUOUS
10
0.5665176771653543
20
1.0203879133858267
11
0.5672668897637795
21
1.0166213385826772
0
LINE
8
BLACK
6
CONTINUOUS
10
0.5672668897637795
20
1.0166213385826772
11
0.5665176771653543
21
1.0128548031496063
0
LINE
8
BLACK
6
CONTINUOUS
10
0.5665176771653543
20
1.0128548031496063
11
0.5643840551181102
21
1.0096616535433072
0
LINE
8
BLACK
6
CONTINUOUS
10
0.5643840551181102
20
1.0096616535433072
11
0.5497686614173228
21
0.9950462598425197
0
LINE
8
BLACK
6
CONTINUOUS
10
0.5497686614173228
20
0.9950462598425197
11
0.5465755118110236
21
0.9929126377952756
0
LINE
8
BLACK
6
CONTINUOUS
10
0.5465755118110236
20
0.9929126377952756
11
0.5428089763779528
21
0.9921634251968504
0
LINE
8
BLACK
6
CONTINUOUS
10
0.5428089763779528
20
0.9921634251968504
11
0.5390424015748031
21
0.9929126377952756
0
LINE
8
BLACK
6
CONTINUOUS
10
0.5390424015748031
20
0.9929126377952756
11
0.535849251968504
21
0.9950462598425197
0
LINE
8
BLACK
6
CONTINUOUS
10
0.535849251968504
20
0.9950462598425197
11
0.5107942913385827
21
1.0201012204724409
0
LINE
8
BLACK
6
CONTINUOUS
10
0.5107942913385827
20
1.0201012204724409
11
0.5086606692913386
21
1.02329437007874
0
LINE
8
BLACK
6
CONTINUOUS
10
0.5086606692913386
20
1.02329437007874
11
0.5079114566929134
21
1.0270609448818897
0
LINE
8
BLACK
6
CONTINUOUS
10
0.5079114566929134
20
1.0270609448818897
11
0.5086606692913386
21
1.0308274803149606
0
LINE
8
BLACK
6
CONTINUOUS
10
0.5086606692913386
20
1.0308274803149606
11
0.5107942913385827
21
1.0340206299212598
0
LINE
8
BLACK
6
CONTINUOUS
10
0.5107942913385827
20
1.0340206299212598
11
0.52540968503937
21
1.0486360236220473
0
LINE
8
BLACK
6
CONTINUOUS
10
0.52540968503937
20
1.0486360236220473
11
0.5286028346456693
21
1.0507696456692912
0
LINE
8
BLACK
6
CONTINUOUS
10
0.5286028346456693
20
1.0507696456692912
11
0.5323693700787402
21
1.0515188582677164
0
LINE
8
BLACK
6
CONTINUOUS
10
0.5323693700787402
20
1.0515188582677164
11
0.5361359448818898
21
1.0507696456692912
0
LINE
8
BLACK
6
CONTINUOUS
10
0.4014043700787401
20
1.0917704724409449
11
0.4045975196850394
21
1.0896368897637796
0
LINE
8
BLACK
6
CONTINUOUS
10
0.4045975196850394
20
1.0896368897637796
11
0.4067311023622047
21
1.0864437401574802
0
LINE
8
BLACK
6
CONTINUOUS
10
0.4067311023622047
20
1.0864437401574802
11
0.4074803149606299
21
1.0826771653543308
0
LINE
8
BLACK
6
CONTINUOUS
10
0.4074803149606299
20
1.0826771653543308
11
0.4074803149606299
21
1.0039370078740157
0
LINE
8
BLACK
6
CONTINUOUS
10
0.4074803149606299
20
1.0039370078740157
11
0.4067311023622047
21
1.0001704330708661
0
LINE
8
BLACK
6
CONTINUOUS
10
0.4067311023622047
20
1.0001704330708661
11
0.4045975196850394
21
0.9969772834645669
0
LINE
8
BLACK
6
CONTINUOUS
10
0.4045975196850394
20
0.9969772834645669
11
0.4014043700787401
21
0.9948437007874016
0
LINE
8
BLACK
6
CONTINUOUS
10
0.4014043700787401
20
0.9948437007874016
11
0.3976377952755906
21
0.9940944881889764
0
LINE
8
BLACK
6
CONTINUOUS
10
0.3976377952755906
20
0.9940944881889764
11
0.2874015748031496
21
0.9940944881889764
0
LINE
8
BLACK
6
CONTINUOUS
10
0.2874015748031496
20
0.9940944881889764
11
0.283635
21
0.9948437007874016
0
LINE
8
BLACK
6
CONTINUOUS
10
0.283635
20
0.9948437007874016
11
0.2804418503937008
21
0.9969772834645669
0
LINE
8
BLACK
6
CONTINUOUS
10
0.2804418503937008
20
0.9969772834645669
11
0.2783082677165354
21
1.0001704330708661
0
LINE
8
BLACK
6
CONTINUOUS
10
0.2783082677165354
20
1.0001704330708661
11
0.2775590551181102
21
1.0039370078740157
0
LINE
8
BLACK
6
CONTINUOUS
10
0.2775590551181102
20
1.0039370078740157
11
0.2775590551181102
21
1.0826771653543308
0
LINE
8
BLACK
6
CONTINUOUS
10
0.2775590551181102
20
1.0826771653543308
11
0.2783082677165354
21
1.0864437401574802
0
LINE
8
BLACK
6
CONTINUOUS
10
0.2783082677165354
20
1.0864437401574802
11
0.2804418503937008
21
1.0896368897637796
0
LINE
8
BLACK
6
CONTINUOUS
10
0.2804418503937008
20
1.0896368897637796
11
0.283635
21
1.0917704724409449
0
LINE
8
BLACK
6
CONTINUOUS
10
0.283635
20
1.0917704724409449
11
0.2874015748031496
21
1.0925196850393701
0
LINE
8
BLACK
6
CONTINUOUS
10
0.2874015748031496
20
1.0925196850393701
11
0.3976377952755906
21
1.0925196850393701
0
LINE
8
BLACK
6
CONTINUOUS
10
0.3976377952755906
20
1.0925196850393701
11
0.4014043700787401
21
1.0917704724409449
0
LINE
8
BLACK
6
CONTINUOUS
10
1.1879325984251967
20
1.0862027165354331
11
1.1911257480314961
21
1.084069094488189
0
LINE
8
BLACK
6
CONTINUOUS
10
1.1911257480314961
20
1.084069094488189
11
1.2057411417322834
21
1.0694537007874017
0
LINE
8
BLACK
6
CONTINUOUS
10
1.2057411417322834
20
1.0694537007874017
11
1.2078747637795275
21
1.0662605511811023
0
LINE
8
BLACK
6
CONTINUOUS
10
1.2078747637795275
20
1.0662605511811023
11
1.2086239763779527
21
1.0624940157480314
0
LINE
8
BLACK
6
CONTINUOUS
10
1.2086239763779527
20
1.0624940157480314
11
1.2078747637795275
21
1.0587274409448819
0
LINE
8
BLACK
6
CONTINUOUS
10
1.2078747637795275
20
1.0587274409448819
11
1.2057411417322834
21
1.0555342913385826
0
LINE
8
BLACK
6
CONTINUOUS
10
1.2057411417322834
20
1.0555342913385826
11
1.1806861811023621
21
1.0304793307086615
0
LINE
8
BLACK
6
CONTINUOUS
10
1.1806861811023621
20
1.0304793307086615
11
1.177493031496063
21
1.0283457086614174
0
LINE
8
BLACK
6
CONTINUOUS
10
1.177493031496063
20
1.0283457086614174
11
1.1737264566929133
21
1.0275964960629922
0
LINE
8
BLACK
6
CONTINUOUS
10
1.1737264566929133
20
1.0275964960629922
11
1.1699599212598424
21
1.0283457086614174
0
LINE
8
BLACK
6
CONTINUOUS
10
1.1699599212598424
20
1.0283457086614174
11
1.1667667716535433
21
1.0304793307086615
0
LINE
8
BLACK
6
CONTINUOUS
10
1.1667667716535433
20
1.0304793307086615
11
1.1521513779527559
21
1.0450947244094488
0
LINE
8
BLACK
6
CONTINUOUS
10
1.1521513779527559
20
1.0450947244094488
11
1.1500177559055118
21
1.048287874015748
0
LINE
8
BLACK
6
CONTINUOUS
10
1.1500177559055118
20
1.048287874015748
11
1.1492685433070866
21
1.0520544094488189
0
LINE
8
BLACK
6
CONTINUOUS
10
1.1492685433070866
20
1.0520544094488189
11
1.1500177559055118
21
1.0558209842519686
0
LINE
8
BLACK
6
CONTINUOUS
10
1.1500177559055118
20
1.0558209842519686
11
1.1521513779527559
21
1.0590141338582677
0
LINE
8
BLACK
6
CONTINUOUS
10
1.1521513779527559
20
1.0590141338582677
11
1.1772063385826772
21
1.084069094488189
0
LINE
8
BLACK
6
CONTINUOUS
10
1.1772063385826772
20
1.084069094488189
11
1.1803994881889763
21
1.0862027165354331
0
LINE
8
BLACK
6
CONTINUOUS
10
1.1803994881889763
20
1.0862027165354331
11
1.184166062992126
21
1.0869519291338583
0
LINE
8
BLACK
6
CONTINUOUS
10
1.184166062992126
20
1.0869519291338583
11
1.1879325984251967
21
1.0862027165354331
0
LINE
8
BLACK
6
CONTINUOUS
10
0.5869418503937007
20
1.1015755511811023
11
0.590135
21
1.0994419291338582
0
LINE
8
BLACK
6
CONTINUOUS
10
0.590135
20
1.0994419291338582
11
0.6151899606299213
21
1.0743869685039369
0
LINE
8
BLACK
6
CONTINUOUS
10
0.6151899606299213
20
1.0743869685039369
11
0.6173235826771654
21
1.0711938188976378
0
LINE
8
BLACK
6
CONTINUOUS
10
0.6173235826771654
20
1.0711938188976378
11
0.6180727952755906
21
1.0674272440944881
0
LINE
8
BLACK
6
CONTINUOUS
10
0.6180727952755906
20
1.0674272440944881
11
0.6173235826771654
21
1.0636607086614174
0
LINE
8
BLACK
6
CONTINUOUS
10
0.6173235826771654
20
1.0636607086614174
11
0.6151899606299213
21
1.060467559055118
0
LINE
8
BLACK
6
CONTINUOUS
10
0.6151899606299213
20
1.060467559055118
11
0.6005745669291338
21
1.0458521653543307
0
LINE
8
BLACK
6
CONTINUOUS
10
0.6005745669291338
20
1.0458521653543307
11
0.5973814173228347
21
1.0437185433070866
0
LINE
8
BLACK
6
CONTINUOUS
10
0.5973814173228347
20
1.0437185433070866
11
0.5936148818897637
21
1.0429693307086614
0
LINE
8
BLACK
6
CONTINUOUS
10
0.5936148818897637
20
1.0429693307086614
11
0.5898483070866142
21
1.0437185433070866
0
LINE
8
BLACK
6
CONTINUOUS
10
0.5898483070866142
20
1.0437185433070866
11
0.5866551574803149
21
1.0458521653543307
0
LINE
8
BLACK
6
CONTINUOUS
10
0.5866551574803149
20
1.0458521653543307
11
0.5616001968503936
21
1.070907125984252
0
LINE
8
BLACK
6
CONTINUOUS
10
0.5616001968503936
20
1.070907125984252
11
0.5594665748031495
21
1.0741002755905511
0
LINE
8
BLACK
6
CONTINUOUS
10
0.5594665748031495
20
1.0741002755905511
11
0.5587173622047243
21
1.0778668503937008
0
LINE
8
BLACK
6
CONTINUOUS
10
0.5587173622047243
20
1.0778668503937008
11
0.5594665748031495
21
1.0816333858267717
0
LINE
8
BLACK
6
CONTINUOUS
10
0.5594665748031495
20
1.0816333858267717
11
0.5616001968503936
21
1.0848265354330708
0
LINE
8
BLACK
6
CONTINUOUS
10
0.5616001968503936
20
1.0848265354330708
11
0.5762155905511811
21
1.0994419291338582
0
LINE
8
BLACK
6
CONTINUOUS
10
0.5762155905511811
20
1.0994419291338582
11
0.5794087401574803
21
1.1015755511811023
0
LINE
8
BLACK
6
CONTINUOUS
10
0.5794087401574803
20
1.1015755511811023
11
0.5831752755905512
21
1.1023247637795275
0
LINE
8
BLACK
6
CONTINUOUS
10
0.5831752755905512
20
1.1023247637795275
11
0.5869418503937007
21
1.1015755511811023
0
LINE
8
BLACK
6
CONTINUOUS
10
1.1371266929133859
20
1.1370086220472442
11
1.140319842519685
21
1.1348750000000001
0
LINE
8
BLACK
6
CONTINUOUS
10
1.140319842519685
20
1.1348750000000001
11
1.1549352362204723
21
1.1202596062992125
0
LINE
8
BLACK
6
CONTINUOUS
10
1.1549352362204723
20
1.1202596062992125
11
1.1570688582677164
21
1.1170664566929134
0
LINE
8
BLACK
6
CONTINUOUS
10
1.1570688582677164
20
1.1170664566929134
11
1.1578180708661416
21
1.1132999212598425
0
LINE
8
BLACK
6
CONTINUOUS
10
1.1578180708661416
20
1.1132999212598425
11
1.1570688582677164
21
1.109533346456693
0
LINE
8
BLACK
6
CONTINUOUS
10
1.1570688582677164
20
1.109533346456693
11
1.1549352362204723
21
1.1063401968503936
0
LINE
8
BLACK
6
CONTINUOUS
10
1.1549352362204723
20
1.1063401968503936
11
1.1298802755905513
21
1.0812852362204723
0
LINE
8
BLACK
6
CONTINUOUS
10
1.1298802755905513
20
1.0812852362204723
11
1.1266871259842519
21
1.0791516141732282
0
LINE
8
BLACK
6
CONTINUOUS
10
1.1266871259842519
20
1.0791516141732282
11
1.1229205511811022
21
1.078402401574803
0
LINE
8
BLACK
6
CONTINUOUS
10
1.1229205511811022
20
1.078402401574803
11
1.1191540157480315
21
1.0791516141732282
0
LINE
8
BLACK
6
CONTINUOUS
10
1.1191540157480315
20
1.0791516141732282
11
1.1159608661417322
21
1.0812852362204723
0
LINE
8
BLACK
6
CONTINUOUS
10
1.1159608661417322
20
1.0812852362204723
11
1.1013454724409448
21
1.0959006299212599
0
LINE
8
BLACK
6
CONTINUOUS
10
1.1013454724409448
20
1.0959006299212599
11
1.0992118503937007
21
1.099093779527559
0
LINE
8
BLACK
6
CONTINUOUS
10
1.0992118503937007
20
1.099093779527559
11
1.0984626377952755
21
1.10286031496063
0
LINE
8
BLACK
6
CONTINUOUS
10
1.0984626377952755
20
1.10286031496063
11
1.0992118503937007
21
1.1066268897637794
0
LINE
8
BLACK
6
CONTINUOUS
10
1.0992118503937007
20
1.1066268897637794
11
1.1013454724409448
21
1.1098200393700788
0
LINE
8
BLACK
6
CONTINUOUS
10
1.1013454724409448
20
1.1098200393700788
11
1.1264004330708661
21
1.1348750000000001
0
LINE
8
BLACK
6
CONTINUOUS
10
1.1264004330708661
20
1.1348750000000001
11
1.1295935826771653
21
1.1370086220472442
0
LINE
8
BLACK
6
CONTINUOUS
10
1.1295935826771653
20
1.1370086220472442
11
1.1333601574803149
21
1.1377578346456694
0
LINE
8
BLACK
6
CONTINUOUS
10
1.1333601574803149
20
1.1377578346456694
11
1.1371266929133859
21
1.1370086220472442
0
LINE
8
BLACK
6
CONTINUOUS
10
0.7655775984251968
20
1.1409830708661417
11
0.768770748031496
21
1.1388494881889764
0
LINE
8
BLACK
6
CONTINUOUS
10
0.768770748031496
20
1.1388494881889764
11
0.7709043307086614
21
1.1356563385826772
0
LINE
8
BLACK
6
CONTINUOUS
10
0.7709043307086614
20
1.1356563385826772
11
0.7716535433070866
21
1.1318897637795275
0
LINE
8
BLACK
6
CONTINUOUS
10
0.7716535433070866
20
1.1318897637795275
11
0.7716535433070866
21
1.0964566929133859
0
LINE
8
BLACK
6
CONTINUOUS
10
0.7716535433070866
20
1.0964566929133859
11
0.7709043307086614
21
1.0926901181102362
0
LINE
8
BLACK
6
CONTINUOUS
10
0.7709043307086614
20
1.0926901181102362
11
0.768770748031496
21
1.0894969685039371
0
LINE
8
BLACK
6
CONTINUOUS
10
0.768770748031496
20
1.0894969685039371
11
0.7655775984251968
21
1.0873633858267717
0
LINE
8
BLACK
6
CONTINUOUS
10
0.7655775984251968
20
1.0873633858267717
11
0.7618110236220472
21
1.0866141732283465
0
LINE
8
BLACK
6
CONTINUOUS
10
0.7618110236220472
20
1.0866141732283465
11
0.7411417322834646
21
1.0866141732283465
0
LINE
8
BLACK
6
CONTINUOUS
10
0.7411417322834646
20
1.0866141732283465
11
0.7373751574803149
21
1.0873633858267717
0
LINE
8
BLACK
6
CONTINUOUS
10
0.7373751574803149
20
1.0873633858267717
11
0.7341820078740158
21
1.0894969685039371
0
LINE
8
BLACK
6
CONTINUOUS
10
0.7341820078740158
20
1.0894969685039371
11
0.7320484251968504
21
1.0926901181102362
0
LINE
8
BLACK
6
CONTINUOUS
10
0.7320484251968504
20
1.0926901181102362
11
0.7312992125984252
21
1.0964566929133859
0
LINE
8
BLACK
6
CONTINUOUS
10
0.7312992125984252
20
1.0964566929133859
11
0.7312992125984252
21
1.1318897637795275
0
LINE
8
BLACK
6
CONTINUOUS
10
0.7312992125984252
20
1.1318897637795275
11
0.7320484251968504
21
1.1356563385826772
0
LINE
8
BLACK
6
CONTINUOUS
10
0.7320484251968504
20
1.1356563385826772
11
0.7341820078740158
21
1.1388494881889764
0
LINE
8
BLACK
6
CONTINUOUS
10
0.7341820078740158
20
1.1388494881889764
11
0.7373751574803149
21
1.1409830708661417
0
LINE
8
BLACK
6
CONTINUOUS
10
0.7373751574803149
20
1.1409830708661417
11
0.7411417322834646
21
1.1417322834645669
0
LINE
8
BLACK
6
CONTINUOUS
10
0.7411417322834646
20
1.1417322834645669
11
0.7618110236220472
21
1.1417322834645669
0
LINE
8
BLACK
6
CONTINUOUS
10
0.7618110236220472
20
1.1417322834645669
11
0.7655775984251968
21
1.1409830708661417
0
LINE
8
BLACK
6
CONTINUOUS
10
0.8374279921259842
20
1.1409830708661417
11
0.8406211417322834
21
1.1388494881889764
0
LINE
8
BLACK
6
CONTINUOUS
10
0.8406211417322834
20
1.1388494881889764
11
0.8427547244094488
21
1.1356563385826772
0
LINE
8
BLACK
6
CONTINUOUS
10
0.8427547244094488
20
1.1356563385826772
11
0.843503937007874
21
1.1318897637795275
0
LINE
8
BLACK
6
CONTINUOUS
10
0.843503937007874
20
1.1318897637795275
11
0.843503937007874
21
1.0964566929133859
0
LINE
8
BLACK
6
CONTINUOUS
10
0.843503937007874
20
1.0964566929133859
11
0.8427547244094488
21
1.0926901181102362
0
LINE
8
BLACK
6
CONTINUOUS
10
0.8427547244094488
20
1.0926901181102362
11
0.8406211417322834
21
1.0894969685039371
0
LINE
8
BLACK
6
CONTINUOUS
10
0.8406211417322834
20
1.0894969685039371
11
0.8374279921259842
21
1.0873633858267717
0
LINE
8
BLACK
6
CONTINUOUS
10
0.8374279921259842
20
1.0873633858267717
11
0.8336614173228346
21
1.0866141732283465
0
LINE
8
BLACK
6
CONTINUOUS
10
0.8336614173228346
20
1.0866141732283465
11
0.812992125984252
21
1.0866141732283465
0
LINE
8
BLACK
6
CONTINUOUS
10
0.812992125984252
20
1.0866141732283465
11
0.8092255511811024
21
1.0873633858267717
0
LINE
8
BLACK
6
CONTINUOUS
10
0.8092255511811024
20
1.0873633858267717
11
0.8060324015748032
21
1.0894969685039371
0
LINE
8
BLACK
6
CONTINUOUS
10
0.8060324015748032
20
1.0894969685039371
11
0.8038988188976378
21
1.0926901181102362
0
LINE
8
BLACK
6
CONTINUOUS
10
0.8038988188976378
20
1.0926901181102362
11
0.8031496062992126
21
1.0964566929133859
0
LINE
8
BLACK
6
CONTINUOUS
10
0.8031496062992126
20
1.0964566929133859
11
0.8031496062992126
21
1.1318897637795275
0
LINE
8
BLACK
6
CONTINUOUS
10
0.8031496062992126
20
1.1318897637795275
11
0.8038988188976378
21
1.1356563385826772
0
LINE
8
BLACK
6
CONTINUOUS
10
0.8038988188976378
20
1.1356563385826772
11
0.8060324015748032
21
1.1388494881889764
0
LINE
8
BLACK
6
CONTINUOUS
10
0.8060324015748032
20
1.1388494881889764
11
0.8092255511811024
21
1.1409830708661417
0
LINE
8
BLACK
6
CONTINUOUS
10
0.8092255511811024
20
1.1409830708661417
11
0.812992125984252
21
1.1417322834645669
0
LINE
8
BLACK
6
CONTINUOUS
10
0.812992125984252
20
1.1417322834645669
11
0.8336614173228346
21
1.1417322834645669
0
LINE
8
BLACK
6
CONTINUOUS
10
0.8336614173228346
20
1.1417322834645669
11
0.8374279921259842
21
1.1409830708661417
0
LINE
8
BLACK
6
CONTINUOUS
10
0.6705670472440944
20
1.2662827165354331
11
0.6724829133858268
21
1.2650025590551182
0
LINE
8
BLACK
6
CONTINUOUS
10
0.6724829133858268
20
1.2650025590551182
11
0.6737630708661417
21
1.2630866929133857
0
LINE
8
BLACK
6
CONTINUOUS
10
0.6737630708661417
20
1.2630866929133857
11
0.6742125984251969
21
1.2608267322834645
0
LINE
8
BLACK
6
CONTINUOUS
10
0.6742125984251969
20
1.2608267322834645
11
0.6742125984251969
21
1.1919290944881888
0
LINE
8
BLACK
6
CONTINUOUS
10
0.6742125984251969
20
1.1919290944881888
11
0.6737630708661417
21
1.1896691338582677
0
LINE
8
BLACK
6
CONTINUOUS
10
0.6737630708661417
20
1.1896691338582677
11
0.6724829133858268
21
1.1877532677165354
0
LINE
8
BLACK
6
CONTINUOUS
10
0.6724829133858268
20
1.1877532677165354
11
0.6705670472440944
21
1.1864731102362205
0
LINE
8
BLACK
6
CONTINUOUS
10
0.6705670472440944
20
1.1864731102362205
11
0.6683070866141733
21
1.1860235826771652
0
LINE
8
BLACK
6
CONTINUOUS
10
0.6683070866141733
20
1.1860235826771652
11
0.6564960629921259
21
1.1860235826771652
0
LINE
8
BLACK
6
CONTINUOUS
10
0.6564960629921259
20
1.1860235826771652
11
0.6542361023622048
21
1.1864731102362205
0
LINE
8
BLACK
6
CONTINUOUS
10
0.6542361023622048
20
1.1864731102362205
11
0.6523202362204724
21
1.1877532677165354
0
LINE
8
BLACK
6
CONTINUOUS
10
0.6523202362204724
20
1.1877532677165354
11
0.6510400787401575
21
1.1896691338582677
0
LINE
8
BLACK
6
CONTINUOUS
10
0.6510400787401575
20
1.1896691338582677
11
0.6505905511811023
21
1.1919290944881888
0
LINE
8
BLACK
6
CONTINUOUS
10
0.6505905511811023
20
1.1919290944881888
11
0.6505905511811023
21
1.2608267322834645
0
LINE
8
BLACK
6
CONTINUOUS
10
0.6505905511811023
20
1.2608267322834645
11
0.6510400787401575
21
1.2630866929133857
0
LINE
8
BLACK
6
CONTINUOUS
10
0.6510400787401575
20
1.2630866929133857
11
0.6523202362204724
21
1.2650025590551182
0
LINE
8
BLACK
6
CONTINUOUS
10
0.6523202362204724
20
1.2650025590551182
11
0.6542361023622048
21
1.2662827165354331
0
LINE
8
BLACK
6
CONTINUOUS
10
0.6542361023622048
20
1.2662827165354331
11
0.6564960629921259
21
1.2667322440944881
0
LINE
8
BLACK
6
CONTINUOUS
10
0.6564960629921259
20
1.2667322440944881
11
0.6683070866141733
21
1.2667322440944881
0
LINE
8
BLACK
6
CONTINUOUS
10
0.6683070866141733
20
1.2667322440944881
11
0.6705670472440944
21
1.2662827165354331
0
LINE
8
BLACK
6
CONTINUOUS
10
0.9205670472440944
20
1.2662827165354331
11
0.9224829133858268
21
1.2650025590551182
0
LINE
8
BLACK
6
CONTINUOUS
10
0.9224829133858268
20
1.2650025590551182
11
0.9237630708661417
21
1.2630866929133857
0
LINE
8
BLACK
6
CONTINUOUS
10
0.9237630708661417
20
1.2630866929133857
11
0.9242125984251969
21
1.2608267322834645
0
LINE
8
BLACK
6
CONTINUOUS
10
0.9242125984251969
20
1.2608267322834645
11
0.9242125984251969
21
1.1919290944881888
0
LINE
8
BLACK
6
CONTINUOUS
10
0.9242125984251969
20
1.1919290944881888
11
0.9237630708661417
21
1.1896691338582677
0
LINE
8
BLACK
6
CONTINUOUS
10
0.9237630708661417
20
1.1896691338582677
11
0.9224829133858268
21
1.1877532677165354
0
LINE
8
BLACK
6
CONTINUOUS
10
0.9224829133858268
20
1.1877532677165354
11
0.9205670472440944
21
1.1864731102362205
0
LINE
8
BLACK
6
CONTINUOUS
10
0.9205670472440944
20
1.1864731102362205
11
0.9183070866141733
21
1.1860235826771652
0
LINE
8
BLACK
6
CONTINUOUS
10
0.9183070866141733
20
1.1860235826771652
11
0.9064960629921259
21
1.1860235826771652
0
LINE
8
BLACK
6
CONTINUOUS
10
0.9064960629921259
20
1.1860235826771652
11
0.9042361023622048
21
1.1864731102362205
0
LINE
8
BLACK
6
CONTINUOUS
10
0.9042361023622048
20
1.1864731102362205
11
0.9023202362204724
21
1.1877532677165354
0
LINE
8
BLACK
6
CONTINUOUS
10
0.9023202362204724
20
1.1877532677165354
11
0.9010400787401575
21
1.1896691338582677
0
LINE
8
BLACK
6
CONTINUOUS
10
0.9010400787401575
20
1.1896691338582677
11
0.9005905511811023
21
1.1919290944881888
0
LINE
8
BLACK
6
CONTINUOUS
10
0.9005905511811023
20
1.1919290944881888
11
0.9005905511811023
21
1.2608267322834645
0
LINE
8
BLACK
6
CONTINUOUS
10
0.9005905511811023
20
1.2608267322834645
11
0.9010400787401575
21
1.2630866929133857
0
LINE
8
BLACK
6
CONTINUOUS
10
0.9010400787401575
20
1.2630866929133857
11
0.9023202362204724
21
1.2650025590551182
0
LINE
8
BLACK
6
CONTINUOUS
10
0.9023202362204724
20
1.2650025590551182
11
0.9042361023622048
21
1.2662827165354331
0
LINE
8
BLACK
6
CONTINUOUS
10
0.9042361023622048
20
1.2662827165354331
11
0.9064960629921259
21
1.2667322440944881
0
LINE
8
BLACK
6
CONTINUOUS
10
0.9064960629921259
20
1.2667322440944881
11
0.9183070866141733
21
1.2667322440944881
0
LINE
8
BLACK
6
CONTINUOUS
10
0.9183070866141733
20
1.2667322440944881
11
0.9205670472440944
21
1.2662827165354331
0
LINE
8
BLACK
6
CONTINUOUS
10
0.6205670472440945
20
1.2662827559055119
11
0.6224829133858267
21
1.2650025984251969
0
LINE
8
BLACK
6
CONTINUOUS
10
0.6224829133858267
20
1.2650025984251969
11
0.6237630708661417
21
1.2630867322834645
0
LINE
8
BLACK
6
CONTINUOUS
10
0.6237630708661417
20
1.2630867322834645
11
0.6242125984251968
21
1.2608267716535433
0
LINE
8
BLACK
6
CONTINUOUS
10
0.6242125984251968
20
1.2608267716535433
11
0.6242125984251968
21
1.1919291338582676
0
LINE
8
BLACK
6
CONTINUOUS
10
0.6242125984251968
20
1.1919291338582676
11
0.6237630708661417
21
1.1896691732283464
0
LINE
8
BLACK
6
CONTINUOUS
10
0.6237630708661417
20
1.1896691732283464
11
0.6224829133858267
21
1.1877533070866142
0
LINE
8
BLACK
6
CONTINUOUS
10
0.6224829133858267
20
1.1877533070866142
11
0.6205670472440945
21
1.1864731496062992
0
LINE
8
BLACK
6
CONTINUOUS
10
0.6205670472440945
20
1.1864731496062992
11
0.6183070866141732
21
1.186023622047244
0
LINE
8
BLACK
6
CONTINUOUS
10
0.6183070866141732
20
1.186023622047244
11
0.606496062992126
21
1.186023622047244
0
LINE
8
BLACK
6
CONTINUOUS
10
0.606496062992126
20
1.186023622047244
11
0.6042361023622047
21
1.1864731496062992
0
LINE
8
BLACK
6
CONTINUOUS
10
0.6042361023622047
20
1.1864731496062992
11
0.6023202362204725
21
1.1877533070866142
0
LINE
8
BLACK
6
CONTINUOUS
10
0.6023202362204725
20
1.1877533070866142
11
0.6010400787401574
21
1.1896691732283464
0
LINE
8
BLACK
6
CONTINUOUS
10
0.6010400787401574
20
1.1896691732283464
11
0.6005905511811024
21
1.1919291338582676
0
LINE
8
BLACK
6
CONTINUOUS
10
0.6005905511811024
20
1.1919291338582676
11
0.6005905511811024
21
1.2608267716535433
0
LINE
8
BLACK
6
CONTINUOUS
10
0.6005905511811024
20
1.2608267716535433
11
0.6010400787401574
21
1.2630867322834645
0
LINE
8
BLACK
6
CONTINUOUS
10
0.6010400787401574
20
1.2630867322834645
11
0.6023202362204725
21
1.2650025984251969
0
LINE
8
BLACK
6
CONTINUOUS
10
0.6023202362204725
20
1.2650025984251969
11
0.6042361023622047
21
1.2662827559055119
0
LINE
8
BLACK
6
CONTINUOUS
10
0.6042361023622047
20
1.2662827559055119
11
0.606496062992126
21
1.2667322834645669
0
LINE
8
BLACK
6
CONTINUOUS
10
0.606496062992126
20
1.2667322834645669
11
0.6183070866141732
21
1.2667322834645669
0
LINE
8
BLACK
6
CONTINUOUS
10
0.6183070866141732
20
1.2667322834645669
11
0.6205670472440945
21
1.2662827559055119
0
LINE
8
BLACK
6
CONTINUOUS
10
0.7205670472440945
20
1.2662827559055119
11
0.7224829133858267
21
1.2650025984251969
0
LINE
8
BLACK
6
CONTINUOUS
10
0.7224829133858267
20
1.2650025984251969
11
0.7237630708661417
21
1.2630867322834645
0
LINE
8
BLACK
6
CONTINUOUS
10
0.7237630708661417
20
1.2630867322834645
11
0.7242125984251968
21
1.2608267716535433
0
LINE
8
BLACK
6
CONTINUOUS
10
0.7242125984251968
20
1.2608267716535433
11
0.7242125984251968
21
1.1919291338582676
0
LINE
8
BLACK
6
CONTINUOUS
10
0.7242125984251968
20
1.1919291338582676
11
0.7237630708661417
21
1.1896691732283464
0
LINE
8
BLACK
6
CONTINUOUS
10
0.7237630708661417
20
1.1896691732283464
11
0.7224829133858267
21
1.1877533070866142
0
LINE
8
BLACK
6
CONTINUOUS
10
0.7224829133858267
20
1.1877533070866142
11
0.7205670472440945
21
1.1864731496062992
0
LINE
8
BLACK
6
CONTINUOUS
10
0.7205670472440945
20
1.1864731496062992
11
0.7183070866141732
21
1.186023622047244
0
LINE
8
BLACK
6
CONTINUOUS
10
0.7183070866141732
20
1.186023622047244
11
0.706496062992126
21
1.186023622047244
0
LINE
8
BLACK
6
CONTINUOUS
10
0.706496062992126
20
1.186023622047244
11
0.7042361023622047
21
1.1864731496062992
0
LINE
8
BLACK
6
CONTINUOUS
10
0.7042361023622047
20
1.1864731496062992
11
0.7023202362204725
21
1.1877533070866142
0
LINE
8
BLACK
6
CONTINUOUS
10
0.7023202362204725
20
1.1877533070866142
11
0.7010400787401575
21
1.1896691732283464
0
LINE
8
BLACK
6
CONTINUOUS
10
0.7010400787401575
20
1.1896691732283464
11
0.7005905511811024
21
1.1919291338582676
0
LINE
8
BLACK
6
CONTINUOUS
10
0.7005905511811024
20
1.1919291338582676
11
0.7005905511811024
21
1.2608267716535433
0
LINE
8
BLACK
6
CONTINUOUS
10
0.7005905511811024
20
1.2608267716535433
11
0.7010400787401575
21
1.2630867322834645
0
LINE
8
BLACK
6
CONTINUOUS
10
0.7010400787401575
20
1.2630867322834645
11
0.7023202362204725
21
1.2650025984251969
0
LINE
8
BLACK
6
CONTINUOUS
10
0.7023202362204725
20
1.2650025984251969
11
0.7042361023622047
21
1.2662827559055119
0
LINE
8
BLACK
6
CONTINUOUS
10
0.7042361023622047
20
1.2662827559055119
11
0.706496062992126
21
1.2667322834645669
0
LINE
8
BLACK
6
CONTINUOUS
10
0.706496062992126
20
1.2667322834645669
11
0.7183070866141732
21
1.2667322834645669
0
LINE
8
BLACK
6
CONTINUOUS
10
0.7183070866141732
20
1.2667322834645669
11
0.7205670472440945
21
1.2662827559055119
0
LINE
8
BLACK
6
CONTINUOUS
10
0.7705670472440944
20
1.2662827559055119
11
0.7724829133858268
21
1.2650025984251969
0
LINE
8
BLACK
6
CONTINUOUS
10
0.7724829133858268
20
1.2650025984251969
11
0.7737630708661417
21
1.2630867322834645
0
LINE
8
BLACK
6
CONTINUOUS
10
0.7737630708661417
20
1.2630867322834645
11
0.7742125984251969
21
1.2608267716535433
0
LINE
8
BLACK
6
CONTINUOUS
10
0.7742125984251969
20
1.2608267716535433
11
0.7742125984251969
21
1.1919291338582676
0
LINE
8
BLACK
6
CONTINUOUS
10
0.7742125984251969
20
1.1919291338582676
11
0.7737630708661417
21
1.1896691732283464
0
LINE
8
BLACK
6
CONTINUOUS
10
0.7737630708661417
20
1.1896691732283464
11
0.7724829133858268
21
1.1877533070866142
0
LINE
8
BLACK
6
CONTINUOUS
10
0.7724829133858268
20
1.1877533070866142
11
0.7705670472440944
21
1.1864731496062992
0
LINE
8
BLACK
6
CONTINUOUS
10
0.7705670472440944
20
1.1864731496062992
11
0.7683070866141732
21
1.186023622047244
0
LINE
8
BLACK
6
CONTINUOUS
10
0.7683070866141732
20
1.186023622047244
11
0.756496062992126
21
1.186023622047244
0
LINE
8
BLACK
6
CONTINUOUS
10
0.756496062992126
20
1.186023622047244
11
0.7542361023622047
21
1.1864731496062992
0
LINE
8
BLACK
6
CONTINUOUS
10
0.7542361023622047
20
1.1864731496062992
11
0.7523202362204724
21
1.1877533070866142
0
LINE
8
BLACK
6
CONTINUOUS
10
0.7523202362204724
20
1.1877533070866142
11
0.7510400787401574
21
1.1896691732283464
0
LINE
8
BLACK
6
CONTINUOUS
10
0.7510400787401574
20
1.1896691732283464
11
0.7505905511811023
21
1.1919291338582676
0
LINE
8
BLACK
6
CONTINUOUS
10
0.7505905511811023
20
1.1919291338582676
11
0.7505905511811023
21
1.2608267716535433
0
LINE
8
BLACK
6
CONTINUOUS
10
0.7505905511811023
20
1.2608267716535433
11
0.7510400787401574
21
1.2630867322834645
0
LINE
8
BLACK
6
CONTINUOUS
10
0.7510400787401574
20
1.2630867322834645
11
0.7523202362204724
21
1.2650025984251969
0
LINE
8
BLACK
6
CONTINUOUS
10
0.7523202362204724
20
1.2650025984251969
11
0.7542361023622047
21
1.2662827559055119
0
LINE
8
BLACK
6
CONTINUOUS
10
0.7542361023622047
20
1.2662827559055119
11
0.756496062992126
21
1.2667322834645669
0
LINE
8
BLACK
6
CONTINUOUS
10
0.756496062992126
20
1.2667322834645669
11
0.7683070866141732
21
1.2667322834645669
0
LINE
8
BLACK
6
CONTINUOUS
10
0.7683070866141732
20
1.2667322834645669
11
0.7705670472440944
21
1.2662827559055119
0
LINE
8
BLACK
6
CONTINUOUS
10
0.8205670472440945
20
1.2662827559055119
11
0.8224829133858268
21
1.2650025984251969
0
LINE
8
BLACK
6
CONTINUOUS
10
0.8224829133858268
20
1.2650025984251969
11
0.8237630708661418
21
1.2630867322834645
0
LINE
8
BLACK
6
CONTINUOUS
10
0.8237630708661418
20
1.2630867322834645
11
0.8242125984251968
21
1.2608267716535433
0
LINE
8
BLACK
6
CONTINUOUS
10
0.8242125984251968
20
1.2608267716535433
11
0.8242125984251968
21
1.1919291338582676
0
LINE
8
BLACK
6
CONTINUOUS
10
0.8242125984251968
20
1.1919291338582676
11
0.8237630708661418
21
1.1896691732283464
0
LINE
8
BLACK
6
CONTINUOUS
10
0.8237630708661418
20
1.1896691732283464
11
0.8224829133858268
21
1.1877533070866142
0
LINE
8
BLACK
6
CONTINUOUS
10
0.8224829133858268
20
1.1877533070866142
11
0.8205670472440945
21
1.1864731496062992
0
LINE
8
BLACK
6
CONTINUOUS
10
0.8205670472440945
20
1.1864731496062992
11
0.8183070866141732
21
1.186023622047244
0
LINE
8
BLACK
6
CONTINUOUS
10
0.8183070866141732
20
1.186023622047244
11
0.806496062992126
21
1.186023622047244
0
LINE
8
BLACK
6
CONTINUOUS
10
0.806496062992126
20
1.186023622047244
11
0.8042361023622047
21
1.1864731496062992
0
LINE
8
BLACK
6
CONTINUOUS
10
0.8042361023622047
20
1.1864731496062992
11
0.8023202362204724
21
1.1877533070866142
0
LINE
8
BLACK
6
CONTINUOUS
10
0.8023202362204724
20
1.1877533070866142
11
0.8010400787401575
21
1.1896691732283464
0
LINE
8
BLACK
6
CONTINUOUS
10
0.8010400787401575
20
1.1896691732283464
11
0.8005905511811023
21
1.1919291338582676
0
LINE
8
BLACK
6
CONTINUOUS
10
0.8005905511811023
20
1.1919291338582676
11
0.8005905511811023
21
1.2608267716535433
0
LINE
8
BLACK
6
CONTINUOUS
10
0.8005905511811023
20
1.2608267716535433
11
0.8010400787401575
21
1.2630867322834645
0
LINE
8
BLACK
6
CONTINUOUS
10
0.8010400787401575
20
1.2630867322834645
11
0.8023202362204724
21
1.2650025984251969
0
LINE
8
BLACK
6
CONTINUOUS
10
0.8023202362204724
20
1.2650025984251969
11
0.8042361023622047
21
1.2662827559055119
0
LINE
8
BLACK
6
CONTINUOUS
10
0.8042361023622047
20
1.2662827559055119
11
0.806496062992126
21
1.2667322834645669
0
LINE
8
BLACK
6
CONTINUOUS
10
0.806496062992126
20
1.2667322834645669
11
0.8183070866141732
21
1.2667322834645669
0
LINE
8
BLACK
6
CONTINUOUS
10
0.8183070866141732
20
1.2667322834645669
11
0.8205670472440945
21
1.2662827559055119
0
LINE
8
BLACK
6
CONTINUOUS
10
0.8705670472440945
20
1.2662827559055119
11
0.8724829133858267
21
1.2650025984251969
0
LINE
8
BLACK
6
CONTINUOUS
10
0.8724829133858267
20
1.2650025984251969
11
0.8737630708661417
21
1.2630867322834645
0
LINE
8
BLACK
6
CONTINUOUS
10
0.8737630708661417
20
1.2630867322834645
11
0.8742125984251968
21
1.2608267716535433
0
LINE
8
BLACK
6
CONTINUOUS
10
0.8742125984251968
20
1.2608267716535433
11
0.8742125984251968
21
1.1919291338582676
0
LINE
8
BLACK
6
CONTINUOUS
10
0.8742125984251968
20
1.1919291338582676
11
0.8737630708661417
21
1.1896691732283464
0
LINE
8
BLACK
6
CONTINUOUS
10
0.8737630708661417
20
1.1896691732283464
11
0.8724829133858267
21
1.1877533070866142
0
LINE
8
BLACK
6
CONTINUOUS
10
0.8724829133858267
20
1.1877533070866142
11
0.8705670472440945
21
1.1864731496062992
0
LINE
8
BLACK
6
CONTINUOUS
10
0.8705670472440945
20
1.1864731496062992
11
0.8683070866141732
21
1.186023622047244
0
LINE
8
BLACK
6
CONTINUOUS
10
0.8683070866141732
20
1.186023622047244
11
0.856496062992126
21
1.186023622047244
0
LINE
8
BLACK
6
CONTINUOUS
10
0.856496062992126
20
1.186023622047244
11
0.8542361023622047
21
1.1864731496062992
0
LINE
8
BLACK
6
CONTINUOUS
10
0.8542361023622047
20
1.1864731496062992
11
0.8523202362204724
21
1.1877533070866142
0
LINE
8
BLACK
6
CONTINUOUS
10
0.8523202362204724
20
1.1877533070866142
11
0.8510400787401574
21
1.1896691732283464
0
LINE
8
BLACK
6
CONTINUOUS
10
0.8510400787401574
20
1.1896691732283464
11
0.8505905511811024
21
1.1919291338582676
0
LINE
8
BLACK
6
CONTINUOUS
10
0.8505905511811024
20
1.1919291338582676
11
0.8505905511811024
21
1.2608267716535433
0
LINE
8
BLACK
6
CONTINUOUS
10
0.8505905511811024
20
1.2608267716535433
11
0.8510400787401574
21
1.2630867322834645
0
LINE
8
BLACK
6
CONTINUOUS
10
0.8510400787401574
20
1.2630867322834645
11
0.8523202362204724
21
1.2650025984251969
0
LINE
8
BLACK
6
CONTINUOUS
10
0.8523202362204724
20
1.2650025984251969
11
0.8542361023622047
21
1.2662827559055119
0
LINE
8
BLACK
6
CONTINUOUS
10
0.8542361023622047
20
1.2662827559055119
11
0.856496062992126
21
1.2667322834645669
0
LINE
8
BLACK
6
CONTINUOUS
10
0.856496062992126
20
1.2667322834645669
11
0.8683070866141732
21
1.2667322834645669
0
LINE
8
BLACK
6
CONTINUOUS
10
0.8683070866141732
20
1.2667322834645669
11
0.8705670472440945
21
1.2662827559055119
0
LINE
8
BLACK
6
CONTINUOUS
10
0.9705670472440945
20
1.2662827559055119
11
0.9724829133858267
21
1.2650025984251969
0
LINE
8
BLACK
6
CONTINUOUS
10
0.9724829133858267
20
1.2650025984251969
11
0.9737630708661417
21
1.2630867322834645
0
LINE
8
BLACK
6
CONTINUOUS
10
0.9737630708661417
20
1.2630867322834645
11
0.9742125984251968
21
1.2608267716535433
0
LINE
8
BLACK
6
CONTINUOUS
10
0.9742125984251968
20
1.2608267716535433
11
0.9742125984251968
21
1.1919291338582676
0
LINE
8
BLACK
6
CONTINUOUS
10
0.9742125984251968
20
1.1919291338582676
11
0.9737630708661417
21
1.1896691732283464
0
LINE
8
BLACK
6
CONTINUOUS
10
0.9737630708661417
20
1.1896691732283464
11
0.9724829133858267
21
1.1877533070866142
0
LINE
8
BLACK
6
CONTINUOUS
10
0.9724829133858267
20
1.1877533070866142
11
0.9705670472440945
21
1.1864731496062992
0
LINE
8
BLACK
6
CONTINUOUS
10
0.9705670472440945
20
1.1864731496062992
11
0.9683070866141732
21
1.186023622047244
0
LINE
8
BLACK
6
CONTINUOUS
10
0.9683070866141732
20
1.186023622047244
11
0.956496062992126
21
1.186023622047244
0
LINE
8
BLACK
6
CONTINUOUS
10
0.956496062992126
20
1.186023622047244
11
0.9542361023622047
21
1.1864731496062992
0
LINE
8
BLACK
6
CONTINUOUS
10
0.9542361023622047
20
1.1864731496062992
11
0.9523202362204725
21
1.1877533070866142
0
LINE
8
BLACK
6
CONTINUOUS
10
0.9523202362204725
20
1.1877533070866142
11
0.9510400787401575
21
1.1896691732283464
0
LINE
8
BLACK
6
CONTINUOUS
10
0.9510400787401575
20
1.1896691732283464
11
0.9505905511811024
21
1.1919291338582676
0
LINE
8
BLACK
6
CONTINUOUS
10
0.9505905511811024
20
1.1919291338582676
11
0.9505905511811024
21
1.2608267716535433
0
LINE
8
BLACK
6
CONTINUOUS
10
0.9505905511811024
20
1.2608267716535433
11
0.9510400787401575
21
1.2630867322834645
0
LINE
8
BLACK
6
CONTINUOUS
10
0.9510400787401575
20
1.2630867322834645
11
0.9523202362204725
21
1.2650025984251969
0
LINE
8
BLACK
6
CONTINUOUS
10
0.9523202362204725
20
1.2650025984251969
11
0.9542361023622047
21
1.2662827559055119
0
LINE
8
BLACK
6
CONTINUOUS
10
0.9542361023622047
20
1.2662827559055119
11
0.956496062992126
21
1.2667322834645669
0
LINE
8
BLACK
6
CONTINUOUS
10
0.956496062992126
20
1.2667322834645669
11
0.9683070866141732
21
1.2667322834645669
0
LINE
8
BLACK
6
CONTINUOUS
10
0.9683070866141732
20
1.2667322834645669
11
0.9705670472440945
21
1.2662827559055119
0
LINE
8
BLACK
6
CONTINUOUS
10
0.2374961811023622
20
1.268251220472441
11
0.2394120472440945
21
1.266971062992126
0
LINE
8
BLACK
6
CONTINUOUS
10
0.2394120472440945
20
1.266971062992126
11
0.2406922047244094
21
1.2650551968503936
0
LINE
8
BLACK
6
CONTINUOUS
10
0.2406922047244094
20
1.2650551968503936
11
0.2411417322834646
21
1.2627952362204724
0
LINE
8
BLACK
6
CONTINUOUS
10
0.2411417322834646
20
1.2627952362204724
11
0.2411417322834646
21
1.1938975984251967
0
LINE
8
BLACK
6
CONTINUOUS
10
0.2411417322834646
20
1.1938975984251967
11
0.2406922047244094
21
1.1916376377952755
0
LINE
8
BLACK
6
CONTINUOUS
10
0.2406922047244094
20
1.1916376377952755
11
0.2394120472440945
21
1.1897217716535433
0
LINE
8
BLACK
6
CONTINUOUS
10
0.2394120472440945
20
1.1897217716535433
11
0.2374961811023622
21
1.1884416141732284
0
LINE
8
BLACK
6
CONTINUOUS
10
0.2374961811023622
20
1.1884416141732284
11
0.2352362204724409
21
1.1879920866141731
0
LINE
8
BLACK
6
CONTINUOUS
10
0.2352362204724409
20
1.1879920866141731
11
0.2234251968503937
21
1.1879920866141731
0
LINE
8
BLACK
6
CONTINUOUS
10
0.2234251968503937
20
1.1879920866141731
11
0.2211652362204724
21
1.1884416141732284
0
LINE
8
BLACK
6
CONTINUOUS
10
0.2211652362204724
20
1.1884416141732284
11
0.2192493700787402
21
1.1897217716535433
0
LINE
8
BLACK
6
CONTINUOUS
10
0.2192493700787402
20
1.1897217716535433
11
0.2179692125984252
21
1.1916376377952755
0
LINE
8
BLACK
6
CONTINUOUS
10
0.2179692125984252
20
1.1916376377952755
11
0.2175196850393701
21
1.1938975984251967
0
LINE
8
BLACK
6
CONTINUOUS
10
0.2175196850393701
20
1.1938975984251967
11
0.2175196850393701
21
1.2627952362204724
0
LINE
8
BLACK
6
CONTINUOUS
10
0.2175196850393701
20
1.2627952362204724
11
0.2179692125984252
21
1.2650551968503936
0
LINE
8
BLACK
6
CONTINUOUS
10
0.2179692125984252
20
1.2650551968503936
11
0.2192493700787402
21
1.266971062992126
0
LINE
8
BLACK
6
CONTINUOUS
10
0.2192493700787402
20
1.266971062992126
11
0.2211652362204724
21
1.268251220472441
0
LINE
8
BLACK
6
CONTINUOUS
10
0.2211652362204724
20
1.268251220472441
11
0.2234251968503937
21
1.268700748031496
0
LINE
8
BLACK
6
CONTINUOUS
10
0.2234251968503937
20
1.268700748031496
11
0.2352362204724409
21
1.268700748031496
0
LINE
8
BLACK
6
CONTINUOUS
10
0.2352362204724409
20
1.268700748031496
11
0.2374961811023622
21
1.268251220472441
0
LINE
8
BLACK
6
CONTINUOUS
10
0.4874961811023622
20
1.268251220472441
11
0.4894120472440945
21
1.266971062992126
0
LINE
8
BLACK
6
CONTINUOUS
10
0.4894120472440945
20
1.266971062992126
11
0.4906922047244094
21
1.2650551968503936
0
LINE
8
BLACK
6
CONTINUOUS
10
0.4906922047244094
20
1.2650551968503936
11
0.4911417322834646
21
1.2627952362204724
0
LINE
8
BLACK
6
CONTINUOUS
10
0.4911417322834646
20
1.2627952362204724
11
0.4911417322834646
21
1.1938975984251967
0
LINE
8
BLACK
6
CONTINUOUS
10
0.4911417322834646
20
1.1938975984251967
11
0.4906922047244094
21
1.1916376377952755
0
LINE
8
BLACK
6
CONTINUOUS
10
0.4906922047244094
20
1.1916376377952755
11
0.4894120472440945
21
1.1897217716535433
0
LINE
8
BLACK
6
CONTINUOUS
10
0.4894120472440945
20
1.1897217716535433
11
0.4874961811023622
21
1.1884416141732284
0
LINE
8
BLACK
6
CONTINUOUS
10
0.4874961811023622
20
1.1884416141732284
11
0.4852362204724409
21
1.1879920866141731
0
LINE
8
BLACK
6
CONTINUOUS
10
0.4852362204724409
20
1.1879920866141731
11
0.4734251968503937
21
1.1879920866141731
0
LINE
8
BLACK
6
CONTINUOUS
10
0.4734251968503937
20
1.1879920866141731
11
0.4711652362204724
21
1.1884416141732284
0
LINE
8
BLACK
6
CONTINUOUS
10
0.4711652362204724
20
1.1884416141732284
11
0.4692493700787401
21
1.1897217716535433
0
LINE
8
BLACK
6
CONTINUOUS
10
0.4692493700787401
20
1.1897217716535433
11
0.4679692125984252
21
1.1916376377952755
0
LINE
8
BLACK
6
CONTINUOUS
10
0.4679692125984252
20
1.1916376377952755
11
0.4675196850393701
21
1.1938975984251967
0
LINE
8
BLACK
6
CONTINUOUS
10
0.4675196850393701
20
1.1938975984251967
11
0.4675196850393701
21
1.2627952362204724
0
LINE
8
BLACK
6
CONTINUOUS
10
0.4675196850393701
20
1.2627952362204724
11
0.4679692125984252
21
1.2650551968503936
0
LINE
8
BLACK
6
CONTINUOUS
10
0.4679692125984252
20
1.2650551968503936
11
0.4692493700787401
21
1.266971062992126
0
LINE
8
BLACK
6
CONTINUOUS
10
0.4692493700787401
20
1.266971062992126
11
0.4711652362204724
21
1.268251220472441
0
LINE
8
BLACK
6
CONTINUOUS
10
0.4711652362204724
20
1.268251220472441
11
0.4734251968503937
21
1.268700748031496
0
LINE
8
BLACK
6
CONTINUOUS
10
0.4734251968503937
20
1.268700748031496
11
0.4852362204724409
21
1.268700748031496
0
LINE
8
BLACK
6
CONTINUOUS
10
0.4852362204724409
20
1.268700748031496
11
0.4874961811023622
21
1.268251220472441
0
LINE
8
BLACK
6
CONTINUOUS
10
1.1018662598425197
20
1.268251220472441
11
1.103782125984252
21
1.266971062992126
0
LINE
8
BLACK
6
CONTINUOUS
10
1.103782125984252
20
1.266971062992126
11
1.1050622834645669
21
1.2650551968503936
0
LINE
8
BLACK
6
CONTINUOUS
10
1.1050622834645669
20
1.2650551968503936
11
1.1055118110236219
21
1.2627952362204724
0
LINE
8
BLACK
6
CONTINUOUS
10
1.1055118110236219
20
1.2627952362204724
11
1.1055118110236219
21
1.1938975984251967
0
LINE
8
BLACK
6
CONTINUOUS
10
1.1055118110236219
20
1.1938975984251967
11
1.1050622834645669
21
1.1916376377952755
0
LINE
8
BLACK
6
CONTINUOUS
10
1.1050622834645669
20
1.1916376377952755
11
1.103782125984252
21
1.1897217716535433
0
LINE
8
BLACK
6
CONTINUOUS
10
1.103782125984252
20
1.1897217716535433
11
1.1018662598425197
21
1.1884416141732284
0
LINE
8
BLACK
6
CONTINUOUS
10
1.1018662598425197
20
1.1884416141732284
11
1.0996062992125983
21
1.1879920866141731
0
LINE
8
BLACK
6
CONTINUOUS
10
1.0996062992125983
20
1.1879920866141731
11
1.0877952755905511
21
1.1879920866141731
0
LINE
8
BLACK
6
CONTINUOUS
10
1.0877952755905511
20
1.1879920866141731
11
1.0855353149606299
21
1.1884416141732284
0
LINE
8
BLACK
6
CONTINUOUS
10
1.0855353149606299
20
1.1884416141732284
11
1.0836194488188977
21
1.1897217716535433
0
LINE
8
BLACK
6
CONTINUOUS
10
1.0836194488188977
20
1.1897217716535433
11
1.0823392913385828
21
1.1916376377952755
0
LINE
8
BLACK
6
CONTINUOUS
10
1.0823392913385828
20
1.1916376377952755
11
1.0818897637795275
21
1.1938975984251967
0
LINE
8
BLACK
6
CONTINUOUS
10
1.0818897637795275
20
1.1938975984251967
11
1.0818897637795275
21
1.2627952362204724
0
LINE
8
BLACK
6
CONTINUOUS
10
1.0818897637795275
20
1.2627952362204724
11
1.0823392913385828
21
1.2650551968503936
0
LINE
8
BLACK
6
CONTINUOUS
10
1.0823392913385828
20
1.2650551968503936
11
1.0836194488188977
21
1.266971062992126
0
LINE
8
BLACK
6
CONTINUOUS
10
1.0836194488188977
20
1.266971062992126
11
1.0855353149606299
21
1.268251220472441
0
LINE
8
BLACK
6
CONTINUOUS
10
1.0855353149606299
20
1.268251220472441
11
1.0877952755905511
21
1.268700748031496
0
LINE
8
BLACK
6
CONTINUOUS
10
1.0877952755905511
20
1.268700748031496
11
1.0996062992125983
21
1.268700748031496
0
LINE
8
BLACK
6
CONTINUOUS
10
1.0996062992125983
20
1.268700748031496
11
1.1018662598425197
21
1.268251220472441
0
LINE
8
BLACK
6
CONTINUOUS
10
1.3518662598425197
20
1.268251220472441
11
1.353782125984252
21
1.266971062992126
0
LINE
8
BLACK
6
CONTINUOUS
10
1.353782125984252
20
1.266971062992126
11
1.3550622834645669
21
1.2650551968503936
0
LINE
8
BLACK
6
CONTINUOUS
10
1.3550622834645669
20
1.2650551968503936
11
1.3555118110236219
21
1.2627952362204724
0
LINE
8
BLACK
6
CONTINUOUS
10
1.3555118110236219
20
1.2627952362204724
11
1.3555118110236219
21
1.1938975984251967
0
LINE
8
BLACK
6
CONTINUOUS
10
1.3555118110236219
20
1.1938975984251967
11
1.3550622834645669
21
1.1916376377952755
0
LINE
8
BLACK
6
CONTINUOUS
10
1.3550622834645669
20
1.1916376377952755
11
1.353782125984252
21
1.1897217716535433
0
LINE
8
BLACK
6
CONTINUOUS
10
1.353782125984252
20
1.1897217716535433
11
1.3518662598425197
21
1.1884416141732284
0
LINE
8
BLACK
6
CONTINUOUS
10
1.3518662598425197
20
1.1884416141732284
11
1.3496062992125983
21
1.1879920866141731
0
LINE
8
BLACK
6
CONTINUOUS
10
1.3496062992125983
20
1.1879920866141731
11
1.3377952755905511
21
1.1879920866141731
0
LINE
8
BLACK
6
CONTINUOUS
10
1.3377952755905511
20
1.1879920866141731
11
1.3355353149606299
21
1.1884416141732284
0
LINE
8
BLACK
6
CONTINUOUS
10
1.3355353149606299
20
1.1884416141732284
11
1.3336194488188977
21
1.1897217716535433
0
LINE
8
BLACK
6
CONTINUOUS
10
1.3336194488188977
20
1.1897217716535433
11
1.3323392913385828
21
1.1916376377952755
0
LINE
8
BLACK
6
CONTINUOUS
10
1.3323392913385828
20
1.1916376377952755
11
1.3318897637795275
21
1.1938975984251967
0
LINE
8
BLACK
6
CONTINUOUS
10
1.3318897637795275
20
1.1938975984251967
11
1.3318897637795275
21
1.2627952362204724
0
LINE
8
BLACK
6
CONTINUOUS
10
1.3318897637795275
20
1.2627952362204724
11
1.3323392913385828
21
1.2650551968503936
0
LINE
8
BLACK
6
CONTINUOUS
10
1.3323392913385828
20
1.2650551968503936
11
1.3336194488188977
21
1.266971062992126
0
LINE
8
BLACK
6
CONTINUOUS
10
1.3336194488188977
20
1.266971062992126
11
1.3355353149606299
21
1.268251220472441
0
LINE
8
BLACK
6
CONTINUOUS
10
1.3355353149606299
20
1.268251220472441
11
1.3377952755905511
21
1.268700748031496
0
LINE
8
BLACK
6
CONTINUOUS
10
1.3377952755905511
20
1.268700748031496
11
1.3496062992125983
21
1.268700748031496
0
LINE
8
BLACK
6
CONTINUOUS
10
1.3496062992125983
20
1.268700748031496
11
1.3518662598425197
21
1.268251220472441
0
LINE
8
BLACK
6
CONTINUOUS
10
-0.3210364960629921
20
1.2443295275590551
11
-0.3178433464566929
21
1.2421959448818898
0
LINE
8
BLACK
6
CONTINUOUS
10
-0.3178433464566929
20
1.2421959448818898
11
-0.3157097637795275
21
1.2390027952755904
0
LINE
8
BLACK
6
CONTINUOUS
10
-0.3157097637795275
20
1.2390027952755904
11
-0.3149605511811023
21
1.235236220472441
0
LINE
8
BLACK
6
CONTINUOUS
10
-0.3149605511811023
20
1.235236220472441
11
-0.3149605511811023
21
1.1978346456692912
0
LINE
8
BLACK
6
CONTINUOUS
10
-0.3149605511811023
20
1.1978346456692912
11
-0.3157097637795275
21
1.1940680708661418
0
LINE
8
BLACK
6
CONTINUOUS
10
-0.3157097637795275
20
1.1940680708661418
11
-0.3178433464566929
21
1.1908749212598424
0
LINE
8
BLACK
6
CONTINUOUS
10
-0.3178433464566929
20
1.1908749212598424
11
-0.3210364960629921
21
1.1887413385826771
0
LINE
8
BLACK
6
CONTINUOUS
10
-0.3210364960629921
20
1.1887413385826771
11
-0.3248030708661417
21
1.1879921259842519
0
LINE
8
BLACK
6
CONTINUOUS
10
-0.3248030708661417
20
1.1879921259842519
11
-0.3444881102362204
21
1.1879921259842519
0
LINE
8
BLACK
6
CONTINUOUS
10
-0.3444881102362204
20
1.1879921259842519
11
-0.3482546850393701
21
1.1887413385826771
0
LINE
8
BLACK
6
CONTINUOUS
10
-0.3482546850393701
20
1.1887413385826771
11
-0.3514478346456693
21
1.1908749212598424
0
LINE
8
BLACK
6
CONTINUOUS
10
-0.3514478346456693
20
1.1908749212598424
11
-0.3535814173228347
21
1.1940680708661418
0
LINE
8
BLACK
6
CONTINUOUS
10
-0.3535814173228347
20
1.1940680708661418
11
-0.3543306299212599
21
1.1978346456692912
0
LINE
8
BLACK
6
CONTINUOUS
10
-0.3543306299212599
20
1.1978346456692912
11
-0.3543306299212599
21
1.235236220472441
0
LINE
8
BLACK
6
CONTINUOUS
10
-0.3543306299212599
20
1.235236220472441
11
-0.3535814173228347
21
1.2390027952755904
0
LINE
8
BLACK
6
CONTINUOUS
10
-0.3535814173228347
20
1.2390027952755904
11
-0.3514478346456693
21
1.2421959448818898
0
LINE
8
BLACK
6
CONTINUOUS
10
-0.3514478346456693
20
1.2421959448818898
11
-0.3482546850393701
21
1.2443295275590551
0
LINE
8
BLACK
6
CONTINUOUS
10
-0.3482546850393701
20
1.2443295275590551
11
-0.3444881102362204
21
1.2450787401574803
0
LINE
8
BLACK
6
CONTINUOUS
10
-0.3444881102362204
20
1.2450787401574803
11
-0.3248030708661417
21
1.2450787401574803
0
LINE
8
BLACK
6
CONTINUOUS
10
-0.3248030708661417
20
1.2450787401574803
11
-0.3210364960629921
21
1.2443295275590551
0
LINE
8
BLACK
6
CONTINUOUS
10
-0.2462334251968504
20
1.2443295275590551
11
-0.2430402755905512
21
1.2421959448818898
0
LINE
8
BLACK
6
CONTINUOUS
10
-0.2430402755905512
20
1.2421959448818898
11
-0.2409066929133858
21
1.2390027952755904
0
LINE
8
BLACK
6
CONTINUOUS
10
-0.2409066929133858
20
1.2390027952755904
11
-0.2401574803149606
21
1.235236220472441
0
LINE
8
BLACK
6
CONTINUOUS
10
-0.2401574803149606
20
1.235236220472441
11
-0.2401574803149606
21
1.1978346456692912
0
LINE
8
BLACK
6
CONTINUOUS
10
-0.2401574803149606
20
1.1978346456692912
11
-0.2409066929133858
21
1.1940680708661418
0
LINE
8
BLACK
6
CONTINUOUS
10
-0.2409066929133858
20
1.1940680708661418
11
-0.2430402755905512
21
1.1908749212598424
0
LINE
8
BLACK
6
CONTINUOUS
10
-0.2430402755905512
20
1.1908749212598424
11
-0.2462334251968504
21
1.1887413385826771
0
LINE
8
BLACK
6
CONTINUOUS
10
-0.2462334251968504
20
1.1887413385826771
11
-0.25
21
1.1879921259842519
0
LINE
8
BLACK
6
CONTINUOUS
10
-0.25
20
1.1879921259842519
11
-0.2696850393700788
21
1.1879921259842519
0
LINE
8
BLACK
6
CONTINUOUS
10
-0.2696850393700788
20
1.1879921259842519
11
-0.2734516141732283
21
1.1887413385826771
0
LINE
8
BLACK
6
CONTINUOUS
10
-0.2734516141732283
20
1.1887413385826771
11
-0.2766447637795276
21
1.1908749212598424
0
LINE
8
BLACK
6
CONTINUOUS
10
-0.2766447637795276
20
1.1908749212598424
11
-0.2787783464566929
21
1.1940680708661418
0
LINE
8
BLACK
6
CONTINUOUS
10
-0.2787783464566929
20
1.1940680708661418
11
-0.2795275590551181
21
1.1978346456692912
0
LINE
8
BLACK
6
CONTINUOUS
10
-0.2795275590551181
20
1.1978346456692912
11
-0.2795275590551181
21
1.235236220472441
0
LINE
8
BLACK
6
CONTINUOUS
10
-0.2795275590551181
20
1.235236220472441
11
-0.2787783464566929
21
1.2390027952755904
0
LINE
8
BLACK
6
CONTINUOUS
10
-0.2787783464566929
20
1.2390027952755904
11
-0.2766447637795276
21
1.2421959448818898
0
LINE
8
BLACK
6
CONTINUOUS
10
-0.2766447637795276
20
1.2421959448818898
11
-0.2734516141732283
21
1.2443295275590551
0
LINE
8
BLACK
6
CONTINUOUS
10
-0.2734516141732283
20
1.2443295275590551
11
-0.2696850393700788
21
1.2450787401574803
0
LINE
8
BLACK
6
CONTINUOUS
10
-0.2696850393700788
20
1.2450787401574803
11
-0.25
21
1.2450787401574803
0
LINE
8
BLACK
6
CONTINUOUS
10
-0.25
20
1.2450787401574803
11
-0.2462334251968504
21
1.2443295275590551
0
LINE
8
BLACK
6
CONTINUOUS
10
-0.1871783070866142
20
1.2443295275590551
11
-0.183985157480315
21
1.2421959448818898
0
LINE
8
BLACK
6
CONTINUOUS
10
-0.183985157480315
20
1.2421959448818898
11
-0.1818515748031496
21
1.2390027952755904
0
LINE
8
BLACK
6
CONTINUOUS
10
-0.1818515748031496
20
1.2390027952755904
11
-0.1811023622047244
21
1.235236220472441
0
LINE
8
BLACK
6
CONTINUOUS
10
-0.1811023622047244
20
1.235236220472441
11
-0.1811023622047244
21
1.1978346456692912
0
LINE
8
BLACK
6
CONTINUOUS
10
-0.1811023622047244
20
1.1978346456692912
11
-0.1818515748031496
21
1.1940680708661418
0
LINE
8
BLACK
6
CONTINUOUS
10
-0.1818515748031496
20
1.1940680708661418
11
-0.183985157480315
21
1.1908749212598424
0
LINE
8
BLACK
6
CONTINUOUS
10
-0.183985157480315
20
1.1908749212598424
11
-0.1871783070866142
21
1.1887413385826771
0
LINE
8
BLACK
6
CONTINUOUS
10
-0.1871783070866142
20
1.1887413385826771
11
-0.1909448818897638
21
1.1879921259842519
0
LINE
8
BLACK
6
CONTINUOUS
10
-0.1909448818897638
20
1.1879921259842519
11
-0.2106299212598425
21
1.1879921259842519
0
LINE
8
BLACK
6
CONTINUOUS
10
-0.2106299212598425
20
1.1879921259842519
11
-0.2143964960629921
21
1.1887413385826771
0
LINE
8
BLACK
6
CONTINUOUS
10
-0.2143964960629921
20
1.1887413385826771
11
-0.2175896456692913
21
1.1908749212598424
0
LINE
8
BLACK
6
CONTINUOUS
10
-0.2175896456692913
20
1.1908749212598424
11
-0.2197232283464567
21
1.1940680708661418
0
LINE
8
BLACK
6
CONTINUOUS
10
-0.2197232283464567
20
1.1940680708661418
11
-0.2204724409448819
21
1.1978346456692912
0
LINE
8
BLACK
6
CONTINUOUS
10
-0.2204724409448819
20
1.1978346456692912
11
-0.2204724409448819
21
1.235236220472441
0
LINE
8
BLACK
6
CONTINUOUS
10
-0.2204724409448819
20
1.235236220472441
11
-0.2197232283464567
21
1.2390027952755904
0
LINE
8
BLACK
6
CONTINUOUS
10
-0.2197232283464567
20
1.2390027952755904
11
-0.2175896456692913
21
1.2421959448818898
0
LINE
8
BLACK
6
CONTINUOUS
10
-0.2175896456692913
20
1.2421959448818898
11
-0.2143964960629921
21
1.2443295275590551
0
LINE
8
BLACK
6
CONTINUOUS
10
-0.2143964960629921
20
1.2443295275590551
11
-0.2106299212598425
21
1.2450787401574803
0
LINE
8
BLACK
6
CONTINUOUS
10
-0.2106299212598425
20
1.2450787401574803
11
-0.1909448818897638
21
1.2450787401574803
0
LINE
8
BLACK
6
CONTINUOUS
10
-0.1909448818897638
20
1.2450787401574803
11
-0.1871783070866142
21
1.2443295275590551
0
LINE
8
BLACK
6
CONTINUOUS
10
-0.112375157480315
20
1.2443295275590551
11
-0.1091820078740157
21
1.2421959448818898
0
LINE
8
BLACK
6
CONTINUOUS
10
-0.1091820078740157
20
1.2421959448818898
11
-0.1070484251968504
21
1.2390027952755904
0
LINE
8
BLACK
6
CONTINUOUS
10
-0.1070484251968504
20
1.2390027952755904
11
-0.1062992125984252
21
1.235236220472441
0
LINE
8
BLACK
6
CONTINUOUS
10
-0.1062992125984252
20
1.235236220472441
11
-0.1062992125984252
21
1.1978346456692912
0
LINE
8
BLACK
6
CONTINUOUS
10
-0.1062992125984252
20
1.1978346456692912
11
-0.1070484251968504
21
1.1940680708661418
0
LINE
8
BLACK
6
CONTINUOUS
10
-0.1070484251968504
20
1.1940680708661418
11
-0.1091820078740157
21
1.1908749212598424
0
LINE
8
BLACK
6
CONTINUOUS
10
-0.1091820078740157
20
1.1908749212598424
11
-0.112375157480315
21
1.1887413385826771
0
LINE
8
BLACK
6
CONTINUOUS
10
-0.112375157480315
20
1.1887413385826771
11
-0.1161417322834646
21
1.1879921259842519
0
LINE
8
BLACK
6
CONTINUOUS
10
-0.1161417322834646
20
1.1879921259842519
11
-0.1358267716535433
21
1.1879921259842519
0
LINE
8
BLACK
6
CONTINUOUS
10
-0.1358267716535433
20
1.1879921259842519
11
-0.1395933464566929
21
1.1887413385826771
0
LINE
8
BLACK
6
CONTINUOUS
10
-0.1395933464566929
20
1.1887413385826771
11
-0.1427864960629921
21
1.1908749212598424
0
LINE
8
BLACK
6
CONTINUOUS
10
-0.1427864960629921
20
1.1908749212598424
11
-0.1449200787401575
21
1.1940680708661418
0
LINE
8
BLACK
6
CONTINUOUS
10
-0.1449200787401575
20
1.1940680708661418
11
-0.1456692913385827
21
1.1978346456692912
0
LINE
8
BLACK
6
CONTINUOUS
10
-0.1456692913385827
20
1.1978346456692912
11
-0.1456692913385827
21
1.235236220472441
0
LINE
8
BLACK
6
CONTINUOUS
10
-0.1456692913385827
20
1.235236220472441
11
-0.1449200787401575
21
1.2390027952755904
0
LINE
8
BLACK
6
CONTINUOUS
10
-0.1449200787401575
20
1.2390027952755904
11
-0.1427864960629921
21
1.2421959448818898
0
LINE
8
BLACK
6
CONTINUOUS
10
-0.1427864960629921
20
1.2421959448818898
11
-0.1395933464566929
21
1.2443295275590551
0
LINE
8
BLACK
6
CONTINUOUS
10
-0.1395933464566929
20
1.2443295275590551
11
-0.1358267716535433
21
1.2450787401574803
0
LINE
8
BLACK
6
CONTINUOUS
10
-0.1358267716535433
20
1.2450787401574803
11
-0.1161417322834646
21
1.2450787401574803
0
LINE
8
BLACK
6
CONTINUOUS
10
-0.1161417322834646
20
1.2450787401574803
11
-0.112375157480315
21
1.2443295275590551
0
LINE
8
BLACK
6
CONTINUOUS
10
0.1874961811023622
20
1.2682512598425197
11
0.1894120472440945
21
1.2669711023622048
0
LINE
8
BLACK
6
CONTINUOUS
10
0.1894120472440945
20
1.2669711023622048
11
0.1906922047244095
21
1.2650552362204723
0
LINE
8
BLACK
6
CONTINUOUS
10
0.1906922047244095
20
1.2650552362204723
11
0.1911417322834646
21
1.2627952755905512
0
LINE
8
BLACK
6
CONTINUOUS
10
0.1911417322834646
20
1.2627952755905512
11
0.1911417322834646
21
1.1938976377952755
0
LINE
8
BLACK
6
CONTINUOUS
10
0.1911417322834646
20
1.1938976377952755
11
0.1906922047244095
21
1.1916376771653543
0
LINE
8
BLACK
6
CONTINUOUS
10
0.1906922047244095
20
1.1916376771653543
11
0.1894120472440945
21
1.1897218110236221
0
LINE
8
BLACK
6
CONTINUOUS
10
0.1894120472440945
20
1.1897218110236221
11
0.1874961811023622
21
1.1884416535433071
0
LINE
8
BLACK
6
CONTINUOUS
10
0.1874961811023622
20
1.1884416535433071
11
0.185236220472441
21
1.1879921259842519
0
LINE
8
BLACK
6
CONTINUOUS
10
0.185236220472441
20
1.1879921259842519
11
0.1734251968503937
21
1.1879921259842519
0
LINE
8
BLACK
6
CONTINUOUS
10
0.1734251968503937
20
1.1879921259842519
11
0.1711652362204724
21
1.1884416535433071
0
LINE
8
BLACK
6
CONTINUOUS
10
0.1711652362204724
20
1.1884416535433071
11
0.1692493700787402
21
1.1897218110236221
0
LINE
8
BLACK
6
CONTINUOUS
10
0.1692493700787402
20
1.1897218110236221
11
0.1679692125984252
21
1.1916376771653543
0
LINE
8
BLACK
6
CONTINUOUS
10
0.1679692125984252
20
1.1916376771653543
11
0.1675196850393701
21
1.1938976377952755
0
LINE
8
BLACK
6
CONTINUOUS
10
0.1675196850393701
20
1.1938976377952755
11
0.1675196850393701
21
1.2627952755905512
0
LINE
8
BLACK
6
CONTINUOUS
10
0.1675196850393701
20
1.2627952755905512
11
0.1679692125984252
21
1.2650552362204723
0
LINE
8
BLACK
6
CONTINUOUS
10
0.1679692125984252
20
1.2650552362204723
11
0.1692493700787402
21
1.2669711023622048
0
LINE
8
BLACK
6
CONTINUOUS
10
0.1692493700787402
20
1.2669711023622048
11
0.1711652362204724
21
1.2682512598425197
0
LINE
8
BLACK
6
CONTINUOUS
10
0.1711652362204724
20
1.2682512598425197
11
0.1734251968503937
21
1.2687007874015748
0
LINE
8
BLACK
6
CONTINUOUS
10
0.1734251968503937
20
1.2687007874015748
11
0.185236220472441
21
1.2687007874015748
0
LINE
8
BLACK
6
CONTINUOUS
10
0.185236220472441
20
1.2687007874015748
11
0.1874961811023622
21
1.2682512598425197
0
LINE
8
BLACK
6
CONTINUOUS
10
0.2874961811023622
20
1.2682512598425197
11
0.2894120472440945
21
1.2669711023622048
0
LINE
8
BLACK
6
CONTINUOUS
10
0.2894120472440945
20
1.2669711023622048
11
0.2906922047244094
21
1.2650552362204723
0
LINE
8
BLACK
6
CONTINUOUS
10
0.2906922047244094
20
1.2650552362204723
11
0.2911417322834646
21
1.2627952755905512
0
LINE
8
BLACK
6
CONTINUOUS
10
0.2911417322834646
20
1.2627952755905512
11
0.2911417322834646
21
1.1938976377952755
0
LINE
8
BLACK
6
CONTINUOUS
10
0.2911417322834646
20
1.1938976377952755
11
0.2906922047244094
21
1.1916376771653543
0
LINE
8
BLACK
6
CONTINUOUS
10
0.2906922047244094
20
1.1916376771653543
11
0.2894120472440945
21
1.1897218110236221
0
LINE
8
BLACK
6
CONTINUOUS
10
0.2894120472440945
20
1.1897218110236221
11
0.2874961811023622
21
1.1884416535433071
0
LINE
8
BLACK
6
CONTINUOUS
10
0.2874961811023622
20
1.1884416535433071
11
0.285236220472441
21
1.1879921259842519
0
LINE
8
BLACK
6
CONTINUOUS
10
0.285236220472441
20
1.1879921259842519
11
0.2734251968503937
21
1.1879921259842519
0
LINE
8
BLACK
6
CONTINUOUS
10
0.2734251968503937
20
1.1879921259842519
11
0.2711652362204724
21
1.1884416535433071
0
LINE
8
BLACK
6
CONTINUOUS
10
0.2711652362204724
20
1.1884416535433071
11
0.2692493700787402
21
1.1897218110236221
0
LINE
8
BLACK
6
CONTINUOUS
10
0.2692493700787402
20
1.1897218110236221
11
0.2679692125984252
21
1.1916376771653543
0
LINE
8
BLACK
6
CONTINUOUS
10
0.2679692125984252
20
1.1916376771653543
11
0.2675196850393701
21
1.1938976377952755
0
LINE
8
BLACK
6
CONTINUOUS
10
0.2675196850393701
20
1.1938976377952755
11
0.2675196850393701
21
1.2627952755905512
0
LINE
8
BLACK
6
CONTINUOUS
10
0.2675196850393701
20
1.2627952755905512
11
0.2679692125984252
21
1.2650552362204723
0
LINE
8
BLACK
6
CONTINUOUS
10
0.2679692125984252
20
1.2650552362204723
11
0.2692493700787402
21
1.2669711023622048
0
LINE
8
BLACK
6
CONTINUOUS
10
0.2692493700787402
20
1.2669711023622048
11
0.2711652362204724
21
1.2682512598425197
0
LINE
8
BLACK
6
CONTINUOUS
10
0.2711652362204724
20
1.2682512598425197
11
0.2734251968503937
21
1.2687007874015748
0
LINE
8
BLACK
6
CONTINUOUS
10
0.2734251968503937
20
1.2687007874015748
11
0.285236220472441
21
1.2687007874015748
0
LINE
8
BLACK
6
CONTINUOUS
10
0.285236220472441
20
1.2687007874015748
11
0.2874961811023622
21
1.2682512598425197
0
LINE
8
BLACK
6
CONTINUOUS
10
0.3374961811023622
20
1.2682512598425197
11
0.3394120472440945
21
1.2669711023622048
0
LINE
8
BLACK
6
CONTINUOUS
10
0.3394120472440945
20
1.2669711023622048
11
0.3406922047244094
21
1.2650552362204723
0
LINE
8
BLACK
6
CONTINUOUS
10
0.3406922047244094
20
1.2650552362204723
11
0.3411417322834646
21
1.2627952755905512
0
LINE
8
BLACK
6
CONTINUOUS
10
0.3411417322834646
20
1.2627952755905512
11
0.3411417322834646
21
1.1938976377952755
0
LINE
8
BLACK
6
CONTINUOUS
10
0.3411417322834646
20
1.1938976377952755
11
0.3406922047244094
21
1.1916376771653543
0
LINE
8
BLACK
6
CONTINUOUS
10
0.3406922047244094
20
1.1916376771653543
11
0.3394120472440945
21
1.1897218110236221
0
LINE
8
BLACK
6
CONTINUOUS
10
0.3394120472440945
20
1.1897218110236221
11
0.3374961811023622
21
1.1884416535433071
0
LINE
8
BLACK
6
CONTINUOUS
10
0.3374961811023622
20
1.1884416535433071
11
0.3352362204724409
21
1.1879921259842519
0
LINE
8
BLACK
6
CONTINUOUS
10
0.3352362204724409
20
1.1879921259842519
11
0.3234251968503937
21
1.1879921259842519
0
LINE
8
BLACK
6
CONTINUOUS
10
0.3234251968503937
20
1.1879921259842519
11
0.3211652362204724
21
1.1884416535433071
0
LINE
8
BLACK
6
CONTINUOUS
10
0.3211652362204724
20
1.1884416535433071
11
0.3192493700787402
21
1.1897218110236221
0
LINE
8
BLACK
6
CONTINUOUS
10
0.3192493700787402
20
1.1897218110236221
11
0.3179692125984252
21
1.1916376771653543
0
LINE
8
BLACK
6
CONTINUOUS
10
0.3179692125984252
20
1.1916376771653543
11
0.3175196850393701
21
1.1938976377952755
0
LINE
8
BLACK
6
CONTINUOUS
10
0.3175196850393701
20
1.1938976377952755
11
0.3175196850393701
21
1.2627952755905512
0
LINE
8
BLACK
6
CONTINUOUS
10
0.3175196850393701
20
1.2627952755905512
11
0.3179692125984252
21
1.2650552362204723
0
LINE
8
BLACK
6
CONTINUOUS
10
0.3179692125984252
20
1.2650552362204723
11
0.3192493700787402
21
1.2669711023622048
0
LINE
8
BLACK
6
CONTINUOUS
10
0.3192493700787402
20
1.2669711023622048
11
0.3211652362204724
21
1.2682512598425197
0
LINE
8
BLACK
6
CONTINUOUS
10
0.3211652362204724
20
1.2682512598425197
11
0.3234251968503937
21
1.2687007874015748
0
LINE
8
BLACK
6
CONTINUOUS
10
0.3234251968503937
20
1.2687007874015748
11
0.3352362204724409
21
1.2687007874015748
0
LINE
8
BLACK
6
CONTINUOUS
10
0.3352362204724409
20
1.2687007874015748
11
0.3374961811023622
21
1.2682512598425197
0
LINE
8
BLACK
6
CONTINUOUS
10
0.3874961811023622
20
1.2682512598425197
11
0.3894120472440945
21
1.2669711023622048
0
LINE
8
BLACK
6
CONTINUOUS
10
0.3894120472440945
20
1.2669711023622048
11
0.3906922047244095
21
1.2650552362204723
0
LINE
8
BLACK
6
CONTINUOUS
10
0.3906922047244095
20
1.2650552362204723
11
0.3911417322834645
21
1.2627952755905512
0
LINE
8
BLACK
6
CONTINUOUS
10
0.3911417322834645
20
1.2627952755905512
11
0.3911417322834645
21
1.1938976377952755
0
LINE
8
BLACK
6
CONTINUOUS
10
0.3911417322834645
20
1.1938976377952755
11
0.3906922047244095
21
1.1916376771653543
0
LINE
8
BLACK
6
CONTINUOUS
10
0.3906922047244095
20
1.1916376771653543
11
0.3894120472440945
21
1.1897218110236221
0
LINE
8
BLACK
6
CONTINUOUS
10
0.3894120472440945
20
1.1897218110236221
11
0.3874961811023622
21
1.1884416535433071
0
LINE
8
BLACK
6
CONTINUOUS
10
0.3874961811023622
20
1.1884416535433071
11
0.3852362204724409
21
1.1879921259842519
0
LINE
8
BLACK
6
CONTINUOUS
10
0.3852362204724409
20
1.1879921259842519
11
0.3734251968503937
21
1.1879921259842519
0
LINE
8
BLACK
6
CONTINUOUS
10
0.3734251968503937
20
1.1879921259842519
11
0.3711652362204724
21
1.1884416535433071
0
LINE
8
BLACK
6
CONTINUOUS
10
0.3711652362204724
20
1.1884416535433071
11
0.3692493700787401
21
1.1897218110236221
0
LINE
8
BLACK
6
CONTINUOUS
10
0.3692493700787401
20
1.1897218110236221
11
0.3679692125984252
21
1.1916376771653543
0
LINE
8
BLACK
6
CONTINUOUS
10
0.3679692125984252
20
1.1916376771653543
11
0.36751968503937
21
1.1938976377952755
0
LINE
8
BLACK
6
CONTINUOUS
10
0.36751968503937
20
1.1938976377952755
11
0.36751968503937
21
1.2627952755905512
0
LINE
8
BLACK
6
CONTINUOUS
10
0.36751968503937
20
1.2627952755905512
11
0.3679692125984252
21
1.2650552362204723
0
LINE
8
BLACK
6
CONTINUOUS
10
0.3679692125984252
20
1.2650552362204723
11
0.3692493700787401
21
1.2669711023622048
0
LINE
8
BLACK
6
CONTINUOUS
10
0.3692493700787401
20
1.2669711023622048
11
0.3711652362204724
21
1.2682512598425197
0
LINE
8
BLACK
6
CONTINUOUS
10
0.3711652362204724
20
1.2682512598425197
11
0.3734251968503937
21
1.2687007874015748
0
LINE
8
BLACK
6
CONTINUOUS
10
0.3734251968503937
20
1.2687007874015748
11
0.3852362204724409
21
1.2687007874015748
0
LINE
8
BLACK
6
CONTINUOUS
10
0.3852362204724409
20
1.2687007874015748
11
0.3874961811023622
21
1.2682512598425197
0
LINE
8
BLACK
6
CONTINUOUS
10
0.4374961811023622
20
1.2682512598425197
11
0.4394120472440945
21
1.2669711023622048
0
LINE
8
BLACK
6
CONTINUOUS
10
0.4394120472440945
20
1.2669711023622048
11
0.4406922047244095
21
1.2650552362204723
0
LINE
8
BLACK
6
CONTINUOUS
10
0.4406922047244095
20
1.2650552362204723
11
0.4411417322834645
21
1.2627952755905512
0
LINE
8
BLACK
6
CONTINUOUS
10
0.4411417322834645
20
1.2627952755905512
11
0.4411417322834645
21
1.1938976377952755
0
LINE
8
BLACK
6
CONTINUOUS
10
0.4411417322834645
20
1.1938976377952755
11
0.4406922047244095
21
1.1916376771653543
0
LINE
8
BLACK
6
CONTINUOUS
10
0.4406922047244095
20
1.1916376771653543
11
0.4394120472440945
21
1.1897218110236221
0
LINE
8
BLACK
6
CONTINUOUS
10
0.4394120472440945
20
1.1897218110236221
11
0.4374961811023622
21
1.1884416535433071
0
LINE
8
BLACK
6
CONTINUOUS
10
0.4374961811023622
20
1.1884416535433071
11
0.4352362204724409
21
1.1879921259842519
0
LINE
8
BLACK
6
CONTINUOUS
10
0.4352362204724409
20
1.1879921259842519
11
0.4234251968503937
21
1.1879921259842519
0
LINE
8
BLACK
6
CONTINUOUS
10
0.4234251968503937
20
1.1879921259842519
11
0.4211652362204724
21
1.1884416535433071
0
LINE
8
BLACK
6
CONTINUOUS
10
0.4211652362204724
20
1.1884416535433071
11
0.4192493700787401
21
1.1897218110236221
0
LINE
8
BLACK
6
CONTINUOUS
10
0.4192493700787401
20
1.1897218110236221
11
0.4179692125984252
21
1.1916376771653543
0
LINE
8
BLACK
6
CONTINUOUS
10
0.4179692125984252
20
1.1916376771653543
11
0.4175196850393701
21
1.1938976377952755
0
LINE
8
BLACK
6
CONTINUOUS
10
0.4175196850393701
20
1.1938976377952755
11
0.4175196850393701
21
1.2627952755905512
0
LINE
8
BLACK
6
CONTINUOUS
10
0.4175196850393701
20
1.2627952755905512
11
0.4179692125984252
21
1.2650552362204723
0
LINE
8
BLACK
6
CONTINUOUS
10
0.4179692125984252
20
1.2650552362204723
11
0.4192493700787401
21
1.2669711023622048
0
LINE
8
BLACK
6
CONTINUOUS
10
0.4192493700787401
20
1.2669711023622048
11
0.4211652362204724
21
1.2682512598425197
0
LINE
8
BLACK
6
CONTINUOUS
10
0.4211652362204724
20
1.2682512598425197
11
0.4234251968503937
21
1.2687007874015748
0
LINE
8
BLACK
6
CONTINUOUS
10
0.4234251968503937
20
1.2687007874015748
11
0.4352362204724409
21
1.2687007874015748
0
LINE
8
BLACK
6
CONTINUOUS
10
0.4352362204724409
20
1.2687007874015748
11
0.4374961811023622
21
1.2682512598425197
0
LINE
8
BLACK
6
CONTINUOUS
10
0.5374961811023622
20
1.2682512598425197
11
0.5394120472440945
21
1.2669711023622048
0
LINE
8
BLACK
6
CONTINUOUS
10
0.5394120472440945
20
1.2669711023622048
11
0.5406922047244095
21
1.2650552362204723
0
LINE
8
BLACK
6
CONTINUOUS
10
0.5406922047244095
20
1.2650552362204723
11
0.5411417322834645
21
1.2627952755905512
0
LINE
8
BLACK
6
CONTINUOUS
10
0.5411417322834645
20
1.2627952755905512
11
0.5411417322834645
21
1.1938976377952755
0
LINE
8
BLACK
6
CONTINUOUS
10
0.5411417322834645
20
1.1938976377952755
11
0.5406922047244095
21
1.1916376771653543
0
LINE
8
BLACK
6
CONTINUOUS
10
0.5406922047244095
20
1.1916376771653543
11
0.5394120472440945
21
1.1897218110236221
0
LINE
8
BLACK
6
CONTINUOUS
10
0.5394120472440945
20
1.1897218110236221
11
0.5374961811023622
21
1.1884416535433071
0
LINE
8
BLACK
6
CONTINUOUS
10
0.5374961811023622
20
1.1884416535433071
11
0.5352362204724409
21
1.1879921259842519
0
LINE
8
BLACK
6
CONTINUOUS
10
0.5352362204724409
20
1.1879921259842519
11
0.5234251968503937
21
1.1879921259842519
0
LINE
8
BLACK
6
CONTINUOUS
10
0.5234251968503937
20
1.1879921259842519
11
0.5211652362204724
21
1.1884416535433071
0
LINE
8
BLACK
6
CONTINUOUS
10
0.5211652362204724
20
1.1884416535433071
11
0.5192493700787402
21
1.1897218110236221
0
LINE
8
BLACK
6
CONTINUOUS
10
0.5192493700787402
20
1.1897218110236221
11
0.5179692125984252
21
1.1916376771653543
0
LINE
8
BLACK
6
CONTINUOUS
10
0.5179692125984252
20
1.1916376771653543
11
0.5175196850393701
21
1.1938976377952755
0
LINE
8
BLACK
6
CONTINUOUS
10
0.5175196850393701
20
1.1938976377952755
11
0.5175196850393701
21
1.2627952755905512
0
LINE
8
BLACK
6
CONTINUOUS
10
0.5175196850393701
20
1.2627952755905512
11
0.5179692125984252
21
1.2650552362204723
0
LINE
8
BLACK
6
CONTINUOUS
10
0.5179692125984252
20
1.2650552362204723
11
0.5192493700787402
21
1.2669711023622048
0
LINE
8
BLACK
6
CONTINUOUS
10
0.5192493700787402
20
1.2669711023622048
11
0.5211652362204724
21
1.2682512598425197
0
LINE
8
BLACK
6
CONTINUOUS
10
0.5211652362204724
20
1.2682512598425197
11
0.5234251968503937
21
1.2687007874015748
0
LINE
8
BLACK
6
CONTINUOUS
10
0.5234251968503937
20
1.2687007874015748
11
0.5352362204724409
21
1.2687007874015748
0
LINE
8
BLACK
6
CONTINUOUS
10
0.5352362204724409
20
1.2687007874015748
11
0.5374961811023622
21
1.2682512598425197
0
LINE
8
BLACK
6
CONTINUOUS
10
1.0518662598425197
20
1.2682512598425197
11
1.0537821259842519
21
1.2669711023622048
0
LINE
8
BLACK
6
CONTINUOUS
10
1.0537821259842519
20
1.2669711023622048
11
1.0550622834645669
21
1.2650552362204723
0
LINE
8
BLACK
6
CONTINUOUS
10
1.0550622834645669
20
1.2650552362204723
11
1.0555118110236221
21
1.2627952755905512
0
LINE
8
BLACK
6
CONTINUOUS
10
1.0555118110236221
20
1.2627952755905512
11
1.0555118110236221
21
1.1938976377952755
0
LINE
8
BLACK
6
CONTINUOUS
10
1.0555118110236221
20
1.1938976377952755
11
1.0550622834645669
21
1.1916376771653543
0
LINE
8
BLACK
6
CONTINUOUS
10
1.0550622834645669
20
1.1916376771653543
11
1.0537821259842519
21
1.1897218110236221
0
LINE
8
BLACK
6
CONTINUOUS
10
1.0537821259842519
20
1.1897218110236221
11
1.0518662598425197
21
1.1884416535433071
0
LINE
8
BLACK
6
CONTINUOUS
10
1.0518662598425197
20
1.1884416535433071
11
1.0496062992125983
21
1.1879921259842519
0
LINE
8
BLACK
6
CONTINUOUS
10
1.0496062992125983
20
1.1879921259842519
11
1.0377952755905511
21
1.1879921259842519
0
LINE
8
BLACK
6
CONTINUOUS
10
1.0377952755905511
20
1.1879921259842519
11
1.0355353149606299
21
1.1884416535433071
0
LINE
8
BLACK
6
CONTINUOUS
10
1.0355353149606299
20
1.1884416535433071
11
1.0336194488188977
21
1.1897218110236221
0
LINE
8
BLACK
6
CONTINUOUS
10
1.0336194488188977
20
1.1897218110236221
11
1.0323392913385827
21
1.1916376771653543
0
LINE
8
BLACK
6
CONTINUOUS
10
1.0323392913385827
20
1.1916376771653543
11
1.0318897637795275
21
1.1938976377952755
0
LINE
8
BLACK
6
CONTINUOUS
10
1.0318897637795275
20
1.1938976377952755
11
1.0318897637795275
21
1.2627952755905512
0
LINE
8
BLACK
6
CONTINUOUS
10
1.0318897637795275
20
1.2627952755905512
11
1.0323392913385827
21
1.2650552362204723
0
LINE
8
BLACK
6
CONTINUOUS
10
1.0323392913385827
20
1.2650552362204723
11
1.0336194488188977
21
1.2669711023622048
0
LINE
8
BLACK
6
CONTINUOUS
10
1.0336194488188977
20
1.2669711023622048
11
1.0355353149606299
21
1.2682512598425197
0
LINE
8
BLACK
6
CONTINUOUS
10
1.0355353149606299
20
1.2682512598425197
11
1.0377952755905511
21
1.2687007874015748
0
LINE
8
BLACK
6
CONTINUOUS
10
1.0377952755905511
20
1.2687007874015748
11
1.0496062992125983
21
1.2687007874015748
0
LINE
8
BLACK
6
CONTINUOUS
10
1.0496062992125983
20
1.2687007874015748
11
1.0518662598425197
21
1.2682512598425197
0
LINE
8
BLACK
6
CONTINUOUS
10
1.1518662598425196
20
1.2682512598425197
11
1.153782125984252
21
1.2669711023622048
0
LINE
8
BLACK
6
CONTINUOUS
10
1.153782125984252
20
1.2669711023622048
11
1.155062283464567
21
1.2650552362204723
0
LINE
8
BLACK
6
CONTINUOUS
10
1.155062283464567
20
1.2650552362204723
11
1.155511811023622
21
1.2627952755905512
0
LINE
8
BLACK
6
CONTINUOUS
10
1.155511811023622
20
1.2627952755905512
11
1.155511811023622
21
1.1938976377952755
0
LINE
8
BLACK
6
CONTINUOUS
10
1.155511811023622
20
1.1938976377952755
11
1.155062283464567
21
1.1916376771653543
0
LINE
8
BLACK
6
CONTINUOUS
10
1.155062283464567
20
1.1916376771653543
11
1.153782125984252
21
1.1897218110236221
0
LINE
8
BLACK
6
CONTINUOUS
10
1.153782125984252
20
1.1897218110236221
11
1.1518662598425196
21
1.1884416535433071
0
LINE
8
BLACK
6
CONTINUOUS
10
1.1518662598425196
20
1.1884416535433071
11
1.1496062992125984
21
1.1879921259842519
0
LINE
8
BLACK
6
CONTINUOUS
10
1.1496062992125984
20
1.1879921259842519
11
1.1377952755905512
21
1.1879921259842519
0
LINE
8
BLACK
6
CONTINUOUS
10
1.1377952755905512
20
1.1879921259842519
11
1.13553531496063
21
1.1884416535433071
0
LINE
8
BLACK
6
CONTINUOUS
10
1.13553531496063
20
1.1884416535433071
11
1.1336194488188975
21
1.1897218110236221
0
LINE
8
BLACK
6
CONTINUOUS
10
1.1336194488188975
20
1.1897218110236221
11
1.1323392913385826
21
1.1916376771653543
0
LINE
8
BLACK
6
CONTINUOUS
10
1.1323392913385826
20
1.1916376771653543
11
1.1318897637795275
21
1.1938976377952755
0
LINE
8
BLACK
6
CONTINUOUS
10
1.1318897637795275
20
1.1938976377952755
11
1.1318897637795275
21
1.2627952755905512
0
LINE
8
BLACK
6
CONTINUOUS
10
1.1318897637795275
20
1.2627952755905512
11
1.1323392913385826
21
1.2650552362204723
0
LINE
8
BLACK
6
CONTINUOUS
10
1.1323392913385826
20
1.2650552362204723
11
1.1336194488188975
21
1.2669711023622048
0
LINE
8
BLACK
6
CONTINUOUS
10
1.1336194488188975
20
1.2669711023622048
11
1.13553531496063
21
1.2682512598425197
0
LINE
8
BLACK
6
CONTINUOUS
10
1.13553531496063
20
1.2682512598425197
11
1.1377952755905512
21
1.2687007874015748
0
LINE
8
BLACK
6
CONTINUOUS
10
1.1377952755905512
20
1.2687007874015748
11
1.1496062992125984
21
1.2687007874015748
0
LINE
8
BLACK
6
CONTINUOUS
10
1.1496062992125984
20
1.2687007874015748
11
1.1518662598425196
21
1.2682512598425197
0
LINE
8
BLACK
6
CONTINUOUS
10
1.2018662598425196
20
1.2682512598425197
11
1.203782125984252
21
1.2669711023622048
0
LINE
8
BLACK
6
CONTINUOUS
10
1.203782125984252
20
1.2669711023622048
11
1.205062283464567
21
1.2650552362204723
0
LINE
8
BLACK
6
CONTINUOUS
10
1.205062283464567
20
1.2650552362204723
11
1.205511811023622
21
1.2627952755905512
0
LINE
8
BLACK
6
CONTINUOUS
10
1.205511811023622
20
1.2627952755905512
11
1.205511811023622
21
1.1938976377952755
0
LINE
8
BLACK
6
CONTINUOUS
10
1.205511811023622
20
1.1938976377952755
11
1.205062283464567
21
1.1916376771653543
0
LINE
8
BLACK
6
CONTINUOUS
10
1.205062283464567
20
1.1916376771653543
11
1.203782125984252
21
1.1897218110236221
0
LINE
8
BLACK
6
CONTINUOUS
10
1.203782125984252
20
1.1897218110236221
11
1.2018662598425196
21
1.1884416535433071
0
LINE
8
BLACK
6
CONTINUOUS
10
1.2018662598425196
20
1.1884416535433071
11
1.1996062992125984
21
1.1879921259842519
0
LINE
8
BLACK
6
CONTINUOUS
10
1.1996062992125984
20
1.1879921259842519
11
1.1877952755905512
21
1.1879921259842519
0
LINE
8
BLACK
6
CONTINUOUS
10
1.1877952755905512
20
1.1879921259842519
11
1.1855353149606298
21
1.1884416535433071
0
LINE
8
BLACK
6
CONTINUOUS
10
1.1855353149606298
20
1.1884416535433071
11
1.1836194488188976
21
1.1897218110236221
0
LINE
8
BLACK
6
CONTINUOUS
10
1.1836194488188976
20
1.1897218110236221
11
1.1823392913385826
21
1.1916376771653543
0
LINE
8
BLACK
6
CONTINUOUS
10
1.1823392913385826
20
1.1916376771653543
11
1.1818897637795276
21
1.1938976377952755
0
LINE
8
BLACK
6
CONTINUOUS
10
1.1818897637795276
20
1.1938976377952755
11
1.1818897637795276
21
1.2627952755905512
0
LINE
8
BLACK
6
CONTINUOUS
10
1.1818897637795276
20
1.2627952755905512
11
1.1823392913385826
21
1.2650552362204723
0
LINE
8
BLACK
6
CONTINUOUS
10
1.1823392913385826
20
1.2650552362204723
11
1.1836194488188976
21
1.2669711023622048
0
LINE
8
BLACK
6
CONTINUOUS
10
1.1836194488188976
20
1.2669711023622048
11
1.1855353149606298
21
1.2682512598425197
0
LINE
8
BLACK
6
CONTINUOUS
10
1.1855353149606298
20
1.2682512598425197
11
1.1877952755905512
21
1.2687007874015748
0
LINE
8
BLACK
6
CONTINUOUS
10
1.1877952755905512
20
1.2687007874015748
11
1.1996062992125984
21
1.2687007874015748
0
LINE
8
BLACK
6
CONTINUOUS
10
1.1996062992125984
20
1.2687007874015748
11
1.2018662598425196
21
1.2682512598425197
0
LINE
8
BLACK
6
CONTINUOUS
10
1.2518662598425196
20
1.2682512598425197
11
1.2537821259842519
21
1.2669711023622048
0
LINE
8
BLACK
6
CONTINUOUS
10
1.2537821259842519
20
1.2669711023622048
11
1.2550622834645668
21
1.2650552362204723
0
LINE
8
BLACK
6
CONTINUOUS
10
1.2550622834645668
20
1.2650552362204723
11
1.2555118110236221
21
1.2627952755905512
0
LINE
8
BLACK
6
CONTINUOUS
10
1.2555118110236221
20
1.2627952755905512
11
1.2555118110236221
21
1.1938976377952755
0
LINE
8
BLACK
6
CONTINUOUS
10
1.2555118110236221
20
1.1938976377952755
11
1.2550622834645668
21
1.1916376771653543
0
LINE
8
BLACK
6
CONTINUOUS
10
1.2550622834645668
20
1.1916376771653543
11
1.2537821259842519
21
1.1897218110236221
0
LINE
8
BLACK
6
CONTINUOUS
10
1.2537821259842519
20
1.1897218110236221
11
1.2518662598425196
21
1.1884416535433071
0
LINE
8
BLACK
6
CONTINUOUS
10
1.2518662598425196
20
1.1884416535433071
11
1.2496062992125985
21
1.1879921259842519
0
LINE
8
BLACK
6
CONTINUOUS
10
1.2496062992125985
20
1.1879921259842519
11
1.2377952755905512
21
1.1879921259842519
0
LINE
8
BLACK
6
CONTINUOUS
10
1.2377952755905512
20
1.1879921259842519
11
1.2355353149606298
21
1.1884416535433071
0
LINE
8
BLACK
6
CONTINUOUS
10
1.2355353149606298
20
1.1884416535433071
11
1.2336194488188976
21
1.1897218110236221
0
LINE
8
BLACK
6
CONTINUOUS
10
1.2336194488188976
20
1.1897218110236221
11
1.2323392913385827
21
1.1916376771653543
0
LINE
8
BLACK
6
CONTINUOUS
10
1.2323392913385827
20
1.1916376771653543
11
1.2318897637795276
21
1.1938976377952755
0
LINE
8
BLACK
6
CONTINUOUS
10
1.2318897637795276
20
1.1938976377952755
11
1.2318897637795276
21
1.2627952755905512
0
LINE
8
BLACK
6
CONTINUOUS
10
1.2318897637795276
20
1.2627952755905512
11
1.2323392913385827
21
1.2650552362204723
0
LINE
8
BLACK
6
CONTINUOUS
10
1.2323392913385827
20
1.2650552362204723
11
1.2336194488188976
21
1.2669711023622048
0
LINE
8
BLACK
6
CONTINUOUS
10
1.2336194488188976
20
1.2669711023622048
11
1.2355353149606298
21
1.2682512598425197
0
LINE
8
BLACK
6
CONTINUOUS
10
1.2355353149606298
20
1.2682512598425197
11
1.2377952755905512
21
1.2687007874015748
0
LINE
8
BLACK
6
CONTINUOUS
10
1.2377952755905512
20
1.2687007874015748
11
1.2496062992125985
21
1.2687007874015748
0
LINE
8
BLACK
6
CONTINUOUS
10
1.2496062992125985
20
1.2687007874015748
11
1.2518662598425196
21
1.2682512598425197
0
LINE
8
BLACK
6
CONTINUOUS
10
1.3018662598425197
20
1.2682512598425197
11
1.3037821259842519
21
1.2669711023622048
0
LINE
8
BLACK
6
CONTINUOUS
10
1.3037821259842519
20
1.2669711023622048
11
1.3050622834645669
21
1.2650552362204723
0
LINE
8
BLACK
6
CONTINUOUS
10
1.3050622834645669
20
1.2650552362204723
11
1.3055118110236221
21
1.2627952755905512
0
LINE
8
BLACK
6
CONTINUOUS
10
1.3055118110236221
20
1.2627952755905512
11
1.3055118110236221
21
1.1938976377952755
0
LINE
8
BLACK
6
CONTINUOUS
10
1.3055118110236221
20
1.1938976377952755
11
1.3050622834645669
21
1.1916376771653543
0
LINE
8
BLACK
6
CONTINUOUS
10
1.3050622834645669
20
1.1916376771653543
11
1.3037821259842519
21
1.1897218110236221
0
LINE
8
BLACK
6
CONTINUOUS
10
1.3037821259842519
20
1.1897218110236221
11
1.3018662598425197
21
1.1884416535433071
0
LINE
8
BLACK
6
CONTINUOUS
10
1.3018662598425197
20
1.1884416535433071
11
1.2996062992125983
21
1.1879921259842519
0
LINE
8
BLACK
6
CONTINUOUS
10
1.2996062992125983
20
1.1879921259842519
11
1.2877952755905511
21
1.1879921259842519
0
LINE
8
BLACK
6
CONTINUOUS
10
1.2877952755905511
20
1.1879921259842519
11
1.2855353149606299
21
1.1884416535433071
0
LINE
8
BLACK
6
CONTINUOUS
10
1.2855353149606299
20
1.1884416535433071
11
1.2836194488188977
21
1.1897218110236221
0
LINE
8
BLACK
6
CONTINUOUS
10
1.2836194488188977
20
1.1897218110236221
11
1.2823392913385827
21
1.1916376771653543
0
LINE
8
BLACK
6
CONTINUOUS
10
1.2823392913385827
20
1.1916376771653543
11
1.2818897637795275
21
1.1938976377952755
0
LINE
8
BLACK
6
CONTINUOUS
10
1.2818897637795275
20
1.1938976377952755
11
1.2818897637795275
21
1.2627952755905512
0
LINE
8
BLACK
6
CONTINUOUS
10
1.2818897637795275
20
1.2627952755905512
11
1.2823392913385827
21
1.2650552362204723
0
LINE
8
BLACK
6
CONTINUOUS
10
1.2823392913385827
20
1.2650552362204723
11
1.2836194488188977
21
1.2669711023622048
0
LINE
8
BLACK
6
CONTINUOUS
10
1.2836194488188977
20
1.2669711023622048
11
1.2855353149606299
21
1.2682512598425197
0
LINE
8
BLACK
6
CONTINUOUS
10
1.2855353149606299
20
1.2682512598425197
11
1.2877952755905511
21
1.2687007874015748
0
LINE
8
BLACK
6
CONTINUOUS
10
1.2877952755905511
20
1.2687007874015748
11
1.2996062992125983
21
1.2687007874015748
0
LINE
8
BLACK
6
CONTINUOUS
10
1.2996062992125983
20
1.2687007874015748
11
1.3018662598425197
21
1.2682512598425197
0
LINE
8
BLACK
6
CONTINUOUS
10
1.4018662598425196
20
1.2682512598425197
11
1.403782125984252
21
1.2669711023622048
0
LINE
8
BLACK
6
CONTINUOUS
10
1.403782125984252
20
1.2669711023622048
11
1.405062283464567
21
1.2650552362204723
0
LINE
8
BLACK
6
CONTINUOUS
10
1.405062283464567
20
1.2650552362204723
11
1.405511811023622
21
1.2627952755905512
0
LINE
8
BLACK
6
CONTINUOUS
10
1.405511811023622
20
1.2627952755905512
11
1.405511811023622
21
1.1938976377952755
0
LINE
8
BLACK
6
CONTINUOUS
10
1.405511811023622
20
1.1938976377952755
11
1.405062283464567
21
1.1916376771653543
0
LINE
8
BLACK
6
CONTINUOUS
10
1.405062283464567
20
1.1916376771653543
11
1.403782125984252
21
1.1897218110236221
0
LINE
8
BLACK
6
CONTINUOUS
10
1.403782125984252
20
1.1897218110236221
11
1.4018662598425196
21
1.1884416535433071
0
LINE
8
BLACK
6
CONTINUOUS
10
1.4018662598425196
20
1.1884416535433071
11
1.3996062992125984
21
1.1879921259842519
0
LINE
8
BLACK
6
CONTINUOUS
10
1.3996062992125984
20
1.1879921259842519
11
1.3877952755905512
21
1.1879921259842519
0
LINE
8
BLACK
6
CONTINUOUS
10
1.3877952755905512
20
1.1879921259842519
11
1.38553531496063
21
1.1884416535433071
0
LINE
8
BLACK
6
CONTINUOUS
10
1.38553531496063
20
1.1884416535433071
11
1.3836194488188975
21
1.1897218110236221
0
LINE
8
BLACK
6
CONTINUOUS
10
1.3836194488188975
20
1.1897218110236221
11
1.3823392913385826
21
1.1916376771653543
0
LINE
8
BLACK
6
CONTINUOUS
10
1.3823392913385826
20
1.1916376771653543
11
1.3818897637795275
21
1.1938976377952755
0
LINE
8
BLACK
6
CONTINUOUS
10
1.3818897637795275
20
1.1938976377952755
11
1.3818897637795275
21
1.2627952755905512
0
LINE
8
BLACK
6
CONTINUOUS
10
1.3818897637795275
20
1.2627952755905512
11
1.3823392913385826
21
1.2650552362204723
0
LINE
8
BLACK
6
CONTINUOUS
10
1.3823392913385826
20
1.2650552362204723
11
1.3836194488188975
21
1.2669711023622048
0
LINE
8
BLACK
6
CONTINUOUS
10
1.3836194488188975
20
1.2669711023622048
11
1.38553531496063
21
1.2682512598425197
0
LINE
8
BLACK
6
CONTINUOUS
10
1.38553531496063
20
1.2682512598425197
11
1.3877952755905512
21
1.2687007874015748
0
LINE
8
BLACK
6
CONTINUOUS
10
1.3877952755905512
20
1.2687007874015748
11
1.3996062992125984
21
1.2687007874015748
0
LINE
8
BLACK
6
CONTINUOUS
10
1.3996062992125984
20
1.2687007874015748
11
1.4018662598425196
21
1.2682512598425197
0
LINE
8
BLACK
6
CONTINUOUS
10
0.0185303543307087
20
1.2413768110236221
11
0.0217235039370079
21
1.2392432283464567
0
LINE
8
BLACK
6
CONTINUOUS
10
0.0217235039370079
20
1.2392432283464567
11
0.0238570866141732
21
1.2360500787401574
0
LINE
8
BLACK
6
CONTINUOUS
10
0.0238570866141732
20
1.2360500787401574
11
0.0246062992125984
21
1.2322835039370079
0
LINE
8
BLACK
6
CONTINUOUS
10
0.0246062992125984
20
1.2322835039370079
11
0.0246062992125984
21
1.2125984645669292
0
LINE
8
BLACK
6
CONTINUOUS
10
0.0246062992125984
20
1.2125984645669292
11
0.0238570866141732
21
1.2088318897637795
0
LINE
8
BLACK
6
CONTINUOUS
10
0.0238570866141732
20
1.2088318897637795
11
0.0217235039370079
21
1.2056387401574802
0
LINE
8
BLACK
6
CONTINUOUS
10
0.0217235039370079
20
1.2056387401574802
11
0.0185303543307087
21
1.2035051574803148
0
LINE
8
BLACK
6
CONTINUOUS
10
0.0185303543307087
20
1.2035051574803148
11
0.0147637795275591
21
1.2027559448818896
0
LINE
8
BLACK
6
CONTINUOUS
10
0.0147637795275591
20
1.2027559448818896
11
-0.0226377952755905
21
1.2027559448818896
0
LINE
8
BLACK
6
CONTINUOUS
10
-0.0226377952755905
20
1.2027559448818896
11
-0.0264043700787402
21
1.2035051574803148
0
LINE
8
BLACK
6
CONTINUOUS
10
-0.0264043700787402
20
1.2035051574803148
11
-0.0295975196850394
21
1.2056387401574802
0
LINE
8
BLACK
6
CONTINUOUS
10
-0.0295975196850394
20
1.2056387401574802
11
-0.0317311023622047
21
1.2088318897637795
0
LINE
8
BLACK
6
CONTINUOUS
10
-0.0317311023622047
20
1.2088318897637795
11
-0.0324803149606299
21
1.2125984645669292
0
LINE
8
BLACK
6
CONTINUOUS
10
-0.0324803149606299
20
1.2125984645669292
11
-0.0324803149606299
21
1.2322835039370079
0
LINE
8
BLACK
6
CONTINUOUS
10
-0.0324803149606299
20
1.2322835039370079
11
-0.0317311023622047
21
1.2360500787401574
0
LINE
8
BLACK
6
CONTINUOUS
10
-0.0317311023622047
20
1.2360500787401574
11
-0.0295975196850394
21
1.2392432283464567
0
LINE
8
BLACK
6
CONTINUOUS
10
-0.0295975196850394
20
1.2392432283464567
11
-0.0264043700787402
21
1.2413768110236221
0
LINE
8
BLACK
6
CONTINUOUS
10
-0.0264043700787402
20
1.2413768110236221
11
-0.0226377952755905
21
1.2421260236220473
0
LINE
8
BLACK
6
CONTINUOUS
10
-0.0226377952755905
20
1.2421260236220473
11
0.0147637795275591
21
1.2421260236220473
0
LINE
8
BLACK
6
CONTINUOUS
10
0.0147637795275591
20
1.2421260236220473
11
0.0185303543307087
21
1.2413768110236221
0
LINE
8
BLACK
6
CONTINUOUS
10
-0.7103384645669292
20
1.297286653543307
11
-0.7084225984251968
21
1.296006496062992
0
LINE
8
BLACK
6
CONTINUOUS
10
-0.7084225984251968
20
1.296006496062992
11
-0.7071424409448819
21
1.2940906299212598
0
LINE
8
BLACK
6
CONTINUOUS
10
-0.7071424409448819
20
1.2940906299212598
11
-0.7066929133858267
21
1.2918306692913386
0
LINE
8
BLACK
6
CONTINUOUS
10
-0.7066929133858267
20
1.2918306692913386
11
-0.7066929133858267
21
1.2455708267716534
0
LINE
8
BLACK
6
CONTINUOUS
10
-0.7066929133858267
20
1.2455708267716534
11
-0.7071424409448819
21
1.2433108661417323
0
LINE
8
BLACK
6
CONTINUOUS
10
-0.7071424409448819
20
1.2433108661417323
11
-0.7084225984251968
21
1.241395
0
LINE
8
BLACK
6
CONTINUOUS
10
-0.7084225984251968
20
1.241395
11
-0.7103384645669292
21
1.2401148425196851
0
LINE
8
BLACK
6
CONTINUOUS
10
-0.7103384645669292
20
1.2401148425196851
11
-0.7125984251968503
21
1.2396653149606298
0
LINE
8
BLACK
6
CONTINUOUS
10
-0.7125984251968503
20
1.2396653149606298
11
-0.7244094488188976
21
1.2396653149606298
0
LINE
8
BLACK
6
CONTINUOUS
10
-0.7244094488188976
20
1.2396653149606298
11
-0.7266694094488189
21
1.2401148425196851
0
LINE
8
BLACK
6
CONTINUOUS
10
-0.7266694094488189
20
1.2401148425196851
11
-0.7285852755905512
21
1.241395
0
LINE
8
BLACK
6
CONTINUOUS
10
-0.7285852755905512
20
1.241395
11
-0.7298654330708662
21
1.2433108661417323
0
LINE
8
BLACK
6
CONTINUOUS
10
-0.7298654330708662
20
1.2433108661417323
11
-0.7303149606299213
21
1.2455708267716534
0
LINE
8
BLACK
6
CONTINUOUS
10
-0.7303149606299213
20
1.2455708267716534
11
-0.7303149606299213
21
1.2918306692913386
0
LINE
8
BLACK
6
CONTINUOUS
10
-0.7303149606299213
20
1.2918306692913386
11
-0.7298654330708662
21
1.2940906299212598
0
LINE
8
BLACK
6
CONTINUOUS
10
-0.7298654330708662
20
1.2940906299212598
11
-0.7285852755905512
21
1.296006496062992
0
LINE
8
BLACK
6
CONTINUOUS
10
-0.7285852755905512
20
1.296006496062992
11
-0.7266694094488189
21
1.297286653543307
0
LINE
8
BLACK
6
CONTINUOUS
10
-0.7266694094488189
20
1.297286653543307
11
-0.7244094488188976
21
1.2977361811023622
0
LINE
8
BLACK
6
CONTINUOUS
10
-0.7244094488188976
20
1.2977361811023622
11
-0.7125984251968503
21
1.2977361811023622
0
LINE
8
BLACK
6
CONTINUOUS
10
-0.7125984251968503
20
1.2977361811023622
11
-0.7103384645669292
21
1.297286653543307
0
LINE
8
BLACK
6
CONTINUOUS
10
0.0185303543307087
20
1.3161798818897636
11
0.0217235039370079
21
1.3140462992125983
0
LINE
8
BLACK
6
CONTINUOUS
10
0.0217235039370079
20
1.3140462992125983
11
0.0238570866141732
21
1.3108531496062992
0
LINE
8
BLACK
6
CONTINUOUS
10
0.0238570866141732
20
1.3108531496062992
11
0.0246062992125984
21
1.3070865748031495
0
LINE
8
BLACK
6
CONTINUOUS
10
0.0246062992125984
20
1.3070865748031495
11
0.0246062992125984
21
1.2874015354330708
0
LINE
8
BLACK
6
CONTINUOUS
10
0.0246062992125984
20
1.2874015354330708
11
0.0238570866141732
21
1.2836349606299213
0
LINE
8
BLACK
6
CONTINUOUS
10
0.0238570866141732
20
1.2836349606299213
11
0.0217235039370079
21
1.280441811023622
0
LINE
8
BLACK
6
CONTINUOUS
10
0.0217235039370079
20
1.280441811023622
11
0.0185303543307087
21
1.2783082283464566
0
LINE
8
BLACK
6
CONTINUOUS
10
0.0185303543307087
20
1.2783082283464566
11
0.0147637795275591
21
1.2775590157480314
0
LINE
8
BLACK
6
CONTINUOUS
10
0.0147637795275591
20
1.2775590157480314
11
-0.0226377952755905
21
1.2775590157480314
0
LINE
8
BLACK
6
CONTINUOUS
10
-0.0226377952755905
20
1.2775590157480314
11
-0.0264043700787402
21
1.2783082283464566
0
LINE
8
BLACK
6
CONTINUOUS
10
-0.0264043700787402
20
1.2783082283464566
11
-0.0295975196850394
21
1.280441811023622
0
LINE
8
BLACK
6
CONTINUOUS
10
-0.0295975196850394
20
1.280441811023622
11
-0.0317311023622047
21
1.2836349606299213
0
LINE
8
BLACK
6
CONTINUOUS
10
-0.0317311023622047
20
1.2836349606299213
11
-0.0324803149606299
21
1.2874015354330708
0
LINE
8
BLACK
6
CONTINUOUS
10
-0.0324803149606299
20
1.2874015354330708
11
-0.0324803149606299
21
1.3070865748031495
0
LINE
8
BLACK
6
CONTINUOUS
10
-0.0324803149606299
20
1.3070865748031495
11
-0.0317311023622047
21
1.3108531496062992
0
LINE
8
BLACK
6
CONTINUOUS
10
-0.0317311023622047
20
1.3108531496062992
11
-0.0295975196850394
21
1.3140462992125983
0
LINE
8
BLACK
6
CONTINUOUS
10
-0.0295975196850394
20
1.3140462992125983
11
-0.0264043700787402
21
1.3161798818897636
0
LINE
8
BLACK
6
CONTINUOUS
10
-0.0264043700787402
20
1.3161798818897636
11
-0.0226377952755905
21
1.3169290944881888
0
LINE
8
BLACK
6
CONTINUOUS
10
-0.0226377952755905
20
1.3169290944881888
11
0.0147637795275591
21
1.3169290944881888
0
LINE
8
BLACK
6
CONTINUOUS
10
0.0147637795275591
20
1.3169290944881888
11
0.0185303543307087
21
1.3161798818897636
0
LINE
8
BLACK
6
CONTINUOUS
10
-0.2687007874015748
20
1.3090550787401574
11
-0.2832677165354331
21
1.3090550787401574
0
LINE
8
BLACK
6
CONTINUOUS
10
-0.2832677165354331
20
1.3090550787401574
11
-0.2832677165354331
21
1.3533464173228347
0
LINE
8
BLACK
6
CONTINUOUS
10
-0.2832677165354331
20
1.3533464173228347
11
-0.2687007874015748
21
1.3533464173228347
0
LINE
8
BLACK
6
CONTINUOUS
10
-0.2687007874015748
20
1.3533464173228347
11
-0.2687007874015748
21
1.3090550787401574
0
LINE
8
BLACK
6
CONTINUOUS
10
-0.2391806692913386
20
1.3090550787401574
11
-0.249023188976378
21
1.3090550787401574
0
LINE
8
BLACK
6
CONTINUOUS
10
-0.249023188976378
20
1.3090550787401574
11
-0.249023188976378
21
1.3523621653543307
0
LINE
8
BLACK
6
CONTINUOUS
10
-0.249023188976378
20
1.3523621653543307
11
-0.2391806692913386
21
1.3523621653543307
0
LINE
8
BLACK
6
CONTINUOUS
10
-0.2391806692913386
20
1.3523621653543307
11
-0.2391806692913386
21
1.3090550787401574
0
LINE
8
BLACK
6
CONTINUOUS
10
-0.2194906299212598
20
1.3090550787401574
11
-0.2293331496062992
21
1.3090550787401574
0
LINE
8
BLACK
6
CONTINUOUS
10
-0.2293331496062992
20
1.3090550787401574
11
-0.2293331496062992
21
1.3523621653543307
0
LINE
8
BLACK
6
CONTINUOUS
10
-0.2293331496062992
20
1.3523621653543307
11
-0.2194906299212598
21
1.3523621653543307
0
LINE
8
BLACK
6
CONTINUOUS
10
-0.2194906299212598
20
1.3523621653543307
11
-0.2194906299212598
21
1.3090550787401574
0
LINE
8
BLACK
6
CONTINUOUS
10
-0.1190920078740157
20
1.3671259448818898
11
-0.1190920078740157
21
1.3238188582677166
0
LINE
8
BLACK
6
CONTINUOUS
10
-0.1190920078740157
20
1.3238188582677166
11
-0.1230141338582677
21
1.3238188582677166
0
LINE
8
BLACK
6
CONTINUOUS
10
-0.1230141338582677
20
1.3238188582677166
11
-0.1230141338582677
21
1.3090550787401574
0
LINE
8
BLACK
6
CONTINUOUS
10
-0.1230141338582677
20
1.3090550787401574
11
-0.1328566535433071
21
1.3090550787401574
0
LINE
8
BLACK
6
CONTINUOUS
10
-0.1328566535433071
20
1.3090550787401574
11
-0.1328566535433071
21
1.3238188582677166
0
LINE
8
BLACK
6
CONTINUOUS
10
-0.1328566535433071
20
1.3238188582677166
11
-0.1427041338582677
21
1.3238188582677166
0
LINE
8
BLACK
6
CONTINUOUS
10
-0.1427041338582677
20
1.3238188582677166
11
-0.1427041338582677
21
1.3090550787401574
0
LINE
8
BLACK
6
CONTINUOUS
10
-0.1427041338582677
20
1.3090550787401574
11
-0.1525466535433071
21
1.3090550787401574
0
LINE
8
BLACK
6
CONTINUOUS
10
-0.1525466535433071
20
1.3090550787401574
11
-0.1525466535433071
21
1.3238188582677166
0
LINE
8
BLACK
6
CONTINUOUS
10
-0.1525466535433071
20
1.3238188582677166
11
-0.1623941338582677
21
1.3238188582677166
0
LINE
8
BLACK
6
CONTINUOUS
10
-0.1623941338582677
20
1.3238188582677166
11
-0.1623941338582677
21
1.3090550787401574
0
LINE
8
BLACK
6
CONTINUOUS
10
-0.1623941338582677
20
1.3090550787401574
11
-0.1722366535433071
21
1.3090550787401574
0
LINE
8
BLACK
6
CONTINUOUS
10
-0.1722366535433071
20
1.3090550787401574
11
-0.1722366535433071
21
1.3238188582677166
0
LINE
8
BLACK
6
CONTINUOUS
10
-0.1722366535433071
20
1.3238188582677166
11
-0.1820841338582677
21
1.3238188582677166
0
LINE
8
BLACK
6
CONTINUOUS
10
-0.1820841338582677
20
1.3238188582677166
11
-0.1820841338582677
21
1.3090550787401574
0
LINE
8
BLACK
6
CONTINUOUS
10
-0.1820841338582677
20
1.3090550787401574
11
-0.1919266535433071
21
1.3090550787401574
0
LINE
8
BLACK
6
CONTINUOUS
10
-0.1919266535433071
20
1.3090550787401574
11
-0.1919266535433071
21
1.3238188582677166
0
LINE
8
BLACK
6
CONTINUOUS
10
-0.1919266535433071
20
1.3238188582677166
11
-0.1998006692913386
21
1.3238188582677166
0
LINE
8
BLACK
6
CONTINUOUS
10
-0.1998006692913386
20
1.3238188582677166
11
-0.1998006692913386
21
1.3277558661417324
0
LINE
8
BLACK
6
CONTINUOUS
10
-0.1998006692913386
20
1.3277558661417324
11
-0.1998006692913386
21
1.3671259448818898
0
LINE
8
BLACK
6
CONTINUOUS
10
-0.1998006692913386
20
1.3671259448818898
11
-0.1190920078740157
21
1.3671259448818898
0
LINE
8
BLACK
6
CONTINUOUS
10
-0.7477400393700787
20
1.3711055905511811
11
-0.7458241732283465
21
1.3698254330708661
0
LINE
8
BLACK
6
CONTINUOUS
10
-0.7458241732283465
20
1.3698254330708661
11
-0.7445440157480315
21
1.3679095669291339
0
LINE
8
BLACK
6
CONTINUOUS
10
-0.7445440157480315
20
1.3679095669291339
11
-0.7440944881889764
21
1.3656496062992125
0
LINE
8
BLACK
6
CONTINUOUS
10
-0.7440944881889764
20
1.3656496062992125
11
-0.7440944881889764
21
1.3193897637795275
0
LINE
8
BLACK
6
CONTINUOUS
10
-0.7440944881889764
20
1.3193897637795275
11
-0.7445440157480315
21
1.3171298031496064
0
LINE
8
BLACK
6
CONTINUOUS
10
-0.7445440157480315
20
1.3171298031496064
11
-0.7458241732283465
21
1.3152139370078739
0
LINE
8
BLACK
6
CONTINUOUS
10
-0.7458241732283465
20
1.3152139370078739
11
-0.7477400393700787
21
1.313933779527559
0
LINE
8
BLACK
6
CONTINUOUS
10
-0.7477400393700787
20
1.313933779527559
11
-0.75
21
1.3134842519685039
0
LINE
8
BLACK
6
CONTINUOUS
10
-0.75
20
1.3134842519685039
11
-0.7618110236220472
21
1.3134842519685039
0
LINE
8
BLACK
6
CONTINUOUS
10
-0.7618110236220472
20
1.3134842519685039
11
-0.7640709842519685
21
1.313933779527559
0
LINE
8
BLACK
6
CONTINUOUS
10
-0.7640709842519685
20
1.313933779527559
11
-0.7659868503937007
21
1.3152139370078739
0
LINE
8
BLACK
6
CONTINUOUS
10
-0.7659868503937007
20
1.3152139370078739
11
-0.7672670078740157
21
1.3171298031496064
0
LINE
8
BLACK
6
CONTINUOUS
10
-0.7672670078740157
20
1.3171298031496064
11
-0.7677165354330708
21
1.3193897637795275
0
LINE
8
BLACK
6
CONTINUOUS
10
-0.7677165354330708
20
1.3193897637795275
11
-0.7677165354330708
21
1.3656496062992125
0
LINE
8
BLACK
6
CONTINUOUS
10
-0.7677165354330708
20
1.3656496062992125
11
-0.7672670078740157
21
1.3679095669291339
0
LINE
8
BLACK
6
CONTINUOUS
10
-0.7672670078740157
20
1.3679095669291339
11
-0.7659868503937007
21
1.3698254330708661
0
LINE
8
BLACK
6
CONTINUOUS
10
-0.7659868503937007
20
1.3698254330708661
11
-0.7640709842519685
21
1.3711055905511811
0
LINE
8
BLACK
6
CONTINUOUS
10
-0.7640709842519685
20
1.3711055905511811
11
-0.7618110236220472
21
1.3715551181102361
0
LINE
8
BLACK
6
CONTINUOUS
10
-0.7618110236220472
20
1.3715551181102361
11
-0.75
21
1.3715551181102361
0
LINE
8
BLACK
6
CONTINUOUS
10
-0.75
20
1.3715551181102361
11
-0.7477400393700787
21
1.3711055905511811
0
LINE
8
BLACK
6
CONTINUOUS
10
-0.6729368897637795
20
1.3711055905511811
11
-0.6710210236220472
21
1.3698254330708661
0
LINE
8
BLACK
6
CONTINUOUS
10
-0.6710210236220472
20
1.3698254330708661
11
-0.6697408661417322
21
1.3679095669291339
0
LINE
8
BLACK
6
CONTINUOUS
10
-0.6697408661417322
20
1.3679095669291339
11
-0.6692913385826772
21
1.3656496062992125
0
LINE
8
BLACK
6
CONTINUOUS
10
-0.6692913385826772
20
1.3656496062992125
11
-0.6692913385826772
21
1.3193897637795275
0
LINE
8
BLACK
6
CONTINUOUS
10
-0.6692913385826772
20
1.3193897637795275
11
-0.6697408661417322
21
1.3171298031496064
0
LINE
8
BLACK
6
CONTINUOUS
10
-0.6697408661417322
20
1.3171298031496064
11
-0.6710210236220472
21
1.3152139370078739
0
LINE
8
BLACK
6
CONTINUOUS
10
-0.6710210236220472
20
1.3152139370078739
11
-0.6729368897637795
21
1.313933779527559
0
LINE
8
BLACK
6
CONTINUOUS
10
-0.6729368897637795
20
1.313933779527559
11
-0.6751968503937008
21
1.3134842519685039
0
LINE
8
BLACK
6
CONTINUOUS
10
-0.6751968503937008
20
1.3134842519685039
11
-0.687007874015748
21
1.3134842519685039
0
LINE
8
BLACK
6
CONTINUOUS
10
-0.687007874015748
20
1.3134842519685039
11
-0.6892678346456693
21
1.313933779527559
0
LINE
8
BLACK
6
CONTINUOUS
10
-0.6892678346456693
20
1.313933779527559
11
-0.6911837007874015
21
1.3152139370078739
0
LINE
8
BLACK
6
CONTINUOUS
10
-0.6911837007874015
20
1.3152139370078739
11
-0.6924638582677165
21
1.3171298031496064
0
LINE
8
BLACK
6
CONTINUOUS
10
-0.6924638582677165
20
1.3171298031496064
11
-0.6929133858267716
21
1.3193897637795275
0
LINE
8
BLACK
6
CONTINUOUS
10
-0.6929133858267716
20
1.3193897637795275
11
-0.6929133858267716
21
1.3656496062992125
0
LINE
8
BLACK
6
CONTINUOUS
10
-0.6929133858267716
20
1.3656496062992125
11
-0.6924638582677165
21
1.3679095669291339
0
LINE
8
BLACK
6
CONTINUOUS
10
-0.6924638582677165
20
1.3679095669291339
11
-0.6911837007874015
21
1.3698254330708661
0
LINE
8
BLACK
6
CONTINUOUS
10
-0.6911837007874015
20
1.3698254330708661
11
-0.6892678346456693
21
1.3711055905511811
0
LINE
8
BLACK
6
CONTINUOUS
10
-0.6892678346456693
20
1.3711055905511811
11
-0.687007874015748
21
1.3715551181102361
0
LINE
8
BLACK
6
CONTINUOUS
10
-0.687007874015748
20
1.3715551181102361
11
-0.6751968503937008
21
1.3715551181102361
0
LINE
8
BLACK
6
CONTINUOUS
10
-0.6751968503937008
20
1.3715551181102361
11
-0.6729368897637795
21
1.3711055905511811
0
LINE
8
BLACK
6
CONTINUOUS
10
-0.3515483858267717
20
1.3889161023622048
11
-0.3483552362204724
21
1.3867825196850394
0
LINE
8
BLACK
6
CONTINUOUS
10
-0.3483552362204724
20
1.3867825196850394
11
-0.3462216535433071
21
1.3835893700787401
0
LINE
8
BLACK
6
CONTINUOUS
10
-0.3462216535433071
20
1.3835893700787401
11
-0.3454724409448819
21
1.3798227952755906
0
LINE
8
BLACK
6
CONTINUOUS
10
-0.3454724409448819
20
1.3798227952755906
11
-0.3454724409448819
21
1.3601377559055117
0
LINE
8
BLACK
6
CONTINUOUS
10
-0.3454724409448819
20
1.3601377559055117
11
-0.3462216535433071
21
1.3563711811023622
0
LINE
8
BLACK
6
CONTINUOUS
10
-0.3462216535433071
20
1.3563711811023622
11
-0.3483552362204724
21
1.3531780314960629
0
LINE
8
BLACK
6
CONTINUOUS
10
-0.3483552362204724
20
1.3531780314960629
11
-0.3515483858267717
21
1.3510444488188975
0
LINE
8
BLACK
6
CONTINUOUS
10
-0.3515483858267717
20
1.3510444488188975
11
-0.3553149606299212
21
1.3502952362204723
0
LINE
8
BLACK
6
CONTINUOUS
10
-0.3553149606299212
20
1.3502952362204723
11
-0.3927165354330708
21
1.3502952362204723
0
LINE
8
BLACK
6
CONTINUOUS
10
-0.3927165354330708
20
1.3502952362204723
11
-0.3964831102362205
21
1.3510444488188975
0
LINE
8
BLACK
6
CONTINUOUS
10
-0.3964831102362205
20
1.3510444488188975
11
-0.3996762598425197
21
1.3531780314960629
0
LINE
8
BLACK
6
CONTINUOUS
10
-0.3996762598425197
20
1.3531780314960629
11
-0.401809842519685
21
1.3563711811023622
0
LINE
8
BLACK
6
CONTINUOUS
10
-0.401809842519685
20
1.3563711811023622
11
-0.4025590551181102
21
1.3601377559055117
0
LINE
8
BLACK
6
CONTINUOUS
10
-0.4025590551181102
20
1.3601377559055117
11
-0.4025590551181102
21
1.3798227952755906
0
LINE
8
BLACK
6
CONTINUOUS
10
-0.4025590551181102
20
1.3798227952755906
11
-0.401809842519685
21
1.3835893700787401
0
LINE
8
BLACK
6
CONTINUOUS
10
-0.401809842519685
20
1.3835893700787401
11
-0.3996762598425197
21
1.3867825196850394
0
LINE
8
BLACK
6
CONTINUOUS
10
-0.3996762598425197
20
1.3867825196850394
11
-0.3964831102362205
21
1.3889161023622048
0
LINE
8
BLACK
6
CONTINUOUS
10
-0.3964831102362205
20
1.3889161023622048
11
-0.3927165354330708
21
1.3896653149606299
0
LINE
8
BLACK
6
CONTINUOUS
10
-0.3927165354330708
20
1.3896653149606299
11
-0.3553149606299212
21
1.3896653149606299
0
LINE
8
BLACK
6
CONTINUOUS
10
-0.3553149606299212
20
1.3896653149606299
11
-0.3515483858267717
21
1.3889161023622048
0
LINE
8
BLACK
6
CONTINUOUS
10
-0.2637795275590551
20
1.3612204724409449
11
-0.2952755905511811
21
1.3612204724409449
0
LINE
8
BLACK
6
CONTINUOUS
10
-0.2952755905511811
20
1.3612204724409449
11
-0.2952755905511811
21
1.3710629921259843
0
LINE
8
BLACK
6
CONTINUOUS
10
-0.2952755905511811
20
1.3710629921259843
11
-0.2637795275590551
21
1.3710629921259843
0
LINE
8
BLACK
6
CONTINUOUS
10
-0.2637795275590551
20
1.3710629921259843
11
-0.2637795275590551
21
1.3612204724409449
0
LINE
8
BLACK
6
CONTINUOUS
10
-0.235433031496063
20
1.3799212204724409
11
-0.2952755511811024
21
1.3799212204724409
0
LINE
8
BLACK
6
CONTINUOUS
10
-0.2952755511811024
20
1.3799212204724409
11
-0.2952755511811024
21
1.3917322440944881
0
LINE
8
BLACK
6
CONTINUOUS
10
-0.2952755511811024
20
1.3917322440944881
11
-0.235433031496063
21
1.3917322440944881
0
LINE
8
BLACK
6
CONTINUOUS
10
-0.235433031496063
20
1.3917322440944881
11
-0.235433031496063
21
1.3799212204724409
0
LINE
8
BLACK
6
CONTINUOUS
10
-0.2637795275590551
20
1.4005904724409448
11
-0.2952755905511811
21
1.4005904724409448
0
LINE
8
BLACK
6
CONTINUOUS
10
-0.2952755905511811
20
1.4005904724409448
11
-0.2952755905511811
21
1.4104329921259842
0
LINE
8
BLACK
6
CONTINUOUS
10
-0.2952755905511811
20
1.4104329921259842
11
-0.2637795275590551
21
1.4104329921259842
0
LINE
8
BLACK
6
CONTINUOUS
10
-0.2637795275590551
20
1.4104329921259842
11
-0.2637795275590551
21
1.4005904724409448
0
LINE
8
BLACK
6
CONTINUOUS
10
-0.1820841338582677
20
1.4625983858267717
11
-0.1820841338582677
21
1.4478346062992125
0
LINE
8
BLACK
6
CONTINUOUS
10
-0.1820841338582677
20
1.4478346062992125
11
-0.1722366535433071
21
1.4478346062992125
0
LINE
8
BLACK
6
CONTINUOUS
10
-0.1722366535433071
20
1.4478346062992125
11
-0.1722366535433071
21
1.4625983858267717
0
LINE
8
BLACK
6
CONTINUOUS
10
-0.1722366535433071
20
1.4625983858267717
11
-0.1623941338582677
21
1.4625983858267717
0
LINE
8
BLACK
6
CONTINUOUS
10
-0.1623941338582677
20
1.4625983858267717
11
-0.1623941338582677
21
1.4478346062992125
0
LINE
8
BLACK
6
CONTINUOUS
10
-0.1623941338582677
20
1.4478346062992125
11
-0.1525466535433071
21
1.4478346062992125
0
LINE
8
BLACK
6
CONTINUOUS
10
-0.1525466535433071
20
1.4478346062992125
11
-0.1525466535433071
21
1.4625983858267717
0
LINE
8
BLACK
6
CONTINUOUS
10
-0.1525466535433071
20
1.4625983858267717
11
-0.1427041338582677
21
1.4625983858267717
0
LINE
8
BLACK
6
CONTINUOUS
10
-0.1427041338582677
20
1.4625983858267717
11
-0.1427041338582677
21
1.4478346062992125
0
LINE
8
BLACK
6
CONTINUOUS
10
-0.1427041338582677
20
1.4478346062992125
11
-0.1328566535433071
21
1.4478346062992125
0
LINE
8
BLACK
6
CONTINUOUS
10
-0.1328566535433071
20
1.4478346062992125
11
-0.1328566535433071
21
1.4625983858267717
0
LINE
8
BLACK
6
CONTINUOUS
10
-0.1328566535433071
20
1.4625983858267717
11
-0.1230141338582677
21
1.4625983858267717
0
LINE
8
BLACK
6
CONTINUOUS
10
-0.1230141338582677
20
1.4625983858267717
11
-0.1230141338582677
21
1.4478346062992125
0
LINE
8
BLACK
6
CONTINUOUS
10
-0.1230141338582677
20
1.4478346062992125
11
-0.1190920078740157
21
1.4478346062992125
0
LINE
8
BLACK
6
CONTINUOUS
10
-0.1190920078740157
20
1.4478346062992125
11
-0.1190920078740157
21
1.4045275196850393
0
LINE
8
BLACK
6
CONTINUOUS
10
-0.1190920078740157
20
1.4045275196850393
11
-0.1998006692913386
21
1.4045275196850393
0
LINE
8
BLACK
6
CONTINUOUS
10
-0.1998006692913386
20
1.4045275196850393
11
-0.1998006692913386
21
1.4478346062992125
0
LINE
8
BLACK
6
CONTINUOUS
10
-0.1998006692913386
20
1.4478346062992125
11
-0.1919266535433071
21
1.4478346062992125
0
LINE
8
BLACK
6
CONTINUOUS
10
-0.1919266535433071
20
1.4478346062992125
11
-0.1919266535433071
21
1.4625983858267717
0
LINE
8
BLACK
6
CONTINUOUS
10
-0.1919266535433071
20
1.4625983858267717
11
-0.1820841338582677
21
1.4625983858267717
0
LINE
8
BLACK
6
CONTINUOUS
10
-0.2687007874015748
20
1.4183070472440944
11
-0.2832677165354331
21
1.4183070472440944
0
LINE
8
BLACK
6
CONTINUOUS
10
-0.2832677165354331
20
1.4183070472440944
11
-0.2832677165354331
21
1.4625983858267717
0
LINE
8
BLACK
6
CONTINUOUS
10
-0.2832677165354331
20
1.4625983858267717
11
-0.2687007874015748
21
1.4625983858267717
0
LINE
8
BLACK
6
CONTINUOUS
10
-0.2687007874015748
20
1.4625983858267717
11
-0.2687007874015748
21
1.4183070472440944
0
LINE
8
BLACK
6
CONTINUOUS
10
-0.2391806692913386
20
1.4192912992125983
11
-0.249023188976378
21
1.4192912992125983
0
LINE
8
BLACK
6
CONTINUOUS
10
-0.249023188976378
20
1.4192912992125983
11
-0.249023188976378
21
1.4625983858267717
0
LINE
8
BLACK
6
CONTINUOUS
10
-0.249023188976378
20
1.4625983858267717
11
-0.2391806692913386
21
1.4625983858267717
0
LINE
8
BLACK
6
CONTINUOUS
10
-0.2391806692913386
20
1.4625983858267717
11
-0.2391806692913386
21
1.4192912992125983
0
LINE
8
BLACK
6
CONTINUOUS
10
-0.2194906299212598
20
1.4192912992125983
11
-0.2293331496062992
21
1.4192912992125983
0
LINE
8
BLACK
6
CONTINUOUS
10
-0.2293331496062992
20
1.4192912992125983
11
-0.2293331496062992
21
1.4625983858267717
0
LINE
8
BLACK
6
CONTINUOUS
10
-0.2293331496062992
20
1.4625983858267717
11
-0.2194906299212598
21
1.4625983858267717
0
LINE
8
BLACK
6
CONTINUOUS
10
-0.2194906299212598
20
1.4625983858267717
11
-0.2194906299212598
21
1.4192912992125983
0
LINE
8
BLACK
6
CONTINUOUS
10
-0.3515483858267717
20
1.4637192519685038
11
-0.3483552362204724
21
1.4615856692913385
0
LINE
8
BLACK
6
CONTINUOUS
10
-0.3483552362204724
20
1.4615856692913385
11
-0.3462216535433071
21
1.4583925196850394
0
LINE
8
BLACK
6
CONTINUOUS
10
-0.3462216535433071
20
1.4583925196850394
11
-0.3454724409448819
21
1.4546259448818897
0
LINE
8
BLACK
6
CONTINUOUS
10
-0.3454724409448819
20
1.4546259448818897
11
-0.3454724409448819
21
1.434940905511811
0
LINE
8
BLACK
6
CONTINUOUS
10
-0.3454724409448819
20
1.434940905511811
11
-0.3462216535433071
21
1.4311743307086613
0
LINE
8
BLACK
6
CONTINUOUS
10
-0.3462216535433071
20
1.4311743307086613
11
-0.3483552362204724
21
1.4279811811023622
0
LINE
8
BLACK
6
CONTINUOUS
10
-0.3483552362204724
20
1.4279811811023622
11
-0.3515483858267717
21
1.4258475984251968
0
LINE
8
BLACK
6
CONTINUOUS
10
-0.3515483858267717
20
1.4258475984251968
11
-0.3553149606299212
21
1.4250983858267716
0
LINE
8
BLACK
6
CONTINUOUS
10
-0.3553149606299212
20
1.4250983858267716
11
-0.3927165354330708
21
1.4250983858267716
0
LINE
8
BLACK
6
CONTINUOUS
10
-0.3927165354330708
20
1.4250983858267716
11
-0.3964831102362205
21
1.4258475984251968
0
LINE
8
BLACK
6
CONTINUOUS
10
-0.3964831102362205
20
1.4258475984251968
11
-0.3996762598425197
21
1.4279811811023622
0
LINE
8
BLACK
6
CONTINUOUS
10
-0.3996762598425197
20
1.4279811811023622
11
-0.401809842519685
21
1.4311743307086613
0
LINE
8
BLACK
6
CONTINUOUS
10
-0.401809842519685
20
1.4311743307086613
11
-0.4025590551181102
21
1.434940905511811
0
LINE
8
BLACK
6
CONTINUOUS
10
-0.4025590551181102
20
1.434940905511811
11
-0.4025590551181102
21
1.4546259448818897
0
LINE
8
BLACK
6
CONTINUOUS
10
-0.4025590551181102
20
1.4546259448818897
11
-0.401809842519685
21
1.4583925196850394
0
LINE
8
BLACK
6
CONTINUOUS
10
-0.401809842519685
20
1.4583925196850394
11
-0.3996762598425197
21
1.4615856692913385
0
LINE
8
BLACK
6
CONTINUOUS
10
-0.3996762598425197
20
1.4615856692913385
11
-0.3964831102362205
21
1.4637192519685038
0
LINE
8
BLACK
6
CONTINUOUS
10
-0.3964831102362205
20
1.4637192519685038
11
-0.3927165354330708
21
1.464468464566929
0
LINE
8
BLACK
6
CONTINUOUS
10
-0.3927165354330708
20
1.464468464566929
11
-0.3553149606299212
21
1.464468464566929
0
LINE
8
BLACK
6
CONTINUOUS
10
-0.3553149606299212
20
1.464468464566929
11
-0.3515483858267717
21
1.4637192519685038
0
LINE
8
BLACK
6
CONTINUOUS
10
-0.7388515354330708
20
1.5701169291338581
11
-0.7356583858267717
21
1.5679833464566928
0
LINE
8
BLACK
6
CONTINUOUS
10
-0.7356583858267717
20
1.5679833464566928
11
-0.7335248031496063
21
1.5647901968503937
0
LINE
8
BLACK
6
CONTINUOUS
10
-0.7335248031496063
20
1.5647901968503937
11
-0.7327755905511811
21
1.561023622047244
0
LINE
8
BLACK
6
CONTINUOUS
10
-0.7327755905511811
20
1.561023622047244
11
-0.7327755905511811
21
1.5255905511811023
0
LINE
8
BLACK
6
CONTINUOUS
10
-0.7327755905511811
20
1.5255905511811023
11
-0.7335248031496063
21
1.5218239763779526
0
LINE
8
BLACK
6
CONTINUOUS
10
-0.7335248031496063
20
1.5218239763779526
11
-0.7356583858267717
21
1.5186308267716535
0
LINE
8
BLACK
6
CONTINUOUS
10
-0.7356583858267717
20
1.5186308267716535
11
-0.7388515354330708
21
1.5164972440944882
0
LINE
8
BLACK
6
CONTINUOUS
10
-0.7388515354330708
20
1.5164972440944882
11
-0.7426181102362205
21
1.515748031496063
0
LINE
8
BLACK
6
CONTINUOUS
10
-0.7426181102362205
20
1.515748031496063
11
-0.7632874015748031
21
1.515748031496063
0
LINE
8
BLACK
6
CONTINUOUS
10
-0.7632874015748031
20
1.515748031496063
11
-0.7670539763779527
21
1.5164972440944882
0
LINE
8
BLACK
6
CONTINUOUS
10
-0.7670539763779527
20
1.5164972440944882
11
-0.7702471259842519
21
1.5186308267716535
0
LINE
8
BLACK
6
CONTINUOUS
10
-0.7702471259842519
20
1.5186308267716535
11
-0.7723807086614173
21
1.5218239763779526
0
LINE
8
BLACK
6
CONTINUOUS
10
-0.7723807086614173
20
1.5218239763779526
11
-0.7731299212598425
21
1.5255905511811023
0
LINE
8
BLACK
6
CONTINUOUS
10
-0.7731299212598425
20
1.5255905511811023
11
-0.7731299212598425
21
1.561023622047244
0
LINE
8
BLACK
6
CONTINUOUS
10
-0.7731299212598425
20
1.561023622047244
11
-0.7723807086614173
21
1.5647901968503937
0
LINE
8
BLACK
6
CONTINUOUS
10
-0.7723807086614173
20
1.5647901968503937
11
-0.7702471259842519
21
1.5679833464566928
0
LINE
8
BLACK
6
CONTINUOUS
10
-0.7702471259842519
20
1.5679833464566928
11
-0.7670539763779527
21
1.5701169291338581
0
LINE
8
BLACK
6
CONTINUOUS
10
-0.7670539763779527
20
1.5701169291338581
11
-0.7632874015748031
21
1.5708661417322833
0
LINE
8
BLACK
6
CONTINUOUS
10
-0.7632874015748031
20
1.5708661417322833
11
-0.7426181102362205
21
1.5708661417322833
0
LINE
8
BLACK
6
CONTINUOUS
10
-0.7426181102362205
20
1.5708661417322833
11
-0.7388515354330708
21
1.5701169291338581
0
LINE
8
BLACK
6
CONTINUOUS
10
-0.6670011417322834
20
1.5701169291338581
11
-0.6638079921259843
21
1.5679833464566928
0
LINE
8
BLACK
6
CONTINUOUS
10
-0.6638079921259843
20
1.5679833464566928
11
-0.6616744094488188
21
1.5647901968503937
0
LINE
8
BLACK
6
CONTINUOUS
10
-0.6616744094488188
20
1.5647901968503937
11
-0.6609251968503936
21
1.561023622047244
0
LINE
8
BLACK
6
CONTINUOUS
10
-0.6609251968503936
20
1.561023622047244
11
-0.6609251968503936
21
1.5255905511811023
0
LINE
8
BLACK
6
CONTINUOUS
10
-0.6609251968503936
20
1.5255905511811023
11
-0.6616744094488188
21
1.5218239763779526
0
LINE
8
BLACK
6
CONTINUOUS
10
-0.6616744094488188
20
1.5218239763779526
11
-0.6638079921259843
21
1.5186308267716535
0
LINE
8
BLACK
6
CONTINUOUS
10
-0.6638079921259843
20
1.5186308267716535
11
-0.6670011417322834
21
1.5164972440944882
0
LINE
8
BLACK
6
CONTINUOUS
10
-0.6670011417322834
20
1.5164972440944882
11
-0.6707677165354331
21
1.515748031496063
0
LINE
8
BLACK
6
CONTINUOUS
10
-0.6707677165354331
20
1.515748031496063
11
-0.6914370078740157
21
1.515748031496063
0
LINE
8
BLACK
6
CONTINUOUS
10
-0.6914370078740157
20
1.515748031496063
11
-0.6952035826771653
21
1.5164972440944882
0
LINE
8
BLACK
6
CONTINUOUS
10
-0.6952035826771653
20
1.5164972440944882
11
-0.6983967322834645
21
1.5186308267716535
0
LINE
8
BLACK
6
CONTINUOUS
10
-0.6983967322834645
20
1.5186308267716535
11
-0.7005303149606299
21
1.5218239763779526
0
LINE
8
BLACK
6
CONTINUOUS
10
-0.7005303149606299
20
1.5218239763779526
11
-0.7012795275590551
21
1.5255905511811023
0
LINE
8
BLACK
6
CONTINUOUS
10
-0.7012795275590551
20
1.5255905511811023
11
-0.7012795275590551
21
1.561023622047244
0
LINE
8
BLACK
6
CONTINUOUS
10
-0.7012795275590551
20
1.561023622047244
11
-0.7005303149606299
21
1.5647901968503937
0
LINE
8
BLACK
6
CONTINUOUS
10
-0.7005303149606299
20
1.5647901968503937
11
-0.6983967322834645
21
1.5679833464566928
0
LINE
8
BLACK
6
CONTINUOUS
10
-0.6983967322834645
20
1.5679833464566928
11
-0.6952035826771653
21
1.5701169291338581
0
LINE
8
BLACK
6
CONTINUOUS
10
-0.6952035826771653
20
1.5701169291338581
11
-0.6914370078740157
21
1.5708661417322833
0
LINE
8
BLACK
6
CONTINUOUS
10
-0.6914370078740157
20
1.5708661417322833
11
-0.6707677165354331
21
1.5708661417322833
0
LINE
8
BLACK
6
CONTINUOUS
10
-0.6707677165354331
20
1.5708661417322833
11
-0.6670011417322834
21
1.5701169291338581
0
LINE
8
BLACK
6
CONTINUOUS
10
0.6205670472440945
20
1.6324244881889762
11
0.6224829133858267
21
1.6311443307086613
0
LINE
8
BLACK
6
CONTINUOUS
10
0.6224829133858267
20
1.6311443307086613
11
0.6237630708661417
21
1.629228464566929
0
LINE
8
BLACK
6
CONTINUOUS
10
0.6237630708661417
20
1.629228464566929
11
0.6242125984251968
21
1.6269685039370079
0
LINE
8
BLACK
6
CONTINUOUS
10
0.6242125984251968
20
1.6269685039370079
11
0.6242125984251968
21
1.5580708661417322
0
LINE
8
BLACK
6
CONTINUOUS
10
0.6242125984251968
20
1.5580708661417322
11
0.6237630708661417
21
1.555810905511811
0
LINE
8
BLACK
6
CONTINUOUS
10
0.6237630708661417
20
1.555810905511811
11
0.6224829133858267
21
1.5538950393700788
0
LINE
8
BLACK
6
CONTINUOUS
10
0.6224829133858267
20
1.5538950393700788
11
0.6205670472440945
21
1.5526148818897638
0
LINE
8
BLACK
6
CONTINUOUS
10
0.6205670472440945
20
1.5526148818897638
11
0.6183070866141732
21
1.5521653543307086
0
LINE
8
BLACK
6
CONTINUOUS
10
0.6183070866141732
20
1.5521653543307086
11
0.606496062992126
21
1.5521653543307086
0
LINE
8
BLACK
6
CONTINUOUS
10
0.606496062992126
20
1.5521653543307086
11
0.6042361023622047
21
1.5526148818897638
0
LINE
8
BLACK
6
CONTINUOUS
10
0.6042361023622047
20
1.5526148818897638
11
0.6023202362204725
21
1.5538950393700788
0
LINE
8
BLACK
6
CONTINUOUS
10
0.6023202362204725
20
1.5538950393700788
11
0.6010400787401574
21
1.555810905511811
0
LINE
8
BLACK
6
CONTINUOUS
10
0.6010400787401574
20
1.555810905511811
11
0.6005905511811024
21
1.5580708661417322
0
LINE
8
BLACK
6
CONTINUOUS
10
0.6005905511811024
20
1.5580708661417322
11
0.6005905511811024
21
1.6269685039370079
0
LINE
8
BLACK
6
CONTINUOUS
10
0.6005905511811024
20
1.6269685039370079
11
0.6010400787401574
21
1.629228464566929
0
LINE
8
BLACK
6
CONTINUOUS
10
0.6010400787401574
20
1.629228464566929
11
0.6023202362204725
21
1.6311443307086613
0
LINE
8
BLACK
6
CONTINUOUS
10
0.6023202362204725
20
1.6311443307086613
11
0.6042361023622047
21
1.6324244881889762
0
LINE
8
BLACK
6
CONTINUOUS
10
0.6042361023622047
20
1.6324244881889762
11
0.606496062992126
21
1.6328740157480315
0
LINE
8
BLACK
6
CONTINUOUS
10
0.606496062992126
20
1.6328740157480315
11
0.6183070866141732
21
1.6328740157480315
0
LINE
8
BLACK
6
CONTINUOUS
10
0.6183070866141732
20
1.6328740157480315
11
0.6205670472440945
21
1.6324244881889762
0
LINE
8
BLACK
6
CONTINUOUS
10
0.7205670472440945
20
1.6324244881889762
11
0.7224829133858267
21
1.6311443307086613
0
LINE
8
BLACK
6
CONTINUOUS
10
0.7224829133858267
20
1.6311443307086613
11
0.7237630708661417
21
1.629228464566929
0
LINE
8
BLACK
6
CONTINUOUS
10
0.7237630708661417
20
1.629228464566929
11
0.7242125984251968
21
1.6269685039370079
0
LINE
8
BLACK
6
CONTINUOUS
10
0.7242125984251968
20
1.6269685039370079
11
0.7242125984251968
21
1.5580708661417322
0
LINE
8
BLACK
6
CONTINUOUS
10
0.7242125984251968
20
1.5580708661417322
11
0.7237630708661417
21
1.555810905511811
0
LINE
8
BLACK
6
CONTINUOUS
10
0.7237630708661417
20
1.555810905511811
11
0.7224829133858267
21
1.5538950393700788
0
LINE
8
BLACK
6
CONTINUOUS
10
0.7224829133858267
20
1.5538950393700788
11
0.7205670472440945
21
1.5526148818897638
0
LINE
8
BLACK
6
CONTINUOUS
10
0.7205670472440945
20
1.5526148818897638
11
0.7183070866141732
21
1.5521653543307086
0
LINE
8
BLACK
6
CONTINUOUS
10
0.7183070866141732
20
1.5521653543307086
11
0.706496062992126
21
1.5521653543307086
0
LINE
8
BLACK
6
CONTINUOUS
10
0.706496062992126
20
1.5521653543307086
11
0.7042361023622047
21
1.5526148818897638
0
LINE
8
BLACK
6
CONTINUOUS
10
0.7042361023622047
20
1.5526148818897638
11
0.7023202362204725
21
1.5538950393700788
0
LINE
8
BLACK
6
CONTINUOUS
10
0.7023202362204725
20
1.5538950393700788
11
0.7010400787401575
21
1.555810905511811
0
LINE
8
BLACK
6
CONTINUOUS
10
0.7010400787401575
20
1.555810905511811
11
0.7005905511811024
21
1.5580708661417322
0
LINE
8
BLACK
6
CONTINUOUS
10
0.7005905511811024
20
1.5580708661417322
11
0.7005905511811024
21
1.6269685039370079
0
LINE
8
BLACK
6
CONTINUOUS
10
0.7005905511811024
20
1.6269685039370079
11
0.7010400787401575
21
1.629228464566929
0
LINE
8
BLACK
6
CONTINUOUS
10
0.7010400787401575
20
1.629228464566929
11
0.7023202362204725
21
1.6311443307086613
0
LINE
8
BLACK
6
CONTINUOUS
10
0.7023202362204725
20
1.6311443307086613
11
0.7042361023622047
21
1.6324244881889762
0
LINE
8
BLACK
6
CONTINUOUS
10
0.7042361023622047
20
1.6324244881889762
11
0.706496062992126
21
1.6328740157480315
0
LINE
8
BLACK
6
CONTINUOUS
10
0.706496062992126
20
1.6328740157480315
11
0.7183070866141732
21
1.6328740157480315
0
LINE
8
BLACK
6
CONTINUOUS
10
0.7183070866141732
20
1.6328740157480315
11
0.7205670472440945
21
1.6324244881889762
0
LINE
8
BLACK
6
CONTINUOUS
10
0.7705670472440944
20
1.6324244881889762
11
0.7724829133858268
21
1.6311443307086613
0
LINE
8
BLACK
6
CONTINUOUS
10
0.7724829133858268
20
1.6311443307086613
11
0.7737630708661417
21
1.629228464566929
0
LINE
8
BLACK
6
CONTINUOUS
10
0.7737630708661417
20
1.629228464566929
11
0.7742125984251969
21
1.6269685039370079
0
LINE
8
BLACK
6
CONTINUOUS
10
0.7742125984251969
20
1.6269685039370079
11
0.7742125984251969
21
1.5580708661417322
0
LINE
8
BLACK
6
CONTINUOUS
10
0.7742125984251969
20
1.5580708661417322
11
0.7737630708661417
21
1.555810905511811
0
LINE
8
BLACK
6
CONTINUOUS
10
0.7737630708661417
20
1.555810905511811
11
0.7724829133858268
21
1.5538950393700788
0
LINE
8
BLACK
6
CONTINUOUS
10
0.7724829133858268
20
1.5538950393700788
11
0.7705670472440944
21
1.5526148818897638
0
LINE
8
BLACK
6
CONTINUOUS
10
0.7705670472440944
20
1.5526148818897638
11
0.7683070866141732
21
1.5521653543307086
0
LINE
8
BLACK
6
CONTINUOUS
10
0.7683070866141732
20
1.5521653543307086
11
0.756496062992126
21
1.5521653543307086
0
LINE
8
BLACK
6
CONTINUOUS
10
0.756496062992126
20
1.5521653543307086
11
0.7542361023622047
21
1.5526148818897638
0
LINE
8
BLACK
6
CONTINUOUS
10
0.7542361023622047
20
1.5526148818897638
11
0.7523202362204724
21
1.5538950393700788
0
LINE
8
BLACK
6
CONTINUOUS
10
0.7523202362204724
20
1.5538950393700788
11
0.7510400787401574
21
1.555810905511811
0
LINE
8
BLACK
6
CONTINUOUS
10
0.7510400787401574
20
1.555810905511811
11
0.7505905511811023
21
1.5580708661417322
0
LINE
8
BLACK
6
CONTINUOUS
10
0.7505905511811023
20
1.5580708661417322
11
0.7505905511811023
21
1.6269685039370079
0
LINE
8
BLACK
6
CONTINUOUS
10
0.7505905511811023
20
1.6269685039370079
11
0.7510400787401574
21
1.629228464566929
0
LINE
8
BLACK
6
CONTINUOUS
10
0.7510400787401574
20
1.629228464566929
11
0.7523202362204724
21
1.6311443307086613
0
LINE
8
BLACK
6
CONTINUOUS
10
0.7523202362204724
20
1.6311443307086613
11
0.7542361023622047
21
1.6324244881889762
0
LINE
8
BLACK
6
CONTINUOUS
10
0.7542361023622047
20
1.6324244881889762
11
0.756496062992126
21
1.6328740157480315
0
LINE
8
BLACK
6
CONTINUOUS
10
0.756496062992126
20
1.6328740157480315
11
0.7683070866141732
21
1.6328740157480315
0
LINE
8
BLACK
6
CONTINUOUS
10
0.7683070866141732
20
1.6328740157480315
11
0.7705670472440944
21
1.6324244881889762
0
LINE
8
BLACK
6
CONTINUOUS
10
0.8205670472440945
20
1.6324244881889762
11
0.8224829133858268
21
1.6311443307086613
0
LINE
8
BLACK
6
CONTINUOUS
10
0.8224829133858268
20
1.6311443307086613
11
0.8237630708661418
21
1.629228464566929
0
LINE
8
BLACK
6
CONTINUOUS
10
0.8237630708661418
20
1.629228464566929
11
0.8242125984251968
21
1.6269685039370079
0
LINE
8
BLACK
6
CONTINUOUS
10
0.8242125984251968
20
1.6269685039370079
11
0.8242125984251968
21
1.5580708661417322
0
LINE
8
BLACK
6
CONTINUOUS
10
0.8242125984251968
20
1.5580708661417322
11
0.8237630708661418
21
1.555810905511811
0
LINE
8
BLACK
6
CONTINUOUS
10
0.8237630708661418
20
1.555810905511811
11
0.8224829133858268
21
1.5538950393700788
0
LINE
8
BLACK
6
CONTINUOUS
10
0.8224829133858268
20
1.5538950393700788
11
0.8205670472440945
21
1.5526148818897638
0
LINE
8
BLACK
6
CONTINUOUS
10
0.8205670472440945
20
1.5526148818897638
11
0.8183070866141732
21
1.5521653543307086
0
LINE
8
BLACK
6
CONTINUOUS
10
0.8183070866141732
20
1.5521653543307086
11
0.806496062992126
21
1.5521653543307086
0
LINE
8
BLACK
6
CONTINUOUS
10
0.806496062992126
20
1.5521653543307086
11
0.8042361023622047
21
1.5526148818897638
0
LINE
8
BLACK
6
CONTINUOUS
10
0.8042361023622047
20
1.5526148818897638
11
0.8023202362204724
21
1.5538950393700788
0
LINE
8
BLACK
6
CONTINUOUS
10
0.8023202362204724
20
1.5538950393700788
11
0.8010400787401575
21
1.555810905511811
0
LINE
8
BLACK
6
CONTINUOUS
10
0.8010400787401575
20
1.555810905511811
11
0.8005905511811023
21
1.5580708661417322
0
LINE
8
BLACK
6
CONTINUOUS
10
0.8005905511811023
20
1.5580708661417322
11
0.8005905511811023
21
1.6269685039370079
0
LINE
8
BLACK
6
CONTINUOUS
10
0.8005905511811023
20
1.6269685039370079
11
0.8010400787401575
21
1.629228464566929
0
LINE
8
BLACK
6
CONTINUOUS
10
0.8010400787401575
20
1.629228464566929
11
0.8023202362204724
21
1.6311443307086613
0
LINE
8
BLACK
6
CONTINUOUS
10
0.8023202362204724
20
1.6311443307086613
11
0.8042361023622047
21
1.6324244881889762
0
LINE
8
BLACK
6
CONTINUOUS
10
0.8042361023622047
20
1.6324244881889762
11
0.806496062992126
21
1.6328740157480315
0
LINE
8
BLACK
6
CONTINUOUS
10
0.806496062992126
20
1.6328740157480315
11
0.8183070866141732
21
1.6328740157480315
0
LINE
8
BLACK
6
CONTINUOUS
10
0.8183070866141732
20
1.6328740157480315
11
0.8205670472440945
21
1.6324244881889762
0
LINE
8
BLACK
6
CONTINUOUS
10
0.8705670472440945
20
1.6324244881889762
11
0.8724829133858267
21
1.6311443307086613
0
LINE
8
BLACK
6
CONTINUOUS
10
0.8724829133858267
20
1.6311443307086613
11
0.8737630708661417
21
1.629228464566929
0
LINE
8
BLACK
6
CONTINUOUS
10
0.8737630708661417
20
1.629228464566929
11
0.8742125984251968
21
1.6269685039370079
0
LINE
8
BLACK
6
CONTINUOUS
10
0.8742125984251968
20
1.6269685039370079
11
0.8742125984251968
21
1.5580708661417322
0
LINE
8
BLACK
6
CONTINUOUS
10
0.8742125984251968
20
1.5580708661417322
11
0.8737630708661417
21
1.555810905511811
0
LINE
8
BLACK
6
CONTINUOUS
10
0.8737630708661417
20
1.555810905511811
11
0.8724829133858267
21
1.5538950393700788
0
LINE
8
BLACK
6
CONTINUOUS
10
0.8724829133858267
20
1.5538950393700788
11
0.8705670472440945
21
1.5526148818897638
0
LINE
8
BLACK
6
CONTINUOUS
10
0.8705670472440945
20
1.5526148818897638
11
0.8683070866141732
21
1.5521653543307086
0
LINE
8
BLACK
6
CONTINUOUS
10
0.8683070866141732
20
1.5521653543307086
11
0.856496062992126
21
1.5521653543307086
0
LINE
8
BLACK
6
CONTINUOUS
10
0.856496062992126
20
1.5521653543307086
11
0.8542361023622047
21
1.5526148818897638
0
LINE
8
BLACK
6
CONTINUOUS
10
0.8542361023622047
20
1.5526148818897638
11
0.8523202362204724
21
1.5538950393700788
0
LINE
8
BLACK
6
CONTINUOUS
10
0.8523202362204724
20
1.5538950393700788
11
0.8510400787401574
21
1.555810905511811
0
LINE
8
BLACK
6
CONTINUOUS
10
0.8510400787401574
20
1.555810905511811
11
0.8505905511811024
21
1.5580708661417322
0
LINE
8
BLACK
6
CONTINUOUS
10
0.8505905511811024
20
1.5580708661417322
11
0.8505905511811024
21
1.6269685039370079
0
LINE
8
BLACK
6
CONTINUOUS
10
0.8505905511811024
20
1.6269685039370079
11
0.8510400787401574
21
1.629228464566929
0
LINE
8
BLACK
6
CONTINUOUS
10
0.8510400787401574
20
1.629228464566929
11
0.8523202362204724
21
1.6311443307086613
0
LINE
8
BLACK
6
CONTINUOUS
10
0.8523202362204724
20
1.6311443307086613
11
0.8542361023622047
21
1.6324244881889762
0
LINE
8
BLACK
6
CONTINUOUS
10
0.8542361023622047
20
1.6324244881889762
11
0.856496062992126
21
1.6328740157480315
0
LINE
8
BLACK
6
CONTINUOUS
10
0.856496062992126
20
1.6328740157480315
11
0.8683070866141732
21
1.6328740157480315
0
LINE
8
BLACK
6
CONTINUOUS
10
0.8683070866141732
20
1.6328740157480315
11
0.8705670472440945
21
1.6324244881889762
0
LINE
8
BLACK
6
CONTINUOUS
10
0.9705670472440945
20
1.6324244881889762
11
0.9724829133858267
21
1.6311443307086613
0
LINE
8
BLACK
6
CONTINUOUS
10
0.9724829133858267
20
1.6311443307086613
11
0.9737630708661417
21
1.629228464566929
0
LINE
8
BLACK
6
CONTINUOUS
10
0.9737630708661417
20
1.629228464566929
11
0.9742125984251968
21
1.6269685039370079
0
LINE
8
BLACK
6
CONTINUOUS
10
0.9742125984251968
20
1.6269685039370079
11
0.9742125984251968
21
1.5580708661417322
0
LINE
8
BLACK
6
CONTINUOUS
10
0.9742125984251968
20
1.5580708661417322
11
0.9737630708661417
21
1.555810905511811
0
LINE
8
BLACK
6
CONTINUOUS
10
0.9737630708661417
20
1.555810905511811
11
0.9724829133858267
21
1.5538950393700788
0
LINE
8
BLACK
6
CONTINUOUS
10
0.9724829133858267
20
1.5538950393700788
11
0.9705670472440945
21
1.5526148818897638
0
LINE
8
BLACK
6
CONTINUOUS
10
0.9705670472440945
20
1.5526148818897638
11
0.9683070866141732
21
1.5521653543307086
0
LINE
8
BLACK
6
CONTINUOUS
10
0.9683070866141732
20
1.5521653543307086
11
0.956496062992126
21
1.5521653543307086
0
LINE
8
BLACK
6
CONTINUOUS
10
0.956496062992126
20
1.5521653543307086
11
0.9542361023622047
21
1.5526148818897638
0
LINE
8
BLACK
6
CONTINUOUS
10
0.9542361023622047
20
1.5526148818897638
11
0.9523202362204725
21
1.5538950393700788
0
LINE
8
BLACK
6
CONTINUOUS
10
0.9523202362204725
20
1.5538950393700788
11
0.9510400787401575
21
1.555810905511811
0
LINE
8
BLACK
6
CONTINUOUS
10
0.9510400787401575
20
1.555810905511811
11
0.9505905511811024
21
1.5580708661417322
0
LINE
8
BLACK
6
CONTINUOUS
10
0.9505905511811024
20
1.5580708661417322
11
0.9505905511811024
21
1.6269685039370079
0
LINE
8
BLACK
6
CONTINUOUS
10
0.9505905511811024
20
1.6269685039370079
11
0.9510400787401575
21
1.629228464566929
0
LINE
8
BLACK
6
CONTINUOUS
10
0.9510400787401575
20
1.629228464566929
11
0.9523202362204725
21
1.6311443307086613
0
LINE
8
BLACK
6
CONTINUOUS
10
0.9523202362204725
20
1.6311443307086613
11
0.9542361023622047
21
1.6324244881889762
0
LINE
8
BLACK
6
CONTINUOUS
10
0.9542361023622047
20
1.6324244881889762
11
0.956496062992126
21
1.6328740157480315
0
LINE
8
BLACK
6
CONTINUOUS
10
0.956496062992126
20
1.6328740157480315
11
0.9683070866141732
21
1.6328740157480315
0
LINE
8
BLACK
6
CONTINUOUS
10
0.9683070866141732
20
1.6328740157480315
11
0.9705670472440945
21
1.6324244881889762
0
LINE
8
BLACK
6
CONTINUOUS
10
0.6705670472440944
20
1.632424527559055
11
0.6724829133858268
21
1.63114437007874
0
LINE
8
BLACK
6
CONTINUOUS
10
0.6724829133858268
20
1.63114437007874
11
0.6737630708661417
21
1.6292285039370078
0
LINE
8
BLACK
6
CONTINUOUS
10
0.6737630708661417
20
1.6292285039370078
11
0.6742125984251969
21
1.6269685433070866
0
LINE
8
BLACK
6
CONTINUOUS
10
0.6742125984251969
20
1.6269685433070866
11
0.6742125984251969
21
1.5580709055118109
0
LINE
8
BLACK
6
CONTINUOUS
10
0.6742125984251969
20
1.5580709055118109
11
0.6737630708661417
21
1.5558109448818898
0
LINE
8
BLACK
6
CONTINUOUS
10
0.6737630708661417
20
1.5558109448818898
11
0.6724829133858268
21
1.5538950787401575
0
LINE
8
BLACK
6
CONTINUOUS
10
0.6724829133858268
20
1.5538950787401575
11
0.6705670472440944
21
1.5526149212598426
0
LINE
8
BLACK
6
CONTINUOUS
10
0.6705670472440944
20
1.5526149212598426
11
0.6683070866141733
21
1.5521653937007873
0
LINE
8
BLACK
6
CONTINUOUS
10
0.6683070866141733
20
1.5521653937007873
11
0.6564960629921259
21
1.5521653937007873
0
LINE
8
BLACK
6
CONTINUOUS
10
0.6564960629921259
20
1.5521653937007873
11
0.6542361023622048
21
1.5526149212598426
0
LINE
8
BLACK
6
CONTINUOUS
10
0.6542361023622048
20
1.5526149212598426
11
0.6523202362204724
21
1.5538950787401575
0
LINE
8
BLACK
6
CONTINUOUS
10
0.6523202362204724
20
1.5538950787401575
11
0.6510400787401575
21
1.5558109448818898
0
LINE
8
BLACK
6
CONTINUOUS
10
0.6510400787401575
20
1.5558109448818898
11
0.6505905511811023
21
1.5580709055118109
0
LINE
8
BLACK
6
CONTINUOUS
10
0.6505905511811023
20
1.5580709055118109
11
0.6505905511811023
21
1.6269685433070866
0
LINE
8
BLACK
6
CONTINUOUS
10
0.6505905511811023
20
1.6269685433070866
11
0.6510400787401575
21
1.6292285039370078
0
LINE
8
BLACK
6
CONTINUOUS
10
0.6510400787401575
20
1.6292285039370078
11
0.6523202362204724
21
1.63114437007874
0
LINE
8
BLACK
6
CONTINUOUS
10
0.6523202362204724
20
1.63114437007874
11
0.6542361023622048
21
1.632424527559055
0
LINE
8
BLACK
6
CONTINUOUS
10
0.6542361023622048
20
1.632424527559055
11
0.6564960629921259
21
1.6328740551181102
0
LINE
8
BLACK
6
CONTINUOUS
10
0.6564960629921259
20
1.6328740551181102
11
0.6683070866141733
21
1.6328740551181102
0
LINE
8
BLACK
6
CONTINUOUS
10
0.6683070866141733
20
1.6328740551181102
11
0.6705670472440944
21
1.632424527559055
0
LINE
8
BLACK
6
CONTINUOUS
10
0.9205670472440944
20
1.632424527559055
11
0.9224829133858268
21
1.63114437007874
0
LINE
8
BLACK
6
CONTINUOUS
10
0.9224829133858268
20
1.63114437007874
11
0.9237630708661417
21
1.6292285039370078
0
LINE
8
BLACK
6
CONTINUOUS
10
0.9237630708661417
20
1.6292285039370078
11
0.9242125984251969
21
1.6269685433070866
0
LINE
8
BLACK
6
CONTINUOUS
10
0.9242125984251969
20
1.6269685433070866
11
0.9242125984251969
21
1.5580709055118109
0
LINE
8
BLACK
6
CONTINUOUS
10
0.9242125984251969
20
1.5580709055118109
11
0.9237630708661417
21
1.5558109448818898
0
LINE
8
BLACK
6
CONTINUOUS
10
0.9237630708661417
20
1.5558109448818898
11
0.9224829133858268
21
1.5538950787401575
0
LINE
8
BLACK
6
CONTINUOUS
10
0.9224829133858268
20
1.5538950787401575
11
0.9205670472440944
21
1.5526149212598426
0
LINE
8
BLACK
6
CONTINUOUS
10
0.9205670472440944
20
1.5526149212598426
11
0.9183070866141733
21
1.5521653937007873
0
LINE
8
BLACK
6
CONTINUOUS
10
0.9183070866141733
20
1.5521653937007873
11
0.9064960629921259
21
1.5521653937007873
0
LINE
8
BLACK
6
CONTINUOUS
10
0.9064960629921259
20
1.5521653937007873
11
0.9042361023622048
21
1.5526149212598426
0
LINE
8
BLACK
6
CONTINUOUS
10
0.9042361023622048
20
1.5526149212598426
11
0.9023202362204724
21
1.5538950787401575
0
LINE
8
BLACK
6
CONTINUOUS
10
0.9023202362204724
20
1.5538950787401575
11
0.9010400787401575
21
1.5558109448818898
0
LINE
8
BLACK
6
CONTINUOUS
10
0.9010400787401575
20
1.5558109448818898
11
0.9005905511811023
21
1.5580709055118109
0
LINE
8
BLACK
6
CONTINUOUS
10
0.9005905511811023
20
1.5580709055118109
11
0.9005905511811023
21
1.6269685433070866
0
LINE
8
BLACK
6
CONTINUOUS
10
0.9005905511811023
20
1.6269685433070866
11
0.9010400787401575
21
1.6292285039370078
0
LINE
8
BLACK
6
CONTINUOUS
10
0.9010400787401575
20
1.6292285039370078
11
0.9023202362204724
21
1.63114437007874
0
LINE
8
BLACK
6
CONTINUOUS
10
0.9023202362204724
20
1.63114437007874
11
0.9042361023622048
21
1.632424527559055
0
LINE
8
BLACK
6
CONTINUOUS
10
0.9042361023622048
20
1.632424527559055
11
0.9064960629921259
21
1.6328740551181102
0
LINE
8
BLACK
6
CONTINUOUS
10
0.9064960629921259
20
1.6328740551181102
11
0.9183070866141733
21
1.6328740551181102
0
LINE
8
BLACK
6
CONTINUOUS
10
0.9183070866141733
20
1.6328740551181102
11
0.9205670472440944
21
1.632424527559055
0
LINE
8
BLACK
6
CONTINUOUS
10
0.1874961811023622
20
1.6343929921259843
11
0.1894120472440945
21
1.6331128346456694
0
LINE
8
BLACK
6
CONTINUOUS
10
0.1894120472440945
20
1.6331128346456694
11
0.1906922047244095
21
1.6311969685039369
0
LINE
8
BLACK
6
CONTINUOUS
10
0.1906922047244095
20
1.6311969685039369
11
0.1911417322834646
21
1.6289370078740157
0
LINE
8
BLACK
6
CONTINUOUS
10
0.1911417322834646
20
1.6289370078740157
11
0.1911417322834646
21
1.5600393700787401
0
LINE
8
BLACK
6
CONTINUOUS
10
0.1911417322834646
20
1.5600393700787401
11
0.1906922047244095
21
1.5577794094488189
0
LINE
8
BLACK
6
CONTINUOUS
10
0.1906922047244095
20
1.5577794094488189
11
0.1894120472440945
21
1.5558635433070866
0
LINE
8
BLACK
6
CONTINUOUS
10
0.1894120472440945
20
1.5558635433070866
11
0.1874961811023622
21
1.5545833858267717
0
LINE
8
BLACK
6
CONTINUOUS
10
0.1874961811023622
20
1.5545833858267717
11
0.185236220472441
21
1.5541338582677164
0
LINE
8
BLACK
6
CONTINUOUS
10
0.185236220472441
20
1.5541338582677164
11
0.1734251968503937
21
1.5541338582677164
0
LINE
8
BLACK
6
CONTINUOUS
10
0.1734251968503937
20
1.5541338582677164
11
0.1711652362204724
21
1.5545833858267717
0
LINE
8
BLACK
6
CONTINUOUS
10
0.1711652362204724
20
1.5545833858267717
11
0.1692493700787402
21
1.5558635433070866
0
LINE
8
BLACK
6
CONTINUOUS
10
0.1692493700787402
20
1.5558635433070866
11
0.1679692125984252
21
1.5577794094488189
0
LINE
8
BLACK
6
CONTINUOUS
10
0.1679692125984252
20
1.5577794094488189
11
0.1675196850393701
21
1.5600393700787401
0
LINE
8
BLACK
6
CONTINUOUS
10
0.1675196850393701
20
1.5600393700787401
11
0.1675196850393701
21
1.6289370078740157
0
LINE
8
BLACK
6
CONTINUOUS
10
0.1675196850393701
20
1.6289370078740157
11
0.1679692125984252
21
1.6311969685039369
0
LINE
8
BLACK
6
CONTINUOUS
10
0.1679692125984252
20
1.6311969685039369
11
0.1692493700787402
21
1.6331128346456694
0
LINE
8
BLACK
6
CONTINUOUS
10
0.1692493700787402
20
1.6331128346456694
11
0.1711652362204724
21
1.6343929921259843
0
LINE
8
BLACK
6
CONTINUOUS
10
0.1711652362204724
20
1.6343929921259843
11
0.1734251968503937
21
1.6348425196850394
0
LINE
8
BLACK
6
CONTINUOUS
10
0.1734251968503937
20
1.6348425196850394
11
0.185236220472441
21
1.6348425196850394
0
LINE
8
BLACK
6
CONTINUOUS
10
0.185236220472441
20
1.6348425196850394
11
0.1874961811023622
21
1.6343929921259843
0
LINE
8
BLACK
6
CONTINUOUS
10
0.2874961811023622
20
1.6343929921259843
11
0.2894120472440945
21
1.6331128346456694
0
LINE
8
BLACK
6
CONTINUOUS
10
0.2894120472440945
20
1.6331128346456694
11
0.2906922047244094
21
1.6311969685039369
0
LINE
8
BLACK
6
CONTINUOUS
10
0.2906922047244094
20
1.6311969685039369
11
0.2911417322834646
21
1.6289370078740157
0
LINE
8
BLACK
6
CONTINUOUS
10
0.2911417322834646
20
1.6289370078740157
11
0.2911417322834646
21
1.5600393700787401
0
LINE
8
BLACK
6
CONTINUOUS
10
0.2911417322834646
20
1.5600393700787401
11
0.2906922047244094
21
1.5577794094488189
0
LINE
8
BLACK
6
CONTINUOUS
10
0.2906922047244094
20
1.5577794094488189
11
0.2894120472440945
21
1.5558635433070866
0
LINE
8
BLACK
6
CONTINUOUS
10
0.2894120472440945
20
1.5558635433070866
11
0.2874961811023622
21
1.5545833858267717
0
LINE
8
BLACK
6
CONTINUOUS
10
0.2874961811023622
20
1.5545833858267717
11
0.285236220472441
21
1.5541338582677164
0
LINE
8
BLACK
6
CONTINUOUS
10
0.285236220472441
20
1.5541338582677164
11
0.2734251968503937
21
1.5541338582677164
0
LINE
8
BLACK
6
CONTINUOUS
10
0.2734251968503937
20
1.5541338582677164
11
0.2711652362204724
21
1.5545833858267717
0
LINE
8
BLACK
6
CONTINUOUS
10
0.2711652362204724
20
1.5545833858267717
11
0.2692493700787402
21
1.5558635433070866
0
LINE
8
BLACK
6
CONTINUOUS
10
0.2692493700787402
20
1.5558635433070866
11
0.2679692125984252
21
1.5577794094488189
0
LINE
8
BLACK
6
CONTINUOUS
10
0.2679692125984252
20
1.5577794094488189
11
0.2675196850393701
21
1.5600393700787401
0
LINE
8
BLACK
6
CONTINUOUS
10
0.2675196850393701
20
1.5600393700787401
11
0.2675196850393701
21
1.6289370078740157
0
LINE
8
BLACK
6
CONTINUOUS
10
0.2675196850393701
20
1.6289370078740157
11
0.2679692125984252
21
1.6311969685039369
0
LINE
8
BLACK
6
CONTINUOUS
10
0.2679692125984252
20
1.6311969685039369
11
0.2692493700787402
21
1.6331128346456694
0
LINE
8
BLACK
6
CONTINUOUS
10
0.2692493700787402
20
1.6331128346456694
11
0.2711652362204724
21
1.6343929921259843
0
LINE
8
BLACK
6
CONTINUOUS
10
0.2711652362204724
20
1.6343929921259843
11
0.2734251968503937
21
1.6348425196850394
0
LINE
8
BLACK
6
CONTINUOUS
10
0.2734251968503937
20
1.6348425196850394
11
0.285236220472441
21
1.6348425196850394
0
LINE
8
BLACK
6
CONTINUOUS
10
0.285236220472441
20
1.6348425196850394
11
0.2874961811023622
21
1.6343929921259843
0
LINE
8
BLACK
6
CONTINUOUS
10
0.3374961811023622
20
1.6343929921259843
11
0.3394120472440945
21
1.6331128346456694
0
LINE
8
BLACK
6
CONTINUOUS
10
0.3394120472440945
20
1.6331128346456694
11
0.3406922047244094
21
1.6311969685039369
0
LINE
8
BLACK
6
CONTINUOUS
10
0.3406922047244094
20
1.6311969685039369
11
0.3411417322834646
21
1.6289370078740157
0
LINE
8
BLACK
6
CONTINUOUS
10
0.3411417322834646
20
1.6289370078740157
11
0.3411417322834646
21
1.5600393700787401
0
LINE
8
BLACK
6
CONTINUOUS
10
0.3411417322834646
20
1.5600393700787401
11
0.3406922047244094
21
1.5577794094488189
0
LINE
8
BLACK
6
CONTINUOUS
10
0.3406922047244094
20
1.5577794094488189
11
0.3394120472440945
21
1.5558635433070866
0
LINE
8
BLACK
6
CONTINUOUS
10
0.3394120472440945
20
1.5558635433070866
11
0.3374961811023622
21
1.5545833858267717
0
LINE
8
BLACK
6
CONTINUOUS
10
0.3374961811023622
20
1.5545833858267717
11
0.3352362204724409
21
1.5541338582677164
0
LINE
8
BLACK
6
CONTINUOUS
10
0.3352362204724409
20
1.5541338582677164
11
0.3234251968503937
21
1.5541338582677164
0
LINE
8
BLACK
6
CONTINUOUS
10
0.3234251968503937
20
1.5541338582677164
11
0.3211652362204724
21
1.5545833858267717
0
LINE
8
BLACK
6
CONTINUOUS
10
0.3211652362204724
20
1.5545833858267717
11
0.3192493700787402
21
1.5558635433070866
0
LINE
8
BLACK
6
CONTINUOUS
10
0.3192493700787402
20
1.5558635433070866
11
0.3179692125984252
21
1.5577794094488189
0
LINE
8
BLACK
6
CONTINUOUS
10
0.3179692125984252
20
1.5577794094488189
11
0.3175196850393701
21
1.5600393700787401
0
LINE
8
BLACK
6
CONTINUOUS
10
0.3175196850393701
20
1.5600393700787401
11
0.3175196850393701
21
1.6289370078740157
0
LINE
8
BLACK
6
CONTINUOUS
10
0.3175196850393701
20
1.6289370078740157
11
0.3179692125984252
21
1.6311969685039369
0
LINE
8
BLACK
6
CONTINUOUS
10
0.3179692125984252
20
1.6311969685039369
11
0.3192493700787402
21
1.6331128346456694
0
LINE
8
BLACK
6
CONTINUOUS
10
0.3192493700787402
20
1.6331128346456694
11
0.3211652362204724
21
1.6343929921259843
0
LINE
8
BLACK
6
CONTINUOUS
10
0.3211652362204724
20
1.6343929921259843
11
0.3234251968503937
21
1.6348425196850394
0
LINE
8
BLACK
6
CONTINUOUS
10
0.3234251968503937
20
1.6348425196850394
11
0.3352362204724409
21
1.6348425196850394
0
LINE
8
BLACK
6
CONTINUOUS
10
0.3352362204724409
20
1.6348425196850394
11
0.3374961811023622
21
1.6343929921259843
0
LINE
8
BLACK
6
CONTINUOUS
10
0.3874961811023622
20
1.6343929921259843
11
0.3894120472440945
21
1.6331128346456694
0
LINE
8
BLACK
6
CONTINUOUS
10
0.3894120472440945
20
1.6331128346456694
11
0.3906922047244095
21
1.6311969685039369
0
LINE
8
BLACK
6
CONTINUOUS
10
0.3906922047244095
20
1.6311969685039369
11
0.3911417322834645
21
1.6289370078740157
0
LINE
8
BLACK
6
CONTINUOUS
10
0.3911417322834645
20
1.6289370078740157
11
0.3911417322834645
21
1.5600393700787401
0
LINE
8
BLACK
6
CONTINUOUS
10
0.3911417322834645
20
1.5600393700787401
11
0.3906922047244095
21
1.5577794094488189
0
LINE
8
BLACK
6
CONTINUOUS
10
0.3906922047244095
20
1.5577794094488189
11
0.3894120472440945
21
1.5558635433070866
0
LINE
8
BLACK
6
CONTINUOUS
10
0.3894120472440945
20
1.5558635433070866
11
0.3874961811023622
21
1.5545833858267717
0
LINE
8
BLACK
6
CONTINUOUS
10
0.3874961811023622
20
1.5545833858267717
11
0.3852362204724409
21
1.5541338582677164
0
LINE
8
BLACK
6
CONTINUOUS
10
0.3852362204724409
20
1.5541338582677164
11
0.3734251968503937
21
1.5541338582677164
0
LINE
8
BLACK
6
CONTINUOUS
10
0.3734251968503937
20
1.5541338582677164
11
0.3711652362204724
21
1.5545833858267717
0
LINE
8
BLACK
6
CONTINUOUS
10
0.3711652362204724
20
1.5545833858267717
11
0.3692493700787401
21
1.5558635433070866
0
LINE
8
BLACK
6
CONTINUOUS
10
0.3692493700787401
20
1.5558635433070866
11
0.3679692125984252
21
1.5577794094488189
0
LINE
8
BLACK
6
CONTINUOUS
10
0.3679692125984252
20
1.5577794094488189
11
0.36751968503937
21
1.5600393700787401
0
LINE
8
BLACK
6
CONTINUOUS
10
0.36751968503937
20
1.5600393700787401
11
0.36751968503937
21
1.6289370078740157
0
LINE
8
BLACK
6
CONTINUOUS
10
0.36751968503937
20
1.6289370078740157
11
0.3679692125984252
21
1.6311969685039369
0
LINE
8
BLACK
6
CONTINUOUS
10
0.3679692125984252
20
1.6311969685039369
11
0.3692493700787401
21
1.6331128346456694
0
LINE
8
BLACK
6
CONTINUOUS
10
0.3692493700787401
20
1.6331128346456694
11
0.3711652362204724
21
1.6343929921259843
0
LINE
8
BLACK
6
CONTINUOUS
10
0.3711652362204724
20
1.6343929921259843
11
0.3734251968503937
21
1.6348425196850394
0
LINE
8
BLACK
6
CONTINUOUS
10
0.3734251968503937
20
1.6348425196850394
11
0.3852362204724409
21
1.6348425196850394
0
LINE
8
BLACK
6
CONTINUOUS
10
0.3852362204724409
20
1.6348425196850394
11
0.3874961811023622
21
1.6343929921259843
0
LINE
8
BLACK
6
CONTINUOUS
10
0.4374961811023622
20
1.6343929921259843
11
0.4394120472440945
21
1.6331128346456694
0
LINE
8
BLACK
6
CONTINUOUS
10
0.4394120472440945
20
1.6331128346456694
11
0.4406922047244095
21
1.6311969685039369
0
LINE
8
BLACK
6
CONTINUOUS
10
0.4406922047244095
20
1.6311969685039369
11
0.4411417322834645
21
1.6289370078740157
0
LINE
8
BLACK
6
CONTINUOUS
10
0.4411417322834645
20
1.6289370078740157
11
0.4411417322834645
21
1.5600393700787401
0
LINE
8
BLACK
6
CONTINUOUS
10
0.4411417322834645
20
1.5600393700787401
11
0.4406922047244095
21
1.5577794094488189
0
LINE
8
BLACK
6
CONTINUOUS
10
0.4406922047244095
20
1.5577794094488189
11
0.4394120472440945
21
1.5558635433070866
0
LINE
8
BLACK
6
CONTINUOUS
10
0.4394120472440945
20
1.5558635433070866
11
0.4374961811023622
21
1.5545833858267717
0
LINE
8
BLACK
6
CONTINUOUS
10
0.4374961811023622
20
1.5545833858267717
11
0.4352362204724409
21
1.5541338582677164
0
LINE
8
BLACK
6
CONTINUOUS
10
0.4352362204724409
20
1.5541338582677164
11
0.4234251968503937
21
1.5541338582677164
0
LINE
8
BLACK
6
CONTINUOUS
10
0.4234251968503937
20
1.5541338582677164
11
0.4211652362204724
21
1.5545833858267717
0
LINE
8
BLACK
6
CONTINUOUS
10
0.4211652362204724
20
1.5545833858267717
11
0.4192493700787401
21
1.5558635433070866
0
LINE
8
BLACK
6
CONTINUOUS
10
0.4192493700787401
20
1.5558635433070866
11
0.4179692125984252
21
1.5577794094488189
0
LINE
8
BLACK
6
CONTINUOUS
10
0.4179692125984252
20
1.5577794094488189
11
0.4175196850393701
21
1.5600393700787401
0
LINE
8
BLACK
6
CONTINUOUS
10
0.4175196850393701
20
1.5600393700787401
11
0.4175196850393701
21
1.6289370078740157
0
LINE
8
BLACK
6
CONTINUOUS
10
0.4175196850393701
20
1.6289370078740157
11
0.4179692125984252
21
1.6311969685039369
0
LINE
8
BLACK
6
CONTINUOUS
10
0.4179692125984252
20
1.6311969685039369
11
0.4192493700787401
21
1.6331128346456694
0
LINE
8
BLACK
6
CONTINUOUS
10
0.4192493700787401
20
1.6331128346456694
11
0.4211652362204724
21
1.6343929921259843
0
LINE
8
BLACK
6
CONTINUOUS
10
0.4211652362204724
20
1.6343929921259843
11
0.4234251968503937
21
1.6348425196850394
0
LINE
8
BLACK
6
CONTINUOUS
10
0.4234251968503937
20
1.6348425196850394
11
0.4352362204724409
21
1.6348425196850394
0
LINE
8
BLACK
6
CONTINUOUS
10
0.4352362204724409
20
1.6348425196850394
11
0.4374961811023622
21
1.6343929921259843
0
LINE
8
BLACK
6
CONTINUOUS
10
0.5374961811023622
20
1.6343929921259843
11
0.5394120472440945
21
1.6331128346456694
0
LINE
8
BLACK
6
CONTINUOUS
10
0.5394120472440945
20
1.6331128346456694
11
0.5406922047244095
21
1.6311969685039369
0
LINE
8
BLACK
6
CONTINUOUS
10
0.5406922047244095
20
1.6311969685039369
11
0.5411417322834645
21
1.6289370078740157
0
LINE
8
BLACK
6
CONTINUOUS
10
0.5411417322834645
20
1.6289370078740157
11
0.5411417322834645
21
1.5600393700787401
0
LINE
8
BLACK
6
CONTINUOUS
10
0.5411417322834645
20
1.5600393700787401
11
0.5406922047244095
21
1.5577794094488189
0
LINE
8
BLACK
6
CONTINUOUS
10
0.5406922047244095
20
1.5577794094488189
11
0.5394120472440945
21
1.5558635433070866
0
LINE
8
BLACK
6
CONTINUOUS
10
0.5394120472440945
20
1.5558635433070866
11
0.5374961811023622
21
1.5545833858267717
0
LINE
8
BLACK
6
CONTINUOUS
10
0.5374961811023622
20
1.5545833858267717
11
0.5352362204724409
21
1.5541338582677164
0
LINE
8
BLACK
6
CONTINUOUS
10
0.5352362204724409
20
1.5541338582677164
11
0.5234251968503937
21
1.5541338582677164
0
LINE
8
BLACK
6
CONTINUOUS
10
0.5234251968503937
20
1.5541338582677164
11
0.5211652362204724
21
1.5545833858267717
0
LINE
8
BLACK
6
CONTINUOUS
10
0.5211652362204724
20
1.5545833858267717
11
0.5192493700787402
21
1.5558635433070866
0
LINE
8
BLACK
6
CONTINUOUS
10
0.5192493700787402
20
1.5558635433070866
11
0.5179692125984252
21
1.5577794094488189
0
LINE
8
BLACK
6
CONTINUOUS
10
0.5179692125984252
20
1.5577794094488189
11
0.5175196850393701
21
1.5600393700787401
0
LINE
8
BLACK
6
CONTINUOUS
10
0.5175196850393701
20
1.5600393700787401
11
0.5175196850393701
21
1.6289370078740157
0
LINE
8
BLACK
6
CONTINUOUS
10
0.5175196850393701
20
1.6289370078740157
11
0.5179692125984252
21
1.6311969685039369
0
LINE
8
BLACK
6
CONTINUOUS
10
0.5179692125984252
20
1.6311969685039369
11
0.5192493700787402
21
1.6331128346456694
0
LINE
8
BLACK
6
CONTINUOUS
10
0.5192493700787402
20
1.6331128346456694
11
0.5211652362204724
21
1.6343929921259843
0
LINE
8
BLACK
6
CONTINUOUS
10
0.5211652362204724
20
1.6343929921259843
11
0.5234251968503937
21
1.6348425196850394
0
LINE
8
BLACK
6
CONTINUOUS
10
0.5234251968503937
20
1.6348425196850394
11
0.5352362204724409
21
1.6348425196850394
0
LINE
8
BLACK
6
CONTINUOUS
10
0.5352362204724409
20
1.6348425196850394
11
0.5374961811023622
21
1.6343929921259843
0
LINE
8
BLACK
6
CONTINUOUS
10
1.0518662598425197
20
1.6343929921259843
11
1.0537821259842519
21
1.6331128346456694
0
LINE
8
BLACK
6
CONTINUOUS
10
1.0537821259842519
20
1.6331128346456694
11
1.0550622834645669
21
1.6311969685039369
0
LINE
8
BLACK
6
CONTINUOUS
10
1.0550622834645669
20
1.6311969685039369
11
1.0555118110236221
21
1.6289370078740157
0
LINE
8
BLACK
6
CONTINUOUS
10
1.0555118110236221
20
1.6289370078740157
11
1.0555118110236221
21
1.5600393700787401
0
LINE
8
BLACK
6
CONTINUOUS
10
1.0555118110236221
20
1.5600393700787401
11
1.0550622834645669
21
1.5577794094488189
0
LINE
8
BLACK
6
CONTINUOUS
10
1.0550622834645669
20
1.5577794094488189
11
1.0537821259842519
21
1.5558635433070866
0
LINE
8
BLACK
6
CONTINUOUS
10
1.0537821259842519
20
1.5558635433070866
11
1.0518662598425197
21
1.5545833858267717
0
LINE
8
BLACK
6
CONTINUOUS
10
1.0518662598425197
20
1.5545833858267717
11
1.0496062992125983
21
1.5541338582677164
0
LINE
8
BLACK
6
CONTINUOUS
10
1.0496062992125983
20
1.5541338582677164
11
1.0377952755905511
21
1.5541338582677164
0
LINE
8
BLACK
6
CONTINUOUS
10
1.0377952755905511
20
1.5541338582677164
11
1.0355353149606299
21
1.5545833858267717
0
LINE
8
BLACK
6
CONTINUOUS
10
1.0355353149606299
20
1.5545833858267717
11
1.0336194488188977
21
1.5558635433070866
0
LINE
8
BLACK
6
CONTINUOUS
10
1.0336194488188977
20
1.5558635433070866
11
1.0323392913385827
21
1.5577794094488189
0
LINE
8
BLACK
6
CONTINUOUS
10
1.0323392913385827
20
1.5577794094488189
11
1.0318897637795275
21
1.5600393700787401
0
LINE
8
BLACK
6
CONTINUOUS
10
1.0318897637795275
20
1.5600393700787401
11
1.0318897637795275
21
1.6289370078740157
0
LINE
8
BLACK
6
CONTINUOUS
10
1.0318897637795275
20
1.6289370078740157
11
1.0323392913385827
21
1.6311969685039369
0
LINE
8
BLACK
6
CONTINUOUS
10
1.0323392913385827
20
1.6311969685039369
11
1.0336194488188977
21
1.6331128346456694
0
LINE
8
BLACK
6
CONTINUOUS
10
1.0336194488188977
20
1.6331128346456694
11
1.0355353149606299
21
1.6343929921259843
0
LINE
8
BLACK
6
CONTINUOUS
10
1.0355353149606299
20
1.6343929921259843
11
1.0377952755905511
21
1.6348425196850394
0
LINE
8
BLACK
6
CONTINUOUS
10
1.0377952755905511
20
1.6348425196850394
11
1.0496062992125983
21
1.6348425196850394
0
LINE
8
BLACK
6
CONTINUOUS
10
1.0496062992125983
20
1.6348425196850394
11
1.0518662598425197
21
1.6343929921259843
0
LINE
8
BLACK
6
CONTINUOUS
10
1.1518662598425196
20
1.6343929921259843
11
1.153782125984252
21
1.6331128346456694
0
LINE
8
BLACK
6
CONTINUOUS
10
1.153782125984252
20
1.6331128346456694
11
1.155062283464567
21
1.6311969685039369
0
LINE
8
BLACK
6
CONTINUOUS
10
1.155062283464567
20
1.6311969685039369
11
1.155511811023622
21
1.6289370078740157
0
LINE
8
BLACK
6
CONTINUOUS
10
1.155511811023622
20
1.6289370078740157
11
1.155511811023622
21
1.5600393700787401
0
LINE
8
BLACK
6
CONTINUOUS
10
1.155511811023622
20
1.5600393700787401
11
1.155062283464567
21
1.5577794094488189
0
LINE
8
BLACK
6
CONTINUOUS
10
1.155062283464567
20
1.5577794094488189
11
1.153782125984252
21
1.5558635433070866
0
LINE
8
BLACK
6
CONTINUOUS
10
1.153782125984252
20
1.5558635433070866
11
1.1518662598425196
21
1.5545833858267717
0
LINE
8
BLACK
6
CONTINUOUS
10
1.1518662598425196
20
1.5545833858267717
11
1.1496062992125984
21
1.5541338582677164
0
LINE
8
BLACK
6
CONTINUOUS
10
1.1496062992125984
20
1.5541338582677164
11
1.1377952755905512
21
1.5541338582677164
0
LINE
8
BLACK
6
CONTINUOUS
10
1.1377952755905512
20
1.5541338582677164
11
1.13553531496063
21
1.5545833858267717
0
LINE
8
BLACK
6
CONTINUOUS
10
1.13553531496063
20
1.5545833858267717
11
1.1336194488188975
21
1.5558635433070866
0
LINE
8
BLACK
6
CONTINUOUS
10
1.1336194488188975
20
1.5558635433070866
11
1.1323392913385826
21
1.5577794094488189
0
LINE
8
BLACK
6
CONTINUOUS
10
1.1323392913385826
20
1.5577794094488189
11
1.1318897637795275
21
1.5600393700787401
0
LINE
8
BLACK
6
CONTINUOUS
10
1.1318897637795275
20
1.5600393700787401
11
1.1318897637795275
21
1.6289370078740157
0
LINE
8
BLACK
6
CONTINUOUS
10
1.1318897637795275
20
1.6289370078740157
11
1.1323392913385826
21
1.6311969685039369
0
LINE
8
BLACK
6
CONTINUOUS
10
1.1323392913385826
20
1.6311969685039369
11
1.1336194488188975
21
1.6331128346456694
0
LINE
8
BLACK
6
CONTINUOUS
10
1.1336194488188975
20
1.6331128346456694
11
1.13553531496063
21
1.6343929921259843
0
LINE
8
BLACK
6
CONTINUOUS
10
1.13553531496063
20
1.6343929921259843
11
1.1377952755905512
21
1.6348425196850394
0
LINE
8
BLACK
6
CONTINUOUS
10
1.1377952755905512
20
1.6348425196850394
11
1.1496062992125984
21
1.6348425196850394
0
LINE
8
BLACK
6
CONTINUOUS
10
1.1496062992125984
20
1.6348425196850394
11
1.1518662598425196
21
1.6343929921259843
0
LINE
8
BLACK
6
CONTINUOUS
10
1.2018662598425196
20
1.6343929921259843
11
1.203782125984252
21
1.6331128346456694
0
LINE
8
BLACK
6
CONTINUOUS
10
1.203782125984252
20
1.6331128346456694
11
1.205062283464567
21
1.6311969685039369
0
LINE
8
BLACK
6
CONTINUOUS
10
1.205062283464567
20
1.6311969685039369
11
1.205511811023622
21
1.6289370078740157
0
LINE
8
BLACK
6
CONTINUOUS
10
1.205511811023622
20
1.6289370078740157
11
1.205511811023622
21
1.5600393700787401
0
LINE
8
BLACK
6
CONTINUOUS
10
1.205511811023622
20
1.5600393700787401
11
1.205062283464567
21
1.5577794094488189
0
LINE
8
BLACK
6
CONTINUOUS
10
1.205062283464567
20
1.5577794094488189
11
1.203782125984252
21
1.5558635433070866
0
LINE
8
BLACK
6
CONTINUOUS
10
1.203782125984252
20
1.5558635433070866
11
1.2018662598425196
21
1.5545833858267717
0
LINE
8
BLACK
6
CONTINUOUS
10
1.2018662598425196
20
1.5545833858267717
11
1.1996062992125984
21
1.5541338582677164
0
LINE
8
BLACK
6
CONTINUOUS
10
1.1996062992125984
20
1.5541338582677164
11
1.1877952755905512
21
1.5541338582677164
0
LINE
8
BLACK
6
CONTINUOUS
10
1.1877952755905512
20
1.5541338582677164
11
1.1855353149606298
21
1.5545833858267717
0
LINE
8
BLACK
6
CONTINUOUS
10
1.1855353149606298
20
1.5545833858267717
11
1.1836194488188976
21
1.5558635433070866
0
LINE
8
BLACK
6
CONTINUOUS
10
1.1836194488188976
20
1.5558635433070866
11
1.1823392913385826
21
1.5577794094488189
0
LINE
8
BLACK
6
CONTINUOUS
10
1.1823392913385826
20
1.5577794094488189
11
1.1818897637795276
21
1.5600393700787401
0
LINE
8
BLACK
6
CONTINUOUS
10
1.1818897637795276
20
1.5600393700787401
11
1.1818897637795276
21
1.6289370078740157
0
LINE
8
BLACK
6
CONTINUOUS
10
1.1818897637795276
20
1.6289370078740157
11
1.1823392913385826
21
1.6311969685039369
0
LINE
8
BLACK
6
CONTINUOUS
10
1.1823392913385826
20
1.6311969685039369
11
1.1836194488188976
21
1.6331128346456694
0
LINE
8
BLACK
6
CONTINUOUS
10
1.1836194488188976
20
1.6331128346456694
11
1.1855353149606298
21
1.6343929921259843
0
LINE
8
BLACK
6
CONTINUOUS
10
1.1855353149606298
20
1.6343929921259843
11
1.1877952755905512
21
1.6348425196850394
0
LINE
8
BLACK
6
CONTINUOUS
10
1.1877952755905512
20
1.6348425196850394
11
1.1996062992125984
21
1.6348425196850394
0
LINE
8
BLACK
6
CONTINUOUS
10
1.1996062992125984
20
1.6348425196850394
11
1.2018662598425196
21
1.6343929921259843
0
LINE
8
BLACK
6
CONTINUOUS
10
1.2518662598425196
20
1.6343929921259843
11
1.2537821259842519
21
1.6331128346456694
0
LINE
8
BLACK
6
CONTINUOUS
10
1.2537821259842519
20
1.6331128346456694
11
1.2550622834645668
21
1.6311969685039369
0
LINE
8
BLACK
6
CONTINUOUS
10
1.2550622834645668
20
1.6311969685039369
11
1.2555118110236221
21
1.6289370078740157
0
LINE
8
BLACK
6
CONTINUOUS
10
1.2555118110236221
20
1.6289370078740157
11
1.2555118110236221
21
1.5600393700787401
0
LINE
8
BLACK
6
CONTINUOUS
10
1.2555118110236221
20
1.5600393700787401
11
1.2550622834645668
21
1.5577794094488189
0
LINE
8
BLACK
6
CONTINUOUS
10
1.2550622834645668
20
1.5577794094488189
11
1.2537821259842519
21
1.5558635433070866
0
LINE
8
BLACK
6
CONTINUOUS
10
1.2537821259842519
20
1.5558635433070866
11
1.2518662598425196
21
1.5545833858267717
0
LINE
8
BLACK
6
CONTINUOUS
10
1.2518662598425196
20
1.5545833858267717
11
1.2496062992125985
21
1.5541338582677164
0
LINE
8
BLACK
6
CONTINUOUS
10
1.2496062992125985
20
1.5541338582677164
11
1.2377952755905512
21
1.5541338582677164
0
LINE
8
BLACK
6
CONTINUOUS
10
1.2377952755905512
20
1.5541338582677164
11
1.2355353149606298
21
1.5545833858267717
0
LINE
8
BLACK
6
CONTINUOUS
10
1.2355353149606298
20
1.5545833858267717
11
1.2336194488188976
21
1.5558635433070866
0
LINE
8
BLACK
6
CONTINUOUS
10
1.2336194488188976
20
1.5558635433070866
11
1.2323392913385827
21
1.5577794094488189
0
LINE
8
BLACK
6
CONTINUOUS
10
1.2323392913385827
20
1.5577794094488189
11
1.2318897637795276
21
1.5600393700787401
0
LINE
8
BLACK
6
CONTINUOUS
10
1.2318897637795276
20
1.5600393700787401
11
1.2318897637795276
21
1.6289370078740157
0
LINE
8
BLACK
6
CONTINUOUS
10
1.2318897637795276
20
1.6289370078740157
11
1.2323392913385827
21
1.6311969685039369
0
LINE
8
BLACK
6
CONTINUOUS
10
1.2323392913385827
20
1.6311969685039369
11
1.2336194488188976
21
1.6331128346456694
0
LINE
8
BLACK
6
CONTINUOUS
10
1.2336194488188976
20
1.6331128346456694
11
1.2355353149606298
21
1.6343929921259843
0
LINE
8
BLACK
6
CONTINUOUS
10
1.2355353149606298
20
1.6343929921259843
11
1.2377952755905512
21
1.6348425196850394
0
LINE
8
BLACK
6
CONTINUOUS
10
1.2377952755905512
20
1.6348425196850394
11
1.2496062992125985
21
1.6348425196850394
0
LINE
8
BLACK
6
CONTINUOUS
10
1.2496062992125985
20
1.6348425196850394
11
1.2518662598425196
21
1.6343929921259843
0
LINE
8
BLACK
6
CONTINUOUS
10
1.3018662598425197
20
1.6343929921259843
11
1.3037821259842519
21
1.6331128346456694
0
LINE
8
BLACK
6
CONTINUOUS
10
1.3037821259842519
20
1.6331128346456694
11
1.3050622834645669
21
1.6311969685039369
0
LINE
8
BLACK
6
CONTINUOUS
10
1.3050622834645669
20
1.6311969685039369
11
1.3055118110236221
21
1.6289370078740157
0
LINE
8
BLACK
6
CONTINUOUS
10
1.3055118110236221
20
1.6289370078740157
11
1.3055118110236221
21
1.5600393700787401
0
LINE
8
BLACK
6
CONTINUOUS
10
1.3055118110236221
20
1.5600393700787401
11
1.3050622834645669
21
1.5577794094488189
0
LINE
8
BLACK
6
CONTINUOUS
10
1.3050622834645669
20
1.5577794094488189
11
1.3037821259842519
21
1.5558635433070866
0
LINE
8
BLACK
6
CONTINUOUS
10
1.3037821259842519
20
1.5558635433070866
11
1.3018662598425197
21
1.5545833858267717
0
LINE
8
BLACK
6
CONTINUOUS
10
1.3018662598425197
20
1.5545833858267717
11
1.2996062992125983
21
1.5541338582677164
0
LINE
8
BLACK
6
CONTINUOUS
10
1.2996062992125983
20
1.5541338582677164
11
1.2877952755905511
21
1.5541338582677164
0
LINE
8
BLACK
6
CONTINUOUS
10
1.2877952755905511
20
1.5541338582677164
11
1.2855353149606299
21
1.5545833858267717
0
LINE
8
BLACK
6
CONTINUOUS
10
1.2855353149606299
20
1.5545833858267717
11
1.2836194488188977
21
1.5558635433070866
0
LINE
8
BLACK
6
CONTINUOUS
10
1.2836194488188977
20
1.5558635433070866
11
1.2823392913385827
21
1.5577794094488189
0
LINE
8
BLACK
6
CONTINUOUS
10
1.2823392913385827
20
1.5577794094488189
11
1.2818897637795275
21
1.5600393700787401
0
LINE
8
BLACK
6
CONTINUOUS
10
1.2818897637795275
20
1.5600393700787401
11
1.2818897637795275
21
1.6289370078740157
0
LINE
8
BLACK
6
CONTINUOUS
10
1.2818897637795275
20
1.6289370078740157
11
1.2823392913385827
21
1.6311969685039369
0
LINE
8
BLACK
6
CONTINUOUS
10
1.2823392913385827
20
1.6311969685039369
11
1.2836194488188977
21
1.6331128346456694
0
LINE
8
BLACK
6
CONTINUOUS
10
1.2836194488188977
20
1.6331128346456694
11
1.2855353149606299
21
1.6343929921259843
0
LINE
8
BLACK
6
CONTINUOUS
10
1.2855353149606299
20
1.6343929921259843
11
1.2877952755905511
21
1.6348425196850394
0
LINE
8
BLACK
6
CONTINUOUS
10
1.2877952755905511
20
1.6348425196850394
11
1.2996062992125983
21
1.6348425196850394
0
LINE
8
BLACK
6
CONTINUOUS
10
1.2996062992125983
20
1.6348425196850394
11
1.3018662598425197
21
1.6343929921259843
0
LINE
8
BLACK
6
CONTINUOUS
10
1.4018662598425196
20
1.6343929921259843
11
1.403782125984252
21
1.6331128346456694
0
LINE
8
BLACK
6
CONTINUOUS
10
1.403782125984252
20
1.6331128346456694
11
1.405062283464567
21
1.6311969685039369
0
LINE
8
BLACK
6
CONTINUOUS
10
1.405062283464567
20
1.6311969685039369
11
1.405511811023622
21
1.6289370078740157
0
LINE
8
BLACK
6
CONTINUOUS
10
1.405511811023622
20
1.6289370078740157
11
1.405511811023622
21
1.5600393700787401
0
LINE
8
BLACK
6
CONTINUOUS
10
1.405511811023622
20
1.5600393700787401
11
1.405062283464567
21
1.5577794094488189
0
LINE
8
BLACK
6
CONTINUOUS
10
1.405062283464567
20
1.5577794094488189
11
1.403782125984252
21
1.5558635433070866
0
LINE
8
BLACK
6
CONTINUOUS
10
1.403782125984252
20
1.5558635433070866
11
1.4018662598425196
21
1.5545833858267717
0
LINE
8
BLACK
6
CONTINUOUS
10
1.4018662598425196
20
1.5545833858267717
11
1.3996062992125984
21
1.5541338582677164
0
LINE
8
BLACK
6
CONTINUOUS
10
1.3996062992125984
20
1.5541338582677164
11
1.3877952755905512
21
1.5541338582677164
0
LINE
8
BLACK
6
CONTINUOUS
10
1.3877952755905512
20
1.5541338582677164
11
1.38553531496063
21
1.5545833858267717
0
LINE
8
BLACK
6
CONTINUOUS
10
1.38553531496063
20
1.5545833858267717
11
1.3836194488188975
21
1.5558635433070866
0
LINE
8
BLACK
6
CONTINUOUS
10
1.3836194488188975
20
1.5558635433070866
11
1.3823392913385826
21
1.5577794094488189
0
LINE
8
BLACK
6
CONTINUOUS
10
1.3823392913385826
20
1.5577794094488189
11
1.3818897637795275
21
1.5600393700787401
0
LINE
8
BLACK
6
CONTINUOUS
10
1.3818897637795275
20
1.5600393700787401
11
1.3818897637795275
21
1.6289370078740157
0
LINE
8
BLACK
6
CONTINUOUS
10
1.3818897637795275
20
1.6289370078740157
11
1.3823392913385826
21
1.6311969685039369
0
LINE
8
BLACK
6
CONTINUOUS
10
1.3823392913385826
20
1.6311969685039369
11
1.3836194488188975
21
1.6331128346456694
0
LINE
8
BLACK
6
CONTINUOUS
10
1.3836194488188975
20
1.6331128346456694
11
1.38553531496063
21
1.6343929921259843
0
LINE
8
BLACK
6
CONTINUOUS
10
1.38553531496063
20
1.6343929921259843
11
1.3877952755905512
21
1.6348425196850394
0
LINE
8
BLACK
6
CONTINUOUS
10
1.3877952755905512
20
1.6348425196850394
11
1.3996062992125984
21
1.6348425196850394
0
LINE
8
BLACK
6
CONTINUOUS
10
1.3996062992125984
20
1.6348425196850394
11
1.4018662598425196
21
1.6343929921259843
0
LINE
8
BLACK
6
CONTINUOUS
10
0.2374961811023622
20
1.6343930314960629
11
0.2394120472440945
21
1.6331128740157479
0
LINE
8
BLACK
6
CONTINUOUS
10
0.2394120472440945
20
1.6331128740157479
11
0.2406922047244094
21
1.6311970078740157
0
LINE
8
BLACK
6
CONTINUOUS
10
0.2406922047244094
20
1.6311970078740157
11
0.2411417322834646
21
1.6289370472440945
0
LINE
8
BLACK
6
CONTINUOUS
10
0.2411417322834646
20
1.6289370472440945
11
0.2411417322834646
21
1.5600394094488188
0
LINE
8
BLACK
6
CONTINUOUS
10
0.2411417322834646
20
1.5600394094488188
11
0.2406922047244094
21
1.5577794488188976
0
LINE
8
BLACK
6
CONTINUOUS
10
0.2406922047244094
20
1.5577794488188976
11
0.2394120472440945
21
1.5558635826771654
0
LINE
8
BLACK
6
CONTINUOUS
10
0.2394120472440945
20
1.5558635826771654
11
0.2374961811023622
21
1.5545834251968504
0
LINE
8
BLACK
6
CONTINUOUS
10
0.2374961811023622
20
1.5545834251968504
11
0.2352362204724409
21
1.5541338976377952
0
LINE
8
BLACK
6
CONTINUOUS
10
0.2352362204724409
20
1.5541338976377952
11
0.2234251968503937
21
1.5541338976377952
0
LINE
8
BLACK
6
CONTINUOUS
10
0.2234251968503937
20
1.5541338976377952
11
0.2211652362204724
21
1.5545834251968504
0
LINE
8
BLACK
6
CONTINUOUS
10
0.2211652362204724
20
1.5545834251968504
11
0.2192493700787402
21
1.5558635826771654
0
LINE
8
BLACK
6
CONTINUOUS
10
0.2192493700787402
20
1.5558635826771654
11
0.2179692125984252
21
1.5577794488188976
0
LINE
8
BLACK
6
CONTINUOUS
10
0.2179692125984252
20
1.5577794488188976
11
0.2175196850393701
21
1.5600394094488188
0
LINE
8
BLACK
6
CONTINUOUS
10
0.2175196850393701
20
1.5600394094488188
11
0.2175196850393701
21
1.6289370472440945
0
LINE
8
BLACK
6
CONTINUOUS
10
0.2175196850393701
20
1.6289370472440945
11
0.2179692125984252
21
1.6311970078740157
0
LINE
8
BLACK
6
CONTINUOUS
10
0.2179692125984252
20
1.6311970078740157
11
0.2192493700787402
21
1.6331128740157479
0
LINE
8
BLACK
6
CONTINUOUS
10
0.2192493700787402
20
1.6331128740157479
11
0.2211652362204724
21
1.6343930314960629
0
LINE
8
BLACK
6
CONTINUOUS
10
0.2211652362204724
20
1.6343930314960629
11
0.2234251968503937
21
1.6348425590551181
0
LINE
8
BLACK
6
CONTINUOUS
10
0.2234251968503937
20
1.6348425590551181
11
0.2352362204724409
21
1.6348425590551181
0
LINE
8
BLACK
6
CONTINUOUS
10
0.2352362204724409
20
1.6348425590551181
11
0.2374961811023622
21
1.6343930314960629
0
LINE
8
BLACK
6
CONTINUOUS
10
0.4874961811023622
20
1.6343930314960629
11
0.4894120472440945
21
1.6331128740157479
0
LINE
8
BLACK
6
CONTINUOUS
10
0.4894120472440945
20
1.6331128740157479
11
0.4906922047244094
21
1.6311970078740157
0
LINE
8
BLACK
6
CONTINUOUS
10
0.4906922047244094
20
1.6311970078740157
11
0.4911417322834646
21
1.6289370472440945
0
LINE
8
BLACK
6
CONTINUOUS
10
0.4911417322834646
20
1.6289370472440945
11
0.4911417322834646
21
1.5600394094488188
0
LINE
8
BLACK
6
CONTINUOUS
10
0.4911417322834646
20
1.5600394094488188
11
0.4906922047244094
21
1.5577794488188976
0
LINE
8
BLACK
6
CONTINUOUS
10
0.4906922047244094
20
1.5577794488188976
11
0.4894120472440945
21
1.5558635826771654
0
LINE
8
BLACK
6
CONTINUOUS
10
0.4894120472440945
20
1.5558635826771654
11
0.4874961811023622
21
1.5545834251968504
0
LINE
8
BLACK
6
CONTINUOUS
10
0.4874961811023622
20
1.5545834251968504
11
0.4852362204724409
21
1.5541338976377952
0
LINE
8
BLACK
6
CONTINUOUS
10
0.4852362204724409
20
1.5541338976377952
11
0.4734251968503937
21
1.5541338976377952
0
LINE
8
BLACK
6
CONTINUOUS
10
0.4734251968503937
20
1.5541338976377952
11
0.4711652362204724
21
1.5545834251968504
0
LINE
8
BLACK
6
CONTINUOUS
10
0.4711652362204724
20
1.5545834251968504
11
0.4692493700787401
21
1.5558635826771654
0
LINE
8
BLACK
6
CONTINUOUS
10
0.4692493700787401
20
1.5558635826771654
11
0.4679692125984252
21
1.5577794488188976
0
LINE
8
BLACK
6
CONTINUOUS
10
0.4679692125984252
20
1.5577794488188976
11
0.4675196850393701
21
1.5600394094488188
0
LINE
8
BLACK
6
CONTINUOUS
10
0.4675196850393701
20
1.5600394094488188
11
0.4675196850393701
21
1.6289370472440945
0
LINE
8
BLACK
6
CONTINUOUS
10
0.4675196850393701
20
1.6289370472440945
11
0.4679692125984252
21
1.6311970078740157
0
LINE
8
BLACK
6
CONTINUOUS
10
0.4679692125984252
20
1.6311970078740157
11
0.4692493700787401
21
1.6331128740157479
0
LINE
8
BLACK
6
CONTINUOUS
10
0.4692493700787401
20
1.6331128740157479
11
0.4711652362204724
21
1.6343930314960629
0
LINE
8
BLACK
6
CONTINUOUS
10
0.4711652362204724
20
1.6343930314960629
11
0.4734251968503937
21
1.6348425590551181
0
LINE
8
BLACK
6
CONTINUOUS
10
0.4734251968503937
20
1.6348425590551181
11
0.4852362204724409
21
1.6348425590551181
0
LINE
8
BLACK
6
CONTINUOUS
10
0.4852362204724409
20
1.6348425590551181
11
0.4874961811023622
21
1.6343930314960629
0
LINE
8
BLACK
6
CONTINUOUS
10
1.1018662598425197
20
1.6343930314960629
11
1.103782125984252
21
1.6331128740157479
0
LINE
8
BLACK
6
CONTINUOUS
10
1.103782125984252
20
1.6331128740157479
11
1.1050622834645669
21
1.6311970078740157
0
LINE
8
BLACK
6
CONTINUOUS
10
1.1050622834645669
20
1.6311970078740157
11
1.1055118110236219
21
1.6289370472440945
0
LINE
8
BLACK
6
CONTINUOUS
10
1.1055118110236219
20
1.6289370472440945
11
1.1055118110236219
21
1.5600394094488188
0
LINE
8
BLACK
6
CONTINUOUS
10
1.1055118110236219
20
1.5600394094488188
11
1.1050622834645669
21
1.5577794488188976
0
LINE
8
BLACK
6
CONTINUOUS
10
1.1050622834645669
20
1.5577794488188976
11
1.103782125984252
21
1.5558635826771654
0
LINE
8
BLACK
6
CONTINUOUS
10
1.103782125984252
20
1.5558635826771654
11
1.1018662598425197
21
1.5545834251968504
0
LINE
8
BLACK
6
CONTINUOUS
10
1.1018662598425197
20
1.5545834251968504
11
1.0996062992125983
21
1.5541338976377952
0
LINE
8
BLACK
6
CONTINUOUS
10
1.0996062992125983
20
1.5541338976377952
11
1.0877952755905511
21
1.5541338976377952
0
LINE
8
BLACK
6
CONTINUOUS
10
1.0877952755905511
20
1.5541338976377952
11
1.0855353149606299
21
1.5545834251968504
0
LINE
8
BLACK
6
CONTINUOUS
10
1.0855353149606299
20
1.5545834251968504
11
1.0836194488188977
21
1.5558635826771654
0
LINE
8
BLACK
6
CONTINUOUS
10
1.0836194488188977
20
1.5558635826771654
11
1.0823392913385828
21
1.5577794488188976
0
LINE
8
BLACK
6
CONTINUOUS
10
1.0823392913385828
20
1.5577794488188976
11
1.0818897637795275
21
1.5600394094488188
0
LINE
8
BLACK
6
CONTINUOUS
10
1.0818897637795275
20
1.5600394094488188
11
1.0818897637795275
21
1.6289370472440945
0
LINE
8
BLACK
6
CONTINUOUS
10
1.0818897637795275
20
1.6289370472440945
11
1.0823392913385828
21
1.6311970078740157
0
LINE
8
BLACK
6
CONTINUOUS
10
1.0823392913385828
20
1.6311970078740157
11
1.0836194488188977
21
1.6331128740157479
0
LINE
8
BLACK
6
CONTINUOUS
10
1.0836194488188977
20
1.6331128740157479
11
1.0855353149606299
21
1.6343930314960629
0
LINE
8
BLACK
6
CONTINUOUS
10
1.0855353149606299
20
1.6343930314960629
11
1.0877952755905511
21
1.6348425590551181
0
LINE
8
BLACK
6
CONTINUOUS
10
1.0877952755905511
20
1.6348425590551181
11
1.0996062992125983
21
1.6348425590551181
0
LINE
8
BLACK
6
CONTINUOUS
10
1.0996062992125983
20
1.6348425590551181
11
1.1018662598425197
21
1.6343930314960629
0
LINE
8
BLACK
6
CONTINUOUS
10
1.3518662598425197
20
1.6343930314960629
11
1.353782125984252
21
1.6331128740157479
0
LINE
8
BLACK
6
CONTINUOUS
10
1.353782125984252
20
1.6331128740157479
11
1.3550622834645669
21
1.6311970078740157
0
LINE
8
BLACK
6
CONTINUOUS
10
1.3550622834645669
20
1.6311970078740157
11
1.3555118110236219
21
1.6289370472440945
0
LINE
8
BLACK
6
CONTINUOUS
10
1.3555118110236219
20
1.6289370472440945
11
1.3555118110236219
21
1.5600394094488188
0
LINE
8
BLACK
6
CONTINUOUS
10
1.3555118110236219
20
1.5600394094488188
11
1.3550622834645669
21
1.5577794488188976
0
LINE
8
BLACK
6
CONTINUOUS
10
1.3550622834645669
20
1.5577794488188976
11
1.353782125984252
21
1.5558635826771654
0
LINE
8
BLACK
6
CONTINUOUS
10
1.353782125984252
20
1.5558635826771654
11
1.3518662598425197
21
1.5545834251968504
0
LINE
8
BLACK
6
CONTINUOUS
10
1.3518662598425197
20
1.5545834251968504
11
1.3496062992125983
21
1.5541338976377952
0
LINE
8
BLACK
6
CONTINUOUS
10
1.3496062992125983
20
1.5541338976377952
11
1.3377952755905511
21
1.5541338976377952
0
LINE
8
BLACK
6
CONTINUOUS
10
1.3377952755905511
20
1.5541338976377952
11
1.3355353149606299
21
1.5545834251968504
0
LINE
8
BLACK
6
CONTINUOUS
10
1.3355353149606299
20
1.5545834251968504
11
1.3336194488188977
21
1.5558635826771654
0
LINE
8
BLACK
6
CONTINUOUS
10
1.3336194488188977
20
1.5558635826771654
11
1.3323392913385828
21
1.5577794488188976
0
LINE
8
BLACK
6
CONTINUOUS
10
1.3323392913385828
20
1.5577794488188976
11
1.3318897637795275
21
1.5600394094488188
0
LINE
8
BLACK
6
CONTINUOUS
10
1.3318897637795275
20
1.5600394094488188
11
1.3318897637795275
21
1.6289370472440945
0
LINE
8
BLACK
6
CONTINUOUS
10
1.3318897637795275
20
1.6289370472440945
11
1.3323392913385828
21
1.6311970078740157
0
LINE
8
BLACK
6
CONTINUOUS
10
1.3323392913385828
20
1.6311970078740157
11
1.3336194488188977
21
1.6331128740157479
0
LINE
8
BLACK
6
CONTINUOUS
10
1.3336194488188977
20
1.6331128740157479
11
1.3355353149606299
21
1.6343930314960629
0
LINE
8
BLACK
6
CONTINUOUS
10
1.3355353149606299
20
1.6343930314960629
11
1.3377952755905511
21
1.6348425590551181
0
LINE
8
BLACK
6
CONTINUOUS
10
1.3377952755905511
20
1.6348425590551181
11
1.3496062992125983
21
1.6348425590551181
0
LINE
8
BLACK
6
CONTINUOUS
10
1.3496062992125983
20
1.6348425590551181
11
1.3518662598425197
21
1.6343930314960629
0
LINE
8
BLACK
6
CONTINUOUS
10
-0.7383594094488188
20
1.6527940944881889
11
-0.7351662598425197
21
1.6506605118110236
0
LINE
8
BLACK
6
CONTINUOUS
10
-0.7351662598425197
20
1.6506605118110236
11
-0.7330326771653544
21
1.6474673622047245
0
LINE
8
BLACK
6
CONTINUOUS
10
-0.7330326771653544
20
1.6474673622047245
11
-0.7322834645669292
21
1.6437007874015748
0
LINE
8
BLACK
6
CONTINUOUS
10
-0.7322834645669292
20
1.6437007874015748
11
-0.7322834645669292
21
1.6082677165354331
0
LINE
8
BLACK
6
CONTINUOUS
10
-0.7322834645669292
20
1.6082677165354331
11
-0.7330326771653544
21
1.6045011417322834
0
LINE
8
BLACK
6
CONTINUOUS
10
-0.7330326771653544
20
1.6045011417322834
11
-0.7351662598425197
21
1.6013079921259843
0
LINE
8
BLACK
6
CONTINUOUS
10
-0.7351662598425197
20
1.6013079921259843
11
-0.7383594094488188
21
1.5991744094488189
0
LINE
8
BLACK
6
CONTINUOUS
10
-0.7383594094488188
20
1.5991744094488189
11
-0.7421259842519685
21
1.5984251968503937
0
LINE
8
BLACK
6
CONTINUOUS
10
-0.7421259842519685
20
1.5984251968503937
11
-0.7627952755905512
21
1.5984251968503937
0
LINE
8
BLACK
6
CONTINUOUS
10
-0.7627952755905512
20
1.5984251968503937
11
-0.7665618503937007
21
1.5991744094488189
0
LINE
8
BLACK
6
CONTINUOUS
10
-0.7665618503937007
20
1.5991744094488189
11
-0.769755
21
1.6013079921259843
0
LINE
8
BLACK
6
CONTINUOUS
10
-0.769755
20
1.6013079921259843
11
-0.7718885826771653
21
1.6045011417322834
0
LINE
8
BLACK
6
CONTINUOUS
10
-0.7718885826771653
20
1.6045011417322834
11
-0.7726377952755905
21
1.6082677165354331
0
LINE
8
BLACK
6
CONTINUOUS
10
-0.7726377952755905
20
1.6082677165354331
11
-0.7726377952755905
21
1.6437007874015748
0
LINE
8
BLACK
6
CONTINUOUS
10
-0.7726377952755905
20
1.6437007874015748
11
-0.7718885826771653
21
1.6474673622047245
0
LINE
8
BLACK
6
CONTINUOUS
10
-0.7718885826771653
20
1.6474673622047245
11
-0.769755
21
1.6506605118110236
0
LINE
8
BLACK
6
CONTINUOUS
10
-0.769755
20
1.6506605118110236
11
-0.7665618503937007
21
1.6527940944881889
0
LINE
8
BLACK
6
CONTINUOUS
10
-0.7665618503937007
20
1.6527940944881889
11
-0.7627952755905512
21
1.6535433070866141
0
LINE
8
BLACK
6
CONTINUOUS
10
-0.7627952755905512
20
1.6535433070866141
11
-0.7421259842519685
21
1.6535433070866141
0
LINE
8
BLACK
6
CONTINUOUS
10
-0.7421259842519685
20
1.6535433070866141
11
-0.7383594094488188
21
1.6527940944881889
0
LINE
8
BLACK
6
CONTINUOUS
10
-0.6665090157480315
20
1.6527940944881889
11
-0.6633158661417322
21
1.6506605118110236
0
LINE
8
BLACK
6
CONTINUOUS
10
-0.6633158661417322
20
1.6506605118110236
11
-0.6611822834645669
21
1.6474673622047245
0
LINE
8
BLACK
6
CONTINUOUS
10
-0.6611822834645669
20
1.6474673622047245
11
-0.6604330708661417
21
1.6437007874015748
0
LINE
8
BLACK
6
CONTINUOUS
10
-0.6604330708661417
20
1.6437007874015748
11
-0.6604330708661417
21
1.6082677165354331
0
LINE
8
BLACK
6
CONTINUOUS
10
-0.6604330708661417
20
1.6082677165354331
11
-0.6611822834645669
21
1.6045011417322834
0
LINE
8
BLACK
6
CONTINUOUS
10
-0.6611822834645669
20
1.6045011417322834
11
-0.6633158661417322
21
1.6013079921259843
0
LINE
8
BLACK
6
CONTINUOUS
10
-0.6633158661417322
20
1.6013079921259843
11
-0.6665090157480315
21
1.5991744094488189
0
LINE
8
BLACK
6
CONTINUOUS
10
-0.6665090157480315
20
1.5991744094488189
11
-0.6702755905511811
21
1.5984251968503937
0
LINE
8
BLACK
6
CONTINUOUS
10
-0.6702755905511811
20
1.5984251968503937
11
-0.6909448818897638
21
1.5984251968503937
0
LINE
8
BLACK
6
CONTINUOUS
10
-0.6909448818897638
20
1.5984251968503937
11
-0.6947114566929133
21
1.5991744094488189
0
LINE
8
BLACK
6
CONTINUOUS
10
-0.6947114566929133
20
1.5991744094488189
11
-0.6979046062992126
21
1.6013079921259843
0
LINE
8
BLACK
6
CONTINUOUS
10
-0.6979046062992126
20
1.6013079921259843
11
-0.7000381889763779
21
1.6045011417322834
0
LINE
8
BLACK
6
CONTINUOUS
10
-0.7000381889763779
20
1.6045011417322834
11
-0.7007874015748031
21
1.6082677165354331
0
LINE
8
BLACK
6
CONTINUOUS
10
-0.7007874015748031
20
1.6082677165354331
11
-0.7007874015748031
21
1.6437007874015748
0
LINE
8
BLACK
6
CONTINUOUS
10
-0.7007874015748031
20
1.6437007874015748
11
-0.7000381889763779
21
1.6474673622047245
0
LINE
8
BLACK
6
CONTINUOUS
10
-0.7000381889763779
20
1.6474673622047245
11
-0.6979046062992126
21
1.6506605118110236
0
LINE
8
BLACK
6
CONTINUOUS
10
-0.6979046062992126
20
1.6506605118110236
11
-0.6947114566929133
21
1.6527940944881889
0
LINE
8
BLACK
6
CONTINUOUS
10
-0.6947114566929133
20
1.6527940944881889
11
-0.6909448818897638
21
1.6535433070866141
0
LINE
8
BLACK
6
CONTINUOUS
10
-0.6909448818897638
20
1.6535433070866141
11
-0.6702755905511811
21
1.6535433070866141
0
LINE
8
BLACK
6
CONTINUOUS
10
-0.6702755905511811
20
1.6535433070866141
11
-0.6665090157480315
21
1.6527940944881889
0
LINE
8
BLACK
6
CONTINUOUS
10
1.3128216929133858
20
1.7296641732283464
11
1.3160148425196849
21
1.7275305905511811
0
LINE
8
BLACK
6
CONTINUOUS
10
1.3160148425196849
20
1.7275305905511811
11
1.3181484251968503
21
1.7243374409448819
0
LINE
8
BLACK
6
CONTINUOUS
10
1.3181484251968503
20
1.7243374409448819
11
1.3188976377952755
21
1.7205708661417323
0
LINE
8
BLACK
6
CONTINUOUS
10
1.3188976377952755
20
1.7205708661417323
11
1.3188976377952755
21
1.6999015748031496
0
LINE
8
BLACK
6
CONTINUOUS
10
1.3188976377952755
20
1.6999015748031496
11
1.3181484251968503
21
1.6961349999999999
0
LINE
8
BLACK
6
CONTINUOUS
10
1.3181484251968503
20
1.6961349999999999
11
1.3160148425196849
21
1.6929418503937008
0
LINE
8
BLACK
6
CONTINUOUS
10
1.3160148425196849
20
1.6929418503937008
11
1.3128216929133858
21
1.6908082677165355
0
LINE
8
BLACK
6
CONTINUOUS
10
1.3128216929133858
20
1.6908082677165355
11
1.3090551181102361
21
1.6900590551181103
0
LINE
8
BLACK
6
CONTINUOUS
10
1.3090551181102361
20
1.6900590551181103
11
1.2736220472440944
21
1.6900590551181103
0
LINE
8
BLACK
6
CONTINUOUS
10
1.2736220472440944
20
1.6900590551181103
11
1.2698554724409448
21
1.6908082677165355
0
LINE
8
BLACK
6
CONTINUOUS
10
1.2698554724409448
20
1.6908082677165355
11
1.2666623228346456
21
1.6929418503937008
0
LINE
8
BLACK
6
CONTINUOUS
10
1.2666623228346456
20
1.6929418503937008
11
1.2645287401574803
21
1.6961349999999999
0
LINE
8
BLACK
6
CONTINUOUS
10
1.2645287401574803
20
1.6961349999999999
11
1.2637795275590551
21
1.6999015748031496
0
LINE
8
BLACK
6
CONTINUOUS
10
1.2637795275590551
20
1.6999015748031496
11
1.2637795275590551
21
1.7205708661417323
0
LINE
8
BLACK
6
CONTINUOUS
10
1.2637795275590551
20
1.7205708661417323
11
1.2645287401574803
21
1.7243374409448819
0
LINE
8
BLACK
6
CONTINUOUS
10
1.2645287401574803
20
1.7243374409448819
11
1.2666623228346456
21
1.7275305905511811
0
LINE
8
BLACK
6
CONTINUOUS
10
1.2666623228346456
20
1.7275305905511811
11
1.2698554724409448
21
1.7296641732283464
0
LINE
8
BLACK
6
CONTINUOUS
10
1.2698554724409448
20
1.7296641732283464
11
1.2736220472440944
21
1.7304133858267716
0
LINE
8
BLACK
6
CONTINUOUS
10
1.2736220472440944
20
1.7304133858267716
11
1.3090551181102361
21
1.7304133858267716
0
LINE
8
BLACK
6
CONTINUOUS
10
1.3090551181102361
20
1.7304133858267716
11
1.3128216929133858
21
1.7296641732283464
0
LINE
8
BLACK
6
CONTINUOUS
10
0.3049476771653543
20
1.7493492125984251
11
0.3081408267716536
21
1.7472156299212598
0
LINE
8
BLACK
6
CONTINUOUS
10
0.3081408267716536
20
1.7472156299212598
11
0.3102744094488189
21
1.7440224803149607
0
LINE
8
BLACK
6
CONTINUOUS
10
0.3102744094488189
20
1.7440224803149607
11
0.3110236220472441
21
1.740255905511811
0
LINE
8
BLACK
6
CONTINUOUS
10
0.3110236220472441
20
1.740255905511811
11
0.3110236220472441
21
1.7195866141732283
0
LINE
8
BLACK
6
CONTINUOUS
10
0.3110236220472441
20
1.7195866141732283
11
0.3102744094488189
21
1.7158200393700787
0
LINE
8
BLACK
6
CONTINUOUS
10
0.3102744094488189
20
1.7158200393700787
11
0.3081408267716536
21
1.7126268897637795
0
LINE
8
BLACK
6
CONTINUOUS
10
0.3081408267716536
20
1.7126268897637795
11
0.3049476771653543
21
1.7104933070866142
0
LINE
8
BLACK
6
CONTINUOUS
10
0.3049476771653543
20
1.7104933070866142
11
0.3011811023622047
21
1.709744094488189
0
LINE
8
BLACK
6
CONTINUOUS
10
0.3011811023622047
20
1.709744094488189
11
0.265748031496063
21
1.709744094488189
0
LINE
8
BLACK
6
CONTINUOUS
10
0.265748031496063
20
1.709744094488189
11
0.2619814566929134
21
1.7104933070866142
0
LINE
8
BLACK
6
CONTINUOUS
10
0.2619814566929134
20
1.7104933070866142
11
0.2587883070866142
21
1.7126268897637795
0
LINE
8
BLACK
6
CONTINUOUS
10
0.2587883070866142
20
1.7126268897637795
11
0.2566547244094488
21
1.7158200393700787
0
LINE
8
BLACK
6
CONTINUOUS
10
0.2566547244094488
20
1.7158200393700787
11
0.2559055118110236
21
1.7195866141732283
0
LINE
8
BLACK
6
CONTINUOUS
10
0.2559055118110236
20
1.7195866141732283
11
0.2559055118110236
21
1.740255905511811
0
LINE
8
BLACK
6
CONTINUOUS
10
0.2559055118110236
20
1.740255905511811
11
0.2566547244094488
21
1.7440224803149607
0
LINE
8
BLACK
6
CONTINUOUS
10
0.2566547244094488
20
1.7440224803149607
11
0.2587883070866142
21
1.7472156299212598
0
LINE
8
BLACK
6
CONTINUOUS
10
0.2587883070866142
20
1.7472156299212598
11
0.2619814566929134
21
1.7493492125984251
0
LINE
8
BLACK
6
CONTINUOUS
10
0.2619814566929134
20
1.7493492125984251
11
0.265748031496063
21
1.7500984251968503
0
LINE
8
BLACK
6
CONTINUOUS
10
0.265748031496063
20
1.7500984251968503
11
0.3011811023622047
21
1.7500984251968503
0
LINE
8
BLACK
6
CONTINUOUS
10
0.3011811023622047
20
1.7500984251968503
11
0.3049476771653543
21
1.7493492125984251
0
LINE
8
BLACK
6
CONTINUOUS
10
1.3128216929133858
20
1.8015145669291339
11
1.3160148425196849
21
1.7993809842519686
0
LINE
8
BLACK
6
CONTINUOUS
10
1.3160148425196849
20
1.7993809842519686
11
1.3181484251968503
21
1.7961878346456692
0
LINE
8
BLACK
6
CONTINUOUS
10
1.3181484251968503
20
1.7961878346456692
11
1.3188976377952755
21
1.7924212598425195
0
LINE
8
BLACK
6
CONTINUOUS
10
1.3188976377952755
20
1.7924212598425195
11
1.3188976377952755
21
1.7717519685039369
0
LINE
8
BLACK
6
CONTINUOUS
10
1.3188976377952755
20
1.7717519685039369
11
1.3181484251968503
21
1.7679853937007874
0
LINE
8
BLACK
6
CONTINUOUS
10
1.3181484251968503
20
1.7679853937007874
11
1.3160148425196849
21
1.7647922440944881
0
LINE
8
BLACK
6
CONTINUOUS
10
1.3160148425196849
20
1.7647922440944881
11
1.3128216929133858
21
1.7626586614173227
0
LINE
8
BLACK
6
CONTINUOUS
10
1.3128216929133858
20
1.7626586614173227
11
1.3090551181102361
21
1.7619094488188976
0
LINE
8
BLACK
6
CONTINUOUS
10
1.3090551181102361
20
1.7619094488188976
11
1.2736220472440944
21
1.7619094488188976
0
LINE
8
BLACK
6
CONTINUOUS
10
1.2736220472440944
20
1.7619094488188976
11
1.2698554724409448
21
1.7626586614173227
0
LINE
8
BLACK
6
CONTINUOUS
10
1.2698554724409448
20
1.7626586614173227
11
1.2666623228346456
21
1.7647922440944881
0
LINE
8
BLACK
6
CONTINUOUS
10
1.2666623228346456
20
1.7647922440944881
11
1.2645287401574803
21
1.7679853937007874
0
LINE
8
BLACK
6
CONTINUOUS
10
1.2645287401574803
20
1.7679853937007874
11
1.2637795275590551
21
1.7717519685039369
0
LINE
8
BLACK
6
CONTINUOUS
10
1.2637795275590551
20
1.7717519685039369
11
1.2637795275590551
21
1.7924212598425195
0
LINE
8
BLACK
6
CONTINUOUS
10
1.2637795275590551
20
1.7924212598425195
11
1.2645287401574803
21
1.7961878346456692
0
LINE
8
BLACK
6
CONTINUOUS
10
1.2645287401574803
20
1.7961878346456692
11
1.2666623228346456
21
1.7993809842519686
0
LINE
8
BLACK
6
CONTINUOUS
10
1.2666623228346456
20
1.7993809842519686
11
1.2698554724409448
21
1.8015145669291339
0
LINE
8
BLACK
6
CONTINUOUS
10
1.2698554724409448
20
1.8015145669291339
11
1.2736220472440944
21
1.8022637795275591
0
LINE
8
BLACK
6
CONTINUOUS
10
1.2736220472440944
20
1.8022637795275591
11
1.3090551181102361
21
1.8022637795275591
0
LINE
8
BLACK
6
CONTINUOUS
10
1.3090551181102361
20
1.8022637795275591
11
1.3128216929133858
21
1.8015145669291339
0
LINE
8
BLACK
6
CONTINUOUS
10
0.3049476771653543
20
1.8211996062992126
11
0.3081408267716536
21
1.8190660236220473
0
LINE
8
BLACK
6
CONTINUOUS
10
0.3081408267716536
20
1.8190660236220473
11
0.3102744094488189
21
1.8158728740157479
0
LINE
8
BLACK
6
CONTINUOUS
10
0.3102744094488189
20
1.8158728740157479
11
0.3110236220472441
21
1.8121062992125985
0
LINE
8
BLACK
6
CONTINUOUS
10
0.3110236220472441
20
1.8121062992125985
11
0.3110236220472441
21
1.7914370078740156
0
LINE
8
BLACK
6
CONTINUOUS
10
0.3110236220472441
20
1.7914370078740156
11
0.3102744094488189
21
1.7876704330708661
0
LINE
8
BLACK
6
CONTINUOUS
10
0.3102744094488189
20
1.7876704330708661
11
0.3081408267716536
21
1.7844772834645668
0
LINE
8
BLACK
6
CONTINUOUS
10
0.3081408267716536
20
1.7844772834645668
11
0.3049476771653543
21
1.7823437007874015
0
LINE
8
BLACK
6
CONTINUOUS
10
0.3049476771653543
20
1.7823437007874015
11
0.3011811023622047
21
1.7815944881889763
0
LINE
8
BLACK
6
CONTINUOUS
10
0.3011811023622047
20
1.7815944881889763
11
0.265748031496063
21
1.7815944881889763
0
LINE
8
BLACK
6
CONTINUOUS
10
0.265748031496063
20
1.7815944881889763
11
0.2619814566929134
21
1.7823437007874015
0
LINE
8
BLACK
6
CONTINUOUS
10
0.2619814566929134
20
1.7823437007874015
11
0.2587883070866142
21
1.7844772834645668
0
LINE
8
BLACK
6
CONTINUOUS
10
0.2587883070866142
20
1.7844772834645668
11
0.2566547244094488
21
1.7876704330708661
0
LINE
8
BLACK
6
CONTINUOUS
10
0.2566547244094488
20
1.7876704330708661
11
0.2559055118110236
21
1.7914370078740156
0
LINE
8
BLACK
6
CONTINUOUS
10
0.2559055118110236
20
1.7914370078740156
11
0.2559055118110236
21
1.8121062992125985
0
LINE
8
BLACK
6
CONTINUOUS
10
0.2559055118110236
20
1.8121062992125985
11
0.2566547244094488
21
1.8158728740157479
0
LINE
8
BLACK
6
CONTINUOUS
10
0.2566547244094488
20
1.8158728740157479
11
0.2587883070866142
21
1.8190660236220473
0
LINE
8
BLACK
6
CONTINUOUS
10
0.2587883070866142
20
1.8190660236220473
11
0.2619814566929134
21
1.8211996062992126
0
LINE
8
BLACK
6
CONTINUOUS
10
0.2619814566929134
20
1.8211996062992126
11
0.265748031496063
21
1.8219488188976378
0
LINE
8
BLACK
6
CONTINUOUS
10
0.265748031496063
20
1.8219488188976378
11
0.3011811023622047
21
1.8219488188976378
0
LINE
8
BLACK
6
CONTINUOUS
10
0.3011811023622047
20
1.8219488188976378
11
0.3049476771653543
21
1.8211996062992126
0
LINE
8
BLACK
6
CONTINUOUS
10
-0.6556822440944882
20
3.1532862204724408
11
-0.6524890944881889
21
3.1511526377952754
0
LINE
8
BLACK
6
CONTINUOUS
10
-0.6524890944881889
20
3.1511526377952754
11
-0.6503555118110236
21
3.1479594881889761
0
LINE
8
BLACK
6
CONTINUOUS
10
-0.6503555118110236
20
3.1479594881889761
11
-0.6496062992125984
21
3.1441929133858268
0
LINE
8
BLACK
6
CONTINUOUS
10
-0.6496062992125984
20
3.1441929133858268
11
-0.6496062992125984
21
3.1087598425196852
0
LINE
8
BLACK
6
CONTINUOUS
10
-0.6496062992125984
20
3.1087598425196852
11
-0.6503555118110236
21
3.1049932677165355
0
LINE
8
BLACK
6
CONTINUOUS
10
-0.6503555118110236
20
3.1049932677165355
11
-0.6524890944881889
21
3.1018001181102361
0
LINE
8
BLACK
6
CONTINUOUS
10
-0.6524890944881889
20
3.1018001181102361
11
-0.6556822440944882
21
3.0996665354330708
0
LINE
8
BLACK
6
CONTINUOUS
10
-0.6556822440944882
20
3.0996665354330708
11
-0.6594488188976377
21
3.0989173228346454
0
LINE
8
BLACK
6
CONTINUOUS
10
-0.6594488188976377
20
3.0989173228346454
11
-0.6801181102362205
21
3.0989173228346454
0
LINE
8
BLACK
6
CONTINUOUS
10
-0.6801181102362205
20
3.0989173228346454
11
-0.6838846850393701
21
3.0996665354330708
0
LINE
8
BLACK
6
CONTINUOUS
10
-0.6838846850393701
20
3.0996665354330708
11
-0.6870778346456693
21
3.1018001181102361
0
LINE
8
BLACK
6
CONTINUOUS
10
-0.6870778346456693
20
3.1018001181102361
11
-0.6892114173228346
21
3.1049932677165355
0
LINE
8
BLACK
6
CONTINUOUS
10
-0.6892114173228346
20
3.1049932677165355
11
-0.6899606299212598
21
3.1087598425196852
0
LINE
8
BLACK
6
CONTINUOUS
10
-0.6899606299212598
20
3.1087598425196852
11
-0.6899606299212598
21
3.1441929133858268
0
LINE
8
BLACK
6
CONTINUOUS
10
-0.6899606299212598
20
3.1441929133858268
11
-0.6892114173228346
21
3.1479594881889761
0
LINE
8
BLACK
6
CONTINUOUS
10
-0.6892114173228346
20
3.1479594881889761
11
-0.6870778346456693
21
3.1511526377952754
0
LINE
8
BLACK
6
CONTINUOUS
10
-0.6870778346456693
20
3.1511526377952754
11
-0.6838846850393701
21
3.1532862204724408
0
LINE
8
BLACK
6
CONTINUOUS
10
-0.6838846850393701
20
3.1532862204724408
11
-0.6801181102362205
21
3.1540354330708662
0
LINE
8
BLACK
6
CONTINUOUS
10
-0.6801181102362205
20
3.1540354330708662
11
-0.6594488188976377
21
3.1540354330708662
0
LINE
8
BLACK
6
CONTINUOUS
10
-0.6594488188976377
20
3.1540354330708662
11
-0.6556822440944882
21
3.1532862204724408
0
LINE
8
BLACK
6
CONTINUOUS
10
-0.5838318503937008
20
3.1532862204724408
11
-0.5806387007874015
21
3.1511526377952754
0
LINE
8
BLACK
6
CONTINUOUS
10
-0.5806387007874015
20
3.1511526377952754
11
-0.5785051181102362
21
3.1479594881889761
0
LINE
8
BLACK
6
CONTINUOUS
10
-0.5785051181102362
20
3.1479594881889761
11
-0.577755905511811
21
3.1441929133858268
0
LINE
8
BLACK
6
CONTINUOUS
10
-0.577755905511811
20
3.1441929133858268
11
-0.577755905511811
21
3.1087598425196852
0
LINE
8
BLACK
6
CONTINUOUS
10
-0.577755905511811
20
3.1087598425196852
11
-0.5785051181102362
21
3.1049932677165355
0
LINE
8
BLACK
6
CONTINUOUS
10
-0.5785051181102362
20
3.1049932677165355
11
-0.5806387007874015
21
3.1018001181102361
0
LINE
8
BLACK
6
CONTINUOUS
10
-0.5806387007874015
20
3.1018001181102361
11
-0.5838318503937008
21
3.0996665354330708
0
LINE
8
BLACK
6
CONTINUOUS
10
-0.5838318503937008
20
3.0996665354330708
11
-0.5875984251968503
21
3.0989173228346454
0
LINE
8
BLACK
6
CONTINUOUS
10
-0.5875984251968503
20
3.0989173228346454
11
-0.6082677165354331
21
3.0989173228346454
0
LINE
8
BLACK
6
CONTINUOUS
10
-0.6082677165354331
20
3.0989173228346454
11
-0.6120342913385827
21
3.0996665354330708
0
LINE
8
BLACK
6
CONTINUOUS
10
-0.6120342913385827
20
3.0996665354330708
11
-0.6152274409448819
21
3.1018001181102361
0
LINE
8
BLACK
6
CONTINUOUS
10
-0.6152274409448819
20
3.1018001181102361
11
-0.6173610236220473
21
3.1049932677165355
0
LINE
8
BLACK
6
CONTINUOUS
10
-0.6173610236220473
20
3.1049932677165355
11
-0.6181102362204725
21
3.1087598425196852
0
LINE
8
BLACK
6
CONTINUOUS
10
-0.6181102362204725
20
3.1087598425196852
11
-0.6181102362204725
21
3.1441929133858268
0
LINE
8
BLACK
6
CONTINUOUS
10
-0.6181102362204725
20
3.1441929133858268
11
-0.6173610236220473
21
3.1479594881889761
0
LINE
8
BLACK
6
CONTINUOUS
10
-0.6173610236220473
20
3.1479594881889761
11
-0.6152274409448819
21
3.1511526377952754
0
LINE
8
BLACK
6
CONTINUOUS
10
-0.6152274409448819
20
3.1511526377952754
11
-0.6120342913385827
21
3.1532862204724408
0
LINE
8
BLACK
6
CONTINUOUS
10
-0.6120342913385827
20
3.1532862204724408
11
-0.6082677165354331
21
3.1540354330708662
0
LINE
8
BLACK
6
CONTINUOUS
10
-0.6082677165354331
20
3.1540354330708662
11
-0.5875984251968503
21
3.1540354330708662
0
LINE
8
BLACK
6
CONTINUOUS
10
-0.5875984251968503
20
3.1540354330708662
11
-0.5838318503937008
21
3.1532862204724408
0
LINE
8
BLACK
6
CONTINUOUS
10
0.7587204330708661
20
3.1980696456692912
11
0.7619135826771654
21
3.1959360629921258
0
LINE
8
BLACK
6
CONTINUOUS
10
0.7619135826771654
20
3.1959360629921258
11
0.7640471653543307
21
3.1927429133858265
0
LINE
8
BLACK
6
CONTINUOUS
10
0.7640471653543307
20
3.1927429133858265
11
0.7647963779527559
21
3.1889763385826773
0
LINE
8
BLACK
6
CONTINUOUS
10
0.7647963779527559
20
3.1889763385826773
11
0.7647963779527559
21
3.110236181102362
0
LINE
8
BLACK
6
CONTINUOUS
10
0.7647963779527559
20
3.110236181102362
11
0.7640471653543307
21
3.1064696062992123
0
LINE
8
BLACK
6
CONTINUOUS
10
0.7640471653543307
20
3.1064696062992123
11
0.7619135826771654
21
3.1032764566929134
0
LINE
8
BLACK
6
CONTINUOUS
10
0.7619135826771654
20
3.1032764566929134
11
0.7587204330708661
21
3.1011428740157481
0
LINE
8
BLACK
6
CONTINUOUS
10
0.7587204330708661
20
3.1011428740157481
11
0.7549538582677165
21
3.1003936614173226
0
LINE
8
BLACK
6
CONTINUOUS
10
0.7549538582677165
20
3.1003936614173226
11
0.7037727559055118
21
3.1003936614173226
0
LINE
8
BLACK
6
CONTINUOUS
10
0.7037727559055118
20
3.1003936614173226
11
0.7000061811023622
21
3.1011428740157481
0
LINE
8
BLACK
6
CONTINUOUS
10
0.7000061811023622
20
3.1011428740157481
11
0.696813031496063
21
3.1032764566929134
0
LINE
8
BLACK
6
CONTINUOUS
10
0.696813031496063
20
3.1032764566929134
11
0.6946794488188976
21
3.1064696062992123
0
LINE
8
BLACK
6
CONTINUOUS
10
0.6946794488188976
20
3.1064696062992123
11
0.6939302362204725
21
3.110236181102362
0
LINE
8
BLACK
6
CONTINUOUS
10
0.6939302362204725
20
3.110236181102362
11
0.6939302362204725
21
3.1889763385826773
0
LINE
8
BLACK
6
CONTINUOUS
10
0.6939302362204725
20
3.1889763385826773
11
0.6946794488188976
21
3.1927429133858265
0
LINE
8
BLACK
6
CONTINUOUS
10
0.6946794488188976
20
3.1927429133858265
11
0.696813031496063
21
3.1959360629921258
0
LINE
8
BLACK
6
CONTINUOUS
10
0.696813031496063
20
3.1959360629921258
11
0.7000061811023622
21
3.1980696456692912
0
LINE
8
BLACK
6
CONTINUOUS
10
0.7000061811023622
20
3.1980696456692912
11
0.7037727559055118
21
3.1988188582677166
0
LINE
8
BLACK
6
CONTINUOUS
10
0.7037727559055118
20
3.1988188582677166
11
0.7549538582677165
21
3.1988188582677166
0
LINE
8
BLACK
6
CONTINUOUS
10
0.7549538582677165
20
3.1988188582677166
11
0.7587204330708661
21
3.1980696456692912
0
LINE
8
BLACK
6
CONTINUOUS
10
0.8650196456692913
20
3.1706090551181103
11
0.8682127952755905
21
3.168475472440945
0
LINE
8
BLACK
6
CONTINUOUS
10
0.8682127952755905
20
3.168475472440945
11
0.8703463779527559
21
3.1652823228346456
0
LINE
8
BLACK
6
CONTINUOUS
10
0.8703463779527559
20
3.1652823228346456
11
0.8710955905511811
21
3.1615157480314959
0
LINE
8
BLACK
6
CONTINUOUS
10
0.8710955905511811
20
3.1615157480314959
11
0.8710955905511811
21
3.1408464566929135
0
LINE
8
BLACK
6
CONTINUOUS
10
0.8710955905511811
20
3.1408464566929135
11
0.8703463779527559
21
3.1370798818897638
0
LINE
8
BLACK
6
CONTINUOUS
10
0.8703463779527559
20
3.1370798818897638
11
0.8682127952755905
21
3.1338867322834645
0
LINE
8
BLACK
6
CONTINUOUS
10
0.8682127952755905
20
3.1338867322834645
11
0.8650196456692913
21
3.1317531496062991
0
LINE
8
BLACK
6
CONTINUOUS
10
0.8650196456692913
20
3.1317531496062991
11
0.8612530708661417
21
3.1310039370078742
0
LINE
8
BLACK
6
CONTINUOUS
10
0.8612530708661417
20
3.1310039370078742
11
0.82582
21
3.1310039370078742
0
LINE
8
BLACK
6
CONTINUOUS
10
0.82582
20
3.1310039370078742
11
0.8220534251968504
21
3.1317531496062991
0
LINE
8
BLACK
6
CONTINUOUS
10
0.8220534251968504
20
3.1317531496062991
11
0.8188602755905512
21
3.1338867322834645
0
LINE
8
BLACK
6
CONTINUOUS
10
0.8188602755905512
20
3.1338867322834645
11
0.8167266929133858
21
3.1370798818897638
0
LINE
8
BLACK
6
CONTINUOUS
10
0.8167266929133858
20
3.1370798818897638
11
0.8159774803149606
21
3.1408464566929135
0
LINE
8
BLACK
6
CONTINUOUS
10
0.8159774803149606
20
3.1408464566929135
11
0.8159774803149606
21
3.1615157480314959
0
LINE
8
BLACK
6
CONTINUOUS
10
0.8159774803149606
20
3.1615157480314959
11
0.8167266929133858
21
3.1652823228346456
0
LINE
8
BLACK
6
CONTINUOUS
10
0.8167266929133858
20
3.1652823228346456
11
0.8188602755905512
21
3.168475472440945
0
LINE
8
BLACK
6
CONTINUOUS
10
0.8188602755905512
20
3.168475472440945
11
0.8220534251968504
21
3.1706090551181103
0
LINE
8
BLACK
6
CONTINUOUS
10
0.8220534251968504
20
3.1706090551181103
11
0.82582
21
3.1713582677165353
0
LINE
8
BLACK
6
CONTINUOUS
10
0.82582
20
3.1713582677165353
11
0.8612530708661417
21
3.1713582677165353
0
LINE
8
BLACK
6
CONTINUOUS
10
0.8612530708661417
20
3.1713582677165353
11
0.8650196456692913
21
3.1706090551181103
0
LINE
8
BLACK
6
CONTINUOUS
10
0.8650196456692913
20
3.2424594488188974
11
0.8682127952755905
21
3.240325866141732
0
LINE
8
BLACK
6
CONTINUOUS
10
0.8682127952755905
20
3.240325866141732
11
0.8703463779527559
21
3.2371327165354331
0
LINE
8
BLACK
6
CONTINUOUS
10
0.8703463779527559
20
3.2371327165354331
11
0.8710955905511811
21
3.2333661417322834
0
LINE
8
BLACK
6
CONTINUOUS
10
0.8710955905511811
20
3.2333661417322834
11
0.8710955905511811
21
3.2126968503937006
0
LINE
8
BLACK
6
CONTINUOUS
10
0.8710955905511811
20
3.2126968503937006
11
0.8703463779527559
21
3.2089302755905513
0
LINE
8
BLACK
6
CONTINUOUS
10
0.8703463779527559
20
3.2089302755905513
11
0.8682127952755905
21
3.205737125984252
0
LINE
8
BLACK
6
CONTINUOUS
10
0.8682127952755905
20
3.205737125984252
11
0.8650196456692913
21
3.2036035433070866
0
LINE
8
BLACK
6
CONTINUOUS
10
0.8650196456692913
20
3.2036035433070866
11
0.8612530708661417
21
3.2028543307086612
0
LINE
8
BLACK
6
CONTINUOUS
10
0.8612530708661417
20
3.2028543307086612
11
0.82582
21
3.2028543307086612
0
LINE
8
BLACK
6
CONTINUOUS
10
0.82582
20
3.2028543307086612
11
0.8220534251968504
21
3.2036035433070866
0
LINE
8
BLACK
6
CONTINUOUS
10
0.8220534251968504
20
3.2036035433070866
11
0.8188602755905512
21
3.205737125984252
0
LINE
8
BLACK
6
CONTINUOUS
10
0.8188602755905512
20
3.205737125984252
11
0.8167266929133858
21
3.2089302755905513
0
LINE
8
BLACK
6
CONTINUOUS
10
0.8167266929133858
20
3.2089302755905513
11
0.8159774803149606
21
3.2126968503937006
0
LINE
8
BLACK
6
CONTINUOUS
10
0.8159774803149606
20
3.2126968503937006
11
0.8159774803149606
21
3.2333661417322834
0
LINE
8
BLACK
6
CONTINUOUS
10
0.8159774803149606
20
3.2333661417322834
11
0.8167266929133858
21
3.2371327165354331
0
LINE
8
BLACK
6
CONTINUOUS
10
0.8167266929133858
20
3.2371327165354331
11
0.8188602755905512
21
3.240325866141732
0
LINE
8
BLACK
6
CONTINUOUS
10
0.8188602755905512
20
3.240325866141732
11
0.8220534251968504
21
3.2424594488188974
0
LINE
8
BLACK
6
CONTINUOUS
10
0.8220534251968504
20
3.2424594488188974
11
0.82582
21
3.2432086614173228
0
LINE
8
BLACK
6
CONTINUOUS
10
0.82582
20
3.2432086614173228
11
0.8612530708661417
21
3.2432086614173228
0
LINE
8
BLACK
6
CONTINUOUS
10
0.8612530708661417
20
3.2432086614173228
11
0.8650196456692913
21
3.2424594488188974
0
LINE
8
BLACK
6
CONTINUOUS
10
-0.6350431889763779
20
3.2303575590551179
11
-0.6331273228346457
21
3.2290774015748029
0
LINE
8
BLACK
6
CONTINUOUS
10
-0.6331273228346457
20
3.2290774015748029
11
-0.6318471653543307
21
3.2271615354330709
0
LINE
8
BLACK
6
CONTINUOUS
10
-0.6318471653543307
20
3.2271615354330709
11
-0.6313976377952756
21
3.2249015748031495
0
LINE
8
BLACK
6
CONTINUOUS
10
-0.6313976377952756
20
3.2249015748031495
11
-0.6313976377952756
21
3.2130905511811023
0
LINE
8
BLACK
6
CONTINUOUS
10
-0.6313976377952756
20
3.2130905511811023
11
-0.6318471653543307
21
3.2108305905511809
0
LINE
8
BLACK
6
CONTINUOUS
10
-0.6318471653543307
20
3.2108305905511809
11
-0.6331273228346457
21
3.2089147244094489
0
LINE
8
BLACK
6
CONTINUOUS
10
-0.6331273228346457
20
3.2089147244094489
11
-0.6350431889763779
21
3.207634566929134
0
LINE
8
BLACK
6
CONTINUOUS
10
-0.6350431889763779
20
3.207634566929134
11
-0.6373031496062992
21
3.2071850393700787
0
LINE
8
BLACK
6
CONTINUOUS
10
-0.6373031496062992
20
3.2071850393700787
11
-0.6835629921259843
21
3.2071850393700787
0
LINE
8
BLACK
6
CONTINUOUS
10
-0.6835629921259843
20
3.2071850393700787
11
-0.6858229527559055
21
3.207634566929134
0
LINE
8
BLACK
6
CONTINUOUS
10
-0.6858229527559055
20
3.207634566929134
11
-0.6877388188976378
21
3.2089147244094489
0
LINE
8
BLACK
6
CONTINUOUS
10
-0.6877388188976378
20
3.2089147244094489
11
-0.6890189763779527
21
3.2108305905511809
0
LINE
8
BLACK
6
CONTINUOUS
10
-0.6890189763779527
20
3.2108305905511809
11
-0.6894685039370079
21
3.2130905511811023
0
LINE
8
BLACK
6
CONTINUOUS
10
-0.6894685039370079
20
3.2130905511811023
11
-0.6894685039370079
21
3.2249015748031495
0
LINE
8
BLACK
6
CONTINUOUS
10
-0.6894685039370079
20
3.2249015748031495
11
-0.6890189763779527
21
3.2271615354330709
0
LINE
8
BLACK
6
CONTINUOUS
10
-0.6890189763779527
20
3.2271615354330709
11
-0.6877388188976378
21
3.2290774015748029
0
LINE
8
BLACK
6
CONTINUOUS
10
-0.6877388188976378
20
3.2290774015748029
11
-0.6858229527559055
21
3.2303575590551179
0
LINE
8
BLACK
6
CONTINUOUS
10
-0.6858229527559055
20
3.2303575590551179
11
-0.6835629921259843
21
3.2308070866141732
0
LINE
8
BLACK
6
CONTINUOUS
10
-0.6835629921259843
20
3.2308070866141732
11
-0.6373031496062992
21
3.2308070866141732
0
LINE
8
BLACK
6
CONTINUOUS
10
-0.6373031496062992
20
3.2308070866141732
11
-0.6350431889763779
21
3.2303575590551179
0
LINE
8
BLACK
6
CONTINUOUS
10
-0.5612242913385826
20
3.2677591338582674
11
-0.5593084251968504
21
3.2664789763779525
0
LINE
8
BLACK
6
CONTINUOUS
10
-0.5593084251968504
20
3.2664789763779525
11
-0.5580282677165355
21
3.2645631102362205
0
LINE
8
BLACK
6
CONTINUOUS
10
-0.5580282677165355
20
3.2645631102362205
11
-0.5575787401574803
21
3.2623031496062991
0
LINE
8
BLACK
6
CONTINUOUS
10
-0.5575787401574803
20
3.2623031496062991
11
-0.5575787401574803
21
3.2504921259842519
0
LINE
8
BLACK
6
CONTINUOUS
10
-0.5575787401574803
20
3.2504921259842519
11
-0.5580282677165355
21
3.2482321653543305
0
LINE
8
BLACK
6
CONTINUOUS
10
-0.5580282677165355
20
3.2482321653543305
11
-0.5593084251968504
21
3.2463162992125985
0
LINE
8
BLACK
6
CONTINUOUS
10
-0.5593084251968504
20
3.2463162992125985
11
-0.5612242913385826
21
3.2450361417322835
0
LINE
8
BLACK
6
CONTINUOUS
10
-0.5612242913385826
20
3.2450361417322835
11
-0.5634842519685039
21
3.2445866141732282
0
LINE
8
BLACK
6
CONTINUOUS
10
-0.5634842519685039
20
3.2445866141732282
11
-0.609744094488189
21
3.2445866141732282
0
LINE
8
BLACK
6
CONTINUOUS
10
-0.609744094488189
20
3.2445866141732282
11
-0.6120040551181102
21
3.2450361417322835
0
LINE
8
BLACK
6
CONTINUOUS
10
-0.6120040551181102
20
3.2450361417322835
11
-0.6139199212598425
21
3.2463162992125985
0
LINE
8
BLACK
6
CONTINUOUS
10
-0.6139199212598425
20
3.2463162992125985
11
-0.6152000787401575
21
3.2482321653543305
0
LINE
8
BLACK
6
CONTINUOUS
10
-0.6152000787401575
20
3.2482321653543305
11
-0.6156496062992126
21
3.2504921259842519
0
LINE
8
BLACK
6
CONTINUOUS
10
-0.6156496062992126
20
3.2504921259842519
11
-0.6156496062992126
21
3.2623031496062991
0
LINE
8
BLACK
6
CONTINUOUS
10
-0.6156496062992126
20
3.2623031496062991
11
-0.6152000787401575
21
3.2645631102362205
0
LINE
8
BLACK
6
CONTINUOUS
10
-0.6152000787401575
20
3.2645631102362205
11
-0.6139199212598425
21
3.2664789763779525
0
LINE
8
BLACK
6
CONTINUOUS
10
-0.6139199212598425
20
3.2664789763779525
11
-0.6120040551181102
21
3.2677591338582674
0
LINE
8
BLACK
6
CONTINUOUS
10
-0.6120040551181102
20
3.2677591338582674
11
-0.609744094488189
21
3.2682086614173227
0
LINE
8
BLACK
6
CONTINUOUS
10
-0.609744094488189
20
3.2682086614173227
11
-0.5634842519685039
21
3.2682086614173227
0
LINE
8
BLACK
6
CONTINUOUS
10
-0.5634842519685039
20
3.2682086614173227
11
-0.5612242913385826
21
3.2677591338582674
0
LINE
8
BLACK
6
CONTINUOUS
10
0.7587204330708661
20
3.3555500393700788
11
0.7619135826771654
21
3.3534164566929134
0
LINE
8
BLACK
6
CONTINUOUS
10
0.7619135826771654
20
3.3534164566929134
11
0.7640471653543307
21
3.3502233070866141
0
LINE
8
BLACK
6
CONTINUOUS
10
0.7640471653543307
20
3.3502233070866141
11
0.7647963779527559
21
3.3464567322834644
0
LINE
8
BLACK
6
CONTINUOUS
10
0.7647963779527559
20
3.3464567322834644
11
0.7647963779527559
21
3.2677165748031496
0
LINE
8
BLACK
6
CONTINUOUS
10
0.7647963779527559
20
3.2677165748031496
11
0.7640471653543307
21
3.2639499999999999
0
LINE
8
BLACK
6
CONTINUOUS
10
0.7640471653543307
20
3.2639499999999999
11
0.7619135826771654
21
3.2607568503937006
0
LINE
8
BLACK
6
CONTINUOUS
10
0.7619135826771654
20
3.2607568503937006
11
0.7587204330708661
21
3.2586232677165352
0
LINE
8
BLACK
6
CONTINUOUS
10
0.7587204330708661
20
3.2586232677165352
11
0.7549538582677165
21
3.2578740551181102
0
LINE
8
BLACK
6
CONTINUOUS
10
0.7549538582677165
20
3.2578740551181102
11
0.7037727559055118
21
3.2578740551181102
0
LINE
8
BLACK
6
CONTINUOUS
10
0.7037727559055118
20
3.2578740551181102
11
0.7000061811023622
21
3.2586232677165352
0
LINE
8
BLACK
6
CONTINUOUS
10
0.7000061811023622
20
3.2586232677165352
11
0.696813031496063
21
3.2607568503937006
0
LINE
8
BLACK
6
CONTINUOUS
10
0.696813031496063
20
3.2607568503937006
11
0.6946794488188976
21
3.2639499999999999
0
LINE
8
BLACK
6
CONTINUOUS
10
0.6946794488188976
20
3.2639499999999999
11
0.6939302362204725
21
3.2677165748031496
0
LINE
8
BLACK
6
CONTINUOUS
10
0.6939302362204725
20
3.2677165748031496
11
0.6939302362204725
21
3.3464567322834644
0
LINE
8
BLACK
6
CONTINUOUS
10
0.6939302362204725
20
3.3464567322834644
11
0.6946794488188976
21
3.3502233070866141
0
LINE
8
BLACK
6
CONTINUOUS
10
0.6946794488188976
20
3.3502233070866141
11
0.696813031496063
21
3.3534164566929134
0
LINE
8
BLACK
6
CONTINUOUS
10
0.696813031496063
20
3.3534164566929134
11
0.7000061811023622
21
3.3555500393700788
0
LINE
8
BLACK
6
CONTINUOUS
10
0.7000061811023622
20
3.3555500393700788
11
0.7037727559055118
21
3.3562992519685038
0
LINE
8
BLACK
6
CONTINUOUS
10
0.7037727559055118
20
3.3562992519685038
11
0.7549538582677165
21
3.3562992519685038
0
LINE
8
BLACK
6
CONTINUOUS
10
0.7549538582677165
20
3.3562992519685038
11
0.7587204330708661
21
3.3555500393700788
0
LINE
8
BLACK
6
CONTINUOUS
10
-0.6350431889763779
20
3.3051607086614174
11
-0.6331273228346457
21
3.3038805511811025
0
LINE
8
BLACK
6
CONTINUOUS
10
-0.6331273228346457
20
3.3038805511811025
11
-0.6318471653543307
21
3.30196468503937
0
LINE
8
BLACK
6
CONTINUOUS
10
-0.6318471653543307
20
3.30196468503937
11
-0.6313976377952756
21
3.2997047244094486
0
LINE
8
BLACK
6
CONTINUOUS
10
-0.6313976377952756
20
3.2997047244094486
11
-0.6313976377952756
21
3.2878937007874014
0
LINE
8
BLACK
6
CONTINUOUS
10
-0.6313976377952756
20
3.2878937007874014
11
-0.6318471653543307
21
3.2856337401574804
0
LINE
8
BLACK
6
CONTINUOUS
10
-0.6318471653543307
20
3.2856337401574804
11
-0.6331273228346457
21
3.283717874015748
0
LINE
8
BLACK
6
CONTINUOUS
10
-0.6331273228346457
20
3.283717874015748
11
-0.6350431889763779
21
3.282437716535433
0
LINE
8
BLACK
6
CONTINUOUS
10
-0.6350431889763779
20
3.282437716535433
11
-0.6373031496062992
21
3.2819881889763778
0
LINE
8
BLACK
6
CONTINUOUS
10
-0.6373031496062992
20
3.2819881889763778
11
-0.6835629921259843
21
3.2819881889763778
0
LINE
8
BLACK
6
CONTINUOUS
10
-0.6835629921259843
20
3.2819881889763778
11
-0.6858229527559055
21
3.282437716535433
0
LINE
8
BLACK
6
CONTINUOUS
10
-0.6858229527559055
20
3.282437716535433
11
-0.6877388188976378
21
3.283717874015748
0
LINE
8
BLACK
6
CONTINUOUS
10
-0.6877388188976378
20
3.283717874015748
11
-0.6890189763779527
21
3.2856337401574804
0
LINE
8
BLACK
6
CONTINUOUS
10
-0.6890189763779527
20
3.2856337401574804
11
-0.6894685039370079
21
3.2878937007874014
0
LINE
8
BLACK
6
CONTINUOUS
10
-0.6894685039370079
20
3.2878937007874014
11
-0.6894685039370079
21
3.2997047244094486
0
LINE
8
BLACK
6
CONTINUOUS
10
-0.6894685039370079
20
3.2997047244094486
11
-0.6890189763779527
21
3.30196468503937
0
LINE
8
BLACK
6
CONTINUOUS
10
-0.6890189763779527
20
3.30196468503937
11
-0.6877388188976378
21
3.3038805511811025
0
LINE
8
BLACK
6
CONTINUOUS
10
-0.6877388188976378
20
3.3038805511811025
11
-0.6858229527559055
21
3.3051607086614174
0
LINE
8
BLACK
6
CONTINUOUS
10
-0.6858229527559055
20
3.3051607086614174
11
-0.6835629921259843
21
3.3056102362204722
0
LINE
8
BLACK
6
CONTINUOUS
10
-0.6835629921259843
20
3.3056102362204722
11
-0.6373031496062992
21
3.3056102362204722
0
LINE
8
BLACK
6
CONTINUOUS
10
-0.6373031496062992
20
3.3056102362204722
11
-0.6350431889763779
21
3.3051607086614174
0
LINE
8
BLACK
6
CONTINUOUS
10
-0.6517452362204724
20
3.3845854330708662
11
-0.6485520866141732
21
3.3824518503937009
0
LINE
8
BLACK
6
CONTINUOUS
10
-0.6485520866141732
20
3.3824518503937009
11
-0.6464185039370078
21
3.3792587007874015
0
LINE
8
BLACK
6
CONTINUOUS
10
-0.6464185039370078
20
3.3792587007874015
11
-0.6456692913385826
21
3.3754921259842519
0
LINE
8
BLACK
6
CONTINUOUS
10
-0.6456692913385826
20
3.3754921259842519
11
-0.6456692913385826
21
3.354822834645669
0
LINE
8
BLACK
6
CONTINUOUS
10
-0.6456692913385826
20
3.354822834645669
11
-0.6464185039370078
21
3.3510562598425198
0
LINE
8
BLACK
6
CONTINUOUS
10
-0.6464185039370078
20
3.3510562598425198
11
-0.6485520866141732
21
3.3478631102362204
0
LINE
8
BLACK
6
CONTINUOUS
10
-0.6485520866141732
20
3.3478631102362204
11
-0.6517452362204724
21
3.3457295275590551
0
LINE
8
BLACK
6
CONTINUOUS
10
-0.6517452362204724
20
3.3457295275590551
11
-0.655511811023622
21
3.3449803149606296
0
LINE
8
BLACK
6
CONTINUOUS
10
-0.655511811023622
20
3.3449803149606296
11
-0.6909448818897638
21
3.3449803149606296
0
LINE
8
BLACK
6
CONTINUOUS
10
-0.6909448818897638
20
3.3449803149606296
11
-0.6947114566929133
21
3.3457295275590551
0
LINE
8
BLACK
6
CONTINUOUS
10
-0.6947114566929133
20
3.3457295275590551
11
-0.6979046062992126
21
3.3478631102362204
0
LINE
8
BLACK
6
CONTINUOUS
10
-0.6979046062992126
20
3.3478631102362204
11
-0.7000381889763779
21
3.3510562598425198
0
LINE
8
BLACK
6
CONTINUOUS
10
-0.7000381889763779
20
3.3510562598425198
11
-0.7007874015748031
21
3.354822834645669
0
LINE
8
BLACK
6
CONTINUOUS
10
-0.7007874015748031
20
3.354822834645669
11
-0.7007874015748031
21
3.3754921259842519
0
LINE
8
BLACK
6
CONTINUOUS
10
-0.7007874015748031
20
3.3754921259842519
11
-0.7000381889763779
21
3.3792587007874015
0
LINE
8
BLACK
6
CONTINUOUS
10
-0.7000381889763779
20
3.3792587007874015
11
-0.6979046062992126
21
3.3824518503937009
0
LINE
8
BLACK
6
CONTINUOUS
10
-0.6979046062992126
20
3.3824518503937009
11
-0.6947114566929133
21
3.3845854330708662
0
LINE
8
BLACK
6
CONTINUOUS
10
-0.6947114566929133
20
3.3845854330708662
11
-0.6909448818897638
21
3.3853346456692912
0
LINE
8
BLACK
6
CONTINUOUS
10
-0.6909448818897638
20
3.3853346456692912
11
-0.655511811023622
21
3.3853346456692912
0
LINE
8
BLACK
6
CONTINUOUS
10
-0.655511811023622
20
3.3853346456692912
11
-0.6517452362204724
21
3.3845854330708662
0
LINE
8
BLACK
6
CONTINUOUS
10
0.932933031496063
20
3.4324200787401575
11
0.9361261811023622
21
3.4302864960629922
0
LINE
8
BLACK
6
CONTINUOUS
10
0.9361261811023622
20
3.4302864960629922
11
0.9382597637795276
21
3.4270933464566928
0
LINE
8
BLACK
6
CONTINUOUS
10
0.9382597637795276
20
3.4270933464566928
11
0.9390089763779528
21
3.4233267716535432
0
LINE
8
BLACK
6
CONTINUOUS
10
0.9390089763779528
20
3.4233267716535432
11
0.9390089763779528
21
3.4036417322834644
0
LINE
8
BLACK
6
CONTINUOUS
10
0.9390089763779528
20
3.4036417322834644
11
0.9382597637795276
21
3.3998751574803148
0
LINE
8
BLACK
6
CONTINUOUS
10
0.9382597637795276
20
3.3998751574803148
11
0.9361261811023622
21
3.3966820078740159
0
LINE
8
BLACK
6
CONTINUOUS
10
0.9361261811023622
20
3.3966820078740159
11
0.932933031496063
21
3.3945484251968505
0
LINE
8
BLACK
6
CONTINUOUS
10
0.932933031496063
20
3.3945484251968505
11
0.9291664566929133
21
3.3937992125984251
0
LINE
8
BLACK
6
CONTINUOUS
10
0.9291664566929133
20
3.3937992125984251
11
0.8917648818897638
21
3.3937992125984251
0
LINE
8
BLACK
6
CONTINUOUS
10
0.8917648818897638
20
3.3937992125984251
11
0.8879983070866142
21
3.3945484251968505
0
LINE
8
BLACK
6
CONTINUOUS
10
0.8879983070866142
20
3.3945484251968505
11
0.884805157480315
21
3.3966820078740159
0
LINE
8
BLACK
6
CONTINUOUS
10
0.884805157480315
20
3.3966820078740159
11
0.8826715748031496
21
3.3998751574803148
0
LINE
8
BLACK
6
CONTINUOUS
10
0.8826715748031496
20
3.3998751574803148
11
0.8819223622047244
21
3.4036417322834644
0
LINE
8
BLACK
6
CONTINUOUS
10
0.8819223622047244
20
3.4036417322834644
11
0.8819223622047244
21
3.4233267716535432
0
LINE
8
BLACK
6
CONTINUOUS
10
0.8819223622047244
20
3.4233267716535432
11
0.8826715748031496
21
3.4270933464566928
0
LINE
8
BLACK
6
CONTINUOUS
10
0.8826715748031496
20
3.4270933464566928
11
0.884805157480315
21
3.4302864960629922
0
LINE
8
BLACK
6
CONTINUOUS
10
0.884805157480315
20
3.4302864960629922
11
0.8879983070866142
21
3.4324200787401575
0
LINE
8
BLACK
6
CONTINUOUS
10
0.8879983070866142
20
3.4324200787401575
11
0.8917648818897638
21
3.4331692913385825
0
LINE
8
BLACK
6
CONTINUOUS
10
0.8917648818897638
20
3.4331692913385825
11
0.9291664566929133
21
3.4331692913385825
0
LINE
8
BLACK
6
CONTINUOUS
10
0.9291664566929133
20
3.4331692913385825
11
0.932933031496063
21
3.4324200787401575
0
LINE
8
BLACK
6
CONTINUOUS
10
-0.6517452362204724
20
3.4564358267716533
11
-0.6485520866141732
21
3.4543022440944879
0
LINE
8
BLACK
6
CONTINUOUS
10
-0.6485520866141732
20
3.4543022440944879
11
-0.6464185039370078
21
3.451109094488189
0
LINE
8
BLACK
6
CONTINUOUS
10
-0.6464185039370078
20
3.451109094488189
11
-0.6456692913385826
21
3.4473425196850394
0
LINE
8
BLACK
6
CONTINUOUS
10
-0.6456692913385826
20
3.4473425196850394
11
-0.6456692913385826
21
3.4266732283464565
0
LINE
8
BLACK
6
CONTINUOUS
10
-0.6456692913385826
20
3.4266732283464565
11
-0.6464185039370078
21
3.4229066535433068
0
LINE
8
BLACK
6
CONTINUOUS
10
-0.6464185039370078
20
3.4229066535433068
11
-0.6485520866141732
21
3.4197135039370079
0
LINE
8
BLACK
6
CONTINUOUS
10
-0.6485520866141732
20
3.4197135039370079
11
-0.6517452362204724
21
3.4175799212598426
0
LINE
8
BLACK
6
CONTINUOUS
10
-0.6517452362204724
20
3.4175799212598426
11
-0.655511811023622
21
3.4168307086614171
0
LINE
8
BLACK
6
CONTINUOUS
10
-0.655511811023622
20
3.4168307086614171
11
-0.6909448818897638
21
3.4168307086614171
0
LINE
8
BLACK
6
CONTINUOUS
10
-0.6909448818897638
20
3.4168307086614171
11
-0.6947114566929133
21
3.4175799212598426
0
LINE
8
BLACK
6
CONTINUOUS
10
-0.6947114566929133
20
3.4175799212598426
11
-0.6979046062992126
21
3.4197135039370079
0
LINE
8
BLACK
6
CONTINUOUS
10
-0.6979046062992126
20
3.4197135039370079
11
-0.7000381889763779
21
3.4229066535433068
0
LINE
8
BLACK
6
CONTINUOUS
10
-0.7000381889763779
20
3.4229066535433068
11
-0.7007874015748031
21
3.4266732283464565
0
LINE
8
BLACK
6
CONTINUOUS
10
-0.7007874015748031
20
3.4266732283464565
11
-0.7007874015748031
21
3.4473425196850394
0
LINE
8
BLACK
6
CONTINUOUS
10
-0.7007874015748031
20
3.4473425196850394
11
-0.7000381889763779
21
3.451109094488189
0
LINE
8
BLACK
6
CONTINUOUS
10
-0.7000381889763779
20
3.451109094488189
11
-0.6979046062992126
21
3.4543022440944879
0
LINE
8
BLACK
6
CONTINUOUS
10
-0.6979046062992126
20
3.4543022440944879
11
-0.6947114566929133
21
3.4564358267716533
0
LINE
8
BLACK
6
CONTINUOUS
10
-0.6947114566929133
20
3.4564358267716533
11
-0.6909448818897638
21
3.4571850393700787
0
LINE
8
BLACK
6
CONTINUOUS
10
-0.6909448818897638
20
3.4571850393700787
11
-0.655511811023622
21
3.4571850393700787
0
LINE
8
BLACK
6
CONTINUOUS
10
-0.655511811023622
20
3.4571850393700787
11
-0.6517452362204724
21
3.4564358267716533
0
LINE
8
BLACK
6
CONTINUOUS
10
0.2796206692913386
20
3.5387707086614171
11
0.282175157480315
21
3.5370638188976375
0
LINE
8
BLACK
6
CONTINUOUS
10
0.282175157480315
20
3.5370638188976375
11
0.2838820472440945
21
3.5345093307086612
0
LINE
8
BLACK
6
CONTINUOUS
10
0.2838820472440945
20
3.5345093307086612
11
0.2844814173228347
21
3.5314960629921259
0
LINE
8
BLACK
6
CONTINUOUS
10
0.2844814173228347
20
3.5314960629921259
11
0.2844814173228347
21
3.4763779527559056
0
LINE
8
BLACK
6
CONTINUOUS
10
0.2844814173228347
20
3.4763779527559056
11
0.2838820472440945
21
3.4733646850393698
0
LINE
8
BLACK
6
CONTINUOUS
10
0.2838820472440945
20
3.4733646850393698
11
0.282175157480315
21
3.4708101968503935
0
LINE
8
BLACK
6
CONTINUOUS
10
0.282175157480315
20
3.4708101968503935
11
0.2796206692913386
21
3.469103307086614
0
LINE
8
BLACK
6
CONTINUOUS
10
0.2796206692913386
20
3.469103307086614
11
0.2766074015748031
21
3.4685039370078741
0
LINE
8
BLACK
6
CONTINUOUS
10
0.2766074015748031
20
3.4685039370078741
11
0.2608593700787402
21
3.4685039370078741
0
LINE
8
BLACK
6
CONTINUOUS
10
0.2608593700787402
20
3.4685039370078741
11
0.2578461023622047
21
3.469103307086614
0
LINE
8
BLACK
6
CONTINUOUS
10
0.2578461023622047
20
3.469103307086614
11
0.2552916141732283
21
3.4708101968503935
0
LINE
8
BLACK
6
CONTINUOUS
10
0.2552916141732283
20
3.4708101968503935
11
0.2535847244094488
21
3.4733646850393698
0
LINE
8
BLACK
6
CONTINUOUS
10
0.2535847244094488
20
3.4733646850393698
11
0.2529853543307087
21
3.4763779527559056
0
LINE
8
BLACK
6
CONTINUOUS
10
0.2529853543307087
20
3.4763779527559056
11
0.2529853543307087
21
3.5314960629921259
0
LINE
8
BLACK
6
CONTINUOUS
10
0.2529853543307087
20
3.5314960629921259
11
0.2535847244094488
21
3.5345093307086612
0
LINE
8
BLACK
6
CONTINUOUS
10
0.2535847244094488
20
3.5345093307086612
11
0.2552916141732283
21
3.5370638188976375
0
LINE
8
BLACK
6
CONTINUOUS
10
0.2552916141732283
20
3.5370638188976375
11
0.2578461023622047
21
3.5387707086614171
0
LINE
8
BLACK
6
CONTINUOUS
10
0.2578461023622047
20
3.5387707086614171
11
0.2608593700787402
21
3.5393700787401574
0
LINE
8
BLACK
6
CONTINUOUS
10
0.2608593700787402
20
3.5393700787401574
11
0.2766074015748031
21
3.5393700787401574
0
LINE
8
BLACK
6
CONTINUOUS
10
0.2766074015748031
20
3.5393700787401574
11
0.2796206692913386
21
3.5387707086614171
0
LINE
8
BLACK
6
CONTINUOUS
10
0.3229277559055118
20
3.5387707086614171
11
0.3254822440944882
21
3.5370638188976375
0
LINE
8
BLACK
6
CONTINUOUS
10
0.3254822440944882
20
3.5370638188976375
11
0.3271891338582677
21
3.5345093307086612
0
LINE
8
BLACK
6
CONTINUOUS
10
0.3271891338582677
20
3.5345093307086612
11
0.3277885039370079
21
3.5314960629921259
0
LINE
8
BLACK
6
CONTINUOUS
10
0.3277885039370079
20
3.5314960629921259
11
0.3277885039370079
21
3.4763779527559056
0
LINE
8
BLACK
6
CONTINUOUS
10
0.3277885039370079
20
3.4763779527559056
11
0.3271891338582677
21
3.4733646850393698
0
LINE
8
BLACK
6
CONTINUOUS
10
0.3271891338582677
20
3.4733646850393698
11
0.3254822440944882
21
3.4708101968503935
0
LINE
8
BLACK
6
CONTINUOUS
10
0.3254822440944882
20
3.4708101968503935
11
0.3229277559055118
21
3.469103307086614
0
LINE
8
BLACK
6
CONTINUOUS
10
0.3229277559055118
20
3.469103307086614
11
0.3199144881889764
21
3.4685039370078741
0
LINE
8
BLACK
6
CONTINUOUS
10
0.3199144881889764
20
3.4685039370078741
11
0.3041664566929134
21
3.4685039370078741
0
LINE
8
BLACK
6
CONTINUOUS
10
0.3041664566929134
20
3.4685039370078741
11
0.3011531889763779
21
3.469103307086614
0
LINE
8
BLACK
6
CONTINUOUS
10
0.3011531889763779
20
3.469103307086614
11
0.2985987007874016
21
3.4708101968503935
0
LINE
8
BLACK
6
CONTINUOUS
10
0.2985987007874016
20
3.4708101968503935
11
0.2968918110236221
21
3.4733646850393698
0
LINE
8
BLACK
6
CONTINUOUS
10
0.2968918110236221
20
3.4733646850393698
11
0.2962924409448819
21
3.4763779527559056
0
LINE
8
BLACK
6
CONTINUOUS
10
0.2962924409448819
20
3.4763779527559056
11
0.2962924409448819
21
3.5314960629921259
0
LINE
8
BLACK
6
CONTINUOUS
10
0.2962924409448819
20
3.5314960629921259
11
0.2968918110236221
21
3.5345093307086612
0
LINE
8
BLACK
6
CONTINUOUS
10
0.2968918110236221
20
3.5345093307086612
11
0.2985987007874016
21
3.5370638188976375
0
LINE
8
BLACK
6
CONTINUOUS
10
0.2985987007874016
20
3.5370638188976375
11
0.3011531889763779
21
3.5387707086614171
0
LINE
8
BLACK
6
CONTINUOUS
10
0.3011531889763779
20
3.5387707086614171
11
0.3041664566929134
21
3.5393700787401574
0
LINE
8
BLACK
6
CONTINUOUS
10
0.3041664566929134
20
3.5393700787401574
11
0.3199144881889764
21
3.5393700787401574
0
LINE
8
BLACK
6
CONTINUOUS
10
0.3199144881889764
20
3.5393700787401574
11
0.3229277559055118
21
3.5387707086614171
0
LINE
8
BLACK
6
CONTINUOUS
10
0.366234842519685
20
3.5387707086614171
11
0.3687893307086614
21
3.5370638188976375
0
LINE
8
BLACK
6
CONTINUOUS
10
0.3687893307086614
20
3.5370638188976375
11
0.370496220472441
21
3.5345093307086612
0
LINE
8
BLACK
6
CONTINUOUS
10
0.370496220472441
20
3.5345093307086612
11
0.3710955905511811
21
3.5314960629921259
0
LINE
8
BLACK
6
CONTINUOUS
10
0.3710955905511811
20
3.5314960629921259
11
0.3710955905511811
21
3.4763779527559056
0
LINE
8
BLACK
6
CONTINUOUS
10
0.3710955905511811
20
3.4763779527559056
11
0.370496220472441
21
3.4733646850393698
0
LINE
8
BLACK
6
CONTINUOUS
10
0.370496220472441
20
3.4733646850393698
11
0.3687893307086614
21
3.4708101968503935
0
LINE
8
BLACK
6
CONTINUOUS
10
0.3687893307086614
20
3.4708101968503935
11
0.366234842519685
21
3.469103307086614
0
LINE
8
BLACK
6
CONTINUOUS
10
0.366234842519685
20
3.469103307086614
11
0.3632215748031496
21
3.4685039370078741
0
LINE
8
BLACK
6
CONTINUOUS
10
0.3632215748031496
20
3.4685039370078741
11
0.3474735433070866
21
3.4685039370078741
0
LINE
8
BLACK
6
CONTINUOUS
10
0.3474735433070866
20
3.4685039370078741
11
0.3444602755905511
21
3.469103307086614
0
LINE
8
BLACK
6
CONTINUOUS
10
0.3444602755905511
20
3.469103307086614
11
0.3419057874015748
21
3.4708101968503935
0
LINE
8
BLACK
6
CONTINUOUS
10
0.3419057874015748
20
3.4708101968503935
11
0.3401988976377953
21
3.4733646850393698
0
LINE
8
BLACK
6
CONTINUOUS
10
0.3401988976377953
20
3.4733646850393698
11
0.3395995275590551
21
3.4763779527559056
0
LINE
8
BLACK
6
CONTINUOUS
10
0.3395995275590551
20
3.4763779527559056
11
0.3395995275590551
21
3.5314960629921259
0
LINE
8
BLACK
6
CONTINUOUS
10
0.3395995275590551
20
3.5314960629921259
11
0.3401988976377953
21
3.5345093307086612
0
LINE
8
BLACK
6
CONTINUOUS
10
0.3401988976377953
20
3.5345093307086612
11
0.3419057874015748
21
3.5370638188976375
0
LINE
8
BLACK
6
CONTINUOUS
10
0.3419057874015748
20
3.5370638188976375
11
0.3444602755905511
21
3.5387707086614171
0
LINE
8
BLACK
6
CONTINUOUS
10
0.3444602755905511
20
3.5387707086614171
11
0.3474735433070866
21
3.5393700787401574
0
LINE
8
BLACK
6
CONTINUOUS
10
0.3474735433070866
20
3.5393700787401574
11
0.3632215748031496
21
3.5393700787401574
0
LINE
8
BLACK
6
CONTINUOUS
10
0.3632215748031496
20
3.5393700787401574
11
0.366234842519685
21
3.5387707086614171
0
LINE
8
BLACK
6
CONTINUOUS
10
0.4095419291338583
20
3.5387707086614171
11
0.4120964173228346
21
3.5370638188976375
0
LINE
8
BLACK
6
CONTINUOUS
10
0.4120964173228346
20
3.5370638188976375
11
0.4138033070866142
21
3.5345093307086612
0
LINE
8
BLACK
6
CONTINUOUS
10
0.4138033070866142
20
3.5345093307086612
11
0.4144026771653543
21
3.5314960629921259
0
LINE
8
BLACK
6
CONTINUOUS
10
0.4144026771653543
20
3.5314960629921259
11
0.4144026771653543
21
3.4763779527559056
0
LINE
8
BLACK
6
CONTINUOUS
10
0.4144026771653543
20
3.4763779527559056
11
0.4138033070866142
21
3.4733646850393698
0
LINE
8
BLACK
6
CONTINUOUS
10
0.4138033070866142
20
3.4733646850393698
11
0.4120964173228346
21
3.4708101968503935
0
LINE
8
BLACK
6
CONTINUOUS
10
0.4120964173228346
20
3.4708101968503935
11
0.4095419291338583
21
3.469103307086614
0
LINE
8
BLACK
6
CONTINUOUS
10
0.4095419291338583
20
3.469103307086614
11
0.4065286614173228
21
3.4685039370078741
0
LINE
8
BLACK
6
CONTINUOUS
10
0.4065286614173228
20
3.4685039370078741
11
0.3907806299212598
21
3.4685039370078741
0
LINE
8
BLACK
6
CONTINUOUS
10
0.3907806299212598
20
3.4685039370078741
11
0.3877673622047244
21
3.469103307086614
0
LINE
8
BLACK
6
CONTINUOUS
10
0.3877673622047244
20
3.469103307086614
11
0.385212874015748
21
3.4708101968503935
0
LINE
8
BLACK
6
CONTINUOUS
10
0.385212874015748
20
3.4708101968503935
11
0.3835059842519685
21
3.4733646850393698
0
LINE
8
BLACK
6
CONTINUOUS
10
0.3835059842519685
20
3.4733646850393698
11
0.3829066141732284
21
3.4763779527559056
0
LINE
8
BLACK
6
CONTINUOUS
10
0.3829066141732284
20
3.4763779527559056
11
0.3829066141732284
21
3.5314960629921259
0
LINE
8
BLACK
6
CONTINUOUS
10
0.3829066141732284
20
3.5314960629921259
11
0.3835059842519685
21
3.5345093307086612
0
LINE
8
BLACK
6
CONTINUOUS
10
0.3835059842519685
20
3.5345093307086612
11
0.385212874015748
21
3.5370638188976375
0
LINE
8
BLACK
6
CONTINUOUS
10
0.385212874015748
20
3.5370638188976375
11
0.3877673622047244
21
3.5387707086614171
0
LINE
8
BLACK
6
CONTINUOUS
10
0.3877673622047244
20
3.5387707086614171
11
0.3907806299212598
21
3.5393700787401574
0
LINE
8
BLACK
6
CONTINUOUS
10
0.3907806299212598
20
3.5393700787401574
11
0.4065286614173228
21
3.5393700787401574
0
LINE
8
BLACK
6
CONTINUOUS
10
0.4065286614173228
20
3.5393700787401574
11
0.4095419291338583
21
3.5387707086614171
0
LINE
8
BLACK
6
CONTINUOUS
10
0.4528490157480315
20
3.5387707086614171
11
0.4554035039370078
21
3.5370638188976375
0
LINE
8
BLACK
6
CONTINUOUS
10
0.4554035039370078
20
3.5370638188976375
11
0.4571103937007874
21
3.5345093307086612
0
LINE
8
BLACK
6
CONTINUOUS
10
0.4571103937007874
20
3.5345093307086612
11
0.4577097637795275
21
3.5314960629921259
0
LINE
8
BLACK
6
CONTINUOUS
10
0.4577097637795275
20
3.5314960629921259
11
0.4577097637795275
21
3.4763779527559056
0
LINE
8
BLACK
6
CONTINUOUS
10
0.4577097637795275
20
3.4763779527559056
11
0.4571103937007874
21
3.4733646850393698
0
LINE
8
BLACK
6
CONTINUOUS
10
0.4571103937007874
20
3.4733646850393698
11
0.4554035039370078
21
3.4708101968503935
0
LINE
8
BLACK
6
CONTINUOUS
10
0.4554035039370078
20
3.4708101968503935
11
0.4528490157480315
21
3.469103307086614
0
LINE
8
BLACK
6
CONTINUOUS
10
0.4528490157480315
20
3.469103307086614
11
0.4498357480314961
21
3.4685039370078741
0
LINE
8
BLACK
6
CONTINUOUS
10
0.4498357480314961
20
3.4685039370078741
11
0.434087716535433
21
3.4685039370078741
0
LINE
8
BLACK
6
CONTINUOUS
10
0.434087716535433
20
3.4685039370078741
11
0.4310744488188976
21
3.469103307086614
0
LINE
8
BLACK
6
CONTINUOUS
10
0.4310744488188976
20
3.469103307086614
11
0.4285199606299213
21
3.4708101968503935
0
LINE
8
BLACK
6
CONTINUOUS
10
0.4285199606299213
20
3.4708101968503935
11
0.4268130708661417
21
3.4733646850393698
0
LINE
8
BLACK
6
CONTINUOUS
10
0.4268130708661417
20
3.4733646850393698
11
0.4262137007874016
21
3.4763779527559056
0
LINE
8
BLACK
6
CONTINUOUS
10
0.4262137007874016
20
3.4763779527559056
11
0.4262137007874016
21
3.5314960629921259
0
LINE
8
BLACK
6
CONTINUOUS
10
0.4262137007874016
20
3.5314960629921259
11
0.4268130708661417
21
3.5345093307086612
0
LINE
8
BLACK
6
CONTINUOUS
10
0.4268130708661417
20
3.5345093307086612
11
0.4285199606299213
21
3.5370638188976375
0
LINE
8
BLACK
6
CONTINUOUS
10
0.4285199606299213
20
3.5370638188976375
11
0.4310744488188976
21
3.5387707086614171
0
LINE
8
BLACK
6
CONTINUOUS
10
0.4310744488188976
20
3.5387707086614171
11
0.434087716535433
21
3.5393700787401574
0
LINE
8
BLACK
6
CONTINUOUS
10
0.434087716535433
20
3.5393700787401574
11
0.4498357480314961
21
3.5393700787401574
0
LINE
8
BLACK
6
CONTINUOUS
10
0.4498357480314961
20
3.5393700787401574
11
0.4528490157480315
21
3.5387707086614171
0
LINE
8
BLACK
6
CONTINUOUS
10
0.5709592519685039
20
3.5387707086614171
11
0.5735137401574804
21
3.5370638188976375
0
LINE
8
BLACK
6
CONTINUOUS
10
0.5735137401574804
20
3.5370638188976375
11
0.5752206299212598
21
3.5345093307086612
0
LINE
8
BLACK
6
CONTINUOUS
10
0.5752206299212598
20
3.5345093307086612
11
0.57582
21
3.5314960629921259
0
LINE
8
BLACK
6
CONTINUOUS
10
0.57582
20
3.5314960629921259
11
0.57582
21
3.4763779527559056
0
LINE
8
BLACK
6
CONTINUOUS
10
0.57582
20
3.4763779527559056
11
0.5752206299212598
21
3.4733646850393698
0
LINE
8
BLACK
6
CONTINUOUS
10
0.5752206299212598
20
3.4733646850393698
11
0.5735137401574804
21
3.4708101968503935
0
LINE
8
BLACK
6
CONTINUOUS
10
0.5735137401574804
20
3.4708101968503935
11
0.5709592519685039
21
3.469103307086614
0
LINE
8
BLACK
6
CONTINUOUS
10
0.5709592519685039
20
3.469103307086614
11
0.5679459842519685
21
3.4685039370078741
0
LINE
8
BLACK
6
CONTINUOUS
10
0.5679459842519685
20
3.4685039370078741
11
0.5521979527559056
21
3.4685039370078741
0
LINE
8
BLACK
6
CONTINUOUS
10
0.5521979527559056
20
3.4685039370078741
11
0.54918468503937
21
3.469103307086614
0
LINE
8
BLACK
6
CONTINUOUS
10
0.54918468503937
20
3.469103307086614
11
0.5466301968503937
21
3.4708101968503935
0
LINE
8
BLACK
6
CONTINUOUS
10
0.5466301968503937
20
3.4708101968503935
11
0.5449233070866142
21
3.4733646850393698
0
LINE
8
BLACK
6
CONTINUOUS
10
0.5449233070866142
20
3.4733646850393698
11
0.544323937007874
21
3.4763779527559056
0
LINE
8
BLACK
6
CONTINUOUS
10
0.544323937007874
20
3.4763779527559056
11
0.544323937007874
21
3.5314960629921259
0
LINE
8
BLACK
6
CONTINUOUS
10
0.544323937007874
20
3.5314960629921259
11
0.5449233070866142
21
3.5345093307086612
0
LINE
8
BLACK
6
CONTINUOUS
10
0.5449233070866142
20
3.5345093307086612
11
0.5466301968503937
21
3.5370638188976375
0
LINE
8
BLACK
6
CONTINUOUS
10
0.5466301968503937
20
3.5370638188976375
11
0.54918468503937
21
3.5387707086614171
0
LINE
8
BLACK
6
CONTINUOUS
10
0.54918468503937
20
3.5387707086614171
11
0.5521979527559056
21
3.5393700787401574
0
LINE
8
BLACK
6
CONTINUOUS
10
0.5521979527559056
20
3.5393700787401574
11
0.5679459842519685
21
3.5393700787401574
0
LINE
8
BLACK
6
CONTINUOUS
10
0.5679459842519685
20
3.5393700787401574
11
0.5709592519685039
21
3.5387707086614171
0
LINE
8
BLACK
6
CONTINUOUS
10
0.6142663385826771
20
3.5387707086614171
11
0.6168208267716535
21
3.5370638188976375
0
LINE
8
BLACK
6
CONTINUOUS
10
0.6168208267716535
20
3.5370638188976375
11
0.618527716535433
21
3.5345093307086612
0
LINE
8
BLACK
6
CONTINUOUS
10
0.618527716535433
20
3.5345093307086612
11
0.6191270866141733
21
3.5314960629921259
0
LINE
8
BLACK
6
CONTINUOUS
10
0.6191270866141733
20
3.5314960629921259
11
0.6191270866141733
21
3.4763779527559056
0
LINE
8
BLACK
6
CONTINUOUS
10
0.6191270866141733
20
3.4763779527559056
11
0.618527716535433
21
3.4733646850393698
0
LINE
8
BLACK
6
CONTINUOUS
10
0.618527716535433
20
3.4733646850393698
11
0.6168208267716535
21
3.4708101968503935
0
LINE
8
BLACK
6
CONTINUOUS
10
0.6168208267716535
20
3.4708101968503935
11
0.6142663385826771
21
3.469103307086614
0
LINE
8
BLACK
6
CONTINUOUS
10
0.6142663385826771
20
3.469103307086614
11
0.6112530708661417
21
3.4685039370078741
0
LINE
8
BLACK
6
CONTINUOUS
10
0.6112530708661417
20
3.4685039370078741
11
0.5955050393700787
21
3.4685039370078741
0
LINE
8
BLACK
6
CONTINUOUS
10
0.5955050393700787
20
3.4685039370078741
11
0.5924917716535433
21
3.469103307086614
0
LINE
8
BLACK
6
CONTINUOUS
10
0.5924917716535433
20
3.469103307086614
11
0.5899372834645669
21
3.4708101968503935
0
LINE
8
BLACK
6
CONTINUOUS
10
0.5899372834645669
20
3.4708101968503935
11
0.5882303937007873
21
3.4733646850393698
0
LINE
8
BLACK
6
CONTINUOUS
10
0.5882303937007873
20
3.4733646850393698
11
0.5876310236220472
21
3.4763779527559056
0
LINE
8
BLACK
6
CONTINUOUS
10
0.5876310236220472
20
3.4763779527559056
11
0.5876310236220472
21
3.5314960629921259
0
LINE
8
BLACK
6
CONTINUOUS
10
0.5876310236220472
20
3.5314960629921259
11
0.5882303937007873
21
3.5345093307086612
0
LINE
8
BLACK
6
CONTINUOUS
10
0.5882303937007873
20
3.5345093307086612
11
0.5899372834645669
21
3.5370638188976375
0
LINE
8
BLACK
6
CONTINUOUS
10
0.5899372834645669
20
3.5370638188976375
11
0.5924917716535433
21
3.5387707086614171
0
LINE
8
BLACK
6
CONTINUOUS
10
0.5924917716535433
20
3.5387707086614171
11
0.5955050393700787
21
3.5393700787401574
0
LINE
8
BLACK
6
CONTINUOUS
10
0.5955050393700787
20
3.5393700787401574
11
0.6112530708661417
21
3.5393700787401574
0
LINE
8
BLACK
6
CONTINUOUS
10
0.6112530708661417
20
3.5393700787401574
11
0.6142663385826771
21
3.5387707086614171
0
LINE
8
BLACK
6
CONTINUOUS
10
0.6575734251968504
20
3.5387707086614171
11
0.6601279133858268
21
3.5370638188976375
0
LINE
8
BLACK
6
CONTINUOUS
10
0.6601279133858268
20
3.5370638188976375
11
0.6618348031496063
21
3.5345093307086612
0
LINE
8
BLACK
6
CONTINUOUS
10
0.6618348031496063
20
3.5345093307086612
11
0.6624341732283464
21
3.5314960629921259
0
LINE
8
BLACK
6
CONTINUOUS
10
0.6624341732283464
20
3.5314960629921259
11
0.6624341732283464
21
3.4763779527559056
0
LINE
8
BLACK
6
CONTINUOUS
10
0.6624341732283464
20
3.4763779527559056
11
0.6618348031496063
21
3.4733646850393698
0
LINE
8
BLACK
6
CONTINUOUS
10
0.6618348031496063
20
3.4733646850393698
11
0.6601279133858268
21
3.4708101968503935
0
LINE
8
BLACK
6
CONTINUOUS
10
0.6601279133858268
20
3.4708101968503935
11
0.6575734251968504
21
3.469103307086614
0
LINE
8
BLACK
6
CONTINUOUS
10
0.6575734251968504
20
3.469103307086614
11
0.6545601574803149
21
3.4685039370078741
0
LINE
8
BLACK
6
CONTINUOUS
10
0.6545601574803149
20
3.4685039370078741
11
0.638812125984252
21
3.4685039370078741
0
LINE
8
BLACK
6
CONTINUOUS
10
0.638812125984252
20
3.4685039370078741
11
0.6357988582677165
21
3.469103307086614
0
LINE
8
BLACK
6
CONTINUOUS
10
0.6357988582677165
20
3.469103307086614
11
0.6332443700787401
21
3.4708101968503935
0
LINE
8
BLACK
6
CONTINUOUS
10
0.6332443700787401
20
3.4708101968503935
11
0.6315374803149606
21
3.4733646850393698
0
LINE
8
BLACK
6
CONTINUOUS
10
0.6315374803149606
20
3.4733646850393698
11
0.6309381102362205
21
3.4763779527559056
0
LINE
8
BLACK
6
CONTINUOUS
10
0.6309381102362205
20
3.4763779527559056
11
0.6309381102362205
21
3.5314960629921259
0
LINE
8
BLACK
6
CONTINUOUS
10
0.6309381102362205
20
3.5314960629921259
11
0.6315374803149606
21
3.5345093307086612
0
LINE
8
BLACK
6
CONTINUOUS
10
0.6315374803149606
20
3.5345093307086612
11
0.6332443700787401
21
3.5370638188976375
0
LINE
8
BLACK
6
CONTINUOUS
10
0.6332443700787401
20
3.5370638188976375
11
0.6357988582677165
21
3.5387707086614171
0
LINE
8
BLACK
6
CONTINUOUS
10
0.6357988582677165
20
3.5387707086614171
11
0.638812125984252
21
3.5393700787401574
0
LINE
8
BLACK
6
CONTINUOUS
10
0.638812125984252
20
3.5393700787401574
11
0.6545601574803149
21
3.5393700787401574
0
LINE
8
BLACK
6
CONTINUOUS
10
0.6545601574803149
20
3.5393700787401574
11
0.6575734251968504
21
3.5387707086614171
0
LINE
8
BLACK
6
CONTINUOUS
10
0.7008805118110236
20
3.5387707086614171
11
0.703435
21
3.5370638188976375
0
LINE
8
BLACK
6
CONTINUOUS
10
0.703435
20
3.5370638188976375
11
0.7051418897637796
21
3.5345093307086612
0
LINE
8
BLACK
6
CONTINUOUS
10
0.7051418897637796
20
3.5345093307086612
11
0.7057412598425197
21
3.5314960629921259
0
LINE
8
BLACK
6
CONTINUOUS
10
0.7057412598425197
20
3.5314960629921259
11
0.7057412598425197
21
3.4763779527559056
0
LINE
8
BLACK
6
CONTINUOUS
10
0.7057412598425197
20
3.4763779527559056
11
0.7051418897637796
21
3.4733646850393698
0
LINE
8
BLACK
6
CONTINUOUS
10
0.7051418897637796
20
3.4733646850393698
11
0.703435
21
3.4708101968503935
0
LINE
8
BLACK
6
CONTINUOUS
10
0.703435
20
3.4708101968503935
11
0.7008805118110236
21
3.469103307086614
0
LINE
8
BLACK
6
CONTINUOUS
10
0.7008805118110236
20
3.469103307086614
11
0.6978672440944882
21
3.4685039370078741
0
LINE
8
BLACK
6
CONTINUOUS
10
0.6978672440944882
20
3.4685039370078741
11
0.6821192125984252
21
3.4685039370078741
0
LINE
8
BLACK
6
CONTINUOUS
10
0.6821192125984252
20
3.4685039370078741
11
0.6791059448818898
21
3.469103307086614
0
LINE
8
BLACK
6
CONTINUOUS
10
0.6791059448818898
20
3.469103307086614
11
0.6765514566929134
21
3.4708101968503935
0
LINE
8
BLACK
6
CONTINUOUS
10
0.6765514566929134
20
3.4708101968503935
11
0.6748445669291339
21
3.4733646850393698
0
LINE
8
BLACK
6
CONTINUOUS
10
0.6748445669291339
20
3.4733646850393698
11
0.6742451968503936
21
3.4763779527559056
0
LINE
8
BLACK
6
CONTINUOUS
10
0.6742451968503936
20
3.4763779527559056
11
0.6742451968503936
21
3.5314960629921259
0
LINE
8
BLACK
6
CONTINUOUS
10
0.6742451968503936
20
3.5314960629921259
11
0.6748445669291339
21
3.5345093307086612
0
LINE
8
BLACK
6
CONTINUOUS
10
0.6748445669291339
20
3.5345093307086612
11
0.6765514566929134
21
3.5370638188976375
0
LINE
8
BLACK
6
CONTINUOUS
10
0.6765514566929134
20
3.5370638188976375
11
0.6791059448818898
21
3.5387707086614171
0
LINE
8
BLACK
6
CONTINUOUS
10
0.6791059448818898
20
3.5387707086614171
11
0.6821192125984252
21
3.5393700787401574
0
LINE
8
BLACK
6
CONTINUOUS
10
0.6821192125984252
20
3.5393700787401574
11
0.6978672440944882
21
3.5393700787401574
0
LINE
8
BLACK
6
CONTINUOUS
10
0.6978672440944882
20
3.5393700787401574
11
0.7008805118110236
21
3.5387707086614171
0
LINE
8
BLACK
6
CONTINUOUS
10
0.7441875984251969
20
3.5387707086614171
11
0.7467420866141732
21
3.5370638188976375
0
LINE
8
BLACK
6
CONTINUOUS
10
0.7467420866141732
20
3.5370638188976375
11
0.7484489763779527
21
3.5345093307086612
0
LINE
8
BLACK
6
CONTINUOUS
10
0.7484489763779527
20
3.5345093307086612
11
0.7490483464566929
21
3.5314960629921259
0
LINE
8
BLACK
6
CONTINUOUS
10
0.7490483464566929
20
3.5314960629921259
11
0.7490483464566929
21
3.4763779527559056
0
LINE
8
BLACK
6
CONTINUOUS
10
0.7490483464566929
20
3.4763779527559056
11
0.7484489763779527
21
3.4733646850393698
0
LINE
8
BLACK
6
CONTINUOUS
10
0.7484489763779527
20
3.4733646850393698
11
0.7467420866141732
21
3.4708101968503935
0
LINE
8
BLACK
6
CONTINUOUS
10
0.7467420866141732
20
3.4708101968503935
11
0.7441875984251969
21
3.469103307086614
0
LINE
8
BLACK
6
CONTINUOUS
10
0.7441875984251969
20
3.469103307086614
11
0.7411743307086615
21
3.4685039370078741
0
LINE
8
BLACK
6
CONTINUOUS
10
0.7411743307086615
20
3.4685039370078741
11
0.7254262992125984
21
3.4685039370078741
0
LINE
8
BLACK
6
CONTINUOUS
10
0.7254262992125984
20
3.4685039370078741
11
0.722413031496063
21
3.469103307086614
0
LINE
8
BLACK
6
CONTINUOUS
10
0.722413031496063
20
3.469103307086614
11
0.7198585433070867
21
3.4708101968503935
0
LINE
8
BLACK
6
CONTINUOUS
10
0.7198585433070867
20
3.4708101968503935
11
0.7181516535433071
21
3.4733646850393698
0
LINE
8
BLACK
6
CONTINUOUS
10
0.7181516535433071
20
3.4733646850393698
11
0.7175522834645669
21
3.4763779527559056
0
LINE
8
BLACK
6
CONTINUOUS
10
0.7175522834645669
20
3.4763779527559056
11
0.7175522834645669
21
3.5314960629921259
0
LINE
8
BLACK
6
CONTINUOUS
10
0.7175522834645669
20
3.5314960629921259
11
0.7181516535433071
21
3.5345093307086612
0
LINE
8
BLACK
6
CONTINUOUS
10
0.7181516535433071
20
3.5345093307086612
11
0.7198585433070867
21
3.5370638188976375
0
LINE
8
BLACK
6
CONTINUOUS
10
0.7198585433070867
20
3.5370638188976375
11
0.722413031496063
21
3.5387707086614171
0
LINE
8
BLACK
6
CONTINUOUS
10
0.722413031496063
20
3.5387707086614171
11
0.7254262992125984
21
3.5393700787401574
0
LINE
8
BLACK
6
CONTINUOUS
10
0.7254262992125984
20
3.5393700787401574
11
0.7411743307086615
21
3.5393700787401574
0
LINE
8
BLACK
6
CONTINUOUS
10
0.7411743307086615
20
3.5393700787401574
11
0.7441875984251969
21
3.5387707086614171
0
LINE
8
BLACK
6
CONTINUOUS
10
0.78749468503937
20
3.5387707086614171
11
0.7900491732283464
21
3.5370638188976375
0
LINE
8
BLACK
6
CONTINUOUS
10
0.7900491732283464
20
3.5370638188976375
11
0.791756062992126
21
3.5345093307086612
0
LINE
8
BLACK
6
CONTINUOUS
10
0.791756062992126
20
3.5345093307086612
11
0.7923554330708661
21
3.5314960629921259
0
LINE
8
BLACK
6
CONTINUOUS
10
0.7923554330708661
20
3.5314960629921259
11
0.7923554330708661
21
3.4763779527559056
0
LINE
8
BLACK
6
CONTINUOUS
10
0.7923554330708661
20
3.4763779527559056
11
0.791756062992126
21
3.4733646850393698
0
LINE
8
BLACK
6
CONTINUOUS
10
0.791756062992126
20
3.4733646850393698
11
0.7900491732283464
21
3.4708101968503935
0
LINE
8
BLACK
6
CONTINUOUS
10
0.7900491732283464
20
3.4708101968503935
11
0.78749468503937
21
3.469103307086614
0
LINE
8
BLACK
6
CONTINUOUS
10
0.78749468503937
20
3.469103307086614
11
0.7844814173228346
21
3.4685039370078741
0
LINE
8
BLACK
6
CONTINUOUS
10
0.7844814173228346
20
3.4685039370078741
11
0.7687333858267716
21
3.4685039370078741
0
LINE
8
BLACK
6
CONTINUOUS
10
0.7687333858267716
20
3.4685039370078741
11
0.7657201181102362
21
3.469103307086614
0
LINE
8
BLACK
6
CONTINUOUS
10
0.7657201181102362
20
3.469103307086614
11
0.7631656299212598
21
3.4708101968503935
0
LINE
8
BLACK
6
CONTINUOUS
10
0.7631656299212598
20
3.4708101968503935
11
0.7614587401574803
21
3.4733646850393698
0
LINE
8
BLACK
6
CONTINUOUS
10
0.7614587401574803
20
3.4733646850393698
11
0.7608593700787402
21
3.4763779527559056
0
LINE
8
BLACK
6
CONTINUOUS
10
0.7608593700787402
20
3.4763779527559056
11
0.7608593700787402
21
3.5314960629921259
0
LINE
8
BLACK
6
CONTINUOUS
10
0.7608593700787402
20
3.5314960629921259
11
0.7614587401574803
21
3.5345093307086612
0
LINE
8
BLACK
6
CONTINUOUS
10
0.7614587401574803
20
3.5345093307086612
11
0.7631656299212598
21
3.5370638188976375
0
LINE
8
BLACK
6
CONTINUOUS
10
0.7631656299212598
20
3.5370638188976375
11
0.7657201181102362
21
3.5387707086614171
0
LINE
8
BLACK
6
CONTINUOUS
10
0.7657201181102362
20
3.5387707086614171
11
0.7687333858267716
21
3.5393700787401574
0
LINE
8
BLACK
6
CONTINUOUS
10
0.7687333858267716
20
3.5393700787401574
11
0.7844814173228346
21
3.5393700787401574
0
LINE
8
BLACK
6
CONTINUOUS
10
0.7844814173228346
20
3.5393700787401574
11
0.78749468503937
21
3.5387707086614171
0
LINE
8
BLACK
6
CONTINUOUS
10
0.8308017716535433
20
3.5387707086614171
11
0.8333562598425197
21
3.5370638188976375
0
LINE
8
BLACK
6
CONTINUOUS
10
0.8333562598425197
20
3.5370638188976375
11
0.8350631496062992
21
3.5345093307086612
0
LINE
8
BLACK
6
CONTINUOUS
10
0.8350631496062992
20
3.5345093307086612
11
0.8356625196850394
21
3.5314960629921259
0
LINE
8
BLACK
6
CONTINUOUS
10
0.8356625196850394
20
3.5314960629921259
11
0.8356625196850394
21
3.4763779527559056
0
LINE
8
BLACK
6
CONTINUOUS
10
0.8356625196850394
20
3.4763779527559056
11
0.8350631496062992
21
3.4733646850393698
0
LINE
8
BLACK
6
CONTINUOUS
10
0.8350631496062992
20
3.4733646850393698
11
0.8333562598425197
21
3.4708101968503935
0
LINE
8
BLACK
6
CONTINUOUS
10
0.8333562598425197
20
3.4708101968503935
11
0.8308017716535433
21
3.469103307086614
0
LINE
8
BLACK
6
CONTINUOUS
10
0.8308017716535433
20
3.469103307086614
11
0.8277885039370079
21
3.4685039370078741
0
LINE
8
BLACK
6
CONTINUOUS
10
0.8277885039370079
20
3.4685039370078741
11
0.8120404724409449
21
3.4685039370078741
0
LINE
8
BLACK
6
CONTINUOUS
10
0.8120404724409449
20
3.4685039370078741
11
0.8090272047244095
21
3.469103307086614
0
LINE
8
BLACK
6
CONTINUOUS
10
0.8090272047244095
20
3.469103307086614
11
0.8064727165354331
21
3.4708101968503935
0
LINE
8
BLACK
6
CONTINUOUS
10
0.8064727165354331
20
3.4708101968503935
11
0.8047658267716535
21
3.4733646850393698
0
LINE
8
BLACK
6
CONTINUOUS
10
0.8047658267716535
20
3.4733646850393698
11
0.8041664566929134
21
3.4763779527559056
0
LINE
8
BLACK
6
CONTINUOUS
10
0.8041664566929134
20
3.4763779527559056
11
0.8041664566929134
21
3.5314960629921259
0
LINE
8
BLACK
6
CONTINUOUS
10
0.8041664566929134
20
3.5314960629921259
11
0.8047658267716535
21
3.5345093307086612
0
LINE
8
BLACK
6
CONTINUOUS
10
0.8047658267716535
20
3.5345093307086612
11
0.8064727165354331
21
3.5370638188976375
0
LINE
8
BLACK
6
CONTINUOUS
10
0.8064727165354331
20
3.5370638188976375
11
0.8090272047244095
21
3.5387707086614171
0
LINE
8
BLACK
6
CONTINUOUS
10
0.8090272047244095
20
3.5387707086614171
11
0.8120404724409449
21
3.5393700787401574
0
LINE
8
BLACK
6
CONTINUOUS
10
0.8120404724409449
20
3.5393700787401574
11
0.8277885039370079
21
3.5393700787401574
0
LINE
8
BLACK
6
CONTINUOUS
10
0.8277885039370079
20
3.5393700787401574
11
0.8308017716535433
21
3.5387707086614171
0
LINE
8
BLACK
6
CONTINUOUS
10
0.932933031496063
20
3.5072232283464566
11
0.9361261811023622
21
3.5050896456692913
0
LINE
8
BLACK
6
CONTINUOUS
10
0.9361261811023622
20
3.5050896456692913
11
0.9382597637795276
21
3.5018964960629919
0
LINE
8
BLACK
6
CONTINUOUS
10
0.9382597637795276
20
3.5018964960629919
11
0.9390089763779528
21
3.4981299212598422
0
LINE
8
BLACK
6
CONTINUOUS
10
0.9390089763779528
20
3.4981299212598422
11
0.9390089763779528
21
3.4784448818897635
0
LINE
8
BLACK
6
CONTINUOUS
10
0.9390089763779528
20
3.4784448818897635
11
0.9382597637795276
21
3.4746783070866143
0
LINE
8
BLACK
6
CONTINUOUS
10
0.9382597637795276
20
3.4746783070866143
11
0.9361261811023622
21
3.4714851574803149
0
LINE
8
BLACK
6
CONTINUOUS
10
0.9361261811023622
20
3.4714851574803149
11
0.932933031496063
21
3.4693515748031496
0
LINE
8
BLACK
6
CONTINUOUS
10
0.932933031496063
20
3.4693515748031496
11
0.9291664566929133
21
3.4686023622047242
0
LINE
8
BLACK
6
CONTINUOUS
10
0.9291664566929133
20
3.4686023622047242
11
0.8917648818897638
21
3.4686023622047242
0
LINE
8
BLACK
6
CONTINUOUS
10
0.8917648818897638
20
3.4686023622047242
11
0.8879983070866142
21
3.4693515748031496
0
LINE
8
BLACK
6
CONTINUOUS
10
0.8879983070866142
20
3.4693515748031496
11
0.884805157480315
21
3.4714851574803149
0
LINE
8
BLACK
6
CONTINUOUS
10
0.884805157480315
20
3.4714851574803149
11
0.8826715748031496
21
3.4746783070866143
0
LINE
8
BLACK
6
CONTINUOUS
10
0.8826715748031496
20
3.4746783070866143
11
0.8819223622047244
21
3.4784448818897635
0
LINE
8
BLACK
6
CONTINUOUS
10
0.8819223622047244
20
3.4784448818897635
11
0.8819223622047244
21
3.4981299212598422
0
LINE
8
BLACK
6
CONTINUOUS
10
0.8819223622047244
20
3.4981299212598422
11
0.8826715748031496
21
3.5018964960629919
0
LINE
8
BLACK
6
CONTINUOUS
10
0.8826715748031496
20
3.5018964960629919
11
0.884805157480315
21
3.5050896456692913
0
LINE
8
BLACK
6
CONTINUOUS
10
0.884805157480315
20
3.5050896456692913
11
0.8879983070866142
21
3.5072232283464566
0
LINE
8
BLACK
6
CONTINUOUS
10
0.8879983070866142
20
3.5072232283464566
11
0.8917648818897638
21
3.507972440944882
0
LINE
8
BLACK
6
CONTINUOUS
10
0.8917648818897638
20
3.507972440944882
11
0.9291664566929133
21
3.507972440944882
0
LINE
8
BLACK
6
CONTINUOUS
10
0.9291664566929133
20
3.507972440944882
11
0.932933031496063
21
3.5072232283464566
0
LINE
8
BLACK
6
CONTINUOUS
10
1.2586220078740158
20
3.5733649606299211
11
1.2618151574803149
21
3.5712313779527558
0
LINE
8
BLACK
6
CONTINUOUS
10
1.2618151574803149
20
3.5712313779527558
11
1.2639487401574803
21
3.5680382283464565
0
LINE
8
BLACK
6
CONTINUOUS
10
1.2639487401574803
20
3.5680382283464565
11
1.2646979527559055
21
3.5642716535433072
0
LINE
8
BLACK
6
CONTINUOUS
10
1.2646979527559055
20
3.5642716535433072
11
1.2646979527559055
21
3.5268700787401572
0
LINE
8
BLACK
6
CONTINUOUS
10
1.2646979527559055
20
3.5268700787401572
11
1.2639487401574803
21
3.523103503937008
0
LINE
8
BLACK
6
CONTINUOUS
10
1.2639487401574803
20
3.523103503937008
11
1.2618151574803149
21
3.5199103543307086
0
LINE
8
BLACK
6
CONTINUOUS
10
1.2618151574803149
20
3.5199103543307086
11
1.2586220078740158
21
3.5177767716535433
0
LINE
8
BLACK
6
CONTINUOUS
10
1.2586220078740158
20
3.5177767716535433
11
1.2548554330708661
21
3.5170275590551179
0
LINE
8
BLACK
6
CONTINUOUS
10
1.2548554330708661
20
3.5170275590551179
11
1.2351703937007874
21
3.5170275590551179
0
LINE
8
BLACK
6
CONTINUOUS
10
1.2351703937007874
20
3.5170275590551179
11
1.2314038188976377
21
3.5177767716535433
0
LINE
8
BLACK
6
CONTINUOUS
10
1.2314038188976377
20
3.5177767716535433
11
1.2282106692913386
21
3.5199103543307086
0
LINE
8
BLACK
6
CONTINUOUS
10
1.2282106692913386
20
3.5199103543307086
11
1.2260770866141733
21
3.523103503937008
0
LINE
8
BLACK
6
CONTINUOUS
10
1.2260770866141733
20
3.523103503937008
11
1.2253278740157481
21
3.5268700787401572
0
LINE
8
BLACK
6
CONTINUOUS
10
1.2253278740157481
20
3.5268700787401572
11
1.2253278740157481
21
3.5642716535433072
0
LINE
8
BLACK
6
CONTINUOUS
10
1.2253278740157481
20
3.5642716535433072
11
1.2260770866141733
21
3.5680382283464565
0
LINE
8
BLACK
6
CONTINUOUS
10
1.2260770866141733
20
3.5680382283464565
11
1.2282106692913386
21
3.5712313779527558
0
LINE
8
BLACK
6
CONTINUOUS
10
1.2282106692913386
20
3.5712313779527558
11
1.2314038188976377
21
3.5733649606299211
0
LINE
8
BLACK
6
CONTINUOUS
10
1.2314038188976377
20
3.5733649606299211
11
1.2351703937007874
21
3.5741141732283466
0
LINE
8
BLACK
6
CONTINUOUS
10
1.2351703937007874
20
3.5741141732283466
11
1.2548554330708661
21
3.5741141732283466
0
LINE
8
BLACK
6
CONTINUOUS
10
1.2548554330708661
20
3.5741141732283466
11
1.2586220078740158
21
3.5733649606299211
0
LINE
8
BLACK
6
CONTINUOUS
10
1.3334251574803149
20
3.5733649606299211
11
1.3366183070866142
21
3.5712313779527558
0
LINE
8
BLACK
6
CONTINUOUS
10
1.3366183070866142
20
3.5712313779527558
11
1.3387518897637796
21
3.5680382283464565
0
LINE
8
BLACK
6
CONTINUOUS
10
1.3387518897637796
20
3.5680382283464565
11
1.3395011023622048
21
3.5642716535433072
0
LINE
8
BLACK
6
CONTINUOUS
10
1.3395011023622048
20
3.5642716535433072
11
1.3395011023622048
21
3.5268700787401572
0
LINE
8
BLACK
6
CONTINUOUS
10
1.3395011023622048
20
3.5268700787401572
11
1.3387518897637796
21
3.523103503937008
0
LINE
8
BLACK
6
CONTINUOUS
10
1.3387518897637796
20
3.523103503937008
11
1.3366183070866142
21
3.5199103543307086
0
LINE
8
BLACK
6
CONTINUOUS
10
1.3366183070866142
20
3.5199103543307086
11
1.3334251574803149
21
3.5177767716535433
0
LINE
8
BLACK
6
CONTINUOUS
10
1.3334251574803149
20
3.5177767716535433
11
1.3296585826771654
21
3.5170275590551179
0
LINE
8
BLACK
6
CONTINUOUS
10
1.3296585826771654
20
3.5170275590551179
11
1.3099735433070865
21
3.5170275590551179
0
LINE
8
BLACK
6
CONTINUOUS
10
1.3099735433070865
20
3.5170275590551179
11
1.306206968503937
21
3.5177767716535433
0
LINE
8
BLACK
6
CONTINUOUS
10
1.306206968503937
20
3.5177767716535433
11
1.3030138188976377
21
3.5199103543307086
0
LINE
8
BLACK
6
CONTINUOUS
10
1.3030138188976377
20
3.5199103543307086
11
1.3008802362204723
21
3.523103503937008
0
LINE
8
BLACK
6
CONTINUOUS
10
1.3008802362204723
20
3.523103503937008
11
1.3001310236220471
21
3.5268700787401572
0
LINE
8
BLACK
6
CONTINUOUS
10
1.3001310236220471
20
3.5268700787401572
11
1.3001310236220471
21
3.5642716535433072
0
LINE
8
BLACK
6
CONTINUOUS
10
1.3001310236220471
20
3.5642716535433072
11
1.3008802362204723
21
3.5680382283464565
0
LINE
8
BLACK
6
CONTINUOUS
10
1.3008802362204723
20
3.5680382283464565
11
1.3030138188976377
21
3.5712313779527558
0
LINE
8
BLACK
6
CONTINUOUS
10
1.3030138188976377
20
3.5712313779527558
11
1.306206968503937
21
3.5733649606299211
0
LINE
8
BLACK
6
CONTINUOUS
10
1.306206968503937
20
3.5733649606299211
11
1.3099735433070865
21
3.5741141732283466
0
LINE
8
BLACK
6
CONTINUOUS
10
1.3099735433070865
20
3.5741141732283466
11
1.3296585826771654
21
3.5741141732283466
0
LINE
8
BLACK
6
CONTINUOUS
10
1.3296585826771654
20
3.5741141732283466
11
1.3334251574803149
21
3.5733649606299211
0
LINE
8
BLACK
6
CONTINUOUS
10
1.1251272440944882
20
3.5736646456692913
11
1.1270431102362204
21
3.5723844881889764
0
LINE
8
BLACK
6
CONTINUOUS
10
1.1270431102362204
20
3.5723844881889764
11
1.1283232677165353
21
3.5704686220472439
0
LINE
8
BLACK
6
CONTINUOUS
10
1.1283232677165353
20
3.5704686220472439
11
1.1287727952755906
21
3.568208661417323
0
LINE
8
BLACK
6
CONTINUOUS
10
1.1287727952755906
20
3.568208661417323
11
1.1287727952755906
21
3.5278543307086614
0
LINE
8
BLACK
6
CONTINUOUS
10
1.1287727952755906
20
3.5278543307086614
11
1.1283232677165353
21
3.52559437007874
0
LINE
8
BLACK
6
CONTINUOUS
10
1.1283232677165353
20
3.52559437007874
11
1.1270431102362204
21
3.523678503937008
0
LINE
8
BLACK
6
CONTINUOUS
10
1.1270431102362204
20
3.523678503937008
11
1.1251272440944882
21
3.522398346456693
0
LINE
8
BLACK
6
CONTINUOUS
10
1.1251272440944882
20
3.522398346456693
11
1.122867283464567
21
3.5219488188976378
0
LINE
8
BLACK
6
CONTINUOUS
10
1.122867283464567
20
3.5219488188976378
11
1.1110562598425198
21
3.5219488188976378
0
LINE
8
BLACK
6
CONTINUOUS
10
1.1110562598425198
20
3.5219488188976378
11
1.1087962992125984
21
3.522398346456693
0
LINE
8
BLACK
6
CONTINUOUS
10
1.1087962992125984
20
3.522398346456693
11
1.1068804330708661
21
3.523678503937008
0
LINE
8
BLACK
6
CONTINUOUS
10
1.1068804330708661
20
3.523678503937008
11
1.1056002755905512
21
3.52559437007874
0
LINE
8
BLACK
6
CONTINUOUS
10
1.1056002755905512
20
3.52559437007874
11
1.1051507480314959
21
3.5278543307086614
0
LINE
8
BLACK
6
CONTINUOUS
10
1.1051507480314959
20
3.5278543307086614
11
1.1051507480314959
21
3.568208661417323
0
LINE
8
BLACK
6
CONTINUOUS
10
1.1051507480314959
20
3.568208661417323
11
1.1056002755905512
21
3.5704686220472439
0
LINE
8
BLACK
6
CONTINUOUS
10
1.1056002755905512
20
3.5704686220472439
11
1.1068804330708661
21
3.5723844881889764
0
LINE
8
BLACK
6
CONTINUOUS
10
1.1068804330708661
20
3.5723844881889764
11
1.1087962992125984
21
3.5736646456692913
0
LINE
8
BLACK
6
CONTINUOUS
10
1.1087962992125984
20
3.5736646456692913
11
1.1110562598425198
21
3.5741141732283466
0
LINE
8
BLACK
6
CONTINUOUS
10
1.1110562598425198
20
3.5741141732283466
11
1.122867283464567
21
3.5741141732283466
0
LINE
8
BLACK
6
CONTINUOUS
10
1.122867283464567
20
3.5741141732283466
11
1.1251272440944882
21
3.5736646456692913
0
LINE
8
BLACK
6
CONTINUOUS
10
1.19993031496063
20
3.5736646456692913
11
1.2018461811023622
21
3.5723844881889764
0
LINE
8
BLACK
6
CONTINUOUS
10
1.2018461811023622
20
3.5723844881889764
11
1.2031263385826771
21
3.5704686220472439
0
LINE
8
BLACK
6
CONTINUOUS
10
1.2031263385826771
20
3.5704686220472439
11
1.2035758661417322
21
3.568208661417323
0
LINE
8
BLACK
6
CONTINUOUS
10
1.2035758661417322
20
3.568208661417323
11
1.2035758661417322
21
3.5278543307086614
0
LINE
8
BLACK
6
CONTINUOUS
10
1.2035758661417322
20
3.5278543307086614
11
1.2031263385826771
21
3.52559437007874
0
LINE
8
BLACK
6
CONTINUOUS
10
1.2031263385826771
20
3.52559437007874
11
1.2018461811023622
21
3.523678503937008
0
LINE
8
BLACK
6
CONTINUOUS
10
1.2018461811023622
20
3.523678503937008
11
1.19993031496063
21
3.522398346456693
0
LINE
8
BLACK
6
CONTINUOUS
10
1.19993031496063
20
3.522398346456693
11
1.1976703543307086
21
3.5219488188976378
0
LINE
8
BLACK
6
CONTINUOUS
10
1.1976703543307086
20
3.5219488188976378
11
1.1858593307086613
21
3.5219488188976378
0
LINE
8
BLACK
6
CONTINUOUS
10
1.1858593307086613
20
3.5219488188976378
11
1.1835993700787402
21
3.522398346456693
0
LINE
8
BLACK
6
CONTINUOUS
10
1.1835993700787402
20
3.522398346456693
11
1.1816835039370079
21
3.523678503937008
0
LINE
8
BLACK
6
CONTINUOUS
10
1.1816835039370079
20
3.523678503937008
11
1.180403346456693
21
3.52559437007874
0
LINE
8
BLACK
6
CONTINUOUS
10
1.180403346456693
20
3.52559437007874
11
1.1799538188976377
21
3.5278543307086614
0
LINE
8
BLACK
6
CONTINUOUS
10
1.1799538188976377
20
3.5278543307086614
11
1.1799538188976377
21
3.568208661417323
0
LINE
8
BLACK
6
CONTINUOUS
10
1.1799538188976377
20
3.568208661417323
11
1.180403346456693
21
3.5704686220472439
0
LINE
8
BLACK
6
CONTINUOUS
10
1.180403346456693
20
3.5704686220472439
11
1.1816835039370079
21
3.5723844881889764
0
LINE
8
BLACK
6
CONTINUOUS
10
1.1816835039370079
20
3.5723844881889764
11
1.1835993700787402
21
3.5736646456692913
0
LINE
8
BLACK
6
CONTINUOUS
10
1.1835993700787402
20
3.5736646456692913
11
1.1858593307086613
21
3.5741141732283466
0
LINE
8
BLACK
6
CONTINUOUS
10
1.1858593307086613
20
3.5741141732283466
11
1.1976703543307086
21
3.5741141732283466
0
LINE
8
BLACK
6
CONTINUOUS
10
1.1976703543307086
20
3.5741141732283466
11
1.19993031496063
21
3.5736646456692913
0
LINE
8
BLACK
6
CONTINUOUS
10
1.0667912992125983
20
3.5921641732283462
11
1.0699844488188976
21
3.5900305905511809
0
LINE
8
BLACK
6
CONTINUOUS
10
1.0699844488188976
20
3.5900305905511809
11
1.072118031496063
21
3.586837440944882
0
LINE
8
BLACK
6
CONTINUOUS
10
1.072118031496063
20
3.586837440944882
11
1.0728672440944882
21
3.5830708661417323
0
LINE
8
BLACK
6
CONTINUOUS
10
1.0728672440944882
20
3.5830708661417323
11
1.0728672440944882
21
3.5633858267716536
0
LINE
8
BLACK
6
CONTINUOUS
10
1.0728672440944882
20
3.5633858267716536
11
1.072118031496063
21
3.5596192519685039
0
LINE
8
BLACK
6
CONTINUOUS
10
1.072118031496063
20
3.5596192519685039
11
1.0699844488188976
21
3.5564261023622046
0
LINE
8
BLACK
6
CONTINUOUS
10
1.0699844488188976
20
3.5564261023622046
11
1.0667912992125983
21
3.5542925196850392
0
LINE
8
BLACK
6
CONTINUOUS
10
1.0667912992125983
20
3.5542925196850392
11
1.0630247244094488
21
3.5535433070866143
0
LINE
8
BLACK
6
CONTINUOUS
10
1.0630247244094488
20
3.5535433070866143
11
1.0256231496062993
21
3.5535433070866143
0
LINE
8
BLACK
6
CONTINUOUS
10
1.0256231496062993
20
3.5535433070866143
11
1.0218565748031496
21
3.5542925196850392
0
LINE
8
BLACK
6
CONTINUOUS
10
1.0218565748031496
20
3.5542925196850392
11
1.0186634251968503
21
3.5564261023622046
0
LINE
8
BLACK
6
CONTINUOUS
10
1.0186634251968503
20
3.5564261023622046
11
1.0165298425196849
21
3.5596192519685039
0
LINE
8
BLACK
6
CONTINUOUS
10
1.0165298425196849
20
3.5596192519685039
11
1.0157806299212597
21
3.5633858267716536
0
LINE
8
BLACK
6
CONTINUOUS
10
1.0157806299212597
20
3.5633858267716536
11
1.0157806299212597
21
3.5830708661417323
0
LINE
8
BLACK
6
CONTINUOUS
10
1.0157806299212597
20
3.5830708661417323
11
1.0165298425196849
21
3.586837440944882
0
LINE
8
BLACK
6
CONTINUOUS
10
1.0165298425196849
20
3.586837440944882
11
1.0186634251968503
21
3.5900305905511809
0
LINE
8
BLACK
6
CONTINUOUS
10
1.0186634251968503
20
3.5900305905511809
11
1.0218565748031496
21
3.5921641732283462
0
LINE
8
BLACK
6
CONTINUOUS
10
1.0218565748031496
20
3.5921641732283462
11
1.0256231496062993
21
3.5929133858267717
0
LINE
8
BLACK
6
CONTINUOUS
10
1.0256231496062993
20
3.5929133858267717
11
1.0630247244094488
21
3.5929133858267717
0
LINE
8
BLACK
6
CONTINUOUS
10
1.0630247244094488
20
3.5929133858267717
11
1.0667912992125983
21
3.5921641732283462
0
LINE
8
BLACK
6
CONTINUOUS
10
1.1251272440944882
20
3.6632315748031496
11
1.1270431102362204
21
3.6619514173228347
0
LINE
8
BLACK
6
CONTINUOUS
10
1.1270431102362204
20
3.6619514173228347
11
1.1283232677165353
21
3.6600355511811022
0
LINE
8
BLACK
6
CONTINUOUS
10
1.1283232677165353
20
3.6600355511811022
11
1.1287727952755906
21
3.6577755905511808
0
LINE
8
BLACK
6
CONTINUOUS
10
1.1287727952755906
20
3.6577755905511808
11
1.1287727952755906
21
3.6174212598425197
0
LINE
8
BLACK
6
CONTINUOUS
10
1.1287727952755906
20
3.6174212598425197
11
1.1283232677165353
21
3.6151612992125983
0
LINE
8
BLACK
6
CONTINUOUS
10
1.1283232677165353
20
3.6151612992125983
11
1.1270431102362204
21
3.6132454330708659
0
LINE
8
BLACK
6
CONTINUOUS
10
1.1270431102362204
20
3.6132454330708659
11
1.1251272440944882
21
3.6119652755905509
0
LINE
8
BLACK
6
CONTINUOUS
10
1.1251272440944882
20
3.6119652755905509
11
1.122867283464567
21
3.6115157480314961
0
LINE
8
BLACK
6
CONTINUOUS
10
1.122867283464567
20
3.6115157480314961
11
1.1110562598425198
21
3.6115157480314961
0
LINE
8
BLACK
6
CONTINUOUS
10
1.1110562598425198
20
3.6115157480314961
11
1.1087962992125984
21
3.6119652755905509
0
LINE
8
BLACK
6
CONTINUOUS
10
1.1087962992125984
20
3.6119652755905509
11
1.1068804330708661
21
3.6132454330708659
0
LINE
8
BLACK
6
CONTINUOUS
10
1.1068804330708661
20
3.6132454330708659
11
1.1056002755905512
21
3.6151612992125983
0
LINE
8
BLACK
6
CONTINUOUS
10
1.1056002755905512
20
3.6151612992125983
11
1.1051507480314959
21
3.6174212598425197
0
LINE
8
BLACK
6
CONTINUOUS
10
1.1051507480314959
20
3.6174212598425197
11
1.1051507480314959
21
3.6577755905511808
0
LINE
8
BLACK
6
CONTINUOUS
10
1.1051507480314959
20
3.6577755905511808
11
1.1056002755905512
21
3.6600355511811022
0
LINE
8
BLACK
6
CONTINUOUS
10
1.1056002755905512
20
3.6600355511811022
11
1.1068804330708661
21
3.6619514173228347
0
LINE
8
BLACK
6
CONTINUOUS
10
1.1068804330708661
20
3.6619514173228347
11
1.1087962992125984
21
3.6632315748031496
0
LINE
8
BLACK
6
CONTINUOUS
10
1.1087962992125984
20
3.6632315748031496
11
1.1110562598425198
21
3.6636811023622045
0
LINE
8
BLACK
6
CONTINUOUS
10
1.1110562598425198
20
3.6636811023622045
11
1.122867283464567
21
3.6636811023622045
0
LINE
8
BLACK
6
CONTINUOUS
10
1.122867283464567
20
3.6636811023622045
11
1.1251272440944882
21
3.6632315748031496
0
LINE
8
BLACK
6
CONTINUOUS
10
1.162528779527559
20
3.6632315748031496
11
1.1644446456692914
21
3.6619514173228347
0
LINE
8
BLACK
6
CONTINUOUS
10
1.1644446456692914
20
3.6619514173228347
11
1.1657248031496064
21
3.6600355511811022
0
LINE
8
BLACK
6
CONTINUOUS
10
1.1657248031496064
20
3.6600355511811022
11
1.1661743307086614
21
3.6577755905511808
0
LINE
8
BLACK
6
CONTINUOUS
10
1.1661743307086614
20
3.6577755905511808
11
1.1661743307086614
21
3.6174212598425197
0
LINE
8
BLACK
6
CONTINUOUS
10
1.1661743307086614
20
3.6174212598425197
11
1.1657248031496064
21
3.6151612992125983
0
LINE
8
BLACK
6
CONTINUOUS
10
1.1657248031496064
20
3.6151612992125983
11
1.1644446456692914
21
3.6132454330708659
0
LINE
8
BLACK
6
CONTINUOUS
10
1.1644446456692914
20
3.6132454330708659
11
1.162528779527559
21
3.6119652755905509
0
LINE
8
BLACK
6
CONTINUOUS
10
1.162528779527559
20
3.6119652755905509
11
1.1602688188976378
21
3.6115157480314961
0
LINE
8
BLACK
6
CONTINUOUS
10
1.1602688188976378
20
3.6115157480314961
11
1.1484577952755906
21
3.6115157480314961
0
LINE
8
BLACK
6
CONTINUOUS
10
1.1484577952755906
20
3.6115157480314961
11
1.1461978346456692
21
3.6119652755905509
0
LINE
8
BLACK
6
CONTINUOUS
10
1.1461978346456692
20
3.6119652755905509
11
1.1442819685039369
21
3.6132454330708659
0
LINE
8
BLACK
6
CONTINUOUS
10
1.1442819685039369
20
3.6132454330708659
11
1.143001811023622
21
3.6151612992125983
0
LINE
8
BLACK
6
CONTINUOUS
10
1.143001811023622
20
3.6151612992125983
11
1.1425522834645669
21
3.6174212598425197
0
LINE
8
BLACK
6
CONTINUOUS
10
1.1425522834645669
20
3.6174212598425197
11
1.1425522834645669
21
3.6577755905511808
0
LINE
8
BLACK
6
CONTINUOUS
10
1.1425522834645669
20
3.6577755905511808
11
1.143001811023622
21
3.6600355511811022
0
LINE
8
BLACK
6
CONTINUOUS
10
1.143001811023622
20
3.6600355511811022
11
1.1442819685039369
21
3.6619514173228347
0
LINE
8
BLACK
6
CONTINUOUS
10
1.1442819685039369
20
3.6619514173228347
11
1.1461978346456692
21
3.6632315748031496
0
LINE
8
BLACK
6
CONTINUOUS
10
1.1461978346456692
20
3.6632315748031496
11
1.1484577952755906
21
3.6636811023622045
0
LINE
8
BLACK
6
CONTINUOUS
10
1.1484577952755906
20
3.6636811023622045
11
1.1602688188976378
21
3.6636811023622045
0
LINE
8
BLACK
6
CONTINUOUS
10
1.1602688188976378
20
3.6636811023622045
11
1.162528779527559
21
3.6632315748031496
0
LINE
8
BLACK
6
CONTINUOUS
10
1.19993031496063
20
3.6632315748031496
11
1.2018461811023622
21
3.6619514173228347
0
LINE
8
BLACK
6
CONTINUOUS
10
1.2018461811023622
20
3.6619514173228347
11
1.2031263385826771
21
3.6600355511811022
0
LINE
8
BLACK
6
CONTINUOUS
10
1.2031263385826771
20
3.6600355511811022
11
1.2035758661417322
21
3.6577755905511808
0
LINE
8
BLACK
6
CONTINUOUS
10
1.2035758661417322
20
3.6577755905511808
11
1.2035758661417322
21
3.6174212598425197
0
LINE
8
BLACK
6
CONTINUOUS
10
1.2035758661417322
20
3.6174212598425197
11
1.2031263385826771
21
3.6151612992125983
0
LINE
8
BLACK
6
CONTINUOUS
10
1.2031263385826771
20
3.6151612992125983
11
1.2018461811023622
21
3.6132454330708659
0
LINE
8
BLACK
6
CONTINUOUS
10
1.2018461811023622
20
3.6132454330708659
11
1.19993031496063
21
3.6119652755905509
0
LINE
8
BLACK
6
CONTINUOUS
10
1.19993031496063
20
3.6119652755905509
11
1.1976703543307086
21
3.6115157480314961
0
LINE
8
BLACK
6
CONTINUOUS
10
1.1976703543307086
20
3.6115157480314961
11
1.1858593307086613
21
3.6115157480314961
0
LINE
8
BLACK
6
CONTINUOUS
10
1.1858593307086613
20
3.6115157480314961
11
1.1835993700787402
21
3.6119652755905509
0
LINE
8
BLACK
6
CONTINUOUS
10
1.1835993700787402
20
3.6119652755905509
11
1.1816835039370079
21
3.6132454330708659
0
LINE
8
BLACK
6
CONTINUOUS
10
1.1816835039370079
20
3.6132454330708659
11
1.180403346456693
21
3.6151612992125983
0
LINE
8
BLACK
6
CONTINUOUS
10
1.180403346456693
20
3.6151612992125983
11
1.1799538188976377
21
3.6174212598425197
0
LINE
8
BLACK
6
CONTINUOUS
10
1.1799538188976377
20
3.6174212598425197
11
1.1799538188976377
21
3.6577755905511808
0
LINE
8
BLACK
6
CONTINUOUS
10
1.1799538188976377
20
3.6577755905511808
11
1.180403346456693
21
3.6600355511811022
0
LINE
8
BLACK
6
CONTINUOUS
10
1.180403346456693
20
3.6600355511811022
11
1.1816835039370079
21
3.6619514173228347
0
LINE
8
BLACK
6
CONTINUOUS
10
1.1816835039370079
20
3.6619514173228347
11
1.1835993700787402
21
3.6632315748031496
0
LINE
8
BLACK
6
CONTINUOUS
10
1.1835993700787402
20
3.6632315748031496
11
1.1858593307086613
21
3.6636811023622045
0
LINE
8
BLACK
6
CONTINUOUS
10
1.1858593307086613
20
3.6636811023622045
11
1.1976703543307086
21
3.6636811023622045
0
LINE
8
BLACK
6
CONTINUOUS
10
1.1976703543307086
20
3.6636811023622045
11
1.19993031496063
21
3.6632315748031496
0
LINE
8
BLACK
6
CONTINUOUS
10
1.0667912992125983
20
3.6669673228346458
11
1.0699844488188976
21
3.6648337401574804
0
LINE
8
BLACK
6
CONTINUOUS
10
1.0699844488188976
20
3.6648337401574804
11
1.072118031496063
21
3.6616405905511811
0
LINE
8
BLACK
6
CONTINUOUS
10
1.072118031496063
20
3.6616405905511811
11
1.0728672440944882
21
3.6578740157480314
0
LINE
8
BLACK
6
CONTINUOUS
10
1.0728672440944882
20
3.6578740157480314
11
1.0728672440944882
21
3.6381889763779527
0
LINE
8
BLACK
6
CONTINUOUS
10
1.0728672440944882
20
3.6381889763779527
11
1.072118031496063
21
3.634422401574803
0
LINE
8
BLACK
6
CONTINUOUS
10
1.072118031496063
20
3.634422401574803
11
1.0699844488188976
21
3.6312292519685037
0
LINE
8
BLACK
6
CONTINUOUS
10
1.0699844488188976
20
3.6312292519685037
11
1.0667912992125983
21
3.6290956692913383
0
LINE
8
BLACK
6
CONTINUOUS
10
1.0667912992125983
20
3.6290956692913383
11
1.0630247244094488
21
3.6283464566929133
0
LINE
8
BLACK
6
CONTINUOUS
10
1.0630247244094488
20
3.6283464566929133
11
1.0256231496062993
21
3.6283464566929133
0
LINE
8
BLACK
6
CONTINUOUS
10
1.0256231496062993
20
3.6283464566929133
11
1.0218565748031496
21
3.6290956692913383
0
LINE
8
BLACK
6
CONTINUOUS
10
1.0218565748031496
20
3.6290956692913383
11
1.0186634251968503
21
3.6312292519685037
0
LINE
8
BLACK
6
CONTINUOUS
10
1.0186634251968503
20
3.6312292519685037
11
1.0165298425196849
21
3.634422401574803
0
LINE
8
BLACK
6
CONTINUOUS
10
1.0165298425196849
20
3.634422401574803
11
1.0157806299212597
21
3.6381889763779527
0
LINE
8
BLACK
6
CONTINUOUS
10
1.0157806299212597
20
3.6381889763779527
11
1.0157806299212597
21
3.6578740157480314
0
LINE
8
BLACK
6
CONTINUOUS
10
1.0157806299212597
20
3.6578740157480314
11
1.0165298425196849
21
3.6616405905511811
0
LINE
8
BLACK
6
CONTINUOUS
10
1.0165298425196849
20
3.6616405905511811
11
1.0186634251968503
21
3.6648337401574804
0
LINE
8
BLACK
6
CONTINUOUS
10
1.0186634251968503
20
3.6648337401574804
11
1.0218565748031496
21
3.6669673228346458
0
LINE
8
BLACK
6
CONTINUOUS
10
1.0218565748031496
20
3.6669673228346458
11
1.0256231496062993
21
3.6677165354330707
0
LINE
8
BLACK
6
CONTINUOUS
10
1.0256231496062993
20
3.6677165354330707
11
1.0630247244094488
21
3.6677165354330707
0
LINE
8
BLACK
6
CONTINUOUS
10
1.0630247244094488
20
3.6677165354330707
11
1.0667912992125983
21
3.6669673228346458
0
LINE
8
BLACK
6
CONTINUOUS
10
1.1523227952755906
20
3.7544673228346457
11
1.1555159448818897
21
3.7523337401574803
0
LINE
8
BLACK
6
CONTINUOUS
10
1.1555159448818897
20
3.7523337401574803
11
1.157649527559055
21
3.749140590551181
0
LINE
8
BLACK
6
CONTINUOUS
10
1.157649527559055
20
3.749140590551181
11
1.1583987401574802
21
3.7453740157480313
0
LINE
8
BLACK
6
CONTINUOUS
10
1.1583987401574802
20
3.7453740157480313
11
1.1583987401574802
21
3.7079724409448818
0
LINE
8
BLACK
6
CONTINUOUS
10
1.1583987401574802
20
3.7079724409448818
11
1.157649527559055
21
3.7042058661417321
0
LINE
8
BLACK
6
CONTINUOUS
10
1.157649527559055
20
3.7042058661417321
11
1.1555159448818897
21
3.7010127165354332
0
LINE
8
BLACK
6
CONTINUOUS
10
1.1555159448818897
20
3.7010127165354332
11
1.1523227952755906
21
3.6988791338582678
0
LINE
8
BLACK
6
CONTINUOUS
10
1.1523227952755906
20
3.6988791338582678
11
1.1485562204724409
21
3.6981299212598424
0
LINE
8
BLACK
6
CONTINUOUS
10
1.1485562204724409
20
3.6981299212598424
11
1.1288711811023622
21
3.6981299212598424
0
LINE
8
BLACK
6
CONTINUOUS
10
1.1288711811023622
20
3.6981299212598424
11
1.1251046062992125
21
3.6988791338582678
0
LINE
8
BLACK
6
CONTINUOUS
10
1.1251046062992125
20
3.6988791338582678
11
1.1219114566929134
21
3.7010127165354332
0
LINE
8
BLACK
6
CONTINUOUS
10
1.1219114566929134
20
3.7010127165354332
11
1.119777874015748
21
3.7042058661417321
0
LINE
8
BLACK
6
CONTINUOUS
10
1.119777874015748
20
3.7042058661417321
11
1.1190286614173228
21
3.7079724409448818
0
LINE
8
BLACK
6
CONTINUOUS
10
1.1190286614173228
20
3.7079724409448818
11
1.1190286614173228
21
3.7453740157480313
0
LINE
8
BLACK
6
CONTINUOUS
10
1.1190286614173228
20
3.7453740157480313
11
1.119777874015748
21
3.749140590551181
0
LINE
8
BLACK
6
CONTINUOUS
10
1.119777874015748
20
3.749140590551181
11
1.1219114566929134
21
3.7523337401574803
0
LINE
8
BLACK
6
CONTINUOUS
10
1.1219114566929134
20
3.7523337401574803
11
1.1251046062992125
21
3.7544673228346457
0
LINE
8
BLACK
6
CONTINUOUS
10
1.1251046062992125
20
3.7544673228346457
11
1.1288711811023622
21
3.7552165354330707
0
LINE
8
BLACK
6
CONTINUOUS
10
1.1288711811023622
20
3.7552165354330707
11
1.1485562204724409
21
3.7552165354330707
0
LINE
8
BLACK
6
CONTINUOUS
10
1.1485562204724409
20
3.7552165354330707
11
1.1523227952755906
21
3.7544673228346457
0
LINE
8
BLACK
6
CONTINUOUS
10
1.2271259448818896
20
3.7544673228346457
11
1.230319094488189
21
3.7523337401574803
0
LINE
8
BLACK
6
CONTINUOUS
10
1.230319094488189
20
3.7523337401574803
11
1.2324526771653543
21
3.749140590551181
0
LINE
8
BLACK
6
CONTINUOUS
10
1.2324526771653543
20
3.749140590551181
11
1.2332018897637795
21
3.7453740157480313
0
LINE
8
BLACK
6
CONTINUOUS
10
1.2332018897637795
20
3.7453740157480313
11
1.2332018897637795
21
3.7079724409448818
0
LINE
8
BLACK
6
CONTINUOUS
10
1.2332018897637795
20
3.7079724409448818
11
1.2324526771653543
21
3.7042058661417321
0
LINE
8
BLACK
6
CONTINUOUS
10
1.2324526771653543
20
3.7042058661417321
11
1.230319094488189
21
3.7010127165354332
0
LINE
8
BLACK
6
CONTINUOUS
10
1.230319094488189
20
3.7010127165354332
11
1.2271259448818896
21
3.6988791338582678
0
LINE
8
BLACK
6
CONTINUOUS
10
1.2271259448818896
20
3.6988791338582678
11
1.2233593700787402
21
3.6981299212598424
0
LINE
8
BLACK
6
CONTINUOUS
10
1.2233593700787402
20
3.6981299212598424
11
1.2036743307086615
21
3.6981299212598424
0
LINE
8
BLACK
6
CONTINUOUS
10
1.2036743307086615
20
3.6981299212598424
11
1.1999077559055118
21
3.6988791338582678
0
LINE
8
BLACK
6
CONTINUOUS
10
1.1999077559055118
20
3.6988791338582678
11
1.1967146062992127
21
3.7010127165354332
0
LINE
8
BLACK
6
CONTINUOUS
10
1.1967146062992127
20
3.7010127165354332
11
1.1945810236220473
21
3.7042058661417321
0
LINE
8
BLACK
6
CONTINUOUS
10
1.1945810236220473
20
3.7042058661417321
11
1.1938318110236221
21
3.7079724409448818
0
LINE
8
BLACK
6
CONTINUOUS
10
1.1938318110236221
20
3.7079724409448818
11
1.1938318110236221
21
3.7453740157480313
0
LINE
8
BLACK
6
CONTINUOUS
10
1.1938318110236221
20
3.7453740157480313
11
1.1945810236220473
21
3.749140590551181
0
LINE
8
BLACK
6
CONTINUOUS
10
1.1945810236220473
20
3.749140590551181
11
1.1967146062992127
21
3.7523337401574803
0
LINE
8
BLACK
6
CONTINUOUS
10
1.1967146062992127
20
3.7523337401574803
11
1.1999077559055118
21
3.7544673228346457
0
LINE
8
BLACK
6
CONTINUOUS
10
1.1999077559055118
20
3.7544673228346457
11
1.2036743307086615
21
3.7552165354330707
0
LINE
8
BLACK
6
CONTINUOUS
10
1.2036743307086615
20
3.7552165354330707
11
1.2233593700787402
21
3.7552165354330707
0
LINE
8
BLACK
6
CONTINUOUS
10
1.2233593700787402
20
3.7552165354330707
11
1.2271259448818896
21
3.7544673228346457
0
LINE
8
BLACK
6
CONTINUOUS
10
1.0697440551181101
20
3.7987585826771655
11
1.0729372047244095
21
3.7966249999999997
0
LINE
8
BLACK
6
CONTINUOUS
10
1.0729372047244095
20
3.7966249999999997
11
1.0750707874015748
21
3.7934318503937008
0
LINE
8
BLACK
6
CONTINUOUS
10
1.0750707874015748
20
3.7934318503937008
11
1.07582
21
3.7896652755905511
0
LINE
8
BLACK
6
CONTINUOUS
10
1.07582
20
3.7896652755905511
11
1.07582
21
3.7109251181102363
0
LINE
8
BLACK
6
CONTINUOUS
10
1.07582
20
3.7109251181102363
11
1.0750707874015748
21
3.7071585433070866
0
LINE
8
BLACK
6
CONTINUOUS
10
1.0750707874015748
20
3.7071585433070866
11
1.0729372047244095
21
3.7039653937007873
0
LINE
8
BLACK
6
CONTINUOUS
10
1.0729372047244095
20
3.7039653937007873
11
1.0697440551181101
21
3.7018318110236219
0
LINE
8
BLACK
6
CONTINUOUS
10
1.0697440551181101
20
3.7018318110236219
11
1.0659774803149606
21
3.7010825984251969
0
LINE
8
BLACK
6
CONTINUOUS
10
1.0659774803149606
20
3.7010825984251969
11
1.0147963779527558
21
3.7010825984251969
0
LINE
8
BLACK
6
CONTINUOUS
10
1.0147963779527558
20
3.7010825984251969
11
1.0110298031496063
21
3.7018318110236219
0
LINE
8
BLACK
6
CONTINUOUS
10
1.0110298031496063
20
3.7018318110236219
11
1.007836653543307
21
3.7039653937007873
0
LINE
8
BLACK
6
CONTINUOUS
10
1.007836653543307
20
3.7039653937007873
11
1.0057030708661416
21
3.7071585433070866
0
LINE
8
BLACK
6
CONTINUOUS
10
1.0057030708661416
20
3.7071585433070866
11
1.0049538582677164
21
3.7109251181102363
0
LINE
8
BLACK
6
CONTINUOUS
10
1.0049538582677164
20
3.7109251181102363
11
1.0049538582677164
21
3.7896652755905511
0
LINE
8
BLACK
6
CONTINUOUS
10
1.0049538582677164
20
3.7896652755905511
11
1.0057030708661416
21
3.7934318503937008
0
LINE
8
BLACK
6
CONTINUOUS
10
1.0057030708661416
20
3.7934318503937008
11
1.007836653543307
21
3.7966249999999997
0
LINE
8
BLACK
6
CONTINUOUS
10
1.007836653543307
20
3.7966249999999997
11
1.0110298031496063
21
3.7987585826771655
0
LINE
8
BLACK
6
CONTINUOUS
10
1.0110298031496063
20
3.7987585826771655
11
1.0147963779527558
21
3.7995077952755905
0
LINE
8
BLACK
6
CONTINUOUS
10
1.0147963779527558
20
3.7995077952755905
11
1.0659774803149606
21
3.7995077952755905
0
LINE
8
BLACK
6
CONTINUOUS
10
1.0659774803149606
20
3.7995077952755905
11
1.0697440551181101
21
3.7987585826771655
0
LINE
8
BLACK
6
CONTINUOUS
10
1.2203346062992126
20
3.8213964566929133
11
1.2235277559055118
21
3.8192628740157479
0
LINE
8
BLACK
6
CONTINUOUS
10
1.2235277559055118
20
3.8192628740157479
11
1.2256613385826771
21
3.8160697244094486
0
LINE
8
BLACK
6
CONTINUOUS
10
1.2256613385826771
20
3.8160697244094486
11
1.2264105511811023
21
3.8123031496062993
0
LINE
8
BLACK
6
CONTINUOUS
10
1.2264105511811023
20
3.8123031496062993
11
1.2264105511811023
21
3.7827755905511808
0
LINE
8
BLACK
6
CONTINUOUS
10
1.2264105511811023
20
3.7827755905511808
11
1.2256613385826771
21
3.7790090157480316
0
LINE
8
BLACK
6
CONTINUOUS
10
1.2256613385826771
20
3.7790090157480316
11
1.2235277559055118
21
3.7758158661417323
0
LINE
8
BLACK
6
CONTINUOUS
10
1.2235277559055118
20
3.7758158661417323
11
1.2203346062992126
21
3.7736822834645669
0
LINE
8
BLACK
6
CONTINUOUS
10
1.2203346062992126
20
3.7736822834645669
11
1.216568031496063
21
3.7729330708661415
0
LINE
8
BLACK
6
CONTINUOUS
10
1.216568031496063
20
3.7729330708661415
11
1.1319223622047243
21
3.7729330708661415
0
LINE
8
BLACK
6
CONTINUOUS
10
1.1319223622047243
20
3.7729330708661415
11
1.1281557874015748
21
3.7736822834645669
0
LINE
8
BLACK
6
CONTINUOUS
10
1.1281557874015748
20
3.7736822834645669
11
1.1249626377952755
21
3.7758158661417323
0
LINE
8
BLACK
6
CONTINUOUS
10
1.1249626377952755
20
3.7758158661417323
11
1.1228290551181102
21
3.7790090157480316
0
LINE
8
BLACK
6
CONTINUOUS
10
1.1228290551181102
20
3.7790090157480316
11
1.122079842519685
21
3.7827755905511808
0
LINE
8
BLACK
6
CONTINUOUS
10
1.122079842519685
20
3.7827755905511808
11
1.122079842519685
21
3.8123031496062993
0
LINE
8
BLACK
6
CONTINUOUS
10
1.122079842519685
20
3.8123031496062993
11
1.1228290551181102
21
3.8160697244094486
0
LINE
8
BLACK
6
CONTINUOUS
10
1.1228290551181102
20
3.8160697244094486
11
1.1249626377952755
21
3.8192628740157479
0
LINE
8
BLACK
6
CONTINUOUS
10
1.1249626377952755
20
3.8192628740157479
11
1.1281557874015748
21
3.8213964566929133
0
LINE
8
BLACK
6
CONTINUOUS
10
1.1281557874015748
20
3.8213964566929133
11
1.1319223622047243
21
3.8221456692913387
0
LINE
8
BLACK
6
CONTINUOUS
10
1.1319223622047243
20
3.8221456692913387
11
1.216568031496063
21
3.8221456692913387
0
LINE
8
BLACK
6
CONTINUOUS
10
1.216568031496063
20
3.8221456692913387
11
1.2203346062992126
21
3.8213964566929133
0
LINE
8
BLACK
6
CONTINUOUS
10
1.0697440551181101
20
3.9562389763779526
11
1.0729372047244095
21
3.9541053937007873
0
LINE
8
BLACK
6
CONTINUOUS
10
1.0729372047244095
20
3.9541053937007873
11
1.0750707874015748
21
3.9509122440944879
0
LINE
8
BLACK
6
CONTINUOUS
10
1.0750707874015748
20
3.9509122440944879
11
1.07582
21
3.9471456692913387
0
LINE
8
BLACK
6
CONTINUOUS
10
1.07582
20
3.9471456692913387
11
1.07582
21
3.8684055118110234
0
LINE
8
BLACK
6
CONTINUOUS
10
1.07582
20
3.8684055118110234
11
1.0750707874015748
21
3.8646389370078738
0
LINE
8
BLACK
6
CONTINUOUS
10
1.0750707874015748
20
3.8646389370078738
11
1.0729372047244095
21
3.8614457874015748
0
LINE
8
BLACK
6
CONTINUOUS
10
1.0729372047244095
20
3.8614457874015748
11
1.0697440551181101
21
3.8593122047244095
0
LINE
8
BLACK
6
CONTINUOUS
10
1.0697440551181101
20
3.8593122047244095
11
1.0659774803149606
21
3.8585629921259841
0
LINE
8
BLACK
6
CONTINUOUS
10
1.0659774803149606
20
3.8585629921259841
11
1.0147963779527558
21
3.8585629921259841
0
LINE
8
BLACK
6
CONTINUOUS
10
1.0147963779527558
20
3.8585629921259841
11
1.0110298031496063
21
3.8593122047244095
0
LINE
8
BLACK
6
CONTINUOUS
10
1.0110298031496063
20
3.8593122047244095
11
1.007836653543307
21
3.8614457874015748
0
LINE
8
BLACK
6
CONTINUOUS
10
1.007836653543307
20
3.8614457874015748
11
1.0057030708661416
21
3.8646389370078738
0
LINE
8
BLACK
6
CONTINUOUS
10
1.0057030708661416
20
3.8646389370078738
11
1.0049538582677164
21
3.8684055118110234
0
LINE
8
BLACK
6
CONTINUOUS
10
1.0049538582677164
20
3.8684055118110234
11
1.0049538582677164
21
3.9471456692913387
0
LINE
8
BLACK
6
CONTINUOUS
10
1.0049538582677164
20
3.9471456692913387
11
1.0057030708661416
21
3.9509122440944879
0
LINE
8
BLACK
6
CONTINUOUS
10
1.0057030708661416
20
3.9509122440944879
11
1.007836653543307
21
3.9541053937007873
0
LINE
8
BLACK
6
CONTINUOUS
10
1.007836653543307
20
3.9541053937007873
11
1.0110298031496063
21
3.9562389763779526
0
LINE
8
BLACK
6
CONTINUOUS
10
1.0110298031496063
20
3.9562389763779526
11
1.0147963779527558
21
3.9569881889763781
0
LINE
8
BLACK
6
CONTINUOUS
10
1.0147963779527558
20
3.9569881889763781
11
1.0659774803149606
21
3.9569881889763781
0
LINE
8
BLACK
6
CONTINUOUS
10
1.0659774803149606
20
3.9569881889763781
11
1.0697440551181101
21
3.9562389763779526
0
LINE
8
BLACK
6
CONTINUOUS
10
1.2203346062992126
20
3.931632598425197
11
1.2235277559055118
21
3.9294990157480316
0
LINE
8
BLACK
6
CONTINUOUS
10
1.2235277559055118
20
3.9294990157480316
11
1.2256613385826771
21
3.9263058661417323
0
LINE
8
BLACK
6
CONTINUOUS
10
1.2256613385826771
20
3.9263058661417323
11
1.2264105511811023
21
3.9225392913385826
0
LINE
8
BLACK
6
CONTINUOUS
10
1.2264105511811023
20
3.9225392913385826
11
1.2264105511811023
21
3.8930117322834645
0
LINE
8
BLACK
6
CONTINUOUS
10
1.2264105511811023
20
3.8930117322834645
11
1.2256613385826771
21
3.8892451574803149
0
LINE
8
BLACK
6
CONTINUOUS
10
1.2256613385826771
20
3.8892451574803149
11
1.2235277559055118
21
3.8860520078740155
0
LINE
8
BLACK
6
CONTINUOUS
10
1.2235277559055118
20
3.8860520078740155
11
1.2203346062992126
21
3.8839184251968502
0
LINE
8
BLACK
6
CONTINUOUS
10
1.2203346062992126
20
3.8839184251968502
11
1.216568031496063
21
3.8831692125984252
0
LINE
8
BLACK
6
CONTINUOUS
10
1.216568031496063
20
3.8831692125984252
11
1.1319223622047243
21
3.8831692125984252
0
LINE
8
BLACK
6
CONTINUOUS
10
1.1319223622047243
20
3.8831692125984252
11
1.1281557874015748
21
3.8839184251968502
0
LINE
8
BLACK
6
CONTINUOUS
10
1.1281557874015748
20
3.8839184251968502
11
1.1249626377952755
21
3.8860520078740155
0
LINE
8
BLACK
6
CONTINUOUS
10
1.1249626377952755
20
3.8860520078740155
11
1.1228290551181102
21
3.8892451574803149
0
LINE
8
BLACK
6
CONTINUOUS
10
1.1228290551181102
20
3.8892451574803149
11
1.122079842519685
21
3.8930117322834645
0
LINE
8
BLACK
6
CONTINUOUS
10
1.122079842519685
20
3.8930117322834645
11
1.122079842519685
21
3.9225392913385826
0
LINE
8
BLACK
6
CONTINUOUS
10
1.122079842519685
20
3.9225392913385826
11
1.1228290551181102
21
3.9263058661417323
0
LINE
8
BLACK
6
CONTINUOUS
10
1.1228290551181102
20
3.9263058661417323
11
1.1249626377952755
21
3.9294990157480316
0
LINE
8
BLACK
6
CONTINUOUS
10
1.1249626377952755
20
3.9294990157480316
11
1.1281557874015748
21
3.931632598425197
0
LINE
8
BLACK
6
CONTINUOUS
10
1.1281557874015748
20
3.931632598425197
11
1.1319223622047243
21
3.9323818110236219
0
LINE
8
BLACK
6
CONTINUOUS
10
1.1319223622047243
20
3.9323818110236219
11
1.216568031496063
21
3.9323818110236219
0
LINE
8
BLACK
6
CONTINUOUS
10
1.216568031496063
20
3.9323818110236219
11
1.2203346062992126
21
3.931632598425197
0
LINE
8
BLACK
6
CONTINUOUS
10
0.2796206692913386
20
4.0112116535433069
11
0.282175157480315
21
4.0095047637795274
0
LINE
8
BLACK
6
CONTINUOUS
10
0.282175157480315
20
4.0095047637795274
11
0.2838820472440945
21
4.0069502755905511
0
LINE
8
BLACK
6
CONTINUOUS
10
0.2838820472440945
20
4.0069502755905511
11
0.2844814173228347
21
4.0039370078740157
0
LINE
8
BLACK
6
CONTINUOUS
10
0.2844814173228347
20
4.0039370078740157
11
0.2844814173228347
21
3.9488188976377954
0
LINE
8
BLACK
6
CONTINUOUS
10
0.2844814173228347
20
3.9488188976377954
11
0.2838820472440945
21
3.9458056299212596
0
LINE
8
BLACK
6
CONTINUOUS
10
0.2838820472440945
20
3.9458056299212596
11
0.282175157480315
21
3.9432511417322833
0
LINE
8
BLACK
6
CONTINUOUS
10
0.282175157480315
20
3.9432511417322833
11
0.2796206692913386
21
3.9415442519685038
0
LINE
8
BLACK
6
CONTINUOUS
10
0.2796206692913386
20
3.9415442519685038
11
0.2766074015748031
21
3.9409448818897639
0
LINE
8
BLACK
6
CONTINUOUS
10
0.2766074015748031
20
3.9409448818897639
11
0.2608593700787402
21
3.9409448818897639
0
LINE
8
BLACK
6
CONTINUOUS
10
0.2608593700787402
20
3.9409448818897639
11
0.2578461023622047
21
3.9415442519685038
0
LINE
8
BLACK
6
CONTINUOUS
10
0.2578461023622047
20
3.9415442519685038
11
0.2552916141732283
21
3.9432511417322833
0
LINE
8
BLACK
6
CONTINUOUS
10
0.2552916141732283
20
3.9432511417322833
11
0.2535847244094488
21
3.9458056299212596
0
LINE
8
BLACK
6
CONTINUOUS
10
0.2535847244094488
20
3.9458056299212596
11
0.2529853543307087
21
3.9488188976377954
0
LINE
8
BLACK
6
CONTINUOUS
10
0.2529853543307087
20
3.9488188976377954
11
0.2529853543307087
21
4.0039370078740157
0
LINE
8
BLACK
6
CONTINUOUS
10
0.2529853543307087
20
4.0039370078740157
11
0.2535847244094488
21
4.0069502755905511
0
LINE
8
BLACK
6
CONTINUOUS
10
0.2535847244094488
20
4.0069502755905511
11
0.2552916141732283
21
4.0095047637795274
0
LINE
8
BLACK
6
CONTINUOUS
10
0.2552916141732283
20
4.0095047637795274
11
0.2578461023622047
21
4.0112116535433069
0
LINE
8
BLACK
6
CONTINUOUS
10
0.2578461023622047
20
4.0112116535433069
11
0.2608593700787402
21
4.0118110236220472
0
LINE
8
BLACK
6
CONTINUOUS
10
0.2608593700787402
20
4.0118110236220472
11
0.2766074015748031
21
4.0118110236220472
0
LINE
8
BLACK
6
CONTINUOUS
10
0.2766074015748031
20
4.0118110236220472
11
0.2796206692913386
21
4.0112116535433069
0
LINE
8
BLACK
6
CONTINUOUS
10
0.3229277559055118
20
4.0112116535433069
11
0.3254822440944882
21
4.0095047637795274
0
LINE
8
BLACK
6
CONTINUOUS
10
0.3254822440944882
20
4.0095047637795274
11
0.3271891338582677
21
4.0069502755905511
0
LINE
8
BLACK
6
CONTINUOUS
10
0.3271891338582677
20
4.0069502755905511
11
0.3277885039370079
21
4.0039370078740157
0
LINE
8
BLACK
6
CONTINUOUS
10
0.3277885039370079
20
4.0039370078740157
11
0.3277885039370079
21
3.9488188976377954
0
LINE
8
BLACK
6
CONTINUOUS
10
0.3277885039370079
20
3.9488188976377954
11
0.3271891338582677
21
3.9458056299212596
0
LINE
8
BLACK
6
CONTINUOUS
10
0.3271891338582677
20
3.9458056299212596
11
0.3254822440944882
21
3.9432511417322833
0
LINE
8
BLACK
6
CONTINUOUS
10
0.3254822440944882
20
3.9432511417322833
11
0.3229277559055118
21
3.9415442519685038
0
LINE
8
BLACK
6
CONTINUOUS
10
0.3229277559055118
20
3.9415442519685038
11
0.3199144881889764
21
3.9409448818897639
0
LINE
8
BLACK
6
CONTINUOUS
10
0.3199144881889764
20
3.9409448818897639
11
0.3041664566929134
21
3.9409448818897639
0
LINE
8
BLACK
6
CONTINUOUS
10
0.3041664566929134
20
3.9409448818897639
11
0.3011531889763779
21
3.9415442519685038
0
LINE
8
BLACK
6
CONTINUOUS
10
0.3011531889763779
20
3.9415442519685038
11
0.2985987007874016
21
3.9432511417322833
0
LINE
8
BLACK
6
CONTINUOUS
10
0.2985987007874016
20
3.9432511417322833
11
0.2968918110236221
21
3.9458056299212596
0
LINE
8
BLACK
6
CONTINUOUS
10
0.2968918110236221
20
3.9458056299212596
11
0.2962924409448819
21
3.9488188976377954
0
LINE
8
BLACK
6
CONTINUOUS
10
0.2962924409448819
20
3.9488188976377954
11
0.2962924409448819
21
4.0039370078740157
0
LINE
8
BLACK
6
CONTINUOUS
10
0.2962924409448819
20
4.0039370078740157
11
0.2968918110236221
21
4.0069502755905511
0
LINE
8
BLACK
6
CONTINUOUS
10
0.2968918110236221
20
4.0069502755905511
11
0.2985987007874016
21
4.0095047637795274
0
LINE
8
BLACK
6
CONTINUOUS
10
0.2985987007874016
20
4.0095047637795274
11
0.3011531889763779
21
4.0112116535433069
0
LINE
8
BLACK
6
CONTINUOUS
10
0.3011531889763779
20
4.0112116535433069
11
0.3041664566929134
21
4.0118110236220472
0
LINE
8
BLACK
6
CONTINUOUS
10
0.3041664566929134
20
4.0118110236220472
11
0.3199144881889764
21
4.0118110236220472
0
LINE
8
BLACK
6
CONTINUOUS
10
0.3199144881889764
20
4.0118110236220472
11
0.3229277559055118
21
4.0112116535433069
0
LINE
8
BLACK
6
CONTINUOUS
10
0.366234842519685
20
4.0112116535433069
11
0.3687893307086614
21
4.0095047637795274
0
LINE
8
BLACK
6
CONTINUOUS
10
0.3687893307086614
20
4.0095047637795274
11
0.370496220472441
21
4.0069502755905511
0
LINE
8
BLACK
6
CONTINUOUS
10
0.370496220472441
20
4.0069502755905511
11
0.3710955905511811
21
4.0039370078740157
0
LINE
8
BLACK
6
CONTINUOUS
10
0.3710955905511811
20
4.0039370078740157
11
0.3710955905511811
21
3.9488188976377954
0
LINE
8
BLACK
6
CONTINUOUS
10
0.3710955905511811
20
3.9488188976377954
11
0.370496220472441
21
3.9458056299212596
0
LINE
8
BLACK
6
CONTINUOUS
10
0.370496220472441
20
3.9458056299212596
11
0.3687893307086614
21
3.9432511417322833
0
LINE
8
BLACK
6
CONTINUOUS
10
0.3687893307086614
20
3.9432511417322833
11
0.366234842519685
21
3.9415442519685038
0
LINE
8
BLACK
6
CONTINUOUS
10
0.366234842519685
20
3.9415442519685038
11
0.3632215748031496
21
3.9409448818897639
0
LINE
8
BLACK
6
CONTINUOUS
10
0.3632215748031496
20
3.9409448818897639
11
0.3474735433070866
21
3.9409448818897639
0
LINE
8
BLACK
6
CONTINUOUS
10
0.3474735433070866
20
3.9409448818897639
11
0.3444602755905511
21
3.9415442519685038
0
LINE
8
BLACK
6
CONTINUOUS
10
0.3444602755905511
20
3.9415442519685038
11
0.3419057874015748
21
3.9432511417322833
0
LINE
8
BLACK
6
CONTINUOUS
10
0.3419057874015748
20
3.9432511417322833
11
0.3401988976377953
21
3.9458056299212596
0
LINE
8
BLACK
6
CONTINUOUS
10
0.3401988976377953
20
3.9458056299212596
11
0.3395995275590551
21
3.9488188976377954
0
LINE
8
BLACK
6
CONTINUOUS
10
0.3395995275590551
20
3.9488188976377954
11
0.3395995275590551
21
4.0039370078740157
0
LINE
8
BLACK
6
CONTINUOUS
10
0.3395995275590551
20
4.0039370078740157
11
0.3401988976377953
21
4.0069502755905511
0
LINE
8
BLACK
6
CONTINUOUS
10
0.3401988976377953
20
4.0069502755905511
11
0.3419057874015748
21
4.0095047637795274
0
LINE
8
BLACK
6
CONTINUOUS
10
0.3419057874015748
20
4.0095047637795274
11
0.3444602755905511
21
4.0112116535433069
0
LINE
8
BLACK
6
CONTINUOUS
10
0.3444602755905511
20
4.0112116535433069
11
0.3474735433070866
21
4.0118110236220472
0
LINE
8
BLACK
6
CONTINUOUS
10
0.3474735433070866
20
4.0118110236220472
11
0.3632215748031496
21
4.0118110236220472
0
LINE
8
BLACK
6
CONTINUOUS
10
0.3632215748031496
20
4.0118110236220472
11
0.366234842519685
21
4.0112116535433069
0
LINE
8
BLACK
6
CONTINUOUS
10
0.4095419291338583
20
4.0112116535433069
11
0.4120964173228346
21
4.0095047637795274
0
LINE
8
BLACK
6
CONTINUOUS
10
0.4120964173228346
20
4.0095047637795274
11
0.4138033070866142
21
4.0069502755905511
0
LINE
8
BLACK
6
CONTINUOUS
10
0.4138033070866142
20
4.0069502755905511
11
0.4144026771653543
21
4.0039370078740157
0
LINE
8
BLACK
6
CONTINUOUS
10
0.4144026771653543
20
4.0039370078740157
11
0.4144026771653543
21
3.9488188976377954
0
LINE
8
BLACK
6
CONTINUOUS
10
0.4144026771653543
20
3.9488188976377954
11
0.4138033070866142
21
3.9458056299212596
0
LINE
8
BLACK
6
CONTINUOUS
10
0.4138033070866142
20
3.9458056299212596
11
0.4120964173228346
21
3.9432511417322833
0
LINE
8
BLACK
6
CONTINUOUS
10
0.4120964173228346
20
3.9432511417322833
11
0.4095419291338583
21
3.9415442519685038
0
LINE
8
BLACK
6
CONTINUOUS
10
0.4095419291338583
20
3.9415442519685038
11
0.4065286614173228
21
3.9409448818897639
0
LINE
8
BLACK
6
CONTINUOUS
10
0.4065286614173228
20
3.9409448818897639
11
0.3907806299212598
21
3.9409448818897639
0
LINE
8
BLACK
6
CONTINUOUS
10
0.3907806299212598
20
3.9409448818897639
11
0.3877673622047244
21
3.9415442519685038
0
LINE
8
BLACK
6
CONTINUOUS
10
0.3877673622047244
20
3.9415442519685038
11
0.385212874015748
21
3.9432511417322833
0
LINE
8
BLACK
6
CONTINUOUS
10
0.385212874015748
20
3.9432511417322833
11
0.3835059842519685
21
3.9458056299212596
0
LINE
8
BLACK
6
CONTINUOUS
10
0.3835059842519685
20
3.9458056299212596
11
0.3829066141732284
21
3.9488188976377954
0
LINE
8
BLACK
6
CONTINUOUS
10
0.3829066141732284
20
3.9488188976377954
11
0.3829066141732284
21
4.0039370078740157
0
LINE
8
BLACK
6
CONTINUOUS
10
0.3829066141732284
20
4.0039370078740157
11
0.3835059842519685
21
4.0069502755905511
0
LINE
8
BLACK
6
CONTINUOUS
10
0.3835059842519685
20
4.0069502755905511
11
0.385212874015748
21
4.0095047637795274
0
LINE
8
BLACK
6
CONTINUOUS
10
0.385212874015748
20
4.0095047637795274
11
0.3877673622047244
21
4.0112116535433069
0
LINE
8
BLACK
6
CONTINUOUS
10
0.3877673622047244
20
4.0112116535433069
11
0.3907806299212598
21
4.0118110236220472
0
LINE
8
BLACK
6
CONTINUOUS
10
0.3907806299212598
20
4.0118110236220472
11
0.4065286614173228
21
4.0118110236220472
0
LINE
8
BLACK
6
CONTINUOUS
10
0.4065286614173228
20
4.0118110236220472
11
0.4095419291338583
21
4.0112116535433069
0
LINE
8
BLACK
6
CONTINUOUS
10
0.4528490157480315
20
4.0112116535433069
11
0.4554035039370078
21
4.0095047637795274
0
LINE
8
BLACK
6
CONTINUOUS
10
0.4554035039370078
20
4.0095047637795274
11
0.4571103937007874
21
4.0069502755905511
0
LINE
8
BLACK
6
CONTINUOUS
10
0.4571103937007874
20
4.0069502755905511
11
0.4577097637795275
21
4.0039370078740157
0
LINE
8
BLACK
6
CONTINUOUS
10
0.4577097637795275
20
4.0039370078740157
11
0.4577097637795275
21
3.9488188976377954
0
LINE
8
BLACK
6
CONTINUOUS
10
0.4577097637795275
20
3.9488188976377954
11
0.4571103937007874
21
3.9458056299212596
0
LINE
8
BLACK
6
CONTINUOUS
10
0.4571103937007874
20
3.9458056299212596
11
0.4554035039370078
21
3.9432511417322833
0
LINE
8
BLACK
6
CONTINUOUS
10
0.4554035039370078
20
3.9432511417322833
11
0.4528490157480315
21
3.9415442519685038
0
LINE
8
BLACK
6
CONTINUOUS
10
0.4528490157480315
20
3.9415442519685038
11
0.4498357480314961
21
3.9409448818897639
0
LINE
8
BLACK
6
CONTINUOUS
10
0.4498357480314961
20
3.9409448818897639
11
0.434087716535433
21
3.9409448818897639
0
LINE
8
BLACK
6
CONTINUOUS
10
0.434087716535433
20
3.9409448818897639
11
0.4310744488188976
21
3.9415442519685038
0
LINE
8
BLACK
6
CONTINUOUS
10
0.4310744488188976
20
3.9415442519685038
11
0.4285199606299213
21
3.9432511417322833
0
LINE
8
BLACK
6
CONTINUOUS
10
0.4285199606299213
20
3.9432511417322833
11
0.4268130708661417
21
3.9458056299212596
0
LINE
8
BLACK
6
CONTINUOUS
10
0.4268130708661417
20
3.9458056299212596
11
0.4262137007874016
21
3.9488188976377954
0
LINE
8
BLACK
6
CONTINUOUS
10
0.4262137007874016
20
3.9488188976377954
11
0.4262137007874016
21
4.0039370078740157
0
LINE
8
BLACK
6
CONTINUOUS
10
0.4262137007874016
20
4.0039370078740157
11
0.4268130708661417
21
4.0069502755905511
0
LINE
8
BLACK
6
CONTINUOUS
10
0.4268130708661417
20
4.0069502755905511
11
0.4285199606299213
21
4.0095047637795274
0
LINE
8
BLACK
6
CONTINUOUS
10
0.4285199606299213
20
4.0095047637795274
11
0.4310744488188976
21
4.0112116535433069
0
LINE
8
BLACK
6
CONTINUOUS
10
0.4310744488188976
20
4.0112116535433069
11
0.434087716535433
21
4.0118110236220472
0
LINE
8
BLACK
6
CONTINUOUS
10
0.434087716535433
20
4.0118110236220472
11
0.4498357480314961
21
4.0118110236220472
0
LINE
8
BLACK
6
CONTINUOUS
10
0.4498357480314961
20
4.0118110236220472
11
0.4528490157480315
21
4.0112116535433069
0
LINE
8
BLACK
6
CONTINUOUS
10
0.5709592519685039
20
4.0112116535433069
11
0.5735137401574804
21
4.0095047637795274
0
LINE
8
BLACK
6
CONTINUOUS
10
0.5735137401574804
20
4.0095047637795274
11
0.5752206299212598
21
4.0069502755905511
0
LINE
8
BLACK
6
CONTINUOUS
10
0.5752206299212598
20
4.0069502755905511
11
0.57582
21
4.0039370078740157
0
LINE
8
BLACK
6
CONTINUOUS
10
0.57582
20
4.0039370078740157
11
0.57582
21
3.9488188976377954
0
LINE
8
BLACK
6
CONTINUOUS
10
0.57582
20
3.9488188976377954
11
0.5752206299212598
21
3.9458056299212596
0
LINE
8
BLACK
6
CONTINUOUS
10
0.5752206299212598
20
3.9458056299212596
11
0.5735137401574804
21
3.9432511417322833
0
LINE
8
BLACK
6
CONTINUOUS
10
0.5735137401574804
20
3.9432511417322833
11
0.5709592519685039
21
3.9415442519685038
0
LINE
8
BLACK
6
CONTINUOUS
10
0.5709592519685039
20
3.9415442519685038
11
0.5679459842519685
21
3.9409448818897639
0
LINE
8
BLACK
6
CONTINUOUS
10
0.5679459842519685
20
3.9409448818897639
11
0.5521979527559056
21
3.9409448818897639
0
LINE
8
BLACK
6
CONTINUOUS
10
0.5521979527559056
20
3.9409448818897639
11
0.54918468503937
21
3.9415442519685038
0
LINE
8
BLACK
6
CONTINUOUS
10
0.54918468503937
20
3.9415442519685038
11
0.5466301968503937
21
3.9432511417322833
0
LINE
8
BLACK
6
CONTINUOUS
10
0.5466301968503937
20
3.9432511417322833
11
0.5449233070866142
21
3.9458056299212596
0
LINE
8
BLACK
6
CONTINUOUS
10
0.5449233070866142
20
3.9458056299212596
11
0.544323937007874
21
3.9488188976377954
0
LINE
8
BLACK
6
CONTINUOUS
10
0.544323937007874
20
3.9488188976377954
11
0.544323937007874
21
4.0039370078740157
0
LINE
8
BLACK
6
CONTINUOUS
10
0.544323937007874
20
4.0039370078740157
11
0.5449233070866142
21
4.0069502755905511
0
LINE
8
BLACK
6
CONTINUOUS
10
0.5449233070866142
20
4.0069502755905511
11
0.5466301968503937
21
4.0095047637795274
0
LINE
8
BLACK
6
CONTINUOUS
10
0.5466301968503937
20
4.0095047637795274
11
0.54918468503937
21
4.0112116535433069
0
LINE
8
BLACK
6
CONTINUOUS
10
0.54918468503937
20
4.0112116535433069
11
0.5521979527559056
21
4.0118110236220472
0
LINE
8
BLACK
6
CONTINUOUS
10
0.5521979527559056
20
4.0118110236220472
11
0.5679459842519685
21
4.0118110236220472
0
LINE
8
BLACK
6
CONTINUOUS
10
0.5679459842519685
20
4.0118110236220472
11
0.5709592519685039
21
4.0112116535433069
0
LINE
8
BLACK
6
CONTINUOUS
10
0.6142663385826771
20
4.0112116535433069
11
0.6168208267716535
21
4.0095047637795274
0
LINE
8
BLACK
6
CONTINUOUS
10
0.6168208267716535
20
4.0095047637795274
11
0.618527716535433
21
4.0069502755905511
0
LINE
8
BLACK
6
CONTINUOUS
10
0.618527716535433
20
4.0069502755905511
11
0.6191270866141733
21
4.0039370078740157
0
LINE
8
BLACK
6
CONTINUOUS
10
0.6191270866141733
20
4.0039370078740157
11
0.6191270866141733
21
3.9488188976377954
0
LINE
8
BLACK
6
CONTINUOUS
10
0.6191270866141733
20
3.9488188976377954
11
0.618527716535433
21
3.9458056299212596
0
LINE
8
BLACK
6
CONTINUOUS
10
0.618527716535433
20
3.9458056299212596
11
0.6168208267716535
21
3.9432511417322833
0
LINE
8
BLACK
6
CONTINUOUS
10
0.6168208267716535
20
3.9432511417322833
11
0.6142663385826771
21
3.9415442519685038
0
LINE
8
BLACK
6
CONTINUOUS
10
0.6142663385826771
20
3.9415442519685038
11
0.6112530708661417
21
3.9409448818897639
0
LINE
8
BLACK
6
CONTINUOUS
10
0.6112530708661417
20
3.9409448818897639
11
0.5955050393700787
21
3.9409448818897639
0
LINE
8
BLACK
6
CONTINUOUS
10
0.5955050393700787
20
3.9409448818897639
11
0.5924917716535433
21
3.9415442519685038
0
LINE
8
BLACK
6
CONTINUOUS
10
0.5924917716535433
20
3.9415442519685038
11
0.5899372834645669
21
3.9432511417322833
0
LINE
8
BLACK
6
CONTINUOUS
10
0.5899372834645669
20
3.9432511417322833
11
0.5882303937007873
21
3.9458056299212596
0
LINE
8
BLACK
6
CONTINUOUS
10
0.5882303937007873
20
3.9458056299212596
11
0.5876310236220472
21
3.9488188976377954
0
LINE
8
BLACK
6
CONTINUOUS
10
0.5876310236220472
20
3.9488188976377954
11
0.5876310236220472
21
4.0039370078740157
0
LINE
8
BLACK
6
CONTINUOUS
10
0.5876310236220472
20
4.0039370078740157
11
0.5882303937007873
21
4.0069502755905511
0
LINE
8
BLACK
6
CONTINUOUS
10
0.5882303937007873
20
4.0069502755905511
11
0.5899372834645669
21
4.0095047637795274
0
LINE
8
BLACK
6
CONTINUOUS
10
0.5899372834645669
20
4.0095047637795274
11
0.5924917716535433
21
4.0112116535433069
0
LINE
8
BLACK
6
CONTINUOUS
10
0.5924917716535433
20
4.0112116535433069
11
0.5955050393700787
21
4.0118110236220472
0
LINE
8
BLACK
6
CONTINUOUS
10
0.5955050393700787
20
4.0118110236220472
11
0.6112530708661417
21
4.0118110236220472
0
LINE
8
BLACK
6
CONTINUOUS
10
0.6112530708661417
20
4.0118110236220472
11
0.6142663385826771
21
4.0112116535433069
0
LINE
8
BLACK
6
CONTINUOUS
10
0.6575734251968504
20
4.0112116535433069
11
0.6601279133858268
21
4.0095047637795274
0
LINE
8
BLACK
6
CONTINUOUS
10
0.6601279133858268
20
4.0095047637795274
11
0.6618348031496063
21
4.0069502755905511
0
LINE
8
BLACK
6
CONTINUOUS
10
0.6618348031496063
20
4.0069502755905511
11
0.6624341732283464
21
4.0039370078740157
0
LINE
8
BLACK
6
CONTINUOUS
10
0.6624341732283464
20
4.0039370078740157
11
0.6624341732283464
21
3.9488188976377954
0
LINE
8
BLACK
6
CONTINUOUS
10
0.6624341732283464
20
3.9488188976377954
11
0.6618348031496063
21
3.9458056299212596
0
LINE
8
BLACK
6
CONTINUOUS
10
0.6618348031496063
20
3.9458056299212596
11
0.6601279133858268
21
3.9432511417322833
0
LINE
8
BLACK
6
CONTINUOUS
10
0.6601279133858268
20
3.9432511417322833
11
0.6575734251968504
21
3.9415442519685038
0
LINE
8
BLACK
6
CONTINUOUS
10
0.6575734251968504
20
3.9415442519685038
11
0.6545601574803149
21
3.9409448818897639
0
LINE
8
BLACK
6
CONTINUOUS
10
0.6545601574803149
20
3.9409448818897639
11
0.638812125984252
21
3.9409448818897639
0
LINE
8
BLACK
6
CONTINUOUS
10
0.638812125984252
20
3.9409448818897639
11
0.6357988582677165
21
3.9415442519685038
0
LINE
8
BLACK
6
CONTINUOUS
10
0.6357988582677165
20
3.9415442519685038
11
0.6332443700787401
21
3.9432511417322833
0
LINE
8
BLACK
6
CONTINUOUS
10
0.6332443700787401
20
3.9432511417322833
11
0.6315374803149606
21
3.9458056299212596
0
LINE
8
BLACK
6
CONTINUOUS
10
0.6315374803149606
20
3.9458056299212596
11
0.6309381102362205
21
3.9488188976377954
0
LINE
8
BLACK
6
CONTINUOUS
10
0.6309381102362205
20
3.9488188976377954
11
0.6309381102362205
21
4.0039370078740157
0
LINE
8
BLACK
6
CONTINUOUS
10
0.6309381102362205
20
4.0039370078740157
11
0.6315374803149606
21
4.0069502755905511
0
LINE
8
BLACK
6
CONTINUOUS
10
0.6315374803149606
20
4.0069502755905511
11
0.6332443700787401
21
4.0095047637795274
0
LINE
8
BLACK
6
CONTINUOUS
10
0.6332443700787401
20
4.0095047637795274
11
0.6357988582677165
21
4.0112116535433069
0
LINE
8
BLACK
6
CONTINUOUS
10
0.6357988582677165
20
4.0112116535433069
11
0.638812125984252
21
4.0118110236220472
0
LINE
8
BLACK
6
CONTINUOUS
10
0.638812125984252
20
4.0118110236220472
11
0.6545601574803149
21
4.0118110236220472
0
LINE
8
BLACK
6
CONTINUOUS
10
0.6545601574803149
20
4.0118110236220472
11
0.6575734251968504
21
4.0112116535433069
0
LINE
8
BLACK
6
CONTINUOUS
10
0.7008805118110236
20
4.0112116535433069
11
0.703435
21
4.0095047637795274
0
LINE
8
BLACK
6
CONTINUOUS
10
0.703435
20
4.0095047637795274
11
0.7051418897637796
21
4.0069502755905511
0
LINE
8
BLACK
6
CONTINUOUS
10
0.7051418897637796
20
4.0069502755905511
11
0.7057412598425197
21
4.0039370078740157
0
LINE
8
BLACK
6
CONTINUOUS
10
0.7057412598425197
20
4.0039370078740157
11
0.7057412598425197
21
3.9488188976377954
0
LINE
8
BLACK
6
CONTINUOUS
10
0.7057412598425197
20
3.9488188976377954
11
0.7051418897637796
21
3.9458056299212596
0
LINE
8
BLACK
6
CONTINUOUS
10
0.7051418897637796
20
3.9458056299212596
11
0.703435
21
3.9432511417322833
0
LINE
8
BLACK
6
CONTINUOUS
10
0.703435
20
3.9432511417322833
11
0.7008805118110236
21
3.9415442519685038
0
LINE
8
BLACK
6
CONTINUOUS
10
0.7008805118110236
20
3.9415442519685038
11
0.6978672440944882
21
3.9409448818897639
0
LINE
8
BLACK
6
CONTINUOUS
10
0.6978672440944882
20
3.9409448818897639
11
0.6821192125984252
21
3.9409448818897639
0
LINE
8
BLACK
6
CONTINUOUS
10
0.6821192125984252
20
3.9409448818897639
11
0.6791059448818898
21
3.9415442519685038
0
LINE
8
BLACK
6
CONTINUOUS
10
0.6791059448818898
20
3.9415442519685038
11
0.6765514566929134
21
3.9432511417322833
0
LINE
8
BLACK
6
CONTINUOUS
10
0.6765514566929134
20
3.9432511417322833
11
0.6748445669291339
21
3.9458056299212596
0
LINE
8
BLACK
6
CONTINUOUS
10
0.6748445669291339
20
3.9458056299212596
11
0.6742451968503936
21
3.9488188976377954
0
LINE
8
BLACK
6
CONTINUOUS
10
0.6742451968503936
20
3.9488188976377954
11
0.6742451968503936
21
4.0039370078740157
0
LINE
8
BLACK
6
CONTINUOUS
10
0.6742451968503936
20
4.0039370078740157
11
0.6748445669291339
21
4.0069502755905511
0
LINE
8
BLACK
6
CONTINUOUS
10
0.6748445669291339
20
4.0069502755905511
11
0.6765514566929134
21
4.0095047637795274
0
LINE
8
BLACK
6
CONTINUOUS
10
0.6765514566929134
20
4.0095047637795274
11
0.6791059448818898
21
4.0112116535433069
0
LINE
8
BLACK
6
CONTINUOUS
10
0.6791059448818898
20
4.0112116535433069
11
0.6821192125984252
21
4.0118110236220472
0
LINE
8
BLACK
6
CONTINUOUS
10
0.6821192125984252
20
4.0118110236220472
11
0.6978672440944882
21
4.0118110236220472
0
LINE
8
BLACK
6
CONTINUOUS
10
0.6978672440944882
20
4.0118110236220472
11
0.7008805118110236
21
4.0112116535433069
0
LINE
8
BLACK
6
CONTINUOUS
10
0.7441875984251969
20
4.0112116535433069
11
0.7467420866141732
21
4.0095047637795274
0
LINE
8
BLACK
6
CONTINUOUS
10
0.7467420866141732
20
4.0095047637795274
11
0.7484489763779527
21
4.0069502755905511
0
LINE
8
BLACK
6
CONTINUOUS
10
0.7484489763779527
20
4.0069502755905511
11
0.7490483464566929
21
4.0039370078740157
0
LINE
8
BLACK
6
CONTINUOUS
10
0.7490483464566929
20
4.0039370078740157
11
0.7490483464566929
21
3.9488188976377954
0
LINE
8
BLACK
6
CONTINUOUS
10
0.7490483464566929
20
3.9488188976377954
11
0.7484489763779527
21
3.9458056299212596
0
LINE
8
BLACK
6
CONTINUOUS
10
0.7484489763779527
20
3.9458056299212596
11
0.7467420866141732
21
3.9432511417322833
0
LINE
8
BLACK
6
CONTINUOUS
10
0.7467420866141732
20
3.9432511417322833
11
0.7441875984251969
21
3.9415442519685038
0
LINE
8
BLACK
6
CONTINUOUS
10
0.7441875984251969
20
3.9415442519685038
11
0.7411743307086615
21
3.9409448818897639
0
LINE
8
BLACK
6
CONTINUOUS
10
0.7411743307086615
20
3.9409448818897639
11
0.7254262992125984
21
3.9409448818897639
0
LINE
8
BLACK
6
CONTINUOUS
10
0.7254262992125984
20
3.9409448818897639
11
0.722413031496063
21
3.9415442519685038
0
LINE
8
BLACK
6
CONTINUOUS
10
0.722413031496063
20
3.9415442519685038
11
0.7198585433070867
21
3.9432511417322833
0
LINE
8
BLACK
6
CONTINUOUS
10
0.7198585433070867
20
3.9432511417322833
11
0.7181516535433071
21
3.9458056299212596
0
LINE
8
BLACK
6
CONTINUOUS
10
0.7181516535433071
20
3.9458056299212596
11
0.7175522834645669
21
3.9488188976377954
0
LINE
8
BLACK
6
CONTINUOUS
10
0.7175522834645669
20
3.9488188976377954
11
0.7175522834645669
21
4.0039370078740157
0
LINE
8
BLACK
6
CONTINUOUS
10
0.7175522834645669
20
4.0039370078740157
11
0.7181516535433071
21
4.0069502755905511
0
LINE
8
BLACK
6
CONTINUOUS
10
0.7181516535433071
20
4.0069502755905511
11
0.7198585433070867
21
4.0095047637795274
0
LINE
8
BLACK
6
CONTINUOUS
10
0.7198585433070867
20
4.0095047637795274
11
0.722413031496063
21
4.0112116535433069
0
LINE
8
BLACK
6
CONTINUOUS
10
0.722413031496063
20
4.0112116535433069
11
0.7254262992125984
21
4.0118110236220472
0
LINE
8
BLACK
6
CONTINUOUS
10
0.7254262992125984
20
4.0118110236220472
11
0.7411743307086615
21
4.0118110236220472
0
LINE
8
BLACK
6
CONTINUOUS
10
0.7411743307086615
20
4.0118110236220472
11
0.7441875984251969
21
4.0112116535433069
0
LINE
8
BLACK
6
CONTINUOUS
10
0.78749468503937
20
4.0112116535433069
11
0.7900491732283464
21
4.0095047637795274
0
LINE
8
BLACK
6
CONTINUOUS
10
0.7900491732283464
20
4.0095047637795274
11
0.791756062992126
21
4.0069502755905511
0
LINE
8
BLACK
6
CONTINUOUS
10
0.791756062992126
20
4.0069502755905511
11
0.7923554330708661
21
4.0039370078740157
0
LINE
8
BLACK
6
CONTINUOUS
10
0.7923554330708661
20
4.0039370078740157
11
0.7923554330708661
21
3.9488188976377954
0
LINE
8
BLACK
6
CONTINUOUS
10
0.7923554330708661
20
3.9488188976377954
11
0.791756062992126
21
3.9458056299212596
0
LINE
8
BLACK
6
CONTINUOUS
10
0.791756062992126
20
3.9458056299212596
11
0.7900491732283464
21
3.9432511417322833
0
LINE
8
BLACK
6
CONTINUOUS
10
0.7900491732283464
20
3.9432511417322833
11
0.78749468503937
21
3.9415442519685038
0
LINE
8
BLACK
6
CONTINUOUS
10
0.78749468503937
20
3.9415442519685038
11
0.7844814173228346
21
3.9409448818897639
0
LINE
8
BLACK
6
CONTINUOUS
10
0.7844814173228346
20
3.9409448818897639
11
0.7687333858267716
21
3.9409448818897639
0
LINE
8
BLACK
6
CONTINUOUS
10
0.7687333858267716
20
3.9409448818897639
11
0.7657201181102362
21
3.9415442519685038
0
LINE
8
BLACK
6
CONTINUOUS
10
0.7657201181102362
20
3.9415442519685038
11
0.7631656299212598
21
3.9432511417322833
0
LINE
8
BLACK
6
CONTINUOUS
10
0.7631656299212598
20
3.9432511417322833
11
0.7614587401574803
21
3.9458056299212596
0
LINE
8
BLACK
6
CONTINUOUS
10
0.7614587401574803
20
3.9458056299212596
11
0.7608593700787402
21
3.9488188976377954
0
LINE
8
BLACK
6
CONTINUOUS
10
0.7608593700787402
20
3.9488188976377954
11
0.7608593700787402
21
4.0039370078740157
0
LINE
8
BLACK
6
CONTINUOUS
10
0.7608593700787402
20
4.0039370078740157
11
0.7614587401574803
21
4.0069502755905511
0
LINE
8
BLACK
6
CONTINUOUS
10
0.7614587401574803
20
4.0069502755905511
11
0.7631656299212598
21
4.0095047637795274
0
LINE
8
BLACK
6
CONTINUOUS
10
0.7631656299212598
20
4.0095047637795274
11
0.7657201181102362
21
4.0112116535433069
0
LINE
8
BLACK
6
CONTINUOUS
10
0.7657201181102362
20
4.0112116535433069
11
0.7687333858267716
21
4.0118110236220472
0
LINE
8
BLACK
6
CONTINUOUS
10
0.7687333858267716
20
4.0118110236220472
11
0.7844814173228346
21
4.0118110236220472
0
LINE
8
BLACK
6
CONTINUOUS
10
0.7844814173228346
20
4.0118110236220472
11
0.78749468503937
21
4.0112116535433069
0
LINE
8
BLACK
6
CONTINUOUS
10
0.8308017716535433
20
4.0112116535433069
11
0.8333562598425197
21
4.0095047637795274
0
LINE
8
BLACK
6
CONTINUOUS
10
0.8333562598425197
20
4.0095047637795274
11
0.8350631496062992
21
4.0069502755905511
0
LINE
8
BLACK
6
CONTINUOUS
10
0.8350631496062992
20
4.0069502755905511
11
0.8356625196850394
21
4.0039370078740157
0
LINE
8
BLACK
6
CONTINUOUS
10
0.8356625196850394
20
4.0039370078740157
11
0.8356625196850394
21
3.9488188976377954
0
LINE
8
BLACK
6
CONTINUOUS
10
0.8356625196850394
20
3.9488188976377954
11
0.8350631496062992
21
3.9458056299212596
0
LINE
8
BLACK
6
CONTINUOUS
10
0.8350631496062992
20
3.9458056299212596
11
0.8333562598425197
21
3.9432511417322833
0
LINE
8
BLACK
6
CONTINUOUS
10
0.8333562598425197
20
3.9432511417322833
11
0.8308017716535433
21
3.9415442519685038
0
LINE
8
BLACK
6
CONTINUOUS
10
0.8308017716535433
20
3.9415442519685038
11
0.8277885039370079
21
3.9409448818897639
0
LINE
8
BLACK
6
CONTINUOUS
10
0.8277885039370079
20
3.9409448818897639
11
0.8120404724409449
21
3.9409448818897639
0
LINE
8
BLACK
6
CONTINUOUS
10
0.8120404724409449
20
3.9409448818897639
11
0.8090272047244095
21
3.9415442519685038
0
LINE
8
BLACK
6
CONTINUOUS
10
0.8090272047244095
20
3.9415442519685038
11
0.8064727165354331
21
3.9432511417322833
0
LINE
8
BLACK
6
CONTINUOUS
10
0.8064727165354331
20
3.9432511417322833
11
0.8047658267716535
21
3.9458056299212596
0
LINE
8
BLACK
6
CONTINUOUS
10
0.8047658267716535
20
3.9458056299212596
11
0.8041664566929134
21
3.9488188976377954
0
LINE
8
BLACK
6
CONTINUOUS
10
0.8041664566929134
20
3.9488188976377954
11
0.8041664566929134
21
4.0039370078740157
0
LINE
8
BLACK
6
CONTINUOUS
10
0.8041664566929134
20
4.0039370078740157
11
0.8047658267716535
21
4.0069502755905511
0
LINE
8
BLACK
6
CONTINUOUS
10
0.8047658267716535
20
4.0069502755905511
11
0.8064727165354331
21
4.0095047637795274
0
LINE
8
BLACK
6
CONTINUOUS
10
0.8064727165354331
20
4.0095047637795274
11
0.8090272047244095
21
4.0112116535433069
0
LINE
8
BLACK
6
CONTINUOUS
10
0.8090272047244095
20
4.0112116535433069
11
0.8120404724409449
21
4.0118110236220472
0
LINE
8
BLACK
6
CONTINUOUS
10
0.8120404724409449
20
4.0118110236220472
11
0.8277885039370079
21
4.0118110236220472
0
LINE
8
BLACK
6
CONTINUOUS
10
0.8277885039370079
20
4.0118110236220472
11
0.8308017716535433
21
4.0112116535433069
0
LINE
8
BLACK
6
CONTINUOUS
10
0.6946331102362204
20
4.129509803149606
11
0.6978262598425197
21
4.1273761811023624
0
LINE
8
BLACK
6
CONTINUOUS
10
0.6978262598425197
20
4.1273761811023624
11
0.722881220472441
21
4.1023212204724411
0
LINE
8
BLACK
6
CONTINUOUS
10
0.722881220472441
20
4.1023212204724411
11
0.7250148425196851
21
4.0991280708661417
0
LINE
8
BLACK
6
CONTINUOUS
10
0.7250148425196851
20
4.0991280708661417
11
0.7257640551181103
21
4.095361496062992
0
LINE
8
BLACK
6
CONTINUOUS
10
0.7257640551181103
20
4.095361496062992
11
0.7250148425196851
21
4.0915949606299211
0
LINE
8
BLACK
6
CONTINUOUS
10
0.7250148425196851
20
4.0915949606299211
11
0.722881220472441
21
4.0884018110236218
0
LINE
8
BLACK
6
CONTINUOUS
10
0.722881220472441
20
4.0884018110236218
11
0.7082658267716535
21
4.0737864173228342
0
LINE
8
BLACK
6
CONTINUOUS
10
0.7082658267716535
20
4.0737864173228342
11
0.7050726771653543
21
4.0716527952755905
0
LINE
8
BLACK
6
CONTINUOUS
10
0.7050726771653543
20
4.0716527952755905
11
0.7013061417322835
21
4.0709035826771656
0
LINE
8
BLACK
6
CONTINUOUS
10
0.7013061417322835
20
4.0709035826771656
11
0.6975395669291339
21
4.0716527952755905
0
LINE
8
BLACK
6
CONTINUOUS
10
0.6975395669291339
20
4.0716527952755905
11
0.6943464173228346
21
4.0737864173228342
0
LINE
8
BLACK
6
CONTINUOUS
10
0.6943464173228346
20
4.0737864173228342
11
0.6692914566929133
21
4.0988413779527555
0
LINE
8
BLACK
6
CONTINUOUS
10
0.6692914566929133
20
4.0988413779527555
11
0.6671578346456692
21
4.1020345275590548
0
LINE
8
BLACK
6
CONTINUOUS
10
0.6671578346456692
20
4.1020345275590548
11
0.666408622047244
21
4.1058011023622045
0
LINE
8
BLACK
6
CONTINUOUS
10
0.666408622047244
20
4.1058011023622045
11
0.6671578346456692
21
4.1095676377952755
0
LINE
8
BLACK
6
CONTINUOUS
10
0.6671578346456692
20
4.1095676377952755
11
0.6692914566929133
21
4.1127607874015748
0
LINE
8
BLACK
6
CONTINUOUS
10
0.6692914566929133
20
4.1127607874015748
11
0.6839068503937008
21
4.1273761811023624
0
LINE
8
BLACK
6
CONTINUOUS
10
0.6839068503937008
20
4.1273761811023624
11
0.6870999999999999
21
4.129509803149606
0
LINE
8
BLACK
6
CONTINUOUS
10
0.6870999999999999
20
4.129509803149606
11
0.6908665354330709
21
4.130259015748031
0
LINE
8
BLACK
6
CONTINUOUS
10
0.6908665354330709
20
4.130259015748031
11
0.6946331102362204
21
4.129509803149606
0
LINE
8
BLACK
6
CONTINUOUS
10
0.4516338188976378
20
4.1134240157480315
11
0.454826968503937
21
4.1112904330708657
0
LINE
8
BLACK
6
CONTINUOUS
10
0.454826968503937
20
4.1112904330708657
11
0.4569605511811023
21
4.1080972834645673
0
LINE
8
BLACK
6
CONTINUOUS
10
0.4569605511811023
20
4.1080972834645673
11
0.4577097637795275
21
4.1043307086614176
0
LINE
8
BLACK
6
CONTINUOUS
10
0.4577097637795275
20
4.1043307086614176
11
0.4577097637795275
21
4.0836614173228343
0
LINE
8
BLACK
6
CONTINUOUS
10
0.4577097637795275
20
4.0836614173228343
11
0.4569605511811023
21
4.0798948425196846
0
LINE
8
BLACK
6
CONTINUOUS
10
0.4569605511811023
20
4.0798948425196846
11
0.454826968503937
21
4.0767016929133861
0
LINE
8
BLACK
6
CONTINUOUS
10
0.454826968503937
20
4.0767016929133861
11
0.4516338188976378
21
4.0745681102362203
0
LINE
8
BLACK
6
CONTINUOUS
10
0.4516338188976378
20
4.0745681102362203
11
0.4478672440944882
21
4.0738188976377954
0
LINE
8
BLACK
6
CONTINUOUS
10
0.4478672440944882
20
4.0738188976377954
11
0.4124341732283465
21
4.0738188976377954
0
LINE
8
BLACK
6
CONTINUOUS
10
0.4124341732283465
20
4.0738188976377954
11
0.4086675984251968
21
4.0745681102362203
0
LINE
8
BLACK
6
CONTINUOUS
10
0.4086675984251968
20
4.0745681102362203
11
0.4054744488188976
21
4.0767016929133861
0
LINE
8
BLACK
6
CONTINUOUS
10
0.4054744488188976
20
4.0767016929133861
11
0.4033408661417323
21
4.0798948425196846
0
LINE
8
BLACK
6
CONTINUOUS
10
0.4033408661417323
20
4.0798948425196846
11
0.4025916535433071
21
4.0836614173228343
0
LINE
8
BLACK
6
CONTINUOUS
10
0.4025916535433071
20
4.0836614173228343
11
0.4025916535433071
21
4.1043307086614176
0
LINE
8
BLACK
6
CONTINUOUS
10
0.4025916535433071
20
4.1043307086614176
11
0.4033408661417323
21
4.1080972834645673
0
LINE
8
BLACK
6
CONTINUOUS
10
0.4033408661417323
20
4.1080972834645673
11
0.4054744488188976
21
4.1112904330708657
0
LINE
8
BLACK
6
CONTINUOUS
10
0.4054744488188976
20
4.1112904330708657
11
0.4086675984251968
21
4.1134240157480315
0
LINE
8
BLACK
6
CONTINUOUS
10
0.4086675984251968
20
4.1134240157480315
11
0.4124341732283465
21
4.1141732283464565
0
LINE
8
BLACK
6
CONTINUOUS
10
0.4124341732283465
20
4.1141732283464565
11
0.4478672440944882
21
4.1141732283464565
0
LINE
8
BLACK
6
CONTINUOUS
10
0.4478672440944882
20
4.1141732283464565
11
0.4516338188976378
21
4.1134240157480315
0
LINE
8
BLACK
6
CONTINUOUS
10
0.5274212204724409
20
4.113325590551181
11
0.5306143700787401
21
4.1111920078740161
0
LINE
8
BLACK
6
CONTINUOUS
10
0.5306143700787401
20
4.1111920078740161
11
0.5327479527559055
21
4.1079988582677167
0
LINE
8
BLACK
6
CONTINUOUS
10
0.5327479527559055
20
4.1079988582677167
11
0.5334971653543307
21
4.104232283464567
0
LINE
8
BLACK
6
CONTINUOUS
10
0.5334971653543307
20
4.104232283464567
11
0.5334971653543307
21
4.0845472440944883
0
LINE
8
BLACK
6
CONTINUOUS
10
0.5334971653543307
20
4.0845472440944883
11
0.5327479527559055
21
4.0807806692913386
0
LINE
8
BLACK
6
CONTINUOUS
10
0.5327479527559055
20
4.0807806692913386
11
0.5306143700787401
21
4.0775875196850393
0
LINE
8
BLACK
6
CONTINUOUS
10
0.5306143700787401
20
4.0775875196850393
11
0.5274212204724409
21
4.0754539370078735
0
LINE
8
BLACK
6
CONTINUOUS
10
0.5274212204724409
20
4.0754539370078735
11
0.5236546456692913
21
4.0747047244094485
0
LINE
8
BLACK
6
CONTINUOUS
10
0.5236546456692913
20
4.0747047244094485
11
0.4862530708661417
21
4.0747047244094485
0
LINE
8
BLACK
6
CONTINUOUS
10
0.4862530708661417
20
4.0747047244094485
11
0.4824864960629921
21
4.0754539370078735
0
LINE
8
BLACK
6
CONTINUOUS
10
0.4824864960629921
20
4.0754539370078735
11
0.4792933464566929
21
4.0775875196850393
0
LINE
8
BLACK
6
CONTINUOUS
10
0.4792933464566929
20
4.0775875196850393
11
0.4771597637795276
21
4.0807806692913386
0
LINE
8
BLACK
6
CONTINUOUS
10
0.4771597637795276
20
4.0807806692913386
11
0.4764105511811024
21
4.0845472440944883
0
LINE
8
BLACK
6
CONTINUOUS
10
0.4764105511811024
20
4.0845472440944883
11
0.4764105511811024
21
4.104232283464567
0
LINE
8
BLACK
6
CONTINUOUS
10
0.4764105511811024
20
4.104232283464567
11
0.4771597637795276
21
4.1079988582677167
0
LINE
8
BLACK
6
CONTINUOUS
10
0.4771597637795276
20
4.1079988582677167
11
0.4792933464566929
21
4.1111920078740161
0
LINE
8
BLACK
6
CONTINUOUS
10
0.4792933464566929
20
4.1111920078740161
11
0.4824864960629921
21
4.113325590551181
0
LINE
8
BLACK
6
CONTINUOUS
10
0.4824864960629921
20
4.113325590551181
11
0.4862530708661417
21
4.1140748031496059
0
LINE
8
BLACK
6
CONTINUOUS
10
0.4862530708661417
20
4.1140748031496059
11
0.5236546456692913
21
4.1140748031496059
0
LINE
8
BLACK
6
CONTINUOUS
10
0.5236546456692913
20
4.1140748031496059
11
0.5274212204724409
21
4.113325590551181
0
LINE
8
BLACK
6
CONTINUOUS
10
0.7454390157480315
20
4.1803157086614169
11
0.7486321653543306
21
4.1781820866141732
0
LINE
8
BLACK
6
CONTINUOUS
10
0.7486321653543306
20
4.1781820866141732
11
0.7736871259842519
21
4.1531271259842519
0
LINE
8
BLACK
6
CONTINUOUS
10
0.7736871259842519
20
4.1531271259842519
11
0.775820748031496
21
4.1499339763779526
0
LINE
8
BLACK
6
CONTINUOUS
10
0.775820748031496
20
4.1499339763779526
11
0.7765699606299212
21
4.1461674015748029
0
LINE
8
BLACK
6
CONTINUOUS
10
0.7765699606299212
20
4.1461674015748029
11
0.775820748031496
21
4.142400866141732
0
LINE
8
BLACK
6
CONTINUOUS
10
0.775820748031496
20
4.142400866141732
11
0.7736871259842519
21
4.1392077165354326
0
LINE
8
BLACK
6
CONTINUOUS
10
0.7736871259842519
20
4.1392077165354326
11
0.7590717322834646
21
4.1245923228346459
0
LINE
8
BLACK
6
CONTINUOUS
10
0.7590717322834646
20
4.1245923228346459
11
0.7558785826771653
21
4.1224587007874014
0
LINE
8
BLACK
6
CONTINUOUS
10
0.7558785826771653
20
4.1224587007874014
11
0.7521120472440944
21
4.1217094881889764
0
LINE
8
BLACK
6
CONTINUOUS
10
0.7521120472440944
20
4.1217094881889764
11
0.7483454724409448
21
4.1224587007874014
0
LINE
8
BLACK
6
CONTINUOUS
10
0.7483454724409448
20
4.1224587007874014
11
0.7451523228346456
21
4.1245923228346459
0
LINE
8
BLACK
6
CONTINUOUS
10
0.7451523228346456
20
4.1245923228346459
11
0.7200973622047244
21
4.1496472834645672
0
LINE
8
BLACK
6
CONTINUOUS
10
0.7200973622047244
20
4.1496472834645672
11
0.7179637401574803
21
4.1528404330708657
0
LINE
8
BLACK
6
CONTINUOUS
10
0.7179637401574803
20
4.1528404330708657
11
0.7172145275590551
21
4.1566070078740154
0
LINE
8
BLACK
6
CONTINUOUS
10
0.7172145275590551
20
4.1566070078740154
11
0.7179637401574803
21
4.1603735433070863
0
LINE
8
BLACK
6
CONTINUOUS
10
0.7179637401574803
20
4.1603735433070863
11
0.7200973622047244
21
4.1635666929133857
0
LINE
8
BLACK
6
CONTINUOUS
10
0.7200973622047244
20
4.1635666929133857
11
0.7347127559055118
21
4.1781820866141732
0
LINE
8
BLACK
6
CONTINUOUS
10
0.7347127559055118
20
4.1781820866141732
11
0.737905905511811
21
4.1803157086614169
0
LINE
8
BLACK
6
CONTINUOUS
10
0.737905905511811
20
4.1803157086614169
11
0.7416724409448818
21
4.1810649212598427
0
LINE
8
BLACK
6
CONTINUOUS
10
0.7416724409448818
20
4.1810649212598427
11
0.7454390157480315
21
4.1803157086614169
0
LINE
8
BLACK
6
CONTINUOUS
10
0.6326835433070866
20
4.185670472440945
11
0.6358766929133858
21
4.1835368503937005
0
LINE
8
BLACK
6
CONTINUOUS
10
0.6358766929133858
20
4.1835368503937005
11
0.6609316535433071
21
4.1584818897637792
0
LINE
8
BLACK
6
CONTINUOUS
10
0.6609316535433071
20
4.1584818897637792
11
0.6630652755905512
21
4.1552887401574798
0
LINE
8
BLACK
6
CONTINUOUS
10
0.6630652755905512
20
4.1552887401574798
11
0.6638144881889764
21
4.1515221653543311
0
LINE
8
BLACK
6
CONTINUOUS
10
0.6638144881889764
20
4.1515221653543311
11
0.6630652755905512
21
4.1477556299212601
0
LINE
8
BLACK
6
CONTINUOUS
10
0.6630652755905512
20
4.1477556299212601
11
0.6609316535433071
21
4.1445624803149608
0
LINE
8
BLACK
6
CONTINUOUS
10
0.6609316535433071
20
4.1445624803149608
11
0.6463162598425197
21
4.1299470866141732
0
LINE
8
BLACK
6
CONTINUOUS
10
0.6463162598425197
20
4.1299470866141732
11
0.6431231102362205
21
4.1278134645669287
0
LINE
8
BLACK
6
CONTINUOUS
10
0.6431231102362205
20
4.1278134645669287
11
0.6393565748031496
21
4.1270642519685037
0
LINE
8
BLACK
6
CONTINUOUS
10
0.6393565748031496
20
4.1270642519685037
11
0.63559
21
4.1278134645669287
0
LINE
8
BLACK
6
CONTINUOUS
10
0.63559
20
4.1278134645669287
11
0.6323968503937007
21
4.1299470866141732
0
LINE
8
BLACK
6
CONTINUOUS
10
0.6323968503937007
20
4.1299470866141732
11
0.6073418897637796
21
4.1550020472440945
0
LINE
8
BLACK
6
CONTINUOUS
10
0.6073418897637796
20
4.1550020472440945
11
0.6052082677165355
21
4.1581951968503938
0
LINE
8
BLACK
6
CONTINUOUS
10
0.6052082677165355
20
4.1581951968503938
11
0.6044590551181103
21
4.1619617716535435
0
LINE
8
BLACK
6
CONTINUOUS
10
0.6044590551181103
20
4.1619617716535435
11
0.6052082677165355
21
4.1657283070866145
0
LINE
8
BLACK
6
CONTINUOUS
10
0.6052082677165355
20
4.1657283070866145
11
0.6073418897637796
21
4.1689214566929129
0
LINE
8
BLACK
6
CONTINUOUS
10
0.6073418897637796
20
4.1689214566929129
11
0.6219572834645669
21
4.1835368503937005
0
LINE
8
BLACK
6
CONTINUOUS
10
0.6219572834645669
20
4.1835368503937005
11
0.6251504330708662
21
4.185670472440945
0
LINE
8
BLACK
6
CONTINUOUS
10
0.6251504330708662
20
4.185670472440945
11
0.628916968503937
21
4.18641968503937
0
LINE
8
BLACK
6
CONTINUOUS
10
0.628916968503937
20
4.18641968503937
11
0.6326835433070866
21
4.185670472440945
0
LINE
8
BLACK
6
CONTINUOUS
10
0.4516338188976378
20
4.1852744094488186
11
0.454826968503937
21
4.1831408267716537
0
LINE
8
BLACK
6
CONTINUOUS
10
0.454826968503937
20
4.1831408267716537
11
0.4569605511811023
21
4.1799476771653543
0
LINE
8
BLACK
6
CONTINUOUS
10
0.4569605511811023
20
4.1799476771653543
11
0.4577097637795275
21
4.1761811023622046
0
LINE
8
BLACK
6
CONTINUOUS
10
0.4577097637795275
20
4.1761811023622046
11
0.4577097637795275
21
4.1555118110236222
0
LINE
8
BLACK
6
CONTINUOUS
10
0.4577097637795275
20
4.1555118110236222
11
0.4569605511811023
21
4.1517452362204725
0
LINE
8
BLACK
6
CONTINUOUS
10
0.4569605511811023
20
4.1517452362204725
11
0.454826968503937
21
4.1485520866141732
0
LINE
8
BLACK
6
CONTINUOUS
10
0.454826968503937
20
4.1485520866141732
11
0.4516338188976378
21
4.1464185039370074
0
LINE
8
BLACK
6
CONTINUOUS
10
0.4516338188976378
20
4.1464185039370074
11
0.4478672440944882
21
4.1456692913385824
0
LINE
8
BLACK
6
CONTINUOUS
10
0.4478672440944882
20
4.1456692913385824
11
0.4124341732283465
21
4.1456692913385824
0
LINE
8
BLACK
6
CONTINUOUS
10
0.4124341732283465
20
4.1456692913385824
11
0.4086675984251968
21
4.1464185039370074
0
LINE
8
BLACK
6
CONTINUOUS
10
0.4086675984251968
20
4.1464185039370074
11
0.4054744488188976
21
4.1485520866141732
0
LINE
8
BLACK
6
CONTINUOUS
10
0.4054744488188976
20
4.1485520866141732
11
0.4033408661417323
21
4.1517452362204725
0
LINE
8
BLACK
6
CONTINUOUS
10
0.4033408661417323
20
4.1517452362204725
11
0.4025916535433071
21
4.1555118110236222
0
LINE
8
BLACK
6
CONTINUOUS
10
0.4025916535433071
20
4.1555118110236222
11
0.4025916535433071
21
4.1761811023622046
0
LINE
8
BLACK
6
CONTINUOUS
10
0.4025916535433071
20
4.1761811023622046
11
0.4033408661417323
21
4.1799476771653543
0
LINE
8
BLACK
6
CONTINUOUS
10
0.4033408661417323
20
4.1799476771653543
11
0.4054744488188976
21
4.1831408267716537
0
LINE
8
BLACK
6
CONTINUOUS
10
0.4054744488188976
20
4.1831408267716537
11
0.4086675984251968
21
4.1852744094488186
0
LINE
8
BLACK
6
CONTINUOUS
10
0.4086675984251968
20
4.1852744094488186
11
0.4124341732283465
21
4.1860236220472444
0
LINE
8
BLACK
6
CONTINUOUS
10
0.4124341732283465
20
4.1860236220472444
11
0.4478672440944882
21
4.1860236220472444
0
LINE
8
BLACK
6
CONTINUOUS
10
0.4478672440944882
20
4.1860236220472444
11
0.4516338188976378
21
4.1852744094488186
0
LINE
8
BLACK
6
CONTINUOUS
10
0.5274212204724409
20
4.18812874015748
11
0.5306143700787401
21
4.1859951574803151
0
LINE
8
BLACK
6
CONTINUOUS
10
0.5306143700787401
20
4.1859951574803151
11
0.5327479527559055
21
4.1828020078740158
0
LINE
8
BLACK
6
CONTINUOUS
10
0.5327479527559055
20
4.1828020078740158
11
0.5334971653543307
21
4.1790354330708661
0
LINE
8
BLACK
6
CONTINUOUS
10
0.5334971653543307
20
4.1790354330708661
11
0.5334971653543307
21
4.1593503937007874
0
LINE
8
BLACK
6
CONTINUOUS
10
0.5334971653543307
20
4.1593503937007874
11
0.5327479527559055
21
4.1555838188976377
0
LINE
8
BLACK
6
CONTINUOUS
10
0.5327479527559055
20
4.1555838188976377
11
0.5306143700787401
21
4.1523906692913384
0
LINE
8
BLACK
6
CONTINUOUS
10
0.5306143700787401
20
4.1523906692913384
11
0.5274212204724409
21
4.1502570866141735
0
LINE
8
BLACK
6
CONTINUOUS
10
0.5274212204724409
20
4.1502570866141735
11
0.5236546456692913
21
4.1495078740157476
0
LINE
8
BLACK
6
CONTINUOUS
10
0.5236546456692913
20
4.1495078740157476
11
0.4862530708661417
21
4.1495078740157476
0
LINE
8
BLACK
6
CONTINUOUS
10
0.4862530708661417
20
4.1495078740157476
11
0.4824864960629921
21
4.1502570866141735
0
LINE
8
BLACK
6
CONTINUOUS
10
0.4824864960629921
20
4.1502570866141735
11
0.4792933464566929
21
4.1523906692913384
0
LINE
8
BLACK
6
CONTINUOUS
10
0.4792933464566929
20
4.1523906692913384
11
0.4771597637795276
21
4.1555838188976377
0
LINE
8
BLACK
6
CONTINUOUS
10
0.4771597637795276
20
4.1555838188976377
11
0.4764105511811024
21
4.1593503937007874
0
LINE
8
BLACK
6
CONTINUOUS
10
0.4764105511811024
20
4.1593503937007874
11
0.4764105511811024
21
4.1790354330708661
0
LINE
8
BLACK
6
CONTINUOUS
10
0.4764105511811024
20
4.1790354330708661
11
0.4771597637795276
21
4.1828020078740158
0
LINE
8
BLACK
6
CONTINUOUS
10
0.4771597637795276
20
4.1828020078740158
11
0.4792933464566929
21
4.1859951574803151
0
LINE
8
BLACK
6
CONTINUOUS
10
0.4792933464566929
20
4.1859951574803151
11
0.4824864960629921
21
4.18812874015748
0
LINE
8
BLACK
6
CONTINUOUS
10
0.4824864960629921
20
4.18812874015748
11
0.4862530708661417
21
4.188877952755905
0
LINE
8
BLACK
6
CONTINUOUS
10
0.4862530708661417
20
4.188877952755905
11
0.5236546456692913
21
4.188877952755905
0
LINE
8
BLACK
6
CONTINUOUS
10
0.5236546456692913
20
4.188877952755905
11
0.5274212204724409
21
4.18812874015748
0
LINE
8
BLACK
6
CONTINUOUS
10
0.3206603937007874
20
4.1814477165354331
11
0.3225443307086614
21
4.1801888976377954
0
LINE
8
BLACK
6
CONTINUOUS
10
0.3225443307086614
20
4.1801888976377954
11
0.3238031496062992
21
4.1783049606299212
0
LINE
8
BLACK
6
CONTINUOUS
10
0.3238031496062992
20
4.1783049606299212
11
0.3242451968503937
21
4.1760826771653541
0
LINE
8
BLACK
6
CONTINUOUS
10
0.3242451968503937
20
4.1760826771653541
11
0.3242451968503937
21
4.1624999999999996
0
LINE
8
BLACK
6
CONTINUOUS
10
0.3242451968503937
20
4.1624999999999996
11
0.3238031496062992
21
4.1602777165354325
0
LINE
8
BLACK
6
CONTINUOUS
10
0.3238031496062992
20
4.1602777165354325
11
0.3225443307086614
21
4.1583937795275592
0
LINE
8
BLACK
6
CONTINUOUS
10
0.3225443307086614
20
4.1583937795275592
11
0.3206603937007874
21
4.1571349606299215
0
LINE
8
BLACK
6
CONTINUOUS
10
0.3206603937007874
20
4.1571349606299215
11
0.3184381102362205
21
4.156692913385827
0
LINE
8
BLACK
6
CONTINUOUS
10
0.3184381102362205
20
4.156692913385827
11
0.306823937007874
21
4.156692913385827
0
LINE
8
BLACK
6
CONTINUOUS
10
0.306823937007874
20
4.156692913385827
11
0.3046016535433071
21
4.1571349606299215
0
LINE
8
BLACK
6
CONTINUOUS
10
0.3046016535433071
20
4.1571349606299215
11
0.3027177165354331
21
4.1583937795275592
0
LINE
8
BLACK
6
CONTINUOUS
10
0.3027177165354331
20
4.1583937795275592
11
0.3014588976377953
21
4.1602777165354325
0
LINE
8
BLACK
6
CONTINUOUS
10
0.3014588976377953
20
4.1602777165354325
11
0.3010168503937008
21
4.1624999999999996
0
LINE
8
BLACK
6
CONTINUOUS
10
0.3010168503937008
20
4.1624999999999996
11
0.3010168503937008
21
4.1760826771653541
0
LINE
8
BLACK
6
CONTINUOUS
10
0.3010168503937008
20
4.1760826771653541
11
0.3014588976377953
21
4.1783049606299212
0
LINE
8
BLACK
6
CONTINUOUS
10
0.3014588976377953
20
4.1783049606299212
11
0.3027177165354331
21
4.1801888976377954
0
LINE
8
BLACK
6
CONTINUOUS
10
0.3027177165354331
20
4.1801888976377954
11
0.3046016535433071
21
4.1814477165354331
0
LINE
8
BLACK
6
CONTINUOUS
10
0.3046016535433071
20
4.1814477165354331
11
0.306823937007874
21
4.1818897637795276
0
LINE
8
BLACK
6
CONTINUOUS
10
0.306823937007874
20
4.1818897637795276
11
0.3184381102362205
21
4.1818897637795276
0
LINE
8
BLACK
6
CONTINUOUS
10
0.3184381102362205
20
4.1818897637795276
11
0.3206603937007874
21
4.1814477165354331
0
LINE
8
BLACK
6
CONTINUOUS
10
0.3588493700787401
20
4.1814477165354331
11
0.3607333070866142
21
4.1801888976377954
0
LINE
8
BLACK
6
CONTINUOUS
10
0.3607333070866142
20
4.1801888976377954
11
0.361992125984252
21
4.1783049606299212
0
LINE
8
BLACK
6
CONTINUOUS
10
0.361992125984252
20
4.1783049606299212
11
0.3624341732283464
21
4.1760826771653541
0
LINE
8
BLACK
6
CONTINUOUS
10
0.3624341732283464
20
4.1760826771653541
11
0.3624341732283464
21
4.1624999999999996
0
LINE
8
BLACK
6
CONTINUOUS
10
0.3624341732283464
20
4.1624999999999996
11
0.361992125984252
21
4.1602777165354325
0
LINE
8
BLACK
6
CONTINUOUS
10
0.361992125984252
20
4.1602777165354325
11
0.3607333070866142
21
4.1583937795275592
0
LINE
8
BLACK
6
CONTINUOUS
10
0.3607333070866142
20
4.1583937795275592
11
0.3588493700787401
21
4.1571349606299215
0
LINE
8
BLACK
6
CONTINUOUS
10
0.3588493700787401
20
4.1571349606299215
11
0.3566270866141732
21
4.156692913385827
0
LINE
8
BLACK
6
CONTINUOUS
10
0.3566270866141732
20
4.156692913385827
11
0.3450129133858267
21
4.156692913385827
0
LINE
8
BLACK
6
CONTINUOUS
10
0.3450129133858267
20
4.156692913385827
11
0.3427906299212599
21
4.1571349606299215
0
LINE
8
BLACK
6
CONTINUOUS
10
0.3427906299212599
20
4.1571349606299215
11
0.3409066929133858
21
4.1583937795275592
0
LINE
8
BLACK
6
CONTINUOUS
10
0.3409066929133858
20
4.1583937795275592
11
0.339647874015748
21
4.1602777165354325
0
LINE
8
BLACK
6
CONTINUOUS
10
0.339647874015748
20
4.1602777165354325
11
0.3392058267716536
21
4.1624999999999996
0
LINE
8
BLACK
6
CONTINUOUS
10
0.3392058267716536
20
4.1624999999999996
11
0.3392058267716536
21
4.1760826771653541
0
LINE
8
BLACK
6
CONTINUOUS
10
0.3392058267716536
20
4.1760826771653541
11
0.339647874015748
21
4.1783049606299212
0
LINE
8
BLACK
6
CONTINUOUS
10
0.339647874015748
20
4.1783049606299212
11
0.3409066929133858
21
4.1801888976377954
0
LINE
8
BLACK
6
CONTINUOUS
10
0.3409066929133858
20
4.1801888976377954
11
0.3427906299212599
21
4.1814477165354331
0
LINE
8
BLACK
6
CONTINUOUS
10
0.3427906299212599
20
4.1814477165354331
11
0.3450129133858267
21
4.1818897637795276
0
LINE
8
BLACK
6
CONTINUOUS
10
0.3450129133858267
20
4.1818897637795276
11
0.3566270866141732
21
4.1818897637795276
0
LINE
8
BLACK
6
CONTINUOUS
10
0.3566270866141732
20
4.1818897637795276
11
0.3588493700787401
21
4.1814477165354331
0
LINE
8
BLACK
6
CONTINUOUS
10
0.6834894488188976
20
4.2364763779527559
11
0.6866825984251969
21
4.2343427559055113
0
LINE
8
BLACK
6
CONTINUOUS
10
0.6866825984251969
20
4.2343427559055113
11
0.711737559055118
21
4.20928779527559
0
LINE
8
BLACK
6
CONTINUOUS
10
0.711737559055118
20
4.20928779527559
11
0.7138711811023621
21
4.2060946456692916
0
LINE
8
BLACK
6
CONTINUOUS
10
0.7138711811023621
20
4.2060946456692916
11
0.7146203937007873
21
4.2023280708661419
0
LINE
8
BLACK
6
CONTINUOUS
10
0.7146203937007873
20
4.2023280708661419
11
0.7138711811023621
21
4.198561535433071
0
LINE
8
BLACK
6
CONTINUOUS
10
0.7138711811023621
20
4.198561535433071
11
0.711737559055118
21
4.1953683858267716
0
LINE
8
BLACK
6
CONTINUOUS
10
0.711737559055118
20
4.1953683858267716
11
0.6971221653543307
21
4.1807529921259841
0
LINE
8
BLACK
6
CONTINUOUS
10
0.6971221653543307
20
4.1807529921259841
11
0.6939290157480315
21
4.1786193700787404
0
LINE
8
BLACK
6
CONTINUOUS
10
0.6939290157480315
20
4.1786193700787404
11
0.6901624803149606
21
4.1778701574803145
0
LINE
8
BLACK
6
CONTINUOUS
10
0.6901624803149606
20
4.1778701574803145
11
0.686395905511811
21
4.1786193700787404
0
LINE
8
BLACK
6
CONTINUOUS
10
0.686395905511811
20
4.1786193700787404
11
0.6832027559055118
21
4.1807529921259841
0
LINE
8
BLACK
6
CONTINUOUS
10
0.6832027559055118
20
4.1807529921259841
11
0.6581477952755905
21
4.2058079527559054
0
LINE
8
BLACK
6
CONTINUOUS
10
0.6581477952755905
20
4.2058079527559054
11
0.6560141732283464
21
4.2090011023622047
0
LINE
8
BLACK
6
CONTINUOUS
10
0.6560141732283464
20
4.2090011023622047
11
0.6552649606299212
21
4.2127676771653544
0
LINE
8
BLACK
6
CONTINUOUS
10
0.6552649606299212
20
4.2127676771653544
11
0.6560141732283464
21
4.2165342125984253
0
LINE
8
BLACK
6
CONTINUOUS
10
0.6560141732283464
20
4.2165342125984253
11
0.6581477952755905
21
4.2197273622047247
0
LINE
8
BLACK
6
CONTINUOUS
10
0.6581477952755905
20
4.2197273622047247
11
0.672763188976378
21
4.2343427559055113
0
LINE
8
BLACK
6
CONTINUOUS
10
0.672763188976378
20
4.2343427559055113
11
0.6759563385826771
21
4.2364763779527559
0
LINE
8
BLACK
6
CONTINUOUS
10
0.6759563385826771
20
4.2364763779527559
11
0.679722874015748
21
4.2372255905511809
0
LINE
8
BLACK
6
CONTINUOUS
10
0.679722874015748
20
4.2372255905511809
11
0.6834894488188976
21
4.2364763779527559
0
LINE
8
BLACK
6
CONTINUOUS
10
0.8723712992125984
20
4.2160859055118109
11
0.8742871653543307
21
4.2148057480314955
0
LINE
8
BLACK
6
CONTINUOUS
10
0.8742871653543307
20
4.2148057480314955
11
0.8755673228346457
21
4.2128898818897635
0
LINE
8
BLACK
6
CONTINUOUS
10
0.8755673228346457
20
4.2128898818897635
11
0.8760168503937008
21
4.2106299212598426
0
LINE
8
BLACK
6
CONTINUOUS
10
0.8760168503937008
20
4.2106299212598426
11
0.8760168503937008
21
4.1988188976377954
0
LINE
8
BLACK
6
CONTINUOUS
10
0.8760168503937008
20
4.1988188976377954
11
0.8755673228346457
21
4.1965589370078735
0
LINE
8
BLACK
6
CONTINUOUS
10
0.8755673228346457
20
4.1965589370078735
11
0.8742871653543307
21
4.1946430708661415
0
LINE
8
BLACK
6
CONTINUOUS
10
0.8742871653543307
20
4.1946430708661415
11
0.8723712992125984
21
4.193362913385827
0
LINE
8
BLACK
6
CONTINUOUS
10
0.8723712992125984
20
4.193362913385827
11
0.8701113385826772
21
4.1929133858267713
0
LINE
8
BLACK
6
CONTINUOUS
10
0.8701113385826772
20
4.1929133858267713
11
0.8297570078740157
21
4.1929133858267713
0
LINE
8
BLACK
6
CONTINUOUS
10
0.8297570078740157
20
4.1929133858267713
11
0.8274970472440945
21
4.193362913385827
0
LINE
8
BLACK
6
CONTINUOUS
10
0.8274970472440945
20
4.193362913385827
11
0.8255811811023622
21
4.1946430708661415
0
LINE
8
BLACK
6
CONTINUOUS
10
0.8255811811023622
20
4.1946430708661415
11
0.8243010236220473
21
4.1965589370078735
0
LINE
8
BLACK
6
CONTINUOUS
10
0.8243010236220473
20
4.1965589370078735
11
0.8238514960629921
21
4.1988188976377954
0
LINE
8
BLACK
6
CONTINUOUS
10
0.8238514960629921
20
4.1988188976377954
11
0.8238514960629921
21
4.2106299212598426
0
LINE
8
BLACK
6
CONTINUOUS
10
0.8238514960629921
20
4.2106299212598426
11
0.8243010236220473
21
4.2128898818897635
0
LINE
8
BLACK
6
CONTINUOUS
10
0.8243010236220473
20
4.2128898818897635
11
0.8255811811023622
21
4.2148057480314955
0
LINE
8
BLACK
6
CONTINUOUS
10
0.8255811811023622
20
4.2148057480314955
11
0.8274970472440945
21
4.2160859055118109
0
LINE
8
BLACK
6
CONTINUOUS
10
0.8274970472440945
20
4.2160859055118109
11
0.8297570078740157
21
4.2165354330708658
0
LINE
8
BLACK
6
CONTINUOUS
10
0.8297570078740157
20
4.2165354330708658
11
0.8701113385826772
21
4.2165354330708658
0
LINE
8
BLACK
6
CONTINUOUS
10
0.8701113385826772
20
4.2165354330708658
11
0.8723712992125984
21
4.2160859055118109
0
LINE
8
BLACK
6
CONTINUOUS
10
0.9619382283464567
20
4.2160859055118109
11
0.9638540944881889
21
4.2148057480314955
0
LINE
8
BLACK
6
CONTINUOUS
10
0.9638540944881889
20
4.2148057480314955
11
0.9651342519685039
21
4.2128898818897635
0
LINE
8
BLACK
6
CONTINUOUS
10
0.9651342519685039
20
4.2128898818897635
11
0.965583779527559
21
4.2106299212598426
0
LINE
8
BLACK
6
CONTINUOUS
10
0.965583779527559
20
4.2106299212598426
11
0.965583779527559
21
4.1988188976377954
0
LINE
8
BLACK
6
CONTINUOUS
10
0.965583779527559
20
4.1988188976377954
11
0.9651342519685039
21
4.1965589370078735
0
LINE
8
BLACK
6
CONTINUOUS
10
0.9651342519685039
20
4.1965589370078735
11
0.9638540944881889
21
4.1946430708661415
0
LINE
8
BLACK
6
CONTINUOUS
10
0.9638540944881889
20
4.1946430708661415
11
0.9619382283464567
21
4.193362913385827
0
LINE
8
BLACK
6
CONTINUOUS
10
0.9619382283464567
20
4.193362913385827
11
0.9596782677165354
21
4.1929133858267713
0
LINE
8
BLACK
6
CONTINUOUS
10
0.9596782677165354
20
4.1929133858267713
11
0.919323937007874
21
4.1929133858267713
0
LINE
8
BLACK
6
CONTINUOUS
10
0.919323937007874
20
4.1929133858267713
11
0.9170639763779528
21
4.193362913385827
0
LINE
8
BLACK
6
CONTINUOUS
10
0.9170639763779528
20
4.193362913385827
11
0.9151481102362204
21
4.1946430708661415
0
LINE
8
BLACK
6
CONTINUOUS
10
0.9151481102362204
20
4.1946430708661415
11
0.9138679527559055
21
4.1965589370078735
0
LINE
8
BLACK
6
CONTINUOUS
10
0.9138679527559055
20
4.1965589370078735
11
0.9134184251968503
21
4.1988188976377954
0
LINE
8
BLACK
6
CONTINUOUS
10
0.9134184251968503
20
4.1988188976377954
11
0.9134184251968503
21
4.2106299212598426
0
LINE
8
BLACK
6
CONTINUOUS
10
0.9134184251968503
20
4.2106299212598426
11
0.9138679527559055
21
4.2128898818897635
0
LINE
8
BLACK
6
CONTINUOUS
10
0.9138679527559055
20
4.2128898818897635
11
0.9151481102362204
21
4.2148057480314955
0
LINE
8
BLACK
6
CONTINUOUS
10
0.9151481102362204
20
4.2148057480314955
11
0.9170639763779528
21
4.2160859055118109
0
LINE
8
BLACK
6
CONTINUOUS
10
0.9170639763779528
20
4.2160859055118109
11
0.919323937007874
21
4.2165354330708658
0
LINE
8
BLACK
6
CONTINUOUS
10
0.919323937007874
20
4.2165354330708658
11
0.9596782677165354
21
4.2165354330708658
0
LINE
8
BLACK
6
CONTINUOUS
10
0.9596782677165354
20
4.2165354330708658
11
0.9619382283464567
21
4.2160859055118109
0
LINE
8
BLACK
6
CONTINUOUS
10
0.8723712992125984
20
4.2534874409448822
11
0.8742871653543307
21
4.2522072834645668
0
LINE
8
BLACK
6
CONTINUOUS
10
0.8742871653543307
20
4.2522072834645668
11
0.8755673228346457
21
4.2502914173228348
0
LINE
8
BLACK
6
CONTINUOUS
10
0.8755673228346457
20
4.2502914173228348
11
0.8760168503937008
21
4.2480314566929129
0
LINE
8
BLACK
6
CONTINUOUS
10
0.8760168503937008
20
4.2480314566929129
11
0.8760168503937008
21
4.2362204330708657
0
LINE
8
BLACK
6
CONTINUOUS
10
0.8760168503937008
20
4.2362204330708657
11
0.8755673228346457
21
4.2339604724409448
0
LINE
8
BLACK
6
CONTINUOUS
10
0.8755673228346457
20
4.2339604724409448
11
0.8742871653543307
21
4.2320446062992128
0
LINE
8
BLACK
6
CONTINUOUS
10
0.8742871653543307
20
4.2320446062992128
11
0.8723712992125984
21
4.2307644488188973
0
LINE
8
BLACK
6
CONTINUOUS
10
0.8723712992125984
20
4.2307644488188973
11
0.8701113385826772
21
4.2303149212598425
0
LINE
8
BLACK
6
CONTINUOUS
10
0.8701113385826772
20
4.2303149212598425
11
0.8297570078740157
21
4.2303149212598425
0
LINE
8
BLACK
6
CONTINUOUS
10
0.8297570078740157
20
4.2303149212598425
11
0.8274970472440945
21
4.2307644488188973
0
LINE
8
BLACK
6
CONTINUOUS
10
0.8274970472440945
20
4.2307644488188973
11
0.8255811811023622
21
4.2320446062992128
0
LINE
8
BLACK
6
CONTINUOUS
10
0.8255811811023622
20
4.2320446062992128
11
0.8243010236220473
21
4.2339604724409448
0
LINE
8
BLACK
6
CONTINUOUS
10
0.8243010236220473
20
4.2339604724409448
11
0.8238514960629921
21
4.2362204330708657
0
LINE
8
BLACK
6
CONTINUOUS
10
0.8238514960629921
20
4.2362204330708657
11
0.8238514960629921
21
4.2480314566929129
0
LINE
8
BLACK
6
CONTINUOUS
10
0.8238514960629921
20
4.2480314566929129
11
0.8243010236220473
21
4.2502914173228348
0
LINE
8
BLACK
6
CONTINUOUS
10
0.8243010236220473
20
4.2502914173228348
11
0.8255811811023622
21
4.2522072834645668
0
LINE
8
BLACK
6
CONTINUOUS
10
0.8255811811023622
20
4.2522072834645668
11
0.8274970472440945
21
4.2534874409448822
0
LINE
8
BLACK
6
CONTINUOUS
10
0.8274970472440945
20
4.2534874409448822
11
0.8297570078740157
21
4.253936968503937
0
LINE
8
BLACK
6
CONTINUOUS
10
0.8297570078740157
20
4.253936968503937
11
0.8701113385826772
21
4.253936968503937
0
LINE
8
BLACK
6
CONTINUOUS
10
0.8701113385826772
20
4.253936968503937
11
0.8723712992125984
21
4.2534874409448822
0
LINE
8
BLACK
6
CONTINUOUS
10
0.9619382283464567
20
4.2534874409448822
11
0.9638540944881889
21
4.2522072834645668
0
LINE
8
BLACK
6
CONTINUOUS
10
0.9638540944881889
20
4.2522072834645668
11
0.9651342519685039
21
4.2502914173228348
0
LINE
8
BLACK
6
CONTINUOUS
10
0.9651342519685039
20
4.2502914173228348
11
0.965583779527559
21
4.2480314566929129
0
LINE
8
BLACK
6
CONTINUOUS
10
0.965583779527559
20
4.2480314566929129
11
0.965583779527559
21
4.2362204330708657
0
LINE
8
BLACK
6
CONTINUOUS
10
0.965583779527559
20
4.2362204330708657
11
0.9651342519685039
21
4.2339604724409448
0
LINE
8
BLACK
6
CONTINUOUS
10
0.9651342519685039
20
4.2339604724409448
11
0.9638540944881889
21
4.2320446062992128
0
LINE
8
BLACK
6
CONTINUOUS
10
0.9638540944881889
20
4.2320446062992128
11
0.9619382283464567
21
4.2307644488188973
0
LINE
8
BLACK
6
CONTINUOUS
10
0.9619382283464567
20
4.2307644488188973
11
0.9596782677165354
21
4.2303149212598425
0
LINE
8
BLACK
6
CONTINUOUS
10
0.9596782677165354
20
4.2303149212598425
11
0.919323937007874
21
4.2303149212598425
0
LINE
8
BLACK
6
CONTINUOUS
10
0.919323937007874
20
4.2303149212598425
11
0.9170639763779528
21
4.2307644488188973
0
LINE
8
BLACK
6
CONTINUOUS
10
0.9170639763779528
20
4.2307644488188973
11
0.9151481102362204
21
4.2320446062992128
0
LINE
8
BLACK
6
CONTINUOUS
10
0.9151481102362204
20
4.2320446062992128
11
0.9138679527559055
21
4.2339604724409448
0
LINE
8
BLACK
6
CONTINUOUS
10
0.9138679527559055
20
4.2339604724409448
11
0.9134184251968503
21
4.2362204330708657
0
LINE
8
BLACK
6
CONTINUOUS
10
0.9134184251968503
20
4.2362204330708657
11
0.9134184251968503
21
4.2480314566929129
0
LINE
8
BLACK
6
CONTINUOUS
10
0.9134184251968503
20
4.2480314566929129
11
0.9138679527559055
21
4.2502914173228348
0
LINE
8
BLACK
6
CONTINUOUS
10
0.9138679527559055
20
4.2502914173228348
11
0.9151481102362204
21
4.2522072834645668
0
LINE
8
BLACK
6
CONTINUOUS
10
0.9151481102362204
20
4.2522072834645668
11
0.9170639763779528
21
4.2534874409448822
0
LINE
8
BLACK
6
CONTINUOUS
10
0.9170639763779528
20
4.2534874409448822
11
0.919323937007874
21
4.253936968503937
0
LINE
8
BLACK
6
CONTINUOUS
10
0.919323937007874
20
4.253936968503937
11
0.9596782677165354
21
4.253936968503937
0
LINE
8
BLACK
6
CONTINUOUS
10
0.9596782677165354
20
4.253936968503937
11
0.9619382283464567
21
4.2534874409448822
0
LINE
8
BLACK
6
CONTINUOUS
10
0.8723712992125984
20
4.2908889763779525
11
0.8742871653543307
21
4.289608818897638
0
LINE
8
BLACK
6
CONTINUOUS
10
0.8742871653543307
20
4.289608818897638
11
0.8755673228346457
21
4.2876929527559051
0
LINE
8
BLACK
6
CONTINUOUS
10
0.8755673228346457
20
4.2876929527559051
11
0.8760168503937008
21
4.2854329921259842
0
LINE
8
BLACK
6
CONTINUOUS
10
0.8760168503937008
20
4.2854329921259842
11
0.8760168503937008
21
4.2736219685039369
0
LINE
8
BLACK
6
CONTINUOUS
10
0.8760168503937008
20
4.2736219685039369
11
0.8755673228346457
21
4.271362007874016
0
LINE
8
BLACK
6
CONTINUOUS
10
0.8755673228346457
20
4.271362007874016
11
0.8742871653543307
21
4.2694461417322831
0
LINE
8
BLACK
6
CONTINUOUS
10
0.8742871653543307
20
4.2694461417322831
11
0.8723712992125984
21
4.2681659842519686
0
LINE
8
BLACK
6
CONTINUOUS
10
0.8723712992125984
20
4.2681659842519686
11
0.8701113385826772
21
4.2677164566929129
0
LINE
8
BLACK
6
CONTINUOUS
10
0.8701113385826772
20
4.2677164566929129
11
0.8297570078740157
21
4.2677164566929129
0
LINE
8
BLACK
6
CONTINUOUS
10
0.8297570078740157
20
4.2677164566929129
11
0.8274970472440945
21
4.2681659842519686
0
LINE
8
BLACK
6
CONTINUOUS
10
0.8274970472440945
20
4.2681659842519686
11
0.8255811811023622
21
4.2694461417322831
0
LINE
8
BLACK
6
CONTINUOUS
10
0.8255811811023622
20
4.2694461417322831
11
0.8243010236220473
21
4.271362007874016
0
LINE
8
BLACK
6
CONTINUOUS
10
0.8243010236220473
20
4.271362007874016
11
0.8238514960629921
21
4.2736219685039369
0
LINE
8
BLACK
6
CONTINUOUS
10
0.8238514960629921
20
4.2736219685039369
11
0.8238514960629921
21
4.2854329921259842
0
LINE
8
BLACK
6
CONTINUOUS
10
0.8238514960629921
20
4.2854329921259842
11
0.8243010236220473
21
4.2876929527559051
0
LINE
8
BLACK
6
CONTINUOUS
10
0.8243010236220473
20
4.2876929527559051
11
0.8255811811023622
21
4.289608818897638
0
LINE
8
BLACK
6
CONTINUOUS
10
0.8255811811023622
20
4.289608818897638
11
0.8274970472440945
21
4.2908889763779525
0
LINE
8
BLACK
6
CONTINUOUS
10
0.8274970472440945
20
4.2908889763779525
11
0.8297570078740157
21
4.2913385039370082
0
LINE
8
BLACK
6
CONTINUOUS
10
0.8297570078740157
20
4.2913385039370082
11
0.8701113385826772
21
4.2913385039370082
0
LINE
8
BLACK
6
CONTINUOUS
10
0.8701113385826772
20
4.2913385039370082
11
0.8723712992125984
21
4.2908889763779525
0
LINE
8
BLACK
6
CONTINUOUS
10
0.9619382283464567
20
4.2908889763779525
11
0.9638540944881889
21
4.289608818897638
0
LINE
8
BLACK
6
CONTINUOUS
10
0.9638540944881889
20
4.289608818897638
11
0.9651342519685039
21
4.2876929527559051
0
LINE
8
BLACK
6
CONTINUOUS
10
0.9651342519685039
20
4.2876929527559051
11
0.965583779527559
21
4.2854329921259842
0
LINE
8
BLACK
6
CONTINUOUS
10
0.965583779527559
20
4.2854329921259842
11
0.965583779527559
21
4.2736219685039369
0
LINE
8
BLACK
6
CONTINUOUS
10
0.965583779527559
20
4.2736219685039369
11
0.9651342519685039
21
4.271362007874016
0
LINE
8
BLACK
6
CONTINUOUS
10
0.9651342519685039
20
4.271362007874016
11
0.9638540944881889
21
4.2694461417322831
0
LINE
8
BLACK
6
CONTINUOUS
10
0.9638540944881889
20
4.2694461417322831
11
0.9619382283464567
21
4.2681659842519686
0
LINE
8
BLACK
6
CONTINUOUS
10
0.9619382283464567
20
4.2681659842519686
11
0.9596782677165354
21
4.2677164566929129
0
LINE
8
BLACK
6
CONTINUOUS
10
0.9596782677165354
20
4.2677164566929129
11
0.919323937007874
21
4.2677164566929129
0
LINE
8
BLACK
6
CONTINUOUS
10
0.919323937007874
20
4.2677164566929129
11
0.9170639763779528
21
4.2681659842519686
0
LINE
8
BLACK
6
CONTINUOUS
10
0.9170639763779528
20
4.2681659842519686
11
0.9151481102362204
21
4.2694461417322831
0
LINE
8
BLACK
6
CONTINUOUS
10
0.9151481102362204
20
4.2694461417322831
11
0.9138679527559055
21
4.271362007874016
0
LINE
8
BLACK
6
CONTINUOUS
10
0.9138679527559055
20
4.271362007874016
11
0.9134184251968503
21
4.2736219685039369
0
LINE
8
BLACK
6
CONTINUOUS
10
0.9134184251968503
20
4.2736219685039369
11
0.9134184251968503
21
4.2854329921259842
0
LINE
8
BLACK
6
CONTINUOUS
10
0.9134184251968503
20
4.2854329921259842
11
0.9138679527559055
21
4.2876929527559051
0
LINE
8
BLACK
6
CONTINUOUS
10
0.9138679527559055
20
4.2876929527559051
11
0.9151481102362204
21
4.289608818897638
0
LINE
8
BLACK
6
CONTINUOUS
10
0.9151481102362204
20
4.289608818897638
11
0.9170639763779528
21
4.2908889763779525
0
LINE
8
BLACK
6
CONTINUOUS
10
0.9170639763779528
20
4.2908889763779525
11
0.919323937007874
21
4.2913385039370082
0
LINE
8
BLACK
6
CONTINUOUS
10
0.919323937007874
20
4.2913385039370082
11
0.9596782677165354
21
4.2913385039370082
0
LINE
8
BLACK
6
CONTINUOUS
10
0.9596782677165354
20
4.2913385039370082
11
0.9619382283464567
21
4.2908889763779525
0
LINE
8
BLACK
6
CONTINUOUS
10
0.3292951181102362
20
4.3461570078740159
11
0.3305724015748032
21
4.3453035826771655
0
LINE
8
BLACK
6
CONTINUOUS
10
0.3305724015748032
20
4.3453035826771655
11
0.3314258267716536
21
4.3440262992125982
0
LINE
8
BLACK
6
CONTINUOUS
10
0.3314258267716536
20
4.3440262992125982
11
0.3317255118110236
21
4.3425196850393704
0
LINE
8
BLACK
6
CONTINUOUS
10
0.3317255118110236
20
4.3425196850393704
11
0.3317255118110236
21
4.3110236220472444
0
LINE
8
BLACK
6
CONTINUOUS
10
0.3317255118110236
20
4.3110236220472444
11
0.3314258267716536
21
4.3095170078740157
0
LINE
8
BLACK
6
CONTINUOUS
10
0.3314258267716536
20
4.3095170078740157
11
0.3305724015748032
21
4.3082397244094484
0
LINE
8
BLACK
6
CONTINUOUS
10
0.3305724015748032
20
4.3082397244094484
11
0.3292951181102362
21
4.307386299212598
0
LINE
8
BLACK
6
CONTINUOUS
10
0.3292951181102362
20
4.307386299212598
11
0.3277885039370079
21
4.3070866141732287
0
LINE
8
BLACK
6
CONTINUOUS
10
0.3277885039370079
20
4.3070866141732287
11
0.2962924409448819
21
4.3070866141732287
0
LINE
8
BLACK
6
CONTINUOUS
10
0.2962924409448819
20
4.3070866141732287
11
0.2947858267716535
21
4.307386299212598
0
LINE
8
BLACK
6
CONTINUOUS
10
0.2947858267716535
20
4.307386299212598
11
0.2935085433070866
21
4.3082397244094484
0
LINE
8
BLACK
6
CONTINUOUS
10
0.2935085433070866
20
4.3082397244094484
11
0.2926551181102362
21
4.3095170078740157
0
LINE
8
BLACK
6
CONTINUOUS
10
0.2926551181102362
20
4.3095170078740157
11
0.2923554330708661
21
4.3110236220472444
0
LINE
8
BLACK
6
CONTINUOUS
10
0.2923554330708661
20
4.3110236220472444
11
0.2923554330708661
21
4.3425196850393704
0
LINE
8
BLACK
6
CONTINUOUS
10
0.2923554330708661
20
4.3425196850393704
11
0.2926551181102362
21
4.3440262992125982
0
LINE
8
BLACK
6
CONTINUOUS
10
0.2926551181102362
20
4.3440262992125982
11
0.2935085433070866
21
4.3453035826771655
0
LINE
8
BLACK
6
CONTINUOUS
10
0.2935085433070866
20
4.3453035826771655
11
0.2947858267716535
21
4.3461570078740159
0
LINE
8
BLACK
6
CONTINUOUS
10
0.2947858267716535
20
4.3461570078740159
11
0.2962924409448819
21
4.3464566929133861
0
LINE
8
BLACK
6
CONTINUOUS
10
0.2962924409448819
20
4.3464566929133861
11
0.3277885039370079
21
4.3464566929133861
0
LINE
8
BLACK
6
CONTINUOUS
10
0.3277885039370079
20
4.3464566929133861
11
0.3292951181102362
21
4.3461570078740159
0
LINE
8
BLACK
6
CONTINUOUS
10
0.2720870078740157
20
4.4288191732283462
11
0.2734281102362205
21
4.4279230708661412
0
LINE
8
BLACK
6
CONTINUOUS
10
0.2734281102362205
20
4.4279230708661412
11
0.2743242125984252
21
4.4265819685039371
0
LINE
8
BLACK
6
CONTINUOUS
10
0.2743242125984252
20
4.4265819685039371
11
0.2746388976377953
21
4.4249999999999998
0
LINE
8
BLACK
6
CONTINUOUS
10
0.2746388976377953
20
4.4249999999999998
11
0.2746388976377953
21
4.3466535433070863
0
LINE
8
BLACK
6
CONTINUOUS
10
0.2746388976377953
20
4.3466535433070863
11
0.2743242125984252
21
4.3450715748031499
0
LINE
8
BLACK
6
CONTINUOUS
10
0.2743242125984252
20
4.3450715748031499
11
0.2734281102362205
21
4.3437304724409449
0
LINE
8
BLACK
6
CONTINUOUS
10
0.2734281102362205
20
4.3437304724409449
11
0.2720870078740157
21
4.34283437007874
0
LINE
8
BLACK
6
CONTINUOUS
10
0.2720870078740157
20
4.34283437007874
11
0.2705050393700787
21
4.3425196850393704
0
LINE
8
BLACK
6
CONTINUOUS
10
0.2705050393700787
20
4.3425196850393704
11
0.2374341732283465
21
4.3425196850393704
0
LINE
8
BLACK
6
CONTINUOUS
10
0.2374341732283465
20
4.3425196850393704
11
0.2358522047244094
21
4.34283437007874
0
LINE
8
BLACK
6
CONTINUOUS
10
0.2358522047244094
20
4.34283437007874
11
0.2345111023622047
21
4.3437304724409449
0
LINE
8
BLACK
6
CONTINUOUS
10
0.2345111023622047
20
4.3437304724409449
11
0.233615
21
4.3450715748031499
0
LINE
8
BLACK
6
CONTINUOUS
10
0.233615
20
4.3450715748031499
11
0.2333003149606299
21
4.3466535433070863
0
LINE
8
BLACK
6
CONTINUOUS
10
0.2333003149606299
20
4.3466535433070863
11
0.2333003149606299
21
4.4249999999999998
0
LINE
8
BLACK
6
CONTINUOUS
10
0.2333003149606299
20
4.4249999999999998
11
0.233615
21
4.4265819685039371
0
LINE
8
BLACK
6
CONTINUOUS
10
0.233615
20
4.4265819685039371
11
0.2345111023622047
21
4.4279230708661412
0
LINE
8
BLACK
6
CONTINUOUS
10
0.2345111023622047
20
4.4279230708661412
11
0.2358522047244094
21
4.4288191732283462
0
LINE
8
BLACK
6
CONTINUOUS
10
0.2358522047244094
20
4.4288191732283462
11
0.2374341732283465
21
4.4291338582677167
0
LINE
8
BLACK
6
CONTINUOUS
10
0.2374341732283465
20
4.4291338582677167
11
0.2705050393700787
21
4.4291338582677167
0
LINE
8
BLACK
6
CONTINUOUS
10
0.2705050393700787
20
4.4291338582677167
11
0.2720870078740157
21
4.4288191732283462
0
LINE
8
BLACK
6
CONTINUOUS
10
0.3882287401574803
20
4.4288191732283462
11
0.389569842519685
21
4.4279230708661412
0
LINE
8
BLACK
6
CONTINUOUS
10
0.389569842519685
20
4.4279230708661412
11
0.3904659448818897
21
4.4265819685039371
0
LINE
8
BLACK
6
CONTINUOUS
10
0.3904659448818897
20
4.4265819685039371
11
0.3907806299212598
21
4.4249999999999998
0
LINE
8
BLACK
6
CONTINUOUS
10
0.3907806299212598
20
4.4249999999999998
11
0.3907806299212598
21
4.3466535433070863
0
LINE
8
BLACK
6
CONTINUOUS
10
0.3907806299212598
20
4.3466535433070863
11
0.3904659448818897
21
4.3450715748031499
0
LINE
8
BLACK
6
CONTINUOUS
10
0.3904659448818897
20
4.3450715748031499
11
0.389569842519685
21
4.3437304724409449
0
LINE
8
BLACK
6
CONTINUOUS
10
0.389569842519685
20
4.3437304724409449
11
0.3882287401574803
21
4.34283437007874
0
LINE
8
BLACK
6
CONTINUOUS
10
0.3882287401574803
20
4.34283437007874
11
0.3866467716535433
21
4.3425196850393704
0
LINE
8
BLACK
6
CONTINUOUS
10
0.3866467716535433
20
4.3425196850393704
11
0.353575905511811
21
4.3425196850393704
0
LINE
8
BLACK
6
CONTINUOUS
10
0.353575905511811
20
4.3425196850393704
11
0.351993937007874
21
4.34283437007874
0
LINE
8
BLACK
6
CONTINUOUS
10
0.351993937007874
20
4.34283437007874
11
0.3506528346456693
21
4.3437304724409449
0
LINE
8
BLACK
6
CONTINUOUS
10
0.3506528346456693
20
4.3437304724409449
11
0.3497567322834645
21
4.3450715748031499
0
LINE
8
BLACK
6
CONTINUOUS
10
0.3497567322834645
20
4.3450715748031499
11
0.3494420472440945
21
4.3466535433070863
0
LINE
8
BLACK
6
CONTINUOUS
10
0.3494420472440945
20
4.3466535433070863
11
0.3494420472440945
21
4.4249999999999998
0
LINE
8
BLACK
6
CONTINUOUS
10
0.3494420472440945
20
4.4249999999999998
11
0.3497567322834645
21
4.4265819685039371
0
LINE
8
BLACK
6
CONTINUOUS
10
0.3497567322834645
20
4.4265819685039371
11
0.3506528346456693
21
4.4279230708661412
0
LINE
8
BLACK
6
CONTINUOUS
10
0.3506528346456693
20
4.4279230708661412
11
0.351993937007874
21
4.4288191732283462
0
LINE
8
BLACK
6
CONTINUOUS
10
0.351993937007874
20
4.4288191732283462
11
0.353575905511811
21
4.4291338582677167
0
LINE
8
BLACK
6
CONTINUOUS
10
0.353575905511811
20
4.4291338582677167
11
0.3866467716535433
21
4.4291338582677167
0
LINE
8
BLACK
6
CONTINUOUS
10
0.3866467716535433
20
4.4291338582677167
11
0.3882287401574803
21
4.4288191732283462
0
LINE
8
BLACK
6
CONTINUOUS
10
0.3292951181102362
20
4.4642672440944882
11
0.3305724015748032
21
4.4634138188976378
0
LINE
8
BLACK
6
CONTINUOUS
10
0.3305724015748032
20
4.4634138188976378
11
0.3314258267716536
21
4.4621365354330704
0
LINE
8
BLACK
6
CONTINUOUS
10
0.3314258267716536
20
4.4621365354330704
11
0.3317255118110236
21
4.4606299212598426
0
LINE
8
BLACK
6
CONTINUOUS
10
0.3317255118110236
20
4.4606299212598426
11
0.3317255118110236
21
4.4291338582677167
0
LINE
8
BLACK
6
CONTINUOUS
10
0.3317255118110236
20
4.4291338582677167
11
0.3314258267716536
21
4.4276272440944879
0
LINE
8
BLACK
6
CONTINUOUS
10
0.3314258267716536
20
4.4276272440944879
11
0.3305724015748032
21
4.4263499606299215
0
LINE
8
BLACK
6
CONTINUOUS
10
0.3305724015748032
20
4.4263499606299215
11
0.3292951181102362
21
4.4254965354330711
0
LINE
8
BLACK
6
CONTINUOUS
10
0.3292951181102362
20
4.4254965354330711
11
0.3277885039370079
21
4.4251968503937009
0
LINE
8
BLACK
6
CONTINUOUS
10
0.3277885039370079
20
4.4251968503937009
11
0.2962924409448819
21
4.4251968503937009
0
LINE
8
BLACK
6
CONTINUOUS
10
0.2962924409448819
20
4.4251968503937009
11
0.2947858267716535
21
4.4254965354330711
0
LINE
8
BLACK
6
CONTINUOUS
10
0.2947858267716535
20
4.4254965354330711
11
0.2935085433070866
21
4.4263499606299215
0
LINE
8
BLACK
6
CONTINUOUS
10
0.2935085433070866
20
4.4263499606299215
11
0.2926551181102362
21
4.4276272440944879
0
LINE
8
BLACK
6
CONTINUOUS
10
0.2926551181102362
20
4.4276272440944879
11
0.2923554330708661
21
4.4291338582677167
0
LINE
8
BLACK
6
CONTINUOUS
10
0.2923554330708661
20
4.4291338582677167
11
0.2923554330708661
21
4.4606299212598426
0
LINE
8
BLACK
6
CONTINUOUS
10
0.2923554330708661
20
4.4606299212598426
11
0.2926551181102362
21
4.4621365354330704
0
LINE
8
BLACK
6
CONTINUOUS
10
0.2926551181102362
20
4.4621365354330704
11
0.2935085433070866
21
4.4634138188976378
0
LINE
8
BLACK
6
CONTINUOUS
10
0.2935085433070866
20
4.4634138188976378
11
0.2947858267716535
21
4.4642672440944882
0
LINE
8
BLACK
6
CONTINUOUS
10
0.2947858267716535
20
4.4642672440944882
11
0.2962924409448819
21
4.4645669291338583
0
LINE
8
BLACK
6
CONTINUOUS
10
0.2962924409448819
20
4.4645669291338583
11
0.3277885039370079
21
4.4645669291338583
0
LINE
8
BLACK
6
CONTINUOUS
10
0.3277885039370079
20
4.4645669291338583
11
0.3292951181102362
21
4.4642672440944882
0
CIRCLE
8
BLACK
10
-0.2013453543307087
20
3.6417322834645667
40
0.0068897637795276
0
CIRCLE
8
BLACK
10
-0.1013453543307087
20
3.6417322834645667
40
0.0068897637795276
0
CIRCLE
8
BLACK
10
-1.1299212598425197
20
0.7874015748031495
40
0.0068897637795276
0
CIRCLE
8
BLACK
10
0.5364499212598425
20
3.2165354330708662
40
0.0068897637795276
0
CIRCLE
8
BLACK
10
0.3986546456692913
20
3.2165354330708662
40
0.0068897637795276
0
CIRCLE
8
BLACK
10
1.0350393700787401
20
0.2188976377952756
40
0.0068897637795276
0
CIRCLE
8
BLACK
10
0.5350393700787401
20
0.2188976377952756
40
0.0068897637795276
0
CIRCLE
8
BLACK
10
0.9251968503937008
20
0.3188976377952756
40
0.0068897637795276
0
CIRCLE
8
BLACK
10
0.8851968503937008
20
0.3889764173228346
40
0.0068897637795276
0
CIRCLE
8
BLACK
10
0.8451968503937007
20
0.3188976377952756
40
0.0068897637795276
0
CIRCLE
8
BLACK
10
0.8051968503937008
20
0.3889764173228346
40
0.0068897637795276
0
CIRCLE
8
BLACK
10
0.7651968503937008
20
0.3188976377952756
40
0.0068897637795276
0
CIRCLE
8
BLACK
10
0.7251968503937007
20
0.3889764173228346
40
0.0068897637795276
0
CIRCLE
8
BLACK
10
0.6851968503937008
20
0.3188976377952756
40
0.0068897637795276
0
CIRCLE
8
BLACK
10
0.6451968897637795
20
0.3889763779527559
40
0.0068897637795276
0
CIRCLE
8
BLACK
10
1.0551181102362204
20
0.5787401574803149
40
0.0068897637795276
0
CIRCLE
8
BLACK
10
0.9649606299212599
20
0.5787401574803149
40
0.0068897637795276
0
CIRCLE
8
BLACK
10
0.6051181102362204
20
0.5787401574803149
40
0.0068897637795276
0
CIRCLE
8
BLACK
10
0.5149606299212598
20
0.5787401574803149
40
0.0068897637795276
0
CIRCLE
8
BLACK
10
1.1051181102362204
20
0.3539370078740157
40
0.0068897637795276
0
CIRCLE
8
BLACK
10
0.4649606299212598
20
0.3539370078740157
40
0.0068897637795276
0
CIRCLE
8
BLACK
10
-0.2013453543307087
20
3.9448818897637796
40
0.0068897637795276
0
CIRCLE
8
BLACK
10
-0.1013453543307087
20
3.9448818897637796
40
0.0068897637795276
0
CIRCLE
8
BLACK
10
-1.3204724409448818
20
3.8858267716535431
40
0.0068897637795276
0
CIRCLE
8
BLACK
10
-1.2204724409448819
20
3.8858267716535431
40
0.0068897637795276
0
CIRCLE
8
BLACK
10
-1.3204724409448818
20
3.7858267716535434
40
0.0068897637795276
0
CIRCLE
8
BLACK
10
-1.2204724409448819
20
3.7858267716535434
40
0.0068897637795276
0
CIRCLE
8
BLACK
10
-1.3204724409448818
20
3.6858267716535433
40
0.0068897637795276
0
CIRCLE
8
BLACK
10
-1.2204724409448819
20
3.6858267716535433
40
0.0068897637795276
0
CIRCLE
8
BLACK
10
-1.3204724409448818
20
3.5858267716535432
40
0.0068897637795276
0
CIRCLE
8
BLACK
10
-1.2204724409448819
20
3.5858267716535432
40
0.0068897637795276
0
CIRCLE
8
BLACK
10
-1.3204724409448818
20
3.4858267716535432
40
0.0068897637795276
0
CIRCLE
8
BLACK
10
-1.2204724409448819
20
3.4858267716535432
40
0.0068897637795276
0
CIRCLE
8
BLACK
10
-1.3204724409448818
20
3.3858267716535431
40
0.0068897637795276
0
CIRCLE
8
BLACK
10
-1.2204724409448819
20
3.3858267716535431
40
0.0068897637795276
0
CIRCLE
8
BLACK
10
-1.3204724409448818
20
3.2858267716535434
40
0.0068897637795276
0
CIRCLE
8
BLACK
10
-1.2204724409448819
20
3.2858267716535434
40
0.0068897637795276
0
CIRCLE
8
BLACK
10
-1.3204724409448818
20
3.1858267716535433
40
0.0068897637795276
0
CIRCLE
8
BLACK
10
-1.2204724409448819
20
3.1858267716535433
40
0.0068897637795276
0
CIRCLE
8
BLACK
10
-1.3204724409448818
20
3.0858267716535432
40
0.0068897637795276
0
CIRCLE
8
BLACK
10
-1.2204724409448819
20
3.0858267716535432
40
0.0068897637795276
0
CIRCLE
8
BLACK
10
-1.3204724409448818
20
2.9858267716535432
40
0.0068897637795276
0
CIRCLE
8
BLACK
10
-1.2204724409448819
20
2.9858267716535432
40
0.0068897637795276
0
CIRCLE
8
BLACK
10
-1.3204724409448818
20
2.8858267716535431
40
0.0068897637795276
0
CIRCLE
8
BLACK
10
-1.2204724409448819
20
2.8858267716535431
40
0.0068897637795276
0
CIRCLE
8
BLACK
10
-1.3204724409448818
20
2.7858267716535434
40
0.0068897637795276
0
CIRCLE
8
BLACK
10
-1.2204724409448819
20
2.7858267716535434
40
0.0068897637795276
0
CIRCLE
8
BLACK
10
-1.3204724409448818
20
2.6858267716535433
40
0.0068897637795276
0
CIRCLE
8
BLACK
10
-1.2204724409448819
20
2.6858267716535433
40
0.0068897637795276
0
CIRCLE
8
BLACK
10
-1.3204724409448818
20
2.5858267716535432
40
0.0068897637795276
0
CIRCLE
8
BLACK
10
-1.2204724409448819
20
2.5858267716535432
40
0.0068897637795276
0
CIRCLE
8
BLACK
10
-1.3204724409448818
20
2.4858267716535432
40
0.0068897637795276
0
CIRCLE
8
BLACK
10
-1.2204724409448819
20
2.4858267716535432
40
0.0068897637795276
0
CIRCLE
8
BLACK
10
-1.3204724409448818
20
2.3858267716535431
40
0.0068897637795276
0
CIRCLE
8
BLACK
10
-1.2204724409448819
20
2.3858267716535431
40
0.0068897637795276
0
CIRCLE
8
BLACK
10
-1.3204724409448818
20
2.2858267716535434
40
0.0068897637795276
0
CIRCLE
8
BLACK
10
-1.2204724409448819
20
2.2858267716535434
40
0.0068897637795276
0
CIRCLE
8
BLACK
10
-1.3204724409448818
20
2.1858267716535433
40
0.0068897637795276
0
CIRCLE
8
BLACK
10
-1.2204724409448819
20
2.1858267716535433
40
0.0068897637795276
0
CIRCLE
8
BLACK
10
-1.3204724409448818
20
2.0858267716535432
40
0.0068897637795276
0
CIRCLE
8
BLACK
10
-1.2204724409448819
20
2.0858267716535432
40
0.0068897637795276
0
CIRCLE
8
BLACK
10
-1.3204724409448818
20
1.9858267716535432
40
0.0068897637795276
0
CIRCLE
8
BLACK
10
-1.2204724409448819
20
1.9858267716535432
40
0.0068897637795276
0
CIRCLE
8
BLACK
10
-0.2013453543307087
20
3.8425196850393699
40
0.0068897637795276
0
CIRCLE
8
BLACK
10
-0.1013453543307087
20
3.8425196850393699
40
0.0068897637795276
0
CIRCLE
8
BLACK
10
-0.2013453543307087
20
3.5433070866141732
40
0.0068897637795276
0
CIRCLE
8
BLACK
10
-0.1013453543307087
20
3.5433070866141732
40
0.0068897637795276
0
CIRCLE
8
BLACK
10
0.7125984251968503
20
1.7637795275590551
40
0.0068897637795276
0
CIRCLE
8
BLACK
10
0.7125984251968503
20
1.8637796062992125
40
0.0068897637795276
0
CIRCLE
8
BLACK
10
0.84251968503937
20
1.7637795275590551
40
0.0068897637795276
0
CIRCLE
8
BLACK
10
0.84251968503937
20
1.8637795275590552
40
0.0068897637795276
0
CIRCLE
8
BLACK
10
0.84251968503937
20
1.9637794881889763
40
0.0068897637795276
0
CIRCLE
8
BLACK
10
-1.6112204724409449
20
0.5039370078740157
40
0.0068897637795276
0
CIRCLE
8
BLACK
10
1.6348425196850394
20
3.4704724409448819
40
0.0068897637795276
0
CIRCLE
8
BLACK
10
1.6348425196850394
20
0.7106299212598425
40
0.0068897637795276
0
CIRCLE
8
BLACK
10
-0.4808729133858268
20
3.9433070866141731
40
0.0068897637795276
0
CIRCLE
8
BLACK
10
-0.3808729133858267
20
3.9433070866141731
40
0.0068897637795276
0
CIRCLE
8
BLACK
10
-0.4808729133858268
20
3.843307086614173
40
0.0068897637795276
0
CIRCLE
8
BLACK
10
-0.3808729133858267
20
3.843307086614173
40
0.0068897637795276
0
CIRCLE
8
BLACK
10
-0.4808729133858268
20
3.7433070866141733
40
0.0068897637795276
0
CIRCLE
8
BLACK
10
-0.3808729133858267
20
3.7433070866141733
40
0.0068897637795276
0
CIRCLE
8
BLACK
10
-0.4808729133858268
20
3.6433070866141732
40
0.0068897637795276
0
CIRCLE
8
BLACK
10
-0.3808729133858267
20
3.6433070866141732
40
0.0068897637795276
0
CIRCLE
8
BLACK
10
-0.4808729133858268
20
3.5433070866141732
40
0.0068897637795276
0
CIRCLE
8
BLACK
10
-0.3808729133858267
20
3.5433070866141732
40
0.0068897637795276
0
CIRCLE
8
BLACK
10
1.170308188976378
20
4.0810039370078739
40
0.0068897637795276
0
CIRCLE
8
BLACK
10
1.0703081889763779
20
4.0810039370078739
40
0.0068897637795276
0
CIRCLE
8
BLACK
10
1.170308188976378
20
4.1810039370078735
40
0.0068897637795276
0
CIRCLE
8
BLACK
10
1.0703081889763779
20
4.1810039370078735
40
0.0068897637795276
0
CIRCLE
8
BLACK
10
1.170308188976378
20
4.2810038976377953
40
0.0068897637795276
0
CIRCLE
8
BLACK
10
1.0703081889763779
20
4.2810039370078741
40
0.0068897637795276
0
CIRCLE
8
BLACK
10
1.170308188976378
20
4.3810039370078737
40
0.0068897637795276
0
CIRCLE
8
BLACK
10
1.0703081889763779
20
4.3810039370078737
40
0.0068897637795276
0
CIRCLE
8
BLACK
10
1.170308188976378
20
4.4810039370078742
40
0.0068897637795276
0
CIRCLE
8
BLACK
10
1.0703081889763779
20
4.4810039370078742
40
0.0068897637795276
0
CIRCLE
8
BLACK
10
-1.1299212598425197
20
0.9409448818897638
40
0.0068897637795276
0
CIRCLE
8
BLACK
10
-0.7172244094488189
20
0.5354330708661417
40
0.0068897637795276
0
CIRCLE
8
BLACK
10
-0.7172244094488189
20
0.735433031496063
40
0.0068897637795276
0
CIRCLE
8
BLACK
10
0.0827755905511811
20
0.2354330708661417
40
0.0068897637795276
0
CIRCLE
8
BLACK
10
0.0827755905511811
20
0.6354330708661418
40
0.0068897637795276
0
CIRCLE
8
BLACK
10
0.0827755905511811
20
1.0354330708661417
40
0.0068897637795276
0
CIRCLE
8
BLACK
10
-0.7172244094488189
20
1.0354330708661417
40
0.0068897637795276
0
CIRCLE
8
BLACK
10
-1.0708661417322833
20
4.2637795275590546
40
0.0068897637795276
0
LINE
8
BLACK
6
CONTINUOUS
10
-1.1479330708661417
20
0.5236220472440944
11
-1.0691929133858267
21
0.5236220472440944
0
ARC
8
BLACK
10
-1.0691929133858267
20
0.5433070866141733
40
0.0196850393700787
50
-90.00000000
51
90.00000000
0
LINE
8
BLACK
6
CONTINUOUS
10
-1.0691929133858267
20
0.562992125984252
11
-1.1479330708661417
21
0.562992125984252
0
ARC
8
BLACK
10
-1.1479330708661417
20
0.5433070866141733
40
0.0196850393700787
50
90.00000000
51
270.00000000
0
LINE
8
BLACK
6
CONTINUOUS
10
-1.1479330708661417
20
0.2874015748031496
11
-1.0691929133858267
21
0.2874015748031496
0
ARC
8
BLACK
10
-1.0691929133858267
20
0.3070866141732284
40
0.0196850393700787
50
-90.00000000
51
90.00000000
0
LINE
8
BLACK
6
CONTINUOUS
10
-1.0691929133858267
20
0.3267716535433071
11
-1.1479330708661417
21
0.3267716535433071
0
ARC
8
BLACK
10
-1.1479330708661417
20
0.3070866141732284
40
0.0196850393700787
50
90.00000000
51
270.00000000
0
LINE
8
BLACK
6
CONTINUOUS
10
-1.2739173228346456
20
0.3858267716535433
11
-1.2739173228346456
21
0.4645669291338583
0
ARC
8
BLACK
10
-1.2936023622047244
20
0.4645669291338583
40
0.0196850393700787
50
0.00000000
51
180.00000000
0
LINE
8
BLACK
6
CONTINUOUS
10
-1.3132874015748031
20
0.4645669291338583
11
-1.3132874015748031
21
0.3858267716535433
0
ARC
8
BLACK
10
-1.2936023622047244
20
0.3858267716535433
40
0.0196850393700787
50
180.00000000
51
360.00000000
  0
ENDSEC
  0
EOF
