  0
SECTION
  2
HEADER
  9
$ANGBASE
  50
0.0
  9
$ANGDIR
  70
1
  9
$MEASUREMENT
  70
0
  0
ENDSEC
  0
SECTION
  2
TABLES
  0
TABLE
  2
LTYPE
  70
4
  0
LTYPE
  5
40F
  2
CONTINUOUS
  70
0
  3
Solid line
  72
65
  73
0
  40
0.0
  0
LTYPE
  5
410
  2
DASHDOT
 70
0
  3
Dash Dot ____ _ ____ _
 72
65
 73
4
 40
2.0
 49
1.25
 49
-0.25
 49
0.25
 49
-0.25
  0
LTYPE
  5
411
  2
DASHED
 70
0
  3
Dashed __ __ __ __ __
 72
65
 73
2
 40
0.75
 49
0.5
 49
-0.25
  0
LTYPE
  5
43B
  2
DOTTED
 70
0
  3
Dotted .  .  .  .
 72
65
 73
2
 40
0.2
 49
0.0
 49
-0.2
  0
ENDTAB
  0
TABLE
  2
STYLE
  70
4
  0
STYLE
  2
KICAD
  70
0
  40
0
  41
1
  42
1
  50
0
  71
0
  3
isocp.shx
  0
STYLE
  2
KICADB
  70
0
  40
0
  41
1
  42
1
  50
0
  71
0
  3
isocp.shx
  0
STYLE
  2
KICADI
  70
0
  40
0
  41
1
  42
1
  50
15
  71
0
  3
isocp.shx
  0
STYLE
  2
KICADBI
  70
0
  40
0
  41
1
  42
1
  50
15
  71
0
  3
isocp.shx
  0
ENDTAB
  0
TABLE
  2
LAYER
  70
1
  0
LAYER
  2
BLACK
  70
0
  62
7
  6
CONTINUOUS
  0
ENDTAB
  0
ENDSEC
  0
SECTION
  2
ENTITIES
0
LINE
8
BLACK
6
CONTINUOUS
10
1.1103353937007874
20
-6.5961569685039372
11
1.1232483070866142
21
-6.5991042519685035
0
LINE
8
BLACK
6
CONTINUOUS
10
1.1232483070866142
20
-6.5991042519685035
11
1.13575
21
-6.6034787795275589
0
LINE
8
BLACK
6
CONTINUOUS
10
1.13575
20
-6.6034787795275589
11
1.1476833464566929
21
-6.6092255905511808
0
LINE
8
BLACK
6
CONTINUOUS
10
1.1476833464566929
20
-6.6092255905511808
11
1.1588981889763779
21
-6.6162723228346456
0
LINE
8
BLACK
6
CONTINUOUS
10
1.1588981889763779
20
-6.6162723228346456
11
1.1692535433070865
21
-6.6245304724409451
0
LINE
8
BLACK
6
CONTINUOUS
10
1.1692535433070865
20
-6.6245304724409451
11
1.1786191338582677
21
-6.6338960629921262
0
LINE
8
BLACK
6
CONTINUOUS
10
1.1786191338582677
20
-6.6338960629921262
11
1.1868772834645669
21
-6.6442514173228346
0
LINE
8
BLACK
6
CONTINUOUS
10
1.1868772834645669
20
-6.6442514173228346
11
1.1939240157480315
21
-6.6554662598425196
0
LINE
8
BLACK
6
CONTINUOUS
10
1.1939240157480315
20
-6.6554662598425196
11
1.1996708267716536
21
-6.6673996062992122
0
LINE
8
BLACK
6
CONTINUOUS
10
1.1996708267716536
20
-6.6673996062992122
11
1.2040453543307086
21
-6.6799012992125979
0
LINE
8
BLACK
6
CONTINUOUS
10
1.2040453543307086
20
-6.6799012992125979
11
1.2069926377952755
21
-6.6928142125984253
0
LINE
8
BLACK
6
CONTINUOUS
10
1.2069926377952755
20
-6.6928142125984253
11
1.208475590551181
21
-6.7059759448818896
0
LINE
8
BLACK
6
CONTINUOUS
10
1.208475590551181
20
-6.7059759448818896
11
1.208475590551181
21
-6.7192209055118113
0
LINE
8
BLACK
6
CONTINUOUS
10
1.208475590551181
20
-6.7192209055118113
11
1.2069926377952755
21
-6.7323826377952756
0
LINE
8
BLACK
6
CONTINUOUS
10
1.2069926377952755
20
-6.7323826377952756
11
1.2040453543307086
21
-6.7452955511811021
0
LINE
8
BLACK
6
CONTINUOUS
10
1.2040453543307086
20
-6.7452955511811021
11
1.1996708267716536
21
-6.7577972440944878
0
LINE
8
BLACK
6
CONTINUOUS
10
1.1996708267716536
20
-6.7577972440944878
11
1.1939240157480315
21
-6.7697305905511813
0
LINE
8
BLACK
6
CONTINUOUS
10
1.1939240157480315
20
-6.7697305905511813
11
1.1868772834645669
21
-6.7809454330708663
0
LINE
8
BLACK
6
CONTINUOUS
10
1.1868772834645669
20
-6.7809454330708663
11
1.1786191338582677
21
-6.7913007874015747
0
LINE
8
BLACK
6
CONTINUOUS
10
1.1786191338582677
20
-6.7913007874015747
11
1.1692535433070865
21
-6.8006663779527559
0
LINE
8
BLACK
6
CONTINUOUS
10
1.1692535433070865
20
-6.8006663779527559
11
1.1588981889763779
21
-6.8089245275590553
0
LINE
8
BLACK
6
CONTINUOUS
10
1.1588981889763779
20
-6.8089245275590553
11
1.1476833464566929
21
-6.8159712598425193
0
LINE
8
BLACK
6
CONTINUOUS
10
1.1476833464566929
20
-6.8159712598425193
11
1.13575
21
-6.821718070866142
0
LINE
8
BLACK
6
CONTINUOUS
10
1.13575
20
-6.821718070866142
11
1.1232483070866142
21
-6.8260925984251966
0
LINE
8
BLACK
6
CONTINUOUS
10
1.1232483070866142
20
-6.8260925984251966
11
1.1103353937007874
21
-6.8290398818897637
0
LINE
8
BLACK
6
CONTINUOUS
10
1.1103353937007874
20
-6.8290398818897637
11
1.0971736614173229
21
-6.8305228346456692
0
LINE
8
BLACK
6
CONTINUOUS
10
1.0971736614173229
20
-6.8305228346456692
11
1.0839287007874014
21
-6.8305228346456692
0
LINE
8
BLACK
6
CONTINUOUS
10
1.0839287007874014
20
-6.8305228346456692
11
1.0707669685039369
21
-6.8290398818897637
0
LINE
8
BLACK
6
CONTINUOUS
10
1.0707669685039369
20
-6.8290398818897637
11
1.0578540551181101
21
-6.8260925984251966
0
LINE
8
BLACK
6
CONTINUOUS
10
1.0578540551181101
20
-6.8260925984251966
11
1.0453523622047245
21
-6.821718070866142
0
LINE
8
BLACK
6
CONTINUOUS
10
1.0453523622047245
20
-6.821718070866142
11
1.0334190157480314
21
-6.8159712598425193
0
LINE
8
BLACK
6
CONTINUOUS
10
1.0334190157480314
20
-6.8159712598425193
11
1.0222041732283464
21
-6.8089245275590553
0
LINE
8
BLACK
6
CONTINUOUS
10
1.0222041732283464
20
-6.8089245275590553
11
1.0118488188976378
21
-6.8006663779527559
0
LINE
8
BLACK
6
CONTINUOUS
10
1.0118488188976378
20
-6.8006663779527559
11
1.0024832283464566
21
-6.7913007874015747
0
LINE
8
BLACK
6
CONTINUOUS
10
1.0024832283464566
20
-6.7913007874015747
11
0.9942250787401574
21
-6.7809454330708663
0
LINE
8
BLACK
6
CONTINUOUS
10
0.9942250787401574
20
-6.7809454330708663
11
0.9871783464566929
21
-6.7697305905511813
0
LINE
8
BLACK
6
CONTINUOUS
10
0.9871783464566929
20
-6.7697305905511813
11
0.9814315354330708
21
-6.7577972440944878
0
LINE
8
BLACK
6
CONTINUOUS
10
0.9814315354330708
20
-6.7577972440944878
11
0.9770570078740157
21
-6.7452955511811021
0
LINE
8
BLACK
6
CONTINUOUS
10
0.9770570078740157
20
-6.7452955511811021
11
0.9741097244094488
21
-6.7323826377952756
0
LINE
8
BLACK
6
CONTINUOUS
10
0.9741097244094488
20
-6.7323826377952756
11
0.9726267716535433
21
-6.7192209055118113
0
LINE
8
BLACK
6
CONTINUOUS
10
0.9726267716535433
20
-6.7192209055118113
11
0.9726267716535433
21
-6.7059759448818896
0
LINE
8
BLACK
6
CONTINUOUS
10
0.9726267716535433
20
-6.7059759448818896
11
0.9741097244094488
21
-6.6928142125984253
0
LINE
8
BLACK
6
CONTINUOUS
10
0.9741097244094488
20
-6.6928142125984253
11
0.9770570078740157
21
-6.6799012992125979
0
LINE
8
BLACK
6
CONTINUOUS
10
0.9770570078740157
20
-6.6799012992125979
11
0.9814315354330708
21
-6.6673996062992122
0
LINE
8
BLACK
6
CONTINUOUS
10
0.9814315354330708
20
-6.6673996062992122
11
0.9871783464566929
21
-6.6554662598425196
0
LINE
8
BLACK
6
CONTINUOUS
10
0.9871783464566929
20
-6.6554662598425196
11
0.9942250787401574
21
-6.6442514173228346
0
LINE
8
BLACK
6
CONTINUOUS
10
0.9942250787401574
20
-6.6442514173228346
11
1.0024832283464566
21
-6.6338960629921262
0
LINE
8
BLACK
6
CONTINUOUS
10
1.0024832283464566
20
-6.6338960629921262
11
1.0118488188976378
21
-6.6245304724409451
0
LINE
8
BLACK
6
CONTINUOUS
10
1.0118488188976378
20
-6.6245304724409451
11
1.0222041732283464
21
-6.6162723228346456
0
LINE
8
BLACK
6
CONTINUOUS
10
1.0222041732283464
20
-6.6162723228346456
11
1.0334190157480314
21
-6.6092255905511808
0
LINE
8
BLACK
6
CONTINUOUS
10
1.0334190157480314
20
-6.6092255905511808
11
1.0453523622047245
21
-6.6034787795275589
0
LINE
8
BLACK
6
CONTINUOUS
10
1.0453523622047245
20
-6.6034787795275589
11
1.0578540551181101
21
-6.5991042519685035
0
LINE
8
BLACK
6
CONTINUOUS
10
1.0578540551181101
20
-6.5991042519685035
11
1.0707669685039369
21
-6.5961569685039372
0
LINE
8
BLACK
6
CONTINUOUS
10
1.0707669685039369
20
-6.5961569685039372
11
1.0839287007874014
21
-6.5946740157480317
0
LINE
8
BLACK
6
CONTINUOUS
10
1.0839287007874014
20
-6.5946740157480317
11
1.0971736614173229
21
-6.5946740157480317
0
LINE
8
BLACK
6
CONTINUOUS
10
1.0971736614173229
20
-6.5946740157480317
11
1.1103353937007874
21
-6.5961569685039372
0
LINE
8
BLACK
6
CONTINUOUS
10
1.1103353937007874
20
-6.3166498818897638
11
1.1232483070866142
21
-6.3195971653543301
0
LINE
8
BLACK
6
CONTINUOUS
10
1.1232483070866142
20
-6.3195971653543301
11
1.13575
21
-6.3239716929133856
0
LINE
8
BLACK
6
CONTINUOUS
10
1.13575
20
-6.3239716929133856
11
1.1476833464566929
21
-6.3297185039370074
0
LINE
8
BLACK
6
CONTINUOUS
10
1.1476833464566929
20
-6.3297185039370074
11
1.1588981889763779
21
-6.3367652362204723
0
LINE
8
BLACK
6
CONTINUOUS
10
1.1588981889763779
20
-6.3367652362204723
11
1.1692535433070865
21
-6.3450233858267717
0
LINE
8
BLACK
6
CONTINUOUS
10
1.1692535433070865
20
-6.3450233858267717
11
1.1786191338582677
21
-6.3543889763779529
0
LINE
8
BLACK
6
CONTINUOUS
10
1.1786191338582677
20
-6.3543889763779529
11
1.1868772834645669
21
-6.3647443307086613
0
LINE
8
BLACK
6
CONTINUOUS
10
1.1868772834645669
20
-6.3647443307086613
11
1.1939240157480315
21
-6.3759591732283463
0
LINE
8
BLACK
6
CONTINUOUS
10
1.1939240157480315
20
-6.3759591732283463
11
1.1996708267716536
21
-6.3878925196850389
0
LINE
8
BLACK
6
CONTINUOUS
10
1.1996708267716536
20
-6.3878925196850389
11
1.2040453543307086
21
-6.4003942125984254
0
LINE
8
BLACK
6
CONTINUOUS
10
1.2040453543307086
20
-6.4003942125984254
11
1.2069926377952755
21
-6.413307125984252
0
LINE
8
BLACK
6
CONTINUOUS
10
1.2069926377952755
20
-6.413307125984252
11
1.208475590551181
21
-6.4264688582677163
0
LINE
8
BLACK
6
CONTINUOUS
10
1.208475590551181
20
-6.4264688582677163
11
1.208475590551181
21
-6.4397138188976379
0
LINE
8
BLACK
6
CONTINUOUS
10
1.208475590551181
20
-6.4397138188976379
11
1.2069926377952755
21
-6.4528755511811022
0
LINE
8
BLACK
6
CONTINUOUS
10
1.2069926377952755
20
-6.4528755511811022
11
1.2040453543307086
21
-6.4657884645669288
0
LINE
8
BLACK
6
CONTINUOUS
10
1.2040453543307086
20
-6.4657884645669288
11
1.1996708267716536
21
-6.4782901574803144
0
LINE
8
BLACK
6
CONTINUOUS
10
1.1996708267716536
20
-6.4782901574803144
11
1.1939240157480315
21
-6.490223503937008
0
LINE
8
BLACK
6
CONTINUOUS
10
1.1939240157480315
20
-6.490223503937008
11
1.1868772834645669
21
-6.5014383464566929
0
LINE
8
BLACK
6
CONTINUOUS
10
1.1868772834645669
20
-6.5014383464566929
11
1.1786191338582677
21
-6.5117937007874014
0
LINE
8
BLACK
6
CONTINUOUS
10
1.1786191338582677
20
-6.5117937007874014
11
1.1692535433070865
21
-6.5211592913385825
0
LINE
8
BLACK
6
CONTINUOUS
10
1.1692535433070865
20
-6.5211592913385825
11
1.1588981889763779
21
-6.529417440944882
0
LINE
8
BLACK
6
CONTINUOUS
10
1.1588981889763779
20
-6.529417440944882
11
1.1476833464566929
21
-6.5364641732283459
0
LINE
8
BLACK
6
CONTINUOUS
10
1.1476833464566929
20
-6.5364641732283459
11
1.13575
21
-6.5422109842519687
0
LINE
8
BLACK
6
CONTINUOUS
10
1.13575
20
-6.5422109842519687
11
1.1232483070866142
21
-6.5465855118110232
0
LINE
8
BLACK
6
CONTINUOUS
10
1.1232483070866142
20
-6.5465855118110232
11
1.1103353937007874
21
-6.5495327952755904
0
LINE
8
BLACK
6
CONTINUOUS
10
1.1103353937007874
20
-6.5495327952755904
11
1.0971736614173229
21
-6.5510157480314959
0
LINE
8
BLACK
6
CONTINUOUS
10
1.0971736614173229
20
-6.5510157480314959
11
1.0839287007874014
21
-6.5510157480314959
0
LINE
8
BLACK
6
CONTINUOUS
10
1.0839287007874014
20
-6.5510157480314959
11
1.0707669685039369
21
-6.5495327952755904
0
LINE
8
BLACK
6
CONTINUOUS
10
1.0707669685039369
20
-6.5495327952755904
11
1.0578540551181101
21
-6.5465855118110232
0
LINE
8
BLACK
6
CONTINUOUS
10
1.0578540551181101
20
-6.5465855118110232
11
1.0453523622047245
21
-6.5422109842519687
0
LINE
8
BLACK
6
CONTINUOUS
10
1.0453523622047245
20
-6.5422109842519687
11
1.0334190157480314
21
-6.5364641732283459
0
LINE
8
BLACK
6
CONTINUOUS
10
1.0334190157480314
20
-6.5364641732283459
11
1.0222041732283464
21
-6.529417440944882
0
LINE
8
BLACK
6
CONTINUOUS
10
1.0222041732283464
20
-6.529417440944882
11
1.0118488188976378
21
-6.5211592913385825
0
LINE
8
BLACK
6
CONTINUOUS
10
1.0118488188976378
20
-6.5211592913385825
11
1.0024832283464566
21
-6.5117937007874014
0
LINE
8
BLACK
6
CONTINUOUS
10
1.0024832283464566
20
-6.5117937007874014
11
0.9942250787401574
21
-6.5014383464566929
0
LINE
8
BLACK
6
CONTINUOUS
10
0.9942250787401574
20
-6.5014383464566929
11
0.9871783464566929
21
-6.490223503937008
0
LINE
8
BLACK
6
CONTINUOUS
10
0.9871783464566929
20
-6.490223503937008
11
0.9814315354330708
21
-6.4782901574803144
0
LINE
8
BLACK
6
CONTINUOUS
10
0.9814315354330708
20
-6.4782901574803144
11
0.9770570078740157
21
-6.4657884645669288
0
LINE
8
BLACK
6
CONTINUOUS
10
0.9770570078740157
20
-6.4657884645669288
11
0.9741097244094488
21
-6.4528755511811022
0
LINE
8
BLACK
6
CONTINUOUS
10
0.9741097244094488
20
-6.4528755511811022
11
0.9726267716535433
21
-6.4397138188976379
0
LINE
8
BLACK
6
CONTINUOUS
10
0.9726267716535433
20
-6.4397138188976379
11
0.9726267716535433
21
-6.4264688582677163
0
LINE
8
BLACK
6
CONTINUOUS
10
0.9726267716535433
20
-6.4264688582677163
11
0.9741097244094488
21
-6.413307125984252
0
LINE
8
BLACK
6
CONTINUOUS
10
0.9741097244094488
20
-6.413307125984252
11
0.9770570078740157
21
-6.4003942125984254
0
LINE
8
BLACK
6
CONTINUOUS
10
0.9770570078740157
20
-6.4003942125984254
11
0.9814315354330708
21
-6.3878925196850389
0
LINE
8
BLACK
6
CONTINUOUS
10
0.9814315354330708
20
-6.3878925196850389
11
0.9871783464566929
21
-6.3759591732283463
0
LINE
8
BLACK
6
CONTINUOUS
10
0.9871783464566929
20
-6.3759591732283463
11
0.9942250787401574
21
-6.3647443307086613
0
LINE
8
BLACK
6
CONTINUOUS
10
0.9942250787401574
20
-6.3647443307086613
11
1.0024832283464566
21
-6.3543889763779529
0
LINE
8
BLACK
6
CONTINUOUS
10
1.0024832283464566
20
-6.3543889763779529
11
1.0118488188976378
21
-6.3450233858267717
0
LINE
8
BLACK
6
CONTINUOUS
10
1.0118488188976378
20
-6.3450233858267717
11
1.0222041732283464
21
-6.3367652362204723
0
LINE
8
BLACK
6
CONTINUOUS
10
1.0222041732283464
20
-6.3367652362204723
11
1.0334190157480314
21
-6.3297185039370074
0
LINE
8
BLACK
6
CONTINUOUS
10
1.0334190157480314
20
-6.3297185039370074
11
1.0453523622047245
21
-6.3239716929133856
0
LINE
8
BLACK
6
CONTINUOUS
10
1.0453523622047245
20
-6.3239716929133856
11
1.0578540551181101
21
-6.3195971653543301
0
LINE
8
BLACK
6
CONTINUOUS
10
1.0578540551181101
20
-6.3195971653543301
11
1.0707669685039369
21
-6.3166498818897638
0
LINE
8
BLACK
6
CONTINUOUS
10
1.0707669685039369
20
-6.3166498818897638
11
1.0839287007874014
21
-6.3151669291338584
0
LINE
8
BLACK
6
CONTINUOUS
10
1.0839287007874014
20
-6.3151669291338584
11
1.0971736614173229
21
-6.3151669291338584
0
LINE
8
BLACK
6
CONTINUOUS
10
1.0971736614173229
20
-6.3151669291338584
11
1.1103353937007874
21
-6.3166498818897638
0
LINE
8
BLACK
6
CONTINUOUS
10
1.1103353937007874
20
-6.0371427952755905
11
1.1232483070866142
21
-6.0400900787401577
0
LINE
8
BLACK
6
CONTINUOUS
10
1.1232483070866142
20
-6.0400900787401577
11
1.13575
21
-6.0444646062992122
0
LINE
8
BLACK
6
CONTINUOUS
10
1.13575
20
-6.0444646062992122
11
1.1476833464566929
21
-6.0502114173228341
0
LINE
8
BLACK
6
CONTINUOUS
10
1.1476833464566929
20
-6.0502114173228341
11
1.1588981889763779
21
-6.0572581496062989
0
LINE
8
BLACK
6
CONTINUOUS
10
1.1588981889763779
20
-6.0572581496062989
11
1.1692535433070865
21
-6.0655162992125984
0
LINE
8
BLACK
6
CONTINUOUS
10
1.1692535433070865
20
-6.0655162992125984
11
1.1786191338582677
21
-6.0748818897637795
0
LINE
8
BLACK
6
CONTINUOUS
10
1.1786191338582677
20
-6.0748818897637795
11
1.1868772834645669
21
-6.085237244094488
0
LINE
8
BLACK
6
CONTINUOUS
10
1.1868772834645669
20
-6.085237244094488
11
1.1939240157480315
21
-6.0964520866141729
0
LINE
8
BLACK
6
CONTINUOUS
10
1.1939240157480315
20
-6.0964520866141729
11
1.1996708267716536
21
-6.1083854330708656
0
LINE
8
BLACK
6
CONTINUOUS
10
1.1996708267716536
20
-6.1083854330708656
11
1.2040453543307086
21
-6.1208871259842521
0
LINE
8
BLACK
6
CONTINUOUS
10
1.2040453543307086
20
-6.1208871259842521
11
1.2069926377952755
21
-6.1338000393700787
0
LINE
8
BLACK
6
CONTINUOUS
10
1.2069926377952755
20
-6.1338000393700787
11
1.208475590551181
21
-6.146961771653543
0
LINE
8
BLACK
6
CONTINUOUS
10
1.208475590551181
20
-6.146961771653543
11
1.208475590551181
21
-6.1602067322834646
0
LINE
8
BLACK
6
CONTINUOUS
10
1.208475590551181
20
-6.1602067322834646
11
1.2069926377952755
21
-6.1733684645669289
0
LINE
8
BLACK
6
CONTINUOUS
10
1.2069926377952755
20
-6.1733684645669289
11
1.2040453543307086
21
-6.1862813779527555
0
LINE
8
BLACK
6
CONTINUOUS
10
1.2040453543307086
20
-6.1862813779527555
11
1.1996708267716536
21
-6.198783070866142
0
LINE
8
BLACK
6
CONTINUOUS
10
1.1996708267716536
20
-6.198783070866142
11
1.1939240157480315
21
-6.2107164173228346
0
LINE
8
BLACK
6
CONTINUOUS
10
1.1939240157480315
20
-6.2107164173228346
11
1.1868772834645669
21
-6.2219312598425196
0
LINE
8
BLACK
6
CONTINUOUS
10
1.1868772834645669
20
-6.2219312598425196
11
1.1786191338582677
21
-6.232286614173228
0
LINE
8
BLACK
6
CONTINUOUS
10
1.1786191338582677
20
-6.232286614173228
11
1.1692535433070865
21
-6.2416522047244092
0
LINE
8
BLACK
6
CONTINUOUS
10
1.1692535433070865
20
-6.2416522047244092
11
1.1588981889763779
21
-6.2499103543307086
0
LINE
8
BLACK
6
CONTINUOUS
10
1.1588981889763779
20
-6.2499103543307086
11
1.1476833464566929
21
-6.2569570866141735
0
LINE
8
BLACK
6
CONTINUOUS
10
1.1476833464566929
20
-6.2569570866141735
11
1.13575
21
-6.2627038976377953
0
LINE
8
BLACK
6
CONTINUOUS
10
1.13575
20
-6.2627038976377953
11
1.1232483070866142
21
-6.2670784251968499
0
LINE
8
BLACK
6
CONTINUOUS
10
1.1232483070866142
20
-6.2670784251968499
11
1.1103353937007874
21
-6.2700257086614171
0
LINE
8
BLACK
6
CONTINUOUS
10
1.1103353937007874
20
-6.2700257086614171
11
1.0971736614173229
21
-6.2715086614173225
0
LINE
8
BLACK
6
CONTINUOUS
10
1.0971736614173229
20
-6.2715086614173225
11
1.0839287007874014
21
-6.2715086614173225
0
LINE
8
BLACK
6
CONTINUOUS
10
1.0839287007874014
20
-6.2715086614173225
11
1.0707669685039369
21
-6.2700257086614171
0
LINE
8
BLACK
6
CONTINUOUS
10
1.0707669685039369
20
-6.2700257086614171
11
1.0578540551181101
21
-6.2670784251968499
0
LINE
8
BLACK
6
CONTINUOUS
10
1.0578540551181101
20
-6.2670784251968499
11
1.0453523622047245
21
-6.2627038976377953
0
LINE
8
BLACK
6
CONTINUOUS
10
1.0453523622047245
20
-6.2627038976377953
11
1.0334190157480314
21
-6.2569570866141735
0
LINE
8
BLACK
6
CONTINUOUS
10
1.0334190157480314
20
-6.2569570866141735
11
1.0222041732283464
21
-6.2499103543307086
0
LINE
8
BLACK
6
CONTINUOUS
10
1.0222041732283464
20
-6.2499103543307086
11
1.0118488188976378
21
-6.2416522047244092
0
LINE
8
BLACK
6
CONTINUOUS
10
1.0118488188976378
20
-6.2416522047244092
11
1.0024832283464566
21
-6.232286614173228
0
LINE
8
BLACK
6
CONTINUOUS
10
1.0024832283464566
20
-6.232286614173228
11
0.9942250787401574
21
-6.2219312598425196
0
LINE
8
BLACK
6
CONTINUOUS
10
0.9942250787401574
20
-6.2219312598425196
11
0.9871783464566929
21
-6.2107164173228346
0
LINE
8
BLACK
6
CONTINUOUS
10
0.9871783464566929
20
-6.2107164173228346
11
0.9814315354330708
21
-6.198783070866142
0
LINE
8
BLACK
6
CONTINUOUS
10
0.9814315354330708
20
-6.198783070866142
11
0.9770570078740157
21
-6.1862813779527555
0
LINE
8
BLACK
6
CONTINUOUS
10
0.9770570078740157
20
-6.1862813779527555
11
0.9741097244094488
21
-6.1733684645669289
0
LINE
8
BLACK
6
CONTINUOUS
10
0.9741097244094488
20
-6.1733684645669289
11
0.9726267716535433
21
-6.1602067322834646
0
LINE
8
BLACK
6
CONTINUOUS
10
0.9726267716535433
20
-6.1602067322834646
11
0.9726267716535433
21
-6.146961771653543
0
LINE
8
BLACK
6
CONTINUOUS
10
0.9726267716535433
20
-6.146961771653543
11
0.9741097244094488
21
-6.1338000393700787
0
LINE
8
BLACK
6
CONTINUOUS
10
0.9741097244094488
20
-6.1338000393700787
11
0.9770570078740157
21
-6.1208871259842521
0
LINE
8
BLACK
6
CONTINUOUS
10
0.9770570078740157
20
-6.1208871259842521
11
0.9814315354330708
21
-6.1083854330708656
0
LINE
8
BLACK
6
CONTINUOUS
10
0.9814315354330708
20
-6.1083854330708656
11
0.9871783464566929
21
-6.0964520866141729
0
LINE
8
BLACK
6
CONTINUOUS
10
0.9871783464566929
20
-6.0964520866141729
11
0.9942250787401574
21
-6.085237244094488
0
LINE
8
BLACK
6
CONTINUOUS
10
0.9942250787401574
20
-6.085237244094488
11
1.0024832283464566
21
-6.0748818897637795
0
LINE
8
BLACK
6
CONTINUOUS
10
1.0024832283464566
20
-6.0748818897637795
11
1.0118488188976378
21
-6.0655162992125984
0
LINE
8
BLACK
6
CONTINUOUS
10
1.0118488188976378
20
-6.0655162992125984
11
1.0222041732283464
21
-6.0572581496062989
0
LINE
8
BLACK
6
CONTINUOUS
10
1.0222041732283464
20
-6.0572581496062989
11
1.0334190157480314
21
-6.0502114173228341
0
LINE
8
BLACK
6
CONTINUOUS
10
1.0334190157480314
20
-6.0502114173228341
11
1.0453523622047245
21
-6.0444646062992122
0
LINE
8
BLACK
6
CONTINUOUS
10
1.0453523622047245
20
-6.0444646062992122
11
1.0578540551181101
21
-6.0400900787401577
0
LINE
8
BLACK
6
CONTINUOUS
10
1.0578540551181101
20
-6.0400900787401577
11
1.0707669685039369
21
-6.0371427952755905
0
LINE
8
BLACK
6
CONTINUOUS
10
1.0707669685039369
20
-6.0371427952755905
11
1.0839287007874014
21
-6.035659842519685
0
LINE
8
BLACK
6
CONTINUOUS
10
1.0839287007874014
20
-6.035659842519685
11
1.0971736614173229
21
-6.035659842519685
0
LINE
8
BLACK
6
CONTINUOUS
10
1.0971736614173229
20
-6.035659842519685
11
1.1103353937007874
21
-6.0371427952755905
0
LINE
8
BLACK
6
CONTINUOUS
10
1.1103353937007874
20
-5.7576357086614172
11
1.1232483070866142
21
-5.7605829921259843
0
LINE
8
BLACK
6
CONTINUOUS
10
1.1232483070866142
20
-5.7605829921259843
11
1.13575
21
-5.7649575196850389
0
LINE
8
BLACK
6
CONTINUOUS
10
1.13575
20
-5.7649575196850389
11
1.1476833464566929
21
-5.7707043307086616
0
LINE
8
BLACK
6
CONTINUOUS
10
1.1476833464566929
20
-5.7707043307086616
11
1.1588981889763779
21
-5.7777510629921256
0
LINE
8
BLACK
6
CONTINUOUS
10
1.1588981889763779
20
-5.7777510629921256
11
1.1692535433070865
21
-5.786009212598425
0
LINE
8
BLACK
6
CONTINUOUS
10
1.1692535433070865
20
-5.786009212598425
11
1.1786191338582677
21
-5.7953748031496062
0
LINE
8
BLACK
6
CONTINUOUS
10
1.1786191338582677
20
-5.7953748031496062
11
1.1868772834645669
21
-5.8057301574803146
0
LINE
8
BLACK
6
CONTINUOUS
10
1.1868772834645669
20
-5.8057301574803146
11
1.1939240157480315
21
-5.8169449999999996
0
LINE
8
BLACK
6
CONTINUOUS
10
1.1939240157480315
20
-5.8169449999999996
11
1.1996708267716536
21
-5.8288783464566931
0
LINE
8
BLACK
6
CONTINUOUS
10
1.1996708267716536
20
-5.8288783464566931
11
1.2040453543307086
21
-5.8413800393700788
0
LINE
8
BLACK
6
CONTINUOUS
10
1.2040453543307086
20
-5.8413800393700788
11
1.2069926377952755
21
-5.8542929527559053
0
LINE
8
BLACK
6
CONTINUOUS
10
1.2069926377952755
20
-5.8542929527559053
11
1.208475590551181
21
-5.8674546850393696
0
LINE
8
BLACK
6
CONTINUOUS
10
1.208475590551181
20
-5.8674546850393696
11
1.208475590551181
21
-5.8806996456692913
0
LINE
8
BLACK
6
CONTINUOUS
10
1.208475590551181
20
-5.8806996456692913
11
1.2069926377952755
21
-5.8938613779527556
0
LINE
8
BLACK
6
CONTINUOUS
10
1.2069926377952755
20
-5.8938613779527556
11
1.2040453543307086
21
-5.9067742913385821
0
LINE
8
BLACK
6
CONTINUOUS
10
1.2040453543307086
20
-5.9067742913385821
11
1.1996708267716536
21
-5.9192759842519687
0
LINE
8
BLACK
6
CONTINUOUS
10
1.1996708267716536
20
-5.9192759842519687
11
1.1939240157480315
21
-5.9312093307086613
0
LINE
8
BLACK
6
CONTINUOUS
10
1.1939240157480315
20
-5.9312093307086613
11
1.1868772834645669
21
-5.9424241732283463
0
LINE
8
BLACK
6
CONTINUOUS
10
1.1868772834645669
20
-5.9424241732283463
11
1.1786191338582677
21
-5.9527795275590547
0
LINE
8
BLACK
6
CONTINUOUS
10
1.1786191338582677
20
-5.9527795275590547
11
1.1692535433070865
21
-5.9621451181102358
0
LINE
8
BLACK
6
CONTINUOUS
10
1.1692535433070865
20
-5.9621451181102358
11
1.1588981889763779
21
-5.9704032677165353
0
LINE
8
BLACK
6
CONTINUOUS
10
1.1588981889763779
20
-5.9704032677165353
11
1.1476833464566929
21
-5.9774500000000002
0
LINE
8
BLACK
6
CONTINUOUS
10
1.1476833464566929
20
-5.9774500000000002
11
1.13575
21
-5.983196811023622
0
LINE
8
BLACK
6
CONTINUOUS
10
1.13575
20
-5.983196811023622
11
1.1232483070866142
21
-5.9875713385826774
0
LINE
8
BLACK
6
CONTINUOUS
10
1.1232483070866142
20
-5.9875713385826774
11
1.1103353937007874
21
-5.9905186220472437
0
LINE
8
BLACK
6
CONTINUOUS
10
1.1103353937007874
20
-5.9905186220472437
11
1.0971736614173229
21
-5.9920015748031492
0
LINE
8
BLACK
6
CONTINUOUS
10
1.0971736614173229
20
-5.9920015748031492
11
1.0839287007874014
21
-5.9920015748031492
0
LINE
8
BLACK
6
CONTINUOUS
10
1.0839287007874014
20
-5.9920015748031492
11
1.0707669685039369
21
-5.9905186220472437
0
LINE
8
BLACK
6
CONTINUOUS
10
1.0707669685039369
20
-5.9905186220472437
11
1.0578540551181101
21
-5.9875713385826774
0
LINE
8
BLACK
6
CONTINUOUS
10
1.0578540551181101
20
-5.9875713385826774
11
1.0453523622047245
21
-5.983196811023622
0
LINE
8
BLACK
6
CONTINUOUS
10
1.0453523622047245
20
-5.983196811023622
11
1.0334190157480314
21
-5.9774500000000002
0
LINE
8
BLACK
6
CONTINUOUS
10
1.0334190157480314
20
-5.9774500000000002
11
1.0222041732283464
21
-5.9704032677165353
0
LINE
8
BLACK
6
CONTINUOUS
10
1.0222041732283464
20
-5.9704032677165353
11
1.0118488188976378
21
-5.9621451181102358
0
LINE
8
BLACK
6
CONTINUOUS
10
1.0118488188976378
20
-5.9621451181102358
11
1.0024832283464566
21
-5.9527795275590547
0
LINE
8
BLACK
6
CONTINUOUS
10
1.0024832283464566
20
-5.9527795275590547
11
0.9942250787401574
21
-5.9424241732283463
0
LINE
8
BLACK
6
CONTINUOUS
10
0.9942250787401574
20
-5.9424241732283463
11
0.9871783464566929
21
-5.9312093307086613
0
LINE
8
BLACK
6
CONTINUOUS
10
0.9871783464566929
20
-5.9312093307086613
11
0.9814315354330708
21
-5.9192759842519687
0
LINE
8
BLACK
6
CONTINUOUS
10
0.9814315354330708
20
-5.9192759842519687
11
0.9770570078740157
21
-5.9067742913385821
0
LINE
8
BLACK
6
CONTINUOUS
10
0.9770570078740157
20
-5.9067742913385821
11
0.9741097244094488
21
-5.8938613779527556
0
LINE
8
BLACK
6
CONTINUOUS
10
0.9741097244094488
20
-5.8938613779527556
11
0.9726267716535433
21
-5.8806996456692913
0
LINE
8
BLACK
6
CONTINUOUS
10
0.9726267716535433
20
-5.8806996456692913
11
0.9726267716535433
21
-5.8674546850393696
0
LINE
8
BLACK
6
CONTINUOUS
10
0.9726267716535433
20
-5.8674546850393696
11
0.9741097244094488
21
-5.8542929527559053
0
LINE
8
BLACK
6
CONTINUOUS
10
0.9741097244094488
20
-5.8542929527559053
11
0.9770570078740157
21
-5.8413800393700788
0
LINE
8
BLACK
6
CONTINUOUS
10
0.9770570078740157
20
-5.8413800393700788
11
0.9814315354330708
21
-5.8288783464566931
0
LINE
8
BLACK
6
CONTINUOUS
10
0.9814315354330708
20
-5.8288783464566931
11
0.9871783464566929
21
-5.8169449999999996
0
LINE
8
BLACK
6
CONTINUOUS
10
0.9871783464566929
20
-5.8169449999999996
11
0.9942250787401574
21
-5.8057301574803146
0
LINE
8
BLACK
6
CONTINUOUS
10
0.9942250787401574
20
-5.8057301574803146
11
1.0024832283464566
21
-5.7953748031496062
0
LINE
8
BLACK
6
CONTINUOUS
10
1.0024832283464566
20
-5.7953748031496062
11
1.0118488188976378
21
-5.786009212598425
0
LINE
8
BLACK
6
CONTINUOUS
10
1.0118488188976378
20
-5.786009212598425
11
1.0222041732283464
21
-5.7777510629921256
0
LINE
8
BLACK
6
CONTINUOUS
10
1.0222041732283464
20
-5.7777510629921256
11
1.0334190157480314
21
-5.7707043307086616
0
LINE
8
BLACK
6
CONTINUOUS
10
1.0334190157480314
20
-5.7707043307086616
11
1.0453523622047245
21
-5.7649575196850389
0
LINE
8
BLACK
6
CONTINUOUS
10
1.0453523622047245
20
-5.7649575196850389
11
1.0578540551181101
21
-5.7605829921259843
0
LINE
8
BLACK
6
CONTINUOUS
10
1.0578540551181101
20
-5.7605829921259843
11
1.0707669685039369
21
-5.7576357086614172
0
LINE
8
BLACK
6
CONTINUOUS
10
1.0707669685039369
20
-5.7576357086614172
11
1.0839287007874014
21
-5.7561527559055117
0
LINE
8
BLACK
6
CONTINUOUS
10
1.0839287007874014
20
-5.7561527559055117
11
1.0971736614173229
21
-5.7561527559055117
0
LINE
8
BLACK
6
CONTINUOUS
10
1.0971736614173229
20
-5.7561527559055117
11
1.1103353937007874
21
-5.7576357086614172
0
LINE
8
BLACK
6
CONTINUOUS
10
4.1284728346456694
20
-4.5248984645669292
11
4.1324438582677168
21
-4.525962480314961
0
LINE
8
BLACK
6
CONTINUOUS
10
4.1324438582677168
20
-4.525962480314961
11
4.1360041338582674
21
-4.528018031496063
0
LINE
8
BLACK
6
CONTINUOUS
10
4.1360041338582674
20
-4.528018031496063
11
4.1375528740157481
21
-4.5293762204724413
0
LINE
8
BLACK
6
CONTINUOUS
10
4.1375528740157481
20
-4.5293762204724413
11
4.1731921259842517
21
-4.5650155118110236
0
LINE
8
BLACK
6
CONTINUOUS
10
4.1731921259842517
20
-4.5650155118110236
11
4.1767120866141729
21
-4.5643153543307085
0
LINE
8
BLACK
6
CONTINUOUS
10
4.1767120866141729
20
-4.5643153543307085
11
4.1825005118110239
21
-4.5643153543307085
0
LINE
8
BLACK
6
CONTINUOUS
10
4.1825005118110239
20
-4.5643153543307085
11
4.1881777165354332
21
-4.5654446456692916
0
LINE
8
BLACK
6
CONTINUOUS
10
4.1881777165354332
20
-4.5654446456692916
11
4.193525511811024
21
-4.5676597637795275
0
LINE
8
BLACK
6
CONTINUOUS
10
4.193525511811024
20
-4.5676597637795275
11
4.198338385826772
21
-4.5708756299212601
0
LINE
8
BLACK
6
CONTINUOUS
10
4.198338385826772
20
-4.5708756299212601
11
4.2024314173228348
21
-4.5749686614173228
0
LINE
8
BLACK
6
CONTINUOUS
10
4.2024314173228348
20
-4.5749686614173228
11
4.2056472834645664
21
-4.5797815354330709
0
LINE
8
BLACK
6
CONTINUOUS
10
4.2056472834645664
20
-4.5797815354330709
11
4.2078624015748032
21
-4.5851293307086616
0
LINE
8
BLACK
6
CONTINUOUS
10
4.2078624015748032
20
-4.5851293307086616
11
4.2089916929133855
21
-4.5908065354330709
0
LINE
8
BLACK
6
CONTINUOUS
10
4.2089916929133855
20
-4.5908065354330709
11
4.2089916929133855
21
-4.596594960629921
0
LINE
8
BLACK
6
CONTINUOUS
10
4.2089916929133855
20
-4.596594960629921
11
4.2078624015748032
21
-4.6022721653543304
0
LINE
8
BLACK
6
CONTINUOUS
10
4.2078624015748032
20
-4.6022721653543304
11
4.2056472834645664
21
-4.6076199606299211
0
LINE
8
BLACK
6
CONTINUOUS
10
4.2056472834645664
20
-4.6076199606299211
11
4.2024314173228348
21
-4.6124328346456691
0
LINE
8
BLACK
6
CONTINUOUS
10
4.2024314173228348
20
-4.6124328346456691
11
4.198338385826772
21
-4.6165258661417319
0
LINE
8
BLACK
6
CONTINUOUS
10
4.198338385826772
20
-4.6165258661417319
11
4.193525511811024
21
-4.6197417322834644
0
LINE
8
BLACK
6
CONTINUOUS
10
4.193525511811024
20
-4.6197417322834644
11
4.1881777165354332
21
-4.6219568503937003
0
LINE
8
BLACK
6
CONTINUOUS
10
4.1881777165354332
20
-4.6219568503937003
11
4.1825005118110239
21
-4.6230861417322835
0
LINE
8
BLACK
6
CONTINUOUS
10
4.1825005118110239
20
-4.6230861417322835
11
4.1767120866141729
21
-4.6230861417322835
0
LINE
8
BLACK
6
CONTINUOUS
10
4.1767120866141729
20
-4.6230861417322835
11
4.1710348818897636
21
-4.6219568503937003
0
LINE
8
BLACK
6
CONTINUOUS
10
4.1710348818897636
20
-4.6219568503937003
11
4.1656870866141729
21
-4.6197417322834644
0
LINE
8
BLACK
6
CONTINUOUS
10
4.1656870866141729
20
-4.6197417322834644
11
4.1608742125984248
21
-4.6165258661417319
0
LINE
8
BLACK
6
CONTINUOUS
10
4.1608742125984248
20
-4.6165258661417319
11
4.1567811811023621
21
-4.6124328346456691
0
LINE
8
BLACK
6
CONTINUOUS
10
4.1567811811023621
20
-4.6124328346456691
11
4.1535653149606295
21
-4.6076199606299211
0
LINE
8
BLACK
6
CONTINUOUS
10
4.1535653149606295
20
-4.6076199606299211
11
4.1513501968503936
21
-4.6022721653543304
0
LINE
8
BLACK
6
CONTINUOUS
10
4.1513501968503936
20
-4.6022721653543304
11
4.1502209055118113
21
-4.596594960629921
0
LINE
8
BLACK
6
CONTINUOUS
10
4.1502209055118113
20
-4.596594960629921
11
4.1502209055118113
21
-4.5908065354330709
0
LINE
8
BLACK
6
CONTINUOUS
10
4.1502209055118113
20
-4.5908065354330709
11
4.1509210629921256
21
-4.5872865748031497
0
LINE
8
BLACK
6
CONTINUOUS
10
4.1509210629921256
20
-4.5872865748031497
11
4.1198942519685042
21
-4.5562598031496062
0
LINE
8
BLACK
6
CONTINUOUS
10
4.1198942519685042
20
-4.5562598031496062
11
3.733727834645669
21
-4.5562598031496062
0
LINE
8
BLACK
6
CONTINUOUS
10
3.733727834645669
20
-4.5562598031496062
11
3.5669291338582676
21
-4.7230585039370077
0
LINE
8
BLACK
6
CONTINUOUS
10
3.5669291338582676
20
-4.7230585039370077
11
3.5669291338582676
21
-4.783799409448819
0
LINE
8
BLACK
6
CONTINUOUS
10
3.5669291338582676
20
-4.783799409448819
11
3.5697400393700787
21
-4.7849637401574805
0
LINE
8
BLACK
6
CONTINUOUS
10
3.5697400393700787
20
-4.7849637401574805
11
3.5761572047244092
21
-4.7892515748031492
0
LINE
8
BLACK
6
CONTINUOUS
10
3.5761572047244092
20
-4.7892515748031492
11
3.5816145669291339
21
-4.7947089370078739
0
LINE
8
BLACK
6
CONTINUOUS
10
3.5816145669291339
20
-4.7947089370078739
11
3.5859024015748031
21
-4.8011261023622049
0
LINE
8
BLACK
6
CONTINUOUS
10
3.5859024015748031
20
-4.8011261023622049
11
3.588855905511811
21
-4.8082564960629917
0
LINE
8
BLACK
6
CONTINUOUS
10
3.588855905511811
20
-4.8082564960629917
11
3.5903616141732284
21
-4.8158261023622044
0
LINE
8
BLACK
6
CONTINUOUS
10
3.5903616141732284
20
-4.8158261023622044
11
3.5903616141732284
21
-4.8235439763779526
0
LINE
8
BLACK
6
CONTINUOUS
10
3.5903616141732284
20
-4.8235439763779526
11
3.588855905511811
21
-4.8311135826771654
0
LINE
8
BLACK
6
CONTINUOUS
10
3.588855905511811
20
-4.8311135826771654
11
3.5859024015748031
21
-4.838243976377953
0
LINE
8
BLACK
6
CONTINUOUS
10
3.5859024015748031
20
-4.838243976377953
11
3.5816145669291339
21
-4.8446611417322831
0
LINE
8
BLACK
6
CONTINUOUS
10
3.5816145669291339
20
-4.8446611417322831
11
3.5761572047244092
21
-4.8501185039370078
0
LINE
8
BLACK
6
CONTINUOUS
10
3.5761572047244092
20
-4.8501185039370078
11
3.5697400393700787
21
-4.8544063385826774
0
LINE
8
BLACK
6
CONTINUOUS
10
3.5697400393700787
20
-4.8544063385826774
11
3.5626096456692911
21
-4.8573598425196849
0
LINE
8
BLACK
6
CONTINUOUS
10
3.5626096456692911
20
-4.8573598425196849
11
3.5550400393700787
21
-4.8588655511811023
0
LINE
8
BLACK
6
CONTINUOUS
10
3.5550400393700787
20
-4.8588655511811023
11
3.5473221653543305
21
-4.8588655511811023
0
LINE
8
BLACK
6
CONTINUOUS
10
3.5473221653543305
20
-4.8588655511811023
11
3.5397525590551182
21
-4.8573598425196849
0
LINE
8
BLACK
6
CONTINUOUS
10
3.5397525590551182
20
-4.8573598425196849
11
3.5326221653543306
21
-4.8544063385826774
0
LINE
8
BLACK
6
CONTINUOUS
10
3.5326221653543306
20
-4.8544063385826774
11
3.526205
21
-4.8501185039370078
0
LINE
8
BLACK
6
CONTINUOUS
10
3.526205
20
-4.8501185039370078
11
3.5207476377952753
21
-4.8446611417322831
0
LINE
8
BLACK
6
CONTINUOUS
10
3.5207476377952753
20
-4.8446611417322831
11
3.5164598031496062
21
-4.838243976377953
0
LINE
8
BLACK
6
CONTINUOUS
10
3.5164598031496062
20
-4.838243976377953
11
3.5135062992125983
21
-4.8311135826771654
0
LINE
8
BLACK
6
CONTINUOUS
10
3.5135062992125983
20
-4.8311135826771654
11
3.5120005905511809
21
-4.8235439763779526
0
LINE
8
BLACK
6
CONTINUOUS
10
3.5120005905511809
20
-4.8235439763779526
11
3.5120005905511809
21
-4.8158261023622044
0
LINE
8
BLACK
6
CONTINUOUS
10
3.5120005905511809
20
-4.8158261023622044
11
3.5135062992125983
21
-4.8082564960629917
0
LINE
8
BLACK
6
CONTINUOUS
10
3.5135062992125983
20
-4.8082564960629917
11
3.5164598031496062
21
-4.8011261023622049
0
LINE
8
BLACK
6
CONTINUOUS
10
3.5164598031496062
20
-4.8011261023622049
11
3.5207476377952753
21
-4.7947089370078739
0
LINE
8
BLACK
6
CONTINUOUS
10
3.5207476377952753
20
-4.7947089370078739
11
3.526205
21
-4.7892515748031492
0
LINE
8
BLACK
6
CONTINUOUS
10
3.526205
20
-4.7892515748031492
11
3.5326221653543306
21
-4.7849637401574805
0
LINE
8
BLACK
6
CONTINUOUS
10
3.5326221653543306
20
-4.7849637401574805
11
3.5354330708661417
21
-4.783799409448819
0
LINE
8
BLACK
6
CONTINUOUS
10
3.5354330708661417
20
-4.783799409448819
11
3.5354330708661417
21
-4.7165354330708658
0
LINE
8
BLACK
6
CONTINUOUS
10
3.5354330708661417
20
-4.7165354330708658
11
3.5355677952755906
21
-4.7144799212598425
0
LINE
8
BLACK
6
CONTINUOUS
10
3.5355677952755906
20
-4.7144799212598425
11
3.5358386614173227
21
-4.71346905511811
0
LINE
8
BLACK
6
CONTINUOUS
10
3.5358386614173227
20
-4.71346905511811
11
3.5366318110236219
21
-4.7105088976377951
0
LINE
8
BLACK
6
CONTINUOUS
10
3.5366318110236219
20
-4.7105088976377951
11
3.5386873622047244
21
-4.7069486220472436
0
LINE
8
BLACK
6
CONTINUOUS
10
3.5386873622047244
20
-4.7069486220472436
11
3.5400455511811022
21
-4.7053998818897638
0
LINE
8
BLACK
6
CONTINUOUS
10
3.5400455511811022
20
-4.7053998818897638
11
3.7160692125984252
21
-4.5293762204724413
0
LINE
8
BLACK
6
CONTINUOUS
10
3.7160692125984252
20
-4.5293762204724413
11
3.7176179527559055
21
-4.528018031496063
0
LINE
8
BLACK
6
CONTINUOUS
10
3.7176179527559055
20
-4.528018031496063
11
3.7211782283464565
21
-4.525962480314961
0
LINE
8
BLACK
6
CONTINUOUS
10
3.7211782283464565
20
-4.525962480314961
11
3.7251492519685039
21
-4.5248984645669292
0
LINE
8
BLACK
6
CONTINUOUS
10
3.7251492519685039
20
-4.5248984645669292
11
3.7272047637795276
21
-4.5247637401574803
0
LINE
8
BLACK
6
CONTINUOUS
10
3.7272047637795276
20
-4.5247637401574803
11
4.1264173228346452
21
-4.5247637401574803
0
LINE
8
BLACK
6
CONTINUOUS
10
4.1264173228346452
20
-4.5247637401574803
11
4.1284728346456694
21
-4.5248984645669292
0
LINE
8
BLACK
6
CONTINUOUS
10
4.1147561023622048
20
-4.2016864566929133
11
4.1174262992125987
21
-4.2032281102362203
0
LINE
8
BLACK
6
CONTINUOUS
10
4.1174262992125987
20
-4.2032281102362203
11
4.1196065354330704
21
-4.2054083464566929
0
LINE
8
BLACK
6
CONTINUOUS
10
4.1196065354330704
20
-4.2054083464566929
11
4.1211481889763775
21
-4.2080785433070869
0
LINE
8
BLACK
6
CONTINUOUS
10
4.1211481889763775
20
-4.2080785433070869
11
4.1219461811023619
21
-4.211056771653543
0
LINE
8
BLACK
6
CONTINUOUS
10
4.1219461811023619
20
-4.211056771653543
11
4.1219461811023619
21
-4.2141400787401571
0
LINE
8
BLACK
6
CONTINUOUS
10
4.1219461811023619
20
-4.2141400787401571
11
4.1211481889763775
21
-4.2171183070866141
0
LINE
8
BLACK
6
CONTINUOUS
10
4.1211481889763775
20
-4.2171183070866141
11
4.1196065354330704
21
-4.219788503937008
0
LINE
8
BLACK
6
CONTINUOUS
10
4.1196065354330704
20
-4.219788503937008
11
4.1181102362204722
21
-4.2212848031496062
0
LINE
8
BLACK
6
CONTINUOUS
10
4.1181102362204722
20
-4.2212848031496062
11
4.1181102362204722
21
-4.3510692125984249
0
LINE
8
BLACK
6
CONTINUOUS
10
4.1181102362204722
20
-4.3510692125984249
11
4.3504890157480318
21
-4.5834479921259845
0
LINE
8
BLACK
6
CONTINUOUS
10
4.3504890157480318
20
-4.5834479921259845
11
4.3514682677165357
21
-4.584641181102362
0
LINE
8
BLACK
6
CONTINUOUS
10
4.3514682677165357
20
-4.584641181102362
11
4.3526439763779523
21
-4.5874796062992127
0
LINE
8
BLACK
6
CONTINUOUS
10
4.3526439763779523
20
-4.5874796062992127
11
4.3527952755905508
21
-4.5890157480314961
0
LINE
8
BLACK
6
CONTINUOUS
10
4.3527952755905508
20
-4.5890157480314961
11
4.3527952755905508
21
-4.7090944881889767
0
LINE
8
BLACK
6
CONTINUOUS
10
4.3527952755905508
20
-4.7090944881889767
11
4.3526439763779523
21
-4.7106306299212601
0
LINE
8
BLACK
6
CONTINUOUS
10
4.3526439763779523
20
-4.7106306299212601
11
4.3514682677165357
21
-4.71346905511811
0
LINE
8
BLACK
6
CONTINUOUS
10
4.3514682677165357
20
-4.71346905511811
11
4.3492958267716535
21
-4.7156414960629922
0
LINE
8
BLACK
6
CONTINUOUS
10
4.3492958267716535
20
-4.7156414960629922
11
4.3464574015748028
21
-4.7168172047244097
0
LINE
8
BLACK
6
CONTINUOUS
10
4.3464574015748028
20
-4.7168172047244097
11
4.3449212598425193
21
-4.7169685039370082
0
LINE
8
BLACK
6
CONTINUOUS
10
4.3449212598425193
20
-4.7169685039370082
11
4.2542913385826768
21
-4.7169685039370082
0
LINE
8
BLACK
6
CONTINUOUS
10
4.2542913385826768
20
-4.7169685039370082
11
4.2527551968503934
21
-4.7168172047244097
0
LINE
8
BLACK
6
CONTINUOUS
10
4.2527551968503934
20
-4.7168172047244097
11
4.2499167716535435
21
-4.7156414960629922
0
LINE
8
BLACK
6
CONTINUOUS
10
4.2499167716535435
20
-4.7156414960629922
11
4.2487235826771652
21
-4.7146622440944883
0
LINE
8
BLACK
6
CONTINUOUS
10
4.2487235826771652
20
-4.7146622440944883
11
4.2264421653543307
21
-4.6923808267716538
0
LINE
8
BLACK
6
CONTINUOUS
10
4.2264421653543307
20
-4.6923808267716538
11
4.2225005118110239
21
-4.6931649212598421
0
LINE
8
BLACK
6
CONTINUOUS
10
4.2225005118110239
20
-4.6931649212598421
11
4.216712086614173
21
-4.6931649212598421
0
LINE
8
BLACK
6
CONTINUOUS
10
4.216712086614173
20
-4.6931649212598421
11
4.2110348818897636
21
-4.6920356299212598
0
LINE
8
BLACK
6
CONTINUOUS
10
4.2110348818897636
20
-4.6920356299212598
11
4.2056870866141729
21
-4.6898205118110239
0
LINE
8
BLACK
6
CONTINUOUS
10
4.2056870866141729
20
-4.6898205118110239
11
4.2008742125984249
21
-4.6866046456692914
0
LINE
8
BLACK
6
CONTINUOUS
10
4.2008742125984249
20
-4.6866046456692914
11
4.1967811811023621
21
-4.6825116141732286
0
LINE
8
BLACK
6
CONTINUOUS
10
4.1967811811023621
20
-4.6825116141732286
11
4.1935653149606296
21
-4.6776987401574806
0
LINE
8
BLACK
6
CONTINUOUS
10
4.1935653149606296
20
-4.6776987401574806
11
4.1913501968503937
21
-4.6723509448818898
0
LINE
8
BLACK
6
CONTINUOUS
10
4.1913501968503937
20
-4.6723509448818898
11
4.1902209055118114
21
-4.6666737401574805
0
LINE
8
BLACK
6
CONTINUOUS
10
4.1902209055118114
20
-4.6666737401574805
11
4.1902209055118114
21
-4.6608853149606295
0
LINE
8
BLACK
6
CONTINUOUS
10
4.1902209055118114
20
-4.6608853149606295
11
4.1913501968503937
21
-4.6552081102362202
0
LINE
8
BLACK
6
CONTINUOUS
10
4.1913501968503937
20
-4.6552081102362202
11
4.1935653149606296
21
-4.6498603149606295
0
LINE
8
BLACK
6
CONTINUOUS
10
4.1935653149606296
20
-4.6498603149606295
11
4.1967811811023621
21
-4.6450474409448814
0
LINE
8
BLACK
6
CONTINUOUS
10
4.1967811811023621
20
-4.6450474409448814
11
4.2008742125984249
21
-4.6409544094488187
0
LINE
8
BLACK
6
CONTINUOUS
10
4.2008742125984249
20
-4.6409544094488187
11
4.2056870866141729
21
-4.6377385433070861
0
LINE
8
BLACK
6
CONTINUOUS
10
4.2056870866141729
20
-4.6377385433070861
11
4.2110348818897636
21
-4.6355234251968502
0
LINE
8
BLACK
6
CONTINUOUS
10
4.2110348818897636
20
-4.6355234251968502
11
4.216712086614173
21
-4.6343941338582679
0
LINE
8
BLACK
6
CONTINUOUS
10
4.216712086614173
20
-4.6343941338582679
11
4.2225005118110239
21
-4.6343941338582679
0
LINE
8
BLACK
6
CONTINUOUS
10
4.2225005118110239
20
-4.6343941338582679
11
4.2281777165354333
21
-4.6355234251968502
0
LINE
8
BLACK
6
CONTINUOUS
10
4.2281777165354333
20
-4.6355234251968502
11
4.2335255118110231
21
-4.6377385433070861
0
LINE
8
BLACK
6
CONTINUOUS
10
4.2335255118110231
20
-4.6377385433070861
11
4.2383383858267711
21
-4.6409544094488187
0
LINE
8
BLACK
6
CONTINUOUS
10
4.2383383858267711
20
-4.6409544094488187
11
4.2424314173228348
21
-4.6450474409448814
0
LINE
8
BLACK
6
CONTINUOUS
10
4.2424314173228348
20
-4.6450474409448814
11
4.2456472834645664
21
-4.6498603149606295
0
LINE
8
BLACK
6
CONTINUOUS
10
4.2456472834645664
20
-4.6498603149606295
11
4.2478624015748032
21
-4.6552081102362202
0
LINE
8
BLACK
6
CONTINUOUS
10
4.2478624015748032
20
-4.6552081102362202
11
4.2489916929133855
21
-4.6608853149606295
0
LINE
8
BLACK
6
CONTINUOUS
10
4.2489916929133855
20
-4.6608853149606295
11
4.2489916929133855
21
-4.6666737401574805
0
LINE
8
BLACK
6
CONTINUOUS
10
4.2489916929133855
20
-4.6666737401574805
11
4.2478624015748032
21
-4.6723509448818898
0
LINE
8
BLACK
6
CONTINUOUS
10
4.2478624015748032
20
-4.6723509448818898
11
4.2456472834645664
21
-4.6776987401574806
0
LINE
8
BLACK
6
CONTINUOUS
10
4.2456472834645664
20
-4.6776987401574806
11
4.2424314173228348
21
-4.6825116141732286
0
LINE
8
BLACK
6
CONTINUOUS
10
4.2424314173228348
20
-4.6825116141732286
11
4.2406376771653544
21
-4.6843053149606302
0
LINE
8
BLACK
6
CONTINUOUS
10
4.2406376771653544
20
-4.6843053149606302
11
4.2575528346456695
21
-4.7012204724409452
0
LINE
8
BLACK
6
CONTINUOUS
10
4.2575528346456695
20
-4.7012204724409452
11
4.3370472440944878
21
-4.7012204724409452
0
LINE
8
BLACK
6
CONTINUOUS
10
4.3370472440944878
20
-4.7012204724409452
11
4.3370472440944878
21
-4.5922772440944879
0
LINE
8
BLACK
6
CONTINUOUS
10
4.3370472440944878
20
-4.5922772440944879
11
4.1046684645669291
21
-4.3598984645669292
0
LINE
8
BLACK
6
CONTINUOUS
10
4.1046684645669291
20
-4.3598984645669292
11
4.1036892125984252
21
-4.3587052755905509
0
LINE
8
BLACK
6
CONTINUOUS
10
4.1036892125984252
20
-4.3587052755905509
11
4.1025135039370078
21
-4.355866850393701
0
LINE
8
BLACK
6
CONTINUOUS
10
4.1025135039370078
20
-4.355866850393701
11
4.1023622047244093
21
-4.3543307086614176
0
LINE
8
BLACK
6
CONTINUOUS
10
4.1023622047244093
20
-4.3543307086614176
11
4.1023622047244093
21
-4.2212848031496062
0
LINE
8
BLACK
6
CONTINUOUS
10
4.1023622047244093
20
-4.2212848031496062
11
4.1008659055118111
21
-4.219788503937008
0
LINE
8
BLACK
6
CONTINUOUS
10
4.1008659055118111
20
-4.219788503937008
11
4.099324251968504
21
-4.2171183070866141
0
LINE
8
BLACK
6
CONTINUOUS
10
4.099324251968504
20
-4.2171183070866141
11
4.0985262598425196
21
-4.2141400787401571
0
LINE
8
BLACK
6
CONTINUOUS
10
4.0985262598425196
20
-4.2141400787401571
11
4.0985262598425196
21
-4.211056771653543
0
LINE
8
BLACK
6
CONTINUOUS
10
4.0985262598425196
20
-4.211056771653543
11
4.099324251968504
21
-4.2080785433070869
0
LINE
8
BLACK
6
CONTINUOUS
10
4.099324251968504
20
-4.2080785433070869
11
4.1008659055118111
21
-4.2054083464566929
0
LINE
8
BLACK
6
CONTINUOUS
10
4.1008659055118111
20
-4.2054083464566929
11
4.1030461417322837
21
-4.2032281102362203
0
LINE
8
BLACK
6
CONTINUOUS
10
4.1030461417322837
20
-4.2032281102362203
11
4.1057163385826767
21
-4.2016864566929133
0
LINE
8
BLACK
6
CONTINUOUS
10
4.1057163385826767
20
-4.2016864566929133
11
4.1086945669291337
21
-4.2008884645669289
0
LINE
8
BLACK
6
CONTINUOUS
10
4.1086945669291337
20
-4.2008884645669289
11
4.1117778740157478
21
-4.2008884645669289
0
LINE
8
BLACK
6
CONTINUOUS
10
4.1117778740157478
20
-4.2008884645669289
11
4.1147561023622048
21
-4.2016864566929133
0
LINE
8
BLACK
6
CONTINUOUS
10
4.3291338582677161
20
-4.6933070866141735
11
4.27007874015748
21
-4.6933070866141735
0
LINE
8
BLACK
6
CONTINUOUS
10
4.27007874015748
20
-4.6933070866141735
11
4.27007874015748
21
-4.6342519685039365
0
LINE
8
BLACK
6
CONTINUOUS
10
4.27007874015748
20
-4.6342519685039365
11
4.3291338582677161
21
-4.6342519685039365
0
LINE
8
BLACK
6
CONTINUOUS
10
4.3291338582677161
20
-4.6342519685039365
11
4.3291338582677161
21
-4.6933070866141735
0
LINE
8
BLACK
6
CONTINUOUS
10
4.0681777165354331
20
-4.6355234251968502
11
4.0735255118110238
21
-4.6377385433070861
0
LINE
8
BLACK
6
CONTINUOUS
10
4.0735255118110238
20
-4.6377385433070861
11
4.0783383858267719
21
-4.6409544094488187
0
LINE
8
BLACK
6
CONTINUOUS
10
4.0783383858267719
20
-4.6409544094488187
11
4.0824314173228347
21
-4.6450474409448814
0
LINE
8
BLACK
6
CONTINUOUS
10
4.0824314173228347
20
-4.6450474409448814
11
4.0856472834645672
21
-4.6498603149606295
0
LINE
8
BLACK
6
CONTINUOUS
10
4.0856472834645672
20
-4.6498603149606295
11
4.0878624015748031
21
-4.6552081102362202
0
LINE
8
BLACK
6
CONTINUOUS
10
4.0878624015748031
20
-4.6552081102362202
11
4.0889916929133854
21
-4.6608853149606295
0
LINE
8
BLACK
6
CONTINUOUS
10
4.0889916929133854
20
-4.6608853149606295
11
4.0889916929133854
21
-4.6666737401574805
0
LINE
8
BLACK
6
CONTINUOUS
10
4.0889916929133854
20
-4.6666737401574805
11
4.0878624015748031
21
-4.6723509448818898
0
LINE
8
BLACK
6
CONTINUOUS
10
4.0878624015748031
20
-4.6723509448818898
11
4.0856472834645672
21
-4.6776987401574806
0
LINE
8
BLACK
6
CONTINUOUS
10
4.0856472834645672
20
-4.6776987401574806
11
4.0824314173228347
21
-4.6825116141732286
0
LINE
8
BLACK
6
CONTINUOUS
10
4.0824314173228347
20
-4.6825116141732286
11
4.0783383858267719
21
-4.6866046456692914
0
LINE
8
BLACK
6
CONTINUOUS
10
4.0783383858267719
20
-4.6866046456692914
11
4.0735255118110238
21
-4.6898205118110239
0
LINE
8
BLACK
6
CONTINUOUS
10
4.0735255118110238
20
-4.6898205118110239
11
4.0681777165354331
21
-4.6920356299212598
0
LINE
8
BLACK
6
CONTINUOUS
10
4.0681777165354331
20
-4.6920356299212598
11
4.0625005118110238
21
-4.6931649212598421
0
LINE
8
BLACK
6
CONTINUOUS
10
4.0625005118110238
20
-4.6931649212598421
11
4.0567120866141728
21
-4.6931649212598421
0
LINE
8
BLACK
6
CONTINUOUS
10
4.0567120866141728
20
-4.6931649212598421
11
4.0510348818897635
21
-4.6920356299212598
0
LINE
8
BLACK
6
CONTINUOUS
10
4.0510348818897635
20
-4.6920356299212598
11
4.0456870866141728
21
-4.6898205118110239
0
LINE
8
BLACK
6
CONTINUOUS
10
4.0456870866141728
20
-4.6898205118110239
11
4.0408742125984247
21
-4.6866046456692914
0
LINE
8
BLACK
6
CONTINUOUS
10
4.0408742125984247
20
-4.6866046456692914
11
4.0367811811023619
21
-4.6825116141732286
0
LINE
8
BLACK
6
CONTINUOUS
10
4.0367811811023619
20
-4.6825116141732286
11
4.0335653149606294
21
-4.6776987401574806
0
LINE
8
BLACK
6
CONTINUOUS
10
4.0335653149606294
20
-4.6776987401574806
11
4.0313501968503935
21
-4.6723509448818898
0
LINE
8
BLACK
6
CONTINUOUS
10
4.0313501968503935
20
-4.6723509448818898
11
4.0302209055118112
21
-4.6666737401574805
0
LINE
8
BLACK
6
CONTINUOUS
10
4.0302209055118112
20
-4.6666737401574805
11
4.0302209055118112
21
-4.6608853149606295
0
LINE
8
BLACK
6
CONTINUOUS
10
4.0302209055118112
20
-4.6608853149606295
11
4.0313501968503935
21
-4.6552081102362202
0
LINE
8
BLACK
6
CONTINUOUS
10
4.0313501968503935
20
-4.6552081102362202
11
4.0335653149606294
21
-4.6498603149606295
0
LINE
8
BLACK
6
CONTINUOUS
10
4.0335653149606294
20
-4.6498603149606295
11
4.0367811811023619
21
-4.6450474409448814
0
LINE
8
BLACK
6
CONTINUOUS
10
4.0367811811023619
20
-4.6450474409448814
11
4.0408742125984247
21
-4.6409544094488187
0
LINE
8
BLACK
6
CONTINUOUS
10
4.0408742125984247
20
-4.6409544094488187
11
4.0456870866141728
21
-4.6377385433070861
0
LINE
8
BLACK
6
CONTINUOUS
10
4.0456870866141728
20
-4.6377385433070861
11
4.0510348818897635
21
-4.6355234251968502
0
LINE
8
BLACK
6
CONTINUOUS
10
4.0510348818897635
20
-4.6355234251968502
11
4.0567120866141728
21
-4.6343941338582679
0
LINE
8
BLACK
6
CONTINUOUS
10
4.0567120866141728
20
-4.6343941338582679
11
4.0625005118110238
21
-4.6343941338582679
0
LINE
8
BLACK
6
CONTINUOUS
10
4.0625005118110238
20
-4.6343941338582679
11
4.0681777165354331
21
-4.6355234251968502
0
LINE
8
BLACK
6
CONTINUOUS
10
3.8499394488188976
20
-4.5847155511811026
11
3.8566962992125982
21
-4.5869109842519684
0
LINE
8
BLACK
6
CONTINUOUS
10
3.8566962992125982
20
-4.5869109842519684
11
3.8630264960629921
21
-4.5901363779527555
0
LINE
8
BLACK
6
CONTINUOUS
10
3.8630264960629921
20
-4.5901363779527555
11
3.8687742125984252
21
-4.5943123228346456
0
LINE
8
BLACK
6
CONTINUOUS
10
3.8687742125984252
20
-4.5943123228346456
11
3.8737979133858267
21
-4.5993360236220475
0
LINE
8
BLACK
6
CONTINUOUS
10
3.8737979133858267
20
-4.5993360236220475
11
3.8779738582677163
21
-4.6050837401574798
0
LINE
8
BLACK
6
CONTINUOUS
10
3.8779738582677163
20
-4.6050837401574798
11
3.8811992519685039
21
-4.6114139370078737
0
LINE
8
BLACK
6
CONTINUOUS
10
3.8811992519685039
20
-4.6114139370078737
11
3.8833946850393701
21
-4.6181707874015743
0
LINE
8
BLACK
6
CONTINUOUS
10
3.8833946850393701
20
-4.6181707874015743
11
3.8845061023622045
21
-4.6251878740157482
0
LINE
8
BLACK
6
CONTINUOUS
10
3.8845061023622045
20
-4.6251878740157482
11
3.8845061023622045
21
-4.632292440944882
0
LINE
8
BLACK
6
CONTINUOUS
10
3.8845061023622045
20
-4.632292440944882
11
3.8833946850393701
21
-4.639309527559055
0
LINE
8
BLACK
6
CONTINUOUS
10
3.8833946850393701
20
-4.639309527559055
11
3.8811992519685039
21
-4.6460663779527556
0
LINE
8
BLACK
6
CONTINUOUS
10
3.8811992519685039
20
-4.6460663779527556
11
3.8779738582677163
21
-4.6523965748031495
0
LINE
8
BLACK
6
CONTINUOUS
10
3.8779738582677163
20
-4.6523965748031495
11
3.8737979133858267
21
-4.6581442913385827
0
LINE
8
BLACK
6
CONTINUOUS
10
3.8737979133858267
20
-4.6581442913385827
11
3.8687742125984252
21
-4.6631679921259845
0
LINE
8
BLACK
6
CONTINUOUS
10
3.8687742125984252
20
-4.6631679921259845
11
3.8630264960629921
21
-4.6673439370078738
0
LINE
8
BLACK
6
CONTINUOUS
10
3.8630264960629921
20
-4.6673439370078738
11
3.8566962992125982
21
-4.6705693307086609
0
LINE
8
BLACK
6
CONTINUOUS
10
3.8566962992125982
20
-4.6705693307086609
11
3.8499394488188976
21
-4.6727647637795275
0
LINE
8
BLACK
6
CONTINUOUS
10
3.8499394488188976
20
-4.6727647637795275
11
3.8429223622047242
21
-4.6738761811023624
0
LINE
8
BLACK
6
CONTINUOUS
10
3.8429223622047242
20
-4.6738761811023624
11
3.8358177952755903
21
-4.6738761811023624
0
LINE
8
BLACK
6
CONTINUOUS
10
3.8358177952755903
20
-4.6738761811023624
11
3.8288007086614173
21
-4.6727647637795275
0
LINE
8
BLACK
6
CONTINUOUS
10
3.8288007086614173
20
-4.6727647637795275
11
3.8220438582677163
21
-4.6705693307086609
0
LINE
8
BLACK
6
CONTINUOUS
10
3.8220438582677163
20
-4.6705693307086609
11
3.8157136614173228
21
-4.6673439370078738
0
LINE
8
BLACK
6
CONTINUOUS
10
3.8157136614173228
20
-4.6673439370078738
11
3.8099659448818897
21
-4.6631679921259845
0
LINE
8
BLACK
6
CONTINUOUS
10
3.8099659448818897
20
-4.6631679921259845
11
3.8049422440944882
21
-4.6581442913385827
0
LINE
8
BLACK
6
CONTINUOUS
10
3.8049422440944882
20
-4.6581442913385827
11
3.8007662992125981
21
-4.6523965748031495
0
LINE
8
BLACK
6
CONTINUOUS
10
3.8007662992125981
20
-4.6523965748031495
11
3.797540905511811
21
-4.6460663779527556
0
LINE
8
BLACK
6
CONTINUOUS
10
3.797540905511811
20
-4.6460663779527556
11
3.7953454724409448
21
-4.639309527559055
0
LINE
8
BLACK
6
CONTINUOUS
10
3.7953454724409448
20
-4.639309527559055
11
3.79423405511811
21
-4.632292440944882
0
LINE
8
BLACK
6
CONTINUOUS
10
3.79423405511811
20
-4.632292440944882
11
3.79423405511811
21
-4.6251878740157482
0
LINE
8
BLACK
6
CONTINUOUS
10
3.79423405511811
20
-4.6251878740157482
11
3.7953454724409448
21
-4.6181707874015743
0
LINE
8
BLACK
6
CONTINUOUS
10
3.7953454724409448
20
-4.6181707874015743
11
3.797540905511811
21
-4.6114139370078737
0
LINE
8
BLACK
6
CONTINUOUS
10
3.797540905511811
20
-4.6114139370078737
11
3.8007662992125981
21
-4.6050837401574798
0
LINE
8
BLACK
6
CONTINUOUS
10
3.8007662992125981
20
-4.6050837401574798
11
3.8049422440944882
21
-4.5993360236220475
0
LINE
8
BLACK
6
CONTINUOUS
10
3.8049422440944882
20
-4.5993360236220475
11
3.8099659448818897
21
-4.5943123228346456
0
LINE
8
BLACK
6
CONTINUOUS
10
3.8099659448818897
20
-4.5943123228346456
11
3.8157136614173228
21
-4.5901363779527555
0
LINE
8
BLACK
6
CONTINUOUS
10
3.8157136614173228
20
-4.5901363779527555
11
3.8220438582677163
21
-4.5869109842519684
0
LINE
8
BLACK
6
CONTINUOUS
10
3.8220438582677163
20
-4.5869109842519684
11
3.8288007086614173
21
-4.5847155511811026
0
LINE
8
BLACK
6
CONTINUOUS
10
3.8288007086614173
20
-4.5847155511811026
11
3.8358177952755903
21
-4.5836041338582678
0
LINE
8
BLACK
6
CONTINUOUS
10
3.8358177952755903
20
-4.5836041338582678
11
3.8429223622047242
21
-4.5836041338582678
0
LINE
8
BLACK
6
CONTINUOUS
10
3.8429223622047242
20
-4.5836041338582678
11
3.8499394488188976
21
-4.5847155511811026
0
LINE
8
BLACK
6
CONTINUOUS
10
4.0281777559055119
20
-4.5654446850393704
11
4.0335255511811026
21
-4.5676598031496063
0
LINE
8
BLACK
6
CONTINUOUS
10
4.0335255511811026
20
-4.5676598031496063
11
4.0383384251968506
21
-4.5708756692913388
0
LINE
8
BLACK
6
CONTINUOUS
10
4.0383384251968506
20
-4.5708756692913388
11
4.0424314566929134
21
-4.5749687007874016
0
LINE
8
BLACK
6
CONTINUOUS
10
4.0424314566929134
20
-4.5749687007874016
11
4.0456473228346459
21
-4.5797815748031496
0
LINE
8
BLACK
6
CONTINUOUS
10
4.0456473228346459
20
-4.5797815748031496
11
4.0478624409448818
21
-4.5851293700787403
0
LINE
8
BLACK
6
CONTINUOUS
10
4.0478624409448818
20
-4.5851293700787403
11
4.0489917322834641
21
-4.5908065748031497
0
LINE
8
BLACK
6
CONTINUOUS
10
4.0489917322834641
20
-4.5908065748031497
11
4.0489917322834641
21
-4.5965949999999998
0
LINE
8
BLACK
6
CONTINUOUS
10
4.0489917322834641
20
-4.5965949999999998
11
4.0478624409448818
21
-4.6022722047244091
0
LINE
8
BLACK
6
CONTINUOUS
10
4.0478624409448818
20
-4.6022722047244091
11
4.0456473228346459
21
-4.6076199999999998
0
LINE
8
BLACK
6
CONTINUOUS
10
4.0456473228346459
20
-4.6076199999999998
11
4.0424314566929134
21
-4.6124328740157479
0
LINE
8
BLACK
6
CONTINUOUS
10
4.0424314566929134
20
-4.6124328740157479
11
4.0383384251968506
21
-4.6165259055118106
0
LINE
8
BLACK
6
CONTINUOUS
10
4.0383384251968506
20
-4.6165259055118106
11
4.0335255511811026
21
-4.6197417716535432
0
LINE
8
BLACK
6
CONTINUOUS
10
4.0335255511811026
20
-4.6197417716535432
11
4.0281777559055119
21
-4.6219568897637791
0
LINE
8
BLACK
6
CONTINUOUS
10
4.0281777559055119
20
-4.6219568897637791
11
4.0225005511811025
21
-4.6230861811023622
0
LINE
8
BLACK
6
CONTINUOUS
10
4.0225005511811025
20
-4.6230861811023622
11
4.0167121259842515
21
-4.6230861811023622
0
LINE
8
BLACK
6
CONTINUOUS
10
4.0167121259842515
20
-4.6230861811023622
11
4.0110349212598422
21
-4.6219568897637791
0
LINE
8
BLACK
6
CONTINUOUS
10
4.0110349212598422
20
-4.6219568897637791
11
4.0056871259842515
21
-4.6197417716535432
0
LINE
8
BLACK
6
CONTINUOUS
10
4.0056871259842515
20
-4.6197417716535432
11
4.0008742519685034
21
-4.6165259055118106
0
LINE
8
BLACK
6
CONTINUOUS
10
4.0008742519685034
20
-4.6165259055118106
11
3.9967812204724407
21
-4.6124328740157479
0
LINE
8
BLACK
6
CONTINUOUS
10
3.9967812204724407
20
-4.6124328740157479
11
3.9935653543307086
21
-4.6076199999999998
0
LINE
8
BLACK
6
CONTINUOUS
10
3.9935653543307086
20
-4.6076199999999998
11
3.9913502362204722
21
-4.6022722047244091
0
LINE
8
BLACK
6
CONTINUOUS
10
3.9913502362204722
20
-4.6022722047244091
11
3.9902209448818895
21
-4.5965949999999998
0
LINE
8
BLACK
6
CONTINUOUS
10
3.9902209448818895
20
-4.5965949999999998
11
3.9902209448818895
21
-4.5908065748031497
0
LINE
8
BLACK
6
CONTINUOUS
10
3.9902209448818895
20
-4.5908065748031497
11
3.9913502362204722
21
-4.5851293700787403
0
LINE
8
BLACK
6
CONTINUOUS
10
3.9913502362204722
20
-4.5851293700787403
11
3.9935653543307086
21
-4.5797815748031496
0
LINE
8
BLACK
6
CONTINUOUS
10
3.9935653543307086
20
-4.5797815748031496
11
3.9967812204724407
21
-4.5749687007874016
0
LINE
8
BLACK
6
CONTINUOUS
10
3.9967812204724407
20
-4.5749687007874016
11
4.0008742519685034
21
-4.5708756692913388
0
LINE
8
BLACK
6
CONTINUOUS
10
4.0008742519685034
20
-4.5708756692913388
11
4.0056871259842515
21
-4.5676598031496063
0
LINE
8
BLACK
6
CONTINUOUS
10
4.0056871259842515
20
-4.5676598031496063
11
4.0110349212598422
21
-4.5654446850393704
0
LINE
8
BLACK
6
CONTINUOUS
10
4.0110349212598422
20
-4.5654446850393704
11
4.0167121259842515
21
-4.5643153937007872
0
LINE
8
BLACK
6
CONTINUOUS
10
4.0167121259842515
20
-4.5643153937007872
11
4.0225005511811025
21
-4.5643153937007872
0
LINE
8
BLACK
6
CONTINUOUS
10
4.0225005511811025
20
-4.5643153937007872
11
4.0281777559055119
21
-4.5654446850393704
0
LINE
8
BLACK
6
CONTINUOUS
10
4.1081777165354332
20
-4.5654446456692916
11
4.1135255118110239
21
-4.5676597637795275
0
LINE
8
BLACK
6
CONTINUOUS
10
4.1135255118110239
20
-4.5676597637795275
11
4.1183383858267719
21
-4.5708756299212601
0
LINE
8
BLACK
6
CONTINUOUS
10
4.1183383858267719
20
-4.5708756299212601
11
4.1224314173228347
21
-4.5749686614173228
0
LINE
8
BLACK
6
CONTINUOUS
10
4.1224314173228347
20
-4.5749686614173228
11
4.1256472834645672
21
-4.5797815354330709
0
LINE
8
BLACK
6
CONTINUOUS
10
4.1256472834645672
20
-4.5797815354330709
11
4.1278624015748031
21
-4.5851293307086616
0
LINE
8
BLACK
6
CONTINUOUS
10
4.1278624015748031
20
-4.5851293307086616
11
4.1289916929133854
21
-4.5908065354330709
0
LINE
8
BLACK
6
CONTINUOUS
10
4.1289916929133854
20
-4.5908065354330709
11
4.1289916929133854
21
-4.596594960629921
0
LINE
8
BLACK
6
CONTINUOUS
10
4.1289916929133854
20
-4.596594960629921
11
4.1278624015748031
21
-4.6022721653543304
0
LINE
8
BLACK
6
CONTINUOUS
10
4.1278624015748031
20
-4.6022721653543304
11
4.1256472834645672
21
-4.6076199606299211
0
LINE
8
BLACK
6
CONTINUOUS
10
4.1256472834645672
20
-4.6076199606299211
11
4.1224314173228347
21
-4.6124328346456691
0
LINE
8
BLACK
6
CONTINUOUS
10
4.1224314173228347
20
-4.6124328346456691
11
4.1183383858267719
21
-4.6165258661417319
0
LINE
8
BLACK
6
CONTINUOUS
10
4.1183383858267719
20
-4.6165258661417319
11
4.1135255118110239
21
-4.6197417322834644
0
LINE
8
BLACK
6
CONTINUOUS
10
4.1135255118110239
20
-4.6197417322834644
11
4.1081777165354332
21
-4.6219568503937003
0
LINE
8
BLACK
6
CONTINUOUS
10
4.1081777165354332
20
-4.6219568503937003
11
4.1025005118110238
21
-4.6230861417322835
0
LINE
8
BLACK
6
CONTINUOUS
10
4.1025005118110238
20
-4.6230861417322835
11
4.0967120866141729
21
-4.6230861417322835
0
LINE
8
BLACK
6
CONTINUOUS
10
4.0967120866141729
20
-4.6230861417322835
11
4.0910348818897635
21
-4.6219568503937003
0
LINE
8
BLACK
6
CONTINUOUS
10
4.0910348818897635
20
-4.6219568503937003
11
4.0856870866141728
21
-4.6197417322834644
0
LINE
8
BLACK
6
CONTINUOUS
10
4.0856870866141728
20
-4.6197417322834644
11
4.0808742125984248
21
-4.6165258661417319
0
LINE
8
BLACK
6
CONTINUOUS
10
4.0808742125984248
20
-4.6165258661417319
11
4.076781181102362
21
-4.6124328346456691
0
LINE
8
BLACK
6
CONTINUOUS
10
4.076781181102362
20
-4.6124328346456691
11
4.0735653149606295
21
-4.6076199606299211
0
LINE
8
BLACK
6
CONTINUOUS
10
4.0735653149606295
20
-4.6076199606299211
11
4.0713501968503936
21
-4.6022721653543304
0
LINE
8
BLACK
6
CONTINUOUS
10
4.0713501968503936
20
-4.6022721653543304
11
4.0702209055118113
21
-4.596594960629921
0
LINE
8
BLACK
6
CONTINUOUS
10
4.0702209055118113
20
-4.596594960629921
11
4.0702209055118113
21
-4.5908065354330709
0
LINE
8
BLACK
6
CONTINUOUS
10
4.0702209055118113
20
-4.5908065354330709
11
4.0713501968503936
21
-4.5851293307086616
0
LINE
8
BLACK
6
CONTINUOUS
10
4.0713501968503936
20
-4.5851293307086616
11
4.0735653149606295
21
-4.5797815354330709
0
LINE
8
BLACK
6
CONTINUOUS
10
4.0735653149606295
20
-4.5797815354330709
11
4.076781181102362
21
-4.5749686614173228
0
LINE
8
BLACK
6
CONTINUOUS
10
4.076781181102362
20
-4.5749686614173228
11
4.0808742125984248
21
-4.5708756299212601
0
LINE
8
BLACK
6
CONTINUOUS
10
4.0808742125984248
20
-4.5708756299212601
11
4.0856870866141728
21
-4.5676597637795275
0
LINE
8
BLACK
6
CONTINUOUS
10
4.0856870866141728
20
-4.5676597637795275
11
4.0910348818897635
21
-4.5654446456692916
0
LINE
8
BLACK
6
CONTINUOUS
10
4.0910348818897635
20
-4.5654446456692916
11
4.0967120866141729
21
-4.5643153543307085
0
LINE
8
BLACK
6
CONTINUOUS
10
4.0967120866141729
20
-4.5643153543307085
11
4.1025005118110238
21
-4.5643153543307085
0
LINE
8
BLACK
6
CONTINUOUS
10
4.1025005118110238
20
-4.5643153543307085
11
4.1081777165354332
21
-4.5654446456692916
0
LINE
8
BLACK
6
CONTINUOUS
10
4.2681777165354333
20
-4.5654446456692916
11
4.2735255118110231
21
-4.5676597637795275
0
LINE
8
BLACK
6
CONTINUOUS
10
4.2735255118110231
20
-4.5676597637795275
11
4.2783383858267712
21
-4.5708756299212601
0
LINE
8
BLACK
6
CONTINUOUS
10
4.2783383858267712
20
-4.5708756299212601
11
4.2824314173228348
21
-4.5749686614173228
0
LINE
8
BLACK
6
CONTINUOUS
10
4.2824314173228348
20
-4.5749686614173228
11
4.2856472834645665
21
-4.5797815354330709
0
LINE
8
BLACK
6
CONTINUOUS
10
4.2856472834645665
20
-4.5797815354330709
11
4.2878624015748033
21
-4.5851293307086616
0
LINE
8
BLACK
6
CONTINUOUS
10
4.2878624015748033
20
-4.5851293307086616
11
4.2889916929133856
21
-4.5908065354330709
0
LINE
8
BLACK
6
CONTINUOUS
10
4.2889916929133856
20
-4.5908065354330709
11
4.2889916929133856
21
-4.596594960629921
0
LINE
8
BLACK
6
CONTINUOUS
10
4.2889916929133856
20
-4.596594960629921
11
4.2878624015748033
21
-4.6022721653543304
0
LINE
8
BLACK
6
CONTINUOUS
10
4.2878624015748033
20
-4.6022721653543304
11
4.2856472834645665
21
-4.6076199606299211
0
LINE
8
BLACK
6
CONTINUOUS
10
4.2856472834645665
20
-4.6076199606299211
11
4.2824314173228348
21
-4.6124328346456691
0
LINE
8
BLACK
6
CONTINUOUS
10
4.2824314173228348
20
-4.6124328346456691
11
4.2783383858267712
21
-4.6165258661417319
0
LINE
8
BLACK
6
CONTINUOUS
10
4.2783383858267712
20
-4.6165258661417319
11
4.2735255118110231
21
-4.6197417322834644
0
LINE
8
BLACK
6
CONTINUOUS
10
4.2735255118110231
20
-4.6197417322834644
11
4.2681777165354333
21
-4.6219568503937003
0
LINE
8
BLACK
6
CONTINUOUS
10
4.2681777165354333
20
-4.6219568503937003
11
4.262500511811024
21
-4.6230861417322835
0
LINE
8
BLACK
6
CONTINUOUS
10
4.262500511811024
20
-4.6230861417322835
11
4.256712086614173
21
-4.6230861417322835
0
LINE
8
BLACK
6
CONTINUOUS
10
4.256712086614173
20
-4.6230861417322835
11
4.2510348818897636
21
-4.6219568503937003
0
LINE
8
BLACK
6
CONTINUOUS
10
4.2510348818897636
20
-4.6219568503937003
11
4.2456870866141729
21
-4.6197417322834644
0
LINE
8
BLACK
6
CONTINUOUS
10
4.2456870866141729
20
-4.6197417322834644
11
4.2408742125984249
21
-4.6165258661417319
0
LINE
8
BLACK
6
CONTINUOUS
10
4.2408742125984249
20
-4.6165258661417319
11
4.2367811811023621
21
-4.6124328346456691
0
LINE
8
BLACK
6
CONTINUOUS
10
4.2367811811023621
20
-4.6124328346456691
11
4.2335653149606296
21
-4.6076199606299211
0
LINE
8
BLACK
6
CONTINUOUS
10
4.2335653149606296
20
-4.6076199606299211
11
4.2313501968503937
21
-4.6022721653543304
0
LINE
8
BLACK
6
CONTINUOUS
10
4.2313501968503937
20
-4.6022721653543304
11
4.2302209055118105
21
-4.596594960629921
0
LINE
8
BLACK
6
CONTINUOUS
10
4.2302209055118105
20
-4.596594960629921
11
4.2302209055118105
21
-4.5908065354330709
0
LINE
8
BLACK
6
CONTINUOUS
10
4.2302209055118105
20
-4.5908065354330709
11
4.2313501968503937
21
-4.5851293307086616
0
LINE
8
BLACK
6
CONTINUOUS
10
4.2313501968503937
20
-4.5851293307086616
11
4.2335653149606296
21
-4.5797815354330709
0
LINE
8
BLACK
6
CONTINUOUS
10
4.2335653149606296
20
-4.5797815354330709
11
4.2367811811023621
21
-4.5749686614173228
0
LINE
8
BLACK
6
CONTINUOUS
10
4.2367811811023621
20
-4.5749686614173228
11
4.2408742125984249
21
-4.5708756299212601
0
LINE
8
BLACK
6
CONTINUOUS
10
4.2408742125984249
20
-4.5708756299212601
11
4.2456870866141729
21
-4.5676597637795275
0
LINE
8
BLACK
6
CONTINUOUS
10
4.2456870866141729
20
-4.5676597637795275
11
4.2510348818897636
21
-4.5654446456692916
0
LINE
8
BLACK
6
CONTINUOUS
10
4.2510348818897636
20
-4.5654446456692916
11
4.256712086614173
21
-4.5643153543307085
0
LINE
8
BLACK
6
CONTINUOUS
10
4.256712086614173
20
-4.5643153543307085
11
4.262500511811024
21
-4.5643153543307085
0
LINE
8
BLACK
6
CONTINUOUS
10
4.262500511811024
20
-4.5643153543307085
11
4.2681777165354333
21
-4.5654446456692916
0
LINE
8
BLACK
6
CONTINUOUS
10
4.4375907480314956
20
-4.2410565354330707
11
4.4402609448818895
21
-4.2425981889763777
0
LINE
8
BLACK
6
CONTINUOUS
10
4.4402609448818895
20
-4.2425981889763777
11
4.4424411811023621
21
-4.2447784251968503
0
LINE
8
BLACK
6
CONTINUOUS
10
4.4424411811023621
20
-4.2447784251968503
11
4.4439828346456691
21
-4.2474486220472443
0
LINE
8
BLACK
6
CONTINUOUS
10
4.4439828346456691
20
-4.2474486220472443
11
4.4447808267716535
21
-4.2504268503937004
0
LINE
8
BLACK
6
CONTINUOUS
10
4.4447808267716535
20
-4.2504268503937004
11
4.4447808267716535
21
-4.2525429527559053
0
LINE
8
BLACK
6
CONTINUOUS
10
4.4447808267716535
20
-4.2525429527559053
11
4.4819457086614172
21
-4.289707834645669
0
LINE
8
BLACK
6
CONTINUOUS
10
4.4819457086614172
20
-4.289707834645669
11
4.4829249606299211
21
-4.2909010236220473
0
LINE
8
BLACK
6
CONTINUOUS
10
4.4829249606299211
20
-4.2909010236220473
11
4.4841006692913385
21
-4.2937394488188971
0
LINE
8
BLACK
6
CONTINUOUS
10
4.4841006692913385
20
-4.2937394488188971
11
4.484251968503937
21
-4.2952755905511806
0
LINE
8
BLACK
6
CONTINUOUS
10
4.484251968503937
20
-4.2952755905511806
11
4.484251968503937
21
-4.4645669291338583
0
LINE
8
BLACK
6
CONTINUOUS
10
4.484251968503937
20
-4.4645669291338583
11
4.4841006692913385
21
-4.4661030708661418
0
LINE
8
BLACK
6
CONTINUOUS
10
4.4841006692913385
20
-4.4661030708661418
11
4.4829249606299211
21
-4.4689414960629916
0
LINE
8
BLACK
6
CONTINUOUS
10
4.4829249606299211
20
-4.4689414960629916
11
4.4819457480314959
21
-4.4701346850393699
0
LINE
8
BLACK
6
CONTINUOUS
10
4.4819457480314959
20
-4.4701346850393699
11
4.3817887007874017
21
-4.5702916929133854
0
LINE
8
BLACK
6
CONTINUOUS
10
4.3817887007874017
20
-4.5702916929133854
11
4.3817887007874017
21
-4.5724077952755904
0
LINE
8
BLACK
6
CONTINUOUS
10
4.3817887007874017
20
-4.5724077952755904
11
4.3809907086614173
21
-4.5753860236220474
0
LINE
8
BLACK
6
CONTINUOUS
10
4.3809907086614173
20
-4.5753860236220474
11
4.3794490551181102
21
-4.5780562204724404
0
LINE
8
BLACK
6
CONTINUOUS
10
4.3794490551181102
20
-4.5780562204724404
11
4.3772688188976376
21
-4.580236456692913
0
LINE
8
BLACK
6
CONTINUOUS
10
4.3772688188976376
20
-4.580236456692913
11
4.3745986220472437
21
-4.5817781102362201
0
LINE
8
BLACK
6
CONTINUOUS
10
4.3745986220472437
20
-4.5817781102362201
11
4.3716203937007876
21
-4.5825761023622045
0
LINE
8
BLACK
6
CONTINUOUS
10
4.3716203937007876
20
-4.5825761023622045
11
4.3685370866141735
21
-4.5825761023622045
0
LINE
8
BLACK
6
CONTINUOUS
10
4.3685370866141735
20
-4.5825761023622045
11
4.3655588582677165
21
-4.5817781102362201
0
LINE
8
BLACK
6
CONTINUOUS
10
4.3655588582677165
20
-4.5817781102362201
11
4.3628886614173226
21
-4.580236456692913
0
LINE
8
BLACK
6
CONTINUOUS
10
4.3628886614173226
20
-4.580236456692913
11
4.36070842519685
21
-4.5780562204724404
0
LINE
8
BLACK
6
CONTINUOUS
10
4.36070842519685
20
-4.5780562204724404
11
4.3591667716535429
21
-4.5753860236220474
0
LINE
8
BLACK
6
CONTINUOUS
10
4.3591667716535429
20
-4.5753860236220474
11
4.3583687795275585
21
-4.5724077952755904
0
LINE
8
BLACK
6
CONTINUOUS
10
4.3583687795275585
20
-4.5724077952755904
11
4.3583687795275585
21
-4.5693244881889763
0
LINE
8
BLACK
6
CONTINUOUS
10
4.3583687795275585
20
-4.5693244881889763
11
4.3591667716535429
21
-4.5663462598425193
0
LINE
8
BLACK
6
CONTINUOUS
10
4.3591667716535429
20
-4.5663462598425193
11
4.36070842519685
21
-4.5636760629921262
0
LINE
8
BLACK
6
CONTINUOUS
10
4.36070842519685
20
-4.5636760629921262
11
4.3628886614173226
21
-4.5614958267716537
0
LINE
8
BLACK
6
CONTINUOUS
10
4.3628886614173226
20
-4.5614958267716537
11
4.3655588582677165
21
-4.5599541732283466
0
LINE
8
BLACK
6
CONTINUOUS
10
4.3655588582677165
20
-4.5599541732283466
11
4.3685370866141735
21
-4.5591561811023622
0
LINE
8
BLACK
6
CONTINUOUS
10
4.3685370866141735
20
-4.5591561811023622
11
4.3706531889763776
21
-4.5591561811023622
0
LINE
8
BLACK
6
CONTINUOUS
10
4.3706531889763776
20
-4.5591561811023622
11
4.4685039370078741
21
-4.4613053937007869
0
LINE
8
BLACK
6
CONTINUOUS
10
4.4685039370078741
20
-4.4613053937007869
11
4.4685039370078741
21
-4.2985370866141732
0
LINE
8
BLACK
6
CONTINUOUS
10
4.4685039370078741
20
-4.2985370866141732
11
4.4336453149606294
21
-4.2636784645669294
0
LINE
8
BLACK
6
CONTINUOUS
10
4.4336453149606294
20
-4.2636784645669294
11
4.4315292125984254
21
-4.2636784645669294
0
LINE
8
BLACK
6
CONTINUOUS
10
4.4315292125984254
20
-4.2636784645669294
11
4.4285509842519684
21
-4.262880472440945
0
LINE
8
BLACK
6
CONTINUOUS
10
4.4285509842519684
20
-4.262880472440945
11
4.4258807874015744
21
-4.261338818897638
0
LINE
8
BLACK
6
CONTINUOUS
10
4.4258807874015744
20
-4.261338818897638
11
4.4237005511811018
21
-4.2591585826771654
0
LINE
8
BLACK
6
CONTINUOUS
10
4.4237005511811018
20
-4.2591585826771654
11
4.4221588976377948
21
-4.2564883858267715
0
LINE
8
BLACK
6
CONTINUOUS
10
4.4221588976377948
20
-4.2564883858267715
11
4.4213609055118113
21
-4.2535101574803145
0
LINE
8
BLACK
6
CONTINUOUS
10
4.4213609055118113
20
-4.2535101574803145
11
4.4213609055118113
21
-4.2504268503937004
0
LINE
8
BLACK
6
CONTINUOUS
10
4.4213609055118113
20
-4.2504268503937004
11
4.4221588976377948
21
-4.2474486220472443
0
LINE
8
BLACK
6
CONTINUOUS
10
4.4221588976377948
20
-4.2474486220472443
11
4.4237005511811018
21
-4.2447784251968503
0
LINE
8
BLACK
6
CONTINUOUS
10
4.4237005511811018
20
-4.2447784251968503
11
4.4258807874015744
21
-4.2425981889763777
0
LINE
8
BLACK
6
CONTINUOUS
10
4.4258807874015744
20
-4.2425981889763777
11
4.4285509842519684
21
-4.2410565354330707
0
LINE
8
BLACK
6
CONTINUOUS
10
4.4285509842519684
20
-4.2410565354330707
11
4.4315292125984254
21
-4.2402585433070863
0
LINE
8
BLACK
6
CONTINUOUS
10
4.4315292125984254
20
-4.2402585433070863
11
4.4346125196850394
21
-4.2402585433070863
0
LINE
8
BLACK
6
CONTINUOUS
10
4.4346125196850394
20
-4.2402585433070863
11
4.4375907480314956
21
-4.2410565354330707
0
LINE
8
BLACK
6
CONTINUOUS
10
4.3479414960629921
20
-4.3756809055118113
11
4.3532892913385828
21
-4.3778960236220472
0
LINE
8
BLACK
6
CONTINUOUS
10
4.3532892913385828
20
-4.3778960236220472
11
4.3581021653543308
21
-4.3811118897637797
0
LINE
8
BLACK
6
CONTINUOUS
10
4.3581021653543308
20
-4.3811118897637797
11
4.3621951968503936
21
-4.3852049212598425
0
LINE
8
BLACK
6
CONTINUOUS
10
4.3621951968503936
20
-4.3852049212598425
11
4.3654110629921261
21
-4.3900177952755906
0
LINE
8
BLACK
6
CONTINUOUS
10
4.3654110629921261
20
-4.3900177952755906
11
4.367626181102362
21
-4.3953655905511813
0
LINE
8
BLACK
6
CONTINUOUS
10
4.367626181102362
20
-4.3953655905511813
11
4.3687554724409452
21
-4.4010427952755906
0
LINE
8
BLACK
6
CONTINUOUS
10
4.3687554724409452
20
-4.4010427952755906
11
4.3687554724409452
21
-4.4068312204724407
0
LINE
8
BLACK
6
CONTINUOUS
10
4.3687554724409452
20
-4.4068312204724407
11
4.367626181102362
21
-4.41250842519685
0
LINE
8
BLACK
6
CONTINUOUS
10
4.367626181102362
20
-4.41250842519685
11
4.3654110629921261
21
-4.4178562204724408
0
LINE
8
BLACK
6
CONTINUOUS
10
4.3654110629921261
20
-4.4178562204724408
11
4.3621951968503936
21
-4.4226690944881888
0
LINE
8
BLACK
6
CONTINUOUS
10
4.3621951968503936
20
-4.4226690944881888
11
4.3581021653543308
21
-4.4267621259842516
0
LINE
8
BLACK
6
CONTINUOUS
10
4.3581021653543308
20
-4.4267621259842516
11
4.3532892913385828
21
-4.4299779921259841
0
LINE
8
BLACK
6
CONTINUOUS
10
4.3532892913385828
20
-4.4299779921259841
11
4.3479414960629921
21
-4.43219311023622
0
LINE
8
BLACK
6
CONTINUOUS
10
4.3479414960629921
20
-4.43219311023622
11
4.3422642913385827
21
-4.4333224015748032
0
LINE
8
BLACK
6
CONTINUOUS
10
4.3422642913385827
20
-4.4333224015748032
11
4.3364758661417317
21
-4.4333224015748032
0
LINE
8
BLACK
6
CONTINUOUS
10
4.3364758661417317
20
-4.4333224015748032
11
4.3307986614173224
21
-4.43219311023622
0
LINE
8
BLACK
6
CONTINUOUS
10
4.3307986614173224
20
-4.43219311023622
11
4.3254508661417326
21
-4.4299779921259841
0
LINE
8
BLACK
6
CONTINUOUS
10
4.3254508661417326
20
-4.4299779921259841
11
4.3206379921259845
21
-4.4267621259842516
0
LINE
8
BLACK
6
CONTINUOUS
10
4.3206379921259845
20
-4.4267621259842516
11
4.3165449606299209
21
-4.4226690944881888
0
LINE
8
BLACK
6
CONTINUOUS
10
4.3165449606299209
20
-4.4226690944881888
11
4.3133290944881892
21
-4.4178562204724408
0
LINE
8
BLACK
6
CONTINUOUS
10
4.3133290944881892
20
-4.4178562204724408
11
4.3111139763779525
21
-4.41250842519685
0
LINE
8
BLACK
6
CONTINUOUS
10
4.3111139763779525
20
-4.41250842519685
11
4.3099846850393702
21
-4.4068312204724407
0
LINE
8
BLACK
6
CONTINUOUS
10
4.3099846850393702
20
-4.4068312204724407
11
4.3099846850393702
21
-4.4010427952755906
0
LINE
8
BLACK
6
CONTINUOUS
10
4.3099846850393702
20
-4.4010427952755906
11
4.3111139763779525
21
-4.3953655905511813
0
LINE
8
BLACK
6
CONTINUOUS
10
4.3111139763779525
20
-4.3953655905511813
11
4.3133290944881892
21
-4.3900177952755906
0
LINE
8
BLACK
6
CONTINUOUS
10
4.3133290944881892
20
-4.3900177952755906
11
4.3165449606299209
21
-4.3852049212598425
0
LINE
8
BLACK
6
CONTINUOUS
10
4.3165449606299209
20
-4.3852049212598425
11
4.3206379921259845
21
-4.3811118897637797
0
LINE
8
BLACK
6
CONTINUOUS
10
4.3206379921259845
20
-4.3811118897637797
11
4.3254508661417326
21
-4.3778960236220472
0
LINE
8
BLACK
6
CONTINUOUS
10
4.3254508661417326
20
-4.3778960236220472
11
4.3307986614173224
21
-4.3756809055118113
0
LINE
8
BLACK
6
CONTINUOUS
10
4.3307986614173224
20
-4.3756809055118113
11
4.3364758661417317
21
-4.3745516141732281
0
LINE
8
BLACK
6
CONTINUOUS
10
4.3364758661417317
20
-4.3745516141732281
11
4.3422642913385827
21
-4.3745516141732281
0
LINE
8
BLACK
6
CONTINUOUS
10
4.3422642913385827
20
-4.3745516141732281
11
4.3479414960629921
21
-4.3756809055118113
0
LINE
8
BLACK
6
CONTINUOUS
10
4.4380989763779528
20
-4.3756809055118113
11
4.4434467716535435
21
-4.3778960236220472
0
LINE
8
BLACK
6
CONTINUOUS
10
4.4434467716535435
20
-4.3778960236220472
11
4.4482596456692916
21
-4.3811118897637797
0
LINE
8
BLACK
6
CONTINUOUS
10
4.4482596456692916
20
-4.3811118897637797
11
4.4523526771653543
21
-4.3852049212598425
0
LINE
8
BLACK
6
CONTINUOUS
10
4.4523526771653543
20
-4.3852049212598425
11
4.4555685433070868
21
-4.3900177952755906
0
LINE
8
BLACK
6
CONTINUOUS
10
4.4555685433070868
20
-4.3900177952755906
11
4.4577836614173227
21
-4.3953655905511813
0
LINE
8
BLACK
6
CONTINUOUS
10
4.4577836614173227
20
-4.3953655905511813
11
4.458912952755905
21
-4.4010427952755906
0
LINE
8
BLACK
6
CONTINUOUS
10
4.458912952755905
20
-4.4010427952755906
11
4.458912952755905
21
-4.4068312204724407
0
LINE
8
BLACK
6
CONTINUOUS
10
4.458912952755905
20
-4.4068312204724407
11
4.4577836614173227
21
-4.41250842519685
0
LINE
8
BLACK
6
CONTINUOUS
10
4.4577836614173227
20
-4.41250842519685
11
4.4555685433070868
21
-4.4178562204724408
0
LINE
8
BLACK
6
CONTINUOUS
10
4.4555685433070868
20
-4.4178562204724408
11
4.4523526771653543
21
-4.4226690944881888
0
LINE
8
BLACK
6
CONTINUOUS
10
4.4523526771653543
20
-4.4226690944881888
11
4.4482596456692916
21
-4.4267621259842516
0
LINE
8
BLACK
6
CONTINUOUS
10
4.4482596456692916
20
-4.4267621259842516
11
4.4434467716535435
21
-4.4299779921259841
0
LINE
8
BLACK
6
CONTINUOUS
10
4.4434467716535435
20
-4.4299779921259841
11
4.4380989763779528
21
-4.43219311023622
0
LINE
8
BLACK
6
CONTINUOUS
10
4.4380989763779528
20
-4.43219311023622
11
4.4324217716535435
21
-4.4333224015748032
0
LINE
8
BLACK
6
CONTINUOUS
10
4.4324217716535435
20
-4.4333224015748032
11
4.4266333464566925
21
-4.4333224015748032
0
LINE
8
BLACK
6
CONTINUOUS
10
4.4266333464566925
20
-4.4333224015748032
11
4.4209561417322831
21
-4.43219311023622
0
LINE
8
BLACK
6
CONTINUOUS
10
4.4209561417322831
20
-4.43219311023622
11
4.4156083464566924
21
-4.4299779921259841
0
LINE
8
BLACK
6
CONTINUOUS
10
4.4156083464566924
20
-4.4299779921259841
11
4.4107954724409444
21
-4.4267621259842516
0
LINE
8
BLACK
6
CONTINUOUS
10
4.4107954724409444
20
-4.4267621259842516
11
4.4067024409448816
21
-4.4226690944881888
0
LINE
8
BLACK
6
CONTINUOUS
10
4.4067024409448816
20
-4.4226690944881888
11
4.4034865748031491
21
-4.4178562204724408
0
LINE
8
BLACK
6
CONTINUOUS
10
4.4034865748031491
20
-4.4178562204724408
11
4.4012714566929132
21
-4.41250842519685
0
LINE
8
BLACK
6
CONTINUOUS
10
4.4012714566929132
20
-4.41250842519685
11
4.4001421653543309
21
-4.4068312204724407
0
LINE
8
BLACK
6
CONTINUOUS
10
4.4001421653543309
20
-4.4068312204724407
11
4.4001421653543309
21
-4.4010427952755906
0
LINE
8
BLACK
6
CONTINUOUS
10
4.4001421653543309
20
-4.4010427952755906
11
4.4012714566929132
21
-4.3953655905511813
0
LINE
8
BLACK
6
CONTINUOUS
10
4.4012714566929132
20
-4.3953655905511813
11
4.4034865748031491
21
-4.3900177952755906
0
LINE
8
BLACK
6
CONTINUOUS
10
4.4034865748031491
20
-4.3900177952755906
11
4.4067024409448816
21
-4.3852049212598425
0
LINE
8
BLACK
6
CONTINUOUS
10
4.4067024409448816
20
-4.3852049212598425
11
4.4107954724409444
21
-4.3811118897637797
0
LINE
8
BLACK
6
CONTINUOUS
10
4.4107954724409444
20
-4.3811118897637797
11
4.4156083464566924
21
-4.3778960236220472
0
LINE
8
BLACK
6
CONTINUOUS
10
4.4156083464566924
20
-4.3778960236220472
11
4.4209561417322831
21
-4.3756809055118113
0
LINE
8
BLACK
6
CONTINUOUS
10
4.4209561417322831
20
-4.3756809055118113
11
4.4266333464566925
21
-4.3745516141732281
0
LINE
8
BLACK
6
CONTINUOUS
10
4.4266333464566925
20
-4.3745516141732281
11
4.4324217716535435
21
-4.3745516141732281
0
LINE
8
BLACK
6
CONTINUOUS
10
4.4324217716535435
20
-4.3745516141732281
11
4.4380989763779528
21
-4.3756809055118113
0
LINE
8
BLACK
6
CONTINUOUS
10
4.4900969291338582
20
-4.5847155511811026
11
4.4968537795275587
21
-4.5869109842519684
0
LINE
8
BLACK
6
CONTINUOUS
10
4.4968537795275587
20
-4.5869109842519684
11
4.5031839763779526
21
-4.5901363779527555
0
LINE
8
BLACK
6
CONTINUOUS
10
4.5031839763779526
20
-4.5901363779527555
11
4.5089316929133858
21
-4.5943123228346456
0
LINE
8
BLACK
6
CONTINUOUS
10
4.5089316929133858
20
-4.5943123228346456
11
4.5139553937007877
21
-4.5993360236220475
0
LINE
8
BLACK
6
CONTINUOUS
10
4.5139553937007877
20
-4.5993360236220475
11
4.5181313385826769
21
-4.6050837401574798
0
LINE
8
BLACK
6
CONTINUOUS
10
4.5181313385826769
20
-4.6050837401574798
11
4.5213567322834649
21
-4.6114139370078737
0
LINE
8
BLACK
6
CONTINUOUS
10
4.5213567322834649
20
-4.6114139370078737
11
4.5235521653543307
21
-4.6181707874015743
0
LINE
8
BLACK
6
CONTINUOUS
10
4.5235521653543307
20
-4.6181707874015743
11
4.5246635826771655
21
-4.6251878740157482
0
LINE
8
BLACK
6
CONTINUOUS
10
4.5246635826771655
20
-4.6251878740157482
11
4.5246635826771655
21
-4.632292440944882
0
LINE
8
BLACK
6
CONTINUOUS
10
4.5246635826771655
20
-4.632292440944882
11
4.5235521653543307
21
-4.639309527559055
0
LINE
8
BLACK
6
CONTINUOUS
10
4.5235521653543307
20
-4.639309527559055
11
4.5213567322834649
21
-4.6460663779527556
0
LINE
8
BLACK
6
CONTINUOUS
10
4.5213567322834649
20
-4.6460663779527556
11
4.5181313385826769
21
-4.6523965748031495
0
LINE
8
BLACK
6
CONTINUOUS
10
4.5181313385826769
20
-4.6523965748031495
11
4.5139553937007877
21
-4.6581442913385827
0
LINE
8
BLACK
6
CONTINUOUS
10
4.5139553937007877
20
-4.6581442913385827
11
4.5089316929133858
21
-4.6631679921259845
0
LINE
8
BLACK
6
CONTINUOUS
10
4.5089316929133858
20
-4.6631679921259845
11
4.5031839763779526
21
-4.6673439370078738
0
LINE
8
BLACK
6
CONTINUOUS
10
4.5031839763779526
20
-4.6673439370078738
11
4.4968537795275587
21
-4.6705693307086609
0
LINE
8
BLACK
6
CONTINUOUS
10
4.4968537795275587
20
-4.6705693307086609
11
4.4900969291338582
21
-4.6727647637795275
0
LINE
8
BLACK
6
CONTINUOUS
10
4.4900969291338582
20
-4.6727647637795275
11
4.4830798425196852
21
-4.6738761811023624
0
LINE
8
BLACK
6
CONTINUOUS
10
4.4830798425196852
20
-4.6738761811023624
11
4.4759752755905513
21
-4.6738761811023624
0
LINE
8
BLACK
6
CONTINUOUS
10
4.4759752755905513
20
-4.6738761811023624
11
4.4689581889763774
21
-4.6727647637795275
0
LINE
8
BLACK
6
CONTINUOUS
10
4.4689581889763774
20
-4.6727647637795275
11
4.4622013385826769
21
-4.6705693307086609
0
LINE
8
BLACK
6
CONTINUOUS
10
4.4622013385826769
20
-4.6705693307086609
11
4.4558711417322829
21
-4.6673439370078738
0
LINE
8
BLACK
6
CONTINUOUS
10
4.4558711417322829
20
-4.6673439370078738
11
4.4501234251968507
21
-4.6631679921259845
0
LINE
8
BLACK
6
CONTINUOUS
10
4.4501234251968507
20
-4.6631679921259845
11
4.4450997244094488
21
-4.6581442913385827
0
LINE
8
BLACK
6
CONTINUOUS
10
4.4450997244094488
20
-4.6581442913385827
11
4.4409237795275587
21
-4.6523965748031495
0
LINE
8
BLACK
6
CONTINUOUS
10
4.4409237795275587
20
-4.6523965748031495
11
4.4376983858267716
21
-4.6460663779527556
0
LINE
8
BLACK
6
CONTINUOUS
10
4.4376983858267716
20
-4.6460663779527556
11
4.4355029527559058
21
-4.639309527559055
0
LINE
8
BLACK
6
CONTINUOUS
10
4.4355029527559058
20
-4.639309527559055
11
4.434391535433071
21
-4.632292440944882
0
LINE
8
BLACK
6
CONTINUOUS
10
4.434391535433071
20
-4.632292440944882
11
4.434391535433071
21
-4.6251878740157482
0
LINE
8
BLACK
6
CONTINUOUS
10
4.434391535433071
20
-4.6251878740157482
11
4.4355029527559058
21
-4.6181707874015743
0
LINE
8
BLACK
6
CONTINUOUS
10
4.4355029527559058
20
-4.6181707874015743
11
4.4376983858267716
21
-4.6114139370078737
0
LINE
8
BLACK
6
CONTINUOUS
10
4.4376983858267716
20
-4.6114139370078737
11
4.4409237795275587
21
-4.6050837401574798
0
LINE
8
BLACK
6
CONTINUOUS
10
4.4409237795275587
20
-4.6050837401574798
11
4.4450997244094488
21
-4.5993360236220475
0
LINE
8
BLACK
6
CONTINUOUS
10
4.4450997244094488
20
-4.5993360236220475
11
4.4501234251968507
21
-4.5943123228346456
0
LINE
8
BLACK
6
CONTINUOUS
10
4.4501234251968507
20
-4.5943123228346456
11
4.4558711417322829
21
-4.5901363779527555
0
LINE
8
BLACK
6
CONTINUOUS
10
4.4558711417322829
20
-4.5901363779527555
11
4.4622013385826769
21
-4.5869109842519684
0
LINE
8
BLACK
6
CONTINUOUS
10
4.4622013385826769
20
-4.5869109842519684
11
4.4689581889763774
21
-4.5847155511811026
0
LINE
8
BLACK
6
CONTINUOUS
10
4.4689581889763774
20
-4.5847155511811026
11
4.4759752755905513
21
-4.5836041338582678
0
LINE
8
BLACK
6
CONTINUOUS
10
4.4759752755905513
20
-4.5836041338582678
11
4.4830798425196852
21
-4.5836041338582678
0
LINE
8
BLACK
6
CONTINUOUS
10
4.4830798425196852
20
-4.5836041338582678
11
4.4900969291338582
21
-4.5847155511811026
0
LINE
8
BLACK
6
CONTINUOUS
10
3.5626096456692911
20
-4.3820102362204727
11
3.5697400393700787
21
-4.3849637401574801
0
LINE
8
BLACK
6
CONTINUOUS
10
3.5697400393700787
20
-4.3849637401574801
11
3.5761572047244092
21
-4.3892515748031498
0
LINE
8
BLACK
6
CONTINUOUS
10
3.5761572047244092
20
-4.3892515748031498
11
3.5816145669291339
21
-4.3947089370078736
0
LINE
8
BLACK
6
CONTINUOUS
10
3.5816145669291339
20
-4.3947089370078736
11
3.5859024015748031
21
-4.4011261023622046
0
LINE
8
BLACK
6
CONTINUOUS
10
3.5859024015748031
20
-4.4011261023622046
11
3.588855905511811
21
-4.4082564960629922
0
LINE
8
BLACK
6
CONTINUOUS
10
3.588855905511811
20
-4.4082564960629922
11
3.5903616141732284
21
-4.415826102362205
0
LINE
8
BLACK
6
CONTINUOUS
10
3.5903616141732284
20
-4.415826102362205
11
3.5903616141732284
21
-4.4235439763779523
0
LINE
8
BLACK
6
CONTINUOUS
10
3.5903616141732284
20
-4.4235439763779523
11
3.588855905511811
21
-4.431113582677165
0
LINE
8
BLACK
6
CONTINUOUS
10
3.588855905511811
20
-4.431113582677165
11
3.5859024015748031
21
-4.4382439763779526
0
LINE
8
BLACK
6
CONTINUOUS
10
3.5859024015748031
20
-4.4382439763779526
11
3.5816145669291339
21
-4.4446611417322837
0
LINE
8
BLACK
6
CONTINUOUS
10
3.5816145669291339
20
-4.4446611417322837
11
3.5761572047244092
21
-4.4501185039370075
0
LINE
8
BLACK
6
CONTINUOUS
10
3.5761572047244092
20
-4.4501185039370075
11
3.5697400393700787
21
-4.4544063385826771
0
LINE
8
BLACK
6
CONTINUOUS
10
3.5697400393700787
20
-4.4544063385826771
11
3.5626096456692911
21
-4.4573598425196845
0
LINE
8
BLACK
6
CONTINUOUS
10
3.5626096456692911
20
-4.4573598425196845
11
3.5550400393700787
21
-4.4588655511811019
0
LINE
8
BLACK
6
CONTINUOUS
10
3.5550400393700787
20
-4.4588655511811019
11
3.5473221653543305
21
-4.4588655511811019
0
LINE
8
BLACK
6
CONTINUOUS
10
3.5473221653543305
20
-4.4588655511811019
11
3.5397525590551182
21
-4.4573598425196845
0
LINE
8
BLACK
6
CONTINUOUS
10
3.5397525590551182
20
-4.4573598425196845
11
3.5326221653543306
21
-4.4544063385826771
0
LINE
8
BLACK
6
CONTINUOUS
10
3.5326221653543306
20
-4.4544063385826771
11
3.526205
21
-4.4501185039370075
0
LINE
8
BLACK
6
CONTINUOUS
10
3.526205
20
-4.4501185039370075
11
3.5207476377952753
21
-4.4446611417322837
0
LINE
8
BLACK
6
CONTINUOUS
10
3.5207476377952753
20
-4.4446611417322837
11
3.5164598031496062
21
-4.4382439763779526
0
LINE
8
BLACK
6
CONTINUOUS
10
3.5164598031496062
20
-4.4382439763779526
11
3.5135062992125983
21
-4.431113582677165
0
LINE
8
BLACK
6
CONTINUOUS
10
3.5135062992125983
20
-4.431113582677165
11
3.5120005905511809
21
-4.4235439763779523
0
LINE
8
BLACK
6
CONTINUOUS
10
3.5120005905511809
20
-4.4235439763779523
11
3.5120005905511809
21
-4.415826102362205
0
LINE
8
BLACK
6
CONTINUOUS
10
3.5120005905511809
20
-4.415826102362205
11
3.5135062992125983
21
-4.4082564960629922
0
LINE
8
BLACK
6
CONTINUOUS
10
3.5135062992125983
20
-4.4082564960629922
11
3.5164598031496062
21
-4.4011261023622046
0
LINE
8
BLACK
6
CONTINUOUS
10
3.5164598031496062
20
-4.4011261023622046
11
3.5207476377952753
21
-4.3947089370078736
0
LINE
8
BLACK
6
CONTINUOUS
10
3.5207476377952753
20
-4.3947089370078736
11
3.526205
21
-4.3892515748031498
0
LINE
8
BLACK
6
CONTINUOUS
10
3.526205
20
-4.3892515748031498
11
3.5326221653543306
21
-4.3849637401574801
0
LINE
8
BLACK
6
CONTINUOUS
10
3.5326221653543306
20
-4.3849637401574801
11
3.5397525590551182
21
-4.3820102362204727
0
LINE
8
BLACK
6
CONTINUOUS
10
3.5397525590551182
20
-4.3820102362204727
11
3.5473221653543305
21
-4.3805045275590553
0
LINE
8
BLACK
6
CONTINUOUS
10
3.5473221653543305
20
-4.3805045275590553
11
3.5550400393700787
21
-4.3805045275590553
0
LINE
8
BLACK
6
CONTINUOUS
10
3.5550400393700787
20
-4.3805045275590553
11
3.5626096456692911
21
-4.3820102362204727
0
LINE
8
BLACK
6
CONTINUOUS
10
3.8979414960629919
20
-4.3756809055118113
11
3.9032892913385826
21
-4.3778960236220472
0
LINE
8
BLACK
6
CONTINUOUS
10
3.9032892913385826
20
-4.3778960236220472
11
3.9081021653543306
21
-4.3811118897637797
0
LINE
8
BLACK
6
CONTINUOUS
10
3.9081021653543306
20
-4.3811118897637797
11
3.9121951968503934
21
-4.3852049212598425
0
LINE
8
BLACK
6
CONTINUOUS
10
3.9121951968503934
20
-4.3852049212598425
11
3.9154110629921259
21
-4.3900177952755906
0
LINE
8
BLACK
6
CONTINUOUS
10
3.9154110629921259
20
-4.3900177952755906
11
3.9176261811023623
21
-4.3953655905511813
0
LINE
8
BLACK
6
CONTINUOUS
10
3.9176261811023623
20
-4.3953655905511813
11
3.9187554724409446
21
-4.4010427952755906
0
LINE
8
BLACK
6
CONTINUOUS
10
3.9187554724409446
20
-4.4010427952755906
11
3.9187554724409446
21
-4.4068312204724407
0
LINE
8
BLACK
6
CONTINUOUS
10
3.9187554724409446
20
-4.4068312204724407
11
3.9176261811023623
21
-4.41250842519685
0
LINE
8
BLACK
6
CONTINUOUS
10
3.9176261811023623
20
-4.41250842519685
11
3.9154110629921259
21
-4.4178562204724408
0
LINE
8
BLACK
6
CONTINUOUS
10
3.9154110629921259
20
-4.4178562204724408
11
3.9121951968503934
21
-4.4226690944881888
0
LINE
8
BLACK
6
CONTINUOUS
10
3.9121951968503934
20
-4.4226690944881888
11
3.9081021653543306
21
-4.4267621259842516
0
LINE
8
BLACK
6
CONTINUOUS
10
3.9081021653543306
20
-4.4267621259842516
11
3.9032892913385826
21
-4.4299779921259841
0
LINE
8
BLACK
6
CONTINUOUS
10
3.9032892913385826
20
-4.4299779921259841
11
3.8979414960629919
21
-4.43219311023622
0
LINE
8
BLACK
6
CONTINUOUS
10
3.8979414960629919
20
-4.43219311023622
11
3.8922642913385825
21
-4.4333224015748032
0
LINE
8
BLACK
6
CONTINUOUS
10
3.8922642913385825
20
-4.4333224015748032
11
3.886475866141732
21
-4.4333224015748032
0
LINE
8
BLACK
6
CONTINUOUS
10
3.886475866141732
20
-4.4333224015748032
11
3.8807986614173227
21
-4.43219311023622
0
LINE
8
BLACK
6
CONTINUOUS
10
3.8807986614173227
20
-4.43219311023622
11
3.8754508661417324
21
-4.4299779921259841
0
LINE
8
BLACK
6
CONTINUOUS
10
3.8754508661417324
20
-4.4299779921259841
11
3.8706379921259844
21
-4.4267621259842516
0
LINE
8
BLACK
6
CONTINUOUS
10
3.8706379921259844
20
-4.4267621259842516
11
3.8665449606299211
21
-4.4226690944881888
0
LINE
8
BLACK
6
CONTINUOUS
10
3.8665449606299211
20
-4.4226690944881888
11
3.8633290944881891
21
-4.4178562204724408
0
LINE
8
BLACK
6
CONTINUOUS
10
3.8633290944881891
20
-4.4178562204724408
11
3.8611139763779527
21
-4.41250842519685
0
LINE
8
BLACK
6
CONTINUOUS
10
3.8611139763779527
20
-4.41250842519685
11
3.85998468503937
21
-4.4068312204724407
0
LINE
8
BLACK
6
CONTINUOUS
10
3.85998468503937
20
-4.4068312204724407
11
3.85998468503937
21
-4.4010427952755906
0
LINE
8
BLACK
6
CONTINUOUS
10
3.85998468503937
20
-4.4010427952755906
11
3.8611139763779527
21
-4.3953655905511813
0
LINE
8
BLACK
6
CONTINUOUS
10
3.8611139763779527
20
-4.3953655905511813
11
3.8633290944881891
21
-4.3900177952755906
0
LINE
8
BLACK
6
CONTINUOUS
10
3.8633290944881891
20
-4.3900177952755906
11
3.8665449606299211
21
-4.3852049212598425
0
LINE
8
BLACK
6
CONTINUOUS
10
3.8665449606299211
20
-4.3852049212598425
11
3.8706379921259844
21
-4.3811118897637797
0
LINE
8
BLACK
6
CONTINUOUS
10
3.8706379921259844
20
-4.3811118897637797
11
3.8754508661417324
21
-4.3778960236220472
0
LINE
8
BLACK
6
CONTINUOUS
10
3.8754508661417324
20
-4.3778960236220472
11
3.8807986614173227
21
-4.3756809055118113
0
LINE
8
BLACK
6
CONTINUOUS
10
3.8807986614173227
20
-4.3756809055118113
11
3.886475866141732
21
-4.3745516141732281
0
LINE
8
BLACK
6
CONTINUOUS
10
3.886475866141732
20
-4.3745516141732281
11
3.8922642913385825
21
-4.3745516141732281
0
LINE
8
BLACK
6
CONTINUOUS
10
3.8922642913385825
20
-4.3745516141732281
11
3.8979414960629919
21
-4.3756809055118113
0
LINE
8
BLACK
6
CONTINUOUS
10
3.9880989763779526
20
-4.3756809055118113
11
3.9934467716535433
21
-4.3778960236220472
0
LINE
8
BLACK
6
CONTINUOUS
10
3.9934467716535433
20
-4.3778960236220472
11
3.9982596456692914
21
-4.3811118897637797
0
LINE
8
BLACK
6
CONTINUOUS
10
3.9982596456692914
20
-4.3811118897637797
11
4.0023526771653541
21
-4.3852049212598425
0
LINE
8
BLACK
6
CONTINUOUS
10
4.0023526771653541
20
-4.3852049212598425
11
4.0055685433070867
21
-4.3900177952755906
0
LINE
8
BLACK
6
CONTINUOUS
10
4.0055685433070867
20
-4.3900177952755906
11
4.0077836614173226
21
-4.3953655905511813
0
LINE
8
BLACK
6
CONTINUOUS
10
4.0077836614173226
20
-4.3953655905511813
11
4.0089129527559058
21
-4.4010427952755906
0
LINE
8
BLACK
6
CONTINUOUS
10
4.0089129527559058
20
-4.4010427952755906
11
4.0089129527559058
21
-4.4068312204724407
0
LINE
8
BLACK
6
CONTINUOUS
10
4.0089129527559058
20
-4.4068312204724407
11
4.0077836614173226
21
-4.41250842519685
0
LINE
8
BLACK
6
CONTINUOUS
10
4.0077836614173226
20
-4.41250842519685
11
4.0055685433070867
21
-4.4178562204724408
0
LINE
8
BLACK
6
CONTINUOUS
10
4.0055685433070867
20
-4.4178562204724408
11
4.0023526771653541
21
-4.4226690944881888
0
LINE
8
BLACK
6
CONTINUOUS
10
4.0023526771653541
20
-4.4226690944881888
11
3.9982596456692914
21
-4.4267621259842516
0
LINE
8
BLACK
6
CONTINUOUS
10
3.9982596456692914
20
-4.4267621259842516
11
3.9934467716535433
21
-4.4299779921259841
0
LINE
8
BLACK
6
CONTINUOUS
10
3.9934467716535433
20
-4.4299779921259841
11
3.9880989763779526
21
-4.43219311023622
0
LINE
8
BLACK
6
CONTINUOUS
10
3.9880989763779526
20
-4.43219311023622
11
3.9824217716535433
21
-4.4333224015748032
0
LINE
8
BLACK
6
CONTINUOUS
10
3.9824217716535433
20
-4.4333224015748032
11
3.9766333464566928
21
-4.4333224015748032
0
LINE
8
BLACK
6
CONTINUOUS
10
3.9766333464566928
20
-4.4333224015748032
11
3.9709561417322834
21
-4.43219311023622
0
LINE
8
BLACK
6
CONTINUOUS
10
3.9709561417322834
20
-4.43219311023622
11
3.9656083464566927
21
-4.4299779921259841
0
LINE
8
BLACK
6
CONTINUOUS
10
3.9656083464566927
20
-4.4299779921259841
11
3.9607954724409447
21
-4.4267621259842516
0
LINE
8
BLACK
6
CONTINUOUS
10
3.9607954724409447
20
-4.4267621259842516
11
3.9567024409448819
21
-4.4226690944881888
0
LINE
8
BLACK
6
CONTINUOUS
10
3.9567024409448819
20
-4.4226690944881888
11
3.9534865748031494
21
-4.4178562204724408
0
LINE
8
BLACK
6
CONTINUOUS
10
3.9534865748031494
20
-4.4178562204724408
11
3.9512714566929135
21
-4.41250842519685
0
LINE
8
BLACK
6
CONTINUOUS
10
3.9512714566929135
20
-4.41250842519685
11
3.9501421653543307
21
-4.4068312204724407
0
LINE
8
BLACK
6
CONTINUOUS
10
3.9501421653543307
20
-4.4068312204724407
11
3.9501421653543307
21
-4.4010427952755906
0
LINE
8
BLACK
6
CONTINUOUS
10
3.9501421653543307
20
-4.4010427952755906
11
3.9512714566929135
21
-4.3953655905511813
0
LINE
8
BLACK
6
CONTINUOUS
10
3.9512714566929135
20
-4.3953655905511813
11
3.9534865748031494
21
-4.3900177952755906
0
LINE
8
BLACK
6
CONTINUOUS
10
3.9534865748031494
20
-4.3900177952755906
11
3.9567024409448819
21
-4.3852049212598425
0
LINE
8
BLACK
6
CONTINUOUS
10
3.9567024409448819
20
-4.3852049212598425
11
3.9607954724409447
21
-4.3811118897637797
0
LINE
8
BLACK
6
CONTINUOUS
10
3.9607954724409447
20
-4.3811118897637797
11
3.9656083464566927
21
-4.3778960236220472
0
LINE
8
BLACK
6
CONTINUOUS
10
3.9656083464566927
20
-4.3778960236220472
11
3.9709561417322834
21
-4.3756809055118113
0
LINE
8
BLACK
6
CONTINUOUS
10
3.9709561417322834
20
-4.3756809055118113
11
3.9766333464566928
21
-4.3745516141732281
0
LINE
8
BLACK
6
CONTINUOUS
10
3.9766333464566928
20
-4.3745516141732281
11
3.9824217716535433
21
-4.3745516141732281
0
LINE
8
BLACK
6
CONTINUOUS
10
3.9824217716535433
20
-4.3745516141732281
11
3.9880989763779526
21
-4.3756809055118113
0
LINE
8
BLACK
6
CONTINUOUS
10
3.3627875984251969
20
-3.7253085039370077
11
3.3654577952755904
21
-3.7268501574803148
0
LINE
8
BLACK
6
CONTINUOUS
10
3.3654577952755904
20
-3.7268501574803148
11
3.3669540944881891
21
-3.7283464566929134
0
LINE
8
BLACK
6
CONTINUOUS
10
3.3669540944881891
20
-3.7283464566929134
11
3.896825433070866
21
-3.7283464566929134
0
LINE
8
BLACK
6
CONTINUOUS
10
3.896825433070866
20
-3.7283464566929134
11
3.8983217322834647
21
-3.7268501574803148
0
LINE
8
BLACK
6
CONTINUOUS
10
3.8983217322834647
20
-3.7268501574803148
11
3.9009919291338582
21
-3.7253085039370077
0
LINE
8
BLACK
6
CONTINUOUS
10
3.9009919291338582
20
-3.7253085039370077
11
3.9039701574803147
21
-3.7245105118110233
0
LINE
8
BLACK
6
CONTINUOUS
10
3.9039701574803147
20
-3.7245105118110233
11
3.9070534645669293
21
-3.7245105118110233
0
LINE
8
BLACK
6
CONTINUOUS
10
3.9070534645669293
20
-3.7245105118110233
11
3.9100316929133858
21
-3.7253085039370077
0
LINE
8
BLACK
6
CONTINUOUS
10
3.9100316929133858
20
-3.7253085039370077
11
3.9127018897637793
21
-3.7268501574803148
0
LINE
8
BLACK
6
CONTINUOUS
10
3.9127018897637793
20
-3.7268501574803148
11
3.9141981889763779
21
-3.7283464566929134
0
LINE
8
BLACK
6
CONTINUOUS
10
3.9141981889763779
20
-3.7283464566929134
11
4.3298962992125984
21
-3.7283464566929134
0
LINE
8
BLACK
6
CONTINUOUS
10
4.3298962992125984
20
-3.7283464566929134
11
4.3313925984251966
21
-3.7268501574803148
0
LINE
8
BLACK
6
CONTINUOUS
10
4.3313925984251966
20
-3.7268501574803148
11
4.3340627952755906
21
-3.7253085039370077
0
LINE
8
BLACK
6
CONTINUOUS
10
4.3340627952755906
20
-3.7253085039370077
11
4.3370410236220476
21
-3.7245105118110233
0
LINE
8
BLACK
6
CONTINUOUS
10
4.3370410236220476
20
-3.7245105118110233
11
4.3401243307086617
21
-3.7245105118110233
0
LINE
8
BLACK
6
CONTINUOUS
10
4.3401243307086617
20
-3.7245105118110233
11
4.3431025590551178
21
-3.7253085039370077
0
LINE
8
BLACK
6
CONTINUOUS
10
4.3431025590551178
20
-3.7253085039370077
11
4.3457727559055117
21
-3.7268501574803148
0
LINE
8
BLACK
6
CONTINUOUS
10
4.3457727559055117
20
-3.7268501574803148
11
4.3472690551181099
21
-3.7283464566929134
0
LINE
8
BLACK
6
CONTINUOUS
10
4.3472690551181099
20
-3.7283464566929134
11
4.7590301574803151
21
-3.7283464566929134
0
LINE
8
BLACK
6
CONTINUOUS
10
4.7590301574803151
20
-3.7283464566929134
11
4.7605264566929133
21
-3.7268501574803148
0
LINE
8
BLACK
6
CONTINUOUS
10
4.7605264566929133
20
-3.7268501574803148
11
4.7631966535433072
21
-3.7253085039370077
0
LINE
8
BLACK
6
CONTINUOUS
10
4.7631966535433072
20
-3.7253085039370077
11
4.7661748818897633
21
-3.7245105118110233
0
LINE
8
BLACK
6
CONTINUOUS
10
4.7661748818897633
20
-3.7245105118110233
11
4.7692581889763774
21
-3.7245105118110233
0
LINE
8
BLACK
6
CONTINUOUS
10
4.7692581889763774
20
-3.7245105118110233
11
4.7722364173228344
21
-3.7253085039370077
0
LINE
8
BLACK
6
CONTINUOUS
10
4.7722364173228344
20
-3.7253085039370077
11
4.7749066141732284
21
-3.7268501574803148
0
LINE
8
BLACK
6
CONTINUOUS
10
4.7749066141732284
20
-3.7268501574803148
11
4.777086850393701
21
-3.7290303937007874
0
LINE
8
BLACK
6
CONTINUOUS
10
4.777086850393701
20
-3.7290303937007874
11
4.778628503937008
21
-3.7317005905511809
0
LINE
8
BLACK
6
CONTINUOUS
10
4.778628503937008
20
-3.7317005905511809
11
4.7794264960629924
21
-3.7346788188976379
0
LINE
8
BLACK
6
CONTINUOUS
10
4.7794264960629924
20
-3.7346788188976379
11
4.7794264960629924
21
-3.7377621259842519
0
LINE
8
BLACK
6
CONTINUOUS
10
4.7794264960629924
20
-3.7377621259842519
11
4.778628503937008
21
-3.7407403543307085
0
LINE
8
BLACK
6
CONTINUOUS
10
4.778628503937008
20
-3.7407403543307085
11
4.777086850393701
21
-3.7434105511811024
0
LINE
8
BLACK
6
CONTINUOUS
10
4.777086850393701
20
-3.7434105511811024
11
4.7749066141732284
21
-3.7455907874015746
0
LINE
8
BLACK
6
CONTINUOUS
10
4.7749066141732284
20
-3.7455907874015746
11
4.7722364173228344
21
-3.7471324409448816
0
LINE
8
BLACK
6
CONTINUOUS
10
4.7722364173228344
20
-3.7471324409448816
11
4.7692581889763774
21
-3.747930433070866
0
LINE
8
BLACK
6
CONTINUOUS
10
4.7692581889763774
20
-3.747930433070866
11
4.7661748818897633
21
-3.747930433070866
0
LINE
8
BLACK
6
CONTINUOUS
10
4.7661748818897633
20
-3.747930433070866
11
4.7631966535433072
21
-3.7471324409448816
0
LINE
8
BLACK
6
CONTINUOUS
10
4.7631966535433072
20
-3.7471324409448816
11
4.7605264566929133
21
-3.7455907874015746
0
LINE
8
BLACK
6
CONTINUOUS
10
4.7605264566929133
20
-3.7455907874015746
11
4.7590301574803151
21
-3.7440944881889764
0
LINE
8
BLACK
6
CONTINUOUS
10
4.7590301574803151
20
-3.7440944881889764
11
4.3472690551181099
21
-3.7440944881889764
0
LINE
8
BLACK
6
CONTINUOUS
10
4.3472690551181099
20
-3.7440944881889764
11
4.3457727559055117
21
-3.7455907874015746
0
LINE
8
BLACK
6
CONTINUOUS
10
4.3457727559055117
20
-3.7455907874015746
11
4.3431025590551178
21
-3.7471324409448816
0
LINE
8
BLACK
6
CONTINUOUS
10
4.3431025590551178
20
-3.7471324409448816
11
4.3401243307086617
21
-3.747930433070866
0
LINE
8
BLACK
6
CONTINUOUS
10
4.3401243307086617
20
-3.747930433070866
11
4.3370410236220476
21
-3.747930433070866
0
LINE
8
BLACK
6
CONTINUOUS
10
4.3370410236220476
20
-3.747930433070866
11
4.3340627952755906
21
-3.7471324409448816
0
LINE
8
BLACK
6
CONTINUOUS
10
4.3340627952755906
20
-3.7471324409448816
11
4.3313925984251966
21
-3.7455907874015746
0
LINE
8
BLACK
6
CONTINUOUS
10
4.3313925984251966
20
-3.7455907874015746
11
4.3298962992125984
21
-3.7440944881889764
0
LINE
8
BLACK
6
CONTINUOUS
10
4.3298962992125984
20
-3.7440944881889764
11
3.9141981889763779
21
-3.7440944881889764
0
LINE
8
BLACK
6
CONTINUOUS
10
3.9141981889763779
20
-3.7440944881889764
11
3.9127018897637793
21
-3.7455907874015746
0
LINE
8
BLACK
6
CONTINUOUS
10
3.9127018897637793
20
-3.7455907874015746
11
3.9100316929133858
21
-3.7471324409448816
0
LINE
8
BLACK
6
CONTINUOUS
10
3.9100316929133858
20
-3.7471324409448816
11
3.9070534645669293
21
-3.747930433070866
0
LINE
8
BLACK
6
CONTINUOUS
10
3.9070534645669293
20
-3.747930433070866
11
3.9039701574803147
21
-3.747930433070866
0
LINE
8
BLACK
6
CONTINUOUS
10
3.9039701574803147
20
-3.747930433070866
11
3.9009919291338582
21
-3.7471324409448816
0
LINE
8
BLACK
6
CONTINUOUS
10
3.9009919291338582
20
-3.7471324409448816
11
3.8983217322834647
21
-3.7455907874015746
0
LINE
8
BLACK
6
CONTINUOUS
10
3.8983217322834647
20
-3.7455907874015746
11
3.896825433070866
21
-3.7440944881889764
0
LINE
8
BLACK
6
CONTINUOUS
10
3.896825433070866
20
-3.7440944881889764
11
3.3669540944881891
21
-3.7440944881889764
0
LINE
8
BLACK
6
CONTINUOUS
10
3.3669540944881891
20
-3.7440944881889764
11
3.3654577952755904
21
-3.7455907874015746
0
LINE
8
BLACK
6
CONTINUOUS
10
3.3654577952755904
20
-3.7455907874015746
11
3.3627875984251969
21
-3.7471324409448816
0
LINE
8
BLACK
6
CONTINUOUS
10
3.3627875984251969
20
-3.7471324409448816
11
3.3598093700787399
21
-3.747930433070866
0
LINE
8
BLACK
6
CONTINUOUS
10
3.3598093700787399
20
-3.747930433070866
11
3.3567260629921258
21
-3.747930433070866
0
LINE
8
BLACK
6
CONTINUOUS
10
3.3567260629921258
20
-3.747930433070866
11
3.3537478346456693
21
-3.7471324409448816
0
LINE
8
BLACK
6
CONTINUOUS
10
3.3537478346456693
20
-3.7471324409448816
11
3.3510776377952753
21
-3.7455907874015746
0
LINE
8
BLACK
6
CONTINUOUS
10
3.3510776377952753
20
-3.7455907874015746
11
3.3488974015748032
21
-3.7434105511811024
0
LINE
8
BLACK
6
CONTINUOUS
10
3.3488974015748032
20
-3.7434105511811024
11
3.3473557480314962
21
-3.7407403543307085
0
LINE
8
BLACK
6
CONTINUOUS
10
3.3473557480314962
20
-3.7407403543307085
11
3.3465577559055117
21
-3.7377621259842519
0
LINE
8
BLACK
6
CONTINUOUS
10
3.3465577559055117
20
-3.7377621259842519
11
3.3465577559055117
21
-3.7346788188976379
0
LINE
8
BLACK
6
CONTINUOUS
10
3.3465577559055117
20
-3.7346788188976379
11
3.3473557480314962
21
-3.7317005905511809
0
LINE
8
BLACK
6
CONTINUOUS
10
3.3473557480314962
20
-3.7317005905511809
11
3.3488974015748032
21
-3.7290303937007874
0
LINE
8
BLACK
6
CONTINUOUS
10
3.3488974015748032
20
-3.7290303937007874
11
3.3510776377952753
21
-3.7268501574803148
0
LINE
8
BLACK
6
CONTINUOUS
10
3.3510776377952753
20
-3.7268501574803148
11
3.3537478346456693
21
-3.7253085039370077
0
LINE
8
BLACK
6
CONTINUOUS
10
3.3537478346456693
20
-3.7253085039370077
11
3.3567260629921258
21
-3.7245105118110233
0
LINE
8
BLACK
6
CONTINUOUS
10
3.3567260629921258
20
-3.7245105118110233
11
3.3598093700787399
21
-3.7245105118110233
0
LINE
8
BLACK
6
CONTINUOUS
10
3.3598093700787399
20
-3.7245105118110233
11
3.3627875984251969
21
-3.7253085039370077
0
LINE
8
BLACK
6
CONTINUOUS
10
3.2664184645669292
20
-3.5179399999999998
11
3.3878824409448818
21
-3.558427992125984
0
LINE
8
BLACK
6
CONTINUOUS
10
3.3878824409448818
20
-3.558427992125984
11
3.3901412992125985
21
-3.5599978346456691
0
LINE
8
BLACK
6
CONTINUOUS
10
3.3901412992125985
20
-3.5599978346456691
11
3.3906748425196849
21
-3.5608165354330708
0
LINE
8
BLACK
6
CONTINUOUS
10
3.3906748425196849
20
-3.5608165354330708
11
3.4488188582677166
21
-3.6732283070866143
0
LINE
8
BLACK
6
CONTINUOUS
10
3.4488188582677166
20
-3.6732283070866143
11
3.4488188976377954
21
-3.673228346456693
0
LINE
8
BLACK
6
CONTINUOUS
10
3.4488188976377954
20
-3.673228346456693
11
4.8218784645669288
21
-3.6657862598425197
0
LINE
8
BLACK
6
CONTINUOUS
10
4.8218784645669288
20
-3.6657862598425197
11
4.8245217322834648
21
-3.6665468897637794
0
LINE
8
BLACK
6
CONTINUOUS
10
4.8245217322834648
20
-3.6665468897637794
11
4.8263343700787402
21
-3.6686159842519683
0
LINE
8
BLACK
6
CONTINUOUS
10
4.8263343700787402
20
-3.6686159842519683
11
4.8267865748031493
21
-3.6706542913385825
0
LINE
8
BLACK
6
CONTINUOUS
10
4.8267865748031493
20
-3.6706542913385825
11
4.8306949999999995
21
-5.0581454330708659
0
LINE
8
BLACK
6
CONTINUOUS
10
4.8306949999999995
20
-5.0581454330708659
11
4.829927440944882
21
-5.0607869291338581
0
LINE
8
BLACK
6
CONTINUOUS
10
4.829927440944882
20
-5.0607869291338581
11
4.8278536220472441
21
-5.0625941732283462
0
LINE
8
BLACK
6
CONTINUOUS
10
4.8278536220472441
20
-5.0625941732283462
11
4.825862165354331
21
-5.0630408267716538
0
LINE
8
BLACK
6
CONTINUOUS
10
4.825862165354331
20
-5.0630408267716538
11
3.268698464566929
21
-5.0786907086614175
0
LINE
8
BLACK
6
CONTINUOUS
10
3.268698464566929
20
-5.0786907086614175
11
3.2660514566929133
21
-5.0779422834645667
0
LINE
8
BLACK
6
CONTINUOUS
10
3.2660514566929133
20
-5.0779422834645667
11
3.2642292913385824
21
-5.0758815748031498
0
LINE
8
BLACK
6
CONTINUOUS
10
3.2642292913385824
20
-5.0758815748031498
11
3.2637675590551178
21
-5.0738211023622046
0
LINE
8
BLACK
6
CONTINUOUS
10
3.2637675590551178
20
-5.0738211023622046
11
3.2631379133858265
21
-4.8150355118110237
0
LINE
8
BLACK
6
CONTINUOUS
10
3.2631379133858265
20
-4.8150355118110237
11
3.2621646456692912
21
-4.4150355118110234
0
LINE
8
BLACK
6
CONTINUOUS
10
3.2621646456692912
20
-4.4150355118110234
11
3.2611914173228347
21
-4.0150372834645669
0
LINE
8
BLACK
6
CONTINUOUS
10
3.2611914173228347
20
-4.0150372834645669
11
3.2605054724409448
21
-3.7331162598425194
0
LINE
8
BLACK
6
CONTINUOUS
10
3.2605054724409448
20
-3.7331162598425194
11
3.2599932283464566
21
-3.5225832677165352
0
LINE
8
BLACK
6
CONTINUOUS
10
3.2599932283464566
20
-3.5225832677165352
11
3.2607618110236221
21
-3.5199421653543306
0
LINE
8
BLACK
6
CONTINUOUS
10
3.2607618110236221
20
-3.5199421653543306
11
3.2628362992125983
21
-3.5181357086614171
0
LINE
8
BLACK
6
CONTINUOUS
10
3.2628362992125983
20
-3.5181357086614171
11
3.2655581102362206
21
-3.5177376377952756
0
LINE
8
BLACK
6
CONTINUOUS
10
3.2655581102362206
20
-3.5177376377952756
11
3.2664184645669292
21
-3.5179399999999998
0
LINE
8
BLACK
6
CONTINUOUS
10
3.4921062992125984
20
-4.8243345275590555
11
3.4935608661417321
21
-4.8335184251968499
0
LINE
8
BLACK
6
CONTINUOUS
10
3.4935608661417321
20
-4.8335184251968499
11
3.4964343700787399
21
-4.8423620472440945
0
LINE
8
BLACK
6
CONTINUOUS
10
3.4964343700787399
20
-4.8423620472440945
11
3.5006557874015747
21
-4.8506469685039368
0
LINE
8
BLACK
6
CONTINUOUS
10
3.5006557874015747
20
-4.8506469685039368
11
3.506121377952756
21
-4.8581696850393703
0
LINE
8
BLACK
6
CONTINUOUS
10
3.506121377952756
20
-4.8581696850393703
11
3.5126964566929133
21
-4.8647447637795276
0
LINE
8
BLACK
6
CONTINUOUS
10
3.5126964566929133
20
-4.8647447637795276
11
3.5202191732283463
21
-4.8702103543307089
0
LINE
8
BLACK
6
CONTINUOUS
10
3.5202191732283463
20
-4.8702103543307089
11
3.5241335039370076
21
-4.8722048031496064
0
LINE
8
BLACK
6
CONTINUOUS
10
3.5241335039370076
20
-4.8722048031496064
11
3.5285040551181099
21
-4.8744317322834645
0
LINE
8
BLACK
6
CONTINUOUS
10
3.5285040551181099
20
-4.8744317322834645
11
3.5285041338582674
21
-4.8744317322834645
0
LINE
8
BLACK
6
CONTINUOUS
10
3.5285041338582674
20
-4.8744317322834645
11
3.5285042519685037
21
-4.874431811023622
0
LINE
8
BLACK
6
CONTINUOUS
10
3.5285042519685037
20
-4.874431811023622
11
3.5332445669291337
21
-4.8759720078740161
0
LINE
8
BLACK
6
CONTINUOUS
10
3.5332445669291337
20
-4.8759720078740161
11
3.537347677165354
21
-4.8773052362204723
0
LINE
8
BLACK
6
CONTINUOUS
10
3.537347677165354
20
-4.8773052362204723
11
3.5465316141732282
21
-4.8787598425196848
0
LINE
8
BLACK
6
CONTINUOUS
10
3.5465316141732282
20
-4.8787598425196848
11
3.5465318110236219
21
-4.8787598425196848
0
LINE
8
BLACK
6
CONTINUOUS
10
3.5465318110236219
20
-4.8787598425196848
11
3.5558305905511811
21
-4.8787598425196848
0
LINE
8
BLACK
6
CONTINUOUS
10
3.5558305905511811
20
-4.8787598425196848
11
3.5650144881889765
21
-4.8773052362204723
0
LINE
8
BLACK
6
CONTINUOUS
10
3.5650144881889765
20
-4.8773052362204723
11
3.5738579527559056
21
-4.874431811023622
0
LINE
8
BLACK
6
CONTINUOUS
10
3.5738579527559056
20
-4.874431811023622
11
3.5821430314960629
21
-4.8702103543307089
0
LINE
8
BLACK
6
CONTINUOUS
10
3.5821430314960629
20
-4.8702103543307089
11
3.589665748031496
21
-4.8647447637795276
0
LINE
8
BLACK
6
CONTINUOUS
10
3.589665748031496
20
-4.8647447637795276
11
3.5962408267716532
21
-4.8581696850393703
0
LINE
8
BLACK
6
CONTINUOUS
10
3.5962408267716532
20
-4.8581696850393703
11
3.6017064173228346
21
-4.8506469685039368
0
LINE
8
BLACK
6
CONTINUOUS
10
3.6017064173228346
20
-4.8506469685039368
11
3.6059278740157481
21
-4.8423618897637795
0
LINE
8
BLACK
6
CONTINUOUS
10
3.6059278740157481
20
-4.8423618897637795
11
3.6088012992125984
21
-4.8335184251968499
0
LINE
8
BLACK
6
CONTINUOUS
10
3.6088012992125984
20
-4.8335184251968499
11
3.6093355118110235
21
-4.8301455118110237
0
LINE
8
BLACK
6
CONTINUOUS
10
3.6093355118110235
20
-4.8301455118110237
11
3.6102559055118109
21
-4.8243345275590555
0
LINE
8
BLACK
6
CONTINUOUS
10
3.6102559055118109
20
-4.8243345275590555
11
3.6102559055118109
21
-4.8150355118110237
0
LINE
8
BLACK
6
CONTINUOUS
10
3.6102559055118109
20
-4.8150355118110237
11
3.6088012992125984
21
-4.8058516141732284
0
LINE
8
BLACK
6
CONTINUOUS
10
3.6088012992125984
20
-4.8058516141732284
11
3.6059277952755906
21
-4.7970079921259838
0
LINE
8
BLACK
6
CONTINUOUS
10
3.6059277952755906
20
-4.7970079921259838
11
3.6017063779527558
21
-4.7887230708661415
0
LINE
8
BLACK
6
CONTINUOUS
10
3.6017063779527558
20
-4.7887230708661415
11
3.5962408267716532
21
-4.7812003937007876
0
LINE
8
BLACK
6
CONTINUOUS
10
3.5962408267716532
20
-4.7812003937007876
11
3.589665748031496
21
-4.7746253149606295
0
LINE
8
BLACK
6
CONTINUOUS
10
3.589665748031496
20
-4.7746253149606295
11
3.589665590551181
21
-4.7746251968503932
0
LINE
8
BLACK
6
CONTINUOUS
10
3.589665590551181
20
-4.7746251968503932
11
3.5886461417322835
21
-4.7738844881889761
0
LINE
8
BLACK
6
CONTINUOUS
10
3.5886461417322835
20
-4.7738844881889761
11
3.5869664566929131
21
-4.7717061023622049
0
LINE
8
BLACK
6
CONTINUOUS
10
3.5869664566929131
20
-4.7717061023622049
11
3.5866338582677164
21
-4.769935039370079
0
LINE
8
BLACK
6
CONTINUOUS
10
3.5866338582677164
20
-4.769935039370079
11
3.5866338582677164
21
-4.7589395669291337
0
LINE
8
BLACK
6
CONTINUOUS
10
3.5866338582677164
20
-4.7589395669291337
11
3.5866338582677164
21
-4.7332425590551184
0
LINE
8
BLACK
6
CONTINUOUS
10
3.5866338582677164
20
-4.7332425590551184
11
3.5874088582677164
21
-4.7306032283464567
0
LINE
8
BLACK
6
CONTINUOUS
10
3.5874088582677164
20
-4.7306032283464567
11
3.5880637401574802
21
-4.729790551181102
0
LINE
8
BLACK
6
CONTINUOUS
10
3.5880637401574802
20
-4.729790551181102
11
3.7404598818897639
21
-4.5773944094488188
0
LINE
8
BLACK
6
CONTINUOUS
10
3.7404598818897639
20
-4.5773944094488188
11
3.7428741732283464
21
-4.5760761023622045
0
LINE
8
BLACK
6
CONTINUOUS
10
3.7428741732283464
20
-4.5760761023622045
11
3.7439118897637793
21
-4.575964527559055
0
LINE
8
BLACK
6
CONTINUOUS
10
3.7439118897637793
20
-4.575964527559055
11
3.7884637401574803
21
-4.575964527559055
0
LINE
8
BLACK
6
CONTINUOUS
10
3.7884637401574803
20
-4.575964527559055
11
3.7911030708661415
21
-4.576739527559055
0
LINE
8
BLACK
6
CONTINUOUS
10
3.7911030708661415
20
-4.576739527559055
11
3.7929044488188977
21
-4.5788184251968502
0
LINE
8
BLACK
6
CONTINUOUS
10
3.7929044488188977
20
-4.5788184251968502
11
3.7932959448818897
21
-4.5815411811023621
0
LINE
8
BLACK
6
CONTINUOUS
10
3.7932959448818897
20
-4.5815411811023621
11
3.7921532283464567
21
-4.5840433858267717
0
LINE
8
BLACK
6
CONTINUOUS
10
3.7921532283464567
20
-4.5840433858267717
11
3.7919157480314958
21
-4.5842984251968506
0
LINE
8
BLACK
6
CONTINUOUS
10
3.7919157480314958
20
-4.5842984251968506
11
3.7898059448818895
21
-4.5864081889763781
0
LINE
8
BLACK
6
CONTINUOUS
10
3.7898059448818895
20
-4.5864081889763781
11
3.7898057480314962
21
-4.5864084251968507
0
LINE
8
BLACK
6
CONTINUOUS
10
3.7898057480314962
20
-4.5864084251968507
11
3.7837940157480312
21
-4.5946828740157475
0
LINE
8
BLACK
6
CONTINUOUS
10
3.7837940157480312
20
-4.5946828740157475
11
3.7791504724409446
21
-4.6037961811023624
0
LINE
8
BLACK
6
CONTINUOUS
10
3.7791504724409446
20
-4.6037961811023624
11
3.7759897637795277
21
-4.6135238582677163
0
LINE
8
BLACK
6
CONTINUOUS
10
3.7759897637795277
20
-4.6135238582677163
11
3.7743897637795274
21
-4.6236258661417322
0
LINE
8
BLACK
6
CONTINUOUS
10
3.7743897637795274
20
-4.6236258661417322
11
3.7743897637795274
21
-4.6338544094488192
0
LINE
8
BLACK
6
CONTINUOUS
10
3.7743897637795274
20
-4.6338544094488192
11
3.7759897637795277
21
-4.6439564173228343
0
LINE
8
BLACK
6
CONTINUOUS
10
3.7759897637795277
20
-4.6439564173228343
11
3.7791504724409446
21
-4.653684094488189
0
LINE
8
BLACK
6
CONTINUOUS
10
3.7791504724409446
20
-4.653684094488189
11
3.7818354330708659
21
-4.658953503937008
0
LINE
8
BLACK
6
CONTINUOUS
10
3.7818354330708659
20
-4.658953503937008
11
3.7837939370078741
21
-4.6627972834645668
0
LINE
8
BLACK
6
CONTINUOUS
10
3.7837939370078741
20
-4.6627972834645668
11
3.789805866141732
21
-4.6710720078740158
0
LINE
8
BLACK
6
CONTINUOUS
10
3.789805866141732
20
-4.6710720078740158
11
3.7970382283464565
21
-4.6783043700787399
0
LINE
8
BLACK
6
CONTINUOUS
10
3.7970382283464565
20
-4.6783043700787399
11
3.8053129527559055
21
-4.6843162992125986
0
LINE
8
BLACK
6
CONTINUOUS
10
3.8053129527559055
20
-4.6843162992125986
11
3.8096786614173226
21
-4.6865407480314962
0
LINE
8
BLACK
6
CONTINUOUS
10
3.8096786614173226
20
-4.6865407480314962
11
3.8144261023622046
21
-4.6889597244094485
0
LINE
8
BLACK
6
CONTINUOUS
10
3.8144261023622046
20
-4.6889597244094485
11
3.8144261811023621
21
-4.6889597244094485
0
LINE
8
BLACK
6
CONTINUOUS
10
3.8144261811023621
20
-4.6889597244094485
11
3.8144262992125983
21
-4.688959803149606
0
LINE
8
BLACK
6
CONTINUOUS
10
3.8144262992125983
20
-4.688959803149606
11
3.8241538188976376
21
-4.6921204724409451
0
LINE
8
BLACK
6
CONTINUOUS
10
3.8241538188976376
20
-4.6921204724409451
11
3.8293585039370077
21
-4.6929447637795274
0
LINE
8
BLACK
6
CONTINUOUS
10
3.8293585039370077
20
-4.6929447637795274
11
3.8342558267716536
21
-4.6937204724409449
0
LINE
8
BLACK
6
CONTINUOUS
10
3.8342558267716536
20
-4.6937204724409449
11
3.8342560236220473
21
-4.6937204724409449
0
LINE
8
BLACK
6
CONTINUOUS
10
3.8342560236220473
20
-4.6937204724409449
11
3.8444843307086614
21
-4.6937204724409449
0
LINE
8
BLACK
6
CONTINUOUS
10
3.8444843307086614
20
-4.6937204724409449
11
3.8489487401574802
21
-4.6930133464566932
0
LINE
8
BLACK
6
CONTINUOUS
10
3.8489487401574802
20
-4.6930133464566932
11
3.8545863385826773
21
-4.6921204724409451
0
LINE
8
BLACK
6
CONTINUOUS
10
3.8545863385826773
20
-4.6921204724409451
11
3.8643138582677166
21
-4.688959803149606
0
LINE
8
BLACK
6
CONTINUOUS
10
3.8643138582677166
20
-4.688959803149606
11
3.8734272047244094
21
-4.6843162992125986
0
LINE
8
BLACK
6
CONTINUOUS
10
3.8734272047244094
20
-4.6843162992125986
11
3.8817019291338584
21
-4.6783043700787399
0
LINE
8
BLACK
6
CONTINUOUS
10
3.8817019291338584
20
-4.6783043700787399
11
3.8889342913385825
21
-4.6710720078740158
0
LINE
8
BLACK
6
CONTINUOUS
10
3.8889342913385825
20
-4.6710720078740158
11
3.8949462204724408
21
-4.6627972834645668
0
LINE
8
BLACK
6
CONTINUOUS
10
3.8949462204724408
20
-4.6627972834645668
11
3.8995897244094486
21
-4.653683937007874
0
LINE
8
BLACK
6
CONTINUOUS
10
3.8995897244094486
20
-4.653683937007874
11
3.9027503937007872
21
-4.6439564173228343
0
LINE
8
BLACK
6
CONTINUOUS
10
3.9027503937007872
20
-4.6439564173228343
11
3.9040409448818898
21
-4.6358080314960626
0
LINE
8
BLACK
6
CONTINUOUS
10
3.9040409448818898
20
-4.6358080314960626
11
3.9043503937007875
21
-4.6338544094488192
0
LINE
8
BLACK
6
CONTINUOUS
10
3.9043503937007875
20
-4.6338544094488192
11
3.9043503937007875
21
-4.6236258661417322
0
LINE
8
BLACK
6
CONTINUOUS
10
3.9043503937007875
20
-4.6236258661417322
11
3.9035018503937007
21
-4.6182685433070869
0
LINE
8
BLACK
6
CONTINUOUS
10
3.9035018503937007
20
-4.6182685433070869
11
3.9027503937007872
21
-4.613523897637795
0
LINE
8
BLACK
6
CONTINUOUS
10
3.9027503937007872
20
-4.613523897637795
11
3.8995897244094486
21
-4.6037963779527562
0
LINE
8
BLACK
6
CONTINUOUS
10
3.8995897244094486
20
-4.6037963779527562
11
3.8995896456692911
21
-4.6037962598425199
0
LINE
8
BLACK
6
CONTINUOUS
10
3.8995896456692911
20
-4.6037962598425199
11
3.8995896456692911
21
-4.6037961811023624
0
LINE
8
BLACK
6
CONTINUOUS
10
3.8995896456692911
20
-4.6037961811023624
11
3.8970414566929135
21
-4.598795157480315
0
LINE
8
BLACK
6
CONTINUOUS
10
3.8970414566929135
20
-4.598795157480315
11
3.8949462204724408
21
-4.5946830314960625
0
LINE
8
BLACK
6
CONTINUOUS
10
3.8949462204724408
20
-4.5946830314960625
11
3.8889342913385825
21
-4.5864083070866144
0
LINE
8
BLACK
6
CONTINUOUS
10
3.8889342913385825
20
-4.5864083070866144
11
3.8868244094488187
21
-4.5842984251968506
0
LINE
8
BLACK
6
CONTINUOUS
10
3.8868244094488187
20
-4.5842984251968506
11
3.8855061023622048
21
-4.5818841338582672
0
LINE
8
BLACK
6
CONTINUOUS
10
3.8855061023622048
20
-4.5818841338582672
11
3.8857023228346455
21
-4.5791403543307085
0
LINE
8
BLACK
6
CONTINUOUS
10
3.8857023228346455
20
-4.5791403543307085
11
3.8873508267716534
21
-4.5769382677165353
0
LINE
8
BLACK
6
CONTINUOUS
10
3.8873508267716534
20
-4.5769382677165353
11
3.8899281496062992
21
-4.5759769685039373
0
LINE
8
BLACK
6
CONTINUOUS
10
3.8899281496062992
20
-4.5759769685039373
11
3.8902764173228346
21
-4.575964527559055
0
LINE
8
BLACK
6
CONTINUOUS
10
3.8902764173228346
20
-4.575964527559055
11
3.9668839763779529
21
-4.575964527559055
0
LINE
8
BLACK
6
CONTINUOUS
10
3.9668839763779529
20
-4.575964527559055
11
3.9695233070866141
21
-4.576739527559055
0
LINE
8
BLACK
6
CONTINUOUS
10
3.9695233070866141
20
-4.576739527559055
11
3.9713246850393702
21
-4.5788184251968502
0
LINE
8
BLACK
6
CONTINUOUS
10
3.9713246850393702
20
-4.5788184251968502
11
3.9717161811023622
21
-4.5815411811023621
0
LINE
8
BLACK
6
CONTINUOUS
10
3.9717161811023622
20
-4.5815411811023621
11
3.9716310236220473
21
-4.5819859055118108
0
LINE
8
BLACK
6
CONTINUOUS
10
3.9716310236220473
20
-4.5819859055118108
11
3.9715862598425198
21
-4.5821723228346452
0
LINE
8
BLACK
6
CONTINUOUS
10
3.9715862598425198
20
-4.5821723228346452
11
3.9703740551181101
21
-4.5898258661417319
0
LINE
8
BLACK
6
CONTINUOUS
10
3.9703740551181101
20
-4.5898258661417319
11
3.9703740551181101
21
-4.5975756692913388
0
LINE
8
BLACK
6
CONTINUOUS
10
3.9703740551181101
20
-4.5975756692913388
11
3.9715862598425198
21
-4.6052293700787397
0
LINE
8
BLACK
6
CONTINUOUS
10
3.9715862598425198
20
-4.6052293700787397
11
3.9739810236220472
21
-4.6125995669291333
0
LINE
8
BLACK
6
CONTINUOUS
10
3.9739810236220472
20
-4.6125995669291333
11
3.9774990944881887
21
-4.6195041338582676
0
LINE
8
BLACK
6
CONTINUOUS
10
3.9774990944881887
20
-4.6195041338582676
11
3.9820540551181103
21
-4.6257734645669286
0
LINE
8
BLACK
6
CONTINUOUS
10
3.9820540551181103
20
-4.6257734645669286
11
3.9875336614173227
21
-4.6312530708661415
0
LINE
8
BLACK
6
CONTINUOUS
10
3.9875336614173227
20
-4.6312530708661415
11
3.9938029921259841
21
-4.6358080314960626
0
LINE
8
BLACK
6
CONTINUOUS
10
3.9938029921259841
20
-4.6358080314960626
11
3.9970651968503934
21
-4.6374701968503933
0
LINE
8
BLACK
6
CONTINUOUS
10
3.9970651968503934
20
-4.6374701968503933
11
4.0007075196850392
21
-4.6393260629921258
0
LINE
8
BLACK
6
CONTINUOUS
10
4.0007075196850392
20
-4.6393260629921258
11
4.0007075984251967
21
-4.6393260629921258
0
LINE
8
BLACK
6
CONTINUOUS
10
4.0007075984251967
20
-4.6393260629921258
11
4.000707716535433
21
-4.6393261417322833
0
LINE
8
BLACK
6
CONTINUOUS
10
4.000707716535433
20
-4.6393261417322833
11
4.0080777559055116
21
-4.6417208267716532
0
LINE
8
BLACK
6
CONTINUOUS
10
4.0080777559055116
20
-4.6417208267716532
11
4.0090229133858264
21
-4.6418705118110237
0
LINE
8
BLACK
6
CONTINUOUS
10
4.0090229133858264
20
-4.6418705118110237
11
4.011508464566929
21
-4.6430487795275592
0
LINE
8
BLACK
6
CONTINUOUS
10
4.011508464566929
20
-4.6430487795275592
11
4.0129624803149602
21
-4.6453838582677163
0
LINE
8
BLACK
6
CONTINUOUS
10
4.0129624803149602
20
-4.6453838582677163
11
4.012923267716535
21
-4.6481343307086611
0
LINE
8
BLACK
6
CONTINUOUS
10
4.012923267716535
20
-4.6481343307086611
11
4.0129021653543306
21
-4.6482008661417318
0
LINE
8
BLACK
6
CONTINUOUS
10
4.0129021653543306
20
-4.6482008661417318
11
4.0115862598425194
21
-4.6522507480314959
0
LINE
8
BLACK
6
CONTINUOUS
10
4.0115862598425194
20
-4.6522507480314959
11
4.0115862598425194
21
-4.6522508661417321
0
LINE
8
BLACK
6
CONTINUOUS
10
4.0115862598425194
20
-4.6522508661417321
11
4.010374015748031
21
-4.6599046062992127
0
LINE
8
BLACK
6
CONTINUOUS
10
4.010374015748031
20
-4.6599046062992127
11
4.010374015748031
21
-4.6676544094488186
0
LINE
8
BLACK
6
CONTINUOUS
10
4.010374015748031
20
-4.6676544094488186
11
4.0115862204724406
21
-4.6753081102362204
0
LINE
8
BLACK
6
CONTINUOUS
10
4.0115862204724406
20
-4.6753081102362204
11
4.013980984251968
21
-4.682678307086614
0
LINE
8
BLACK
6
CONTINUOUS
10
4.013980984251968
20
-4.682678307086614
11
4.0159490157480313
21
-4.6865407480314962
0
LINE
8
BLACK
6
CONTINUOUS
10
4.0159490157480313
20
-4.6865407480314962
11
4.01749905511811
21
-4.6895828740157484
0
LINE
8
BLACK
6
CONTINUOUS
10
4.01749905511811
20
-4.6895828740157484
11
4.0220540157480311
21
-4.6958522047244093
0
LINE
8
BLACK
6
CONTINUOUS
10
4.0220540157480311
20
-4.6958522047244093
11
4.027533622047244
21
-4.7013318110236222
0
LINE
8
BLACK
6
CONTINUOUS
10
4.027533622047244
20
-4.7013318110236222
11
4.0338029527559058
21
-4.7058867716535433
0
LINE
8
BLACK
6
CONTINUOUS
10
4.0338029527559058
20
-4.7058867716535433
11
4.0370651574803151
21
-4.707548937007874
0
LINE
8
BLACK
6
CONTINUOUS
10
4.0370651574803151
20
-4.707548937007874
11
4.0407074803149605
21
-4.7094048031496065
0
LINE
8
BLACK
6
CONTINUOUS
10
4.0407074803149605
20
-4.7094048031496065
11
4.040707559055118
21
-4.7094048031496065
0
LINE
8
BLACK
6
CONTINUOUS
10
4.040707559055118
20
-4.7094048031496065
11
4.0407076771653543
21
-4.709404881889764
0
LINE
8
BLACK
6
CONTINUOUS
10
4.0407076771653543
20
-4.709404881889764
11
4.044658149606299
21
-4.7106884645669291
0
LINE
8
BLACK
6
CONTINUOUS
10
4.044658149606299
20
-4.7106884645669291
11
4.0480776771653542
21
-4.7117995669291339
0
LINE
8
BLACK
6
CONTINUOUS
10
4.0480776771653542
20
-4.7117995669291339
11
4.0557314173228347
21
-4.7130118110236223
0
LINE
8
BLACK
6
CONTINUOUS
10
4.0557314173228347
20
-4.7130118110236223
11
4.0557316141732285
21
-4.7130118110236223
0
LINE
8
BLACK
6
CONTINUOUS
10
4.0557316141732285
20
-4.7130118110236223
11
4.0634811811023619
21
-4.7130118110236223
0
LINE
8
BLACK
6
CONTINUOUS
10
4.0634811811023619
20
-4.7130118110236223
11
4.0711348818897637
21
-4.7117995669291339
0
LINE
8
BLACK
6
CONTINUOUS
10
4.0711348818897637
20
-4.7117995669291339
11
4.0711940157480315
21
-4.7117803543307089
0
LINE
8
BLACK
6
CONTINUOUS
10
4.0711940157480315
20
-4.7117803543307089
11
4.0785049212598423
21
-4.709404881889764
0
LINE
8
BLACK
6
CONTINUOUS
10
4.0785049212598423
20
-4.709404881889764
11
4.0854096456692917
21
-4.7058867716535433
0
LINE
8
BLACK
6
CONTINUOUS
10
4.0854096456692917
20
-4.7058867716535433
11
4.0916789763779526
21
-4.7013318110236222
0
LINE
8
BLACK
6
CONTINUOUS
10
4.0916789763779526
20
-4.7013318110236222
11
4.0971585826771655
21
-4.6958522047244093
0
LINE
8
BLACK
6
CONTINUOUS
10
4.0971585826771655
20
-4.6958522047244093
11
4.1017135433070866
21
-4.6895828740157484
0
LINE
8
BLACK
6
CONTINUOUS
10
4.1017135433070866
20
-4.6895828740157484
11
4.1032637007874015
21
-4.6865403937007875
0
LINE
8
BLACK
6
CONTINUOUS
10
4.1032637007874015
20
-4.6865403937007875
11
4.104161338582677
21
-4.6853049999999996
0
LINE
8
BLACK
6
CONTINUOUS
10
4.104161338582677
20
-4.6853049999999996
11
4.1130387401574806
21
-4.6764275590551181
0
LINE
8
BLACK
6
CONTINUOUS
10
4.1130387401574806
20
-4.6764275590551181
11
4.1113501968503936
21
-4.6723509448818898
0
LINE
8
BLACK
6
CONTINUOUS
10
4.1113501968503936
20
-4.6723509448818898
11
4.1102209055118113
21
-4.6666737401574805
0
LINE
8
BLACK
6
CONTINUOUS
10
4.1102209055118113
20
-4.6666737401574805
11
4.1102209055118113
21
-4.6608853149606295
0
LINE
8
BLACK
6
CONTINUOUS
10
4.1102209055118113
20
-4.6608853149606295
11
4.1113501968503936
21
-4.6552081102362202
0
LINE
8
BLACK
6
CONTINUOUS
10
4.1113501968503936
20
-4.6552081102362202
11
4.1135653149606295
21
-4.6498603149606295
0
LINE
8
BLACK
6
CONTINUOUS
10
4.1135653149606295
20
-4.6498603149606295
11
4.116781181102362
21
-4.6450474409448814
0
LINE
8
BLACK
6
CONTINUOUS
10
4.116781181102362
20
-4.6450474409448814
11
4.1208742125984248
21
-4.6409544094488187
0
LINE
8
BLACK
6
CONTINUOUS
10
4.1208742125984248
20
-4.6409544094488187
11
4.1256870866141728
21
-4.6377385433070861
0
LINE
8
BLACK
6
CONTINUOUS
10
4.1256870866141728
20
-4.6377385433070861
11
4.1310348818897635
21
-4.6355234251968502
0
LINE
8
BLACK
6
CONTINUOUS
10
4.1310348818897635
20
-4.6355234251968502
11
4.1367120866141729
21
-4.6343941338582679
0
LINE
8
BLACK
6
CONTINUOUS
10
4.1367120866141729
20
-4.6343941338582679
11
4.1425005118110239
21
-4.6343941338582679
0
LINE
8
BLACK
6
CONTINUOUS
10
4.1425005118110239
20
-4.6343941338582679
11
4.1481777165354332
21
-4.6355234251968502
0
LINE
8
BLACK
6
CONTINUOUS
10
4.1481777165354332
20
-4.6355234251968502
11
4.1535255118110239
21
-4.6377385433070861
0
LINE
8
BLACK
6
CONTINUOUS
10
4.1535255118110239
20
-4.6377385433070861
11
4.158338385826772
21
-4.6409544094488187
0
LINE
8
BLACK
6
CONTINUOUS
10
4.158338385826772
20
-4.6409544094488187
11
4.1624314173228347
21
-4.6450474409448814
0
LINE
8
BLACK
6
CONTINUOUS
10
4.1624314173228347
20
-4.6450474409448814
11
4.1656472834645673
21
-4.6498603149606295
0
LINE
8
BLACK
6
CONTINUOUS
10
4.1656472834645673
20
-4.6498603149606295
11
4.1678624015748031
21
-4.6552081102362202
0
LINE
8
BLACK
6
CONTINUOUS
10
4.1678624015748031
20
-4.6552081102362202
11
4.1689916929133854
21
-4.6608853149606295
0
LINE
8
BLACK
6
CONTINUOUS
10
4.1689916929133854
20
-4.6608853149606295
11
4.1689916929133854
21
-4.6666737401574805
0
LINE
8
BLACK
6
CONTINUOUS
10
4.1689916929133854
20
-4.6666737401574805
11
4.1678624015748031
21
-4.6723509448818898
0
LINE
8
BLACK
6
CONTINUOUS
10
4.1678624015748031
20
-4.6723509448818898
11
4.1661737795275586
21
-4.6764275984251968
0
LINE
8
BLACK
6
CONTINUOUS
10
4.1661737795275586
20
-4.6764275984251968
11
4.1750511417322835
21
-4.6853049606299209
0
LINE
8
BLACK
6
CONTINUOUS
10
4.1750511417322835
20
-4.6853049606299209
11
4.1759488976377952
21
-4.68654062992126
0
LINE
8
BLACK
6
CONTINUOUS
10
4.1759488976377952
20
-4.68654062992126
11
4.1774988976377951
21
-4.6895826771653546
0
LINE
8
BLACK
6
CONTINUOUS
10
4.1774988976377951
20
-4.6895826771653546
11
4.1774991732283464
21
-4.6895830314960625
0
LINE
8
BLACK
6
CONTINUOUS
10
4.1774991732283464
20
-4.6895830314960625
11
4.1820540157480313
21
-4.6958522047244093
0
LINE
8
BLACK
6
CONTINUOUS
10
4.1820540157480313
20
-4.6958522047244093
11
4.1875336220472441
21
-4.7013318110236222
0
LINE
8
BLACK
6
CONTINUOUS
10
4.1875336220472441
20
-4.7013318110236222
11
4.1938029527559051
21
-4.7058867716535433
0
LINE
8
BLACK
6
CONTINUOUS
10
4.1938029527559051
20
-4.7058867716535433
11
4.1970651574803153
21
-4.707548937007874
0
LINE
8
BLACK
6
CONTINUOUS
10
4.1970651574803153
20
-4.707548937007874
11
4.2007074803149607
21
-4.7094048031496065
0
LINE
8
BLACK
6
CONTINUOUS
10
4.2007074803149607
20
-4.7094048031496065
11
4.2007075590551182
21
-4.7094048031496065
0
LINE
8
BLACK
6
CONTINUOUS
10
4.2007075590551182
20
-4.7094048031496065
11
4.2007076771653544
21
-4.709404881889764
0
LINE
8
BLACK
6
CONTINUOUS
10
4.2007076771653544
20
-4.709404881889764
11
4.2046581496062991
21
-4.7106884645669291
0
LINE
8
BLACK
6
CONTINUOUS
10
4.2046581496062991
20
-4.7106884645669291
11
4.2080776771653543
21
-4.7117995669291339
0
LINE
8
BLACK
6
CONTINUOUS
10
4.2080776771653543
20
-4.7117995669291339
11
4.2157314173228349
21
-4.7130118110236223
0
LINE
8
BLACK
6
CONTINUOUS
10
4.2157314173228349
20
-4.7130118110236223
11
4.2157316141732286
21
-4.7130118110236223
0
LINE
8
BLACK
6
CONTINUOUS
10
4.2157316141732286
20
-4.7130118110236223
11
4.2171842913385822
21
-4.7130118110236223
0
LINE
8
BLACK
6
CONTINUOUS
10
4.2171842913385822
20
-4.7130118110236223
11
4.2198236220472438
21
-4.7137868110236223
0
LINE
8
BLACK
6
CONTINUOUS
10
4.2198236220472438
20
-4.7137868110236223
11
4.2206362992125985
21
-4.7144416929133861
0
LINE
8
BLACK
6
CONTINUOUS
10
4.2206362992125985
20
-4.7144416929133861
11
4.2367107480314958
21
-4.7305161811023622
0
LINE
8
BLACK
6
CONTINUOUS
10
4.2367107480314958
20
-4.7305161811023622
11
4.2367107874015746
21
-4.7305162204724409
0
LINE
8
BLACK
6
CONTINUOUS
10
4.2367107874015746
20
-4.7305162204724409
11
4.2412279527559056
21
-4.733534488188976
0
LINE
8
BLACK
6
CONTINUOUS
10
4.2412279527559056
20
-4.733534488188976
11
4.2451098425196854
21
-4.7351424015748034
0
LINE
8
BLACK
6
CONTINUOUS
10
4.2451098425196854
20
-4.7351424015748034
11
4.2462468897637793
21
-4.7356133858267713
0
LINE
8
BLACK
6
CONTINUOUS
10
4.2462468897637793
20
-4.7356133858267713
11
4.246246929133858
21
-4.7356133858267713
0
LINE
8
BLACK
6
CONTINUOUS
10
4.246246929133858
20
-4.7356133858267713
11
4.2462471259842518
21
-4.7356134645669288
0
LINE
8
BLACK
6
CONTINUOUS
10
4.2462471259842518
20
-4.7356134645669288
11
4.2473049212598424
21
-4.7358238188976376
0
LINE
8
BLACK
6
CONTINUOUS
10
4.2473049212598424
20
-4.7358238188976376
11
4.2473051574803149
21
-4.7358238582677163
0
LINE
8
BLACK
6
CONTINUOUS
10
4.2473051574803149
20
-4.7358238582677163
11
4.2473067322834641
21
-4.7358241732283464
0
LINE
8
BLACK
6
CONTINUOUS
10
4.2473067322834641
20
-4.7358241732283464
11
4.2508636614173225
21
-4.7365316929133856
0
LINE
8
BLACK
6
CONTINUOUS
10
4.2508636614173225
20
-4.7365316929133856
11
4.2515750393700786
21
-4.736673228346457
0
LINE
8
BLACK
6
CONTINUOUS
10
4.2515750393700786
20
-4.736673228346457
11
4.2515750787401574
21
-4.736673228346457
0
LINE
8
BLACK
6
CONTINUOUS
10
4.2515750787401574
20
-4.736673228346457
11
4.3339064173228348
21
-4.736673228346457
0
LINE
8
BLACK
6
CONTINUOUS
10
4.3339064173228348
20
-4.736673228346457
11
4.3365457480314964
21
-4.737448228346457
0
LINE
8
BLACK
6
CONTINUOUS
10
4.3365457480314964
20
-4.737448228346457
11
4.3383471259842521
21
-4.7395271259842522
0
LINE
8
BLACK
6
CONTINUOUS
10
4.3383471259842521
20
-4.7395271259842522
11
4.3387386220472441
21
-4.742249881889764
0
LINE
8
BLACK
6
CONTINUOUS
10
4.3387386220472441
20
-4.742249881889764
11
4.3386219685039373
21
-4.7428186220472437
0
LINE
8
BLACK
6
CONTINUOUS
10
4.3386219685039373
20
-4.7428186220472437
11
4.3368737007874012
21
-4.7493433070866145
0
LINE
8
BLACK
6
CONTINUOUS
10
4.3368737007874012
20
-4.7493433070866145
11
4.3368736220472437
21
-4.7493437401574798
0
LINE
8
BLACK
6
CONTINUOUS
10
4.3368736220472437
20
-4.7493437401574798
11
4.3356102362204725
21
-4.7589395669291337
0
LINE
8
BLACK
6
CONTINUOUS
10
4.3356102362204725
20
-4.7589395669291337
11
4.3356102362204725
21
-4.7686194488188978
0
LINE
8
BLACK
6
CONTINUOUS
10
4.3356102362204725
20
-4.7686194488188978
11
4.3361109448818898
21
-4.7724224803149609
0
LINE
8
BLACK
6
CONTINUOUS
10
4.3361109448818898
20
-4.7724224803149609
11
4.3368736614173224
21
-4.7782156299212595
0
LINE
8
BLACK
6
CONTINUOUS
10
4.3368736614173224
20
-4.7782156299212595
11
4.3376734251968507
21
-4.7812003937007876
0
LINE
8
BLACK
6
CONTINUOUS
10
4.3376734251968507
20
-4.7812003937007876
11
4.3393788188976377
21
-4.7875650393700786
0
LINE
8
BLACK
6
CONTINUOUS
10
4.3393788188976377
20
-4.7875650393700786
11
4.3393789370078739
21
-4.7875654330708661
0
LINE
8
BLACK
6
CONTINUOUS
10
4.3393789370078739
20
-4.7875654330708661
11
4.3430827952755902
21
-4.7965072834645666
0
LINE
8
BLACK
6
CONTINUOUS
10
4.3430827952755902
20
-4.7965072834645666
11
4.3430829527559052
21
-4.7965076377952753
0
LINE
8
BLACK
6
CONTINUOUS
10
4.3430829527559052
20
-4.7965076377952753
11
4.343968661417323
21
-4.7980417322834645
0
LINE
8
BLACK
6
CONTINUOUS
10
4.343968661417323
20
-4.7980417322834645
11
4.3479225590551183
21
-4.8048900787401569
0
LINE
8
BLACK
6
CONTINUOUS
10
4.3479225590551183
20
-4.8048900787401569
11
4.3479226377952758
21
-4.8048901968503932
0
LINE
8
BLACK
6
CONTINUOUS
10
4.3479226377952758
20
-4.8048901968503932
11
4.3479226771653545
21
-4.804890236220472
0
LINE
8
BLACK
6
CONTINUOUS
10
4.3479226771653545
20
-4.804890236220472
11
4.353814842519685
21
-4.81256905511811
0
LINE
8
BLACK
6
CONTINUOUS
10
4.353814842519685
20
-4.81256905511811
11
4.3538150787401575
21
-4.8125693307086612
0
LINE
8
BLACK
6
CONTINUOUS
10
4.3538150787401575
20
-4.8125693307086612
11
4.3606589763779526
21
-4.8194132283464564
0
LINE
8
BLACK
6
CONTINUOUS
10
4.3606589763779526
20
-4.8194132283464564
11
4.3606592125984251
21
-4.8194134251968501
0
LINE
8
BLACK
6
CONTINUOUS
10
4.3606592125984251
20
-4.8194134251968501
11
4.3683382677165357
21
-4.8253057874015743
0
LINE
8
BLACK
6
CONTINUOUS
10
4.3683382677165357
20
-4.8253057874015743
11
4.3767207874015748
21
-4.8301454330708662
0
LINE
8
BLACK
6
CONTINUOUS
10
4.3767207874015748
20
-4.8301454330708662
11
4.3856632677165353
21
-4.8338495275590549
0
LINE
8
BLACK
6
CONTINUOUS
10
4.3856632677165353
20
-4.8338495275590549
11
4.3950127165354331
21
-4.8363546850393702
0
LINE
8
BLACK
6
CONTINUOUS
10
4.3950127165354331
20
-4.8363546850393702
11
4.4046091732283461
21
-4.8376181102362201
0
LINE
8
BLACK
6
CONTINUOUS
10
4.4046091732283461
20
-4.8376181102362201
11
4.4046094488188974
21
-4.8376181102362201
0
LINE
8
BLACK
6
CONTINUOUS
10
4.4046094488188974
20
-4.8376181102362201
11
4.4142881889763776
21
-4.8376181102362201
0
LINE
8
BLACK
6
CONTINUOUS
10
4.4142881889763776
20
-4.8376181102362201
11
4.4142884645669289
21
-4.8376181102362201
0
LINE
8
BLACK
6
CONTINUOUS
10
4.4142884645669289
20
-4.8376181102362201
11
4.4238849212598428
21
-4.8363546850393702
0
LINE
8
BLACK
6
CONTINUOUS
10
4.4238849212598428
20
-4.8363546850393702
11
4.4332343700787398
21
-4.8338495275590549
0
LINE
8
BLACK
6
CONTINUOUS
10
4.4332343700787398
20
-4.8338495275590549
11
4.4421768503937002
21
-4.8301454330708662
0
LINE
8
BLACK
6
CONTINUOUS
10
4.4421768503937002
20
-4.8301454330708662
11
4.4505593700787403
21
-4.8253057874015743
0
LINE
8
BLACK
6
CONTINUOUS
10
4.4505593700787403
20
-4.8253057874015743
11
4.4582384251968499
21
-4.8194134251968501
0
LINE
8
BLACK
6
CONTINUOUS
10
4.4582384251968499
20
-4.8194134251968501
11
4.4650827165354325
21
-4.8125691338582675
0
LINE
8
BLACK
6
CONTINUOUS
10
4.4650827165354325
20
-4.8125691338582675
11
4.4709750787401576
21
-4.8048900787401569
0
LINE
8
BLACK
6
CONTINUOUS
10
4.4709750787401576
20
-4.8048900787401569
11
4.4758147244094486
21
-4.7965075590551178
0
LINE
8
BLACK
6
CONTINUOUS
10
4.4758147244094486
20
-4.7965075590551178
11
4.4795188188976374
21
-4.7875650787401574
0
LINE
8
BLACK
6
CONTINUOUS
10
4.4795188188976374
20
-4.7875650787401574
11
4.4820239763779526
21
-4.7782156299212595
0
LINE
8
BLACK
6
CONTINUOUS
10
4.4820239763779526
20
-4.7782156299212595
11
4.4832874015748034
21
-4.7686191732283465
0
LINE
8
BLACK
6
CONTINUOUS
10
4.4832874015748034
20
-4.7686191732283465
11
4.4832874015748034
21
-4.7589398818897637
0
LINE
8
BLACK
6
CONTINUOUS
10
4.4832874015748034
20
-4.7589398818897637
11
4.4820239763779526
21
-4.7493434251968507
0
LINE
8
BLACK
6
CONTINUOUS
10
4.4820239763779526
20
-4.7493434251968507
11
4.4795188188976374
21
-4.7399939763779528
0
LINE
8
BLACK
6
CONTINUOUS
10
4.4795188188976374
20
-4.7399939763779528
11
4.4758147244094486
21
-4.7310514960629924
0
LINE
8
BLACK
6
CONTINUOUS
10
4.4758147244094486
20
-4.7310514960629924
11
4.4709750787401576
21
-4.7226689763779524
0
LINE
8
BLACK
6
CONTINUOUS
10
4.4709750787401576
20
-4.7226689763779524
11
4.4650827165354325
21
-4.7149899212598427
0
LINE
8
BLACK
6
CONTINUOUS
10
4.4650827165354325
20
-4.7149899212598427
11
4.4650825196850397
21
-4.7149896850393702
0
LINE
8
BLACK
6
CONTINUOUS
10
4.4650825196850397
20
-4.7149896850393702
11
4.4582386220472436
21
-4.7081457874015751
0
LINE
8
BLACK
6
CONTINUOUS
10
4.4582386220472436
20
-4.7081457874015751
11
4.4582383464566924
21
-4.7081455511811026
0
LINE
8
BLACK
6
CONTINUOUS
10
4.4582383464566924
20
-4.7081455511811026
11
4.4505595275590553
21
-4.7022533858267712
0
LINE
8
BLACK
6
CONTINUOUS
10
4.4505595275590553
20
-4.7022533858267712
11
4.4505594881889765
21
-4.7022533464566925
0
LINE
8
BLACK
6
CONTINUOUS
10
4.4505594881889765
20
-4.7022533464566925
11
4.4505593700787403
21
-4.702253267716535
0
LINE
8
BLACK
6
CONTINUOUS
10
4.4505593700787403
20
-4.702253267716535
11
4.4421768503937002
21
-4.697413622047244
0
LINE
8
BLACK
6
CONTINUOUS
10
4.4421768503937002
20
-4.697413622047244
11
4.4403573622047245
21
-4.6966599606299209
0
LINE
8
BLACK
6
CONTINUOUS
10
4.4403573622047245
20
-4.6966599606299209
11
4.4332347244094485
21
-4.6937096456692915
0
LINE
8
BLACK
6
CONTINUOUS
10
4.4332347244094485
20
-4.6937096456692915
11
4.4332344488188973
21
-4.693709566929134
0
LINE
8
BLACK
6
CONTINUOUS
10
4.4332344488188973
20
-4.693709566929134
11
4.4332343700787398
21
-4.6937095275590552
0
LINE
8
BLACK
6
CONTINUOUS
10
4.4332343700787398
20
-4.6937095275590552
11
4.4238849212598428
21
-4.69120437007874
0
LINE
8
BLACK
6
CONTINUOUS
10
4.4238849212598428
20
-4.69120437007874
11
4.4222810629921261
21
-4.6909931889763774
0
LINE
8
BLACK
6
CONTINUOUS
10
4.4222810629921261
20
-4.6909931889763774
11
4.4142887401574802
21
-4.6899409448818901
0
LINE
8
BLACK
6
CONTINUOUS
10
4.4142887401574802
20
-4.6899409448818901
11
4.4142884645669289
21
-4.6899409448818901
0
LINE
8
BLACK
6
CONTINUOUS
10
4.4142884645669289
20
-4.6899409448818901
11
4.4046091732283461
21
-4.6899409448818901
0
LINE
8
BLACK
6
CONTINUOUS
10
4.4046091732283461
20
-4.6899409448818901
11
4.4046088582677161
21
-4.6899409448818901
0
LINE
8
BLACK
6
CONTINUOUS
10
4.4046088582677161
20
-4.6899409448818901
11
4.3954747637795277
21
-4.691143503937008
0
LINE
8
BLACK
6
CONTINUOUS
10
4.3954747637795277
20
-4.691143503937008
11
4.3950127165354331
21
-4.69120437007874
0
LINE
8
BLACK
6
CONTINUOUS
10
4.3950127165354331
20
-4.69120437007874
11
4.3880763385826773
21
-4.6930629527559056
0
LINE
8
BLACK
6
CONTINUOUS
10
4.3880763385826773
20
-4.6930629527559056
11
4.3856632677165353
21
-4.6937095275590552
0
LINE
8
BLACK
6
CONTINUOUS
10
4.3856632677165353
20
-4.6937095275590552
11
4.3856626377952752
21
-4.693709724409449
0
LINE
8
BLACK
6
CONTINUOUS
10
4.3856626377952752
20
-4.693709724409449
11
4.3792500787401574
21
-4.6963659055118105
0
LINE
8
BLACK
6
CONTINUOUS
10
4.3792500787401574
20
-4.6963659055118105
11
4.376515078740157
21
-4.6966599606299209
0
LINE
8
BLACK
6
CONTINUOUS
10
4.376515078740157
20
-4.6966599606299209
11
4.3740552755905515
21
-4.6954286614173224
0
LINE
8
BLACK
6
CONTINUOUS
10
4.3740552755905515
20
-4.6954286614173224
11
4.3726516535433069
21
-4.6930629527559056
0
LINE
8
BLACK
6
CONTINUOUS
10
4.3726516535433069
20
-4.6930629527559056
11
4.3724999999999996
21
-4.6918556299212595
0
LINE
8
BLACK
6
CONTINUOUS
10
4.3724999999999996
20
-4.6918556299212595
11
4.3724999999999996
21
-4.6236258661417322
0
LINE
8
BLACK
6
CONTINUOUS
10
4.3724999999999996
20
-4.6236258661417322
11
4.3724999999999996
21
-4.6065241338582679
0
LINE
8
BLACK
6
CONTINUOUS
10
4.3724999999999996
20
-4.6065241338582679
11
4.3732749999999996
21
-4.6038848031496062
0
LINE
8
BLACK
6
CONTINUOUS
10
4.3732749999999996
20
-4.6038848031496062
11
4.3753538976377948
21
-4.6020834251968505
0
LINE
8
BLACK
6
CONTINUOUS
10
4.3753538976377948
20
-4.6020834251968505
11
4.376429212598425
21
-4.6017361023622048
0
LINE
8
BLACK
6
CONTINUOUS
10
4.376429212598425
20
-4.6017361023622048
11
4.3792715354330705
21
-4.6011707480314961
0
LINE
8
BLACK
6
CONTINUOUS
10
4.3792715354330705
20
-4.6011707480314961
11
4.3850070472440947
21
-4.5987950393700787
0
LINE
8
BLACK
6
CONTINUOUS
10
4.3850070472440947
20
-4.5987950393700787
11
4.3901688582677165
21
-4.5953460236220476
0
LINE
8
BLACK
6
CONTINUOUS
10
4.3901688582677165
20
-4.5953460236220476
11
4.3945586220472439
21
-4.5909562598425193
0
LINE
8
BLACK
6
CONTINUOUS
10
4.3945586220472439
20
-4.5909562598425193
11
4.3980076377952759
21
-4.5857944488188975
0
LINE
8
BLACK
6
CONTINUOUS
10
4.3980076377952759
20
-4.5857944488188975
11
4.3980076771653538
21
-4.5857943307086613
0
LINE
8
BLACK
6
CONTINUOUS
10
4.3980076771653538
20
-4.5857943307086613
11
4.3980077559055113
21
-4.585794212598425
0
LINE
8
BLACK
6
CONTINUOUS
10
4.3980077559055113
20
-4.585794212598425
11
4.4003618897637793
21
-4.580110708661417
0
LINE
8
BLACK
6
CONTINUOUS
10
4.4003618897637793
20
-4.580110708661417
11
4.4014200393700786
21
-4.5785270078740155
0
LINE
8
BLACK
6
CONTINUOUS
10
4.4014200393700786
20
-4.5785270078740155
11
4.4977997637795273
21
-4.4821473622047243
0
LINE
8
BLACK
6
CONTINUOUS
10
4.4977997637795273
20
-4.4821473622047243
11
4.500817913385827
21
-4.4776303543307083
0
LINE
8
BLACK
6
CONTINUOUS
10
4.500817913385827
20
-4.4776303543307083
11
4.502896850393701
21
-4.4726113385826771
0
LINE
8
BLACK
6
CONTINUOUS
10
4.502896850393701
20
-4.4726113385826771
11
4.5039566929133859
21
-4.4672832283464565
0
LINE
8
BLACK
6
CONTINUOUS
10
4.5039566929133859
20
-4.4672832283464565
11
4.5039566929133859
21
-4.4618506299212601
0
LINE
8
BLACK
6
CONTINUOUS
10
4.5039566929133859
20
-4.4618506299212601
11
4.5039566929133859
21
-4.2925593307086611
0
LINE
8
BLACK
6
CONTINUOUS
10
4.5039566929133859
20
-4.2925593307086611
11
4.5039566929133859
21
-4.2925592125984249
0
LINE
8
BLACK
6
CONTINUOUS
10
4.5039566929133859
20
-4.2925592125984249
11
4.5028968897637798
21
-4.2872313779527556
0
LINE
8
BLACK
6
CONTINUOUS
10
4.5028968897637798
20
-4.2872313779527556
11
4.502896850393701
21
-4.2872313385826768
0
LINE
8
BLACK
6
CONTINUOUS
10
4.502896850393701
20
-4.2872313385826768
11
4.502896850393701
21
-4.2872311811023618
0
LINE
8
BLACK
6
CONTINUOUS
10
4.502896850393701
20
-4.2872311811023618
11
4.5028967716535435
21
-4.287230984251968
0
LINE
8
BLACK
6
CONTINUOUS
10
4.5028967716535435
20
-4.287230984251968
11
4.5008179921259845
21
-4.2822122834645668
0
LINE
8
BLACK
6
CONTINUOUS
10
4.5008179921259845
20
-4.2822122834645668
11
4.4977996850393698
21
-4.2776950393700783
0
LINE
8
BLACK
6
CONTINUOUS
10
4.4977996850393698
20
-4.2776950393700783
11
4.497799645669291
21
-4.2776949999999996
0
LINE
8
BLACK
6
CONTINUOUS
10
4.497799645669291
20
-4.2776949999999996
11
4.464412244094488
21
-4.2443076377952753
0
LINE
8
BLACK
6
CONTINUOUS
10
4.464412244094488
20
-4.2443076377952753
11
4.4633539763779524
21
-4.2427238188976375
0
LINE
8
BLACK
6
CONTINUOUS
10
4.4633539763779524
20
-4.2427238188976375
11
4.460999881889764
21
-4.2370404330708658
0
LINE
8
BLACK
6
CONTINUOUS
10
4.460999881889764
20
-4.2370404330708658
11
4.4609996062992128
21
-4.2370399212598429
0
LINE
8
BLACK
6
CONTINUOUS
10
4.4609996062992128
20
-4.2370399212598429
11
4.4575507480314958
21
-4.2318783858267714
0
LINE
8
BLACK
6
CONTINUOUS
10
4.4575507480314958
20
-4.2318783858267714
11
4.4575506299212595
21
-4.2318782283464564
0
LINE
8
BLACK
6
CONTINUOUS
10
4.4575506299212595
20
-4.2318782283464564
11
4.4531611023622046
21
-4.2274887007874016
0
LINE
8
BLACK
6
CONTINUOUS
10
4.4531611023622046
20
-4.2274887007874016
11
4.4531609448818896
21
-4.2274885826771653
0
LINE
8
BLACK
6
CONTINUOUS
10
4.4531609448818896
20
-4.2274885826771653
11
4.4479994094488191
21
-4.2240397244094483
0
LINE
8
BLACK
6
CONTINUOUS
10
4.4479994094488191
20
-4.2240397244094483
11
4.4479988976377953
21
-4.2240394488188979
0
LINE
8
BLACK
6
CONTINUOUS
10
4.4479988976377953
20
-4.2240394488188979
11
4.4422638188976373
21
-4.2216639370078743
0
LINE
8
BLACK
6
CONTINUOUS
10
4.4422638188976373
20
-4.2216639370078743
11
4.4422633464566932
21
-4.2216638188976381
0
LINE
8
BLACK
6
CONTINUOUS
10
4.4422633464566932
20
-4.2216638188976381
11
4.4361749999999995
21
-4.2204527559055114
0
LINE
8
BLACK
6
CONTINUOUS
10
4.4361749999999995
20
-4.2204527559055114
11
4.4361748818897633
21
-4.2204527559055114
0
LINE
8
BLACK
6
CONTINUOUS
10
4.4361748818897633
20
-4.2204527559055114
11
4.4299668503937006
21
-4.2204527559055114
0
LINE
8
BLACK
6
CONTINUOUS
10
4.4299668503937006
20
-4.2204527559055114
11
4.4299667322834644
21
-4.2204527559055114
0
LINE
8
BLACK
6
CONTINUOUS
10
4.4299667322834644
20
-4.2204527559055114
11
4.4238783464566929
21
-4.2216638188976381
0
LINE
8
BLACK
6
CONTINUOUS
10
4.4238783464566929
20
-4.2216638188976381
11
4.4238778740157478
21
-4.2216639370078743
0
LINE
8
BLACK
6
CONTINUOUS
10
4.4238778740157478
20
-4.2216639370078743
11
4.4181427952755907
21
-4.2240394488188979
0
LINE
8
BLACK
6
CONTINUOUS
10
4.4181427952755907
20
-4.2240394488188979
11
4.4181422834645669
21
-4.2240397244094483
0
LINE
8
BLACK
6
CONTINUOUS
10
4.4181422834645669
20
-4.2240397244094483
11
4.4129807480314955
21
-4.2274885826771653
0
LINE
8
BLACK
6
CONTINUOUS
10
4.4129807480314955
20
-4.2274885826771653
11
4.4129805905511814
21
-4.2274887007874016
0
LINE
8
BLACK
6
CONTINUOUS
10
4.4129805905511814
20
-4.2274887007874016
11
4.4085910629921257
21
-4.2318782283464564
0
LINE
8
BLACK
6
CONTINUOUS
10
4.4085910629921257
20
-4.2318782283464564
11
4.4085909448818894
21
-4.2318783858267714
0
LINE
8
BLACK
6
CONTINUOUS
10
4.4085909448818894
20
-4.2318783858267714
11
4.4051420866141733
21
-4.2370399212598429
0
LINE
8
BLACK
6
CONTINUOUS
10
4.4051420866141733
20
-4.2370399212598429
11
4.405141811023622
21
-4.2370404330708658
0
LINE
8
BLACK
6
CONTINUOUS
10
4.405141811023622
20
-4.2370404330708658
11
4.4027662992125984
21
-4.2427755118110237
0
LINE
8
BLACK
6
CONTINUOUS
10
4.4027662992125984
20
-4.2427755118110237
11
4.4027661811023622
21
-4.2427759842519688
0
LINE
8
BLACK
6
CONTINUOUS
10
4.4027661811023622
20
-4.2427759842519688
11
4.4015551181102364
21
-4.2488642913385828
0
LINE
8
BLACK
6
CONTINUOUS
10
4.4015551181102364
20
-4.2488642913385828
11
4.4015551181102364
21
-4.2550726771653542
0
LINE
8
BLACK
6
CONTINUOUS
10
4.4015551181102364
20
-4.2550726771653542
11
4.4027661811023622
21
-4.2611609842519682
0
LINE
8
BLACK
6
CONTINUOUS
10
4.4027661811023622
20
-4.2611609842519682
11
4.4027662992125984
21
-4.2611614566929132
0
LINE
8
BLACK
6
CONTINUOUS
10
4.4027662992125984
20
-4.2611614566929132
11
4.405141811023622
21
-4.2668965354330703
0
LINE
8
BLACK
6
CONTINUOUS
10
4.405141811023622
20
-4.2668965354330703
11
4.4051420866141733
21
-4.2668970472440941
0
LINE
8
BLACK
6
CONTINUOUS
10
4.4051420866141733
20
-4.2668970472440941
11
4.4085909448818894
21
-4.2720585826771655
0
LINE
8
BLACK
6
CONTINUOUS
10
4.4085909448818894
20
-4.2720585826771655
11
4.4085910629921257
21
-4.2720587401574805
0
LINE
8
BLACK
6
CONTINUOUS
10
4.4085910629921257
20
-4.2720587401574805
11
4.4129805905511814
21
-4.2764482677165354
0
LINE
8
BLACK
6
CONTINUOUS
10
4.4129805905511814
20
-4.2764482677165354
11
4.4129807480314955
21
-4.2764483858267717
0
LINE
8
BLACK
6
CONTINUOUS
10
4.4129807480314955
20
-4.2764483858267717
11
4.4181422834645669
21
-4.2798972440944878
0
LINE
8
BLACK
6
CONTINUOUS
10
4.4181422834645669
20
-4.2798972440944878
11
4.4181427952755907
21
-4.2798975196850391
0
LINE
8
BLACK
6
CONTINUOUS
10
4.4181427952755907
20
-4.2798975196850391
11
4.4238261811023625
21
-4.2822516141732283
0
LINE
8
BLACK
6
CONTINUOUS
10
4.4238261811023625
20
-4.2822516141732283
11
4.4254100000000003
21
-4.2833098818897639
0
LINE
8
BLACK
6
CONTINUOUS
10
4.4254100000000003
20
-4.2833098818897639
11
4.4473693307086615
21
-4.3052692125984251
0
LINE
8
BLACK
6
CONTINUOUS
10
4.4473693307086615
20
-4.3052692125984251
11
4.4486876377952758
21
-4.3076835039370076
0
LINE
8
BLACK
6
CONTINUOUS
10
4.4486876377952758
20
-4.3076835039370076
11
4.4487992125984253
21
-4.3087212204724405
0
LINE
8
BLACK
6
CONTINUOUS
10
4.4487992125984253
20
-4.3087212204724405
11
4.4487992125984253
21
-4.3517134645669291
0
LINE
8
BLACK
6
CONTINUOUS
10
4.4487992125984253
20
-4.3517134645669291
11
4.4480242125984253
21
-4.3543527952755907
0
LINE
8
BLACK
6
CONTINUOUS
10
4.4480242125984253
20
-4.3543527952755907
11
4.4459453149606301
21
-4.3561541732283464
0
LINE
8
BLACK
6
CONTINUOUS
10
4.4459453149606301
20
-4.3561541732283464
11
4.4432225590551182
21
-4.3565456692913385
0
LINE
8
BLACK
6
CONTINUOUS
10
4.4432225590551182
20
-4.3565456692913385
11
4.4424087795275593
21
-4.3563564173228349
0
LINE
8
BLACK
6
CONTINUOUS
10
4.4424087795275593
20
-4.3563564173228349
11
4.4410564566929134
21
-4.3559170078740159
0
LINE
8
BLACK
6
CONTINUOUS
10
4.4410564566929134
20
-4.3559170078740159
11
4.4410561811023621
21
-4.3559169685039372
0
LINE
8
BLACK
6
CONTINUOUS
10
4.4410561811023621
20
-4.3559169685039372
11
4.4334024409448816
21
-4.3547047244094488
0
LINE
8
BLACK
6
CONTINUOUS
10
4.4334024409448816
20
-4.3547047244094488
11
4.4334022440944878
21
-4.3547047244094488
0
LINE
8
BLACK
6
CONTINUOUS
10
4.4334022440944878
20
-4.3547047244094488
11
4.4256528740157481
21
-4.3547047244094488
0
LINE
8
BLACK
6
CONTINUOUS
10
4.4256528740157481
20
-4.3547047244094488
11
4.4256526771653544
21
-4.3547047244094488
0
LINE
8
BLACK
6
CONTINUOUS
10
4.4256526771653544
20
-4.3547047244094488
11
4.4179989370078738
21
-4.3559169291338584
0
LINE
8
BLACK
6
CONTINUOUS
10
4.4179989370078738
20
-4.3559169291338584
11
4.4106287401574802
21
-4.3583116929133858
0
LINE
8
BLACK
6
CONTINUOUS
10
4.4106287401574802
20
-4.3583116929133858
11
4.4037241732283467
21
-4.3618297637795278
0
LINE
8
BLACK
6
CONTINUOUS
10
4.4037241732283467
20
-4.3618297637795278
11
4.400147283464567
21
-4.3644285433070866
0
LINE
8
BLACK
6
CONTINUOUS
10
4.400147283464567
20
-4.3644285433070866
11
4.3974548818897636
21
-4.3663847244094489
0
LINE
8
BLACK
6
CONTINUOUS
10
4.3974548818897636
20
-4.3663847244094489
11
4.3974548031496061
21
-4.3663848031496064
0
LINE
8
BLACK
6
CONTINUOUS
10
4.3974548031496061
20
-4.3663848031496064
11
4.3974547637795274
21
-4.3663848031496064
0
LINE
8
BLACK
6
CONTINUOUS
10
4.3974547637795274
20
-4.3663848031496064
11
4.3919753149606295
21
-4.3718642519685043
0
LINE
8
BLACK
6
CONTINUOUS
10
4.3919753149606295
20
-4.3718642519685043
11
4.3883983464566931
21
-4.3767875196850392
0
LINE
8
BLACK
6
CONTINUOUS
10
4.3883983464566931
20
-4.3767875196850392
11
4.386219960629921
21
-4.3784672440944883
0
LINE
8
BLACK
6
CONTINUOUS
10
4.386219960629921
20
-4.3784672440944883
11
4.3834792913385829
21
-4.3787026377952758
0
LINE
8
BLACK
6
CONTINUOUS
10
4.3834792913385829
20
-4.3787026377952758
11
4.3810464173228345
21
-4.3774189370078735
0
LINE
8
BLACK
6
CONTINUOUS
10
4.3810464173228345
20
-4.3774189370078735
11
4.380499291338583
21
-4.3767875196850392
0
LINE
8
BLACK
6
CONTINUOUS
10
4.380499291338583
20
-4.3767875196850392
11
4.3769564173228348
21
-4.3719112204724411
0
LINE
8
BLACK
6
CONTINUOUS
10
4.3769564173228348
20
-4.3719112204724411
11
4.3769223622047244
21
-4.3718643307086618
0
LINE
8
BLACK
6
CONTINUOUS
10
4.3769223622047244
20
-4.3718643307086618
11
4.3714427559055116
21
-4.3663847244094489
0
LINE
8
BLACK
6
CONTINUOUS
10
4.3714427559055116
20
-4.3663847244094489
11
4.3651734251968506
21
-4.3618297637795278
0
LINE
8
BLACK
6
CONTINUOUS
10
4.3651734251968506
20
-4.3618297637795278
11
4.3627799606299211
21
-4.3606102362204719
0
LINE
8
BLACK
6
CONTINUOUS
10
4.3627799606299211
20
-4.3606102362204719
11
4.3582688582677163
21
-4.3583116929133858
0
LINE
8
BLACK
6
CONTINUOUS
10
4.3582688582677163
20
-4.3583116929133858
11
4.3508986614173226
21
-4.3559169291338584
0
LINE
8
BLACK
6
CONTINUOUS
10
4.3508986614173226
20
-4.3559169291338584
11
4.3432449606299208
21
-4.3547047244094488
0
LINE
8
BLACK
6
CONTINUOUS
10
4.3432449606299208
20
-4.3547047244094488
11
4.3432447637795271
21
-4.3547047244094488
0
LINE
8
BLACK
6
CONTINUOUS
10
4.3432447637795271
20
-4.3547047244094488
11
4.3354953937007874
21
-4.3547047244094488
0
LINE
8
BLACK
6
CONTINUOUS
10
4.3354953937007874
20
-4.3547047244094488
11
4.3354951968503936
21
-4.3547047244094488
0
LINE
8
BLACK
6
CONTINUOUS
10
4.3354951968503936
20
-4.3547047244094488
11
4.3278414566929131
21
-4.3559169291338584
0
LINE
8
BLACK
6
CONTINUOUS
10
4.3278414566929131
20
-4.3559169291338584
11
4.3204712598425195
21
-4.3583116929133858
0
LINE
8
BLACK
6
CONTINUOUS
10
4.3204712598425195
20
-4.3583116929133858
11
4.313566692913386
21
-4.3618297637795278
0
LINE
8
BLACK
6
CONTINUOUS
10
4.313566692913386
20
-4.3618297637795278
11
4.3099898031496062
21
-4.3644285433070866
0
LINE
8
BLACK
6
CONTINUOUS
10
4.3099898031496062
20
-4.3644285433070866
11
4.3072974015748029
21
-4.3663847244094489
0
LINE
8
BLACK
6
CONTINUOUS
10
4.3072974015748029
20
-4.3663847244094489
11
4.3072973228346454
21
-4.3663848031496064
0
LINE
8
BLACK
6
CONTINUOUS
10
4.3072973228346454
20
-4.3663848031496064
11
4.3072972834645666
21
-4.3663848031496064
0
LINE
8
BLACK
6
CONTINUOUS
10
4.3072972834645666
20
-4.3663848031496064
11
4.3018178740157476
21
-4.3718642125984255
0
LINE
8
BLACK
6
CONTINUOUS
10
4.3018178740157476
20
-4.3718642125984255
11
4.3018178740157476
21
-4.3718642519685043
0
LINE
8
BLACK
6
CONTINUOUS
10
4.3018178740157476
20
-4.3718642519685043
11
4.3018177952755901
21
-4.3718643307086618
0
LINE
8
BLACK
6
CONTINUOUS
10
4.3018177952755901
20
-4.3718643307086618
11
4.3017837401574806
21
-4.3719112204724411
0
LINE
8
BLACK
6
CONTINUOUS
10
4.3017837401574806
20
-4.3719112204724411
11
4.2972628346456689
21
-4.378133622047244
0
LINE
8
BLACK
6
CONTINUOUS
10
4.2972628346456689
20
-4.378133622047244
11
4.2937447637795279
21
-4.3850381889763774
0
LINE
8
BLACK
6
CONTINUOUS
10
4.2937447637795279
20
-4.3850381889763774
11
4.2913499999999996
21
-4.392408385826772
0
LINE
8
BLACK
6
CONTINUOUS
10
4.2913499999999996
20
-4.392408385826772
11
4.2901377952755908
21
-4.4000620866141729
0
LINE
8
BLACK
6
CONTINUOUS
10
4.2901377952755908
20
-4.4000620866141729
11
4.2901377952755908
21
-4.4078118897637797
0
LINE
8
BLACK
6
CONTINUOUS
10
4.2901377952755908
20
-4.4078118897637797
11
4.2913499999999996
21
-4.4154655905511806
0
LINE
8
BLACK
6
CONTINUOUS
10
4.2913499999999996
20
-4.4154655905511806
11
4.2937447637795279
21
-4.4228357874015751
0
LINE
8
BLACK
6
CONTINUOUS
10
4.2937447637795279
20
-4.4228357874015751
11
4.2969729133858268
21
-4.4291713385826768
0
LINE
8
BLACK
6
CONTINUOUS
10
4.2969729133858268
20
-4.4291713385826768
11
4.2972628346456689
21
-4.4297403543307086
0
LINE
8
BLACK
6
CONTINUOUS
10
4.2972628346456689
20
-4.4297403543307086
11
4.3018177952755901
21
-4.4360096850393695
0
LINE
8
BLACK
6
CONTINUOUS
10
4.3018177952755901
20
-4.4360096850393695
11
4.3072974015748029
21
-4.4414892913385824
0
LINE
8
BLACK
6
CONTINUOUS
10
4.3072974015748029
20
-4.4414892913385824
11
4.3135667322834648
21
-4.4460442519685035
0
LINE
8
BLACK
6
CONTINUOUS
10
4.3135667322834648
20
-4.4460442519685035
11
4.3168289370078741
21
-4.4477064173228342
0
LINE
8
BLACK
6
CONTINUOUS
10
4.3168289370078741
20
-4.4477064173228342
11
4.3204712598425195
21
-4.4495622834645667
0
LINE
8
BLACK
6
CONTINUOUS
10
4.3204712598425195
20
-4.4495622834645667
11
4.320471338582677
21
-4.4495622834645667
0
LINE
8
BLACK
6
CONTINUOUS
10
4.320471338582677
20
-4.4495622834645667
11
4.3204714566929132
21
-4.4495623622047242
0
LINE
8
BLACK
6
CONTINUOUS
10
4.3204714566929132
20
-4.4495623622047242
11
4.3238095275590549
21
-4.4506469685039365
0
LINE
8
BLACK
6
CONTINUOUS
10
4.3238095275590549
20
-4.4506469685039365
11
4.3278414566929131
21
-4.4519570472440941
0
LINE
8
BLACK
6
CONTINUOUS
10
4.3278414566929131
20
-4.4519570472440941
11
4.3354951968503936
21
-4.4531692913385825
0
LINE
8
BLACK
6
CONTINUOUS
10
4.3354951968503936
20
-4.4531692913385825
11
4.3354953937007874
21
-4.4531692913385825
0
LINE
8
BLACK
6
CONTINUOUS
10
4.3354953937007874
20
-4.4531692913385825
11
4.3432449606299208
21
-4.4531692913385825
0
LINE
8
BLACK
6
CONTINUOUS
10
4.3432449606299208
20
-4.4531692913385825
11
4.3508986614173226
21
-4.4519570472440941
0
LINE
8
BLACK
6
CONTINUOUS
10
4.3508986614173226
20
-4.4519570472440941
11
4.3582687007874013
21
-4.4495623622047242
0
LINE
8
BLACK
6
CONTINUOUS
10
4.3582687007874013
20
-4.4495623622047242
11
4.3651734251968506
21
-4.4460442519685035
0
LINE
8
BLACK
6
CONTINUOUS
10
4.3651734251968506
20
-4.4460442519685035
11
4.3714427559055116
21
-4.4414892913385824
0
LINE
8
BLACK
6
CONTINUOUS
10
4.3714427559055116
20
-4.4414892913385824
11
4.3769223622047244
21
-4.4360096850393695
0
LINE
8
BLACK
6
CONTINUOUS
10
4.3769223622047244
20
-4.4360096850393695
11
4.3804993307086617
21
-4.4310863779527558
0
LINE
8
BLACK
6
CONTINUOUS
10
4.3804993307086617
20
-4.4310863779527558
11
4.3826776377952754
21
-4.4294067322834643
0
LINE
8
BLACK
6
CONTINUOUS
10
4.3826776377952754
20
-4.4294067322834643
11
4.3854183464566932
21
-4.4291713385826768
0
LINE
8
BLACK
6
CONTINUOUS
10
4.3854183464566932
20
-4.4291713385826768
11
4.3878512204724407
21
-4.430455039370079
0
LINE
8
BLACK
6
CONTINUOUS
10
4.3878512204724407
20
-4.430455039370079
11
4.3883981496062994
21
-4.4310862598425196
0
LINE
8
BLACK
6
CONTINUOUS
10
4.3883981496062994
20
-4.4310862598425196
11
4.3919752755905508
21
-4.4360096850393695
0
LINE
8
BLACK
6
CONTINUOUS
10
4.3919752755905508
20
-4.4360096850393695
11
4.3974548818897636
21
-4.4414892913385824
0
LINE
8
BLACK
6
CONTINUOUS
10
4.3974548818897636
20
-4.4414892913385824
11
4.4037242125984255
21
-4.4460442519685035
0
LINE
8
BLACK
6
CONTINUOUS
10
4.4037242125984255
20
-4.4460442519685035
11
4.4069864173228348
21
-4.4477064173228342
0
LINE
8
BLACK
6
CONTINUOUS
10
4.4069864173228348
20
-4.4477064173228342
11
4.4106287401574802
21
-4.4495622834645667
0
LINE
8
BLACK
6
CONTINUOUS
10
4.4106287401574802
20
-4.4495622834645667
11
4.4106288188976377
21
-4.4495622834645667
0
LINE
8
BLACK
6
CONTINUOUS
10
4.4106288188976377
20
-4.4495622834645667
11
4.410628937007874
21
-4.4495623622047242
0
LINE
8
BLACK
6
CONTINUOUS
10
4.410628937007874
20
-4.4495623622047242
11
4.4139670078740156
21
-4.4506469685039365
0
LINE
8
BLACK
6
CONTINUOUS
10
4.4139670078740156
20
-4.4506469685039365
11
4.4179989370078738
21
-4.4519570472440941
0
LINE
8
BLACK
6
CONTINUOUS
10
4.4179989370078738
20
-4.4519570472440941
11
4.4256526771653544
21
-4.4531692913385825
0
LINE
8
BLACK
6
CONTINUOUS
10
4.4256526771653544
20
-4.4531692913385825
11
4.4256528740157481
21
-4.4531692913385825
0
LINE
8
BLACK
6
CONTINUOUS
10
4.4256528740157481
20
-4.4531692913385825
11
4.4334024015748028
21
-4.4531692913385825
0
LINE
8
BLACK
6
CONTINUOUS
10
4.4334024015748028
20
-4.4531692913385825
11
4.4358339763779524
21
-4.4527841338582679
0
LINE
8
BLACK
6
CONTINUOUS
10
4.4358339763779524
20
-4.4527841338582679
11
4.4368260629921261
21
-4.4526270078740158
0
LINE
8
BLACK
6
CONTINUOUS
10
4.4368260629921261
20
-4.4526270078740158
11
4.4395541732283466
21
-4.4529795275590551
0
LINE
8
BLACK
6
CONTINUOUS
10
4.4395541732283466
20
-4.4529795275590551
11
4.4416585826771655
21
-4.4547510236220473
0
LINE
8
BLACK
6
CONTINUOUS
10
4.4416585826771655
20
-4.4547510236220473
11
4.4424711811023618
21
-4.4573790157480317
0
LINE
8
BLACK
6
CONTINUOUS
10
4.4424711811023618
20
-4.4573790157480317
11
4.4417340157480316
21
-4.4600291732283459
0
LINE
8
BLACK
6
CONTINUOUS
10
4.4417340157480316
20
-4.4600291732283459
11
4.4410418110236218
21
-4.4609007874015747
0
LINE
8
BLACK
6
CONTINUOUS
10
4.4410418110236218
20
-4.4609007874015747
11
4.36241779527559
21
-4.5395247637795277
0
LINE
8
BLACK
6
CONTINUOUS
10
4.36241779527559
20
-4.5395247637795277
11
4.360834015748031
21
-4.5405830314960625
0
LINE
8
BLACK
6
CONTINUOUS
10
4.360834015748031
20
-4.5405830314960625
11
4.3551505118110239
21
-4.5429371653543305
0
LINE
8
BLACK
6
CONTINUOUS
10
4.3551505118110239
20
-4.5429371653543305
11
4.3551501574803151
21
-4.5429373622047242
0
LINE
8
BLACK
6
CONTINUOUS
10
4.3551501574803151
20
-4.5429373622047242
11
4.3499887401574799
21
-4.5463861417322837
0
LINE
8
BLACK
6
CONTINUOUS
10
4.3499887401574799
20
-4.5463861417322837
11
4.349093267716535
21
-4.5472816141732286
0
LINE
8
BLACK
6
CONTINUOUS
10
4.349093267716535
20
-4.5472816141732286
11
4.3466789370078738
21
-4.5485998818897633
0
LINE
8
BLACK
6
CONTINUOUS
10
4.3466789370078738
20
-4.5485998818897633
11
4.3439351574803151
21
-4.5484035826771656
0
LINE
8
BLACK
6
CONTINUOUS
10
4.3439351574803151
20
-4.5484035826771656
11
4.3421892913385829
21
-4.5472815354330711
0
LINE
8
BLACK
6
CONTINUOUS
10
4.3421892913385829
20
-4.5472815354330711
11
4.1392448425196848
21
-4.3443370866141731
0
LINE
8
BLACK
6
CONTINUOUS
10
4.1392448425196848
20
-4.3443370866141731
11
4.1379265354330705
21
-4.3419227952755906
0
LINE
8
BLACK
6
CONTINUOUS
10
4.1379265354330705
20
-4.3419227952755906
11
4.137814960629921
21
-4.3408850787401576
0
LINE
8
BLACK
6
CONTINUOUS
10
4.137814960629921
20
-4.3408850787401576
11
4.137814960629921
21
-4.2606745669291337
0
LINE
8
BLACK
6
CONTINUOUS
10
4.137814960629921
20
-4.2606745669291337
11
4.1362989763779527
21
-4.2591585826771654
0
LINE
8
BLACK
6
CONTINUOUS
10
4.1362989763779527
20
-4.2591585826771654
11
4.1347573228346457
21
-4.2564883858267715
0
LINE
8
BLACK
6
CONTINUOUS
10
4.1347573228346457
20
-4.2564883858267715
11
4.1339593307086613
21
-4.2535101574803145
0
LINE
8
BLACK
6
CONTINUOUS
10
4.1339593307086613
20
-4.2535101574803145
11
4.1339593307086613
21
-4.2504268503937004
0
LINE
8
BLACK
6
CONTINUOUS
10
4.1339593307086613
20
-4.2504268503937004
11
4.1347573228346457
21
-4.2474486220472443
0
LINE
8
BLACK
6
CONTINUOUS
10
4.1347573228346457
20
-4.2474486220472443
11
4.1362989763779527
21
-4.2447784251968503
0
LINE
8
BLACK
6
CONTINUOUS
10
4.1362989763779527
20
-4.2447784251968503
11
4.137814960629921
21
-4.243262440944882
0
LINE
8
BLACK
6
CONTINUOUS
10
4.137814960629921
20
-4.243262440944882
11
4.137814960629921
21
-4.229343149606299
0
LINE
8
BLACK
6
CONTINUOUS
10
4.137814960629921
20
-4.229343149606299
11
4.1381865748031492
21
-4.2274749606299213
0
LINE
8
BLACK
6
CONTINUOUS
10
4.1381865748031492
20
-4.2274749606299213
11
4.1396095275590552
21
-4.2240396062992129
0
LINE
8
BLACK
6
CONTINUOUS
10
4.1396095275590552
20
-4.2240396062992129
11
4.1405408267716535
21
-4.2217912204724408
0
LINE
8
BLACK
6
CONTINUOUS
10
4.1405408267716535
20
-4.2217912204724408
11
4.1417519685039368
21
-4.2157024409448818
0
LINE
8
BLACK
6
CONTINUOUS
10
4.1417519685039368
20
-4.2157024409448818
11
4.1417519685039368
21
-4.2094944094488191
0
LINE
8
BLACK
6
CONTINUOUS
10
4.1417519685039368
20
-4.2094944094488191
11
4.1417519685039368
21
-4.2094942913385829
0
LINE
8
BLACK
6
CONTINUOUS
10
4.1417519685039368
20
-4.2094942913385829
11
4.141751929133858
21
-4.2094942125984254
0
LINE
8
BLACK
6
CONTINUOUS
10
4.141751929133858
20
-4.2094942125984254
11
4.1405408661417322
21
-4.2034059055118114
0
LINE
8
BLACK
6
CONTINUOUS
10
4.1405408661417322
20
-4.2034059055118114
11
4.1405408267716535
21
-4.2034056299212601
0
LINE
8
BLACK
6
CONTINUOUS
10
4.1405408267716535
20
-4.2034056299212601
11
4.140540748031496
21
-4.2034054330708663
0
LINE
8
BLACK
6
CONTINUOUS
10
4.140540748031496
20
-4.2034054330708663
11
4.1381652362204724
21
-4.1976703543307083
0
LINE
8
BLACK
6
CONTINUOUS
10
4.1381652362204724
20
-4.1976703543307083
11
4.1381649606299211
21
-4.1976698425196846
0
LINE
8
BLACK
6
CONTINUOUS
10
4.1381649606299211
20
-4.1976698425196846
11
4.134716102362205
21
-4.192508307086614
0
LINE
8
BLACK
6
CONTINUOUS
10
4.134716102362205
20
-4.192508307086614
11
4.1347159842519687
21
-4.192508149606299
0
LINE
8
BLACK
6
CONTINUOUS
10
4.1347159842519687
20
-4.192508149606299
11
4.130326456692913
21
-4.1881186220472442
0
LINE
8
BLACK
6
CONTINUOUS
10
4.130326456692913
20
-4.1881186220472442
11
4.130326299212598
21
-4.1881185039370079
0
LINE
8
BLACK
6
CONTINUOUS
10
4.130326299212598
20
-4.1881185039370079
11
4.1251647637795275
21
-4.1846696456692909
0
LINE
8
BLACK
6
CONTINUOUS
10
4.1251647637795275
20
-4.1846696456692909
11
4.1251642519685037
21
-4.1846693700787396
0
LINE
8
BLACK
6
CONTINUOUS
10
4.1251642519685037
20
-4.1846693700787396
11
4.1194291732283466
21
-4.182293858267716
0
LINE
8
BLACK
6
CONTINUOUS
10
4.1194291732283466
20
-4.182293858267716
11
4.1194287007874015
21
-4.1822937401574798
0
LINE
8
BLACK
6
CONTINUOUS
10
4.1194287007874015
20
-4.1822937401574798
11
4.1133403543307088
21
-4.181082677165354
0
LINE
8
BLACK
6
CONTINUOUS
10
4.1133403543307088
20
-4.181082677165354
11
4.1133402362204725
21
-4.181082677165354
0
LINE
8
BLACK
6
CONTINUOUS
10
4.1133402362204725
20
-4.181082677165354
11
4.107132204724409
21
-4.181082677165354
0
LINE
8
BLACK
6
CONTINUOUS
10
4.107132204724409
20
-4.181082677165354
11
4.1071320866141727
21
-4.181082677165354
0
LINE
8
BLACK
6
CONTINUOUS
10
4.1071320866141727
20
-4.181082677165354
11
4.1010437007874012
21
-4.1822937401574798
0
LINE
8
BLACK
6
CONTINUOUS
10
4.1010437007874012
20
-4.1822937401574798
11
4.1010432283464562
21
-4.182293858267716
0
LINE
8
BLACK
6
CONTINUOUS
10
4.1010432283464562
20
-4.182293858267716
11
4.0953081496062991
21
-4.1846693700787396
0
LINE
8
BLACK
6
CONTINUOUS
10
4.0953081496062991
20
-4.1846693700787396
11
4.0953076377952753
21
-4.1846696456692909
0
LINE
8
BLACK
6
CONTINUOUS
10
4.0953076377952753
20
-4.1846696456692909
11
4.0901461023622048
21
-4.1881185039370079
0
LINE
8
BLACK
6
CONTINUOUS
10
4.0901461023622048
20
-4.1881185039370079
11
4.0901459448818898
21
-4.1881186220472442
0
LINE
8
BLACK
6
CONTINUOUS
10
4.0901459448818898
20
-4.1881186220472442
11
4.0857564173228349
21
-4.192508149606299
0
LINE
8
BLACK
6
CONTINUOUS
10
4.0857564173228349
20
-4.192508149606299
11
4.0857562992125986
21
-4.192508307086614
0
LINE
8
BLACK
6
CONTINUOUS
10
4.0857562992125986
20
-4.192508307086614
11
4.0823074409448816
21
-4.1976698425196846
0
LINE
8
BLACK
6
CONTINUOUS
10
4.0823074409448816
20
-4.1976698425196846
11
4.0823071653543304
21
-4.1976703543307083
0
LINE
8
BLACK
6
CONTINUOUS
10
4.0823071653543304
20
-4.1976703543307083
11
4.0799316535433068
21
-4.2034054330708663
0
LINE
8
BLACK
6
CONTINUOUS
10
4.0799316535433068
20
-4.2034054330708663
11
4.0799315354330705
21
-4.2034059055118114
0
LINE
8
BLACK
6
CONTINUOUS
10
4.0799315354330705
20
-4.2034059055118114
11
4.0787204724409447
21
-4.2094942125984254
0
LINE
8
BLACK
6
CONTINUOUS
10
4.0787204724409447
20
-4.2094942125984254
11
4.0787204724409447
21
-4.2157025984251968
0
LINE
8
BLACK
6
CONTINUOUS
10
4.0787204724409447
20
-4.2157025984251968
11
4.0799315354330705
21
-4.2217909055118108
0
LINE
8
BLACK
6
CONTINUOUS
10
4.0799315354330705
20
-4.2217909055118108
11
4.0799316535433068
21
-4.2217913779527558
0
LINE
8
BLACK
6
CONTINUOUS
10
4.0799316535433068
20
-4.2217913779527558
11
4.0822858661417323
21
-4.2274749606299213
0
LINE
8
BLACK
6
CONTINUOUS
10
4.0822858661417323
20
-4.2274749606299213
11
4.0826574803149605
21
-4.229343149606299
0
LINE
8
BLACK
6
CONTINUOUS
10
4.0826574803149605
20
-4.229343149606299
11
4.0826574803149605
21
-4.259010472440945
0
LINE
8
BLACK
6
CONTINUOUS
10
4.0826574803149605
20
-4.259010472440945
11
4.0841734645669288
21
-4.2605264566929133
0
LINE
8
BLACK
6
CONTINUOUS
10
4.0841734645669288
20
-4.2605264566929133
11
4.0857151181102358
21
-4.2631966535433072
0
LINE
8
BLACK
6
CONTINUOUS
10
4.0857151181102358
20
-4.2631966535433072
11
4.0865131102362202
21
-4.2661748818897633
0
LINE
8
BLACK
6
CONTINUOUS
10
4.0865131102362202
20
-4.2661748818897633
11
4.0865131102362202
21
-4.2692581889763774
0
LINE
8
BLACK
6
CONTINUOUS
10
4.0865131102362202
20
-4.2692581889763774
11
4.0857151181102358
21
-4.2722364173228344
0
LINE
8
BLACK
6
CONTINUOUS
10
4.0857151181102358
20
-4.2722364173228344
11
4.0841734645669288
21
-4.2749066141732284
0
LINE
8
BLACK
6
CONTINUOUS
10
4.0841734645669288
20
-4.2749066141732284
11
4.0826574803149605
21
-4.2764225984251967
0
LINE
8
BLACK
6
CONTINUOUS
10
4.0826574803149605
20
-4.2764225984251967
11
4.0826574803149605
21
-4.3516144094488185
0
LINE
8
BLACK
6
CONTINUOUS
10
4.0826574803149605
20
-4.3516144094488185
11
4.0826574803149605
21
-4.3570470078740158
0
LINE
8
BLACK
6
CONTINUOUS
10
4.0826574803149605
20
-4.3570470078740158
11
4.0826574803149605
21
-4.3570470866141733
0
LINE
8
BLACK
6
CONTINUOUS
10
4.0826574803149605
20
-4.3570470866141733
11
4.0826574409448817
21
-4.3570470866141733
0
LINE
8
BLACK
6
CONTINUOUS
10
4.0826574409448817
20
-4.3570470866141733
11
4.0837172440944878
21
-4.3623748818897639
0
LINE
8
BLACK
6
CONTINUOUS
10
4.0837172440944878
20
-4.3623748818897639
11
4.083717362204724
21
-4.3623752755905514
0
LINE
8
BLACK
6
CONTINUOUS
10
4.083717362204724
20
-4.3623752755905514
11
4.085796141732283
21
-4.3673939763779526
0
LINE
8
BLACK
6
CONTINUOUS
10
4.085796141732283
20
-4.3673939763779526
11
4.0888144488188978
21
-4.3719112204724411
0
LINE
8
BLACK
6
CONTINUOUS
10
4.0888144488188978
20
-4.3719112204724411
11
4.0888144881889765
21
-4.3719112598425198
0
LINE
8
BLACK
6
CONTINUOUS
10
4.0888144881889765
20
-4.3719112598425198
11
4.2538255905511813
21
-4.5369223228346458
0
LINE
8
BLACK
6
CONTINUOUS
10
4.2538255905511813
20
-4.5369223228346458
11
4.2551438976377955
21
-4.5393366141732283
0
LINE
8
BLACK
6
CONTINUOUS
10
4.2551438976377955
20
-4.5393366141732283
11
4.2549476771653545
21
-4.542080393700787
0
LINE
8
BLACK
6
CONTINUOUS
10
4.2549476771653545
20
-4.542080393700787
11
4.2532991732283465
21
-4.5442824803149602
0
LINE
8
BLACK
6
CONTINUOUS
10
4.2532991732283465
20
-4.5442824803149602
11
4.2511372834645664
21
-4.5451961023622047
0
LINE
8
BLACK
6
CONTINUOUS
10
4.2511372834645664
20
-4.5451961023622047
11
4.2480776771653543
21
-4.5456806692913387
0
LINE
8
BLACK
6
CONTINUOUS
10
4.2480776771653543
20
-4.5456806692913387
11
4.2407074803149607
21
-4.5480754330708661
0
LINE
8
BLACK
6
CONTINUOUS
10
4.2407074803149607
20
-4.5480754330708661
11
4.2338029133858264
21
-4.5515935039370081
0
LINE
8
BLACK
6
CONTINUOUS
10
4.2338029133858264
20
-4.5515935039370081
11
4.2302260236220475
21
-4.5541922834645669
0
LINE
8
BLACK
6
CONTINUOUS
10
4.2302260236220475
20
-4.5541922834645669
11
4.2275336220472441
21
-4.5561484645669292
0
LINE
8
BLACK
6
CONTINUOUS
10
4.2275336220472441
20
-4.5561484645669292
11
4.2275335433070866
21
-4.5561485433070867
0
LINE
8
BLACK
6
CONTINUOUS
10
4.2275335433070866
20
-4.5561485433070867
11
4.2275335039370079
21
-4.5561485433070867
0
LINE
8
BLACK
6
CONTINUOUS
10
4.2275335039370079
20
-4.5561485433070867
11
4.2230583070866139
21
-4.5606237795275586
0
LINE
8
BLACK
6
CONTINUOUS
10
4.2230583070866139
20
-4.5606237795275586
11
4.2206440157480314
21
-4.5619420866141729
0
LINE
8
BLACK
6
CONTINUOUS
10
4.2206440157480314
20
-4.5619420866141729
11
4.2179002362204727
21
-4.5617458661417318
0
LINE
8
BLACK
6
CONTINUOUS
10
4.2179002362204727
20
-4.5617458661417318
11
4.216154291338583
21
-4.5606237795275586
0
LINE
8
BLACK
6
CONTINUOUS
10
4.216154291338583
20
-4.5606237795275586
11
4.2116790551181102
21
-4.5561485433070867
0
LINE
8
BLACK
6
CONTINUOUS
10
4.2116790551181102
20
-4.5561485433070867
11
4.2116789763779527
21
-4.5561484645669292
0
LINE
8
BLACK
6
CONTINUOUS
10
4.2116789763779527
20
-4.5561484645669292
11
4.2054096456692909
21
-4.5515935039370081
0
LINE
8
BLACK
6
CONTINUOUS
10
4.2054096456692909
20
-4.5515935039370081
11
4.1985050787401574
21
-4.5480754330708661
0
LINE
8
BLACK
6
CONTINUOUS
10
4.1985050787401574
20
-4.5480754330708661
11
4.1911348818897638
21
-4.5456806692913387
0
LINE
8
BLACK
6
CONTINUOUS
10
4.1911348818897638
20
-4.5456806692913387
11
4.183481181102362
21
-4.5444684645669291
0
LINE
8
BLACK
6
CONTINUOUS
10
4.183481181102362
20
-4.5444684645669291
11
4.1834809842519682
21
-4.5444684645669291
0
LINE
8
BLACK
6
CONTINUOUS
10
4.1834809842519682
20
-4.5444684645669291
11
4.1825338976377955
21
-4.5444684645669291
0
LINE
8
BLACK
6
CONTINUOUS
10
4.1825338976377955
20
-4.5444684645669291
11
4.1798945669291339
21
-4.5436934645669291
0
LINE
8
BLACK
6
CONTINUOUS
10
4.1798945669291339
20
-4.5436934645669291
11
4.1790818897637791
21
-4.5430385826771653
0
LINE
8
BLACK
6
CONTINUOUS
10
4.1790818897637791
20
-4.5430385826771653
11
4.1490173622047246
21
-4.5129739763779524
0
LINE
8
BLACK
6
CONTINUOUS
10
4.1490173622047246
20
-4.5129739763779524
11
4.1490173228346459
21
-4.5129739370078736
0
LINE
8
BLACK
6
CONTINUOUS
10
4.1490173228346459
20
-4.5129739370078736
11
4.1490171653543308
21
-4.5129738188976374
0
LINE
8
BLACK
6
CONTINUOUS
10
4.1490171653543308
20
-4.5129738188976374
11
4.1466912992125984
21
-4.5114197637795277
0
LINE
8
BLACK
6
CONTINUOUS
10
4.1466912992125984
20
-4.5114197637795277
11
4.1432105118110236
21
-4.509093937007874
0
LINE
8
BLACK
6
CONTINUOUS
10
4.1432105118110236
20
-4.509093937007874
11
4.1399844881889765
21
-4.5077576771653538
0
LINE
8
BLACK
6
CONTINUOUS
10
4.1399844881889765
20
-4.5077576771653538
11
4.1367585039370081
21
-4.5064214173228345
0
LINE
8
BLACK
6
CONTINUOUS
10
4.1367585039370081
20
-4.5064214173228345
11
4.136758188976378
21
-4.506421338582677
0
LINE
8
BLACK
6
CONTINUOUS
10
4.136758188976378
20
-4.506421338582677
11
4.1299092913385822
21
-4.5050590157480315
0
LINE
8
BLACK
6
CONTINUOUS
10
4.1299092913385822
20
-4.5050590157480315
11
4.1299091338582672
21
-4.5050590157480315
0
LINE
8
BLACK
6
CONTINUOUS
10
4.1299091338582672
20
-4.5050590157480315
11
4.1299090944881893
21
-4.5050590157480315
0
LINE
8
BLACK
6
CONTINUOUS
10
4.1299090944881893
20
-4.5050590157480315
11
3.7306965748031495
21
-4.5050590157480315
0
LINE
8
BLACK
6
CONTINUOUS
10
3.7306965748031495
20
-4.5050590157480315
11
3.7237129527559056
21
-4.5050590157480315
0
LINE
8
BLACK
6
CONTINUOUS
10
3.7237129527559056
20
-4.5050590157480315
11
3.7237127559055119
21
-4.5050590157480315
0
LINE
8
BLACK
6
CONTINUOUS
10
3.7237127559055119
20
-4.5050590157480315
11
3.7168638582677165
21
-4.506421338582677
0
LINE
8
BLACK
6
CONTINUOUS
10
3.7168638582677165
20
-4.506421338582677
11
3.7168633858267714
21
-4.5064214566929133
0
LINE
8
BLACK
6
CONTINUOUS
10
3.7168633858267714
20
-4.5064214566929133
11
3.7136375196850393
21
-4.5077576377952751
0
LINE
8
BLACK
6
CONTINUOUS
10
3.7136375196850393
20
-4.5077576377952751
11
3.7136375590551181
21
-4.5077576771653538
0
LINE
8
BLACK
6
CONTINUOUS
10
3.7136375590551181
20
-4.5077576771653538
11
3.7104116535433072
21
-4.5090938582677165
0
LINE
8
BLACK
6
CONTINUOUS
10
3.7104116535433072
20
-4.5090938582677165
11
3.7046049606299212
21
-4.5129737795275586
0
LINE
8
BLACK
6
CONTINUOUS
10
3.7046049606299212
20
-4.5129737795275586
11
3.7046049212598424
21
-4.5129738582677161
0
LINE
8
BLACK
6
CONTINUOUS
10
3.7046049212598424
20
-4.5129738582677161
11
3.5236432283464567
21
-4.6939354724409448
0
LINE
8
BLACK
6
CONTINUOUS
10
3.5236432283464567
20
-4.6939354724409448
11
3.523643188976378
21
-4.6939355118110235
0
LINE
8
BLACK
6
CONTINUOUS
10
3.523643188976378
20
-4.6939355118110235
11
3.522472283464567
21
-4.6956879527559057
0
LINE
8
BLACK
6
CONTINUOUS
10
3.522472283464567
20
-4.6956879527559057
11
3.5223765354330707
21
-4.6958312598425191
0
LINE
8
BLACK
6
CONTINUOUS
10
3.5223765354330707
20
-4.6958312598425191
11
3.5197632677165354
21
-4.6997422440944883
0
LINE
8
BLACK
6
CONTINUOUS
10
3.5197632677165354
20
-4.6997422440944883
11
3.5188329921259842
21
-4.7019881889763777
0
LINE
8
BLACK
6
CONTINUOUS
10
3.5188329921259842
20
-4.7019881889763777
11
3.5187153937007873
21
-4.7022720472440946
0
LINE
8
BLACK
6
CONTINUOUS
10
3.5187153937007873
20
-4.7022720472440946
11
3.5187152362204723
21
-4.7022723622047247
0
LINE
8
BLACK
6
CONTINUOUS
10
3.5187152362204723
20
-4.7022723622047247
11
3.5172250787401573
21
-4.7058699212598425
0
LINE
8
BLACK
6
CONTINUOUS
10
3.5172250787401573
20
-4.7058699212598425
11
3.5170907480314959
21
-4.7061942519685038
0
LINE
8
BLACK
6
CONTINUOUS
10
3.5170907480314959
20
-4.7061942519685038
11
3.5159735826771654
21
-4.7118107480314961
0
LINE
8
BLACK
6
CONTINUOUS
10
3.5159735826771654
20
-4.7118107480314961
11
3.5159735826771654
21
-4.7118107874015749
0
LINE
8
BLACK
6
CONTINUOUS
10
3.5159735826771654
20
-4.7118107874015749
11
3.5157283464566929
21
-4.7130435826771651
0
LINE
8
BLACK
6
CONTINUOUS
10
3.5157283464566929
20
-4.7130435826771651
11
3.5157283464566929
21
-4.769935039370079
0
LINE
8
BLACK
6
CONTINUOUS
10
3.5157283464566929
20
-4.769935039370079
11
3.5149533464566929
21
-4.7725743700787397
0
LINE
8
BLACK
6
CONTINUOUS
10
3.5149533464566929
20
-4.7725743700787397
11
3.5137160629921258
21
-4.7738844881889761
0
LINE
8
BLACK
6
CONTINUOUS
10
3.5137160629921258
20
-4.7738844881889761
11
3.5126965748031496
21
-4.7746251968503932
0
LINE
8
BLACK
6
CONTINUOUS
10
3.5126965748031496
20
-4.7746251968503932
11
3.512696338582677
21
-4.774625393700787
0
LINE
8
BLACK
6
CONTINUOUS
10
3.512696338582677
20
-4.774625393700787
11
3.5061214566929131
21
-4.7812002755905514
0
LINE
8
BLACK
6
CONTINUOUS
10
3.5061214566929131
20
-4.7812002755905514
11
3.5061214566929131
21
-4.7812003149606301
0
LINE
8
BLACK
6
CONTINUOUS
10
3.5061214566929131
20
-4.7812003149606301
11
3.506121377952756
21
-4.7812003937007876
0
LINE
8
BLACK
6
CONTINUOUS
10
3.506121377952756
20
-4.7812003937007876
11
3.5037740944881888
21
-4.7844311023622046
0
LINE
8
BLACK
6
CONTINUOUS
10
3.5037740944881888
20
-4.7844311023622046
11
3.5006557874015747
21
-4.7887230708661415
0
LINE
8
BLACK
6
CONTINUOUS
10
3.5006557874015747
20
-4.7887230708661415
11
3.4964343700787399
21
-4.7970079921259838
0
LINE
8
BLACK
6
CONTINUOUS
10
3.4964343700787399
20
-4.7970079921259838
11
3.4935608661417321
21
-4.8058516141732284
0
LINE
8
BLACK
6
CONTINUOUS
10
3.4935608661417321
20
-4.8058516141732284
11
3.4921062992125984
21
-4.8150355118110237
0
LINE
8
BLACK
6
CONTINUOUS
10
3.4921062992125984
20
-4.8150355118110237
11
3.4921062992125984
21
-4.8243345275590555
0
LINE
8
BLACK
6
CONTINUOUS
10
4.1124359448818897
20
-4.7048691732283467
11
4.1124359448818897
21
-4.7048692125984255
0
LINE
8
BLACK
6
CONTINUOUS
10
4.1124359448818897
20
-4.7048692125984255
11
4.1138133070866143
21
-4.7058699212598425
0
LINE
8
BLACK
6
CONTINUOUS
10
4.1138133070866143
20
-4.7058699212598425
11
4.1207151181102359
21
-4.7093865354330706
0
LINE
8
BLACK
6
CONTINUOUS
10
4.1207151181102359
20
-4.7093865354330706
11
4.1280824409448815
21
-4.7117803543307089
0
LINE
8
BLACK
6
CONTINUOUS
10
4.1280824409448815
20
-4.7117803543307089
11
4.135732992125984
21
-4.7129921259842522
0
LINE
8
BLACK
6
CONTINUOUS
10
4.135732992125984
20
-4.7129921259842522
11
4.1434796062992127
21
-4.7129921259842522
0
LINE
8
BLACK
6
CONTINUOUS
10
4.1434796062992127
20
-4.7129921259842522
11
4.1511301181102365
21
-4.7117803543307089
0
LINE
8
BLACK
6
CONTINUOUS
10
4.1511301181102365
20
-4.7117803543307089
11
4.1584974409448821
21
-4.7093865354330706
0
LINE
8
BLACK
6
CONTINUOUS
10
4.1584974409448821
20
-4.7093865354330706
11
4.1653993307086612
21
-4.7058698818897637
0
LINE
8
BLACK
6
CONTINUOUS
10
4.1653993307086612
20
-4.7058698818897637
11
4.1667765748031496
21
-4.7048692125984255
0
LINE
8
BLACK
6
CONTINUOUS
10
4.1667765748031496
20
-4.7048692125984255
11
4.1667766141732283
21
-4.7048692125984255
0
LINE
8
BLACK
6
CONTINUOUS
10
4.1667766141732283
20
-4.7048692125984255
11
4.152254409448819
21
-4.6903470078740153
0
LINE
8
BLACK
6
CONTINUOUS
10
4.152254409448819
20
-4.6903470078740153
11
4.1481777165354332
21
-4.6920356299212598
0
LINE
8
BLACK
6
CONTINUOUS
10
4.1481777165354332
20
-4.6920356299212598
11
4.1425005118110239
21
-4.6931649212598421
0
LINE
8
BLACK
6
CONTINUOUS
10
4.1425005118110239
20
-4.6931649212598421
11
4.1367120866141729
21
-4.6931649212598421
0
LINE
8
BLACK
6
CONTINUOUS
10
4.1367120866141729
20
-4.6931649212598421
11
4.1310348818897635
21
-4.6920356299212598
0
LINE
8
BLACK
6
CONTINUOUS
10
4.1310348818897635
20
-4.6920356299212598
11
4.126958149606299
21
-4.6903469685039365
0
LINE
8
BLACK
6
CONTINUOUS
10
4.126958149606299
20
-4.6903469685039365
11
4.1124359448818897
21
-4.7048691732283467
0
LINE
8
BLACK
6
CONTINUOUS
10
4.4145472440944884
20
-4.6338544094488192
11
4.4161472440944882
21
-4.6439564173228343
0
LINE
8
BLACK
6
CONTINUOUS
10
4.4161472440944882
20
-4.6439564173228343
11
4.4193079527559052
21
-4.653684094488189
0
LINE
8
BLACK
6
CONTINUOUS
10
4.4193079527559052
20
-4.653684094488189
11
4.4219929133858269
21
-4.658953503937008
0
LINE
8
BLACK
6
CONTINUOUS
10
4.4219929133858269
20
-4.658953503937008
11
4.4239514173228347
21
-4.6627972834645668
0
LINE
8
BLACK
6
CONTINUOUS
10
4.4239514173228347
20
-4.6627972834645668
11
4.4299633464566925
21
-4.6710720078740158
0
LINE
8
BLACK
6
CONTINUOUS
10
4.4299633464566925
20
-4.6710720078740158
11
4.4371957086614175
21
-4.6783043700787399
0
LINE
8
BLACK
6
CONTINUOUS
10
4.4371957086614175
20
-4.6783043700787399
11
4.4454704330708656
21
-4.6843162992125986
0
LINE
8
BLACK
6
CONTINUOUS
10
4.4454704330708656
20
-4.6843162992125986
11
4.4498361417322831
21
-4.6865407480314962
0
LINE
8
BLACK
6
CONTINUOUS
10
4.4498361417322831
20
-4.6865407480314962
11
4.4545835826771656
21
-4.6889597244094485
0
LINE
8
BLACK
6
CONTINUOUS
10
4.4545835826771656
20
-4.6889597244094485
11
4.4545836614173231
21
-4.6889597244094485
0
LINE
8
BLACK
6
CONTINUOUS
10
4.4545836614173231
20
-4.6889597244094485
11
4.4545837795275594
21
-4.688959803149606
0
LINE
8
BLACK
6
CONTINUOUS
10
4.4545837795275594
20
-4.688959803149606
11
4.4643112992125982
21
-4.6921204724409451
0
LINE
8
BLACK
6
CONTINUOUS
10
4.4643112992125982
20
-4.6921204724409451
11
4.4695159842519683
21
-4.6929447637795274
0
LINE
8
BLACK
6
CONTINUOUS
10
4.4695159842519683
20
-4.6929447637795274
11
4.4744133070866141
21
-4.6937204724409449
0
LINE
8
BLACK
6
CONTINUOUS
10
4.4744133070866141
20
-4.6937204724409449
11
4.4744135039370079
21
-4.6937204724409449
0
LINE
8
BLACK
6
CONTINUOUS
10
4.4744135039370079
20
-4.6937204724409449
11
4.4846418110236224
21
-4.6937204724409449
0
LINE
8
BLACK
6
CONTINUOUS
10
4.4846418110236224
20
-4.6937204724409449
11
4.4891062204724408
21
-4.6930133464566932
0
LINE
8
BLACK
6
CONTINUOUS
10
4.4891062204724408
20
-4.6930133464566932
11
4.4947438188976374
21
-4.6921204724409451
0
LINE
8
BLACK
6
CONTINUOUS
10
4.4947438188976374
20
-4.6921204724409451
11
4.5044713385826771
21
-4.688959803149606
0
LINE
8
BLACK
6
CONTINUOUS
10
4.5044713385826771
20
-4.688959803149606
11
4.5135846850393699
21
-4.6843162992125986
0
LINE
8
BLACK
6
CONTINUOUS
10
4.5135846850393699
20
-4.6843162992125986
11
4.5218594094488189
21
-4.6783043700787399
0
LINE
8
BLACK
6
CONTINUOUS
10
4.5218594094488189
20
-4.6783043700787399
11
4.529091771653543
21
-4.6710720078740158
0
LINE
8
BLACK
6
CONTINUOUS
10
4.529091771653543
20
-4.6710720078740158
11
4.5351037007874018
21
-4.6627972834645668
0
LINE
8
BLACK
6
CONTINUOUS
10
4.5351037007874018
20
-4.6627972834645668
11
4.5397472047244092
21
-4.653683937007874
0
LINE
8
BLACK
6
CONTINUOUS
10
4.5397472047244092
20
-4.653683937007874
11
4.5429078740157482
21
-4.6439564173228343
0
LINE
8
BLACK
6
CONTINUOUS
10
4.5429078740157482
20
-4.6439564173228343
11
4.5441984251968499
21
-4.6358080314960626
0
LINE
8
BLACK
6
CONTINUOUS
10
4.5441984251968499
20
-4.6358080314960626
11
4.5445078740157481
21
-4.6338544094488192
0
LINE
8
BLACK
6
CONTINUOUS
10
4.5445078740157481
20
-4.6338544094488192
11
4.5445078740157481
21
-4.6236258661417322
0
LINE
8
BLACK
6
CONTINUOUS
10
4.5445078740157481
20
-4.6236258661417322
11
4.5436593307086612
21
-4.6182685433070869
0
LINE
8
BLACK
6
CONTINUOUS
10
4.5436593307086612
20
-4.6182685433070869
11
4.5429078740157482
21
-4.613523897637795
0
LINE
8
BLACK
6
CONTINUOUS
10
4.5429078740157482
20
-4.613523897637795
11
4.5397472047244092
21
-4.6037963779527562
0
LINE
8
BLACK
6
CONTINUOUS
10
4.5397472047244092
20
-4.6037963779527562
11
4.5397471259842517
21
-4.6037962598425199
0
LINE
8
BLACK
6
CONTINUOUS
10
4.5397471259842517
20
-4.6037962598425199
11
4.5397471259842517
21
-4.6037961811023624
0
LINE
8
BLACK
6
CONTINUOUS
10
4.5397471259842517
20
-4.6037961811023624
11
4.537198937007874
21
-4.598795157480315
0
LINE
8
BLACK
6
CONTINUOUS
10
4.537198937007874
20
-4.598795157480315
11
4.5351037007874018
21
-4.5946830314960625
0
LINE
8
BLACK
6
CONTINUOUS
10
4.5351037007874018
20
-4.5946830314960625
11
4.529091771653543
21
-4.5864083070866144
0
LINE
8
BLACK
6
CONTINUOUS
10
4.529091771653543
20
-4.5864083070866144
11
4.5218594094488189
21
-4.5791759448818894
0
LINE
8
BLACK
6
CONTINUOUS
10
4.5218594094488189
20
-4.5791759448818894
11
4.5194073228346454
21
-4.5773944094488188
0
LINE
8
BLACK
6
CONTINUOUS
10
4.5194073228346454
20
-4.5773944094488188
11
4.5135848031496062
21
-4.5731640944881891
0
LINE
8
BLACK
6
CONTINUOUS
10
4.5135848031496062
20
-4.5731640944881891
11
4.5135847637795274
21
-4.5731640551181103
0
LINE
8
BLACK
6
CONTINUOUS
10
4.5135847637795274
20
-4.5731640551181103
11
4.5135846850393699
21
-4.5731640157480316
0
LINE
8
BLACK
6
CONTINUOUS
10
4.5135846850393699
20
-4.5731640157480316
11
4.5107387401574801
21
-4.5717139370078739
0
LINE
8
BLACK
6
CONTINUOUS
10
4.5107387401574801
20
-4.5717139370078739
11
4.5044714960629921
21
-4.568520551181102
0
LINE
8
BLACK
6
CONTINUOUS
10
4.5044714960629921
20
-4.568520551181102
11
4.4947438188976374
21
-4.5653598425196851
0
LINE
8
BLACK
6
CONTINUOUS
10
4.4947438188976374
20
-4.5653598425196851
11
4.4846418110236224
21
-4.5637598425196853
0
LINE
8
BLACK
6
CONTINUOUS
10
4.4846418110236224
20
-4.5637598425196853
11
4.4846416141732286
21
-4.5637598425196853
0
LINE
8
BLACK
6
CONTINUOUS
10
4.4846416141732286
20
-4.5637598425196853
11
4.4744135039370079
21
-4.5637598425196853
0
LINE
8
BLACK
6
CONTINUOUS
10
4.4744135039370079
20
-4.5637598425196853
11
4.4744133070866141
21
-4.5637598425196853
0
LINE
8
BLACK
6
CONTINUOUS
10
4.4744133070866141
20
-4.5637598425196853
11
4.4643112598425194
21
-4.5653598425196851
0
LINE
8
BLACK
6
CONTINUOUS
10
4.4643112598425194
20
-4.5653598425196851
11
4.4545835826771656
21
-4.568520551181102
0
LINE
8
BLACK
6
CONTINUOUS
10
4.4545835826771656
20
-4.568520551181102
11
4.4454702755905515
21
-4.5731640944881891
0
LINE
8
BLACK
6
CONTINUOUS
10
4.4454702755905515
20
-4.5731640944881891
11
4.4371958267716538
21
-4.5791758267716531
0
LINE
8
BLACK
6
CONTINUOUS
10
4.4371958267716538
20
-4.5791758267716531
11
4.4371955905511813
21
-4.5791760236220469
0
LINE
8
BLACK
6
CONTINUOUS
10
4.4371955905511813
20
-4.5791760236220469
11
4.42996342519685
21
-4.5864081889763781
0
LINE
8
BLACK
6
CONTINUOUS
10
4.42996342519685
20
-4.5864081889763781
11
4.4299632283464563
21
-4.5864084251968507
0
LINE
8
BLACK
6
CONTINUOUS
10
4.4299632283464563
20
-4.5864084251968507
11
4.4239514960629922
21
-4.5946828740157475
0
LINE
8
BLACK
6
CONTINUOUS
10
4.4239514960629922
20
-4.5946828740157475
11
4.4193079527559052
21
-4.6037961811023624
0
LINE
8
BLACK
6
CONTINUOUS
10
4.4193079527559052
20
-4.6037961811023624
11
4.4161472440944882
21
-4.6135238582677163
0
LINE
8
BLACK
6
CONTINUOUS
10
4.4161472440944882
20
-4.6135238582677163
11
4.4145472440944884
21
-4.6236258661417322
0
LINE
8
BLACK
6
CONTINUOUS
10
4.4145472440944884
20
-4.6236258661417322
11
4.4145472440944884
21
-4.6338544094488192
0
LINE
8
BLACK
6
CONTINUOUS
10
3.4921062992125984
20
-4.4243345275590551
11
3.4935608661417321
21
-4.4335184251968505
0
LINE
8
BLACK
6
CONTINUOUS
10
3.4935608661417321
20
-4.4335184251968505
11
3.4964343700787399
21
-4.4423620472440941
0
LINE
8
BLACK
6
CONTINUOUS
10
3.4964343700787399
20
-4.4423620472440941
11
3.5000062992125982
21
-4.4493722834645668
0
LINE
8
BLACK
6
CONTINUOUS
10
3.5000062992125982
20
-4.4493722834645668
11
3.5006557874015747
21
-4.4506469685039365
0
LINE
8
BLACK
6
CONTINUOUS
10
3.5006557874015747
20
-4.4506469685039365
11
3.506121377952756
21
-4.4581696850393699
0
LINE
8
BLACK
6
CONTINUOUS
10
3.506121377952756
20
-4.4581696850393699
11
3.5126964566929133
21
-4.4647447637795272
0
LINE
8
BLACK
6
CONTINUOUS
10
3.5126964566929133
20
-4.4647447637795272
11
3.5202191732283463
21
-4.4702103543307086
0
LINE
8
BLACK
6
CONTINUOUS
10
3.5202191732283463
20
-4.4702103543307086
11
3.5241335039370076
21
-4.472204803149606
0
LINE
8
BLACK
6
CONTINUOUS
10
3.5241335039370076
20
-4.472204803149606
11
3.5285040551181099
21
-4.4744317322834641
0
LINE
8
BLACK
6
CONTINUOUS
10
3.5285040551181099
20
-4.4744317322834641
11
3.5285041338582674
21
-4.4744317322834641
0
LINE
8
BLACK
6
CONTINUOUS
10
3.5285041338582674
20
-4.4744317322834641
11
3.5285042519685037
21
-4.4744318110236216
0
LINE
8
BLACK
6
CONTINUOUS
10
3.5285042519685037
20
-4.4744318110236216
11
3.5332445669291337
21
-4.4759720078740157
0
LINE
8
BLACK
6
CONTINUOUS
10
3.5332445669291337
20
-4.4759720078740157
11
3.537347677165354
21
-4.4773052362204719
0
LINE
8
BLACK
6
CONTINUOUS
10
3.537347677165354
20
-4.4773052362204719
11
3.5465316141732282
21
-4.4787598425196853
0
LINE
8
BLACK
6
CONTINUOUS
10
3.5465316141732282
20
-4.4787598425196853
11
3.5465318110236219
21
-4.4787598425196853
0
LINE
8
BLACK
6
CONTINUOUS
10
3.5465318110236219
20
-4.4787598425196853
11
3.5558305905511811
21
-4.4787598425196853
0
LINE
8
BLACK
6
CONTINUOUS
10
3.5558305905511811
20
-4.4787598425196853
11
3.5650144881889765
21
-4.4773052362204719
0
LINE
8
BLACK
6
CONTINUOUS
10
3.5650144881889765
20
-4.4773052362204719
11
3.5738579527559056
21
-4.4744318110236216
0
LINE
8
BLACK
6
CONTINUOUS
10
3.5738579527559056
20
-4.4744318110236216
11
3.5821430314960629
21
-4.4702103543307086
0
LINE
8
BLACK
6
CONTINUOUS
10
3.5821430314960629
20
-4.4702103543307086
11
3.589665748031496
21
-4.4647447637795272
0
LINE
8
BLACK
6
CONTINUOUS
10
3.589665748031496
20
-4.4647447637795272
11
3.5962408267716532
21
-4.4581696850393699
0
LINE
8
BLACK
6
CONTINUOUS
10
3.5962408267716532
20
-4.4581696850393699
11
3.6017064173228346
21
-4.4506469685039365
0
LINE
8
BLACK
6
CONTINUOUS
10
3.6017064173228346
20
-4.4506469685039365
11
3.6059278740157481
21
-4.4423618897637791
0
LINE
8
BLACK
6
CONTINUOUS
10
3.6059278740157481
20
-4.4423618897637791
11
3.6088012992125984
21
-4.4335184251968505
0
LINE
8
BLACK
6
CONTINUOUS
10
3.6088012992125984
20
-4.4335184251968505
11
3.6094898031496063
21
-4.4291713385826768
0
LINE
8
BLACK
6
CONTINUOUS
10
3.6094898031496063
20
-4.4291713385826768
11
3.6102559055118109
21
-4.4243345275590551
0
LINE
8
BLACK
6
CONTINUOUS
10
3.6102559055118109
20
-4.4243345275590551
11
3.6102559055118109
21
-4.4150355118110234
0
LINE
8
BLACK
6
CONTINUOUS
10
3.6102559055118109
20
-4.4150355118110234
11
3.6088012992125984
21
-4.405851614173228
0
LINE
8
BLACK
6
CONTINUOUS
10
3.6088012992125984
20
-4.405851614173228
11
3.6073480708661418
21
-4.401379133858268
0
LINE
8
BLACK
6
CONTINUOUS
10
3.6073480708661418
20
-4.401379133858268
11
3.6069201574803147
21
-4.4000620866141729
0
LINE
8
BLACK
6
CONTINUOUS
10
3.6069201574803147
20
-4.4000620866141729
11
3.6059278740157481
21
-4.3970081889763781
0
LINE
8
BLACK
6
CONTINUOUS
10
3.6059278740157481
20
-4.3970081889763781
11
3.6017064173228346
21
-4.3887231102362207
0
LINE
8
BLACK
6
CONTINUOUS
10
3.6017064173228346
20
-4.3887231102362207
11
3.5962408267716532
21
-4.3812003937007873
0
LINE
8
BLACK
6
CONTINUOUS
10
3.5962408267716532
20
-4.3812003937007873
11
3.589665748031496
21
-4.37462531496063
0
LINE
8
BLACK
6
CONTINUOUS
10
3.589665748031496
20
-4.37462531496063
11
3.5821430314960629
21
-4.3691597244094487
0
LINE
8
BLACK
6
CONTINUOUS
10
3.5821430314960629
20
-4.3691597244094487
11
3.5738581102362206
21
-4.3649383070866143
0
LINE
8
BLACK
6
CONTINUOUS
10
3.5738581102362206
20
-4.3649383070866143
11
3.5650144881889765
21
-4.3620648031496065
0
LINE
8
BLACK
6
CONTINUOUS
10
3.5650144881889765
20
-4.3620648031496065
11
3.5558305905511811
21
-4.3606102362204719
0
LINE
8
BLACK
6
CONTINUOUS
10
3.5558305905511811
20
-4.3606102362204719
11
3.5558303937007874
21
-4.3606102362204719
0
LINE
8
BLACK
6
CONTINUOUS
10
3.5558303937007874
20
-4.3606102362204719
11
3.5465318110236219
21
-4.3606102362204719
0
LINE
8
BLACK
6
CONTINUOUS
10
3.5465318110236219
20
-4.3606102362204719
11
3.5465316141732282
21
-4.3606102362204719
0
LINE
8
BLACK
6
CONTINUOUS
10
3.5465316141732282
20
-4.3606102362204719
11
3.537347677165354
21
-4.3620648031496065
0
LINE
8
BLACK
6
CONTINUOUS
10
3.537347677165354
20
-4.3620648031496065
11
3.5285040551181099
21
-4.3649383070866143
0
LINE
8
BLACK
6
CONTINUOUS
10
3.5285040551181099
20
-4.3649383070866143
11
3.5202191338582676
21
-4.3691597244094487
0
LINE
8
BLACK
6
CONTINUOUS
10
3.5202191338582676
20
-4.3691597244094487
11
3.5164967716535434
21
-4.3718642125984255
0
LINE
8
BLACK
6
CONTINUOUS
10
3.5164967716535434
20
-4.3718642125984255
11
3.5126964566929133
21
-4.37462531496063
0
LINE
8
BLACK
6
CONTINUOUS
10
3.5126964566929133
20
-4.37462531496063
11
3.5126963779527558
21
-4.3746253937007875
0
LINE
8
BLACK
6
CONTINUOUS
10
3.5126963779527558
20
-4.3746253937007875
11
3.512696338582677
21
-4.3746253937007875
0
LINE
8
BLACK
6
CONTINUOUS
10
3.512696338582677
20
-4.3746253937007875
11
3.5061214566929131
21
-4.381200275590551
0
LINE
8
BLACK
6
CONTINUOUS
10
3.5061214566929131
20
-4.381200275590551
11
3.5061214566929131
21
-4.3812003149606298
0
LINE
8
BLACK
6
CONTINUOUS
10
3.5061214566929131
20
-4.3812003149606298
11
3.506121377952756
21
-4.3812003937007873
0
LINE
8
BLACK
6
CONTINUOUS
10
3.506121377952756
20
-4.3812003937007873
11
3.5041123622047246
21
-4.3839655511811024
0
LINE
8
BLACK
6
CONTINUOUS
10
3.5041123622047246
20
-4.3839655511811024
11
3.5006557874015747
21
-4.388723070866142
0
LINE
8
BLACK
6
CONTINUOUS
10
3.5006557874015747
20
-4.388723070866142
11
3.4964343700787399
21
-4.3970079921259844
0
LINE
8
BLACK
6
CONTINUOUS
10
3.4964343700787399
20
-4.3970079921259844
11
3.4935608661417321
21
-4.405851614173228
0
LINE
8
BLACK
6
CONTINUOUS
10
3.4935608661417321
20
-4.405851614173228
11
3.4921062992125984
21
-4.4150355118110234
0
LINE
8
BLACK
6
CONTINUOUS
10
3.4921062992125984
20
-4.4150355118110234
11
3.4921062992125984
21
-4.4243345275590551
0
LINE
8
BLACK
6
CONTINUOUS
10
3.8401377952755906
20
-4.4078118897637797
11
3.8413499999999998
21
-4.4154655905511806
0
LINE
8
BLACK
6
CONTINUOUS
10
3.8413499999999998
20
-4.4154655905511806
11
3.8437447637795277
21
-4.4228357874015751
0
LINE
8
BLACK
6
CONTINUOUS
10
3.8437447637795277
20
-4.4228357874015751
11
3.8469729133858266
21
-4.4291713385826768
0
LINE
8
BLACK
6
CONTINUOUS
10
3.8469729133858266
20
-4.4291713385826768
11
3.8472628346456692
21
-4.4297403543307086
0
LINE
8
BLACK
6
CONTINUOUS
10
3.8472628346456692
20
-4.4297403543307086
11
3.8518177952755903
21
-4.4360096850393695
0
LINE
8
BLACK
6
CONTINUOUS
10
3.8518177952755903
20
-4.4360096850393695
11
3.8572974015748032
21
-4.4414892913385824
0
LINE
8
BLACK
6
CONTINUOUS
10
3.8572974015748032
20
-4.4414892913385824
11
3.8635667322834646
21
-4.4460442519685035
0
LINE
8
BLACK
6
CONTINUOUS
10
3.8635667322834646
20
-4.4460442519685035
11
3.8668289370078739
21
-4.4477064173228342
0
LINE
8
BLACK
6
CONTINUOUS
10
3.8668289370078739
20
-4.4477064173228342
11
3.8704712598425197
21
-4.4495622834645667
0
LINE
8
BLACK
6
CONTINUOUS
10
3.8704712598425197
20
-4.4495622834645667
11
3.8704713385826772
21
-4.4495622834645667
0
LINE
8
BLACK
6
CONTINUOUS
10
3.8704713385826772
20
-4.4495622834645667
11
3.8704714566929135
21
-4.4495623622047242
0
LINE
8
BLACK
6
CONTINUOUS
10
3.8704714566929135
20
-4.4495623622047242
11
3.8738095275590552
21
-4.4506469685039365
0
LINE
8
BLACK
6
CONTINUOUS
10
3.8738095275590552
20
-4.4506469685039365
11
3.8778414566929134
21
-4.4519570472440941
0
LINE
8
BLACK
6
CONTINUOUS
10
3.8778414566929134
20
-4.4519570472440941
11
3.8854951968503935
21
-4.4531692913385825
0
LINE
8
BLACK
6
CONTINUOUS
10
3.8854951968503935
20
-4.4531692913385825
11
3.8854953937007872
21
-4.4531692913385825
0
LINE
8
BLACK
6
CONTINUOUS
10
3.8854953937007872
20
-4.4531692913385825
11
3.8932449606299211
21
-4.4531692913385825
0
LINE
8
BLACK
6
CONTINUOUS
10
3.8932449606299211
20
-4.4531692913385825
11
3.9008986614173229
21
-4.4519570472440941
0
LINE
8
BLACK
6
CONTINUOUS
10
3.9008986614173229
20
-4.4519570472440941
11
3.9082687007874015
21
-4.4495623622047242
0
LINE
8
BLACK
6
CONTINUOUS
10
3.9082687007874015
20
-4.4495623622047242
11
3.9151734251968504
21
-4.4460442519685035
0
LINE
8
BLACK
6
CONTINUOUS
10
3.9151734251968504
20
-4.4460442519685035
11
3.9214427559055118
21
-4.4414892913385824
0
LINE
8
BLACK
6
CONTINUOUS
10
3.9214427559055118
20
-4.4414892913385824
11
3.9269223622047242
21
-4.4360096850393695
0
LINE
8
BLACK
6
CONTINUOUS
10
3.9269223622047242
20
-4.4360096850393695
11
3.9304993307086615
21
-4.4310863779527558
0
LINE
8
BLACK
6
CONTINUOUS
10
3.9304993307086615
20
-4.4310863779527558
11
3.9326776377952757
21
-4.4294067322834643
0
LINE
8
BLACK
6
CONTINUOUS
10
3.9326776377952757
20
-4.4294067322834643
11
3.935418346456693
21
-4.4291713385826768
0
LINE
8
BLACK
6
CONTINUOUS
10
3.935418346456693
20
-4.4291713385826768
11
3.937851220472441
21
-4.430455039370079
0
LINE
8
BLACK
6
CONTINUOUS
10
3.937851220472441
20
-4.430455039370079
11
3.9383981496062992
21
-4.4310862598425196
0
LINE
8
BLACK
6
CONTINUOUS
10
3.9383981496062992
20
-4.4310862598425196
11
3.9419752755905511
21
-4.4360096850393695
0
LINE
8
BLACK
6
CONTINUOUS
10
3.9419752755905511
20
-4.4360096850393695
11
3.9474548818897639
21
-4.4414892913385824
0
LINE
8
BLACK
6
CONTINUOUS
10
3.9474548818897639
20
-4.4414892913385824
11
3.9537242125984253
21
-4.4460442519685035
0
LINE
8
BLACK
6
CONTINUOUS
10
3.9537242125984253
20
-4.4460442519685035
11
3.9569864173228346
21
-4.4477064173228342
0
LINE
8
BLACK
6
CONTINUOUS
10
3.9569864173228346
20
-4.4477064173228342
11
3.96062874015748
21
-4.4495622834645667
0
LINE
8
BLACK
6
CONTINUOUS
10
3.96062874015748
20
-4.4495622834645667
11
3.9606288188976375
21
-4.4495622834645667
0
LINE
8
BLACK
6
CONTINUOUS
10
3.9606288188976375
20
-4.4495622834645667
11
3.9606289370078738
21
-4.4495623622047242
0
LINE
8
BLACK
6
CONTINUOUS
10
3.9606289370078738
20
-4.4495623622047242
11
3.9639670078740155
21
-4.4506469685039365
0
LINE
8
BLACK
6
CONTINUOUS
10
3.9639670078740155
20
-4.4506469685039365
11
3.9679989370078741
21
-4.4519570472440941
0
LINE
8
BLACK
6
CONTINUOUS
10
3.9679989370078741
20
-4.4519570472440941
11
3.9756526771653542
21
-4.4531692913385825
0
LINE
8
BLACK
6
CONTINUOUS
10
3.9756526771653542
20
-4.4531692913385825
11
3.975652874015748
21
-4.4531692913385825
0
LINE
8
BLACK
6
CONTINUOUS
10
3.975652874015748
20
-4.4531692913385825
11
3.9834024409448818
21
-4.4531692913385825
0
LINE
8
BLACK
6
CONTINUOUS
10
3.9834024409448818
20
-4.4531692913385825
11
3.9910561417322832
21
-4.4519570472440941
0
LINE
8
BLACK
6
CONTINUOUS
10
3.9910561417322832
20
-4.4519570472440941
11
3.9984261811023623
21
-4.4495623622047242
0
LINE
8
BLACK
6
CONTINUOUS
10
3.9984261811023623
20
-4.4495623622047242
11
4.0053309055118111
21
-4.4460442519685035
0
LINE
8
BLACK
6
CONTINUOUS
10
4.0053309055118111
20
-4.4460442519685035
11
4.0116002362204721
21
-4.4414892913385824
0
LINE
8
BLACK
6
CONTINUOUS
10
4.0116002362204721
20
-4.4414892913385824
11
4.017079842519685
21
-4.4360096850393695
0
LINE
8
BLACK
6
CONTINUOUS
10
4.017079842519685
20
-4.4360096850393695
11
4.0216348031496061
21
-4.4297403543307086
0
LINE
8
BLACK
6
CONTINUOUS
10
4.0216348031496061
20
-4.4297403543307086
11
4.0251529133858268
21
-4.4228356299212601
0
LINE
8
BLACK
6
CONTINUOUS
10
4.0251529133858268
20
-4.4228356299212601
11
4.0275475984251967
21
-4.4154655905511806
0
LINE
8
BLACK
6
CONTINUOUS
10
4.0275475984251967
20
-4.4154655905511806
11
4.0276157086614175
21
-4.4150355118110234
0
LINE
8
BLACK
6
CONTINUOUS
10
4.0276157086614175
20
-4.4150355118110234
11
4.0287598425196851
21
-4.4078118897637797
0
LINE
8
BLACK
6
CONTINUOUS
10
4.0287598425196851
20
-4.4078118897637797
11
4.0287598425196851
21
-4.4000620866141729
0
LINE
8
BLACK
6
CONTINUOUS
10
4.0287598425196851
20
-4.4000620866141729
11
4.0275475984251967
21
-4.392408385826772
0
LINE
8
BLACK
6
CONTINUOUS
10
4.0275475984251967
20
-4.392408385826772
11
4.0251528346456693
21
-4.3850381889763774
0
LINE
8
BLACK
6
CONTINUOUS
10
4.0251528346456693
20
-4.3850381889763774
11
4.0231973228346458
21
-4.381200275590551
0
LINE
8
BLACK
6
CONTINUOUS
10
4.0231973228346458
20
-4.381200275590551
11
4.0216348031496061
21
-4.3781336614173227
0
LINE
8
BLACK
6
CONTINUOUS
10
4.0216348031496061
20
-4.3781336614173227
11
4.017079842519685
21
-4.3718643307086618
0
LINE
8
BLACK
6
CONTINUOUS
10
4.017079842519685
20
-4.3718643307086618
11
4.0116002362204721
21
-4.3663847244094489
0
LINE
8
BLACK
6
CONTINUOUS
10
4.0116002362204721
20
-4.3663847244094489
11
4.0053309055118111
21
-4.3618297637795278
0
LINE
8
BLACK
6
CONTINUOUS
10
4.0053309055118111
20
-4.3618297637795278
11
4.0029374409448817
21
-4.3606102362204719
0
LINE
8
BLACK
6
CONTINUOUS
10
4.0029374409448817
20
-4.3606102362204719
11
3.9984263385826773
21
-4.3583116929133858
0
LINE
8
BLACK
6
CONTINUOUS
10
3.9984263385826773
20
-4.3583116929133858
11
3.9910561417322832
21
-4.3559169291338584
0
LINE
8
BLACK
6
CONTINUOUS
10
3.9910561417322832
20
-4.3559169291338584
11
3.9834024409448818
21
-4.3547047244094488
0
LINE
8
BLACK
6
CONTINUOUS
10
3.9834024409448818
20
-4.3547047244094488
11
3.9834022440944881
21
-4.3547047244094488
0
LINE
8
BLACK
6
CONTINUOUS
10
3.9834022440944881
20
-4.3547047244094488
11
3.975652874015748
21
-4.3547047244094488
0
LINE
8
BLACK
6
CONTINUOUS
10
3.975652874015748
20
-4.3547047244094488
11
3.9756526771653542
21
-4.3547047244094488
0
LINE
8
BLACK
6
CONTINUOUS
10
3.9756526771653542
20
-4.3547047244094488
11
3.9679989370078741
21
-4.3559169291338584
0
LINE
8
BLACK
6
CONTINUOUS
10
3.9679989370078741
20
-4.3559169291338584
11
3.96062874015748
21
-4.3583116929133858
0
LINE
8
BLACK
6
CONTINUOUS
10
3.96062874015748
20
-4.3583116929133858
11
3.9537241732283466
21
-4.3618297637795278
0
LINE
8
BLACK
6
CONTINUOUS
10
3.9537241732283466
20
-4.3618297637795278
11
3.9501472834645668
21
-4.3644285433070866
0
LINE
8
BLACK
6
CONTINUOUS
10
3.9501472834645668
20
-4.3644285433070866
11
3.9474548818897639
21
-4.3663847244094489
0
LINE
8
BLACK
6
CONTINUOUS
10
3.9474548818897639
20
-4.3663847244094489
11
3.9474548031496064
21
-4.3663848031496064
0
LINE
8
BLACK
6
CONTINUOUS
10
3.9474548031496064
20
-4.3663848031496064
11
3.9474547637795276
21
-4.3663848031496064
0
LINE
8
BLACK
6
CONTINUOUS
10
3.9474547637795276
20
-4.3663848031496064
11
3.9419753149606298
21
-4.3718642519685043
0
LINE
8
BLACK
6
CONTINUOUS
10
3.9419753149606298
20
-4.3718642519685043
11
3.938398346456693
21
-4.3767875196850392
0
LINE
8
BLACK
6
CONTINUOUS
10
3.938398346456693
20
-4.3767875196850392
11
3.9362199606299213
21
-4.3784672440944883
0
LINE
8
BLACK
6
CONTINUOUS
10
3.9362199606299213
20
-4.3784672440944883
11
3.9334792913385828
21
-4.3787026377952758
0
LINE
8
BLACK
6
CONTINUOUS
10
3.9334792913385828
20
-4.3787026377952758
11
3.9310464173228348
21
-4.3774189370078735
0
LINE
8
BLACK
6
CONTINUOUS
10
3.9310464173228348
20
-4.3774189370078735
11
3.9304992913385828
21
-4.3767875196850392
0
LINE
8
BLACK
6
CONTINUOUS
10
3.9304992913385828
20
-4.3767875196850392
11
3.9269564173228346
21
-4.3719112204724411
0
LINE
8
BLACK
6
CONTINUOUS
10
3.9269564173228346
20
-4.3719112204724411
11
3.9269223622047242
21
-4.3718643307086618
0
LINE
8
BLACK
6
CONTINUOUS
10
3.9269223622047242
20
-4.3718643307086618
11
3.9214427559055118
21
-4.3663847244094489
0
LINE
8
BLACK
6
CONTINUOUS
10
3.9214427559055118
20
-4.3663847244094489
11
3.9151734251968504
21
-4.3618297637795278
0
LINE
8
BLACK
6
CONTINUOUS
10
3.9151734251968504
20
-4.3618297637795278
11
3.912779960629921
21
-4.3606102362204719
0
LINE
8
BLACK
6
CONTINUOUS
10
3.912779960629921
20
-4.3606102362204719
11
3.9082688582677165
21
-4.3583116929133858
0
LINE
8
BLACK
6
CONTINUOUS
10
3.9082688582677165
20
-4.3583116929133858
11
3.9008986614173229
21
-4.3559169291338584
0
LINE
8
BLACK
6
CONTINUOUS
10
3.9008986614173229
20
-4.3559169291338584
11
3.8932449606299211
21
-4.3547047244094488
0
LINE
8
BLACK
6
CONTINUOUS
10
3.8932449606299211
20
-4.3547047244094488
11
3.8932447637795273
21
-4.3547047244094488
0
LINE
8
BLACK
6
CONTINUOUS
10
3.8932447637795273
20
-4.3547047244094488
11
3.8854953937007872
21
-4.3547047244094488
0
LINE
8
BLACK
6
CONTINUOUS
10
3.8854953937007872
20
-4.3547047244094488
11
3.8854951968503935
21
-4.3547047244094488
0
LINE
8
BLACK
6
CONTINUOUS
10
3.8854951968503935
20
-4.3547047244094488
11
3.8778414566929134
21
-4.3559169291338584
0
LINE
8
BLACK
6
CONTINUOUS
10
3.8778414566929134
20
-4.3559169291338584
11
3.8704712598425197
21
-4.3583116929133858
0
LINE
8
BLACK
6
CONTINUOUS
10
3.8704712598425197
20
-4.3583116929133858
11
3.8635666929133858
21
-4.3618297637795278
0
LINE
8
BLACK
6
CONTINUOUS
10
3.8635666929133858
20
-4.3618297637795278
11
3.859989803149606
21
-4.3644285433070866
0
LINE
8
BLACK
6
CONTINUOUS
10
3.859989803149606
20
-4.3644285433070866
11
3.8572974015748032
21
-4.3663847244094489
0
LINE
8
BLACK
6
CONTINUOUS
10
3.8572974015748032
20
-4.3663847244094489
11
3.8572973228346457
21
-4.3663848031496064
0
LINE
8
BLACK
6
CONTINUOUS
10
3.8572973228346457
20
-4.3663848031496064
11
3.8572972834645669
21
-4.3663848031496064
0
LINE
8
BLACK
6
CONTINUOUS
10
3.8572972834645669
20
-4.3663848031496064
11
3.8518178740157478
21
-4.3718642125984255
0
LINE
8
BLACK
6
CONTINUOUS
10
3.8518178740157478
20
-4.3718642125984255
11
3.8518178740157478
21
-4.3718642519685043
0
LINE
8
BLACK
6
CONTINUOUS
10
3.8518178740157478
20
-4.3718642519685043
11
3.8518177952755903
21
-4.3718643307086618
0
LINE
8
BLACK
6
CONTINUOUS
10
3.8518177952755903
20
-4.3718643307086618
11
3.8517837401574804
21
-4.3719112204724411
0
LINE
8
BLACK
6
CONTINUOUS
10
3.8517837401574804
20
-4.3719112204724411
11
3.8472628346456692
21
-4.378133622047244
0
LINE
8
BLACK
6
CONTINUOUS
10
3.8472628346456692
20
-4.378133622047244
11
3.8437447637795277
21
-4.3850381889763774
0
LINE
8
BLACK
6
CONTINUOUS
10
3.8437447637795277
20
-4.3850381889763774
11
3.8413499999999998
21
-4.392408385826772
0
LINE
8
BLACK
6
CONTINUOUS
10
3.8413499999999998
20
-4.392408385826772
11
3.8401377952755906
21
-4.4000620866141729
0
LINE
8
BLACK
6
CONTINUOUS
10
3.8401377952755906
20
-4.4000620866141729
11
3.8401377952755906
21
-4.4078118897637797
0
LINE
8
BLACK
6
CONTINUOUS
10
3.5169642913385828
20
-4.0678211811023619
11
3.5202294488188977
21
-4.0701934645669287
0
LINE
8
BLACK
6
CONTINUOUS
10
3.5202294488188977
20
-4.0701934645669287
11
3.5285116929133857
21
-4.0744134645669288
0
LINE
8
BLACK
6
CONTINUOUS
10
3.5285116929133857
20
-4.0744134645669288
11
3.5373524409448818
21
-4.0772860236220474
0
LINE
8
BLACK
6
CONTINUOUS
10
3.5373524409448818
20
-4.0772860236220474
11
3.537352401574803
21
-4.0772860236220474
0
LINE
8
BLACK
6
CONTINUOUS
10
3.537352401574803
20
-4.0772860236220474
11
3.5465333858267716
21
-4.0787401574803148
0
LINE
8
BLACK
6
CONTINUOUS
10
3.5465333858267716
20
-4.0787401574803148
11
3.5558288188976377
21
-4.0787401574803148
0
LINE
8
BLACK
6
CONTINUOUS
10
3.5558288188976377
20
-4.0787401574803148
11
3.5650097244094487
21
-4.0772860236220474
0
LINE
8
BLACK
6
CONTINUOUS
10
3.5650097244094487
20
-4.0772860236220474
11
3.5738504724409448
21
-4.0744134645669288
0
LINE
8
BLACK
6
CONTINUOUS
10
3.5738504724409448
20
-4.0744134645669288
11
3.5821324015748033
21
-4.0701936220472437
0
LINE
8
BLACK
6
CONTINUOUS
10
3.5821324015748033
20
-4.0701936220472437
11
3.5821326377952754
21
-4.0701934645669287
0
LINE
8
BLACK
6
CONTINUOUS
10
3.5821326377952754
20
-4.0701934645669287
11
3.5853977952755907
21
-4.0678211811023619
0
LINE
8
BLACK
6
CONTINUOUS
10
3.5853977952755907
20
-4.0678211811023619
11
3.5853978346456694
21
-4.0678211811023619
0
LINE
8
BLACK
6
CONTINUOUS
10
3.5853978346456694
20
-4.0678211811023619
11
3.5710845669291338
21
-4.0535079133858263
0
LINE
8
BLACK
6
CONTINUOUS
10
3.5710845669291338
20
-4.0535079133858263
11
3.5697400393700787
21
-4.0544063385826767
0
LINE
8
BLACK
6
CONTINUOUS
10
3.5697400393700787
20
-4.0544063385826767
11
3.5626096456692911
21
-4.0573598425196851
0
LINE
8
BLACK
6
CONTINUOUS
10
3.5626096456692911
20
-4.0573598425196851
11
3.5550400393700787
21
-4.0588655511811025
0
LINE
8
BLACK
6
CONTINUOUS
10
3.5550400393700787
20
-4.0588655511811025
11
3.5473221653543305
21
-4.0588655511811025
0
LINE
8
BLACK
6
CONTINUOUS
10
3.5473221653543305
20
-4.0588655511811025
11
3.5397525590551182
21
-4.0573598425196851
0
LINE
8
BLACK
6
CONTINUOUS
10
3.5397525590551182
20
-4.0573598425196851
11
3.5326221653543306
21
-4.0544063385826767
0
LINE
8
BLACK
6
CONTINUOUS
10
3.5326221653543306
20
-4.0544063385826767
11
3.531277559055118
21
-4.0535078740157475
0
LINE
8
BLACK
6
CONTINUOUS
10
3.531277559055118
20
-4.0535078740157475
11
3.5169642913385828
21
-4.0678211811023619
0
LINE
8
BLACK
6
CONTINUOUS
10
3.5850039370078739
20
-3.999781496062992
11
3.5859024015748031
21
-4.0011261023622042
0
LINE
8
BLACK
6
CONTINUOUS
10
3.5859024015748031
20
-4.0011261023622042
11
3.588855905511811
21
-4.0082564960629918
0
LINE
8
BLACK
6
CONTINUOUS
10
3.588855905511811
20
-4.0082564960629918
11
3.5903616141732284
21
-4.0158261023622046
0
LINE
8
BLACK
6
CONTINUOUS
10
3.5903616141732284
20
-4.0158261023622046
11
3.5903616141732284
21
-4.0235439763779528
0
LINE
8
BLACK
6
CONTINUOUS
10
3.5903616141732284
20
-4.0235439763779528
11
3.588855905511811
21
-4.0311135826771656
0
LINE
8
BLACK
6
CONTINUOUS
10
3.588855905511811
20
-4.0311135826771656
11
3.5859024015748031
21
-4.0382439763779523
0
LINE
8
BLACK
6
CONTINUOUS
10
3.5859024015748031
20
-4.0382439763779523
11
3.5850039763779527
21
-4.0395885039370079
0
LINE
8
BLACK
6
CONTINUOUS
10
3.5850039763779527
20
-4.0395885039370079
11
3.5993172440944883
21
-4.0539017716535435
0
LINE
8
BLACK
6
CONTINUOUS
10
3.5993172440944883
20
-4.0539017716535435
11
3.5993172440944883
21
-4.0539017322834647
0
LINE
8
BLACK
6
CONTINUOUS
10
3.5993172440944883
20
-4.0539017322834647
11
3.601689527559055
21
-4.0506365748031499
0
LINE
8
BLACK
6
CONTINUOUS
10
3.601689527559055
20
-4.0506365748031499
11
3.60168968503937
21
-4.0506363385826774
0
LINE
8
BLACK
6
CONTINUOUS
10
3.60168968503937
20
-4.0506363385826774
11
3.6059095275590551
21
-4.0423544094488184
0
LINE
8
BLACK
6
CONTINUOUS
10
3.6059095275590551
20
-4.0423544094488184
11
3.6087820866141733
21
-4.0335136614173228
0
LINE
8
BLACK
6
CONTINUOUS
10
3.6087820866141733
20
-4.0335136614173228
11
3.6102362204724407
21
-4.0243327559055118
0
LINE
8
BLACK
6
CONTINUOUS
10
3.6102362204724407
20
-4.0243327559055118
11
3.6102362204724407
21
-4.0150372834645669
0
LINE
8
BLACK
6
CONTINUOUS
10
3.6102362204724407
20
-4.0150372834645669
11
3.6087820866141733
21
-4.0058563779527558
0
LINE
8
BLACK
6
CONTINUOUS
10
3.6087820866141733
20
-4.0058563779527558
11
3.6059095275590551
21
-3.9970156299212598
0
LINE
8
BLACK
6
CONTINUOUS
10
3.6059095275590551
20
-3.9970156299212598
11
3.601689527559055
21
-3.9887333858267717
0
LINE
8
BLACK
6
CONTINUOUS
10
3.601689527559055
20
-3.9887333858267717
11
3.5993172440944883
21
-3.9854682677165352
0
LINE
8
BLACK
6
CONTINUOUS
10
3.5993172440944883
20
-3.9854682677165352
11
3.5993172440944883
21
-3.9854682283464564
0
LINE
8
BLACK
6
CONTINUOUS
10
3.5993172440944883
20
-3.9854682283464564
11
3.5850039370078739
21
-3.999781496062992
0
LINE
8
BLACK
6
CONTINUOUS
10
3.5373524409448818
20
-3.9620840157480313
11
3.5285116929133857
21
-3.9649565748031494
0
LINE
8
BLACK
6
CONTINUOUS
10
3.5285116929133857
20
-3.9649565748031494
11
3.5202295275590552
21
-3.9691765354330708
0
LINE
8
BLACK
6
CONTINUOUS
10
3.5202295275590552
20
-3.9691765354330708
11
3.5169643307086615
21
-3.9715488188976376
0
LINE
8
BLACK
6
CONTINUOUS
10
3.5169643307086615
20
-3.9715488188976376
11
3.5312776377952755
21
-3.9858621259842519
0
LINE
8
BLACK
6
CONTINUOUS
10
3.5312776377952755
20
-3.9858621259842519
11
3.5326221653543306
21
-3.9849637401574802
0
LINE
8
BLACK
6
CONTINUOUS
10
3.5326221653543306
20
-3.9849637401574802
11
3.5397525590551182
21
-3.9820102362204723
0
LINE
8
BLACK
6
CONTINUOUS
10
3.5397525590551182
20
-3.9820102362204723
11
3.5473221653543305
21
-3.9805045275590549
0
LINE
8
BLACK
6
CONTINUOUS
10
3.5473221653543305
20
-3.9805045275590549
11
3.5550400393700787
21
-3.9805045275590549
0
LINE
8
BLACK
6
CONTINUOUS
10
3.5550400393700787
20
-3.9805045275590549
11
3.5626096456692911
21
-3.9820102362204723
0
LINE
8
BLACK
6
CONTINUOUS
10
3.5626096456692911
20
-3.9820102362204723
11
3.5697400393700787
21
-3.9849637401574802
0
LINE
8
BLACK
6
CONTINUOUS
10
3.5697400393700787
20
-3.9849637401574802
11
3.571084527559055
21
-3.9858620866141732
0
LINE
8
BLACK
6
CONTINUOUS
10
3.571084527559055
20
-3.9858620866141732
11
3.5853978346456694
21
-3.9715488188976376
0
LINE
8
BLACK
6
CONTINUOUS
10
3.5853978346456694
20
-3.9715488188976376
11
3.5853977952755907
21
-3.9715487401574801
0
LINE
8
BLACK
6
CONTINUOUS
10
3.5853977952755907
20
-3.9715487401574801
11
3.5821328346456691
21
-3.9691766535433071
0
LINE
8
BLACK
6
CONTINUOUS
10
3.5821328346456691
20
-3.9691766535433071
11
3.5738504724409448
21
-3.9649565748031494
0
LINE
8
BLACK
6
CONTINUOUS
10
3.5738504724409448
20
-3.9649565748031494
11
3.5650097244094487
21
-3.9620840157480313
0
LINE
8
BLACK
6
CONTINUOUS
10
3.5650097244094487
20
-3.9620840157480313
11
3.5650097637795275
21
-3.9620840157480313
0
LINE
8
BLACK
6
CONTINUOUS
10
3.5650097637795275
20
-3.9620840157480313
11
3.5558288188976377
21
-3.9606299212598426
0
LINE
8
BLACK
6
CONTINUOUS
10
3.5558288188976377
20
-3.9606299212598426
11
3.5465333858267716
21
-3.9606299212598426
0
LINE
8
BLACK
6
CONTINUOUS
10
3.5465333858267716
20
-3.9606299212598426
11
3.5373524409448818
21
-3.9620840157480313
0
LINE
8
BLACK
6
CONTINUOUS
10
3.3267519685039368
20
-3.7393246456692912
11
3.3279630314960631
21
-3.7454129527559052
0
LINE
8
BLACK
6
CONTINUOUS
10
3.3279630314960631
20
-3.7454129527559052
11
3.3279631496062994
21
-3.7454134251968503
0
LINE
8
BLACK
6
CONTINUOUS
10
3.3279631496062994
20
-3.7454134251968503
11
3.3303386614173229
21
-3.7511485039370078
0
LINE
8
BLACK
6
CONTINUOUS
10
3.3303386614173229
20
-3.7511485039370078
11
3.3303389370078738
21
-3.7511490157480316
0
LINE
8
BLACK
6
CONTINUOUS
10
3.3303389370078738
20
-3.7511490157480316
11
3.3337877952755903
21
-3.7563105511811021
0
LINE
8
BLACK
6
CONTINUOUS
10
3.3337877952755903
20
-3.7563105511811021
11
3.3337879133858266
21
-3.7563107086614171
0
LINE
8
BLACK
6
CONTINUOUS
10
3.3337879133858266
20
-3.7563107086614171
11
3.3381774409448819
21
-3.7607002362204724
0
LINE
8
BLACK
6
CONTINUOUS
10
3.3381774409448819
20
-3.7607002362204724
11
3.3381775984251969
21
-3.7607003543307087
0
LINE
8
BLACK
6
CONTINUOUS
10
3.3381775984251969
20
-3.7607003543307087
11
3.3433391338582674
21
-3.7641492125984253
0
LINE
8
BLACK
6
CONTINUOUS
10
3.3433391338582674
20
-3.7641492125984253
11
3.3433396456692912
21
-3.7641494881889761
0
LINE
8
BLACK
6
CONTINUOUS
10
3.3433396456692912
20
-3.7641494881889761
11
3.3490747244094488
21
-3.7665250000000001
0
LINE
8
BLACK
6
CONTINUOUS
10
3.3490747244094488
20
-3.7665250000000001
11
3.3490749212598425
21
-3.7665250787401572
0
LINE
8
BLACK
6
CONTINUOUS
10
3.3490749212598425
20
-3.7665250787401572
11
3.3551635039370078
21
-3.7677361811023622
0
LINE
8
BLACK
6
CONTINUOUS
10
3.3551635039370078
20
-3.7677361811023622
11
3.3551636220472441
21
-3.7677362204724409
0
LINE
8
BLACK
6
CONTINUOUS
10
3.3551636220472441
20
-3.7677362204724409
11
3.3551637007874016
21
-3.7677362204724409
0
LINE
8
BLACK
6
CONTINUOUS
10
3.3551637007874016
20
-3.7677362204724409
11
3.3613718110236221
21
-3.7677362204724409
0
LINE
8
BLACK
6
CONTINUOUS
10
3.3613718110236221
20
-3.7677362204724409
11
3.3613718503937009
21
-3.7677361811023622
0
LINE
8
BLACK
6
CONTINUOUS
10
3.3613718503937009
20
-3.7677361811023622
11
3.3674605118110237
21
-3.7665250787401572
0
LINE
8
BLACK
6
CONTINUOUS
10
3.3674605118110237
20
-3.7665250787401572
11
3.3704316141732282
21
-3.7652944094488188
0
LINE
8
BLACK
6
CONTINUOUS
10
3.3704316141732282
20
-3.7652944094488188
11
3.3731442519685038
21
-3.7641708267716534
0
LINE
8
BLACK
6
CONTINUOUS
10
3.3731442519685038
20
-3.7641708267716534
11
3.3750124409448818
21
-3.7637992125984252
0
LINE
8
BLACK
6
CONTINUOUS
10
3.3750124409448818
20
-3.7637992125984252
11
3.8887670866141733
21
-3.7637992125984252
0
LINE
8
BLACK
6
CONTINUOUS
10
3.8887670866141733
20
-3.7637992125984252
11
3.8906352755905509
21
-3.7641708267716534
0
LINE
8
BLACK
6
CONTINUOUS
10
3.8906352755905509
20
-3.7641708267716534
11
3.8963188188976376
21
-3.7665250000000001
0
LINE
8
BLACK
6
CONTINUOUS
10
3.8963188188976376
20
-3.7665250000000001
11
3.8963190157480314
21
-3.7665250787401572
0
LINE
8
BLACK
6
CONTINUOUS
10
3.8963190157480314
20
-3.7665250787401572
11
3.9024075984251967
21
-3.7677361811023622
0
LINE
8
BLACK
6
CONTINUOUS
10
3.9024075984251967
20
-3.7677361811023622
11
3.9024077165354329
21
-3.7677362204724409
0
LINE
8
BLACK
6
CONTINUOUS
10
3.9024077165354329
20
-3.7677362204724409
11
3.9024077952755905
21
-3.7677362204724409
0
LINE
8
BLACK
6
CONTINUOUS
10
3.9024077952755905
20
-3.7677362204724409
11
3.908615905511811
21
-3.7677362204724409
0
LINE
8
BLACK
6
CONTINUOUS
10
3.908615905511811
20
-3.7677362204724409
11
3.9086159448818898
21
-3.7677361811023622
0
LINE
8
BLACK
6
CONTINUOUS
10
3.9086159448818898
20
-3.7677361811023622
11
3.9147046062992126
21
-3.7665250787401572
0
LINE
8
BLACK
6
CONTINUOUS
10
3.9147046062992126
20
-3.7665250787401572
11
3.9176757086614171
21
-3.7652944094488188
0
LINE
8
BLACK
6
CONTINUOUS
10
3.9176757086614171
20
-3.7652944094488188
11
3.9203883464566927
21
-3.7641708267716534
0
LINE
8
BLACK
6
CONTINUOUS
10
3.9203883464566927
20
-3.7641708267716534
11
3.9222565354330707
21
-3.7637992125984252
0
LINE
8
BLACK
6
CONTINUOUS
10
3.9222565354330707
20
-3.7637992125984252
11
4.3218379527559057
21
-3.7637992125984252
0
LINE
8
BLACK
6
CONTINUOUS
10
4.3218379527559057
20
-3.7637992125984252
11
4.3237061417322833
21
-3.7641708267716534
0
LINE
8
BLACK
6
CONTINUOUS
10
4.3237061417322833
20
-3.7641708267716534
11
4.3293896850393701
21
-3.7665250000000001
0
LINE
8
BLACK
6
CONTINUOUS
10
4.3293896850393701
20
-3.7665250000000001
11
4.3293898818897638
21
-3.7665250787401572
0
LINE
8
BLACK
6
CONTINUOUS
10
4.3293898818897638
20
-3.7665250787401572
11
4.3354784645669291
21
-3.7677361811023622
0
LINE
8
BLACK
6
CONTINUOUS
10
4.3354784645669291
20
-3.7677361811023622
11
4.3354785826771653
21
-3.7677362204724409
0
LINE
8
BLACK
6
CONTINUOUS
10
4.3354785826771653
20
-3.7677362204724409
11
4.3354786614173229
21
-3.7677362204724409
0
LINE
8
BLACK
6
CONTINUOUS
10
4.3354786614173229
20
-3.7677362204724409
11
4.341686771653543
21
-3.7677362204724409
0
LINE
8
BLACK
6
CONTINUOUS
10
4.341686771653543
20
-3.7677362204724409
11
4.3416868110236218
21
-3.7677361811023622
0
LINE
8
BLACK
6
CONTINUOUS
10
4.3416868110236218
20
-3.7677361811023622
11
4.3477754724409445
21
-3.7665250787401572
0
LINE
8
BLACK
6
CONTINUOUS
10
4.3477754724409445
20
-3.7665250787401572
11
4.3507465748031491
21
-3.7652944094488188
0
LINE
8
BLACK
6
CONTINUOUS
10
4.3507465748031491
20
-3.7652944094488188
11
4.3534592125984251
21
-3.7641708267716534
0
LINE
8
BLACK
6
CONTINUOUS
10
4.3534592125984251
20
-3.7641708267716534
11
4.3553274015748027
21
-3.7637992125984252
0
LINE
8
BLACK
6
CONTINUOUS
10
4.3553274015748027
20
-3.7637992125984252
11
4.7509718110236223
21
-3.7637992125984252
0
LINE
8
BLACK
6
CONTINUOUS
10
4.7509718110236223
20
-3.7637992125984252
11
4.75284
21
-3.7641708267716534
0
LINE
8
BLACK
6
CONTINUOUS
10
4.75284
20
-3.7641708267716534
11
4.7585235433070867
21
-3.7665250000000001
0
LINE
8
BLACK
6
CONTINUOUS
10
4.7585235433070867
20
-3.7665250000000001
11
4.7585237401574805
21
-3.7665250787401572
0
LINE
8
BLACK
6
CONTINUOUS
10
4.7585237401574805
20
-3.7665250787401572
11
4.7646123228346458
21
-3.7677361811023622
0
LINE
8
BLACK
6
CONTINUOUS
10
4.7646123228346458
20
-3.7677361811023622
11
4.764612440944882
21
-3.7677362204724409
0
LINE
8
BLACK
6
CONTINUOUS
10
4.764612440944882
20
-3.7677362204724409
11
4.7646125196850395
21
-3.7677362204724409
0
LINE
8
BLACK
6
CONTINUOUS
10
4.7646125196850395
20
-3.7677362204724409
11
4.7708206299212597
21
-3.7677362204724409
0
LINE
8
BLACK
6
CONTINUOUS
10
4.7708206299212597
20
-3.7677362204724409
11
4.7708206692913384
21
-3.7677361811023622
0
LINE
8
BLACK
6
CONTINUOUS
10
4.7708206692913384
20
-3.7677361811023622
11
4.7769093307086612
21
-3.7665250787401572
0
LINE
8
BLACK
6
CONTINUOUS
10
4.7769093307086612
20
-3.7665250787401572
11
4.7826448425196846
21
-3.7641493700787403
0
LINE
8
BLACK
6
CONTINUOUS
10
4.7826448425196846
20
-3.7641493700787403
11
4.7878066535433073
21
-3.7607003543307087
0
LINE
8
BLACK
6
CONTINUOUS
10
4.7878066535433073
20
-3.7607003543307087
11
4.7921964173228346
21
-3.7563105905511809
0
LINE
8
BLACK
6
CONTINUOUS
10
4.7921964173228346
20
-3.7563105905511809
11
4.7956454330708658
21
-3.7511487795275591
0
LINE
8
BLACK
6
CONTINUOUS
10
4.7956454330708658
20
-3.7511487795275591
11
4.7980211417322831
21
-3.7454132677165353
0
LINE
8
BLACK
6
CONTINUOUS
10
4.7980211417322831
20
-3.7454132677165353
11
4.7992322834645664
21
-3.7393244881889762
0
LINE
8
BLACK
6
CONTINUOUS
10
4.7992322834645664
20
-3.7393244881889762
11
4.7992322834645664
21
-3.7331164566929131
0
LINE
8
BLACK
6
CONTINUOUS
10
4.7992322834645664
20
-3.7331164566929131
11
4.7992322834645664
21
-3.7331163385826769
0
LINE
8
BLACK
6
CONTINUOUS
10
4.7992322834645664
20
-3.7331163385826769
11
4.7992322440944877
21
-3.7331162598425194
0
LINE
8
BLACK
6
CONTINUOUS
10
4.7992322440944877
20
-3.7331162598425194
11
4.7980211811023619
21
-3.7270279527559054
0
LINE
8
BLACK
6
CONTINUOUS
10
4.7980211811023619
20
-3.7270279527559054
11
4.7980211417322831
21
-3.7270276771653541
0
LINE
8
BLACK
6
CONTINUOUS
10
4.7980211417322831
20
-3.7270276771653541
11
4.7980210629921256
21
-3.7270274803149603
0
LINE
8
BLACK
6
CONTINUOUS
10
4.7980210629921256
20
-3.7270274803149603
11
4.795645551181102
21
-3.7212924015748032
0
LINE
8
BLACK
6
CONTINUOUS
10
4.795645551181102
20
-3.7212924015748032
11
4.7956452755905508
21
-3.7212918897637794
0
LINE
8
BLACK
6
CONTINUOUS
10
4.7956452755905508
20
-3.7212918897637794
11
4.7921964173228346
21
-3.7161303543307085
0
LINE
8
BLACK
6
CONTINUOUS
10
4.7921964173228346
20
-3.7161303543307085
11
4.7921962992125984
21
-3.7161301968503935
0
LINE
8
BLACK
6
CONTINUOUS
10
4.7921962992125984
20
-3.7161301968503935
11
4.7878067716535435
21
-3.7117406692913386
0
LINE
8
BLACK
6
CONTINUOUS
10
4.7878067716535435
20
-3.7117406692913386
11
4.7878066141732285
21
-3.7117405511811024
0
LINE
8
BLACK
6
CONTINUOUS
10
4.7878066141732285
20
-3.7117405511811024
11
4.7826450787401571
21
-3.7082916929133858
0
LINE
8
BLACK
6
CONTINUOUS
10
4.7826450787401571
20
-3.7082916929133858
11
4.7826445669291333
21
-3.7082914173228345
0
LINE
8
BLACK
6
CONTINUOUS
10
4.7826445669291333
20
-3.7082914173228345
11
4.7769094881889762
21
-3.7059159055118109
0
LINE
8
BLACK
6
CONTINUOUS
10
4.7769094881889762
20
-3.7059159055118109
11
4.7769090157480312
21
-3.7059157874015747
0
LINE
8
BLACK
6
CONTINUOUS
10
4.7769090157480312
20
-3.7059157874015747
11
4.7708206692913384
21
-3.7047047244094489
0
LINE
8
BLACK
6
CONTINUOUS
10
4.7708206692913384
20
-3.7047047244094489
11
4.7708205511811022
21
-3.7047047244094489
0
LINE
8
BLACK
6
CONTINUOUS
10
4.7708205511811022
20
-3.7047047244094489
11
4.7646125196850395
21
-3.7047047244094489
0
LINE
8
BLACK
6
CONTINUOUS
10
4.7646125196850395
20
-3.7047047244094489
11
4.7646124015748033
21
-3.7047047244094489
0
LINE
8
BLACK
6
CONTINUOUS
10
4.7646124015748033
20
-3.7047047244094489
11
4.7585240157480317
21
-3.7059157874015747
0
LINE
8
BLACK
6
CONTINUOUS
10
4.7585240157480317
20
-3.7059157874015747
11
4.7585235433070867
21
-3.7059159055118109
0
LINE
8
BLACK
6
CONTINUOUS
10
4.7585235433070867
20
-3.7059159055118109
11
4.75284
21
-3.708270118110236
0
LINE
8
BLACK
6
CONTINUOUS
10
4.75284
20
-3.708270118110236
11
4.7509718110236223
21
-3.7086417322834646
0
LINE
8
BLACK
6
CONTINUOUS
10
4.7509718110236223
20
-3.7086417322834646
11
4.3553274015748027
21
-3.7086417322834646
0
LINE
8
BLACK
6
CONTINUOUS
10
4.3553274015748027
20
-3.7086417322834646
11
4.3534592125984251
21
-3.708270118110236
0
LINE
8
BLACK
6
CONTINUOUS
10
4.3534592125984251
20
-3.708270118110236
11
4.3477756299212595
21
-3.7059159055118109
0
LINE
8
BLACK
6
CONTINUOUS
10
4.3477756299212595
20
-3.7059159055118109
11
4.3477751574803145
21
-3.7059157874015747
0
LINE
8
BLACK
6
CONTINUOUS
10
4.3477751574803145
20
-3.7059157874015747
11
4.3416868110236218
21
-3.7047047244094489
0
LINE
8
BLACK
6
CONTINUOUS
10
4.3416868110236218
20
-3.7047047244094489
11
4.3416866929133855
21
-3.7047047244094489
0
LINE
8
BLACK
6
CONTINUOUS
10
4.3416866929133855
20
-3.7047047244094489
11
4.3354786614173229
21
-3.7047047244094489
0
LINE
8
BLACK
6
CONTINUOUS
10
4.3354786614173229
20
-3.7047047244094489
11
4.3354785433070866
21
-3.7047047244094489
0
LINE
8
BLACK
6
CONTINUOUS
10
4.3354785433070866
20
-3.7047047244094489
11
4.3293901574803151
21
-3.7059157874015747
0
LINE
8
BLACK
6
CONTINUOUS
10
4.3293901574803151
20
-3.7059157874015747
11
4.3293896850393701
21
-3.7059159055118109
0
LINE
8
BLACK
6
CONTINUOUS
10
4.3293896850393701
20
-3.7059159055118109
11
4.3237061417322833
21
-3.708270118110236
0
LINE
8
BLACK
6
CONTINUOUS
10
4.3237061417322833
20
-3.708270118110236
11
4.3218379527559057
21
-3.7086417322834646
0
LINE
8
BLACK
6
CONTINUOUS
10
4.3218379527559057
20
-3.7086417322834646
11
3.9222565354330707
21
-3.7086417322834646
0
LINE
8
BLACK
6
CONTINUOUS
10
3.9222565354330707
20
-3.7086417322834646
11
3.9203883464566927
21
-3.708270118110236
0
LINE
8
BLACK
6
CONTINUOUS
10
3.9203883464566927
20
-3.708270118110236
11
3.9147047637795276
21
-3.7059159055118109
0
LINE
8
BLACK
6
CONTINUOUS
10
3.9147047637795276
20
-3.7059159055118109
11
3.9147042913385826
21
-3.7059157874015747
0
LINE
8
BLACK
6
CONTINUOUS
10
3.9147042913385826
20
-3.7059157874015747
11
3.9086159448818898
21
-3.7047047244094489
0
LINE
8
BLACK
6
CONTINUOUS
10
3.9086159448818898
20
-3.7047047244094489
11
3.9086158267716535
21
-3.7047047244094489
0
LINE
8
BLACK
6
CONTINUOUS
10
3.9086158267716535
20
-3.7047047244094489
11
3.9024077952755905
21
-3.7047047244094489
0
LINE
8
BLACK
6
CONTINUOUS
10
3.9024077952755905
20
-3.7047047244094489
11
3.9024076771653542
21
-3.7047047244094489
0
LINE
8
BLACK
6
CONTINUOUS
10
3.9024076771653542
20
-3.7047047244094489
11
3.8963192913385827
21
-3.7059157874015747
0
LINE
8
BLACK
6
CONTINUOUS
10
3.8963192913385827
20
-3.7059157874015747
11
3.8963188188976376
21
-3.7059159055118109
0
LINE
8
BLACK
6
CONTINUOUS
10
3.8963188188976376
20
-3.7059159055118109
11
3.8906352755905509
21
-3.708270118110236
0
LINE
8
BLACK
6
CONTINUOUS
10
3.8906352755905509
20
-3.708270118110236
11
3.8887670866141733
21
-3.7086417322834646
0
LINE
8
BLACK
6
CONTINUOUS
10
3.8887670866141733
20
-3.7086417322834646
11
3.3750124409448818
21
-3.7086417322834646
0
LINE
8
BLACK
6
CONTINUOUS
10
3.3750124409448818
20
-3.7086417322834646
11
3.3731442519685038
21
-3.708270118110236
0
LINE
8
BLACK
6
CONTINUOUS
10
3.3731442519685038
20
-3.708270118110236
11
3.3674606692913387
21
-3.7059159055118109
0
LINE
8
BLACK
6
CONTINUOUS
10
3.3674606692913387
20
-3.7059159055118109
11
3.3674601968503937
21
-3.7059157874015747
0
LINE
8
BLACK
6
CONTINUOUS
10
3.3674601968503937
20
-3.7059157874015747
11
3.3613718503937009
21
-3.7047047244094489
0
LINE
8
BLACK
6
CONTINUOUS
10
3.3613718503937009
20
-3.7047047244094489
11
3.3613717322834646
21
-3.7047047244094489
0
LINE
8
BLACK
6
CONTINUOUS
10
3.3613717322834646
20
-3.7047047244094489
11
3.3551637007874016
21
-3.7047047244094489
0
LINE
8
BLACK
6
CONTINUOUS
10
3.3551637007874016
20
-3.7047047244094489
11
3.3551635826771653
21
-3.7047047244094489
0
LINE
8
BLACK
6
CONTINUOUS
10
3.3551635826771653
20
-3.7047047244094489
11
3.3490751968503938
21
-3.7059157874015747
0
LINE
8
BLACK
6
CONTINUOUS
10
3.3490751968503938
20
-3.7059157874015747
11
3.3490747244094488
21
-3.7059159055118109
0
LINE
8
BLACK
6
CONTINUOUS
10
3.3490747244094488
20
-3.7059159055118109
11
3.3433396456692912
21
-3.7082914173228345
0
LINE
8
BLACK
6
CONTINUOUS
10
3.3433396456692912
20
-3.7082914173228345
11
3.3433391338582674
21
-3.7082916929133858
0
LINE
8
BLACK
6
CONTINUOUS
10
3.3433391338582674
20
-3.7082916929133858
11
3.3381775984251969
21
-3.7117405511811024
0
LINE
8
BLACK
6
CONTINUOUS
10
3.3381775984251969
20
-3.7117405511811024
11
3.3381774409448819
21
-3.7117406692913386
0
LINE
8
BLACK
6
CONTINUOUS
10
3.3381774409448819
20
-3.7117406692913386
11
3.3337879133858266
21
-3.7161301968503935
0
LINE
8
BLACK
6
CONTINUOUS
10
3.3337879133858266
20
-3.7161301968503935
11
3.3337877952755903
21
-3.7161303543307085
0
LINE
8
BLACK
6
CONTINUOUS
10
3.3337877952755903
20
-3.7161303543307085
11
3.3303389370078738
21
-3.7212918897637794
0
LINE
8
BLACK
6
CONTINUOUS
10
3.3303389370078738
20
-3.7212918897637794
11
3.3303386614173229
21
-3.7212924015748032
0
LINE
8
BLACK
6
CONTINUOUS
10
3.3303386614173229
20
-3.7212924015748032
11
3.3279631496062994
21
-3.7270274803149603
0
LINE
8
BLACK
6
CONTINUOUS
10
3.3279631496062994
20
-3.7270274803149603
11
3.3279630314960631
21
-3.7270279527559054
0
LINE
8
BLACK
6
CONTINUOUS
10
3.3279630314960631
20
-3.7270279527559054
11
3.3267519685039368
21
-3.7331162598425194
0
LINE
8
BLACK
6
CONTINUOUS
10
3.3267519685039368
20
-3.7331162598425194
11
3.3267519685039368
21
-3.7393246456692912
0
LINE
8
BLACK
6
CONTINUOUS
10
3.8356102362204725
20
-4.7686194488188978
11
3.8361109448818898
21
-4.7724224803149609
0
LINE
8
BLACK
6
CONTINUOUS
10
3.8361109448818898
20
-4.7724224803149609
11
3.8368736614173229
21
-4.7782156299212595
0
LINE
8
BLACK
6
CONTINUOUS
10
3.8368736614173229
20
-4.7782156299212595
11
3.8376734251968503
21
-4.7812003937007876
0
LINE
8
BLACK
6
CONTINUOUS
10
3.8376734251968503
20
-4.7812003937007876
11
3.8393788188976377
21
-4.7875650393700786
0
LINE
8
BLACK
6
CONTINUOUS
10
3.8393788188976377
20
-4.7875650393700786
11
3.8393789370078739
21
-4.7875654330708661
0
LINE
8
BLACK
6
CONTINUOUS
10
3.8393789370078739
20
-4.7875654330708661
11
3.8430827952755906
21
-4.7965072834645666
0
LINE
8
BLACK
6
CONTINUOUS
10
3.8430827952755906
20
-4.7965072834645666
11
3.8430829527559056
21
-4.7965076377952753
0
LINE
8
BLACK
6
CONTINUOUS
10
3.8430829527559056
20
-4.7965076377952753
11
3.843968661417323
21
-4.7980417322834645
0
LINE
8
BLACK
6
CONTINUOUS
10
3.843968661417323
20
-4.7980417322834645
11
3.8479225590551178
21
-4.8048900787401569
0
LINE
8
BLACK
6
CONTINUOUS
10
3.8479225590551178
20
-4.8048900787401569
11
3.8479226377952753
21
-4.8048901968503932
0
LINE
8
BLACK
6
CONTINUOUS
10
3.8479226377952753
20
-4.8048901968503932
11
3.8479226771653541
21
-4.804890236220472
0
LINE
8
BLACK
6
CONTINUOUS
10
3.8479226771653541
20
-4.804890236220472
11
3.853814842519685
21
-4.81256905511811
0
LINE
8
BLACK
6
CONTINUOUS
10
3.853814842519685
20
-4.81256905511811
11
3.8538150787401575
21
-4.8125693307086612
0
LINE
8
BLACK
6
CONTINUOUS
10
3.8538150787401575
20
-4.8125693307086612
11
3.8606589763779526
21
-4.8194132283464564
0
LINE
8
BLACK
6
CONTINUOUS
10
3.8606589763779526
20
-4.8194132283464564
11
3.8606592125984251
21
-4.8194134251968501
0
LINE
8
BLACK
6
CONTINUOUS
10
3.8606592125984251
20
-4.8194134251968501
11
3.8683382677165352
21
-4.8253057874015743
0
LINE
8
BLACK
6
CONTINUOUS
10
3.8683382677165352
20
-4.8253057874015743
11
3.8767207874015748
21
-4.8301454330708662
0
LINE
8
BLACK
6
CONTINUOUS
10
3.8767207874015748
20
-4.8301454330708662
11
3.8856632677165353
21
-4.8338495275590549
0
LINE
8
BLACK
6
CONTINUOUS
10
3.8856632677165353
20
-4.8338495275590549
11
3.8950127165354331
21
-4.8363546850393702
0
LINE
8
BLACK
6
CONTINUOUS
10
3.8950127165354331
20
-4.8363546850393702
11
3.9046091732283466
21
-4.8376181102362201
0
LINE
8
BLACK
6
CONTINUOUS
10
3.9046091732283466
20
-4.8376181102362201
11
3.9046094488188974
21
-4.8376181102362201
0
LINE
8
BLACK
6
CONTINUOUS
10
3.9046094488188974
20
-4.8376181102362201
11
3.9142881889763776
21
-4.8376181102362201
0
LINE
8
BLACK
6
CONTINUOUS
10
3.9142881889763776
20
-4.8376181102362201
11
3.9142884645669289
21
-4.8376181102362201
0
LINE
8
BLACK
6
CONTINUOUS
10
3.9142884645669289
20
-4.8376181102362201
11
3.9238849212598423
21
-4.8363546850393702
0
LINE
8
BLACK
6
CONTINUOUS
10
3.9238849212598423
20
-4.8363546850393702
11
3.9332343700787402
21
-4.8338495275590549
0
LINE
8
BLACK
6
CONTINUOUS
10
3.9332343700787402
20
-4.8338495275590549
11
3.9421768503937007
21
-4.8301454330708662
0
LINE
8
BLACK
6
CONTINUOUS
10
3.9421768503937007
20
-4.8301454330708662
11
3.9505593700787403
21
-4.8253057874015743
0
LINE
8
BLACK
6
CONTINUOUS
10
3.9505593700787403
20
-4.8253057874015743
11
3.9582384251968503
21
-4.8194134251968501
0
LINE
8
BLACK
6
CONTINUOUS
10
3.9582384251968503
20
-4.8194134251968501
11
3.965082716535433
21
-4.8125691338582675
0
LINE
8
BLACK
6
CONTINUOUS
10
3.965082716535433
20
-4.8125691338582675
11
3.9709750787401572
21
-4.8048900787401569
0
LINE
8
BLACK
6
CONTINUOUS
10
3.9709750787401572
20
-4.8048900787401569
11
3.9758147244094486
21
-4.7965075590551178
0
LINE
8
BLACK
6
CONTINUOUS
10
3.9758147244094486
20
-4.7965075590551178
11
3.9795188188976378
21
-4.7875650787401574
0
LINE
8
BLACK
6
CONTINUOUS
10
3.9795188188976378
20
-4.7875650787401574
11
3.9820239763779526
21
-4.7782156299212595
0
LINE
8
BLACK
6
CONTINUOUS
10
3.9820239763779526
20
-4.7782156299212595
11
3.983287401574803
21
-4.7686191732283465
0
LINE
8
BLACK
6
CONTINUOUS
10
3.983287401574803
20
-4.7686191732283465
11
3.983287401574803
21
-4.7589398818897637
0
LINE
8
BLACK
6
CONTINUOUS
10
3.983287401574803
20
-4.7589398818897637
11
3.9820239763779526
21
-4.7493434251968507
0
LINE
8
BLACK
6
CONTINUOUS
10
3.9820239763779526
20
-4.7493434251968507
11
3.9795188188976378
21
-4.7399939763779528
0
LINE
8
BLACK
6
CONTINUOUS
10
3.9795188188976378
20
-4.7399939763779528
11
3.9758147244094486
21
-4.7310514960629924
0
LINE
8
BLACK
6
CONTINUOUS
10
3.9758147244094486
20
-4.7310514960629924
11
3.9709750787401572
21
-4.7226689763779524
0
LINE
8
BLACK
6
CONTINUOUS
10
3.9709750787401572
20
-4.7226689763779524
11
3.965082716535433
21
-4.7149899212598427
0
LINE
8
BLACK
6
CONTINUOUS
10
3.965082716535433
20
-4.7149899212598427
11
3.9650825196850392
21
-4.7149896850393702
0
LINE
8
BLACK
6
CONTINUOUS
10
3.9650825196850392
20
-4.7149896850393702
11
3.9582386220472441
21
-4.7081457874015751
0
LINE
8
BLACK
6
CONTINUOUS
10
3.9582386220472441
20
-4.7081457874015751
11
3.9582383464566928
21
-4.7081455511811026
0
LINE
8
BLACK
6
CONTINUOUS
10
3.9582383464566928
20
-4.7081455511811026
11
3.9505595275590548
21
-4.7022533858267712
0
LINE
8
BLACK
6
CONTINUOUS
10
3.9505595275590548
20
-4.7022533858267712
11
3.9505594881889765
21
-4.7022533464566925
0
LINE
8
BLACK
6
CONTINUOUS
10
3.9505594881889765
20
-4.7022533464566925
11
3.9505593700787403
21
-4.702253267716535
0
LINE
8
BLACK
6
CONTINUOUS
10
3.9505593700787403
20
-4.702253267716535
11
3.9421768503937007
21
-4.697413622047244
0
LINE
8
BLACK
6
CONTINUOUS
10
3.9421768503937007
20
-4.697413622047244
11
3.9403573622047241
21
-4.6966599606299209
0
LINE
8
BLACK
6
CONTINUOUS
10
3.9403573622047241
20
-4.6966599606299209
11
3.9332347244094485
21
-4.6937096456692915
0
LINE
8
BLACK
6
CONTINUOUS
10
3.9332347244094485
20
-4.6937096456692915
11
3.9332344488188977
21
-4.693709566929134
0
LINE
8
BLACK
6
CONTINUOUS
10
3.9332344488188977
20
-4.693709566929134
11
3.9332343700787402
21
-4.6937095275590552
0
LINE
8
BLACK
6
CONTINUOUS
10
3.9332343700787402
20
-4.6937095275590552
11
3.9238849212598423
21
-4.69120437007874
0
LINE
8
BLACK
6
CONTINUOUS
10
3.9238849212598423
20
-4.69120437007874
11
3.9222810629921261
21
-4.6909931889763774
0
LINE
8
BLACK
6
CONTINUOUS
10
3.9222810629921261
20
-4.6909931889763774
11
3.9142887401574802
21
-4.6899409448818901
0
LINE
8
BLACK
6
CONTINUOUS
10
3.9142887401574802
20
-4.6899409448818901
11
3.9142884645669289
21
-4.6899409448818901
0
LINE
8
BLACK
6
CONTINUOUS
10
3.9142884645669289
20
-4.6899409448818901
11
3.9046091732283466
21
-4.6899409448818901
0
LINE
8
BLACK
6
CONTINUOUS
10
3.9046091732283466
20
-4.6899409448818901
11
3.9046088582677165
21
-4.6899409448818901
0
LINE
8
BLACK
6
CONTINUOUS
10
3.9046088582677165
20
-4.6899409448818901
11
3.8954747637795273
21
-4.691143503937008
0
LINE
8
BLACK
6
CONTINUOUS
10
3.8954747637795273
20
-4.691143503937008
11
3.8950127165354331
21
-4.69120437007874
0
LINE
8
BLACK
6
CONTINUOUS
10
3.8950127165354331
20
-4.69120437007874
11
3.8880763385826769
21
-4.6930629527559056
0
LINE
8
BLACK
6
CONTINUOUS
10
3.8880763385826769
20
-4.6930629527559056
11
3.8856632677165353
21
-4.6937095275590552
0
LINE
8
BLACK
6
CONTINUOUS
10
3.8856632677165353
20
-4.6937095275590552
11
3.8856628740157477
21
-4.6937096456692915
0
LINE
8
BLACK
6
CONTINUOUS
10
3.8856628740157477
20
-4.6937096456692915
11
3.8767210236220473
21
-4.6974135039370077
0
LINE
8
BLACK
6
CONTINUOUS
10
3.8767210236220473
20
-4.6974135039370077
11
3.8767206692913385
21
-4.6974136614173227
0
LINE
8
BLACK
6
CONTINUOUS
10
3.8767206692913385
20
-4.6974136614173227
11
3.8683380708661415
21
-4.7022533858267712
0
LINE
8
BLACK
6
CONTINUOUS
10
3.8683380708661415
20
-4.7022533858267712
11
3.8606592519685039
21
-4.7081455511811026
0
LINE
8
BLACK
6
CONTINUOUS
10
3.8606592519685039
20
-4.7081455511811026
11
3.8606589763779526
21
-4.7081457874015751
0
LINE
8
BLACK
6
CONTINUOUS
10
3.8606589763779526
20
-4.7081457874015751
11
3.8538150787401575
21
-4.7149896850393702
0
LINE
8
BLACK
6
CONTINUOUS
10
3.8538150787401575
20
-4.7149896850393702
11
3.853814842519685
21
-4.7149899606299215
0
LINE
8
BLACK
6
CONTINUOUS
10
3.853814842519685
20
-4.7149899606299215
11
3.8479226771653541
21
-4.7226687795275586
0
LINE
8
BLACK
6
CONTINUOUS
10
3.8479226771653541
20
-4.7226687795275586
11
3.8430829527559056
21
-4.7310513779527561
0
LINE
8
BLACK
6
CONTINUOUS
10
3.8430829527559056
20
-4.7310513779527561
11
3.8430827952755906
21
-4.7310517322834649
0
LINE
8
BLACK
6
CONTINUOUS
10
3.8430827952755906
20
-4.7310517322834649
11
3.8393789370078739
21
-4.7399935826771653
0
LINE
8
BLACK
6
CONTINUOUS
10
3.8393789370078739
20
-4.7399935826771653
11
3.8393788188976377
21
-4.7399939763779528
0
LINE
8
BLACK
6
CONTINUOUS
10
3.8393788188976377
20
-4.7399939763779528
11
3.8368737007874016
21
-4.7493433070866145
0
LINE
8
BLACK
6
CONTINUOUS
10
3.8368737007874016
20
-4.7493433070866145
11
3.8368736220472441
21
-4.7493437401574798
0
LINE
8
BLACK
6
CONTINUOUS
10
3.8368736220472441
20
-4.7493437401574798
11
3.8356102362204725
21
-4.7589395669291337
0
LINE
8
BLACK
6
CONTINUOUS
10
3.8356102362204725
20
-4.7589395669291337
11
3.8356102362204725
21
-4.7686194488188978
0
LINE
8
BLACK
6
CONTINUOUS
10
3.4921259842519685
20
-4.0243327559055118
11
3.4935800787401572
21
-4.0335136614173228
0
LINE
8
BLACK
6
CONTINUOUS
10
3.4935800787401572
20
-4.0335136614173228
11
3.4964526377952754
21
-4.0423544094488184
0
LINE
8
BLACK
6
CONTINUOUS
10
3.4964526377952754
20
-4.0423544094488184
11
3.500672716535433
21
-4.0506367716535436
0
LINE
8
BLACK
6
CONTINUOUS
10
3.500672716535433
20
-4.0506367716535436
11
3.5030448031496064
21
-4.0539017322834647
0
LINE
8
BLACK
6
CONTINUOUS
10
3.5030448031496064
20
-4.0539017322834647
11
3.5030448818897635
21
-4.0539017716535435
0
LINE
8
BLACK
6
CONTINUOUS
10
3.5030448818897635
20
-4.0539017716535435
11
3.5173581496062991
21
-4.0395884645669291
0
LINE
8
BLACK
6
CONTINUOUS
10
3.5173581496062991
20
-4.0395884645669291
11
3.5164598031496062
21
-4.0382439763779523
0
LINE
8
BLACK
6
CONTINUOUS
10
3.5164598031496062
20
-4.0382439763779523
11
3.5135062992125983
21
-4.0311135826771656
0
LINE
8
BLACK
6
CONTINUOUS
10
3.5135062992125983
20
-4.0311135826771656
11
3.5120005905511809
21
-4.0235439763779528
0
LINE
8
BLACK
6
CONTINUOUS
10
3.5120005905511809
20
-4.0235439763779528
11
3.5120005905511809
21
-4.0158261023622046
0
LINE
8
BLACK
6
CONTINUOUS
10
3.5120005905511809
20
-4.0158261023622046
11
3.5135062992125983
21
-4.0082564960629918
0
LINE
8
BLACK
6
CONTINUOUS
10
3.5135062992125983
20
-4.0082564960629918
11
3.5164598031496062
21
-4.0011261023622042
0
LINE
8
BLACK
6
CONTINUOUS
10
3.5164598031496062
20
-4.0011261023622042
11
3.5173581889763779
21
-3.9997815748031496
0
LINE
8
BLACK
6
CONTINUOUS
10
3.5173581889763779
20
-3.9997815748031496
11
3.5030448818897635
21
-3.9854682677165352
0
LINE
8
BLACK
6
CONTINUOUS
10
3.5030448818897635
20
-3.9854682677165352
11
3.5006725984251967
21
-3.9887334645669292
0
LINE
8
BLACK
6
CONTINUOUS
10
3.5006725984251967
20
-3.9887334645669292
11
3.4964526377952754
21
-3.9970156299212598
0
LINE
8
BLACK
6
CONTINUOUS
10
3.4964526377952754
20
-3.9970156299212598
11
3.4935800787401572
21
-4.0058563779527558
0
LINE
8
BLACK
6
CONTINUOUS
10
3.4935800787401572
20
-4.0058563779527558
11
3.4921259842519685
21
-4.0150372834645669
0
LINE
8
BLACK
6
CONTINUOUS
10
3.4921259842519685
20
-4.0150372834645669
11
3.4921259842519685
21
-4.0243327559055118
0
LINE
8
BLACK
6
CONTINUOUS
10
2.7750505118110236
20
-4.4807648425196849
11
2.780300157480315
21
-4.4827228740157476
0
LINE
8
BLACK
6
CONTINUOUS
10
2.780300157480315
20
-4.4827228740157476
11
2.7847855511811024
21
-4.4860805905511807
0
LINE
8
BLACK
6
CONTINUOUS
10
2.7847855511811024
20
-4.4860805905511807
11
2.7881432677165354
21
-4.4905659842519681
0
LINE
8
BLACK
6
CONTINUOUS
10
2.7881432677165354
20
-4.4905659842519681
11
2.7901012992125982
21
-4.4958156299212595
0
LINE
8
BLACK
6
CONTINUOUS
10
2.7901012992125982
20
-4.4958156299212595
11
2.7905511811023622
21
-4.5
0
LINE
8
BLACK
6
CONTINUOUS
10
2.7905511811023622
20
-4.5
11
2.7905511811023622
21
-4.5393700787401574
0
LINE
8
BLACK
6
CONTINUOUS
10
2.7905511811023622
20
-4.5393700787401574
11
2.7901012992125982
21
-4.5435544488188979
0
LINE
8
BLACK
6
CONTINUOUS
10
2.7901012992125982
20
-4.5435544488188979
11
2.7881432677165354
21
-4.5488040944881885
0
LINE
8
BLACK
6
CONTINUOUS
10
2.7881432677165354
20
-4.5488040944881885
11
2.7847855511811024
21
-4.5532894881889758
0
LINE
8
BLACK
6
CONTINUOUS
10
2.7847855511811024
20
-4.5532894881889758
11
2.780300157480315
21
-4.5566472047244098
0
LINE
8
BLACK
6
CONTINUOUS
10
2.780300157480315
20
-4.5566472047244098
11
2.7750505118110236
21
-4.5586052362204725
0
LINE
8
BLACK
6
CONTINUOUS
10
2.7750505118110236
20
-4.5586052362204725
11
2.7708661417322835
21
-4.5590551181102361
0
LINE
8
BLACK
6
CONTINUOUS
10
2.7708661417322835
20
-4.5590551181102361
11
2.7314960629921261
21
-4.5590551181102361
0
LINE
8
BLACK
6
CONTINUOUS
10
2.7314960629921261
20
-4.5590551181102361
11
2.7273116929133856
21
-4.5586052362204725
0
LINE
8
BLACK
6
CONTINUOUS
10
2.7273116929133856
20
-4.5586052362204725
11
2.7220620472440946
21
-4.5566472047244098
0
LINE
8
BLACK
6
CONTINUOUS
10
2.7220620472440946
20
-4.5566472047244098
11
2.7175766535433072
21
-4.5532894881889758
0
LINE
8
BLACK
6
CONTINUOUS
10
2.7175766535433072
20
-4.5532894881889758
11
2.7142189370078738
21
-4.5488040944881885
0
LINE
8
BLACK
6
CONTINUOUS
10
2.7142189370078738
20
-4.5488040944881885
11
2.712260905511811
21
-4.5435544488188979
0
LINE
8
BLACK
6
CONTINUOUS
10
2.712260905511811
20
-4.5435544488188979
11
2.7118110236220474
21
-4.5393700787401574
0
LINE
8
BLACK
6
CONTINUOUS
10
2.7118110236220474
20
-4.5393700787401574
11
2.7118110236220474
21
-4.5
0
LINE
8
BLACK
6
CONTINUOUS
10
2.7118110236220474
20
-4.5
11
2.712260905511811
21
-4.4958156299212595
0
LINE
8
BLACK
6
CONTINUOUS
10
2.712260905511811
20
-4.4958156299212595
11
2.7142189370078738
21
-4.4905659842519681
0
LINE
8
BLACK
6
CONTINUOUS
10
2.7142189370078738
20
-4.4905659842519681
11
2.7175766535433072
21
-4.4860805905511807
0
LINE
8
BLACK
6
CONTINUOUS
10
2.7175766535433072
20
-4.4860805905511807
11
2.7220620472440946
21
-4.4827228740157476
0
LINE
8
BLACK
6
CONTINUOUS
10
2.7220620472440946
20
-4.4827228740157476
11
2.7273116929133856
21
-4.4807648425196849
0
LINE
8
BLACK
6
CONTINUOUS
10
2.7273116929133856
20
-4.4807648425196849
11
2.7314960629921261
21
-4.4803149606299213
0
LINE
8
BLACK
6
CONTINUOUS
10
2.7314960629921261
20
-4.4803149606299213
11
2.7708661417322835
21
-4.4803149606299213
0
LINE
8
BLACK
6
CONTINUOUS
10
2.7708661417322835
20
-4.4803149606299213
11
2.7750505118110236
21
-4.4807648425196849
0
LINE
8
BLACK
6
CONTINUOUS
10
2.7626096456692912
20
-4.2820102755905509
11
2.7697400393700788
21
-4.2849637795275592
0
LINE
8
BLACK
6
CONTINUOUS
10
2.7697400393700788
20
-4.2849637795275592
11
2.7761572047244094
21
-4.289251614173228
0
LINE
8
BLACK
6
CONTINUOUS
10
2.7761572047244094
20
-4.289251614173228
11
2.7816145669291337
21
-4.2947089763779527
0
LINE
8
BLACK
6
CONTINUOUS
10
2.7816145669291337
20
-4.2947089763779527
11
2.7859024015748033
21
-4.3011261417322837
0
LINE
8
BLACK
6
CONTINUOUS
10
2.7859024015748033
20
-4.3011261417322837
11
2.7888559055118112
21
-4.3082565354330704
0
LINE
8
BLACK
6
CONTINUOUS
10
2.7888559055118112
20
-4.3082565354330704
11
2.7903616141732281
21
-4.3158261417322832
0
LINE
8
BLACK
6
CONTINUOUS
10
2.7903616141732281
20
-4.3158261417322832
11
2.7903616141732281
21
-4.3235440157480314
0
LINE
8
BLACK
6
CONTINUOUS
10
2.7903616141732281
20
-4.3235440157480314
11
2.7888559055118112
21
-4.3311136220472441
0
LINE
8
BLACK
6
CONTINUOUS
10
2.7888559055118112
20
-4.3311136220472441
11
2.7859024015748033
21
-4.3382440157480318
0
LINE
8
BLACK
6
CONTINUOUS
10
2.7859024015748033
20
-4.3382440157480318
11
2.7816145669291337
21
-4.3446611811023619
0
LINE
8
BLACK
6
CONTINUOUS
10
2.7816145669291337
20
-4.3446611811023619
11
2.7761572047244094
21
-4.3501185433070866
0
LINE
8
BLACK
6
CONTINUOUS
10
2.7761572047244094
20
-4.3501185433070866
11
2.7697400393700788
21
-4.3544063779527562
0
LINE
8
BLACK
6
CONTINUOUS
10
2.7697400393700788
20
-4.3544063779527562
11
2.7626096456692912
21
-4.3573598818897636
0
LINE
8
BLACK
6
CONTINUOUS
10
2.7626096456692912
20
-4.3573598818897636
11
2.7550400393700785
21
-4.3588655905511811
0
LINE
8
BLACK
6
CONTINUOUS
10
2.7550400393700785
20
-4.3588655905511811
11
2.7473221653543307
21
-4.3588655905511811
0
LINE
8
BLACK
6
CONTINUOUS
10
2.7473221653543307
20
-4.3588655905511811
11
2.7397525590551179
21
-4.3573598818897636
0
LINE
8
BLACK
6
CONTINUOUS
10
2.7397525590551179
20
-4.3573598818897636
11
2.7326221653543308
21
-4.3544063779527562
0
LINE
8
BLACK
6
CONTINUOUS
10
2.7326221653543308
20
-4.3544063779527562
11
2.7262049999999998
21
-4.3501185433070866
0
LINE
8
BLACK
6
CONTINUOUS
10
2.7262049999999998
20
-4.3501185433070866
11
2.7207476377952755
21
-4.3446611811023619
0
LINE
8
BLACK
6
CONTINUOUS
10
2.7207476377952755
20
-4.3446611811023619
11
2.7164598031496063
21
-4.3382440157480318
0
LINE
8
BLACK
6
CONTINUOUS
10
2.7164598031496063
20
-4.3382440157480318
11
2.7135062992125984
21
-4.3311136220472441
0
LINE
8
BLACK
6
CONTINUOUS
10
2.7135062992125984
20
-4.3311136220472441
11
2.712000590551181
21
-4.3235440157480314
0
LINE
8
BLACK
6
CONTINUOUS
10
2.712000590551181
20
-4.3235440157480314
11
2.712000590551181
21
-4.3158261417322832
0
LINE
8
BLACK
6
CONTINUOUS
10
2.712000590551181
20
-4.3158261417322832
11
2.7135062992125984
21
-4.3082565354330704
0
LINE
8
BLACK
6
CONTINUOUS
10
2.7135062992125984
20
-4.3082565354330704
11
2.7164598031496063
21
-4.3011261417322837
0
LINE
8
BLACK
6
CONTINUOUS
10
2.7164598031496063
20
-4.3011261417322837
11
2.7207476377952755
21
-4.2947089763779527
0
LINE
8
BLACK
6
CONTINUOUS
10
2.7207476377952755
20
-4.2947089763779527
11
2.7262049999999998
21
-4.289251614173228
0
LINE
8
BLACK
6
CONTINUOUS
10
2.7262049999999998
20
-4.289251614173228
11
2.7326221653543308
21
-4.2849637795275592
0
LINE
8
BLACK
6
CONTINUOUS
10
2.7326221653543308
20
-4.2849637795275592
11
2.7397525590551179
21
-4.2820102755905509
0
LINE
8
BLACK
6
CONTINUOUS
10
2.7397525590551179
20
-4.2820102755905509
11
2.7473221653543307
21
-4.2805045669291335
0
LINE
8
BLACK
6
CONTINUOUS
10
2.7473221653543307
20
-4.2805045669291335
11
2.7550400393700785
21
-4.2805045669291335
0
LINE
8
BLACK
6
CONTINUOUS
10
2.7550400393700785
20
-4.2805045669291335
11
2.7626096456692912
21
-4.2820102755905509
0
LINE
8
BLACK
6
CONTINUOUS
10
2.7626096456692912
20
-3.9820102362204723
11
2.7697400393700788
21
-3.9849637401574802
0
LINE
8
BLACK
6
CONTINUOUS
10
2.7697400393700788
20
-3.9849637401574802
11
2.7761572047244094
21
-3.9892515748031494
0
LINE
8
BLACK
6
CONTINUOUS
10
2.7761572047244094
20
-3.9892515748031494
11
2.7816145669291337
21
-3.9947089370078741
0
LINE
8
BLACK
6
CONTINUOUS
10
2.7816145669291337
20
-3.9947089370078741
11
2.7859024015748033
21
-4.0011261023622042
0
LINE
8
BLACK
6
CONTINUOUS
10
2.7859024015748033
20
-4.0011261023622042
11
2.7888559055118112
21
-4.0082564960629918
0
LINE
8
BLACK
6
CONTINUOUS
10
2.7888559055118112
20
-4.0082564960629918
11
2.7903616141732281
21
-4.0158261023622046
0
LINE
8
BLACK
6
CONTINUOUS
10
2.7903616141732281
20
-4.0158261023622046
11
2.7903616141732281
21
-4.0235439763779528
0
LINE
8
BLACK
6
CONTINUOUS
10
2.7903616141732281
20
-4.0235439763779528
11
2.7888559055118112
21
-4.0311135826771656
0
LINE
8
BLACK
6
CONTINUOUS
10
2.7888559055118112
20
-4.0311135826771656
11
2.7859024015748033
21
-4.0382439763779523
0
LINE
8
BLACK
6
CONTINUOUS
10
2.7859024015748033
20
-4.0382439763779523
11
2.7816145669291337
21
-4.0446611417322833
0
LINE
8
BLACK
6
CONTINUOUS
10
2.7816145669291337
20
-4.0446611417322833
11
2.7761572047244094
21
-4.050118503937008
0
LINE
8
BLACK
6
CONTINUOUS
10
2.7761572047244094
20
-4.050118503937008
11
2.7697400393700788
21
-4.0544063385826767
0
LINE
8
BLACK
6
CONTINUOUS
10
2.7697400393700788
20
-4.0544063385826767
11
2.7626096456692912
21
-4.0573598425196851
0
LINE
8
BLACK
6
CONTINUOUS
10
2.7626096456692912
20
-4.0573598425196851
11
2.7550400393700785
21
-4.0588655511811025
0
LINE
8
BLACK
6
CONTINUOUS
10
2.7550400393700785
20
-4.0588655511811025
11
2.7473221653543307
21
-4.0588655511811025
0
LINE
8
BLACK
6
CONTINUOUS
10
2.7473221653543307
20
-4.0588655511811025
11
2.7397525590551179
21
-4.0573598425196851
0
LINE
8
BLACK
6
CONTINUOUS
10
2.7397525590551179
20
-4.0573598425196851
11
2.7326221653543308
21
-4.0544063385826767
0
LINE
8
BLACK
6
CONTINUOUS
10
2.7326221653543308
20
-4.0544063385826767
11
2.7262049999999998
21
-4.050118503937008
0
LINE
8
BLACK
6
CONTINUOUS
10
2.7262049999999998
20
-4.050118503937008
11
2.7207476377952755
21
-4.0446611417322833
0
LINE
8
BLACK
6
CONTINUOUS
10
2.7207476377952755
20
-4.0446611417322833
11
2.7164598031496063
21
-4.0382439763779523
0
LINE
8
BLACK
6
CONTINUOUS
10
2.7164598031496063
20
-4.0382439763779523
11
2.7135062992125984
21
-4.0311135826771656
0
LINE
8
BLACK
6
CONTINUOUS
10
2.7135062992125984
20
-4.0311135826771656
11
2.712000590551181
21
-4.0235439763779528
0
LINE
8
BLACK
6
CONTINUOUS
10
2.712000590551181
20
-4.0235439763779528
11
2.712000590551181
21
-4.0158261023622046
0
LINE
8
BLACK
6
CONTINUOUS
10
2.712000590551181
20
-4.0158261023622046
11
2.7135062992125984
21
-4.0082564960629918
0
LINE
8
BLACK
6
CONTINUOUS
10
2.7135062992125984
20
-4.0082564960629918
11
2.7164598031496063
21
-4.0011261023622042
0
LINE
8
BLACK
6
CONTINUOUS
10
2.7164598031496063
20
-4.0011261023622042
11
2.7207476377952755
21
-3.9947089370078741
0
LINE
8
BLACK
6
CONTINUOUS
10
2.7207476377952755
20
-3.9947089370078741
11
2.7262049999999998
21
-3.9892515748031494
0
LINE
8
BLACK
6
CONTINUOUS
10
2.7262049999999998
20
-3.9892515748031494
11
2.7326221653543308
21
-3.9849637401574802
0
LINE
8
BLACK
6
CONTINUOUS
10
2.7326221653543308
20
-3.9849637401574802
11
2.7397525590551179
21
-3.9820102362204723
0
LINE
8
BLACK
6
CONTINUOUS
10
2.7397525590551179
20
-3.9820102362204723
11
2.7473221653543307
21
-3.9805045275590549
0
LINE
8
BLACK
6
CONTINUOUS
10
2.7473221653543307
20
-3.9805045275590549
11
2.7550400393700785
21
-3.9805045275590549
0
LINE
8
BLACK
6
CONTINUOUS
10
2.7550400393700785
20
-3.9805045275590549
11
2.7626096456692912
21
-3.9820102362204723
0
LINE
8
BLACK
6
CONTINUOUS
10
4.1166141732283466
20
-3.3055905511811021
11
4.0566141732283461
21
-3.3055905511811021
0
LINE
8
BLACK
6
CONTINUOUS
10
4.0566141732283461
20
-3.3055905511811021
11
4.0566141732283461
21
-3.2455905511811021
0
LINE
8
BLACK
6
CONTINUOUS
10
4.0566141732283461
20
-3.2455905511811021
11
4.1166141732283466
21
-3.2455905511811021
0
LINE
8
BLACK
6
CONTINUOUS
10
4.1166141732283466
20
-3.2455905511811021
11
4.1166141732283466
21
-3.3055905511811021
0
LINE
8
BLACK
6
CONTINUOUS
10
4.1166141732283466
20
-3.205590472440945
11
4.0566141732283461
21
-3.205590472440945
0
LINE
8
BLACK
6
CONTINUOUS
10
4.0566141732283461
20
-3.205590472440945
11
4.0566141732283461
21
-3.1455904724409449
0
LINE
8
BLACK
6
CONTINUOUS
10
4.0566141732283461
20
-3.1455904724409449
11
4.1166141732283466
21
-3.1455904724409449
0
LINE
8
BLACK
6
CONTINUOUS
10
4.1166141732283466
20
-3.1455904724409449
11
4.1166141732283466
21
-3.205590472440945
0
LINE
8
BLACK
6
CONTINUOUS
10
4.816678858267716
20
-2.6464442913385828
11
4.8184802362204726
21
-2.6485231889763781
0
LINE
8
BLACK
6
CONTINUOUS
10
4.8184802362204726
20
-2.6485231889763781
11
4.8189213779527558
21
-2.6505273228346455
0
LINE
8
BLACK
6
CONTINUOUS
10
4.8189213779527558
20
-2.6505273228346455
11
4.8233299999999995
21
-3.552830748031496
0
LINE
8
BLACK
6
CONTINUOUS
10
4.8233299999999995
20
-3.552830748031496
11
4.8225679133858268
21
-3.5554738582677166
0
LINE
8
BLACK
6
CONTINUOUS
10
4.8225679133858268
20
-3.5554738582677166
11
4.8204978346456695
21
-3.5572853543307086
0
LINE
8
BLACK
6
CONTINUOUS
10
4.8204978346456695
20
-3.5572853543307086
11
4.8185636614173228
21
-3.5577351181102363
0
LINE
8
BLACK
6
CONTINUOUS
10
4.8185636614173228
20
-3.5577351181102363
11
4.8029701968503939
21
-3.5581042125984252
0
LINE
8
BLACK
6
CONTINUOUS
10
4.8029701968503939
20
-3.5581042125984252
11
4.8003132677165352
21
-3.5573919291338583
0
LINE
8
BLACK
6
CONTINUOUS
10
4.8003132677165352
20
-3.5573919291338583
11
4.7984631889763776
21
-3.5553562204724409
0
LINE
8
BLACK
6
CONTINUOUS
10
4.7984631889763776
20
-3.5553562204724409
11
4.7980074015748029
21
-3.5526434645669291
0
LINE
8
BLACK
6
CONTINUOUS
10
4.7980074015748029
20
-3.5526434645669291
11
4.7980666141732282
21
-3.5522712598425197
0
LINE
8
BLACK
6
CONTINUOUS
10
4.7980666141732282
20
-3.5522712598425197
11
4.7992322834645664
21
-3.546411181102362
0
LINE
8
BLACK
6
CONTINUOUS
10
4.7992322834645664
20
-3.546411181102362
11
4.7992322834645664
21
-3.5402029527559056
0
LINE
8
BLACK
6
CONTINUOUS
10
4.7992322834645664
20
-3.5402029527559056
11
4.7992322440944877
21
-3.5402028740157481
0
LINE
8
BLACK
6
CONTINUOUS
10
4.7992322440944877
20
-3.5402028740157481
11
4.7980211811023619
21
-3.5341145669291336
0
LINE
8
BLACK
6
CONTINUOUS
10
4.7980211811023619
20
-3.5341145669291336
11
4.7980211417322831
21
-3.5341142913385828
0
LINE
8
BLACK
6
CONTINUOUS
10
4.7980211417322831
20
-3.5341142913385828
11
4.7980210629921256
21
-3.534114094488189
0
LINE
8
BLACK
6
CONTINUOUS
10
4.7980210629921256
20
-3.534114094488189
11
4.795645551181102
21
-3.5283790157480315
0
LINE
8
BLACK
6
CONTINUOUS
10
4.795645551181102
20
-3.5283790157480315
11
4.7956452755905508
21
-3.5283785039370077
0
LINE
8
BLACK
6
CONTINUOUS
10
4.7956452755905508
20
-3.5283785039370077
11
4.7921964173228346
21
-3.5232169685039367
0
LINE
8
BLACK
6
CONTINUOUS
10
4.7921964173228346
20
-3.5232169685039367
11
4.7921962992125984
21
-3.5232168110236222
0
LINE
8
BLACK
6
CONTINUOUS
10
4.7921962992125984
20
-3.5232168110236222
11
4.7878067716535435
21
-3.5188272834645669
0
LINE
8
BLACK
6
CONTINUOUS
10
4.7878067716535435
20
-3.5188272834645669
11
4.7878066141732285
21
-3.5188271653543306
0
LINE
8
BLACK
6
CONTINUOUS
10
4.7878066141732285
20
-3.5188271653543306
11
4.7826450787401571
21
-3.515378307086614
0
LINE
8
BLACK
6
CONTINUOUS
10
4.7826450787401571
20
-3.515378307086614
11
4.7826445669291333
21
-3.5153780314960628
0
LINE
8
BLACK
6
CONTINUOUS
10
4.7826445669291333
20
-3.5153780314960628
11
4.7769094881889762
21
-3.5130025196850392
0
LINE
8
BLACK
6
CONTINUOUS
10
4.7769094881889762
20
-3.5130025196850392
11
4.7769090157480312
21
-3.5130024015748029
0
LINE
8
BLACK
6
CONTINUOUS
10
4.7769090157480312
20
-3.5130024015748029
11
4.7708206692913384
21
-3.5117913385826771
0
LINE
8
BLACK
6
CONTINUOUS
10
4.7708206692913384
20
-3.5117913385826771
11
4.7708205511811022
21
-3.5117913385826771
0
LINE
8
BLACK
6
CONTINUOUS
10
4.7708205511811022
20
-3.5117913385826771
11
4.7646125196850395
21
-3.5117913385826771
0
LINE
8
BLACK
6
CONTINUOUS
10
4.7646125196850395
20
-3.5117913385826771
11
4.7646124015748033
21
-3.5117913385826771
0
LINE
8
BLACK
6
CONTINUOUS
10
4.7646124015748033
20
-3.5117913385826771
11
4.7585240157480317
21
-3.5130024015748029
0
LINE
8
BLACK
6
CONTINUOUS
10
4.7585240157480317
20
-3.5130024015748029
11
4.7585235433070867
21
-3.5130025196850392
0
LINE
8
BLACK
6
CONTINUOUS
10
4.7585235433070867
20
-3.5130025196850392
11
4.75284
21
-3.5153567322834647
0
LINE
8
BLACK
6
CONTINUOUS
10
4.75284
20
-3.5153567322834647
11
4.7509718110236223
21
-3.5157283464566929
0
LINE
8
BLACK
6
CONTINUOUS
10
4.7509718110236223
20
-3.5157283464566929
11
4.4261614173228345
21
-3.5157283464566929
0
LINE
8
BLACK
6
CONTINUOUS
10
4.4261614173228345
20
-3.5157283464566929
11
4.4235220866141729
21
-3.5149533464566929
0
LINE
8
BLACK
6
CONTINUOUS
10
4.4235220866141729
20
-3.5149533464566929
11
4.4217207086614172
21
-3.5128744488188977
0
LINE
8
BLACK
6
CONTINUOUS
10
4.4217207086614172
20
-3.5128744488188977
11
4.4212795275590553
21
-3.5108464566929132
0
LINE
8
BLACK
6
CONTINUOUS
10
4.4212795275590553
20
-3.5108464566929132
11
4.4212795275590553
21
-3.1862599999999999
0
LINE
8
BLACK
6
CONTINUOUS
10
4.4212795275590553
20
-3.1862599999999999
11
4.4202197244094483
21
-3.1809321653543305
0
LINE
8
BLACK
6
CONTINUOUS
10
4.4202197244094483
20
-3.1809321653543305
11
4.4202196850393696
21
-3.1809321259842518
0
LINE
8
BLACK
6
CONTINUOUS
10
4.4202196850393696
20
-3.1809321259842518
11
4.4202196850393696
21
-3.1809319685039368
0
LINE
8
BLACK
6
CONTINUOUS
10
4.4202196850393696
20
-3.1809319685039368
11
4.4202196062992121
21
-3.180931771653543
0
LINE
8
BLACK
6
CONTINUOUS
10
4.4202196062992121
20
-3.180931771653543
11
4.4181408661417318
21
-3.1759131889763781
0
LINE
8
BLACK
6
CONTINUOUS
10
4.4181408661417318
20
-3.1759131889763781
11
4.4181407874015743
21
-3.1759130314960631
0
LINE
8
BLACK
6
CONTINUOUS
10
4.4181407874015743
20
-3.1759130314960631
11
4.4181407480314956
21
-3.1759129527559056
0
LINE
8
BLACK
6
CONTINUOUS
10
4.4181407480314956
20
-3.1759129527559056
11
4.4154768503937003
21
-3.1719261417322833
0
LINE
8
BLACK
6
CONTINUOUS
10
4.4154768503937003
20
-3.1719261417322833
11
4.4151225984251967
21
-3.1713959448818896
0
LINE
8
BLACK
6
CONTINUOUS
10
4.4151225984251967
20
-3.1713959448818896
11
4.3598725196850392
21
-3.1161458661417321
0
LINE
8
BLACK
6
CONTINUOUS
10
4.3598725196850392
20
-3.1161458661417321
11
4.2978955511811021
21
-3.0541688582677167
0
LINE
8
BLACK
6
CONTINUOUS
10
4.2978955511811021
20
-3.0541688582677167
11
4.2978955118110234
21
-3.0541688188976379
0
LINE
8
BLACK
6
CONTINUOUS
10
4.2978955118110234
20
-3.0541688188976379
11
4.2933782677165357
21
-3.0511505118110236
0
LINE
8
BLACK
6
CONTINUOUS
10
4.2933782677165357
20
-3.0511505118110236
11
4.2883595669291337
21
-3.0490717322834646
0
LINE
8
BLACK
6
CONTINUOUS
10
4.2883595669291337
20
-3.0490717322834646
11
4.2883591732283461
21
-3.0490716141732284
0
LINE
8
BLACK
6
CONTINUOUS
10
4.2883591732283461
20
-3.0490716141732284
11
4.2830313779527556
21
-3.0480118503937006
0
LINE
8
BLACK
6
CONTINUOUS
10
4.2830313779527556
20
-3.0480118503937006
11
4.2830312992125981
21
-3.0480118503937006
0
LINE
8
BLACK
6
CONTINUOUS
10
4.2830312992125981
20
-3.0480118503937006
11
4.2830312598425193
21
-3.0480118503937006
0
LINE
8
BLACK
6
CONTINUOUS
10
4.2830312598425193
20
-3.0480118503937006
11
4.2647065748031494
21
-3.0480118503937006
0
LINE
8
BLACK
6
CONTINUOUS
10
4.2647065748031494
20
-3.0480118503937006
11
4.2620672440944878
21
-3.0472368503937006
0
LINE
8
BLACK
6
CONTINUOUS
10
4.2620672440944878
20
-3.0472368503937006
11
4.2607570866141735
21
-3.0459994488188977
0
LINE
8
BLACK
6
CONTINUOUS
10
4.2607570866141735
20
-3.0459994488188977
11
4.2570908661417324
21
-3.0409533070866139
0
LINE
8
BLACK
6
CONTINUOUS
10
4.2570908661417324
20
-3.0409533070866139
11
4.2570908267716536
21
-3.0409532283464564
0
LINE
8
BLACK
6
CONTINUOUS
10
4.2570908267716536
20
-3.0409532283464564
11
4.2511726771653544
21
-3.0350350787401572
0
LINE
8
BLACK
6
CONTINUOUS
10
4.2511726771653544
20
-3.0350350787401572
11
4.244402362204724
21
-3.0301162204724408
0
LINE
8
BLACK
6
CONTINUOUS
10
4.244402362204724
20
-3.0301162204724408
11
4.2369454330708658
21
-3.0263167322834645
0
LINE
8
BLACK
6
CONTINUOUS
10
4.2369454330708658
20
-3.0263167322834645
11
4.236945393700787
21
-3.0263166929133858
0
LINE
8
BLACK
6
CONTINUOUS
10
4.236945393700787
20
-3.0263166929133858
11
4.2369453543307083
21
-3.0263166929133858
0
LINE
8
BLACK
6
CONTINUOUS
10
4.2369453543307083
20
-3.0263166929133858
11
4.2289859448818898
21
-3.0237305118110234
0
LINE
8
BLACK
6
CONTINUOUS
10
4.2289859448818898
20
-3.0237305118110234
11
4.2289858661417323
21
-3.0237304724409446
0
LINE
8
BLACK
6
CONTINUOUS
10
4.2289858661417323
20
-3.0237304724409446
11
4.2289858267716536
21
-3.0237304724409446
0
LINE
8
BLACK
6
CONTINUOUS
10
4.2289858267716536
20
-3.0237304724409446
11
4.2226361023622045
21
-3.0227247637795274
0
LINE
8
BLACK
6
CONTINUOUS
10
4.2226361023622045
20
-3.0227247637795274
11
4.2207199606299213
21
-3.0224212992125983
0
LINE
8
BLACK
6
CONTINUOUS
10
4.2207199606299213
20
-3.0224212992125983
11
4.2123509055118111
21
-3.0224212992125983
0
LINE
8
BLACK
6
CONTINUOUS
10
4.2123509055118111
20
-3.0224212992125983
11
4.2104347244094491
21
-3.0227247637795274
0
LINE
8
BLACK
6
CONTINUOUS
10
4.2104347244094491
20
-3.0227247637795274
11
4.2040850393700788
21
-3.0237304724409446
0
LINE
8
BLACK
6
CONTINUOUS
10
4.2040850393700788
20
-3.0237304724409446
11
4.196125393700787
21
-3.0263167322834645
0
LINE
8
BLACK
6
CONTINUOUS
10
4.196125393700787
20
-3.0263167322834645
11
4.1886684645669288
21
-3.0301162204724408
0
LINE
8
BLACK
6
CONTINUOUS
10
4.1886684645669288
20
-3.0301162204724408
11
4.1818981496062992
21
-3.0350350787401572
0
LINE
8
BLACK
6
CONTINUOUS
10
4.1818981496062992
20
-3.0350350787401572
11
4.1759799212598425
21
-3.0409533070866139
0
LINE
8
BLACK
6
CONTINUOUS
10
4.1759799212598425
20
-3.0409533070866139
11
4.1710610629921261
21
-3.0477236220472439
0
LINE
8
BLACK
6
CONTINUOUS
10
4.1710610629921261
20
-3.0477236220472439
11
4.1672615748031498
21
-3.0551805511811021
0
LINE
8
BLACK
6
CONTINUOUS
10
4.1672615748031498
20
-3.0551805511811021
11
4.1646753149606299
21
-3.0631401968503935
0
LINE
8
BLACK
6
CONTINUOUS
10
4.1646753149606299
20
-3.0631401968503935
11
4.1633661417322836
21
-3.0714060629921258
0
LINE
8
BLACK
6
CONTINUOUS
10
4.1633661417322836
20
-3.0714060629921258
11
4.1633661417322836
21
-3.0797750787401572
0
LINE
8
BLACK
6
CONTINUOUS
10
4.1633661417322836
20
-3.0797750787401572
11
4.1646753149606299
21
-3.0880409448818895
0
LINE
8
BLACK
6
CONTINUOUS
10
4.1646753149606299
20
-3.0880409448818895
11
4.1672615748031498
21
-3.0960005905511809
0
LINE
8
BLACK
6
CONTINUOUS
10
4.1672615748031498
20
-3.0960005905511809
11
4.1710610629921261
21
-3.1034575196850391
0
LINE
8
BLACK
6
CONTINUOUS
10
4.1710610629921261
20
-3.1034575196850391
11
4.1759799212598425
21
-3.1102278346456691
0
LINE
8
BLACK
6
CONTINUOUS
10
4.1759799212598425
20
-3.1102278346456691
11
4.1818981496062992
21
-3.1161460629921258
0
LINE
8
BLACK
6
CONTINUOUS
10
4.1818981496062992
20
-3.1161460629921258
11
4.1886684645669288
21
-3.1210649212598423
0
LINE
8
BLACK
6
CONTINUOUS
10
4.1886684645669288
20
-3.1210649212598423
11
4.1886685433070863
21
-3.121064960629921
0
LINE
8
BLACK
6
CONTINUOUS
10
4.1886685433070863
20
-3.121064960629921
11
4.1886686614173225
21
-3.1210650393700785
0
LINE
8
BLACK
6
CONTINUOUS
10
4.1886686614173225
20
-3.1210650393700785
11
4.189013464566929
21
-3.1212407086614173
0
LINE
8
BLACK
6
CONTINUOUS
10
4.189013464566929
20
-3.1212407086614173
11
4.1910133464566925
21
-3.1231294488188976
0
LINE
8
BLACK
6
CONTINUOUS
10
4.1910133464566925
20
-3.1231294488188976
11
4.1916746062992125
21
-3.1257995275590549
0
LINE
8
BLACK
6
CONTINUOUS
10
4.1916746062992125
20
-3.1257995275590549
11
4.1907873622047243
21
-3.128403307086614
0
LINE
8
BLACK
6
CONTINUOUS
10
4.1907873622047243
20
-3.128403307086614
11
4.1890137401574803
21
-3.1299402362204725
0
LINE
8
BLACK
6
CONTINUOUS
10
4.1890137401574803
20
-3.1299402362204725
11
4.1886686220472438
21
-3.1301160629921259
0
LINE
8
BLACK
6
CONTINUOUS
10
4.1886686220472438
20
-3.1301160629921259
11
4.1818981496062992
21
-3.1350350393700785
0
LINE
8
BLACK
6
CONTINUOUS
10
4.1818981496062992
20
-3.1350350393700785
11
4.1759799212598425
21
-3.1409532677165353
0
LINE
8
BLACK
6
CONTINUOUS
10
4.1759799212598425
20
-3.1409532677165353
11
4.1710610629921261
21
-3.1477235826771652
0
LINE
8
BLACK
6
CONTINUOUS
10
4.1710610629921261
20
-3.1477235826771652
11
4.1672615748031498
21
-3.1551805118110234
0
LINE
8
BLACK
6
CONTINUOUS
10
4.1672615748031498
20
-3.1551805118110234
11
4.1646753149606299
21
-3.1631401574803149
0
LINE
8
BLACK
6
CONTINUOUS
10
4.1646753149606299
20
-3.1631401574803149
11
4.1633661417322836
21
-3.1714060236220472
0
LINE
8
BLACK
6
CONTINUOUS
10
4.1633661417322836
20
-3.1714060236220472
11
4.1633661417322836
21
-3.1797750393700785
0
LINE
8
BLACK
6
CONTINUOUS
10
4.1633661417322836
20
-3.1797750393700785
11
4.1646753149606299
21
-3.1880409055118109
0
LINE
8
BLACK
6
CONTINUOUS
10
4.1646753149606299
20
-3.1880409055118109
11
4.1672615748031498
21
-3.1960005511811023
0
LINE
8
BLACK
6
CONTINUOUS
10
4.1672615748031498
20
-3.1960005511811023
11
4.1710610629921261
21
-3.2034574803149605
0
LINE
8
BLACK
6
CONTINUOUS
10
4.1710610629921261
20
-3.2034574803149605
11
4.1759799212598425
21
-3.2102277952755904
0
LINE
8
BLACK
6
CONTINUOUS
10
4.1759799212598425
20
-3.2102277952755904
11
4.1804652755905511
21
-3.2147131496062991
0
LINE
8
BLACK
6
CONTINUOUS
10
4.1804652755905511
20
-3.2147131496062991
11
4.1817835826771654
21
-3.217127440944882
0
LINE
8
BLACK
6
CONTINUOUS
10
4.1817835826771654
20
-3.217127440944882
11
4.1815873622047244
21
-3.2198712204724407
0
LINE
8
BLACK
6
CONTINUOUS
10
4.1815873622047244
20
-3.2198712204724407
11
4.1799388582677164
21
-3.2220733070866139
0
LINE
8
BLACK
6
CONTINUOUS
10
4.1799388582677164
20
-3.2220733070866139
11
4.1787193307086614
21
-3.2227392519685041
0
LINE
8
BLACK
6
CONTINUOUS
10
4.1787193307086614
20
-3.2227392519685041
11
4.173539842519685
21
-3.2246711023622048
0
LINE
8
BLACK
6
CONTINUOUS
10
4.173539842519685
20
-3.2246711023622048
11
4.1735396062992125
21
-3.224671220472441
0
LINE
8
BLACK
6
CONTINUOUS
10
4.1735396062992125
20
-3.224671220472441
11
4.1690083464566925
21
-3.2280633464566928
0
LINE
8
BLACK
6
CONTINUOUS
10
4.1690083464566925
20
-3.2280633464566928
11
4.1690082283464562
21
-3.2280634645669291
0
LINE
8
BLACK
6
CONTINUOUS
10
4.1690082283464562
20
-3.2280634645669291
11
4.1656161023622049
21
-3.2325947244094486
0
LINE
8
BLACK
6
CONTINUOUS
10
4.1656161023622049
20
-3.2325947244094486
11
4.1656159448818899
21
-3.2325949999999999
0
LINE
8
BLACK
6
CONTINUOUS
10
4.1656159448818899
20
-3.2325949999999999
11
4.163637913385827
21
-3.2378984251968501
0
LINE
8
BLACK
6
CONTINUOUS
10
4.163637913385827
20
-3.2378984251968501
11
4.1636378346456695
21
-3.2378987007874014
0
LINE
8
BLACK
6
CONTINUOUS
10
4.1636378346456695
20
-3.2378987007874014
11
4.1633858267716537
21
-3.2402423228346455
0
LINE
8
BLACK
6
CONTINUOUS
10
4.1633858267716537
20
-3.2402423228346455
11
4.1633858267716537
21
-3.265748031496063
0
LINE
8
BLACK
6
CONTINUOUS
10
4.1633858267716537
20
-3.265748031496063
11
4.1830708661417324
21
-3.265748031496063
0
LINE
8
BLACK
6
CONTINUOUS
10
4.1830708661417324
20
-3.265748031496063
11
4.1830708661417324
21
-3.2421259842519685
0
LINE
8
BLACK
6
CONTINUOUS
10
4.1830708661417324
20
-3.2421259842519685
11
4.25
21
-3.2421259842519685
0
LINE
8
BLACK
6
CONTINUOUS
10
4.25
20
-3.2421259842519685
11
4.25
21
-3.265748031496063
0
LINE
8
BLACK
6
CONTINUOUS
10
4.25
20
-3.265748031496063
11
4.2696850393700787
21
-3.265748031496063
0
LINE
8
BLACK
6
CONTINUOUS
10
4.2696850393700787
20
-3.265748031496063
11
4.2696850393700787
21
-3.2402429921259843
0
LINE
8
BLACK
6
CONTINUOUS
10
4.2696850393700787
20
-3.2402429921259843
11
4.269685
21
-3.2402423228346455
0
LINE
8
BLACK
6
CONTINUOUS
10
4.269685
20
-3.2402423228346455
11
4.2694329921259841
21
-3.2378987007874014
0
LINE
8
BLACK
6
CONTINUOUS
10
4.2694329921259841
20
-3.2378987007874014
11
4.2694329133858266
21
-3.2378984251968501
0
LINE
8
BLACK
6
CONTINUOUS
10
4.2694329133858266
20
-3.2378984251968501
11
4.2674548818897637
21
-3.2325949999999999
0
LINE
8
BLACK
6
CONTINUOUS
10
4.2674548818897637
20
-3.2325949999999999
11
4.2674547244094487
21
-3.2325947244094486
0
LINE
8
BLACK
6
CONTINUOUS
10
4.2674547244094487
20
-3.2325947244094486
11
4.2640625984251965
21
-3.2280634645669291
0
LINE
8
BLACK
6
CONTINUOUS
10
4.2640625984251965
20
-3.2280634645669291
11
4.2640624803149603
21
-3.2280633464566928
0
LINE
8
BLACK
6
CONTINUOUS
10
4.2640624803149603
20
-3.2280633464566928
11
4.2595312204724411
21
-3.224671220472441
0
LINE
8
BLACK
6
CONTINUOUS
10
4.2595312204724411
20
-3.224671220472441
11
4.2595310236220474
21
-3.2246711023622048
0
LINE
8
BLACK
6
CONTINUOUS
10
4.2595310236220474
20
-3.2246711023622048
11
4.2543514960629922
21
-3.2227392519685041
0
LINE
8
BLACK
6
CONTINUOUS
10
4.2543514960629922
20
-3.2227392519685041
11
4.252149409448819
21
-3.2210907480314961
0
LINE
8
BLACK
6
CONTINUOUS
10
4.252149409448819
20
-3.2210907480314961
11
4.2511881102362201
21
-3.2185134251968504
0
LINE
8
BLACK
6
CONTINUOUS
10
4.2511881102362201
20
-3.2185134251968504
11
4.2517728346456689
21
-3.2158255118110235
0
LINE
8
BLACK
6
CONTINUOUS
10
4.2517728346456689
20
-3.2158255118110235
11
4.25260531496063
21
-3.2147133858267716
0
LINE
8
BLACK
6
CONTINUOUS
10
4.25260531496063
20
-3.2147133858267716
11
4.2570907086614174
21
-3.210228031496063
0
LINE
8
BLACK
6
CONTINUOUS
10
4.2570907086614174
20
-3.210228031496063
11
4.2620098818897638
21
-3.2034573228346455
0
LINE
8
BLACK
6
CONTINUOUS
10
4.2620098818897638
20
-3.2034573228346455
11
4.2658093307086613
21
-3.1960004724409448
0
LINE
8
BLACK
6
CONTINUOUS
10
4.2658093307086613
20
-3.1960004724409448
11
4.2683955118110237
21
-3.1880410629921259
0
LINE
8
BLACK
6
CONTINUOUS
10
4.2683955118110237
20
-3.1880410629921259
11
4.2697047244094488
21
-3.1797750787401573
0
LINE
8
BLACK
6
CONTINUOUS
10
4.2697047244094488
20
-3.1797750787401573
11
4.2697047244094488
21
-3.1714060236220472
0
LINE
8
BLACK
6
CONTINUOUS
10
4.2697047244094488
20
-3.1714060236220472
11
4.2683955118110237
21
-3.1631400393700786
0
LINE
8
BLACK
6
CONTINUOUS
10
4.2683955118110237
20
-3.1631400393700786
11
4.2658093307086613
21
-3.1551806299212597
0
LINE
8
BLACK
6
CONTINUOUS
10
4.2658093307086613
20
-3.1551806299212597
11
4.2620098818897638
21
-3.147723779527559
0
LINE
8
BLACK
6
CONTINUOUS
10
4.2620098818897638
20
-3.147723779527559
11
4.2620098031496063
21
-3.1477236614173227
0
LINE
8
BLACK
6
CONTINUOUS
10
4.2620098031496063
20
-3.1477236614173227
11
4.2620097637795276
21
-3.1477235826771652
0
LINE
8
BLACK
6
CONTINUOUS
10
4.2620097637795276
20
-3.1477235826771652
11
4.2570909055118111
21
-3.1409532677165353
0
LINE
8
BLACK
6
CONTINUOUS
10
4.2570909055118111
20
-3.1409532677165353
11
4.2511726771653544
21
-3.1350350393700785
0
LINE
8
BLACK
6
CONTINUOUS
10
4.2511726771653544
20
-3.1350350393700785
11
4.2444022440944877
21
-3.1301161023622046
0
LINE
8
BLACK
6
CONTINUOUS
10
4.2444022440944877
20
-3.1301161023622046
11
4.2440572440944884
21
-3.12994031496063
0
LINE
8
BLACK
6
CONTINUOUS
10
4.2440572440944884
20
-3.12994031496063
11
4.2420574015748027
21
-3.1280515354330709
0
LINE
8
BLACK
6
CONTINUOUS
10
4.2420574015748027
20
-3.1280515354330709
11
4.2413962204724411
21
-3.1253814173228345
0
LINE
8
BLACK
6
CONTINUOUS
10
4.2413962204724411
20
-3.1253814173228345
11
4.2422835433070869
21
-3.1227776771653541
0
LINE
8
BLACK
6
CONTINUOUS
10
4.2422835433070869
20
-3.1227776771653541
11
4.2440574015748034
21
-3.1212407086614173
0
LINE
8
BLACK
6
CONTINUOUS
10
4.2440574015748034
20
-3.1212407086614173
11
4.244402204724409
21
-3.1210650393700785
0
LINE
8
BLACK
6
CONTINUOUS
10
4.244402204724409
20
-3.1210650393700785
11
4.2452672834645666
21
-3.1204364960629922
0
LINE
8
BLACK
6
CONTINUOUS
10
4.2452672834645666
20
-3.1204364960629922
11
4.2511726771653544
21
-3.1161460629921258
0
LINE
8
BLACK
6
CONTINUOUS
10
4.2511726771653544
20
-3.1161460629921258
11
4.2511727559055119
21
-3.1161459448818896
0
LINE
8
BLACK
6
CONTINUOUS
10
4.2511727559055119
20
-3.1161459448818896
11
4.2511729133858269
21
-3.1161458661417321
0
LINE
8
BLACK
6
CONTINUOUS
10
4.2511729133858269
20
-3.1161458661417321
11
4.2570907086614174
21
-3.1102280708661416
0
LINE
8
BLACK
6
CONTINUOUS
10
4.2570907086614174
20
-3.1102280708661416
11
4.2607570472440948
21
-3.1051816929133857
0
LINE
8
BLACK
6
CONTINUOUS
10
4.2607570472440948
20
-3.1051816929133857
11
4.2609275590551183
21
-3.1050501968503936
0
LINE
8
BLACK
6
CONTINUOUS
10
4.2609275590551183
20
-3.1050501968503936
11
4.2610170866141734
21
-3.1048542519685038
0
LINE
8
BLACK
6
CONTINUOUS
10
4.2610170866141734
20
-3.1048542519685038
11
4.2620052362204728
21
-3.1042191732283464
0
LINE
8
BLACK
6
CONTINUOUS
10
4.2620052362204728
20
-3.1042191732283464
11
4.2629353543307085
21
-3.1035019685039371
0
LINE
8
BLACK
6
CONTINUOUS
10
4.2629353543307085
20
-3.1035019685039371
11
4.2631980708661414
21
-3.1034525984251968
0
LINE
8
BLACK
6
CONTINUOUS
10
4.2631980708661414
20
-3.1034525984251968
11
4.2633311811023624
21
-3.1033670866141732
0
LINE
8
BLACK
6
CONTINUOUS
10
4.2633311811023624
20
-3.1033670866141732
11
4.2647065748031494
21
-3.1031693307086612
0
LINE
8
BLACK
6
CONTINUOUS
10
4.2647065748031494
20
-3.1031693307086612
11
4.2668693700787399
21
-3.1031693307086612
0
LINE
8
BLACK
6
CONTINUOUS
10
4.2668693700787399
20
-3.1031693307086612
11
4.2695087007874015
21
-3.1039443307086612
0
LINE
8
BLACK
6
CONTINUOUS
10
4.2695087007874015
20
-3.1039443307086612
11
4.2703213779527562
21
-3.104599212598425
0
LINE
8
BLACK
6
CONTINUOUS
10
4.2703213779527562
20
-3.104599212598425
11
4.3646921653543309
21
-3.1989700000000001
0
LINE
8
BLACK
6
CONTINUOUS
10
4.3646921653543309
20
-3.1989700000000001
11
4.3660104724409452
21
-3.2013842913385826
0
LINE
8
BLACK
6
CONTINUOUS
10
4.3660104724409452
20
-3.2013842913385826
11
4.3661220472440947
21
-3.2024220078740155
0
LINE
8
BLACK
6
CONTINUOUS
10
4.3661220472440947
20
-3.2024220078740155
11
4.3661220472440947
21
-3.5108464566929132
0
LINE
8
BLACK
6
CONTINUOUS
10
4.3661220472440947
20
-3.5108464566929132
11
4.3653470472440947
21
-3.5134857874015748
0
LINE
8
BLACK
6
CONTINUOUS
10
4.3653470472440947
20
-3.5134857874015748
11
4.3632681496062995
21
-3.5152871653543305
0
LINE
8
BLACK
6
CONTINUOUS
10
4.3632681496062995
20
-3.5152871653543305
11
4.3612401574803146
21
-3.5157283464566929
0
LINE
8
BLACK
6
CONTINUOUS
10
4.3612401574803146
20
-3.5157283464566929
11
3.918319527559055
21
-3.5157283464566929
0
LINE
8
BLACK
6
CONTINUOUS
10
3.918319527559055
20
-3.5157283464566929
11
3.9164513385826769
21
-3.5153567322834647
0
LINE
8
BLACK
6
CONTINUOUS
10
3.9164513385826769
20
-3.5153567322834647
11
3.9107677559055118
21
-3.5130025196850392
0
LINE
8
BLACK
6
CONTINUOUS
10
3.9107677559055118
20
-3.5130025196850392
11
3.9107672834645668
21
-3.5130024015748029
0
LINE
8
BLACK
6
CONTINUOUS
10
3.9107672834645668
20
-3.5130024015748029
11
3.9046789370078741
21
-3.5117913385826771
0
LINE
8
BLACK
6
CONTINUOUS
10
3.9046789370078741
20
-3.5117913385826771
11
3.9046788188976378
21
-3.5117913385826771
0
LINE
8
BLACK
6
CONTINUOUS
10
3.9046788188976378
20
-3.5117913385826771
11
3.8984707874015747
21
-3.5117913385826771
0
LINE
8
BLACK
6
CONTINUOUS
10
3.8984707874015747
20
-3.5117913385826771
11
3.8984706692913385
21
-3.5117913385826771
0
LINE
8
BLACK
6
CONTINUOUS
10
3.8984706692913385
20
-3.5117913385826771
11
3.8923822834645669
21
-3.5130024015748029
0
LINE
8
BLACK
6
CONTINUOUS
10
3.8923822834645669
20
-3.5130024015748029
11
3.8923818110236219
21
-3.5130025196850392
0
LINE
8
BLACK
6
CONTINUOUS
10
3.8923818110236219
20
-3.5130025196850392
11
3.8866467322834644
21
-3.5153780314960628
0
LINE
8
BLACK
6
CONTINUOUS
10
3.8866467322834644
20
-3.5153780314960628
11
3.886646220472441
21
-3.515378307086614
0
LINE
8
BLACK
6
CONTINUOUS
10
3.886646220472441
20
-3.515378307086614
11
3.8814846850393701
21
-3.5188271653543306
0
LINE
8
BLACK
6
CONTINUOUS
10
3.8814846850393701
20
-3.5188271653543306
11
3.881484527559055
21
-3.5188272834645669
0
LINE
8
BLACK
6
CONTINUOUS
10
3.881484527559055
20
-3.5188272834645669
11
3.8770949999999997
21
-3.5232168110236222
0
LINE
8
BLACK
6
CONTINUOUS
10
3.8770949999999997
20
-3.5232168110236222
11
3.8770948818897635
21
-3.5232169685039367
0
LINE
8
BLACK
6
CONTINUOUS
10
3.8770948818897635
20
-3.5232169685039367
11
3.8736460236220474
21
-3.5283785039370077
0
LINE
8
BLACK
6
CONTINUOUS
10
3.8736460236220474
20
-3.5283785039370077
11
3.8736457480314961
21
-3.5283790157480315
0
LINE
8
BLACK
6
CONTINUOUS
10
3.8736457480314961
20
-3.5283790157480315
11
3.8712702362204725
21
-3.534114094488189
0
LINE
8
BLACK
6
CONTINUOUS
10
3.8712702362204725
20
-3.534114094488189
11
3.8712701181102362
21
-3.5341145669291336
0
LINE
8
BLACK
6
CONTINUOUS
10
3.8712701181102362
20
-3.5341145669291336
11
3.87005905511811
21
-3.5402028740157481
0
LINE
8
BLACK
6
CONTINUOUS
10
3.87005905511811
20
-3.5402028740157481
11
3.87005905511811
21
-3.5464112598425195
0
LINE
8
BLACK
6
CONTINUOUS
10
3.87005905511811
20
-3.5464112598425195
11
3.8712701181102362
21
-3.5524995669291339
0
LINE
8
BLACK
6
CONTINUOUS
10
3.8712701181102362
20
-3.5524995669291339
11
3.8712702362204725
21
-3.5525000393700785
0
LINE
8
BLACK
6
CONTINUOUS
10
3.8712702362204725
20
-3.5525000393700785
11
3.8736457480314961
21
-3.5582351181102361
0
LINE
8
BLACK
6
CONTINUOUS
10
3.8736457480314961
20
-3.5582351181102361
11
3.8736460236220474
21
-3.5582356299212599
0
LINE
8
BLACK
6
CONTINUOUS
10
3.8736460236220474
20
-3.5582356299212599
11
3.8770948818897635
21
-3.5633971653543308
0
LINE
8
BLACK
6
CONTINUOUS
10
3.8770948818897635
20
-3.5633971653543308
11
3.8770949999999997
21
-3.5633973228346454
0
LINE
8
BLACK
6
CONTINUOUS
10
3.8770949999999997
20
-3.5633973228346454
11
3.881484527559055
21
-3.5677868503937007
0
LINE
8
BLACK
6
CONTINUOUS
10
3.881484527559055
20
-3.5677868503937007
11
3.8814846850393701
21
-3.567786968503937
0
LINE
8
BLACK
6
CONTINUOUS
10
3.8814846850393701
20
-3.567786968503937
11
3.8861812992125984
21
-3.5709251574803149
0
LINE
8
BLACK
6
CONTINUOUS
10
3.8861812992125984
20
-3.5709251574803149
11
3.887945275590551
21
-3.5730358661417321
0
LINE
8
BLACK
6
CONTINUOUS
10
3.887945275590551
20
-3.5730358661417321
11
3.8882880708661416
21
-3.5757651968503934
0
LINE
8
BLACK
6
CONTINUOUS
10
3.8882880708661416
20
-3.5757651968503934
11
3.8871009055118111
21
-3.5782465748031496
0
LINE
8
BLACK
6
CONTINUOUS
10
3.8871009055118111
20
-3.5782465748031496
11
3.8847606299212596
21
-3.5796922440944883
0
LINE
8
BLACK
6
CONTINUOUS
10
3.8847606299212596
20
-3.5796922440944883
11
3.8835845669291338
21
-3.5798648031496061
0
LINE
8
BLACK
6
CONTINUOUS
10
3.8835845669291338
20
-3.5798648031496061
11
3.6004003149606296
21
-3.5865674015748032
0
LINE
8
BLACK
6
CONTINUOUS
10
3.6004003149606296
20
-3.5865674015748032
11
3.5977433858267718
21
-3.5858551181102363
0
LINE
8
BLACK
6
CONTINUOUS
10
3.5977433858267718
20
-3.5858551181102363
11
3.5969735039370079
21
-3.5852741338582677
0
LINE
8
BLACK
6
CONTINUOUS
10
3.5969735039370079
20
-3.5852741338582677
11
3.3937007480314958
21
-3.3976377559055115
0
LINE
8
BLACK
6
CONTINUOUS
10
3.3937007480314958
20
-3.3976377559055115
11
3.1929133858267718
21
-3.3937007480314958
0
LINE
8
BLACK
6
CONTINUOUS
10
3.1929133858267718
20
-3.3937007480314958
11
3.1929133858267718
21
-3.3937007874015745
0
LINE
8
BLACK
6
CONTINUOUS
10
3.1929133858267718
20
-3.3937007874015745
11
3.1734705905511809
21
-5.0580068897637798
0
LINE
8
BLACK
6
CONTINUOUS
10
3.1734705905511809
20
-5.0580068897637798
11
3.1734687007874016
21
-5.0581672440944878
0
LINE
8
BLACK
6
CONTINUOUS
10
3.1734687007874016
20
-5.0581672440944878
11
3.1726629133858268
21
-5.060797362204724
0
LINE
8
BLACK
6
CONTINUOUS
10
3.1726629133858268
20
-5.060797362204724
11
3.1705631102362206
21
-5.062574330708661
0
LINE
8
BLACK
6
CONTINUOUS
10
3.1705631102362206
20
-5.062574330708661
11
3.168587125984252
21
-5.0629921259842519
0
LINE
8
BLACK
6
CONTINUOUS
10
3.168587125984252
20
-5.0629921259842519
11
2.3829390944881887
21
-5.0629921259842519
0
LINE
8
BLACK
6
CONTINUOUS
10
2.3829390944881887
20
-5.0629921259842519
11
2.3802997637795276
21
-5.0622171259842519
0
LINE
8
BLACK
6
CONTINUOUS
10
2.3802997637795276
20
-5.0622171259842519
11
2.3784983858267714
21
-5.0601382283464567
0
LINE
8
BLACK
6
CONTINUOUS
10
2.3784983858267714
20
-5.0601382283464567
11
2.3780583070866141
21
-5.0580068897637798
0
LINE
8
BLACK
6
CONTINUOUS
10
2.3780583070866141
20
-5.0580068897637798
11
2.3882052362204722
21
-4.5787597637795274
0
LINE
8
BLACK
6
CONTINUOUS
10
2.3882052362204722
20
-4.5787597637795274
11
2.3899211811023622
21
-4.4977151968503932
0
LINE
8
BLACK
6
CONTINUOUS
10
2.3899211811023622
20
-4.4977151968503932
11
2.3937889763779525
21
-4.3150355511811025
0
LINE
8
BLACK
6
CONTINUOUS
10
2.3937889763779525
20
-4.3150355511811025
11
2.3997494488188975
21
-4.0335184251968501
0
LINE
8
BLACK
6
CONTINUOUS
10
2.3997494488188975
20
-4.0335184251968501
11
2.4001407480314958
21
-4.0150355118110239
0
LINE
8
BLACK
6
CONTINUOUS
10
2.4001407480314958
20
-4.0150355118110239
11
2.4001470078740157
21
-4.014740590551181
0
LINE
8
BLACK
6
CONTINUOUS
10
2.4001470078740157
20
-4.014740590551181
11
2.4092276377952757
21
-3.5858551181102363
0
LINE
8
BLACK
6
CONTINUOUS
10
2.4092276377952757
20
-3.5858551181102363
11
2.4185890944881887
21
-3.1437060236220473
0
LINE
8
BLACK
6
CONTINUOUS
10
2.4185890944881887
20
-3.1437060236220473
11
2.4214824803149604
21
-3.0070487401574804
0
LINE
8
BLACK
6
CONTINUOUS
10
2.4214824803149604
20
-3.0070487401574804
11
2.4290326771653543
21
-2.6504477952755905
0
LINE
8
BLACK
6
CONTINUOUS
10
2.4290326771653543
20
-2.6504477952755905
11
2.4298633464566928
21
-2.6478254724409447
0
LINE
8
BLACK
6
CONTINUOUS
10
2.4298633464566928
20
-2.6478254724409447
11
2.4319799212598423
21
-2.6460685433070865
0
LINE
8
BLACK
6
CONTINUOUS
10
2.4319799212598423
20
-2.6460685433070865
11
2.4339134645669289
21
-2.6456692913385824
0
LINE
8
BLACK
6
CONTINUOUS
10
2.4339134645669289
20
-2.6456692913385824
11
4.8140395275590553
21
-2.6456692913385824
0
LINE
8
BLACK
6
CONTINUOUS
10
4.8140395275590553
20
-2.6456692913385824
11
4.816678858267716
21
-2.6464442913385828
0
LINE
8
BLACK
6
CONTINUOUS
10
2.6921062992125986
20
-4.5416546456692917
11
2.6921063385826769
21
-4.5416548818897633
0
LINE
8
BLACK
6
CONTINUOUS
10
2.6921063385826769
20
-4.5416548818897633
11
2.6925241338582677
21
-4.5463549212598426
0
LINE
8
BLACK
6
CONTINUOUS
10
2.6925241338582677
20
-4.5463549212598426
11
2.6947279133858268
21
-4.5540568897637792
0
LINE
8
BLACK
6
CONTINUOUS
10
2.6947279133858268
20
-4.5540568897637792
11
2.6947279527559056
21
-4.5540570078740155
0
LINE
8
BLACK
6
CONTINUOUS
10
2.6947279527559056
20
-4.5540570078740155
11
2.6947279921259844
21
-4.5540570472440942
0
LINE
8
BLACK
6
CONTINUOUS
10
2.6947279921259844
20
-4.5540570472440942
11
2.6984370866141734
21
-4.5611577559055121
0
LINE
8
BLACK
6
CONTINUOUS
10
2.6984370866141734
20
-4.5611577559055121
11
2.6984371653543309
21
-4.5611578346456696
0
LINE
8
BLACK
6
CONTINUOUS
10
2.6984371653543309
20
-4.5611578346456696
11
2.7034996062992125
21
-4.5673664960629923
0
LINE
8
BLACK
6
CONTINUOUS
10
2.7034996062992125
20
-4.5673664960629923
11
2.7071969685039368
21
-4.5703812598425193
0
LINE
8
BLACK
6
CONTINUOUS
10
2.7071969685039368
20
-4.5703812598425193
11
2.7097083858267714
21
-4.5724290551181097
0
LINE
8
BLACK
6
CONTINUOUS
10
2.7097083858267714
20
-4.5724290551181097
11
2.7168090944881889
21
-4.5761381496062992
0
LINE
8
BLACK
6
CONTINUOUS
10
2.7168090944881889
20
-4.5761381496062992
11
2.7245111023622046
21
-4.5783419685039366
0
LINE
8
BLACK
6
CONTINUOUS
10
2.7245111023622046
20
-4.5783419685039366
11
2.7292111417322835
21
-4.5787598425196849
0
LINE
8
BLACK
6
CONTINUOUS
10
2.7292111417322835
20
-4.5787598425196849
11
2.7731510236220474
21
-4.5787598031496062
0
LINE
8
BLACK
6
CONTINUOUS
10
2.7731510236220474
20
-4.5787598031496062
11
2.7778511023622046
21
-4.5783419685039366
0
LINE
8
BLACK
6
CONTINUOUS
10
2.7778511023622046
20
-4.5783419685039366
11
2.7855531102362203
21
-4.5761381496062992
0
LINE
8
BLACK
6
CONTINUOUS
10
2.7855531102362203
20
-4.5761381496062992
11
2.7926538188976378
21
-4.5724290551181097
0
LINE
8
BLACK
6
CONTINUOUS
10
2.7926538188976378
20
-4.5724290551181097
11
2.7988625590551179
21
-4.5673664960629923
0
LINE
8
BLACK
6
CONTINUOUS
10
2.7988625590551179
20
-4.5673664960629923
11
2.8039251181102363
21
-4.5611577559055121
0
LINE
8
BLACK
6
CONTINUOUS
10
2.8039251181102363
20
-4.5611577559055121
11
2.8076342125984253
21
-4.5540570472440942
0
LINE
8
BLACK
6
CONTINUOUS
10
2.8076342125984253
20
-4.5540570472440942
11
2.8098380314960631
21
-4.5463550393700789
0
LINE
8
BLACK
6
CONTINUOUS
10
2.8098380314960631
20
-4.5463550393700789
11
2.810255905511811
21
-4.5416549999999996
0
LINE
8
BLACK
6
CONTINUOUS
10
2.810255905511811
20
-4.5416549999999996
11
2.8102558661417323
21
-4.4977151181102357
0
LINE
8
BLACK
6
CONTINUOUS
10
2.8102558661417323
20
-4.4977151181102357
11
2.8098380314960631
21
-4.4930150393700785
0
LINE
8
BLACK
6
CONTINUOUS
10
2.8098380314960631
20
-4.4930150393700785
11
2.8076342125984253
21
-4.4853130314960632
0
LINE
8
BLACK
6
CONTINUOUS
10
2.8076342125984253
20
-4.4853130314960632
11
2.8039251181102363
21
-4.4782123228346453
0
LINE
8
BLACK
6
CONTINUOUS
10
2.8039251181102363
20
-4.4782123228346453
11
2.8018773228346454
21
-4.4757009055118111
0
LINE
8
BLACK
6
CONTINUOUS
10
2.8018773228346454
20
-4.4757009055118111
11
2.7988625590551179
21
-4.4720035433070864
0
LINE
8
BLACK
6
CONTINUOUS
10
2.7988625590551179
20
-4.4720035433070864
11
2.7926538976377953
21
-4.4669411023622043
0
LINE
8
BLACK
6
CONTINUOUS
10
2.7926538976377953
20
-4.4669411023622043
11
2.792653937007874
21
-4.4669411023622043
0
LINE
8
BLACK
6
CONTINUOUS
10
2.792653937007874
20
-4.4669411023622043
11
2.7926538188976378
21
-4.4669410236220468
0
LINE
8
BLACK
6
CONTINUOUS
10
2.7926538188976378
20
-4.4669410236220468
11
2.7855531102362203
21
-4.4632319291338582
0
LINE
8
BLACK
6
CONTINUOUS
10
2.7855531102362203
20
-4.4632319291338582
11
2.7855530708661416
21
-4.4632318897637795
0
LINE
8
BLACK
6
CONTINUOUS
10
2.7855530708661416
20
-4.4632318897637795
11
2.7855529527559053
21
-4.4632318503937007
0
LINE
8
BLACK
6
CONTINUOUS
10
2.7855529527559053
20
-4.4632318503937007
11
2.7809381496062993
21
-4.4619114173228347
0
LINE
8
BLACK
6
CONTINUOUS
10
2.7809381496062993
20
-4.4619114173228347
11
2.7778511023622046
21
-4.4610281102362208
0
LINE
8
BLACK
6
CONTINUOUS
10
2.7778511023622046
20
-4.4610281102362208
11
2.7778509842519683
21
-4.4610280708661421
0
LINE
8
BLACK
6
CONTINUOUS
10
2.7778509842519683
20
-4.4610280708661421
11
2.7778509055118108
21
-4.4610280708661421
0
LINE
8
BLACK
6
CONTINUOUS
10
2.7778509055118108
20
-4.4610280708661421
11
2.7752402362204722
21
-4.4607959448818892
0
LINE
8
BLACK
6
CONTINUOUS
10
2.7752402362204722
20
-4.4607959448818892
11
2.7731510629921261
21
-4.4606102362204725
0
LINE
8
BLACK
6
CONTINUOUS
10
2.7731510629921261
20
-4.4606102362204725
11
2.7731508661417323
21
-4.4606102362204725
0
LINE
8
BLACK
6
CONTINUOUS
10
2.7731508661417323
20
-4.4606102362204725
11
2.7292114566929135
21
-4.4606102362204725
0
LINE
8
BLACK
6
CONTINUOUS
10
2.7292114566929135
20
-4.4606102362204725
11
2.729211220472441
21
-4.4606102362204725
0
LINE
8
BLACK
6
CONTINUOUS
10
2.729211220472441
20
-4.4606102362204725
11
2.7292111811023623
21
-4.4606102755905512
0
LINE
8
BLACK
6
CONTINUOUS
10
2.7292111811023623
20
-4.4606102755905512
11
2.7287525984251966
21
-4.4606510236220469
0
LINE
8
BLACK
6
CONTINUOUS
10
2.7287525984251966
20
-4.4606510236220469
11
2.7245111811023621
21
-4.4610280708661421
0
LINE
8
BLACK
6
CONTINUOUS
10
2.7245111811023621
20
-4.4610280708661421
11
2.7168092125984251
21
-4.4632318503937007
0
LINE
8
BLACK
6
CONTINUOUS
10
2.7168092125984251
20
-4.4632318503937007
11
2.7132587401574804
21
-4.4650864566929132
0
LINE
8
BLACK
6
CONTINUOUS
10
2.7132587401574804
20
-4.4650864566929132
11
2.7097083858267714
21
-4.4669410236220468
0
LINE
8
BLACK
6
CONTINUOUS
10
2.7097083858267714
20
-4.4669410236220468
11
2.7097083070866139
21
-4.4669410629921256
0
LINE
8
BLACK
6
CONTINUOUS
10
2.7097083070866139
20
-4.4669410629921256
11
2.7097082677165352
21
-4.4669411023622043
0
LINE
8
BLACK
6
CONTINUOUS
10
2.7097082677165352
20
-4.4669411023622043
11
2.7034996062992125
21
-4.4720035433070864
0
LINE
8
BLACK
6
CONTINUOUS
10
2.7034996062992125
20
-4.4720035433070864
11
2.6984371653543309
21
-4.4782122047244091
0
LINE
8
BLACK
6
CONTINUOUS
10
2.6984371653543309
20
-4.4782122047244091
11
2.6947279133858268
21
-4.4853131496062995
0
LINE
8
BLACK
6
CONTINUOUS
10
2.6947279133858268
20
-4.4853131496062995
11
2.6925241732283465
21
-4.4930150787401573
0
LINE
8
BLACK
6
CONTINUOUS
10
2.6925241732283465
20
-4.4930150787401573
11
2.6925241338582677
21
-4.4930151968503935
0
LINE
8
BLACK
6
CONTINUOUS
10
2.6925241338582677
20
-4.4930151968503935
11
2.6921062992125986
21
-4.4977151968503932
0
LINE
8
BLACK
6
CONTINUOUS
10
2.6921062992125986
20
-4.4977151968503932
11
2.6921062992125986
21
-4.5416546456692917
0
LINE
8
BLACK
6
CONTINUOUS
10
2.6921062992125986
20
-4.3243345669291333
11
2.6935608661417323
21
-4.3335184645669287
0
LINE
8
BLACK
6
CONTINUOUS
10
2.6935608661417323
20
-4.3335184645669287
11
2.6964343700787401
21
-4.3423620866141732
0
LINE
8
BLACK
6
CONTINUOUS
10
2.6964343700787401
20
-4.3423620866141732
11
2.7006557874015749
21
-4.3506470078740156
0
LINE
8
BLACK
6
CONTINUOUS
10
2.7006557874015749
20
-4.3506470078740156
11
2.7061213779527558
21
-4.3581697244094491
0
LINE
8
BLACK
6
CONTINUOUS
10
2.7061213779527558
20
-4.3581697244094491
11
2.7126964566929135
21
-4.3647448031496063
0
LINE
8
BLACK
6
CONTINUOUS
10
2.7126964566929135
20
-4.3647448031496063
11
2.7202191732283465
21
-4.3702103937007877
0
LINE
8
BLACK
6
CONTINUOUS
10
2.7202191732283465
20
-4.3702103937007877
11
2.7241335039370078
21
-4.3722048425196851
0
LINE
8
BLACK
6
CONTINUOUS
10
2.7241335039370078
20
-4.3722048425196851
11
2.7285040551181101
21
-4.3744317716535432
0
LINE
8
BLACK
6
CONTINUOUS
10
2.7285040551181101
20
-4.3744317716535432
11
2.7285041338582676
21
-4.3744317716535432
0
LINE
8
BLACK
6
CONTINUOUS
10
2.7285041338582676
20
-4.3744317716535432
11
2.7285042519685039
21
-4.3744318503937007
0
LINE
8
BLACK
6
CONTINUOUS
10
2.7285042519685039
20
-4.3744318503937007
11
2.7332445669291339
21
-4.3759720472440948
0
LINE
8
BLACK
6
CONTINUOUS
10
2.7332445669291339
20
-4.3759720472440948
11
2.7373476771653542
21
-4.377305275590551
0
LINE
8
BLACK
6
CONTINUOUS
10
2.7373476771653542
20
-4.377305275590551
11
2.7465316141732283
21
-4.3787598818897635
0
LINE
8
BLACK
6
CONTINUOUS
10
2.7465316141732283
20
-4.3787598818897635
11
2.7465318110236221
21
-4.3787598818897635
0
LINE
8
BLACK
6
CONTINUOUS
10
2.7465318110236221
20
-4.3787598818897635
11
2.7558305905511808
21
-4.3787598818897635
0
LINE
8
BLACK
6
CONTINUOUS
10
2.7558305905511808
20
-4.3787598818897635
11
2.7650144881889762
21
-4.377305275590551
0
LINE
8
BLACK
6
CONTINUOUS
10
2.7650144881889762
20
-4.377305275590551
11
2.7738579527559053
21
-4.3744318503937007
0
LINE
8
BLACK
6
CONTINUOUS
10
2.7738579527559053
20
-4.3744318503937007
11
2.7821430314960631
21
-4.3702103937007877
0
LINE
8
BLACK
6
CONTINUOUS
10
2.7821430314960631
20
-4.3702103937007877
11
2.7896657480314961
21
-4.3647448031496063
0
LINE
8
BLACK
6
CONTINUOUS
10
2.7896657480314961
20
-4.3647448031496063
11
2.7962408267716534
21
-4.3581697244094491
0
LINE
8
BLACK
6
CONTINUOUS
10
2.7962408267716534
20
-4.3581697244094491
11
2.8017064173228348
21
-4.3506470078740156
0
LINE
8
BLACK
6
CONTINUOUS
10
2.8017064173228348
20
-4.3506470078740156
11
2.8059278740157478
21
-4.3423619291338582
0
LINE
8
BLACK
6
CONTINUOUS
10
2.8059278740157478
20
-4.3423619291338582
11
2.8088012992125986
21
-4.3335184645669287
0
LINE
8
BLACK
6
CONTINUOUS
10
2.8088012992125986
20
-4.3335184645669287
11
2.810255905511811
21
-4.3243345669291333
0
LINE
8
BLACK
6
CONTINUOUS
10
2.810255905511811
20
-4.3243345669291333
11
2.810255905511811
21
-4.3150355511811025
0
LINE
8
BLACK
6
CONTINUOUS
10
2.810255905511811
20
-4.3150355511811025
11
2.8088012992125986
21
-4.3058516535433071
0
LINE
8
BLACK
6
CONTINUOUS
10
2.8088012992125986
20
-4.3058516535433071
11
2.8059277952755903
21
-4.2970080314960626
0
LINE
8
BLACK
6
CONTINUOUS
10
2.8059277952755903
20
-4.2970080314960626
11
2.801706377952756
21
-4.2887231102362202
0
LINE
8
BLACK
6
CONTINUOUS
10
2.801706377952756
20
-4.2887231102362202
11
2.7962408267716534
21
-4.2812004330708664
0
LINE
8
BLACK
6
CONTINUOUS
10
2.7962408267716534
20
-4.2812004330708664
11
2.7896657480314961
21
-4.2746253543307082
0
LINE
8
BLACK
6
CONTINUOUS
10
2.7896657480314961
20
-4.2746253543307082
11
2.7821430314960631
21
-4.2691597637795278
0
LINE
8
BLACK
6
CONTINUOUS
10
2.7821430314960631
20
-4.2691597637795278
11
2.7738581102362203
21
-4.2649383464566926
0
LINE
8
BLACK
6
CONTINUOUS
10
2.7738581102362203
20
-4.2649383464566926
11
2.7650144881889762
21
-4.2620648425196848
0
LINE
8
BLACK
6
CONTINUOUS
10
2.7650144881889762
20
-4.2620648425196848
11
2.7558305905511808
21
-4.2606102755905511
0
LINE
8
BLACK
6
CONTINUOUS
10
2.7558305905511808
20
-4.2606102755905511
11
2.7558303937007875
21
-4.2606102755905511
0
LINE
8
BLACK
6
CONTINUOUS
10
2.7558303937007875
20
-4.2606102755905511
11
2.7465318110236221
21
-4.2606102755905511
0
LINE
8
BLACK
6
CONTINUOUS
10
2.7465318110236221
20
-4.2606102755905511
11
2.7465316141732283
21
-4.2606102755905511
0
LINE
8
BLACK
6
CONTINUOUS
10
2.7465316141732283
20
-4.2606102755905511
11
2.7373476771653542
21
-4.2620648425196848
0
LINE
8
BLACK
6
CONTINUOUS
10
2.7373476771653542
20
-4.2620648425196848
11
2.7285040551181101
21
-4.2649383464566926
0
LINE
8
BLACK
6
CONTINUOUS
10
2.7285040551181101
20
-4.2649383464566926
11
2.7202191338582677
21
-4.2691597637795278
0
LINE
8
BLACK
6
CONTINUOUS
10
2.7202191338582677
20
-4.2691597637795278
11
2.7159271653543304
21
-4.2722780708661414
0
LINE
8
BLACK
6
CONTINUOUS
10
2.7159271653543304
20
-4.2722780708661414
11
2.7126964566929135
21
-4.2746253543307082
0
LINE
8
BLACK
6
CONTINUOUS
10
2.7126964566929135
20
-4.2746253543307082
11
2.712696377952756
21
-4.2746254330708657
0
LINE
8
BLACK
6
CONTINUOUS
10
2.712696377952756
20
-4.2746254330708657
11
2.7126963385826772
21
-4.2746254330708657
0
LINE
8
BLACK
6
CONTINUOUS
10
2.7126963385826772
20
-4.2746254330708657
11
2.7061214566929133
21
-4.2812003149606301
0
LINE
8
BLACK
6
CONTINUOUS
10
2.7061214566929133
20
-4.2812003149606301
11
2.7061214566929133
21
-4.2812003543307089
0
LINE
8
BLACK
6
CONTINUOUS
10
2.7061214566929133
20
-4.2812003543307089
11
2.7061213779527558
21
-4.2812004330708664
0
LINE
8
BLACK
6
CONTINUOUS
10
2.7061213779527558
20
-4.2812004330708664
11
2.703774094488189
21
-4.2844311417322833
0
LINE
8
BLACK
6
CONTINUOUS
10
2.703774094488189
20
-4.2844311417322833
11
2.7006557874015749
21
-4.2887231102362202
0
LINE
8
BLACK
6
CONTINUOUS
10
2.7006557874015749
20
-4.2887231102362202
11
2.6964343700787401
21
-4.2970080314960626
0
LINE
8
BLACK
6
CONTINUOUS
10
2.6964343700787401
20
-4.2970080314960626
11
2.6935608661417323
21
-4.3058516535433071
0
LINE
8
BLACK
6
CONTINUOUS
10
2.6935608661417323
20
-4.3058516535433071
11
2.6921062992125986
21
-4.3150355511811025
0
LINE
8
BLACK
6
CONTINUOUS
10
2.6921062992125986
20
-4.3150355511811025
11
2.6921062992125986
21
-4.3243345669291333
0
LINE
8
BLACK
6
CONTINUOUS
10
2.6921062992125986
20
-4.0243345275590547
11
2.6935608661417323
21
-4.0335184251968501
0
LINE
8
BLACK
6
CONTINUOUS
10
2.6935608661417323
20
-4.0335184251968501
11
2.6964343700787401
21
-4.0423620472440946
0
LINE
8
BLACK
6
CONTINUOUS
10
2.6964343700787401
20
-4.0423620472440946
11
2.7006557874015749
21
-4.050646968503937
0
LINE
8
BLACK
6
CONTINUOUS
10
2.7006557874015749
20
-4.050646968503937
11
2.7061213779527558
21
-4.0581696850393696
0
LINE
8
BLACK
6
CONTINUOUS
10
2.7061213779527558
20
-4.0581696850393696
11
2.7126964566929135
21
-4.0647447637795278
0
LINE
8
BLACK
6
CONTINUOUS
10
2.7126964566929135
20
-4.0647447637795278
11
2.7202191732283465
21
-4.0702103543307082
0
LINE
8
BLACK
6
CONTINUOUS
10
2.7202191732283465
20
-4.0702103543307082
11
2.7241335039370078
21
-4.0722048031496065
0
LINE
8
BLACK
6
CONTINUOUS
10
2.7241335039370078
20
-4.0722048031496065
11
2.7285040551181101
21
-4.0744317322834647
0
LINE
8
BLACK
6
CONTINUOUS
10
2.7285040551181101
20
-4.0744317322834647
11
2.7285041338582676
21
-4.0744317322834647
0
LINE
8
BLACK
6
CONTINUOUS
10
2.7285041338582676
20
-4.0744317322834647
11
2.7285042519685039
21
-4.0744318110236222
0
LINE
8
BLACK
6
CONTINUOUS
10
2.7285042519685039
20
-4.0744318110236222
11
2.7332445669291339
21
-4.0759720078740154
0
LINE
8
BLACK
6
CONTINUOUS
10
2.7332445669291339
20
-4.0759720078740154
11
2.7373476771653542
21
-4.0773052362204725
0
LINE
8
BLACK
6
CONTINUOUS
10
2.7373476771653542
20
-4.0773052362204725
11
2.7465316141732283
21
-4.0787598425196849
0
LINE
8
BLACK
6
CONTINUOUS
10
2.7465316141732283
20
-4.0787598425196849
11
2.7465318110236221
21
-4.0787598425196849
0
LINE
8
BLACK
6
CONTINUOUS
10
2.7465318110236221
20
-4.0787598425196849
11
2.7558305905511808
21
-4.0787598425196849
0
LINE
8
BLACK
6
CONTINUOUS
10
2.7558305905511808
20
-4.0787598425196849
11
2.7650144881889762
21
-4.0773052362204725
0
LINE
8
BLACK
6
CONTINUOUS
10
2.7650144881889762
20
-4.0773052362204725
11
2.7738579527559053
21
-4.0744318110236222
0
LINE
8
BLACK
6
CONTINUOUS
10
2.7738579527559053
20
-4.0744318110236222
11
2.7821430314960631
21
-4.0702103543307082
0
LINE
8
BLACK
6
CONTINUOUS
10
2.7821430314960631
20
-4.0702103543307082
11
2.7896657480314961
21
-4.0647447637795278
0
LINE
8
BLACK
6
CONTINUOUS
10
2.7896657480314961
20
-4.0647447637795278
11
2.7962408267716534
21
-4.0581696850393696
0
LINE
8
BLACK
6
CONTINUOUS
10
2.7962408267716534
20
-4.0581696850393696
11
2.8017064173228348
21
-4.050646968503937
0
LINE
8
BLACK
6
CONTINUOUS
10
2.8017064173228348
20
-4.050646968503937
11
2.8059278740157478
21
-4.0423618897637796
0
LINE
8
BLACK
6
CONTINUOUS
10
2.8059278740157478
20
-4.0423618897637796
11
2.8088012992125986
21
-4.0335184251968501
0
LINE
8
BLACK
6
CONTINUOUS
10
2.8088012992125986
20
-4.0335184251968501
11
2.810255905511811
21
-4.0243345275590547
0
LINE
8
BLACK
6
CONTINUOUS
10
2.810255905511811
20
-4.0243345275590547
11
2.810255905511811
21
-4.0150355118110239
0
LINE
8
BLACK
6
CONTINUOUS
10
2.810255905511811
20
-4.0150355118110239
11
2.8088012992125986
21
-4.0058516141732285
0
LINE
8
BLACK
6
CONTINUOUS
10
2.8088012992125986
20
-4.0058516141732285
11
2.8059277952755903
21
-3.997007992125984
0
LINE
8
BLACK
6
CONTINUOUS
10
2.8059277952755903
20
-3.997007992125984
11
2.801706377952756
21
-3.9887230708661416
0
LINE
8
BLACK
6
CONTINUOUS
10
2.801706377952756
20
-3.9887230708661416
11
2.7962408267716534
21
-3.9812003937007874
0
LINE
8
BLACK
6
CONTINUOUS
10
2.7962408267716534
20
-3.9812003937007874
11
2.7896657480314961
21
-3.9746253149606297
0
LINE
8
BLACK
6
CONTINUOUS
10
2.7896657480314961
20
-3.9746253149606297
11
2.7821430314960631
21
-3.9691597244094488
0
LINE
8
BLACK
6
CONTINUOUS
10
2.7821430314960631
20
-3.9691597244094488
11
2.7738581102362203
21
-3.964938307086614
0
LINE
8
BLACK
6
CONTINUOUS
10
2.7738581102362203
20
-3.964938307086614
11
2.7650144881889762
21
-3.9620648031496062
0
LINE
8
BLACK
6
CONTINUOUS
10
2.7650144881889762
20
-3.9620648031496062
11
2.7558305905511808
21
-3.9606102362204725
0
LINE
8
BLACK
6
CONTINUOUS
10
2.7558305905511808
20
-3.9606102362204725
11
2.7558303937007875
21
-3.9606102362204725
0
LINE
8
BLACK
6
CONTINUOUS
10
2.7558303937007875
20
-3.9606102362204725
11
2.7465318110236221
21
-3.9606102362204725
0
LINE
8
BLACK
6
CONTINUOUS
10
2.7465318110236221
20
-3.9606102362204725
11
2.7465316141732283
21
-3.9606102362204725
0
LINE
8
BLACK
6
CONTINUOUS
10
2.7465316141732283
20
-3.9606102362204725
11
2.7373476771653542
21
-3.9620648031496062
0
LINE
8
BLACK
6
CONTINUOUS
10
2.7373476771653542
20
-3.9620648031496062
11
2.7285040551181101
21
-3.964938307086614
0
LINE
8
BLACK
6
CONTINUOUS
10
2.7285040551181101
20
-3.964938307086614
11
2.7202191338582677
21
-3.9691597244094488
0
LINE
8
BLACK
6
CONTINUOUS
10
2.7202191338582677
20
-3.9691597244094488
11
2.7159271653543304
21
-3.9722780314960628
0
LINE
8
BLACK
6
CONTINUOUS
10
2.7159271653543304
20
-3.9722780314960628
11
2.7126964566929135
21
-3.9746253149606297
0
LINE
8
BLACK
6
CONTINUOUS
10
2.7126964566929135
20
-3.9746253149606297
11
2.712696377952756
21
-3.9746253937007872
0
LINE
8
BLACK
6
CONTINUOUS
10
2.712696377952756
20
-3.9746253937007872
11
2.7126963385826772
21
-3.9746253937007872
0
LINE
8
BLACK
6
CONTINUOUS
10
2.7126963385826772
20
-3.9746253937007872
11
2.7061214566929133
21
-3.9812002755905511
0
LINE
8
BLACK
6
CONTINUOUS
10
2.7061214566929133
20
-3.9812002755905511
11
2.7061214566929133
21
-3.9812003149606299
0
LINE
8
BLACK
6
CONTINUOUS
10
2.7061214566929133
20
-3.9812003149606299
11
2.7061213779527558
21
-3.9812003937007874
0
LINE
8
BLACK
6
CONTINUOUS
10
2.7061213779527558
20
-3.9812003937007874
11
2.703774094488189
21
-3.9844311023622048
0
LINE
8
BLACK
6
CONTINUOUS
10
2.703774094488189
20
-3.9844311023622048
11
2.7006557874015749
21
-3.9887230708661416
0
LINE
8
BLACK
6
CONTINUOUS
10
2.7006557874015749
20
-3.9887230708661416
11
2.6964343700787401
21
-3.997007992125984
0
LINE
8
BLACK
6
CONTINUOUS
10
2.6964343700787401
20
-3.997007992125984
11
2.6935608661417323
21
-4.0058516141732285
0
LINE
8
BLACK
6
CONTINUOUS
10
2.6935608661417323
20
-4.0058516141732285
11
2.6921062992125986
21
-4.0150355118110239
0
LINE
8
BLACK
6
CONTINUOUS
10
2.6921062992125986
20
-4.0150355118110239
11
2.6921062992125986
21
-4.0243345275590547
0
LINE
8
BLACK
6
CONTINUOUS
10
4.1633858267716537
20
-3.2854330708661417
11
4.1633858267716537
21
-3.3109387401574804
0
LINE
8
BLACK
6
CONTINUOUS
10
4.1633858267716537
20
-3.3109387401574804
11
4.1636378346456695
21
-3.3132823622047245
0
LINE
8
BLACK
6
CONTINUOUS
10
4.1636378346456695
20
-3.3132823622047245
11
4.163637913385827
21
-3.3132826377952753
0
LINE
8
BLACK
6
CONTINUOUS
10
4.163637913385827
20
-3.3132826377952753
11
4.1656159448818899
21
-3.318586062992126
0
LINE
8
BLACK
6
CONTINUOUS
10
4.1656159448818899
20
-3.318586062992126
11
4.1656161023622049
21
-3.3185863385826773
0
LINE
8
BLACK
6
CONTINUOUS
10
4.1656161023622049
20
-3.3185863385826773
11
4.1690082283464562
21
-3.3231175984251968
0
LINE
8
BLACK
6
CONTINUOUS
10
4.1690082283464562
20
-3.3231175984251968
11
4.1690083464566925
21
-3.3231177165354331
0
LINE
8
BLACK
6
CONTINUOUS
10
4.1690083464566925
20
-3.3231177165354331
11
4.1735396062992125
21
-3.3265098425196848
0
LINE
8
BLACK
6
CONTINUOUS
10
4.1735396062992125
20
-3.3265098425196848
11
4.1735398818897638
21
-3.3265099999999999
0
LINE
8
BLACK
6
CONTINUOUS
10
4.1735398818897638
20
-3.3265099999999999
11
4.1788433070866144
21
-3.3284880314960628
0
LINE
8
BLACK
6
CONTINUOUS
10
4.1788433070866144
20
-3.3284880314960628
11
4.1788435826771648
21
-3.3284881102362203
0
LINE
8
BLACK
6
CONTINUOUS
10
4.1788435826771648
20
-3.3284881102362203
11
4.1811872047244094
21
-3.3287401181102361
0
LINE
8
BLACK
6
CONTINUOUS
10
4.1811872047244094
20
-3.3287401181102361
11
4.1811878740157482
21
-3.3287401574803148
0
LINE
8
BLACK
6
CONTINUOUS
10
4.1811878740157482
20
-3.3287401574803148
11
4.2066929133858268
21
-3.3287401574803148
0
LINE
8
BLACK
6
CONTINUOUS
10
4.2066929133858268
20
-3.3287401574803148
11
4.2066929133858268
21
-3.3090551181102361
0
LINE
8
BLACK
6
CONTINUOUS
10
4.2066929133858268
20
-3.3090551181102361
11
4.1830708661417324
21
-3.3090551181102361
0
LINE
8
BLACK
6
CONTINUOUS
10
4.1830708661417324
20
-3.3090551181102361
11
4.1830708661417324
21
-3.2854330708661417
0
LINE
8
BLACK
6
CONTINUOUS
10
4.1830708661417324
20
-3.2854330708661417
11
4.1633858267716537
21
-3.2854330708661417
0
LINE
8
BLACK
6
CONTINUOUS
10
4.25
20
-3.3090551181102361
11
4.2263779527559056
21
-3.3090551181102361
0
LINE
8
BLACK
6
CONTINUOUS
10
4.2263779527559056
20
-3.3090551181102361
11
4.2263779527559056
21
-3.3287401574803148
0
LINE
8
BLACK
6
CONTINUOUS
10
4.2263779527559056
20
-3.3287401574803148
11
4.2518829921259842
21
-3.3287401574803148
0
LINE
8
BLACK
6
CONTINUOUS
10
4.2518829921259842
20
-3.3287401574803148
11
4.2518836220472442
21
-3.3287401181102361
0
LINE
8
BLACK
6
CONTINUOUS
10
4.2518836220472442
20
-3.3287401181102361
11
4.2542272440944879
21
-3.3284881102362203
0
LINE
8
BLACK
6
CONTINUOUS
10
4.2542272440944879
20
-3.3284881102362203
11
4.2542275196850392
21
-3.3284880314960628
0
LINE
8
BLACK
6
CONTINUOUS
10
4.2542275196850392
20
-3.3284880314960628
11
4.2595309448818899
21
-3.3265099999999999
0
LINE
8
BLACK
6
CONTINUOUS
10
4.2595309448818899
20
-3.3265099999999999
11
4.2595312204724411
21
-3.3265098425196848
0
LINE
8
BLACK
6
CONTINUOUS
10
4.2595312204724411
20
-3.3265098425196848
11
4.2640624803149603
21
-3.3231177165354331
0
LINE
8
BLACK
6
CONTINUOUS
10
4.2640624803149603
20
-3.3231177165354331
11
4.2640625984251965
21
-3.3231175984251968
0
LINE
8
BLACK
6
CONTINUOUS
10
4.2640625984251965
20
-3.3231175984251968
11
4.2674547244094487
21
-3.3185863385826773
0
LINE
8
BLACK
6
CONTINUOUS
10
4.2674547244094487
20
-3.3185863385826773
11
4.2674548818897637
21
-3.318586062992126
0
LINE
8
BLACK
6
CONTINUOUS
10
4.2674548818897637
20
-3.318586062992126
11
4.2694329133858266
21
-3.3132826377952753
0
LINE
8
BLACK
6
CONTINUOUS
10
4.2694329133858266
20
-3.3132826377952753
11
4.2694329921259841
21
-3.3132823622047245
0
LINE
8
BLACK
6
CONTINUOUS
10
4.2694329921259841
20
-3.3132823622047245
11
4.269685
21
-3.3109387401574804
0
LINE
8
BLACK
6
CONTINUOUS
10
4.269685
20
-3.3109387401574804
11
4.2696850393700787
21
-3.3109380708661416
0
LINE
8
BLACK
6
CONTINUOUS
10
4.2696850393700787
20
-3.3109380708661416
11
4.2696850393700787
21
-3.2854330708661417
0
LINE
8
BLACK
6
CONTINUOUS
10
4.2696850393700787
20
-3.2854330708661417
11
4.25
21
-3.2854330708661417
0
LINE
8
BLACK
6
CONTINUOUS
10
4.25
20
-3.2854330708661417
11
4.25
21
-3.3090551181102361
0
LINE
8
BLACK
6
CONTINUOUS
10
4.0369094488188972
20
-3.2074751181102363
11
4.036909488188976
21
-3.2074753543307084
0
LINE
8
BLACK
6
CONTINUOUS
10
4.036909488188976
20
-3.2074753543307084
11
4.0371617322834643
21
-3.2098220866141731
0
LINE
8
BLACK
6
CONTINUOUS
10
4.0371617322834643
20
-3.2098220866141731
11
4.0391418110236224
21
-3.2151309448818899
0
LINE
8
BLACK
6
CONTINUOUS
10
4.0391418110236224
20
-3.2151309448818899
11
4.0391419685039365
21
-3.2151312204724407
0
LINE
8
BLACK
6
CONTINUOUS
10
4.0391419685039365
20
-3.2151312204724407
11
4.0425374803149605
21
-3.2196670078740155
0
LINE
8
BLACK
6
CONTINUOUS
10
4.0425374803149605
20
-3.2196670078740155
11
4.0425375196850393
21
-3.2196670078740155
0
LINE
8
BLACK
6
CONTINUOUS
10
4.0425375196850393
20
-3.2196670078740155
11
4.042537559055118
21
-3.219667086614173
0
LINE
8
BLACK
6
CONTINUOUS
10
4.042537559055118
20
-3.219667086614173
11
4.0439576377952751
21
-3.2207301574803151
0
LINE
8
BLACK
6
CONTINUOUS
10
4.0439576377952751
20
-3.2207301574803151
11
4.0452296456692913
21
-3.2216824015748031
0
LINE
8
BLACK
6
CONTINUOUS
10
4.0452296456692913
20
-3.2216824015748031
11
4.0468780708661418
21
-3.2238845275590551
0
LINE
8
BLACK
6
CONTINUOUS
10
4.0468780708661418
20
-3.2238845275590551
11
4.0470742913385829
21
-3.2266283070866142
0
LINE
8
BLACK
6
CONTINUOUS
10
4.0470742913385829
20
-3.2266283070866142
11
4.0457559448818898
21
-3.2290425590551179
0
LINE
8
BLACK
6
CONTINUOUS
10
4.0457559448818898
20
-3.2290425590551179
11
4.0452296456692913
21
-3.2294986220472439
0
LINE
8
BLACK
6
CONTINUOUS
10
4.0452296456692913
20
-3.2294986220472439
11
4.0425374803149605
21
-3.2315139763779528
0
LINE
8
BLACK
6
CONTINUOUS
10
4.0425374803149605
20
-3.2315139763779528
11
4.0391419685039365
21
-3.2360497637795276
0
LINE
8
BLACK
6
CONTINUOUS
10
4.0391419685039365
20
-3.2360497637795276
11
4.0391418110236224
21
-3.2360500393700788
0
LINE
8
BLACK
6
CONTINUOUS
10
4.0391418110236224
20
-3.2360500393700788
11
4.0371617322834643
21
-3.2413589370078739
0
LINE
8
BLACK
6
CONTINUOUS
10
4.0371617322834643
20
-3.2413589370078739
11
4.036909488188976
21
-3.2437053543307086
0
LINE
8
BLACK
6
CONTINUOUS
10
4.036909488188976
20
-3.2437053543307086
11
4.036909488188976
21
-3.2437056299212599
0
LINE
8
BLACK
6
CONTINUOUS
10
4.036909488188976
20
-3.2437056299212599
11
4.0369094488188972
21
-3.2437061023622045
0
LINE
8
BLACK
6
CONTINUOUS
10
4.0369094488188972
20
-3.2437061023622045
11
4.0369094488188972
21
-3.3074751968503935
0
LINE
8
BLACK
6
CONTINUOUS
10
4.0369094488188972
20
-3.3074751968503935
11
4.036909488188976
21
-3.307475433070866
0
LINE
8
BLACK
6
CONTINUOUS
10
4.036909488188976
20
-3.307475433070866
11
4.0371617322834643
21
-3.3098221653543307
0
LINE
8
BLACK
6
CONTINUOUS
10
4.0371617322834643
20
-3.3098221653543307
11
4.0391418110236224
21
-3.315131023622047
0
LINE
8
BLACK
6
CONTINUOUS
10
4.0391418110236224
20
-3.315131023622047
11
4.0391419685039365
21
-3.3151312992125983
0
LINE
8
BLACK
6
CONTINUOUS
10
4.0391419685039365
20
-3.3151312992125983
11
4.0425374803149605
21
-3.3196670866141731
0
LINE
8
BLACK
6
CONTINUOUS
10
4.0425374803149605
20
-3.3196670866141731
11
4.0425375984251968
21
-3.3196672047244093
0
LINE
8
BLACK
6
CONTINUOUS
10
4.0425375984251968
20
-3.3196672047244093
11
4.0470733858267716
21
-3.3230627165354329
0
LINE
8
BLACK
6
CONTINUOUS
10
4.0470733858267716
20
-3.3230627165354329
11
4.0470736614173228
21
-3.323062874015748
0
LINE
8
BLACK
6
CONTINUOUS
10
4.0470736614173228
20
-3.323062874015748
11
4.0523825590551183
21
-3.3250429527559056
0
LINE
8
BLACK
6
CONTINUOUS
10
4.0523825590551183
20
-3.3250429527559056
11
4.0523825196850396
21
-3.3250429527559056
0
LINE
8
BLACK
6
CONTINUOUS
10
4.0523825196850396
20
-3.3250429527559056
11
4.0526552755905509
21
-3.3250722440944882
0
LINE
8
BLACK
6
CONTINUOUS
10
4.0526552755905509
20
-3.3250722440944882
11
4.0547294094488189
21
-3.3252952755905509
0
LINE
8
BLACK
6
CONTINUOUS
10
4.0547294094488189
20
-3.3252952755905509
11
4.118498897637795
21
-3.3252952362204722
0
LINE
8
BLACK
6
CONTINUOUS
10
4.118498897637795
20
-3.3252952362204722
11
4.1208457874015751
21
-3.3250429527559056
0
LINE
8
BLACK
6
CONTINUOUS
10
4.1208457874015751
20
-3.3250429527559056
11
4.1261547637795273
21
-3.3230628346456692
0
LINE
8
BLACK
6
CONTINUOUS
10
4.1261547637795273
20
-3.3230628346456692
11
4.1306907874015746
21
-3.3196671653543306
0
LINE
8
BLACK
6
CONTINUOUS
10
4.1306907874015746
20
-3.3196671653543306
11
4.1340864566929136
21
-3.3151311417322833
0
LINE
8
BLACK
6
CONTINUOUS
10
4.1340864566929136
20
-3.3151311417322833
11
4.1360665748031495
21
-3.3098221653543307
0
LINE
8
BLACK
6
CONTINUOUS
10
4.1360665748031495
20
-3.3098221653543307
11
4.1363188976377954
21
-3.3074753149606297
0
LINE
8
BLACK
6
CONTINUOUS
10
4.1363188976377954
20
-3.3074753149606297
11
4.1363188582677166
21
-3.2729989763779526
0
LINE
8
BLACK
6
CONTINUOUS
10
4.1363188582677166
20
-3.2729989763779526
11
4.1363188582677166
21
-3.2437058661417324
0
LINE
8
BLACK
6
CONTINUOUS
10
4.1363188582677166
20
-3.2437058661417324
11
4.1363188188976379
21
-3.2437056299212599
0
LINE
8
BLACK
6
CONTINUOUS
10
4.1363188188976379
20
-3.2437056299212599
11
4.1363187795275591
21
-3.2437053543307086
0
LINE
8
BLACK
6
CONTINUOUS
10
4.1363187795275591
20
-3.2437053543307086
11
4.1360665748031495
21
-3.2413589370078739
0
LINE
8
BLACK
6
CONTINUOUS
10
4.1360665748031495
20
-3.2413589370078739
11
4.1340864566929136
21
-3.2360499606299213
0
LINE
8
BLACK
6
CONTINUOUS
10
4.1340864566929136
20
-3.2360499606299213
11
4.1340864173228349
21
-3.2360499212598426
0
LINE
8
BLACK
6
CONTINUOUS
10
4.1340864173228349
20
-3.2360499212598426
11
4.1340863385826774
21
-3.2360497637795276
0
LINE
8
BLACK
6
CONTINUOUS
10
4.1340863385826774
20
-3.2360497637795276
11
4.1315000787401575
21
-3.2325949999999999
0
LINE
8
BLACK
6
CONTINUOUS
10
4.1315000787401575
20
-3.2325949999999999
11
4.1306907874015746
21
-3.231513937007874
0
LINE
8
BLACK
6
CONTINUOUS
10
4.1306907874015746
20
-3.231513937007874
11
4.1279986614173225
21
-3.2294985826771652
0
LINE
8
BLACK
6
CONTINUOUS
10
4.1279986614173225
20
-3.2294985826771652
11
4.126350236220472
21
-3.2272965354330707
0
LINE
8
BLACK
6
CONTINUOUS
10
4.126350236220472
20
-3.2272965354330707
11
4.126154015748031
21
-3.2245527559055116
0
LINE
8
BLACK
6
CONTINUOUS
10
4.126154015748031
20
-3.2245527559055116
11
4.1274723228346453
21
-3.2221384645669291
0
LINE
8
BLACK
6
CONTINUOUS
10
4.1274723228346453
20
-3.2221384645669291
11
4.1279986614173225
21
-3.2216824015748031
0
LINE
8
BLACK
6
CONTINUOUS
10
4.1279986614173225
20
-3.2216824015748031
11
4.1306907874015746
21
-3.219667086614173
0
LINE
8
BLACK
6
CONTINUOUS
10
4.1306907874015746
20
-3.219667086614173
11
4.1340864566929136
21
-3.2151310629921257
0
LINE
8
BLACK
6
CONTINUOUS
10
4.1340864566929136
20
-3.2151310629921257
11
4.1360665748031495
21
-3.2098220866141731
0
LINE
8
BLACK
6
CONTINUOUS
10
4.1360665748031495
20
-3.2098220866141731
11
4.1363188976377954
21
-3.2074752362204721
0
LINE
8
BLACK
6
CONTINUOUS
10
4.1363188976377954
20
-3.2074752362204721
11
4.1363188582677166
21
-3.1437057480314961
0
LINE
8
BLACK
6
CONTINUOUS
10
4.1363188582677166
20
-3.1437057480314961
11
4.1360665748031495
21
-3.1413588582677163
0
LINE
8
BLACK
6
CONTINUOUS
10
4.1360665748031495
20
-3.1413588582677163
11
4.1340864566929136
21
-3.1360498818897637
0
LINE
8
BLACK
6
CONTINUOUS
10
4.1340864566929136
20
-3.1360498818897637
11
4.1340864173228349
21
-3.136049842519685
0
LINE
8
BLACK
6
CONTINUOUS
10
4.1340864173228349
20
-3.136049842519685
11
4.1340863385826774
21
-3.13604968503937
0
LINE
8
BLACK
6
CONTINUOUS
10
4.1340863385826774
20
-3.13604968503937
11
4.1306908267716533
21
-3.1315138976377952
0
LINE
8
BLACK
6
CONTINUOUS
10
4.1306908267716533
20
-3.1315138976377952
11
4.1306907086614171
21
-3.1315137795275589
0
LINE
8
BLACK
6
CONTINUOUS
10
4.1306907086614171
20
-3.1315137795275589
11
4.1261549212598423
21
-3.1281182677165353
0
LINE
8
BLACK
6
CONTINUOUS
10
4.1261549212598423
20
-3.1281182677165353
11
4.126154645669291
21
-3.1281181102362203
0
LINE
8
BLACK
6
CONTINUOUS
10
4.126154645669291
20
-3.1281181102362203
11
4.1208457480314964
21
-3.1261380314960627
0
LINE
8
BLACK
6
CONTINUOUS
10
4.1208457480314964
20
-3.1261380314960627
11
4.1208457874015751
21
-3.1261380314960627
0
LINE
8
BLACK
6
CONTINUOUS
10
4.1208457874015751
20
-3.1261380314960627
11
4.1184993307086613
21
-3.1258857874015749
0
LINE
8
BLACK
6
CONTINUOUS
10
4.1184993307086613
20
-3.1258857874015749
11
4.1184992519685037
21
-3.1258857480314961
0
LINE
8
BLACK
6
CONTINUOUS
10
4.1184992519685037
20
-3.1258857480314961
11
4.1184989370078737
21
-3.1258857480314961
0
LINE
8
BLACK
6
CONTINUOUS
10
4.1184989370078737
20
-3.1258857480314961
11
4.118498582677165
21
-3.1258857480314961
0
LINE
8
BLACK
6
CONTINUOUS
10
4.118498582677165
20
-3.1258857480314961
11
4.0547294881889764
21
-3.1258857480314961
0
LINE
8
BLACK
6
CONTINUOUS
10
4.0547294881889764
20
-3.1258857480314961
11
4.0547292519685039
21
-3.1258857874015749
0
LINE
8
BLACK
6
CONTINUOUS
10
4.0547292519685039
20
-3.1258857874015749
11
4.0523825196850396
21
-3.1261380314960627
0
LINE
8
BLACK
6
CONTINUOUS
10
4.0523825196850396
20
-3.1261380314960627
11
4.0470736614173228
21
-3.1281181102362203
0
LINE
8
BLACK
6
CONTINUOUS
10
4.0470736614173228
20
-3.1281181102362203
11
4.0470733858267716
21
-3.1281182677165353
0
LINE
8
BLACK
6
CONTINUOUS
10
4.0470733858267716
20
-3.1281182677165353
11
4.0425375984251968
21
-3.1315137795275589
0
LINE
8
BLACK
6
CONTINUOUS
10
4.0425375984251968
20
-3.1315137795275589
11
4.0425374803149605
21
-3.1315138976377952
0
LINE
8
BLACK
6
CONTINUOUS
10
4.0425374803149605
20
-3.1315138976377952
11
4.0391419685039365
21
-3.13604968503937
0
LINE
8
BLACK
6
CONTINUOUS
10
4.0391419685039365
20
-3.13604968503937
11
4.0391418110236224
21
-3.1360499606299213
0
LINE
8
BLACK
6
CONTINUOUS
10
4.0391418110236224
20
-3.1360499606299213
11
4.0371617322834643
21
-3.1413588582677163
0
LINE
8
BLACK
6
CONTINUOUS
10
4.0371617322834643
20
-3.1413588582677163
11
4.036909488188976
21
-3.143705275590551
0
LINE
8
BLACK
6
CONTINUOUS
10
4.036909488188976
20
-3.143705275590551
11
4.036909488188976
21
-3.1437055511811023
0
LINE
8
BLACK
6
CONTINUOUS
10
4.036909488188976
20
-3.1437055511811023
11
4.0369094488188972
21
-3.1437060236220473
0
LINE
8
BLACK
6
CONTINUOUS
10
4.0369094488188972
20
-3.1437060236220473
11
4.0369094488188972
21
-3.2074751181102363
0
LINE
8
BLACK
6
CONTINUOUS
10
4.4367913385826769
20
-3.0169669685039371
11
4.438342913385827
21
-3.026763188976378
0
LINE
8
BLACK
6
CONTINUOUS
10
4.438342913385827
20
-3.026763188976378
11
4.4414078740157477
21
-3.0361961811023623
0
LINE
8
BLACK
6
CONTINUOUS
10
4.4414078740157477
20
-3.0361961811023623
11
4.4459107086614171
21
-3.0450333858267715
0
LINE
8
BLACK
6
CONTINUOUS
10
4.4459107086614171
20
-3.0450333858267715
11
4.4517401968503938
21
-3.0530570472440943
0
LINE
8
BLACK
6
CONTINUOUS
10
4.4517401968503938
20
-3.0530570472440943
11
4.4517403543307088
21
-3.0530572440944881
0
LINE
8
BLACK
6
CONTINUOUS
10
4.4517403543307088
20
-3.0530572440944881
11
4.4587537401574799
21
-3.0600706299212597
0
LINE
8
BLACK
6
CONTINUOUS
10
4.4587537401574799
20
-3.0600706299212597
11
4.4587539370078737
21
-3.0600707874015747
0
LINE
8
BLACK
6
CONTINUOUS
10
4.4587539370078737
20
-3.0600707874015747
11
4.4629785039370073
21
-3.0631400787401573
0
LINE
8
BLACK
6
CONTINUOUS
10
4.4629785039370073
20
-3.0631400787401573
11
4.466777755905512
21
-3.0659003937007872
0
LINE
8
BLACK
6
CONTINUOUS
10
4.466777755905512
20
-3.0659003937007872
11
4.4724088188976374
21
-3.0687695669291339
0
LINE
8
BLACK
6
CONTINUOUS
10
4.4724088188976374
20
-3.0687695669291339
11
4.4756148031496066
21
-3.0704031102362204
0
LINE
8
BLACK
6
CONTINUOUS
10
4.4756148031496066
20
-3.0704031102362204
11
4.4756148818897641
21
-3.0704031102362204
0
LINE
8
BLACK
6
CONTINUOUS
10
4.4756148818897641
20
-3.0704031102362204
11
4.4756149999999995
21
-3.0704031889763779
0
LINE
8
BLACK
6
CONTINUOUS
10
4.4756149999999995
20
-3.0704031889763779
11
4.4850478346456688
21
-3.0734681102362202
0
LINE
8
BLACK
6
CONTINUOUS
10
4.4850478346456688
20
-3.0734681102362202
11
4.4948440157480318
21
-3.0750196850393698
0
LINE
8
BLACK
6
CONTINUOUS
10
4.4948440157480318
20
-3.0750196850393698
11
4.4948440551181097
21
-3.0750196850393698
0
LINE
8
BLACK
6
CONTINUOUS
10
4.4948440551181097
20
-3.0750196850393698
11
4.5047622440944881
21
-3.0750196850393698
0
LINE
8
BLACK
6
CONTINUOUS
10
4.5047622440944881
20
-3.0750196850393698
11
4.5047622834645669
21
-3.0750196850393698
0
LINE
8
BLACK
6
CONTINUOUS
10
4.5047622834645669
20
-3.0750196850393698
11
4.514558464566929
21
-3.0734681102362202
0
LINE
8
BLACK
6
CONTINUOUS
10
4.514558464566929
20
-3.0734681102362202
11
4.5239912992125983
21
-3.0704031889763779
0
LINE
8
BLACK
6
CONTINUOUS
10
4.5239912992125983
20
-3.0704031889763779
11
4.5328285433070867
21
-3.0659003937007872
0
LINE
8
BLACK
6
CONTINUOUS
10
4.5328285433070867
20
-3.0659003937007872
11
4.5408525984251966
21
-3.0600705905511809
0
LINE
8
BLACK
6
CONTINUOUS
10
4.5408525984251966
20
-3.0600705905511809
11
4.5478658661417324
21
-3.0530573228346456
0
LINE
8
BLACK
6
CONTINUOUS
10
4.5478658661417324
20
-3.0530573228346456
11
4.5536956692913382
21
-3.0450332677165353
0
LINE
8
BLACK
6
CONTINUOUS
10
4.5536956692913382
20
-3.0450332677165353
11
4.5581984645669289
21
-3.0361960236220473
0
LINE
8
BLACK
6
CONTINUOUS
10
4.5581984645669289
20
-3.0361960236220473
11
4.5612633858267717
21
-3.026763188976378
0
LINE
8
BLACK
6
CONTINUOUS
10
4.5612633858267717
20
-3.026763188976378
11
4.5628149606299209
21
-3.0169670078740158
0
LINE
8
BLACK
6
CONTINUOUS
10
4.5628149606299209
20
-3.0169670078740158
11
4.5628149606299209
21
-3.0070487401574804
0
LINE
8
BLACK
6
CONTINUOUS
10
4.5628149606299209
20
-3.0070487401574804
11
4.5612633858267717
21
-2.9972525590551182
0
LINE
8
BLACK
6
CONTINUOUS
10
4.5612633858267717
20
-2.9972525590551182
11
4.5581984645669289
21
-2.9878197244094489
0
LINE
8
BLACK
6
CONTINUOUS
10
4.5581984645669289
20
-2.9878197244094489
11
4.5581983858267714
21
-2.9878196062992126
0
LINE
8
BLACK
6
CONTINUOUS
10
4.5581983858267714
20
-2.9878196062992126
11
4.5581983858267714
21
-2.9878195275590551
0
LINE
8
BLACK
6
CONTINUOUS
10
4.5581983858267714
20
-2.9878195275590551
11
4.556564842519685
21
-2.9846135433070864
0
LINE
8
BLACK
6
CONTINUOUS
10
4.556564842519685
20
-2.9846135433070864
11
4.5536956692913382
21
-2.9789824803149605
0
LINE
8
BLACK
6
CONTINUOUS
10
4.5536956692913382
20
-2.9789824803149605
11
4.5529508661417326
21
-2.9779573622047244
0
LINE
8
BLACK
6
CONTINUOUS
10
4.5529508661417326
20
-2.9779573622047244
11
4.5478660629921261
21
-2.9709586614173227
0
LINE
8
BLACK
6
CONTINUOUS
10
4.5478660629921261
20
-2.9709586614173227
11
4.5478659055118111
21
-2.9709584645669289
0
LINE
8
BLACK
6
CONTINUOUS
10
4.5478659055118111
20
-2.9709584645669289
11
4.5408525196850391
21
-2.9639450787401573
0
LINE
8
BLACK
6
CONTINUOUS
10
4.5408525196850391
20
-2.9639450787401573
11
4.5408523228346453
21
-2.9639449212598423
0
LINE
8
BLACK
6
CONTINUOUS
10
4.5408523228346453
20
-2.9639449212598423
11
4.532828661417323
21
-2.9581154330708661
0
LINE
8
BLACK
6
CONTINUOUS
10
4.532828661417323
20
-2.9581154330708661
11
4.5328286220472442
21
-2.9581153937007874
0
LINE
8
BLACK
6
CONTINUOUS
10
4.5328286220472442
20
-2.9581153937007874
11
4.5328285433070867
21
-2.9581153543307086
0
LINE
8
BLACK
6
CONTINUOUS
10
4.5328285433070867
20
-2.9581153543307086
11
4.5300687795275589
21
-2.9567091732283464
0
LINE
8
BLACK
6
CONTINUOUS
10
4.5300687795275589
20
-2.9567091732283464
11
4.5239914566929134
21
-2.9536125984251966
0
LINE
8
BLACK
6
CONTINUOUS
10
4.5239914566929134
20
-2.9536125984251966
11
4.514558464566929
21
-2.9505476377952755
0
LINE
8
BLACK
6
CONTINUOUS
10
4.514558464566929
20
-2.9505476377952755
11
4.5047622834645669
21
-2.9489960629921259
0
LINE
8
BLACK
6
CONTINUOUS
10
4.5047622834645669
20
-2.9489960629921259
11
4.4948440157480318
21
-2.9489960629921259
0
LINE
8
BLACK
6
CONTINUOUS
10
4.4948440157480318
20
-2.9489960629921259
11
4.4899459055118109
21
-2.9497718503937009
0
LINE
8
BLACK
6
CONTINUOUS
10
4.4899459055118109
20
-2.9497718503937009
11
4.4850477952755901
21
-2.9505476377952755
0
LINE
8
BLACK
6
CONTINUOUS
10
4.4850477952755901
20
-2.9505476377952755
11
4.4756148031496066
21
-2.9536125984251966
0
LINE
8
BLACK
6
CONTINUOUS
10
4.4756148031496066
20
-2.9536125984251966
11
4.4667775984251969
21
-2.9581154330708661
0
LINE
8
BLACK
6
CONTINUOUS
10
4.4667775984251969
20
-2.9581154330708661
11
4.4587539370078737
21
-2.9639449212598423
0
LINE
8
BLACK
6
CONTINUOUS
10
4.4587539370078737
20
-2.9639449212598423
11
4.4587537401574799
21
-2.9639450787401573
0
LINE
8
BLACK
6
CONTINUOUS
10
4.4587537401574799
20
-2.9639450787401573
11
4.4517403543307088
21
-2.9709584645669289
0
LINE
8
BLACK
6
CONTINUOUS
10
4.4517403543307088
20
-2.9709584645669289
11
4.4517401968503938
21
-2.9709586614173227
0
LINE
8
BLACK
6
CONTINUOUS
10
4.4517401968503938
20
-2.9709586614173227
11
4.4459107086614171
21
-2.9789823228346455
0
LINE
8
BLACK
6
CONTINUOUS
10
4.4459107086614171
20
-2.9789823228346455
11
4.4414078740157477
21
-2.9878195275590551
0
LINE
8
BLACK
6
CONTINUOUS
10
4.4414078740157477
20
-2.9878195275590551
11
4.438342913385827
21
-2.9972525196850395
0
LINE
8
BLACK
6
CONTINUOUS
10
4.438342913385827
20
-2.9972525196850395
11
4.4367913385826769
21
-3.0070487401574804
0
LINE
8
BLACK
6
CONTINUOUS
10
4.4367913385826769
20
-3.0070487401574804
11
4.4367913385826769
21
-3.0169669685039371
0
LINE
8
BLACK
6
CONTINUOUS
10
4.2262496850393703
20
-3.0435670078740156
11
4.2323105118110238
21
-3.0460774803149606
0
LINE
8
BLACK
6
CONTINUOUS
10
4.2323105118110238
20
-3.0460774803149606
11
4.2377651181102358
21
-3.049722125984252
0
LINE
8
BLACK
6
CONTINUOUS
10
4.2377651181102358
20
-3.049722125984252
11
4.2424038976377956
21
-3.0543609055118108
0
LINE
8
BLACK
6
CONTINUOUS
10
4.2424038976377956
20
-3.0543609055118108
11
4.2460485433070865
21
-3.0598155118110237
0
LINE
8
BLACK
6
CONTINUOUS
10
4.2460485433070865
20
-3.0598155118110237
11
4.2485590157480315
21
-3.0658763385826773
0
LINE
8
BLACK
6
CONTINUOUS
10
4.2485590157480315
20
-3.0658763385826773
11
4.2489250787401573
21
-3.0677165748031494
0
LINE
8
BLACK
6
CONTINUOUS
10
4.2489250787401573
20
-3.0677165748031494
11
4.2803149999999999
21
-3.0677165748031494
0
LINE
8
BLACK
6
CONTINUOUS
10
4.2803149999999999
20
-3.0677165748031494
11
4.2818511417322833
21
-3.0678678740157479
0
LINE
8
BLACK
6
CONTINUOUS
10
4.2818511417322833
20
-3.0678678740157479
11
4.2846895669291341
21
-3.0690435826771654
0
LINE
8
BLACK
6
CONTINUOUS
10
4.2846895669291341
20
-3.0690435826771654
11
4.2858827559055115
21
-3.0700228346456693
0
LINE
8
BLACK
6
CONTINUOUS
10
4.2858827559055115
20
-3.0700228346456693
11
4.3992685826771654
21
-3.183408622047244
0
LINE
8
BLACK
6
CONTINUOUS
10
4.3992685826771654
20
-3.183408622047244
11
4.4002477952755905
21
-3.1846018110236218
0
LINE
8
BLACK
6
CONTINUOUS
10
4.4002477952755905
20
-3.1846018110236218
11
4.401423503937008
21
-3.1874402362204726
0
LINE
8
BLACK
6
CONTINUOUS
10
4.401423503937008
20
-3.1874402362204726
11
4.4015748031496065
21
-3.188976377952756
0
LINE
8
BLACK
6
CONTINUOUS
10
4.4015748031496065
20
-3.188976377952756
11
4.4015748031496065
21
-3.5354330708661417
0
LINE
8
BLACK
6
CONTINUOUS
10
4.4015748031496065
20
-3.5354330708661417
11
4.7590301574803151
21
-3.5354330708661417
0
LINE
8
BLACK
6
CONTINUOUS
10
4.7590301574803151
20
-3.5354330708661417
11
4.7605264566929133
21
-3.533936771653543
0
LINE
8
BLACK
6
CONTINUOUS
10
4.7605264566929133
20
-3.533936771653543
11
4.7631966535433072
21
-3.532395118110236
0
LINE
8
BLACK
6
CONTINUOUS
10
4.7631966535433072
20
-3.532395118110236
11
4.7661748818897633
21
-3.531597125984252
0
LINE
8
BLACK
6
CONTINUOUS
10
4.7661748818897633
20
-3.531597125984252
11
4.7692581889763774
21
-3.531597125984252
0
LINE
8
BLACK
6
CONTINUOUS
10
4.7692581889763774
20
-3.531597125984252
11
4.7722364173228344
21
-3.532395118110236
0
LINE
8
BLACK
6
CONTINUOUS
10
4.7722364173228344
20
-3.532395118110236
11
4.7749066141732284
21
-3.533936771653543
0
LINE
8
BLACK
6
CONTINUOUS
10
4.7749066141732284
20
-3.533936771653543
11
4.777086850393701
21
-3.5361170078740156
0
LINE
8
BLACK
6
CONTINUOUS
10
4.777086850393701
20
-3.5361170078740156
11
4.778628503937008
21
-3.5387872047244096
0
LINE
8
BLACK
6
CONTINUOUS
10
4.778628503937008
20
-3.5387872047244096
11
4.7794264960629924
21
-3.5417654330708661
0
LINE
8
BLACK
6
CONTINUOUS
10
4.7794264960629924
20
-3.5417654330708661
11
4.7794264960629924
21
-3.5448487401574802
0
LINE
8
BLACK
6
CONTINUOUS
10
4.7794264960629924
20
-3.5448487401574802
11
4.778628503937008
21
-3.5478269685039368
0
LINE
8
BLACK
6
CONTINUOUS
10
4.778628503937008
20
-3.5478269685039368
11
4.777086850393701
21
-3.5504971653543307
0
LINE
8
BLACK
6
CONTINUOUS
10
4.777086850393701
20
-3.5504971653543307
11
4.7749066141732284
21
-3.5526774015748033
0
LINE
8
BLACK
6
CONTINUOUS
10
4.7749066141732284
20
-3.5526774015748033
11
4.7722364173228344
21
-3.5542190551181103
0
LINE
8
BLACK
6
CONTINUOUS
10
4.7722364173228344
20
-3.5542190551181103
11
4.7692581889763774
21
-3.5550170472440943
0
LINE
8
BLACK
6
CONTINUOUS
10
4.7692581889763774
20
-3.5550170472440943
11
4.7661748818897633
21
-3.5550170472440943
0
LINE
8
BLACK
6
CONTINUOUS
10
4.7661748818897633
20
-3.5550170472440943
11
4.7631966535433072
21
-3.5542190551181103
0
LINE
8
BLACK
6
CONTINUOUS
10
4.7631966535433072
20
-3.5542190551181103
11
4.7605264566929133
21
-3.5526774015748033
0
LINE
8
BLACK
6
CONTINUOUS
10
4.7605264566929133
20
-3.5526774015748033
11
4.7590301574803151
21
-3.5511811023622046
0
LINE
8
BLACK
6
CONTINUOUS
10
4.7590301574803151
20
-3.5511811023622046
11
4.393700787401575
21
-3.5511811023622046
0
LINE
8
BLACK
6
CONTINUOUS
10
4.393700787401575
20
-3.5511811023622046
11
3.9102611811023622
21
-3.5511811023622046
0
LINE
8
BLACK
6
CONTINUOUS
10
3.9102611811023622
20
-3.5511811023622046
11
3.9087648818897636
21
-3.5526774015748033
0
LINE
8
BLACK
6
CONTINUOUS
10
3.9087648818897636
20
-3.5526774015748033
11
3.9060946850393701
21
-3.5542190551181103
0
LINE
8
BLACK
6
CONTINUOUS
10
3.9060946850393701
20
-3.5542190551181103
11
3.9031164566929135
21
-3.5550170472440943
0
LINE
8
BLACK
6
CONTINUOUS
10
3.9031164566929135
20
-3.5550170472440943
11
3.900033149606299
21
-3.5550170472440943
0
LINE
8
BLACK
6
CONTINUOUS
10
3.900033149606299
20
-3.5550170472440943
11
3.8970549212598424
21
-3.5542190551181103
0
LINE
8
BLACK
6
CONTINUOUS
10
3.8970549212598424
20
-3.5542190551181103
11
3.8943847244094489
21
-3.5526774015748033
0
LINE
8
BLACK
6
CONTINUOUS
10
3.8943847244094489
20
-3.5526774015748033
11
3.8922044881889764
21
-3.5504971653543307
0
LINE
8
BLACK
6
CONTINUOUS
10
3.8922044881889764
20
-3.5504971653543307
11
3.8906628346456693
21
-3.5478269685039368
0
LINE
8
BLACK
6
CONTINUOUS
10
3.8906628346456693
20
-3.5478269685039368
11
3.8898648425196849
21
-3.5448487401574802
0
LINE
8
BLACK
6
CONTINUOUS
10
3.8898648425196849
20
-3.5448487401574802
11
3.8898648425196849
21
-3.5417654330708661
0
LINE
8
BLACK
6
CONTINUOUS
10
3.8898648425196849
20
-3.5417654330708661
11
3.8906628346456693
21
-3.5387872047244096
0
LINE
8
BLACK
6
CONTINUOUS
10
3.8906628346456693
20
-3.5387872047244096
11
3.8922044881889764
21
-3.5361170078740156
0
LINE
8
BLACK
6
CONTINUOUS
10
3.8922044881889764
20
-3.5361170078740156
11
3.8943847244094489
21
-3.533936771653543
0
LINE
8
BLACK
6
CONTINUOUS
10
3.8943847244094489
20
-3.533936771653543
11
3.8970549212598424
21
-3.532395118110236
0
LINE
8
BLACK
6
CONTINUOUS
10
3.8970549212598424
20
-3.532395118110236
11
3.900033149606299
21
-3.531597125984252
0
LINE
8
BLACK
6
CONTINUOUS
10
3.900033149606299
20
-3.531597125984252
11
3.9031164566929135
21
-3.531597125984252
0
LINE
8
BLACK
6
CONTINUOUS
10
3.9031164566929135
20
-3.531597125984252
11
3.9060946850393701
21
-3.532395118110236
0
LINE
8
BLACK
6
CONTINUOUS
10
3.9060946850393701
20
-3.532395118110236
11
3.9087648818897636
21
-3.533936771653543
0
LINE
8
BLACK
6
CONTINUOUS
10
3.9087648818897636
20
-3.533936771653543
11
3.9102611811023622
21
-3.5354330708661417
0
LINE
8
BLACK
6
CONTINUOUS
10
3.9102611811023622
20
-3.5354330708661417
11
4.3858267716535435
21
-3.5354330708661417
0
LINE
8
BLACK
6
CONTINUOUS
10
4.3858267716535435
20
-3.5354330708661417
11
4.3858267716535435
21
-3.1922378740157478
0
LINE
8
BLACK
6
CONTINUOUS
10
4.3858267716535435
20
-3.1922378740157478
11
4.2770535039370081
21
-3.0834646062992124
0
LINE
8
BLACK
6
CONTINUOUS
10
4.2770535039370081
20
-3.0834646062992124
11
4.2489250787401573
21
-3.0834646062992124
0
LINE
8
BLACK
6
CONTINUOUS
10
4.2489250787401573
20
-3.0834646062992124
11
4.2485590157480315
21
-3.085304842519685
0
LINE
8
BLACK
6
CONTINUOUS
10
4.2485590157480315
20
-3.085304842519685
11
4.2460485433070865
21
-3.0913656692913385
0
LINE
8
BLACK
6
CONTINUOUS
10
4.2460485433070865
20
-3.0913656692913385
11
4.2424038976377956
21
-3.096820275590551
0
LINE
8
BLACK
6
CONTINUOUS
10
4.2424038976377956
20
-3.096820275590551
11
4.2377651181102358
21
-3.1014590551181103
0
LINE
8
BLACK
6
CONTINUOUS
10
4.2377651181102358
20
-3.1014590551181103
11
4.2323105118110238
21
-3.1051037007874016
0
LINE
8
BLACK
6
CONTINUOUS
10
4.2323105118110238
20
-3.1051037007874016
11
4.2262496850393703
21
-3.1076141732283462
0
LINE
8
BLACK
6
CONTINUOUS
10
4.2262496850393703
20
-3.1076141732283462
11
4.2198155511811022
21
-3.1088940157480316
0
LINE
8
BLACK
6
CONTINUOUS
10
4.2198155511811022
20
-3.1088940157480316
11
4.2132553149606302
21
-3.1088940157480316
0
LINE
8
BLACK
6
CONTINUOUS
10
4.2132553149606302
20
-3.1088940157480316
11
4.2068211811023621
21
-3.1076141732283462
0
LINE
8
BLACK
6
CONTINUOUS
10
4.2068211811023621
20
-3.1076141732283462
11
4.2007603543307086
21
-3.1051037007874016
0
LINE
8
BLACK
6
CONTINUOUS
10
4.2007603543307086
20
-3.1051037007874016
11
4.1953057480314957
21
-3.1014590551181103
0
LINE
8
BLACK
6
CONTINUOUS
10
4.1953057480314957
20
-3.1014590551181103
11
4.1906669685039368
21
-3.096820275590551
0
LINE
8
BLACK
6
CONTINUOUS
10
4.1906669685039368
20
-3.096820275590551
11
4.1870223228346459
21
-3.0913656692913385
0
LINE
8
BLACK
6
CONTINUOUS
10
4.1870223228346459
20
-3.0913656692913385
11
4.1845118503937009
21
-3.085304842519685
0
LINE
8
BLACK
6
CONTINUOUS
10
4.1845118503937009
20
-3.085304842519685
11
4.1832320078740155
21
-3.0788707086614173
0
LINE
8
BLACK
6
CONTINUOUS
10
4.1832320078740155
20
-3.0788707086614173
11
4.1832320078740155
21
-3.0723104724409449
0
LINE
8
BLACK
6
CONTINUOUS
10
4.1832320078740155
20
-3.0723104724409449
11
4.1845118503937009
21
-3.0658763385826773
0
LINE
8
BLACK
6
CONTINUOUS
10
4.1845118503937009
20
-3.0658763385826773
11
4.1870223228346459
21
-3.0598155118110237
0
LINE
8
BLACK
6
CONTINUOUS
10
4.1870223228346459
20
-3.0598155118110237
11
4.1906669685039368
21
-3.0543609055118108
0
LINE
8
BLACK
6
CONTINUOUS
10
4.1906669685039368
20
-3.0543609055118108
11
4.1953057480314957
21
-3.049722125984252
0
LINE
8
BLACK
6
CONTINUOUS
10
4.1953057480314957
20
-3.049722125984252
11
4.2007603543307086
21
-3.0460774803149606
0
LINE
8
BLACK
6
CONTINUOUS
10
4.2007603543307086
20
-3.0460774803149606
11
4.2068211811023621
21
-3.0435670078740156
0
LINE
8
BLACK
6
CONTINUOUS
10
4.2068211811023621
20
-3.0435670078740156
11
4.2132553149606302
21
-3.0422871653543306
0
LINE
8
BLACK
6
CONTINUOUS
10
4.2132553149606302
20
-3.0422871653543306
11
4.2198155511811022
21
-3.0422871653543306
0
LINE
8
BLACK
6
CONTINUOUS
10
4.2198155511811022
20
-3.0422871653543306
11
4.2262496850393703
21
-3.0435670078740156
0
LINE
8
BLACK
6
CONTINUOUS
10
4.2262496850393703
20
-3.1435669685039369
11
4.2323105118110238
21
-3.146077440944882
0
LINE
8
BLACK
6
CONTINUOUS
10
4.2323105118110238
20
-3.146077440944882
11
4.2377651181102358
21
-3.1497220866141733
0
LINE
8
BLACK
6
CONTINUOUS
10
4.2377651181102358
20
-3.1497220866141733
11
4.2424038976377956
21
-3.1543608661417322
0
LINE
8
BLACK
6
CONTINUOUS
10
4.2424038976377956
20
-3.1543608661417322
11
4.2460485433070865
21
-3.1598154724409446
0
LINE
8
BLACK
6
CONTINUOUS
10
4.2460485433070865
20
-3.1598154724409446
11
4.2485590157480315
21
-3.1658762992125982
0
LINE
8
BLACK
6
CONTINUOUS
10
4.2485590157480315
20
-3.1658762992125982
11
4.249838858267716
21
-3.1723104330708662
0
LINE
8
BLACK
6
CONTINUOUS
10
4.249838858267716
20
-3.1723104330708662
11
4.249838858267716
21
-3.1788706692913387
0
LINE
8
BLACK
6
CONTINUOUS
10
4.249838858267716
20
-3.1788706692913387
11
4.2485590157480315
21
-3.1853048031496063
0
LINE
8
BLACK
6
CONTINUOUS
10
4.2485590157480315
20
-3.1853048031496063
11
4.2460485433070865
21
-3.1913656299212598
0
LINE
8
BLACK
6
CONTINUOUS
10
4.2460485433070865
20
-3.1913656299212598
11
4.2424038976377956
21
-3.1968202362204723
0
LINE
8
BLACK
6
CONTINUOUS
10
4.2424038976377956
20
-3.1968202362204723
11
4.2377651181102358
21
-3.2014590157480316
0
LINE
8
BLACK
6
CONTINUOUS
10
4.2377651181102358
20
-3.2014590157480316
11
4.2323105118110238
21
-3.2051036614173229
0
LINE
8
BLACK
6
CONTINUOUS
10
4.2323105118110238
20
-3.2051036614173229
11
4.2262496850393703
21
-3.2076141338582675
0
LINE
8
BLACK
6
CONTINUOUS
10
4.2262496850393703
20
-3.2076141338582675
11
4.2198155511811022
21
-3.2088939763779525
0
LINE
8
BLACK
6
CONTINUOUS
10
4.2198155511811022
20
-3.2088939763779525
11
4.2132553149606302
21
-3.2088939763779525
0
LINE
8
BLACK
6
CONTINUOUS
10
4.2132553149606302
20
-3.2088939763779525
11
4.2068211811023621
21
-3.2076141338582675
0
LINE
8
BLACK
6
CONTINUOUS
10
4.2068211811023621
20
-3.2076141338582675
11
4.2007603543307086
21
-3.2051036614173229
0
LINE
8
BLACK
6
CONTINUOUS
10
4.2007603543307086
20
-3.2051036614173229
11
4.1953057480314957
21
-3.2014590157480316
0
LINE
8
BLACK
6
CONTINUOUS
10
4.1953057480314957
20
-3.2014590157480316
11
4.1906669685039368
21
-3.1968202362204723
0
LINE
8
BLACK
6
CONTINUOUS
10
4.1906669685039368
20
-3.1968202362204723
11
4.1870223228346459
21
-3.1913656299212598
0
LINE
8
BLACK
6
CONTINUOUS
10
4.1870223228346459
20
-3.1913656299212598
11
4.1845118503937009
21
-3.1853048031496063
0
LINE
8
BLACK
6
CONTINUOUS
10
4.1845118503937009
20
-3.1853048031496063
11
4.1832320078740155
21
-3.1788706692913387
0
LINE
8
BLACK
6
CONTINUOUS
10
4.1832320078740155
20
-3.1788706692913387
11
4.1832320078740155
21
-3.1723104330708662
0
LINE
8
BLACK
6
CONTINUOUS
10
4.1832320078740155
20
-3.1723104330708662
11
4.1845118503937009
21
-3.1658762992125982
0
LINE
8
BLACK
6
CONTINUOUS
10
4.1845118503937009
20
-3.1658762992125982
11
4.1870223228346459
21
-3.1598154724409446
0
LINE
8
BLACK
6
CONTINUOUS
10
4.1870223228346459
20
-3.1598154724409446
11
4.1906669685039368
21
-3.1543608661417322
0
LINE
8
BLACK
6
CONTINUOUS
10
4.1906669685039368
20
-3.1543608661417322
11
4.1953057480314957
21
-3.1497220866141733
0
LINE
8
BLACK
6
CONTINUOUS
10
4.1953057480314957
20
-3.1497220866141733
11
4.2007603543307086
21
-3.146077440944882
0
LINE
8
BLACK
6
CONTINUOUS
10
4.2007603543307086
20
-3.146077440944882
11
4.2068211811023621
21
-3.1435669685039369
0
LINE
8
BLACK
6
CONTINUOUS
10
4.2068211811023621
20
-3.1435669685039369
11
4.2132553149606302
21
-3.142287125984252
0
LINE
8
BLACK
6
CONTINUOUS
10
4.2132553149606302
20
-3.142287125984252
11
4.2198155511811022
21
-3.142287125984252
0
LINE
8
BLACK
6
CONTINUOUS
10
4.2198155511811022
20
-3.142287125984252
11
4.2262496850393703
21
-3.1435669685039369
0
LINE
8
BLACK
6
CONTINUOUS
10
2.1026276377952757
20
-2.8839212992125982
11
2.1086884645669293
21
-2.8864317716535433
0
LINE
8
BLACK
6
CONTINUOUS
10
2.1086884645669293
20
-2.8864317716535433
11
2.1141430708661417
21
-2.8900764173228346
0
LINE
8
BLACK
6
CONTINUOUS
10
2.1141430708661417
20
-2.8900764173228346
11
2.1187818503937006
21
-2.8947151968503935
0
LINE
8
BLACK
6
CONTINUOUS
10
2.1187818503937006
20
-2.8947151968503935
11
2.1224264960629919
21
-2.9001698031496064
0
LINE
8
BLACK
6
CONTINUOUS
10
2.1224264960629919
20
-2.9001698031496064
11
2.124936968503937
21
-2.9062306299212599
0
LINE
8
BLACK
6
CONTINUOUS
10
2.124936968503937
20
-2.9062306299212599
11
2.1262168110236219
21
-2.9126647637795275
0
LINE
8
BLACK
6
CONTINUOUS
10
2.1262168110236219
20
-2.9126647637795275
11
2.1262168110236219
21
-2.919225
0
LINE
8
BLACK
6
CONTINUOUS
10
2.1262168110236219
20
-2.919225
11
2.124936968503937
21
-2.9256591338582676
0
LINE
8
BLACK
6
CONTINUOUS
10
2.124936968503937
20
-2.9256591338582676
11
2.1224264960629919
21
-2.9317199606299211
0
LINE
8
BLACK
6
CONTINUOUS
10
2.1224264960629919
20
-2.9317199606299211
11
2.1187818503937006
21
-2.9371745669291336
0
LINE
8
BLACK
6
CONTINUOUS
10
2.1187818503937006
20
-2.9371745669291336
11
2.1141430708661417
21
-2.9418133464566929
0
LINE
8
BLACK
6
CONTINUOUS
10
2.1141430708661417
20
-2.9418133464566929
11
2.1086884645669293
21
-2.9454579921259842
0
LINE
8
BLACK
6
CONTINUOUS
10
2.1086884645669293
20
-2.9454579921259842
11
2.1026276377952757
21
-2.9479684645669288
0
LINE
8
BLACK
6
CONTINUOUS
10
2.1026276377952757
20
-2.9479684645669288
11
2.0961935039370077
21
-2.9492483070866142
0
LINE
8
BLACK
6
CONTINUOUS
10
2.0961935039370077
20
-2.9492483070866142
11
2.0896332677165352
21
-2.9492483070866142
0
LINE
8
BLACK
6
CONTINUOUS
10
2.0896332677165352
20
-2.9492483070866142
11
2.0831991338582676
21
-2.9479684645669288
0
LINE
8
BLACK
6
CONTINUOUS
10
2.0831991338582676
20
-2.9479684645669288
11
2.0771383070866141
21
-2.9454579921259842
0
LINE
8
BLACK
6
CONTINUOUS
10
2.0771383070866141
20
-2.9454579921259842
11
2.0716837007874016
21
-2.9418133464566929
0
LINE
8
BLACK
6
CONTINUOUS
10
2.0716837007874016
20
-2.9418133464566929
11
2.0670449212598423
21
-2.9371745669291336
0
LINE
8
BLACK
6
CONTINUOUS
10
2.0670449212598423
20
-2.9371745669291336
11
2.0634002755905509
21
-2.9317199606299211
0
LINE
8
BLACK
6
CONTINUOUS
10
2.0634002755905509
20
-2.9317199606299211
11
2.0608898031496063
21
-2.9256591338582676
0
LINE
8
BLACK
6
CONTINUOUS
10
2.0608898031496063
20
-2.9256591338582676
11
2.0596099606299214
21
-2.919225
0
LINE
8
BLACK
6
CONTINUOUS
10
2.0596099606299214
20
-2.919225
11
2.0596099606299214
21
-2.9126647637795275
0
LINE
8
BLACK
6
CONTINUOUS
10
2.0596099606299214
20
-2.9126647637795275
11
2.0608898031496063
21
-2.9062306299212599
0
LINE
8
BLACK
6
CONTINUOUS
10
2.0608898031496063
20
-2.9062306299212599
11
2.0634002755905509
21
-2.9001698031496064
0
LINE
8
BLACK
6
CONTINUOUS
10
2.0634002755905509
20
-2.9001698031496064
11
2.0670449212598423
21
-2.8947151968503935
0
LINE
8
BLACK
6
CONTINUOUS
10
2.0670449212598423
20
-2.8947151968503935
11
2.0716837007874016
21
-2.8900764173228346
0
LINE
8
BLACK
6
CONTINUOUS
10
2.0716837007874016
20
-2.8900764173228346
11
2.0771383070866141
21
-2.8864317716535433
0
LINE
8
BLACK
6
CONTINUOUS
10
2.0771383070866141
20
-2.8864317716535433
11
2.0831991338582676
21
-2.8839212992125982
0
LINE
8
BLACK
6
CONTINUOUS
10
2.0831991338582676
20
-2.8839212992125982
11
2.0896332677165352
21
-2.8826414566929133
0
LINE
8
BLACK
6
CONTINUOUS
10
2.0896332677165352
20
-2.8826414566929133
11
2.0961935039370077
21
-2.8826414566929133
0
LINE
8
BLACK
6
CONTINUOUS
10
2.0961935039370077
20
-2.8826414566929133
11
2.1026276377952757
21
-2.8839212992125982
0
LINE
8
BLACK
6
CONTINUOUS
10
2.2026276377952754
20
-2.8839212992125982
11
2.2086884645669289
21
-2.8864317716535433
0
LINE
8
BLACK
6
CONTINUOUS
10
2.2086884645669289
20
-2.8864317716535433
11
2.2141430708661418
21
-2.8900764173228346
0
LINE
8
BLACK
6
CONTINUOUS
10
2.2141430708661418
20
-2.8900764173228346
11
2.2187818503937007
21
-2.8947151968503935
0
LINE
8
BLACK
6
CONTINUOUS
10
2.2187818503937007
20
-2.8947151968503935
11
2.222426496062992
21
-2.9001698031496064
0
LINE
8
BLACK
6
CONTINUOUS
10
2.222426496062992
20
-2.9001698031496064
11
2.2249369685039371
21
-2.9062306299212599
0
LINE
8
BLACK
6
CONTINUOUS
10
2.2249369685039371
20
-2.9062306299212599
11
2.226216811023622
21
-2.9126647637795275
0
LINE
8
BLACK
6
CONTINUOUS
10
2.226216811023622
20
-2.9126647637795275
11
2.226216811023622
21
-2.919225
0
LINE
8
BLACK
6
CONTINUOUS
10
2.226216811023622
20
-2.919225
11
2.2249369685039371
21
-2.9256591338582676
0
LINE
8
BLACK
6
CONTINUOUS
10
2.2249369685039371
20
-2.9256591338582676
11
2.222426496062992
21
-2.9317199606299211
0
LINE
8
BLACK
6
CONTINUOUS
10
2.222426496062992
20
-2.9317199606299211
11
2.2187818503937007
21
-2.9371745669291336
0
LINE
8
BLACK
6
CONTINUOUS
10
2.2187818503937007
20
-2.9371745669291336
11
2.2141430708661418
21
-2.9418133464566929
0
LINE
8
BLACK
6
CONTINUOUS
10
2.2141430708661418
20
-2.9418133464566929
11
2.2086884645669289
21
-2.9454579921259842
0
LINE
8
BLACK
6
CONTINUOUS
10
2.2086884645669289
20
-2.9454579921259842
11
2.2026276377952754
21
-2.9479684645669288
0
LINE
8
BLACK
6
CONTINUOUS
10
2.2026276377952754
20
-2.9479684645669288
11
2.1961935039370077
21
-2.9492483070866142
0
LINE
8
BLACK
6
CONTINUOUS
10
2.1961935039370077
20
-2.9492483070866142
11
2.1896332677165353
21
-2.9492483070866142
0
LINE
8
BLACK
6
CONTINUOUS
10
2.1896332677165353
20
-2.9492483070866142
11
2.1831991338582677
21
-2.9479684645669288
0
LINE
8
BLACK
6
CONTINUOUS
10
2.1831991338582677
20
-2.9479684645669288
11
2.1771383070866142
21
-2.9454579921259842
0
LINE
8
BLACK
6
CONTINUOUS
10
2.1771383070866142
20
-2.9454579921259842
11
2.1716837007874017
21
-2.9418133464566929
0
LINE
8
BLACK
6
CONTINUOUS
10
2.1716837007874017
20
-2.9418133464566929
11
2.1670449212598424
21
-2.9371745669291336
0
LINE
8
BLACK
6
CONTINUOUS
10
2.1670449212598424
20
-2.9371745669291336
11
2.163400275590551
21
-2.9317199606299211
0
LINE
8
BLACK
6
CONTINUOUS
10
2.163400275590551
20
-2.9317199606299211
11
2.1608898031496064
21
-2.9256591338582676
0
LINE
8
BLACK
6
CONTINUOUS
10
2.1608898031496064
20
-2.9256591338582676
11
2.1596099606299211
21
-2.919225
0
LINE
8
BLACK
6
CONTINUOUS
10
2.1596099606299211
20
-2.919225
11
2.1596099606299211
21
-2.9126647637795275
0
LINE
8
BLACK
6
CONTINUOUS
10
2.1596099606299211
20
-2.9126647637795275
11
2.1608898031496064
21
-2.9062306299212599
0
LINE
8
BLACK
6
CONTINUOUS
10
2.1608898031496064
20
-2.9062306299212599
11
2.163400275590551
21
-2.9001698031496064
0
LINE
8
BLACK
6
CONTINUOUS
10
2.163400275590551
20
-2.9001698031496064
11
2.1670449212598424
21
-2.8947151968503935
0
LINE
8
BLACK
6
CONTINUOUS
10
2.1670449212598424
20
-2.8947151968503935
11
2.1716837007874017
21
-2.8900764173228346
0
LINE
8
BLACK
6
CONTINUOUS
10
2.1716837007874017
20
-2.8900764173228346
11
2.1771383070866142
21
-2.8864317716535433
0
LINE
8
BLACK
6
CONTINUOUS
10
2.1771383070866142
20
-2.8864317716535433
11
2.1831991338582677
21
-2.8839212992125982
0
LINE
8
BLACK
6
CONTINUOUS
10
2.1831991338582677
20
-2.8839212992125982
11
2.1896332677165353
21
-2.8826414566929133
0
LINE
8
BLACK
6
CONTINUOUS
10
2.1896332677165353
20
-2.8826414566929133
11
2.1961935039370077
21
-2.8826414566929133
0
LINE
8
BLACK
6
CONTINUOUS
10
2.1961935039370077
20
-2.8826414566929133
11
2.2026276377952754
21
-2.8839212992125982
0
LINE
8
BLACK
6
CONTINUOUS
10
2.1026276377952757
20
-2.7839212992125986
11
2.1086884645669293
21
-2.7864317716535432
0
LINE
8
BLACK
6
CONTINUOUS
10
2.1086884645669293
20
-2.7864317716535432
11
2.1141430708661417
21
-2.7900764173228345
0
LINE
8
BLACK
6
CONTINUOUS
10
2.1141430708661417
20
-2.7900764173228345
11
2.1187818503937006
21
-2.7947151968503938
0
LINE
8
BLACK
6
CONTINUOUS
10
2.1187818503937006
20
-2.7947151968503938
11
2.1224264960629919
21
-2.8001698031496063
0
LINE
8
BLACK
6
CONTINUOUS
10
2.1224264960629919
20
-2.8001698031496063
11
2.124936968503937
21
-2.8062306299212598
0
LINE
8
BLACK
6
CONTINUOUS
10
2.124936968503937
20
-2.8062306299212598
11
2.1262168110236219
21
-2.8126647637795275
0
LINE
8
BLACK
6
CONTINUOUS
10
2.1262168110236219
20
-2.8126647637795275
11
2.1262168110236219
21
-2.8192249999999999
0
LINE
8
BLACK
6
CONTINUOUS
10
2.1262168110236219
20
-2.8192249999999999
11
2.124936968503937
21
-2.8256591338582675
0
LINE
8
BLACK
6
CONTINUOUS
10
2.124936968503937
20
-2.8256591338582675
11
2.1224264960629919
21
-2.831719960629921
0
LINE
8
BLACK
6
CONTINUOUS
10
2.1224264960629919
20
-2.831719960629921
11
2.1187818503937006
21
-2.8371745669291339
0
LINE
8
BLACK
6
CONTINUOUS
10
2.1187818503937006
20
-2.8371745669291339
11
2.1141430708661417
21
-2.8418133464566928
0
LINE
8
BLACK
6
CONTINUOUS
10
2.1141430708661417
20
-2.8418133464566928
11
2.1086884645669293
21
-2.8454579921259842
0
LINE
8
BLACK
6
CONTINUOUS
10
2.1086884645669293
20
-2.8454579921259842
11
2.1026276377952757
21
-2.8479684645669292
0
LINE
8
BLACK
6
CONTINUOUS
10
2.1026276377952757
20
-2.8479684645669292
11
2.0961935039370077
21
-2.8492483070866141
0
LINE
8
BLACK
6
CONTINUOUS
10
2.0961935039370077
20
-2.8492483070866141
11
2.0896332677165352
21
-2.8492483070866141
0
LINE
8
BLACK
6
CONTINUOUS
10
2.0896332677165352
20
-2.8492483070866141
11
2.0831991338582676
21
-2.8479684645669292
0
LINE
8
BLACK
6
CONTINUOUS
10
2.0831991338582676
20
-2.8479684645669292
11
2.0771383070866141
21
-2.8454579921259842
0
LINE
8
BLACK
6
CONTINUOUS
10
2.0771383070866141
20
-2.8454579921259842
11
2.0716837007874016
21
-2.8418133464566928
0
LINE
8
BLACK
6
CONTINUOUS
10
2.0716837007874016
20
-2.8418133464566928
11
2.0670449212598423
21
-2.8371745669291339
0
LINE
8
BLACK
6
CONTINUOUS
10
2.0670449212598423
20
-2.8371745669291339
11
2.0634002755905509
21
-2.831719960629921
0
LINE
8
BLACK
6
CONTINUOUS
10
2.0634002755905509
20
-2.831719960629921
11
2.0608898031496063
21
-2.8256591338582675
0
LINE
8
BLACK
6
CONTINUOUS
10
2.0608898031496063
20
-2.8256591338582675
11
2.0596099606299214
21
-2.8192249999999999
0
LINE
8
BLACK
6
CONTINUOUS
10
2.0596099606299214
20
-2.8192249999999999
11
2.0596099606299214
21
-2.8126647637795275
0
LINE
8
BLACK
6
CONTINUOUS
10
2.0596099606299214
20
-2.8126647637795275
11
2.0608898031496063
21
-2.8062306299212598
0
LINE
8
BLACK
6
CONTINUOUS
10
2.0608898031496063
20
-2.8062306299212598
11
2.0634002755905509
21
-2.8001698031496063
0
LINE
8
BLACK
6
CONTINUOUS
10
2.0634002755905509
20
-2.8001698031496063
11
2.0670449212598423
21
-2.7947151968503938
0
LINE
8
BLACK
6
CONTINUOUS
10
2.0670449212598423
20
-2.7947151968503938
11
2.0716837007874016
21
-2.7900764173228345
0
LINE
8
BLACK
6
CONTINUOUS
10
2.0716837007874016
20
-2.7900764173228345
11
2.0771383070866141
21
-2.7864317716535432
0
LINE
8
BLACK
6
CONTINUOUS
10
2.0771383070866141
20
-2.7864317716535432
11
2.0831991338582676
21
-2.7839212992125986
0
LINE
8
BLACK
6
CONTINUOUS
10
2.0831991338582676
20
-2.7839212992125986
11
2.0896332677165352
21
-2.7826414566929132
0
LINE
8
BLACK
6
CONTINUOUS
10
2.0896332677165352
20
-2.7826414566929132
11
2.0961935039370077
21
-2.7826414566929132
0
LINE
8
BLACK
6
CONTINUOUS
10
2.0961935039370077
20
-2.7826414566929132
11
2.1026276377952757
21
-2.7839212992125986
0
LINE
8
BLACK
6
CONTINUOUS
10
2.2026276377952754
20
-2.7839212992125986
11
2.2086884645669289
21
-2.7864317716535432
0
LINE
8
BLACK
6
CONTINUOUS
10
2.2086884645669289
20
-2.7864317716535432
11
2.2141430708661418
21
-2.7900764173228345
0
LINE
8
BLACK
6
CONTINUOUS
10
2.2141430708661418
20
-2.7900764173228345
11
2.2187818503937007
21
-2.7947151968503938
0
LINE
8
BLACK
6
CONTINUOUS
10
2.2187818503937007
20
-2.7947151968503938
11
2.222426496062992
21
-2.8001698031496063
0
LINE
8
BLACK
6
CONTINUOUS
10
2.222426496062992
20
-2.8001698031496063
11
2.2249369685039371
21
-2.8062306299212598
0
LINE
8
BLACK
6
CONTINUOUS
10
2.2249369685039371
20
-2.8062306299212598
11
2.226216811023622
21
-2.8126647637795275
0
LINE
8
BLACK
6
CONTINUOUS
10
2.226216811023622
20
-2.8126647637795275
11
2.226216811023622
21
-2.8192249999999999
0
LINE
8
BLACK
6
CONTINUOUS
10
2.226216811023622
20
-2.8192249999999999
11
2.2249369685039371
21
-2.8256591338582675
0
LINE
8
BLACK
6
CONTINUOUS
10
2.2249369685039371
20
-2.8256591338582675
11
2.222426496062992
21
-2.831719960629921
0
LINE
8
BLACK
6
CONTINUOUS
10
2.222426496062992
20
-2.831719960629921
11
2.2187818503937007
21
-2.8371745669291339
0
LINE
8
BLACK
6
CONTINUOUS
10
2.2187818503937007
20
-2.8371745669291339
11
2.2141430708661418
21
-2.8418133464566928
0
LINE
8
BLACK
6
CONTINUOUS
10
2.2141430708661418
20
-2.8418133464566928
11
2.2086884645669289
21
-2.8454579921259842
0
LINE
8
BLACK
6
CONTINUOUS
10
2.2086884645669289
20
-2.8454579921259842
11
2.2026276377952754
21
-2.8479684645669292
0
LINE
8
BLACK
6
CONTINUOUS
10
2.2026276377952754
20
-2.8479684645669292
11
2.1961935039370077
21
-2.8492483070866141
0
LINE
8
BLACK
6
CONTINUOUS
10
2.1961935039370077
20
-2.8492483070866141
11
2.1896332677165353
21
-2.8492483070866141
0
LINE
8
BLACK
6
CONTINUOUS
10
2.1896332677165353
20
-2.8492483070866141
11
2.1831991338582677
21
-2.8479684645669292
0
LINE
8
BLACK
6
CONTINUOUS
10
2.1831991338582677
20
-2.8479684645669292
11
2.1771383070866142
21
-2.8454579921259842
0
LINE
8
BLACK
6
CONTINUOUS
10
2.1771383070866142
20
-2.8454579921259842
11
2.1716837007874017
21
-2.8418133464566928
0
LINE
8
BLACK
6
CONTINUOUS
10
2.1716837007874017
20
-2.8418133464566928
11
2.1670449212598424
21
-2.8371745669291339
0
LINE
8
BLACK
6
CONTINUOUS
10
2.1670449212598424
20
-2.8371745669291339
11
2.163400275590551
21
-2.831719960629921
0
LINE
8
BLACK
6
CONTINUOUS
10
2.163400275590551
20
-2.831719960629921
11
2.1608898031496064
21
-2.8256591338582675
0
LINE
8
BLACK
6
CONTINUOUS
10
2.1608898031496064
20
-2.8256591338582675
11
2.1596099606299211
21
-2.8192249999999999
0
LINE
8
BLACK
6
CONTINUOUS
10
2.1596099606299211
20
-2.8192249999999999
11
2.1596099606299211
21
-2.8126647637795275
0
LINE
8
BLACK
6
CONTINUOUS
10
2.1596099606299211
20
-2.8126647637795275
11
2.1608898031496064
21
-2.8062306299212598
0
LINE
8
BLACK
6
CONTINUOUS
10
2.1608898031496064
20
-2.8062306299212598
11
2.163400275590551
21
-2.8001698031496063
0
LINE
8
BLACK
6
CONTINUOUS
10
2.163400275590551
20
-2.8001698031496063
11
2.1670449212598424
21
-2.7947151968503938
0
LINE
8
BLACK
6
CONTINUOUS
10
2.1670449212598424
20
-2.7947151968503938
11
2.1716837007874017
21
-2.7900764173228345
0
LINE
8
BLACK
6
CONTINUOUS
10
2.1716837007874017
20
-2.7900764173228345
11
2.1771383070866142
21
-2.7864317716535432
0
LINE
8
BLACK
6
CONTINUOUS
10
2.1771383070866142
20
-2.7864317716535432
11
2.1831991338582677
21
-2.7839212992125986
0
LINE
8
BLACK
6
CONTINUOUS
10
2.1831991338582677
20
-2.7839212992125986
11
2.1896332677165353
21
-2.7826414566929132
0
LINE
8
BLACK
6
CONTINUOUS
10
2.1896332677165353
20
-2.7826414566929132
11
2.1961935039370077
21
-2.7826414566929132
0
LINE
8
BLACK
6
CONTINUOUS
10
2.1961935039370077
20
-2.7826414566929132
11
2.2026276377952754
21
-2.7839212992125986
0
LINE
8
BLACK
6
CONTINUOUS
10
2.1026276377952757
20
-2.6839212992125985
11
2.1086884645669293
21
-2.6864317716535431
0
LINE
8
BLACK
6
CONTINUOUS
10
2.1086884645669293
20
-2.6864317716535431
11
2.1141430708661417
21
-2.6900764173228344
0
LINE
8
BLACK
6
CONTINUOUS
10
2.1141430708661417
20
-2.6900764173228344
11
2.1187818503937006
21
-2.6947151968503937
0
LINE
8
BLACK
6
CONTINUOUS
10
2.1187818503937006
20
-2.6947151968503937
11
2.1224264960629919
21
-2.7001698031496062
0
LINE
8
BLACK
6
CONTINUOUS
10
2.1224264960629919
20
-2.7001698031496062
11
2.124936968503937
21
-2.7062306299212597
0
LINE
8
BLACK
6
CONTINUOUS
10
2.124936968503937
20
-2.7062306299212597
11
2.1262168110236219
21
-2.7126647637795274
0
LINE
8
BLACK
6
CONTINUOUS
10
2.1262168110236219
20
-2.7126647637795274
11
2.1262168110236219
21
-2.7192249999999998
0
LINE
8
BLACK
6
CONTINUOUS
10
2.1262168110236219
20
-2.7192249999999998
11
2.124936968503937
21
-2.7256591338582679
0
LINE
8
BLACK
6
CONTINUOUS
10
2.124936968503937
20
-2.7256591338582679
11
2.1224264960629919
21
-2.7317199606299214
0
LINE
8
BLACK
6
CONTINUOUS
10
2.1224264960629919
20
-2.7317199606299214
11
2.1187818503937006
21
-2.7371745669291339
0
LINE
8
BLACK
6
CONTINUOUS
10
2.1187818503937006
20
-2.7371745669291339
11
2.1141430708661417
21
-2.7418133464566927
0
LINE
8
BLACK
6
CONTINUOUS
10
2.1141430708661417
20
-2.7418133464566927
11
2.1086884645669293
21
-2.7454579921259841
0
LINE
8
BLACK
6
CONTINUOUS
10
2.1086884645669293
20
-2.7454579921259841
11
2.1026276377952757
21
-2.7479684645669291
0
LINE
8
BLACK
6
CONTINUOUS
10
2.1026276377952757
20
-2.7479684645669291
11
2.0961935039370077
21
-2.7492483070866141
0
LINE
8
BLACK
6
CONTINUOUS
10
2.0961935039370077
20
-2.7492483070866141
11
2.0896332677165352
21
-2.7492483070866141
0
LINE
8
BLACK
6
CONTINUOUS
10
2.0896332677165352
20
-2.7492483070866141
11
2.0831991338582676
21
-2.7479684645669291
0
LINE
8
BLACK
6
CONTINUOUS
10
2.0831991338582676
20
-2.7479684645669291
11
2.0771383070866141
21
-2.7454579921259841
0
LINE
8
BLACK
6
CONTINUOUS
10
2.0771383070866141
20
-2.7454579921259841
11
2.0716837007874016
21
-2.7418133464566927
0
LINE
8
BLACK
6
CONTINUOUS
10
2.0716837007874016
20
-2.7418133464566927
11
2.0670449212598423
21
-2.7371745669291339
0
LINE
8
BLACK
6
CONTINUOUS
10
2.0670449212598423
20
-2.7371745669291339
11
2.0634002755905509
21
-2.7317199606299214
0
LINE
8
BLACK
6
CONTINUOUS
10
2.0634002755905509
20
-2.7317199606299214
11
2.0608898031496063
21
-2.7256591338582679
0
LINE
8
BLACK
6
CONTINUOUS
10
2.0608898031496063
20
-2.7256591338582679
11
2.0596099606299214
21
-2.7192249999999998
0
LINE
8
BLACK
6
CONTINUOUS
10
2.0596099606299214
20
-2.7192249999999998
11
2.0596099606299214
21
-2.7126647637795274
0
LINE
8
BLACK
6
CONTINUOUS
10
2.0596099606299214
20
-2.7126647637795274
11
2.0608898031496063
21
-2.7062306299212597
0
LINE
8
BLACK
6
CONTINUOUS
10
2.0608898031496063
20
-2.7062306299212597
11
2.0634002755905509
21
-2.7001698031496062
0
LINE
8
BLACK
6
CONTINUOUS
10
2.0634002755905509
20
-2.7001698031496062
11
2.0670449212598423
21
-2.6947151968503937
0
LINE
8
BLACK
6
CONTINUOUS
10
2.0670449212598423
20
-2.6947151968503937
11
2.0716837007874016
21
-2.6900764173228344
0
LINE
8
BLACK
6
CONTINUOUS
10
2.0716837007874016
20
-2.6900764173228344
11
2.0771383070866141
21
-2.6864317716535431
0
LINE
8
BLACK
6
CONTINUOUS
10
2.0771383070866141
20
-2.6864317716535431
11
2.0831991338582676
21
-2.6839212992125985
0
LINE
8
BLACK
6
CONTINUOUS
10
2.0831991338582676
20
-2.6839212992125985
11
2.0896332677165352
21
-2.6826414566929135
0
LINE
8
BLACK
6
CONTINUOUS
10
2.0896332677165352
20
-2.6826414566929135
11
2.0961935039370077
21
-2.6826414566929135
0
LINE
8
BLACK
6
CONTINUOUS
10
2.0961935039370077
20
-2.6826414566929135
11
2.1026276377952757
21
-2.6839212992125985
0
LINE
8
BLACK
6
CONTINUOUS
10
2.2026276377952754
20
-2.6839212992125985
11
2.2086884645669289
21
-2.6864317716535431
0
LINE
8
BLACK
6
CONTINUOUS
10
2.2086884645669289
20
-2.6864317716535431
11
2.2141430708661418
21
-2.6900764173228344
0
LINE
8
BLACK
6
CONTINUOUS
10
2.2141430708661418
20
-2.6900764173228344
11
2.2187818503937007
21
-2.6947151968503937
0
LINE
8
BLACK
6
CONTINUOUS
10
2.2187818503937007
20
-2.6947151968503937
11
2.222426496062992
21
-2.7001698031496062
0
LINE
8
BLACK
6
CONTINUOUS
10
2.222426496062992
20
-2.7001698031496062
11
2.2249369685039371
21
-2.7062306299212597
0
LINE
8
BLACK
6
CONTINUOUS
10
2.2249369685039371
20
-2.7062306299212597
11
2.226216811023622
21
-2.7126647637795274
0
LINE
8
BLACK
6
CONTINUOUS
10
2.226216811023622
20
-2.7126647637795274
11
2.226216811023622
21
-2.7192249999999998
0
LINE
8
BLACK
6
CONTINUOUS
10
2.226216811023622
20
-2.7192249999999998
11
2.2249369685039371
21
-2.7256591338582679
0
LINE
8
BLACK
6
CONTINUOUS
10
2.2249369685039371
20
-2.7256591338582679
11
2.222426496062992
21
-2.7317199606299214
0
LINE
8
BLACK
6
CONTINUOUS
10
2.222426496062992
20
-2.7317199606299214
11
2.2187818503937007
21
-2.7371745669291339
0
LINE
8
BLACK
6
CONTINUOUS
10
2.2187818503937007
20
-2.7371745669291339
11
2.2141430708661418
21
-2.7418133464566927
0
LINE
8
BLACK
6
CONTINUOUS
10
2.2141430708661418
20
-2.7418133464566927
11
2.2086884645669289
21
-2.7454579921259841
0
LINE
8
BLACK
6
CONTINUOUS
10
2.2086884645669289
20
-2.7454579921259841
11
2.2026276377952754
21
-2.7479684645669291
0
LINE
8
BLACK
6
CONTINUOUS
10
2.2026276377952754
20
-2.7479684645669291
11
2.1961935039370077
21
-2.7492483070866141
0
LINE
8
BLACK
6
CONTINUOUS
10
2.1961935039370077
20
-2.7492483070866141
11
2.1896332677165353
21
-2.7492483070866141
0
LINE
8
BLACK
6
CONTINUOUS
10
2.1896332677165353
20
-2.7492483070866141
11
2.1831991338582677
21
-2.7479684645669291
0
LINE
8
BLACK
6
CONTINUOUS
10
2.1831991338582677
20
-2.7479684645669291
11
2.1771383070866142
21
-2.7454579921259841
0
LINE
8
BLACK
6
CONTINUOUS
10
2.1771383070866142
20
-2.7454579921259841
11
2.1716837007874017
21
-2.7418133464566927
0
LINE
8
BLACK
6
CONTINUOUS
10
2.1716837007874017
20
-2.7418133464566927
11
2.1670449212598424
21
-2.7371745669291339
0
LINE
8
BLACK
6
CONTINUOUS
10
2.1670449212598424
20
-2.7371745669291339
11
2.163400275590551
21
-2.7317199606299214
0
LINE
8
BLACK
6
CONTINUOUS
10
2.163400275590551
20
-2.7317199606299214
11
2.1608898031496064
21
-2.7256591338582679
0
LINE
8
BLACK
6
CONTINUOUS
10
2.1608898031496064
20
-2.7256591338582679
11
2.1596099606299211
21
-2.7192249999999998
0
LINE
8
BLACK
6
CONTINUOUS
10
2.1596099606299211
20
-2.7192249999999998
11
2.1596099606299211
21
-2.7126647637795274
0
LINE
8
BLACK
6
CONTINUOUS
10
2.1596099606299211
20
-2.7126647637795274
11
2.1608898031496064
21
-2.7062306299212597
0
LINE
8
BLACK
6
CONTINUOUS
10
2.1608898031496064
20
-2.7062306299212597
11
2.163400275590551
21
-2.7001698031496062
0
LINE
8
BLACK
6
CONTINUOUS
10
2.163400275590551
20
-2.7001698031496062
11
2.1670449212598424
21
-2.6947151968503937
0
LINE
8
BLACK
6
CONTINUOUS
10
2.1670449212598424
20
-2.6947151968503937
11
2.1716837007874017
21
-2.6900764173228344
0
LINE
8
BLACK
6
CONTINUOUS
10
2.1716837007874017
20
-2.6900764173228344
11
2.1771383070866142
21
-2.6864317716535431
0
LINE
8
BLACK
6
CONTINUOUS
10
2.1771383070866142
20
-2.6864317716535431
11
2.1831991338582677
21
-2.6839212992125985
0
LINE
8
BLACK
6
CONTINUOUS
10
2.1831991338582677
20
-2.6839212992125985
11
2.1896332677165353
21
-2.6826414566929135
0
LINE
8
BLACK
6
CONTINUOUS
10
2.1896332677165353
20
-2.6826414566929135
11
2.1961935039370077
21
-2.6826414566929135
0
LINE
8
BLACK
6
CONTINUOUS
10
2.1961935039370077
20
-2.6826414566929135
11
2.2026276377952754
21
-2.6839212992125985
0
LINE
8
BLACK
6
CONTINUOUS
10
2.1026276377952757
20
-2.5839212992125984
11
2.1086884645669293
21
-2.5864317716535434
0
LINE
8
BLACK
6
CONTINUOUS
10
2.1086884645669293
20
-2.5864317716535434
11
2.1141430708661417
21
-2.5900764173228348
0
LINE
8
BLACK
6
CONTINUOUS
10
2.1141430708661417
20
-2.5900764173228348
11
2.1187818503937006
21
-2.5947151968503936
0
LINE
8
BLACK
6
CONTINUOUS
10
2.1187818503937006
20
-2.5947151968503936
11
2.1224264960629919
21
-2.6001698031496061
0
LINE
8
BLACK
6
CONTINUOUS
10
2.1224264960629919
20
-2.6001698031496061
11
2.124936968503937
21
-2.6062306299212596
0
LINE
8
BLACK
6
CONTINUOUS
10
2.124936968503937
20
-2.6062306299212596
11
2.1262168110236219
21
-2.6126647637795277
0
LINE
8
BLACK
6
CONTINUOUS
10
2.1262168110236219
20
-2.6126647637795277
11
2.1262168110236219
21
-2.6192250000000001
0
LINE
8
BLACK
6
CONTINUOUS
10
2.1262168110236219
20
-2.6192250000000001
11
2.124936968503937
21
-2.6256591338582678
0
LINE
8
BLACK
6
CONTINUOUS
10
2.124936968503937
20
-2.6256591338582678
11
2.1224264960629919
21
-2.6317199606299213
0
LINE
8
BLACK
6
CONTINUOUS
10
2.1224264960629919
20
-2.6317199606299213
11
2.1187818503937006
21
-2.6371745669291338
0
LINE
8
BLACK
6
CONTINUOUS
10
2.1187818503937006
20
-2.6371745669291338
11
2.1141430708661417
21
-2.6418133464566926
0
LINE
8
BLACK
6
CONTINUOUS
10
2.1141430708661417
20
-2.6418133464566926
11
2.1086884645669293
21
-2.645457992125984
0
LINE
8
BLACK
6
CONTINUOUS
10
2.1086884645669293
20
-2.645457992125984
11
2.1026276377952757
21
-2.647968464566929
0
LINE
8
BLACK
6
CONTINUOUS
10
2.1026276377952757
20
-2.647968464566929
11
2.0961935039370077
21
-2.649248307086614
0
LINE
8
BLACK
6
CONTINUOUS
10
2.0961935039370077
20
-2.649248307086614
11
2.0896332677165352
21
-2.649248307086614
0
LINE
8
BLACK
6
CONTINUOUS
10
2.0896332677165352
20
-2.649248307086614
11
2.0831991338582676
21
-2.647968464566929
0
LINE
8
BLACK
6
CONTINUOUS
10
2.0831991338582676
20
-2.647968464566929
11
2.0771383070866141
21
-2.645457992125984
0
LINE
8
BLACK
6
CONTINUOUS
10
2.0771383070866141
20
-2.645457992125984
11
2.0716837007874016
21
-2.6418133464566926
0
LINE
8
BLACK
6
CONTINUOUS
10
2.0716837007874016
20
-2.6418133464566926
11
2.0670449212598423
21
-2.6371745669291338
0
LINE
8
BLACK
6
CONTINUOUS
10
2.0670449212598423
20
-2.6371745669291338
11
2.0634002755905509
21
-2.6317199606299213
0
LINE
8
BLACK
6
CONTINUOUS
10
2.0634002755905509
20
-2.6317199606299213
11
2.0608898031496063
21
-2.6256591338582678
0
LINE
8
BLACK
6
CONTINUOUS
10
2.0608898031496063
20
-2.6256591338582678
11
2.0596099606299214
21
-2.6192250000000001
0
LINE
8
BLACK
6
CONTINUOUS
10
2.0596099606299214
20
-2.6192250000000001
11
2.0596099606299214
21
-2.6126647637795277
0
LINE
8
BLACK
6
CONTINUOUS
10
2.0596099606299214
20
-2.6126647637795277
11
2.0608898031496063
21
-2.6062306299212596
0
LINE
8
BLACK
6
CONTINUOUS
10
2.0608898031496063
20
-2.6062306299212596
11
2.0634002755905509
21
-2.6001698031496061
0
LINE
8
BLACK
6
CONTINUOUS
10
2.0634002755905509
20
-2.6001698031496061
11
2.0670449212598423
21
-2.5947151968503936
0
LINE
8
BLACK
6
CONTINUOUS
10
2.0670449212598423
20
-2.5947151968503936
11
2.0716837007874016
21
-2.5900764173228348
0
LINE
8
BLACK
6
CONTINUOUS
10
2.0716837007874016
20
-2.5900764173228348
11
2.0771383070866141
21
-2.5864317716535434
0
LINE
8
BLACK
6
CONTINUOUS
10
2.0771383070866141
20
-2.5864317716535434
11
2.0831991338582676
21
-2.5839212992125984
0
LINE
8
BLACK
6
CONTINUOUS
10
2.0831991338582676
20
-2.5839212992125984
11
2.0896332677165352
21
-2.5826414566929135
0
LINE
8
BLACK
6
CONTINUOUS
10
2.0896332677165352
20
-2.5826414566929135
11
2.0961935039370077
21
-2.5826414566929135
0
LINE
8
BLACK
6
CONTINUOUS
10
2.0961935039370077
20
-2.5826414566929135
11
2.1026276377952757
21
-2.5839212992125984
0
LINE
8
BLACK
6
CONTINUOUS
10
2.2026276377952754
20
-2.5839212992125984
11
2.2086884645669289
21
-2.5864317716535434
0
LINE
8
BLACK
6
CONTINUOUS
10
2.2086884645669289
20
-2.5864317716535434
11
2.2141430708661418
21
-2.5900764173228348
0
LINE
8
BLACK
6
CONTINUOUS
10
2.2141430708661418
20
-2.5900764173228348
11
2.2187818503937007
21
-2.5947151968503936
0
LINE
8
BLACK
6
CONTINUOUS
10
2.2187818503937007
20
-2.5947151968503936
11
2.222426496062992
21
-2.6001698031496061
0
LINE
8
BLACK
6
CONTINUOUS
10
2.222426496062992
20
-2.6001698031496061
11
2.2249369685039371
21
-2.6062306299212596
0
LINE
8
BLACK
6
CONTINUOUS
10
2.2249369685039371
20
-2.6062306299212596
11
2.226216811023622
21
-2.6126647637795277
0
LINE
8
BLACK
6
CONTINUOUS
10
2.226216811023622
20
-2.6126647637795277
11
2.226216811023622
21
-2.6192250000000001
0
LINE
8
BLACK
6
CONTINUOUS
10
2.226216811023622
20
-2.6192250000000001
11
2.2249369685039371
21
-2.6256591338582678
0
LINE
8
BLACK
6
CONTINUOUS
10
2.2249369685039371
20
-2.6256591338582678
11
2.222426496062992
21
-2.6317199606299213
0
LINE
8
BLACK
6
CONTINUOUS
10
2.222426496062992
20
-2.6317199606299213
11
2.2187818503937007
21
-2.6371745669291338
0
LINE
8
BLACK
6
CONTINUOUS
10
2.2187818503937007
20
-2.6371745669291338
11
2.2141430708661418
21
-2.6418133464566926
0
LINE
8
BLACK
6
CONTINUOUS
10
2.2141430708661418
20
-2.6418133464566926
11
2.2086884645669289
21
-2.645457992125984
0
LINE
8
BLACK
6
CONTINUOUS
10
2.2086884645669289
20
-2.645457992125984
11
2.2026276377952754
21
-2.647968464566929
0
LINE
8
BLACK
6
CONTINUOUS
10
2.2026276377952754
20
-2.647968464566929
11
2.1961935039370077
21
-2.649248307086614
0
LINE
8
BLACK
6
CONTINUOUS
10
2.1961935039370077
20
-2.649248307086614
11
2.1896332677165353
21
-2.649248307086614
0
LINE
8
BLACK
6
CONTINUOUS
10
2.1896332677165353
20
-2.649248307086614
11
2.1831991338582677
21
-2.647968464566929
0
LINE
8
BLACK
6
CONTINUOUS
10
2.1831991338582677
20
-2.647968464566929
11
2.1771383070866142
21
-2.645457992125984
0
LINE
8
BLACK
6
CONTINUOUS
10
2.1771383070866142
20
-2.645457992125984
11
2.1716837007874017
21
-2.6418133464566926
0
LINE
8
BLACK
6
CONTINUOUS
10
2.1716837007874017
20
-2.6418133464566926
11
2.1670449212598424
21
-2.6371745669291338
0
LINE
8
BLACK
6
CONTINUOUS
10
2.1670449212598424
20
-2.6371745669291338
11
2.163400275590551
21
-2.6317199606299213
0
LINE
8
BLACK
6
CONTINUOUS
10
2.163400275590551
20
-2.6317199606299213
11
2.1608898031496064
21
-2.6256591338582678
0
LINE
8
BLACK
6
CONTINUOUS
10
2.1608898031496064
20
-2.6256591338582678
11
2.1596099606299211
21
-2.6192250000000001
0
LINE
8
BLACK
6
CONTINUOUS
10
2.1596099606299211
20
-2.6192250000000001
11
2.1596099606299211
21
-2.6126647637795277
0
LINE
8
BLACK
6
CONTINUOUS
10
2.1596099606299211
20
-2.6126647637795277
11
2.1608898031496064
21
-2.6062306299212596
0
LINE
8
BLACK
6
CONTINUOUS
10
2.1608898031496064
20
-2.6062306299212596
11
2.163400275590551
21
-2.6001698031496061
0
LINE
8
BLACK
6
CONTINUOUS
10
2.163400275590551
20
-2.6001698031496061
11
2.1670449212598424
21
-2.5947151968503936
0
LINE
8
BLACK
6
CONTINUOUS
10
2.1670449212598424
20
-2.5947151968503936
11
2.1716837007874017
21
-2.5900764173228348
0
LINE
8
BLACK
6
CONTINUOUS
10
2.1716837007874017
20
-2.5900764173228348
11
2.1771383070866142
21
-2.5864317716535434
0
LINE
8
BLACK
6
CONTINUOUS
10
2.1771383070866142
20
-2.5864317716535434
11
2.1831991338582677
21
-2.5839212992125984
0
LINE
8
BLACK
6
CONTINUOUS
10
2.1831991338582677
20
-2.5839212992125984
11
2.1896332677165353
21
-2.5826414566929135
0
LINE
8
BLACK
6
CONTINUOUS
10
2.1896332677165353
20
-2.5826414566929135
11
2.1961935039370077
21
-2.5826414566929135
0
LINE
8
BLACK
6
CONTINUOUS
10
2.1961935039370077
20
-2.5826414566929135
11
2.2026276377952754
21
-2.5839212992125984
0
LINE
8
BLACK
6
CONTINUOUS
10
3.7931366535433071
20
-2.3080326771653543
11
3.796329803149606
21
-2.3101662598425197
0
LINE
8
BLACK
6
CONTINUOUS
10
3.796329803149606
20
-2.3101662598425197
11
3.7984633858267718
21
-2.313359409448819
0
LINE
8
BLACK
6
CONTINUOUS
10
3.7984633858267718
20
-2.313359409448819
11
3.7992125984251968
21
-2.3171259842519683
0
LINE
8
BLACK
6
CONTINUOUS
10
3.7992125984251968
20
-2.3171259842519683
11
3.7992125984251968
21
-2.3604330708661418
0
LINE
8
BLACK
6
CONTINUOUS
10
3.7992125984251968
20
-2.3604330708661418
11
3.7984633858267718
21
-2.3641996456692911
0
LINE
8
BLACK
6
CONTINUOUS
10
3.7984633858267718
20
-2.3641996456692911
11
3.796329803149606
21
-2.3673927952755904
0
LINE
8
BLACK
6
CONTINUOUS
10
3.796329803149606
20
-2.3673927952755904
11
3.7931366535433071
21
-2.3695263779527558
0
LINE
8
BLACK
6
CONTINUOUS
10
3.7931366535433071
20
-2.3695263779527558
11
3.7893700787401574
21
-2.3702755905511812
0
LINE
8
BLACK
6
CONTINUOUS
10
3.7893700787401574
20
-2.3702755905511812
11
3.7460629921259843
21
-2.3702755905511812
0
LINE
8
BLACK
6
CONTINUOUS
10
3.7460629921259843
20
-2.3702755905511812
11
3.7422964173228346
21
-2.3695263779527558
0
LINE
8
BLACK
6
CONTINUOUS
10
3.7422964173228346
20
-2.3695263779527558
11
3.7391032677165352
21
-2.3673927952755904
0
LINE
8
BLACK
6
CONTINUOUS
10
3.7391032677165352
20
-2.3673927952755904
11
3.7369696850393699
21
-2.3641996456692911
0
LINE
8
BLACK
6
CONTINUOUS
10
3.7369696850393699
20
-2.3641996456692911
11
3.7362204724409449
21
-2.3604330708661418
0
LINE
8
BLACK
6
CONTINUOUS
10
3.7362204724409449
20
-2.3604330708661418
11
3.7362204724409449
21
-2.3171259842519683
0
LINE
8
BLACK
6
CONTINUOUS
10
3.7362204724409449
20
-2.3171259842519683
11
3.7369696850393699
21
-2.313359409448819
0
LINE
8
BLACK
6
CONTINUOUS
10
3.7369696850393699
20
-2.313359409448819
11
3.7391032677165352
21
-2.3101662598425197
0
LINE
8
BLACK
6
CONTINUOUS
10
3.7391032677165352
20
-2.3101662598425197
11
3.7422964173228346
21
-2.3080326771653543
0
LINE
8
BLACK
6
CONTINUOUS
10
3.7422964173228346
20
-2.3080326771653543
11
3.7460629921259843
21
-2.3072834645669289
0
LINE
8
BLACK
6
CONTINUOUS
10
3.7460629921259843
20
-2.3072834645669289
11
3.7893700787401574
21
-2.3072834645669289
0
LINE
8
BLACK
6
CONTINUOUS
10
3.7893700787401574
20
-2.3072834645669289
11
3.7931366535433071
21
-2.3080326771653543
0
LINE
8
BLACK
6
CONTINUOUS
10
3.0599212598425196
20
-2.0420078740157481
11
2.9999212598425196
21
-2.0420078740157481
0
LINE
8
BLACK
6
CONTINUOUS
10
2.9999212598425196
20
-2.0420078740157481
11
2.9999212598425196
21
-1.9820078740157481
0
LINE
8
BLACK
6
CONTINUOUS
10
2.9999212598425196
20
-1.9820078740157481
11
3.0599212598425196
21
-1.9820078740157481
0
LINE
8
BLACK
6
CONTINUOUS
10
3.0599212598425196
20
-1.9820078740157481
11
3.0599212598425196
21
-2.0420078740157481
0
LINE
8
BLACK
6
CONTINUOUS
10
3.1599212598425197
20
-2.0420078740157481
11
3.0999212598425196
21
-2.0420078740157481
0
LINE
8
BLACK
6
CONTINUOUS
10
3.0999212598425196
20
-2.0420078740157481
11
3.0999212598425196
21
-1.9820078740157481
0
LINE
8
BLACK
6
CONTINUOUS
10
3.0999212598425196
20
-1.9820078740157481
11
3.1599212598425197
21
-1.9820078740157481
0
LINE
8
BLACK
6
CONTINUOUS
10
3.1599212598425197
20
-1.9820078740157481
11
3.1599212598425197
21
-2.0420078740157481
0
LINE
8
BLACK
6
CONTINUOUS
10
3.0599212598425196
20
-1.9435826771653544
11
2.9999212598425196
21
-1.9435826771653544
0
LINE
8
BLACK
6
CONTINUOUS
10
2.9999212598425196
20
-1.9435826771653544
11
2.9999212598425196
21
-1.8835826771653543
0
LINE
8
BLACK
6
CONTINUOUS
10
2.9999212598425196
20
-1.8835826771653543
11
3.0599212598425196
21
-1.8835826771653543
0
LINE
8
BLACK
6
CONTINUOUS
10
3.0599212598425196
20
-1.8835826771653543
11
3.0599212598425196
21
-1.9435826771653544
0
LINE
8
BLACK
6
CONTINUOUS
10
3.1599212598425197
20
-1.9435826771653544
11
3.0999212598425196
21
-1.9435826771653544
0
LINE
8
BLACK
6
CONTINUOUS
10
3.0999212598425196
20
-1.9435826771653544
11
3.0999212598425196
21
-1.8835826771653543
0
LINE
8
BLACK
6
CONTINUOUS
10
3.0999212598425196
20
-1.8835826771653543
11
3.1599212598425197
21
-1.8835826771653543
0
LINE
8
BLACK
6
CONTINUOUS
10
3.1599212598425197
20
-1.8835826771653543
11
3.1599212598425197
21
-1.9435826771653544
0
LINE
8
BLACK
6
CONTINUOUS
10
3.9179057086614173
20
-1.9656628346456693
11
3.9205759055118108
21
-1.9672044881889763
0
LINE
8
BLACK
6
CONTINUOUS
10
3.9205759055118108
20
-1.9672044881889763
11
3.9227561417322834
21
-1.9693847244094487
0
LINE
8
BLACK
6
CONTINUOUS
10
3.9227561417322834
20
-1.9693847244094487
11
3.9242977952755904
21
-1.9720549212598424
0
LINE
8
BLACK
6
CONTINUOUS
10
3.9242977952755904
20
-1.9720549212598424
11
3.9250957874015748
21
-1.9750331496062992
0
LINE
8
BLACK
6
CONTINUOUS
10
3.9250957874015748
20
-1.9750331496062992
11
3.9250957874015748
21
-1.9781164566929132
0
LINE
8
BLACK
6
CONTINUOUS
10
3.9250957874015748
20
-1.9781164566929132
11
3.9242977952755904
21
-1.98109468503937
0
LINE
8
BLACK
6
CONTINUOUS
10
3.9242977952755904
20
-1.98109468503937
11
3.9227561417322834
21
-1.9837648818897637
0
LINE
8
BLACK
6
CONTINUOUS
10
3.9227561417322834
20
-1.9837648818897637
11
3.9205759055118108
21
-1.9859451181102361
0
LINE
8
BLACK
6
CONTINUOUS
10
3.9205759055118108
20
-1.9859451181102361
11
3.9179057086614173
21
-1.9874867716535434
0
LINE
8
BLACK
6
CONTINUOUS
10
3.9179057086614173
20
-1.9874867716535434
11
3.9149274803149607
21
-1.9882847637795276
0
LINE
8
BLACK
6
CONTINUOUS
10
3.9149274803149607
20
-1.9882847637795276
11
3.9118441732283462
21
-1.9882847637795276
0
LINE
8
BLACK
6
CONTINUOUS
10
3.9118441732283462
20
-1.9882847637795276
11
3.9088659448818897
21
-1.9874867716535434
0
LINE
8
BLACK
6
CONTINUOUS
10
3.9088659448818897
20
-1.9874867716535434
11
3.9061957480314962
21
-1.9859451181102361
0
LINE
8
BLACK
6
CONTINUOUS
10
3.9061957480314962
20
-1.9859451181102361
11
3.9046994488188975
21
-1.9844488188976377
0
LINE
8
BLACK
6
CONTINUOUS
10
3.9046994488188975
20
-1.9844488188976377
11
3.3969622834645667
21
-1.9844488188976377
0
LINE
8
BLACK
6
CONTINUOUS
10
3.3969622834645667
20
-1.9844488188976377
11
3.3935997244094489
21
-1.9878113779527558
0
LINE
8
BLACK
6
CONTINUOUS
10
3.3935997244094489
20
-1.9878113779527558
11
3.3935997244094489
21
-1.9899274803149607
0
LINE
8
BLACK
6
CONTINUOUS
10
3.3935997244094489
20
-1.9899274803149607
11
3.3928017322834645
21
-1.9929057086614173
0
LINE
8
BLACK
6
CONTINUOUS
10
3.3928017322834645
20
-1.9929057086614173
11
3.3912600787401574
21
-1.995575905511811
0
LINE
8
BLACK
6
CONTINUOUS
10
3.3912600787401574
20
-1.995575905511811
11
3.3890798425196849
21
-1.9977561417322833
0
LINE
8
BLACK
6
CONTINUOUS
10
3.3890798425196849
20
-1.9977561417322833
11
3.3864096456692914
21
-1.9992977952755906
0
LINE
8
BLACK
6
CONTINUOUS
10
3.3864096456692914
20
-1.9992977952755906
11
3.3834314173228344
21
-2.0000957874015746
0
LINE
8
BLACK
6
CONTINUOUS
10
3.3834314173228344
20
-2.0000957874015746
11
3.3803481102362203
21
-2.0000957874015746
0
LINE
8
BLACK
6
CONTINUOUS
10
3.3803481102362203
20
-2.0000957874015746
11
3.3773698818897637
21
-1.9992977952755906
0
LINE
8
BLACK
6
CONTINUOUS
10
3.3773698818897637
20
-1.9992977952755906
11
3.3746996850393698
21
-1.9977561417322833
0
LINE
8
BLACK
6
CONTINUOUS
10
3.3746996850393698
20
-1.9977561417322833
11
3.3725194488188976
21
-1.995575905511811
0
LINE
8
BLACK
6
CONTINUOUS
10
3.3725194488188976
20
-1.995575905511811
11
3.3709777952755906
21
-1.9929057086614173
0
LINE
8
BLACK
6
CONTINUOUS
10
3.3709777952755906
20
-1.9929057086614173
11
3.3701798031496062
21
-1.9899274803149607
0
LINE
8
BLACK
6
CONTINUOUS
10
3.3701798031496062
20
-1.9899274803149607
11
3.3701798031496062
21
-1.9868441732283464
0
LINE
8
BLACK
6
CONTINUOUS
10
3.3701798031496062
20
-1.9868441732283464
11
3.3709777952755906
21
-1.9838659448818896
0
LINE
8
BLACK
6
CONTINUOUS
10
3.3709777952755906
20
-1.9838659448818896
11
3.3725194488188976
21
-1.9811957480314961
0
LINE
8
BLACK
6
CONTINUOUS
10
3.3725194488188976
20
-1.9811957480314961
11
3.3746996850393698
21
-1.9790155118110235
0
LINE
8
BLACK
6
CONTINUOUS
10
3.3746996850393698
20
-1.9790155118110235
11
3.3773698818897637
21
-1.9774738582677165
0
LINE
8
BLACK
6
CONTINUOUS
10
3.3773698818897637
20
-1.9774738582677165
11
3.3803481102362203
21
-1.9766758661417323
0
LINE
8
BLACK
6
CONTINUOUS
10
3.3803481102362203
20
-1.9766758661417323
11
3.3824642125984252
21
-1.9766758661417323
0
LINE
8
BLACK
6
CONTINUOUS
10
3.3824642125984252
20
-1.9766758661417323
11
3.3881330314960629
21
-1.9710070472440944
0
LINE
8
BLACK
6
CONTINUOUS
10
3.3881330314960629
20
-1.9710070472440944
11
3.3893262204724408
21
-1.9700277952755905
0
LINE
8
BLACK
6
CONTINUOUS
10
3.3893262204724408
20
-1.9700277952755905
11
3.3921646456692911
21
-1.9688520866141732
0
LINE
8
BLACK
6
CONTINUOUS
10
3.3921646456692911
20
-1.9688520866141732
11
3.3937007874015745
21
-1.9687007874015747
0
LINE
8
BLACK
6
CONTINUOUS
10
3.3937007874015745
20
-1.9687007874015747
11
3.9046994488188975
21
-1.9687007874015747
0
LINE
8
BLACK
6
CONTINUOUS
10
3.9046994488188975
20
-1.9687007874015747
11
3.9061957480314962
21
-1.9672044881889763
0
LINE
8
BLACK
6
CONTINUOUS
10
3.9061957480314962
20
-1.9672044881889763
11
3.9088659448818897
21
-1.9656628346456693
0
LINE
8
BLACK
6
CONTINUOUS
10
3.9088659448818897
20
-1.9656628346456693
11
3.9118441732283462
21
-1.9648648425196851
0
LINE
8
BLACK
6
CONTINUOUS
10
3.9118441732283462
20
-1.9648648425196851
11
3.9149274803149607
21
-1.9648648425196851
0
LINE
8
BLACK
6
CONTINUOUS
10
3.9149274803149607
20
-1.9648648425196851
11
3.9179057086614173
21
-1.9656628346456693
0
LINE
8
BLACK
6
CONTINUOUS
10
3.8549135826771654
20
-1.9105447244094487
11
3.8575837795275589
21
-1.9120863779527559
0
LINE
8
BLACK
6
CONTINUOUS
10
3.8575837795275589
20
-1.9120863779527559
11
3.8597640157480315
21
-1.9142666141732283
0
LINE
8
BLACK
6
CONTINUOUS
10
3.8597640157480315
20
-1.9142666141732283
11
3.8613056692913386
21
-1.916936811023622
0
LINE
8
BLACK
6
CONTINUOUS
10
3.8613056692913386
20
-1.916936811023622
11
3.8621036614173225
21
-1.9199150393700788
0
LINE
8
BLACK
6
CONTINUOUS
10
3.8621036614173225
20
-1.9199150393700788
11
3.8621036614173225
21
-1.9229983464566929
0
LINE
8
BLACK
6
CONTINUOUS
10
3.8621036614173225
20
-1.9229983464566929
11
3.8613056692913386
21
-1.9259765748031497
0
LINE
8
BLACK
6
CONTINUOUS
10
3.8613056692913386
20
-1.9259765748031497
11
3.8597640157480315
21
-1.9286467716535434
0
LINE
8
BLACK
6
CONTINUOUS
10
3.8597640157480315
20
-1.9286467716535434
11
3.8575837795275589
21
-1.9308270078740157
0
LINE
8
BLACK
6
CONTINUOUS
10
3.8575837795275589
20
-1.9308270078740157
11
3.8549135826771654
21
-1.9323686614173228
0
LINE
8
BLACK
6
CONTINUOUS
10
3.8549135826771654
20
-1.9323686614173228
11
3.8519353543307084
21
-1.933166653543307
0
LINE
8
BLACK
6
CONTINUOUS
10
3.8519353543307084
20
-1.933166653543307
11
3.8488520472440944
21
-1.933166653543307
0
LINE
8
BLACK
6
CONTINUOUS
10
3.8488520472440944
20
-1.933166653543307
11
3.8458738188976378
21
-1.9323686614173228
0
LINE
8
BLACK
6
CONTINUOUS
10
3.8458738188976378
20
-1.9323686614173228
11
3.8432036220472439
21
-1.9308270078740157
0
LINE
8
BLACK
6
CONTINUOUS
10
3.8432036220472439
20
-1.9308270078740157
11
3.8417073228346457
21
-1.9293307086614173
0
LINE
8
BLACK
6
CONTINUOUS
10
3.8417073228346457
20
-1.9293307086614173
11
3.3699776771653545
21
-1.9293307086614173
0
LINE
8
BLACK
6
CONTINUOUS
10
3.3699776771653545
20
-1.9293307086614173
11
3.3699776771653545
21
-1.9308723622047244
0
LINE
8
BLACK
6
CONTINUOUS
10
3.3699776771653545
20
-1.9308723622047244
11
3.36917968503937
21
-1.9338505905511811
0
LINE
8
BLACK
6
CONTINUOUS
10
3.36917968503937
20
-1.9338505905511811
11
3.367638031496063
21
-1.9365207874015749
0
LINE
8
BLACK
6
CONTINUOUS
10
3.367638031496063
20
-1.9365207874015749
11
3.3654577952755904
21
-1.9387010236220472
0
LINE
8
BLACK
6
CONTINUOUS
10
3.3654577952755904
20
-1.9387010236220472
11
3.3627875984251969
21
-1.9402426771653543
0
LINE
8
BLACK
6
CONTINUOUS
10
3.3627875984251969
20
-1.9402426771653543
11
3.3598093700787399
21
-1.9410406692913384
0
LINE
8
BLACK
6
CONTINUOUS
10
3.3598093700787399
20
-1.9410406692913384
11
3.3567260629921258
21
-1.9410406692913384
0
LINE
8
BLACK
6
CONTINUOUS
10
3.3567260629921258
20
-1.9410406692913384
11
3.3537478346456693
21
-1.9402426771653543
0
LINE
8
BLACK
6
CONTINUOUS
10
3.3537478346456693
20
-1.9402426771653543
11
3.3510776377952753
21
-1.9387010236220472
0
LINE
8
BLACK
6
CONTINUOUS
10
3.3510776377952753
20
-1.9387010236220472
11
3.3488974015748032
21
-1.9365207874015749
0
LINE
8
BLACK
6
CONTINUOUS
10
3.3488974015748032
20
-1.9365207874015749
11
3.3473557480314962
21
-1.9338505905511811
0
LINE
8
BLACK
6
CONTINUOUS
10
3.3473557480314962
20
-1.9338505905511811
11
3.3465577559055117
21
-1.9308723622047244
0
LINE
8
BLACK
6
CONTINUOUS
10
3.3465577559055117
20
-1.9308723622047244
11
3.3465577559055117
21
-1.9277890551181103
0
LINE
8
BLACK
6
CONTINUOUS
10
3.3465577559055117
20
-1.9277890551181103
11
3.3473557480314962
21
-1.9248108267716535
0
LINE
8
BLACK
6
CONTINUOUS
10
3.3473557480314962
20
-1.9248108267716535
11
3.3488974015748032
21
-1.9221406299212598
0
LINE
8
BLACK
6
CONTINUOUS
10
3.3488974015748032
20
-1.9221406299212598
11
3.3510776377952753
21
-1.9199603937007874
0
LINE
8
BLACK
6
CONTINUOUS
10
3.3510776377952753
20
-1.9199603937007874
11
3.3537478346456693
21
-1.9184187401574804
0
LINE
8
BLACK
6
CONTINUOUS
10
3.3537478346456693
20
-1.9184187401574804
11
3.3567260629921258
21
-1.917620748031496
0
LINE
8
BLACK
6
CONTINUOUS
10
3.3567260629921258
20
-1.917620748031496
11
3.358842125984252
21
-1.917620748031496
0
LINE
8
BLACK
6
CONTINUOUS
10
3.358842125984252
20
-1.917620748031496
11
3.3605739763779527
21
-1.9158888976377952
0
LINE
8
BLACK
6
CONTINUOUS
10
3.3605739763779527
20
-1.9158888976377952
11
3.3617671653543306
21
-1.9149096850393701
0
LINE
8
BLACK
6
CONTINUOUS
10
3.3617671653543306
20
-1.9149096850393701
11
3.3646055905511809
21
-1.9137339763779526
0
LINE
8
BLACK
6
CONTINUOUS
10
3.3646055905511809
20
-1.9137339763779526
11
3.3661417322834644
21
-1.9135826771653544
0
LINE
8
BLACK
6
CONTINUOUS
10
3.3661417322834644
20
-1.9135826771653544
11
3.8417073228346457
21
-1.9135826771653544
0
LINE
8
BLACK
6
CONTINUOUS
10
3.8417073228346457
20
-1.9135826771653544
11
3.8432036220472439
21
-1.9120863779527559
0
LINE
8
BLACK
6
CONTINUOUS
10
3.8432036220472439
20
-1.9120863779527559
11
3.8458738188976378
21
-1.9105447244094487
0
LINE
8
BLACK
6
CONTINUOUS
10
3.8458738188976378
20
-1.9105447244094487
11
3.8488520472440944
21
-1.9097467322834645
0
LINE
8
BLACK
6
CONTINUOUS
10
3.8488520472440944
20
-1.9097467322834645
11
3.8519353543307084
21
-1.9097467322834645
0
LINE
8
BLACK
6
CONTINUOUS
10
3.8519353543307084
20
-1.9097467322834645
11
3.8549135826771654
21
-1.9105447244094487
0
LINE
8
BLACK
6
CONTINUOUS
10
2.7803937007874016
20
-1.942007874015748
11
2.7203937007874015
21
-1.942007874015748
0
LINE
8
BLACK
6
CONTINUOUS
10
2.7203937007874015
20
-1.942007874015748
11
2.7203937007874015
21
-1.882007874015748
0
LINE
8
BLACK
6
CONTINUOUS
10
2.7203937007874015
20
-1.882007874015748
11
2.7803937007874016
21
-1.882007874015748
0
LINE
8
BLACK
6
CONTINUOUS
10
2.7803937007874016
20
-1.882007874015748
11
2.7803937007874016
21
-1.942007874015748
0
LINE
8
BLACK
6
CONTINUOUS
10
2.8803937007874016
20
-1.942007874015748
11
2.8203937007874016
21
-1.942007874015748
0
LINE
8
BLACK
6
CONTINUOUS
10
2.8203937007874016
20
-1.942007874015748
11
2.8203937007874016
21
-1.882007874015748
0
LINE
8
BLACK
6
CONTINUOUS
10
2.8203937007874016
20
-1.882007874015748
11
2.8803937007874016
21
-1.882007874015748
0
LINE
8
BLACK
6
CONTINUOUS
10
2.8803937007874016
20
-1.882007874015748
11
2.8803937007874016
21
-1.942007874015748
0
LINE
8
BLACK
6
CONTINUOUS
10
3.7958584645669289
20
-1.5247179527559054
11
3.7985286614173228
21
-1.5262596062992126
0
LINE
8
BLACK
6
CONTINUOUS
10
3.7985286614173228
20
-1.5262596062992126
11
3.800024960629921
21
-1.5277559055118111
0
LINE
8
BLACK
6
CONTINUOUS
10
3.800024960629921
20
-1.5277559055118111
11
3.8070866141732282
21
-1.5277559055118111
0
LINE
8
BLACK
6
CONTINUOUS
10
3.8070866141732282
20
-1.5277559055118111
11
3.8086227559055117
21
-1.5279072047244093
0
LINE
8
BLACK
6
CONTINUOUS
10
3.8086227559055117
20
-1.5279072047244093
11
3.811461181102362
21
-1.5290829133858268
0
LINE
8
BLACK
6
CONTINUOUS
10
3.811461181102362
20
-1.5290829133858268
11
3.8126543700787399
21
-1.5300621653543307
0
LINE
8
BLACK
6
CONTINUOUS
10
3.8126543700787399
20
-1.5300621653543307
11
3.8906071259842521
21
-1.6080149212598425
0
LINE
8
BLACK
6
CONTINUOUS
10
3.8906071259842521
20
-1.6080149212598425
11
3.891586377952756
21
-1.6092081102362203
0
LINE
8
BLACK
6
CONTINUOUS
10
3.891586377952756
20
-1.6092081102362203
11
3.892762086614173
21
-1.6120465354330709
0
LINE
8
BLACK
6
CONTINUOUS
10
3.892762086614173
20
-1.6120465354330709
11
3.8929133858267715
21
-1.6135826771653543
0
LINE
8
BLACK
6
CONTINUOUS
10
3.8929133858267715
20
-1.6135826771653543
11
3.8929133858267715
21
-1.8033214960629922
0
LINE
8
BLACK
6
CONTINUOUS
10
3.8929133858267715
20
-1.8033214960629922
11
3.8944096850393701
21
-1.8048177952755906
0
LINE
8
BLACK
6
CONTINUOUS
10
3.8944096850393701
20
-1.8048177952755906
11
3.8959513385826772
21
-1.8074879921259843
0
LINE
8
BLACK
6
CONTINUOUS
10
3.8959513385826772
20
-1.8074879921259843
11
3.8967493307086611
21
-1.8104662204724409
0
LINE
8
BLACK
6
CONTINUOUS
10
3.8967493307086611
20
-1.8104662204724409
11
3.8967493307086611
21
-1.8135495275590552
0
LINE
8
BLACK
6
CONTINUOUS
10
3.8967493307086611
20
-1.8135495275590552
11
3.8959513385826772
21
-1.8165277559055117
0
LINE
8
BLACK
6
CONTINUOUS
10
3.8959513385826772
20
-1.8165277559055117
11
3.8944096850393701
21
-1.8191979527559055
0
LINE
8
BLACK
6
CONTINUOUS
10
3.8944096850393701
20
-1.8191979527559055
11
3.8922294488188975
21
-1.8213781889763778
0
LINE
8
BLACK
6
CONTINUOUS
10
3.8922294488188975
20
-1.8213781889763778
11
3.8895592519685041
21
-1.8229198425196851
0
LINE
8
BLACK
6
CONTINUOUS
10
3.8895592519685041
20
-1.8229198425196851
11
3.886581023622047
21
-1.8237178346456693
0
LINE
8
BLACK
6
CONTINUOUS
10
3.886581023622047
20
-1.8237178346456693
11
3.883497716535433
21
-1.8237178346456693
0
LINE
8
BLACK
6
CONTINUOUS
10
3.883497716535433
20
-1.8237178346456693
11
3.8805194881889764
21
-1.8229198425196851
0
LINE
8
BLACK
6
CONTINUOUS
10
3.8805194881889764
20
-1.8229198425196851
11
3.8778492913385825
21
-1.8213781889763778
0
LINE
8
BLACK
6
CONTINUOUS
10
3.8778492913385825
20
-1.8213781889763778
11
3.8763529921259843
21
-1.8198818897637794
0
LINE
8
BLACK
6
CONTINUOUS
10
3.8763529921259843
20
-1.8198818897637794
11
2.8803937007874016
21
-1.8198818897637794
0
LINE
8
BLACK
6
CONTINUOUS
10
2.8803937007874016
20
-1.8198818897637794
11
2.8803937007874016
21
-1.8420078740157479
0
LINE
8
BLACK
6
CONTINUOUS
10
2.8803937007874016
20
-1.8420078740157479
11
2.8203937007874016
21
-1.8420078740157479
0
LINE
8
BLACK
6
CONTINUOUS
10
2.8203937007874016
20
-1.8420078740157479
11
2.8203937007874016
21
-1.8198818897637794
0
LINE
8
BLACK
6
CONTINUOUS
10
2.8203937007874016
20
-1.8198818897637794
11
2.7803937007874016
21
-1.8198818897637794
0
LINE
8
BLACK
6
CONTINUOUS
10
2.7803937007874016
20
-1.8198818897637794
11
2.7803937007874016
21
-1.8420078740157479
0
LINE
8
BLACK
6
CONTINUOUS
10
2.7803937007874016
20
-1.8420078740157479
11
2.7203937007874015
21
-1.8420078740157479
0
LINE
8
BLACK
6
CONTINUOUS
10
2.7203937007874015
20
-1.8420078740157479
11
2.7203937007874015
21
-1.7820078740157479
0
LINE
8
BLACK
6
CONTINUOUS
10
2.7203937007874015
20
-1.7820078740157479
11
2.7803937007874016
21
-1.7820078740157479
0
LINE
8
BLACK
6
CONTINUOUS
10
2.7803937007874016
20
-1.7820078740157479
11
2.7803937007874016
21
-1.8041338582677164
0
LINE
8
BLACK
6
CONTINUOUS
10
2.7803937007874016
20
-1.8041338582677164
11
2.8203937007874016
21
-1.8041338582677164
0
LINE
8
BLACK
6
CONTINUOUS
10
2.8203937007874016
20
-1.8041338582677164
11
2.8203937007874016
21
-1.7820078740157479
0
LINE
8
BLACK
6
CONTINUOUS
10
2.8203937007874016
20
-1.7820078740157479
11
2.8803937007874016
21
-1.7820078740157479
0
LINE
8
BLACK
6
CONTINUOUS
10
2.8803937007874016
20
-1.7820078740157479
11
2.8803937007874016
21
-1.8041338582677164
0
LINE
8
BLACK
6
CONTINUOUS
10
2.8803937007874016
20
-1.8041338582677164
11
3.8763529921259843
21
-1.8041338582677164
0
LINE
8
BLACK
6
CONTINUOUS
10
3.8763529921259843
20
-1.8041338582677164
11
3.8771653543307085
21
-1.8033214960629922
0
LINE
8
BLACK
6
CONTINUOUS
10
3.8771653543307085
20
-1.8033214960629922
11
3.8771653543307085
21
-1.6168441732283465
0
LINE
8
BLACK
6
CONTINUOUS
10
3.8771653543307085
20
-1.6168441732283465
11
3.803825118110236
21
-1.543503937007874
0
LINE
8
BLACK
6
CONTINUOUS
10
3.803825118110236
20
-1.543503937007874
11
3.800024960629921
21
-1.543503937007874
0
LINE
8
BLACK
6
CONTINUOUS
10
3.800024960629921
20
-1.543503937007874
11
3.7985286614173228
21
-1.5450002362204724
0
LINE
8
BLACK
6
CONTINUOUS
10
3.7985286614173228
20
-1.5450002362204724
11
3.7958584645669289
21
-1.5465418897637795
0
LINE
8
BLACK
6
CONTINUOUS
10
3.7958584645669289
20
-1.5465418897637795
11
3.7928802362204723
21
-1.5473398818897637
0
LINE
8
BLACK
6
CONTINUOUS
10
3.7928802362204723
20
-1.5473398818897637
11
3.7897969291338582
21
-1.5473398818897637
0
LINE
8
BLACK
6
CONTINUOUS
10
3.7897969291338582
20
-1.5473398818897637
11
3.7868187007874017
21
-1.5465418897637795
0
LINE
8
BLACK
6
CONTINUOUS
10
3.7868187007874017
20
-1.5465418897637795
11
3.7841485039370077
21
-1.5450002362204724
0
LINE
8
BLACK
6
CONTINUOUS
10
3.7841485039370077
20
-1.5450002362204724
11
3.7819682677165352
21
-1.5428199999999999
0
LINE
8
BLACK
6
CONTINUOUS
10
3.7819682677165352
20
-1.5428199999999999
11
3.7804266141732281
21
-1.5401498031496064
0
LINE
8
BLACK
6
CONTINUOUS
10
3.7804266141732281
20
-1.5401498031496064
11
3.7796286220472441
21
-1.5371715748031496
0
LINE
8
BLACK
6
CONTINUOUS
10
3.7796286220472441
20
-1.5371715748031496
11
3.7796286220472441
21
-1.5340882677165355
0
LINE
8
BLACK
6
CONTINUOUS
10
3.7796286220472441
20
-1.5340882677165355
11
3.7804266141732281
21
-1.5311100393700787
0
LINE
8
BLACK
6
CONTINUOUS
10
3.7804266141732281
20
-1.5311100393700787
11
3.7819682677165352
21
-1.528439842519685
0
LINE
8
BLACK
6
CONTINUOUS
10
3.7819682677165352
20
-1.528439842519685
11
3.7841485039370077
21
-1.5262596062992126
0
LINE
8
BLACK
6
CONTINUOUS
10
3.7841485039370077
20
-1.5262596062992126
11
3.7868187007874017
21
-1.5247179527559054
0
LINE
8
BLACK
6
CONTINUOUS
10
3.7868187007874017
20
-1.5247179527559054
11
3.7897969291338582
21
-1.5239199606299212
0
LINE
8
BLACK
6
CONTINUOUS
10
3.7897969291338582
20
-1.5239199606299212
11
3.7928802362204723
21
-1.5239199606299212
0
LINE
8
BLACK
6
CONTINUOUS
10
3.7928802362204723
20
-1.5239199606299212
11
3.7958584645669289
21
-1.5247179527559054
0
LINE
8
BLACK
6
CONTINUOUS
10
2.7803937007874016
20
-1.7420078740157481
11
2.7203937007874015
21
-1.7420078740157481
0
LINE
8
BLACK
6
CONTINUOUS
10
2.7203937007874015
20
-1.7420078740157481
11
2.7203937007874015
21
-1.682007874015748
0
LINE
8
BLACK
6
CONTINUOUS
10
2.7203937007874015
20
-1.682007874015748
11
2.7803937007874016
21
-1.682007874015748
0
LINE
8
BLACK
6
CONTINUOUS
10
2.7803937007874016
20
-1.682007874015748
11
2.7803937007874016
21
-1.7420078740157481
0
LINE
8
BLACK
6
CONTINUOUS
10
2.8803937007874016
20
-1.7420078740157481
11
2.8203937007874016
21
-1.7420078740157481
0
LINE
8
BLACK
6
CONTINUOUS
10
2.8203937007874016
20
-1.7420078740157481
11
2.8203937007874016
21
-1.682007874015748
0
LINE
8
BLACK
6
CONTINUOUS
10
2.8203937007874016
20
-1.682007874015748
11
2.8803937007874016
21
-1.682007874015748
0
LINE
8
BLACK
6
CONTINUOUS
10
2.8803937007874016
20
-1.682007874015748
11
2.8803937007874016
21
-1.7420078740157481
0
LINE
8
BLACK
6
CONTINUOUS
10
3.0599212598425196
20
-1.7427952755905511
11
2.9999212598425196
21
-1.7427952755905511
0
LINE
8
BLACK
6
CONTINUOUS
10
2.9999212598425196
20
-1.7427952755905511
11
2.9999212598425196
21
-1.6827952755905511
0
LINE
8
BLACK
6
CONTINUOUS
10
2.9999212598425196
20
-1.6827952755905511
11
3.0599212598425196
21
-1.6827952755905511
0
LINE
8
BLACK
6
CONTINUOUS
10
3.0599212598425196
20
-1.6827952755905511
11
3.0599212598425196
21
-1.7427952755905511
0
LINE
8
BLACK
6
CONTINUOUS
10
3.1599212598425197
20
-1.7427952755905511
11
3.0999212598425196
21
-1.7427952755905511
0
LINE
8
BLACK
6
CONTINUOUS
10
3.0999212598425196
20
-1.7427952755905511
11
3.0999212598425196
21
-1.6827952755905511
0
LINE
8
BLACK
6
CONTINUOUS
10
3.0999212598425196
20
-1.6827952755905511
11
3.1599212598425197
21
-1.6827952755905511
0
LINE
8
BLACK
6
CONTINUOUS
10
3.1599212598425197
20
-1.6827952755905511
11
3.1599212598425197
21
-1.7427952755905511
0
LINE
8
BLACK
6
CONTINUOUS
10
3.0599212598425196
20
-1.6404330708661417
11
2.9999212598425196
21
-1.6404330708661417
0
LINE
8
BLACK
6
CONTINUOUS
10
2.9999212598425196
20
-1.6404330708661417
11
2.9999212598425196
21
-1.5804330708661416
0
LINE
8
BLACK
6
CONTINUOUS
10
2.9999212598425196
20
-1.5804330708661416
11
3.0599212598425196
21
-1.5804330708661416
0
LINE
8
BLACK
6
CONTINUOUS
10
3.0599212598425196
20
-1.5804330708661416
11
3.0599212598425196
21
-1.6404330708661417
0
LINE
8
BLACK
6
CONTINUOUS
10
3.1599212598425197
20
-1.6404330708661417
11
3.0999212598425196
21
-1.6404330708661417
0
LINE
8
BLACK
6
CONTINUOUS
10
3.0999212598425196
20
-1.6404330708661417
11
3.0999212598425196
21
-1.5804330708661416
0
LINE
8
BLACK
6
CONTINUOUS
10
3.0999212598425196
20
-1.5804330708661416
11
3.1599212598425197
21
-1.5804330708661416
0
LINE
8
BLACK
6
CONTINUOUS
10
3.1599212598425197
20
-1.5804330708661416
11
3.1599212598425197
21
-1.6404330708661417
0
LINE
8
BLACK
6
CONTINUOUS
10
4.4350393700787398
20
-1.5077755905511812
11
4.3681102362204722
21
-1.5077755905511812
0
LINE
8
BLACK
6
CONTINUOUS
10
4.3681102362204722
20
-1.5077755905511812
11
4.3681102362204722
21
-1.4408464566929133
0
LINE
8
BLACK
6
CONTINUOUS
10
4.3681102362204722
20
-1.4408464566929133
11
4.4350393700787398
21
-1.4408464566929133
0
LINE
8
BLACK
6
CONTINUOUS
10
4.4350393700787398
20
-1.4408464566929133
11
4.4350393700787398
21
-1.5077755905511812
0
LINE
8
BLACK
6
CONTINUOUS
10
4.3112890551181104
20
-1.4422874409448818
11
4.317349881889764
21
-1.4447979133858266
0
LINE
8
BLACK
6
CONTINUOUS
10
4.317349881889764
20
-1.4447979133858266
11
4.322804488188976
21
-1.448442559055118
0
LINE
8
BLACK
6
CONTINUOUS
10
4.322804488188976
20
-1.448442559055118
11
4.3274432677165358
21
-1.4530813385826771
0
LINE
8
BLACK
6
CONTINUOUS
10
4.3274432677165358
20
-1.4530813385826771
11
4.3310879133858267
21
-1.4585359448818898
0
LINE
8
BLACK
6
CONTINUOUS
10
4.3310879133858267
20
-1.4585359448818898
11
4.3335983858267717
21
-1.4645967716535433
0
LINE
8
BLACK
6
CONTINUOUS
10
4.3335983858267717
20
-1.4645967716535433
11
4.3348782283464562
21
-1.4710309055118109
0
LINE
8
BLACK
6
CONTINUOUS
10
4.3348782283464562
20
-1.4710309055118109
11
4.3348782283464562
21
-1.4775911417322833
0
LINE
8
BLACK
6
CONTINUOUS
10
4.3348782283464562
20
-1.4775911417322833
11
4.3335983858267717
21
-1.4840252755905512
0
LINE
8
BLACK
6
CONTINUOUS
10
4.3335983858267717
20
-1.4840252755905512
11
4.3310879133858267
21
-1.4900861023622047
0
LINE
8
BLACK
6
CONTINUOUS
10
4.3310879133858267
20
-1.4900861023622047
11
4.3274432677165358
21
-1.4955407086614172
0
LINE
8
BLACK
6
CONTINUOUS
10
4.3274432677165358
20
-1.4955407086614172
11
4.322804488188976
21
-1.5001794881889763
0
LINE
8
BLACK
6
CONTINUOUS
10
4.322804488188976
20
-1.5001794881889763
11
4.317349881889764
21
-1.5038241338582676
0
LINE
8
BLACK
6
CONTINUOUS
10
4.317349881889764
20
-1.5038241338582676
11
4.3112890551181104
21
-1.5063346062992127
0
LINE
8
BLACK
6
CONTINUOUS
10
4.3112890551181104
20
-1.5063346062992127
11
4.3048549212598424
21
-1.5076144488188976
0
LINE
8
BLACK
6
CONTINUOUS
10
4.3048549212598424
20
-1.5076144488188976
11
4.2982946850393704
21
-1.5076144488188976
0
LINE
8
BLACK
6
CONTINUOUS
10
4.2982946850393704
20
-1.5076144488188976
11
4.2918605511811023
21
-1.5063346062992127
0
LINE
8
BLACK
6
CONTINUOUS
10
4.2918605511811023
20
-1.5063346062992127
11
4.2857997244094488
21
-1.5038241338582676
0
LINE
8
BLACK
6
CONTINUOUS
10
4.2857997244094488
20
-1.5038241338582676
11
4.2803451181102359
21
-1.5001794881889763
0
LINE
8
BLACK
6
CONTINUOUS
10
4.2803451181102359
20
-1.5001794881889763
11
4.275706338582677
21
-1.4955407086614172
0
LINE
8
BLACK
6
CONTINUOUS
10
4.275706338582677
20
-1.4955407086614172
11
4.2720616929133861
21
-1.4900861023622047
0
LINE
8
BLACK
6
CONTINUOUS
10
4.2720616929133861
20
-1.4900861023622047
11
4.2695512204724411
21
-1.4840252755905512
0
LINE
8
BLACK
6
CONTINUOUS
10
4.2695512204724411
20
-1.4840252755905512
11
4.2682713779527557
21
-1.4775911417322833
0
LINE
8
BLACK
6
CONTINUOUS
10
4.2682713779527557
20
-1.4775911417322833
11
4.2682713779527557
21
-1.4710309055118109
0
LINE
8
BLACK
6
CONTINUOUS
10
4.2682713779527557
20
-1.4710309055118109
11
4.2695512204724411
21
-1.4645967716535433
0
LINE
8
BLACK
6
CONTINUOUS
10
4.2695512204724411
20
-1.4645967716535433
11
4.2720616929133861
21
-1.4585359448818898
0
LINE
8
BLACK
6
CONTINUOUS
10
4.2720616929133861
20
-1.4585359448818898
11
4.275706338582677
21
-1.4530813385826771
0
LINE
8
BLACK
6
CONTINUOUS
10
4.275706338582677
20
-1.4530813385826771
11
4.2803451181102359
21
-1.448442559055118
0
LINE
8
BLACK
6
CONTINUOUS
10
4.2803451181102359
20
-1.448442559055118
11
4.2857997244094488
21
-1.4447979133858266
0
LINE
8
BLACK
6
CONTINUOUS
10
4.2857997244094488
20
-1.4447979133858266
11
4.2918605511811023
21
-1.4422874409448818
0
LINE
8
BLACK
6
CONTINUOUS
10
4.2918605511811023
20
-1.4422874409448818
11
4.2982946850393704
21
-1.4410075984251969
0
LINE
8
BLACK
6
CONTINUOUS
10
4.2982946850393704
20
-1.4410075984251969
11
4.3048549212598424
21
-1.4410075984251969
0
LINE
8
BLACK
6
CONTINUOUS
10
4.3048549212598424
20
-1.4410075984251969
11
4.3112890551181104
21
-1.4422874409448818
0
LINE
8
BLACK
6
CONTINUOUS
10
4.3112890551181104
20
-1.3422874409448819
11
4.317349881889764
21
-1.3447979133858268
0
LINE
8
BLACK
6
CONTINUOUS
10
4.317349881889764
20
-1.3447979133858268
11
4.322804488188976
21
-1.3484425590551181
0
LINE
8
BLACK
6
CONTINUOUS
10
4.322804488188976
20
-1.3484425590551181
11
4.3274432677165358
21
-1.3530813385826772
0
LINE
8
BLACK
6
CONTINUOUS
10
4.3274432677165358
20
-1.3530813385826772
11
4.3310879133858267
21
-1.3585359448818897
0
LINE
8
BLACK
6
CONTINUOUS
10
4.3310879133858267
20
-1.3585359448818897
11
4.3335983858267717
21
-1.3645967716535432
0
LINE
8
BLACK
6
CONTINUOUS
10
4.3335983858267717
20
-1.3645967716535432
11
4.3348782283464562
21
-1.3710309055118111
0
LINE
8
BLACK
6
CONTINUOUS
10
4.3348782283464562
20
-1.3710309055118111
11
4.3348782283464562
21
-1.3775911417322835
0
LINE
8
BLACK
6
CONTINUOUS
10
4.3348782283464562
20
-1.3775911417322835
11
4.3335983858267717
21
-1.3840252755905511
0
LINE
8
BLACK
6
CONTINUOUS
10
4.3335983858267717
20
-1.3840252755905511
11
4.3310879133858267
21
-1.3900861023622046
0
LINE
8
BLACK
6
CONTINUOUS
10
4.3310879133858267
20
-1.3900861023622046
11
4.3274432677165358
21
-1.3955407086614173
0
LINE
8
BLACK
6
CONTINUOUS
10
4.3274432677165358
20
-1.3955407086614173
11
4.322804488188976
21
-1.4001794881889764
0
LINE
8
BLACK
6
CONTINUOUS
10
4.322804488188976
20
-1.4001794881889764
11
4.317349881889764
21
-1.4038241338582678
0
LINE
8
BLACK
6
CONTINUOUS
10
4.317349881889764
20
-1.4038241338582678
11
4.3112890551181104
21
-1.4063346062992126
0
LINE
8
BLACK
6
CONTINUOUS
10
4.3112890551181104
20
-1.4063346062992126
11
4.3048549212598424
21
-1.4076144488188975
0
LINE
8
BLACK
6
CONTINUOUS
10
4.3048549212598424
20
-1.4076144488188975
11
4.2982946850393704
21
-1.4076144488188975
0
LINE
8
BLACK
6
CONTINUOUS
10
4.2982946850393704
20
-1.4076144488188975
11
4.2918605511811023
21
-1.4063346062992126
0
LINE
8
BLACK
6
CONTINUOUS
10
4.2918605511811023
20
-1.4063346062992126
11
4.2857997244094488
21
-1.4038241338582678
0
LINE
8
BLACK
6
CONTINUOUS
10
4.2857997244094488
20
-1.4038241338582678
11
4.2803451181102359
21
-1.4001794881889764
0
LINE
8
BLACK
6
CONTINUOUS
10
4.2803451181102359
20
-1.4001794881889764
11
4.275706338582677
21
-1.3955407086614173
0
LINE
8
BLACK
6
CONTINUOUS
10
4.275706338582677
20
-1.3955407086614173
11
4.2720616929133861
21
-1.3900861023622046
0
LINE
8
BLACK
6
CONTINUOUS
10
4.2720616929133861
20
-1.3900861023622046
11
4.2695512204724411
21
-1.3840252755905511
0
LINE
8
BLACK
6
CONTINUOUS
10
4.2695512204724411
20
-1.3840252755905511
11
4.2682713779527557
21
-1.3775911417322835
0
LINE
8
BLACK
6
CONTINUOUS
10
4.2682713779527557
20
-1.3775911417322835
11
4.2682713779527557
21
-1.3710309055118111
0
LINE
8
BLACK
6
CONTINUOUS
10
4.2682713779527557
20
-1.3710309055118111
11
4.2695512204724411
21
-1.3645967716535432
0
LINE
8
BLACK
6
CONTINUOUS
10
4.2695512204724411
20
-1.3645967716535432
11
4.2720616929133861
21
-1.3585359448818897
0
LINE
8
BLACK
6
CONTINUOUS
10
4.2720616929133861
20
-1.3585359448818897
11
4.275706338582677
21
-1.3530813385826772
0
LINE
8
BLACK
6
CONTINUOUS
10
4.275706338582677
20
-1.3530813385826772
11
4.2803451181102359
21
-1.3484425590551181
0
LINE
8
BLACK
6
CONTINUOUS
10
4.2803451181102359
20
-1.3484425590551181
11
4.2857997244094488
21
-1.3447979133858268
0
LINE
8
BLACK
6
CONTINUOUS
10
4.2857997244094488
20
-1.3447979133858268
11
4.2918605511811023
21
-1.3422874409448819
0
LINE
8
BLACK
6
CONTINUOUS
10
4.2918605511811023
20
-1.3422874409448819
11
4.2982946850393704
21
-1.3410075984251968
0
LINE
8
BLACK
6
CONTINUOUS
10
4.2982946850393704
20
-1.3410075984251968
11
4.3048549212598424
21
-1.3410075984251968
0
LINE
8
BLACK
6
CONTINUOUS
10
4.3048549212598424
20
-1.3410075984251968
11
4.3112890551181104
21
-1.3422874409448819
0
LINE
8
BLACK
6
CONTINUOUS
10
4.4112890551181101
20
-1.3422874409448819
11
4.4173498818897636
21
-1.3447979133858268
0
LINE
8
BLACK
6
CONTINUOUS
10
4.4173498818897636
20
-1.3447979133858268
11
4.4228044881889765
21
-1.3484425590551181
0
LINE
8
BLACK
6
CONTINUOUS
10
4.4228044881889765
20
-1.3484425590551181
11
4.4274432677165354
21
-1.3530813385826772
0
LINE
8
BLACK
6
CONTINUOUS
10
4.4274432677165354
20
-1.3530813385826772
11
4.4310879133858263
21
-1.3585359448818897
0
LINE
8
BLACK
6
CONTINUOUS
10
4.4310879133858263
20
-1.3585359448818897
11
4.4335983858267713
21
-1.3645967716535432
0
LINE
8
BLACK
6
CONTINUOUS
10
4.4335983858267713
20
-1.3645967716535432
11
4.4348782283464567
21
-1.3710309055118111
0
LINE
8
BLACK
6
CONTINUOUS
10
4.4348782283464567
20
-1.3710309055118111
11
4.4348782283464567
21
-1.3775911417322835
0
LINE
8
BLACK
6
CONTINUOUS
10
4.4348782283464567
20
-1.3775911417322835
11
4.4335983858267713
21
-1.3840252755905511
0
LINE
8
BLACK
6
CONTINUOUS
10
4.4335983858267713
20
-1.3840252755905511
11
4.4310879133858263
21
-1.3900861023622046
0
LINE
8
BLACK
6
CONTINUOUS
10
4.4310879133858263
20
-1.3900861023622046
11
4.4274432677165354
21
-1.3955407086614173
0
LINE
8
BLACK
6
CONTINUOUS
10
4.4274432677165354
20
-1.3955407086614173
11
4.4228044881889765
21
-1.4001794881889764
0
LINE
8
BLACK
6
CONTINUOUS
10
4.4228044881889765
20
-1.4001794881889764
11
4.4173498818897636
21
-1.4038241338582678
0
LINE
8
BLACK
6
CONTINUOUS
10
4.4173498818897636
20
-1.4038241338582678
11
4.4112890551181101
21
-1.4063346062992126
0
LINE
8
BLACK
6
CONTINUOUS
10
4.4112890551181101
20
-1.4063346062992126
11
4.404854921259842
21
-1.4076144488188975
0
LINE
8
BLACK
6
CONTINUOUS
10
4.404854921259842
20
-1.4076144488188975
11
4.39829468503937
21
-1.4076144488188975
0
LINE
8
BLACK
6
CONTINUOUS
10
4.39829468503937
20
-1.4076144488188975
11
4.391860551181102
21
-1.4063346062992126
0
LINE
8
BLACK
6
CONTINUOUS
10
4.391860551181102
20
-1.4063346062992126
11
4.3857997244094484
21
-1.4038241338582678
0
LINE
8
BLACK
6
CONTINUOUS
10
4.3857997244094484
20
-1.4038241338582678
11
4.3803451181102364
21
-1.4001794881889764
0
LINE
8
BLACK
6
CONTINUOUS
10
4.3803451181102364
20
-1.4001794881889764
11
4.3757063385826767
21
-1.3955407086614173
0
LINE
8
BLACK
6
CONTINUOUS
10
4.3757063385826767
20
-1.3955407086614173
11
4.3720616929133858
21
-1.3900861023622046
0
LINE
8
BLACK
6
CONTINUOUS
10
4.3720616929133858
20
-1.3900861023622046
11
4.3695512204724407
21
-1.3840252755905511
0
LINE
8
BLACK
6
CONTINUOUS
10
4.3695512204724407
20
-1.3840252755905511
11
4.3682713779527562
21
-1.3775911417322835
0
LINE
8
BLACK
6
CONTINUOUS
10
4.3682713779527562
20
-1.3775911417322835
11
4.3682713779527562
21
-1.3710309055118111
0
LINE
8
BLACK
6
CONTINUOUS
10
4.3682713779527562
20
-1.3710309055118111
11
4.3695512204724407
21
-1.3645967716535432
0
LINE
8
BLACK
6
CONTINUOUS
10
4.3695512204724407
20
-1.3645967716535432
11
4.3720616929133858
21
-1.3585359448818897
0
LINE
8
BLACK
6
CONTINUOUS
10
4.3720616929133858
20
-1.3585359448818897
11
4.3757063385826767
21
-1.3530813385826772
0
LINE
8
BLACK
6
CONTINUOUS
10
4.3757063385826767
20
-1.3530813385826772
11
4.3803451181102364
21
-1.3484425590551181
0
LINE
8
BLACK
6
CONTINUOUS
10
4.3803451181102364
20
-1.3484425590551181
11
4.3857997244094484
21
-1.3447979133858268
0
LINE
8
BLACK
6
CONTINUOUS
10
4.3857997244094484
20
-1.3447979133858268
11
4.391860551181102
21
-1.3422874409448819
0
LINE
8
BLACK
6
CONTINUOUS
10
4.391860551181102
20
-1.3422874409448819
11
4.39829468503937
21
-1.3410075984251968
0
LINE
8
BLACK
6
CONTINUOUS
10
4.39829468503937
20
-1.3410075984251968
11
4.404854921259842
21
-1.3410075984251968
0
LINE
8
BLACK
6
CONTINUOUS
10
4.404854921259842
20
-1.3410075984251968
11
4.4112890551181101
21
-1.3422874409448819
0
LINE
8
BLACK
6
CONTINUOUS
10
4.4112890551181101
20
-1.2422874803149606
11
4.4173498818897636
21
-1.2447979527559054
0
LINE
8
BLACK
6
CONTINUOUS
10
4.4173498818897636
20
-1.2447979527559054
11
4.4228044881889765
21
-1.2484425984251968
0
LINE
8
BLACK
6
CONTINUOUS
10
4.4228044881889765
20
-1.2484425984251968
11
4.4274432677165354
21
-1.2530813779527559
0
LINE
8
BLACK
6
CONTINUOUS
10
4.4274432677165354
20
-1.2530813779527559
11
4.4310879133858263
21
-1.2585359842519686
0
LINE
8
BLACK
6
CONTINUOUS
10
4.4310879133858263
20
-1.2585359842519686
11
4.4335983858267713
21
-1.2645968110236221
0
LINE
8
BLACK
6
CONTINUOUS
10
4.4335983858267713
20
-1.2645968110236221
11
4.4348782283464567
21
-1.2710309448818897
0
LINE
8
BLACK
6
CONTINUOUS
10
4.4348782283464567
20
-1.2710309448818897
11
4.4348782283464567
21
-1.2775911811023621
0
LINE
8
BLACK
6
CONTINUOUS
10
4.4348782283464567
20
-1.2775911811023621
11
4.4335983858267713
21
-1.28402531496063
0
LINE
8
BLACK
6
CONTINUOUS
10
4.4335983858267713
20
-1.28402531496063
11
4.4310879133858263
21
-1.2900861417322835
0
LINE
8
BLACK
6
CONTINUOUS
10
4.4310879133858263
20
-1.2900861417322835
11
4.4274432677165354
21
-1.295540748031496
0
LINE
8
BLACK
6
CONTINUOUS
10
4.4274432677165354
20
-1.295540748031496
11
4.4228044881889765
21
-1.3001795275590551
0
LINE
8
BLACK
6
CONTINUOUS
10
4.4228044881889765
20
-1.3001795275590551
11
4.4173498818897636
21
-1.3038241732283464
0
LINE
8
BLACK
6
CONTINUOUS
10
4.4173498818897636
20
-1.3038241732283464
11
4.4112890551181101
21
-1.3063346456692913
0
LINE
8
BLACK
6
CONTINUOUS
10
4.4112890551181101
20
-1.3063346456692913
11
4.404854921259842
21
-1.3076144881889764
0
LINE
8
BLACK
6
CONTINUOUS
10
4.404854921259842
20
-1.3076144881889764
11
4.39829468503937
21
-1.3076144881889764
0
LINE
8
BLACK
6
CONTINUOUS
10
4.39829468503937
20
-1.3076144881889764
11
4.391860551181102
21
-1.3063346456692913
0
LINE
8
BLACK
6
CONTINUOUS
10
4.391860551181102
20
-1.3063346456692913
11
4.3857997244094484
21
-1.3038241732283464
0
LINE
8
BLACK
6
CONTINUOUS
10
4.3857997244094484
20
-1.3038241732283464
11
4.3803451181102364
21
-1.3001795275590551
0
LINE
8
BLACK
6
CONTINUOUS
10
4.3803451181102364
20
-1.3001795275590551
11
4.3757063385826767
21
-1.295540748031496
0
LINE
8
BLACK
6
CONTINUOUS
10
4.3757063385826767
20
-1.295540748031496
11
4.3720616929133858
21
-1.2900861417322835
0
LINE
8
BLACK
6
CONTINUOUS
10
4.3720616929133858
20
-1.2900861417322835
11
4.3695512204724407
21
-1.28402531496063
0
LINE
8
BLACK
6
CONTINUOUS
10
4.3695512204724407
20
-1.28402531496063
11
4.3682713779527562
21
-1.2775911811023621
0
LINE
8
BLACK
6
CONTINUOUS
10
4.3682713779527562
20
-1.2775911811023621
11
4.3682713779527562
21
-1.2710309448818897
0
LINE
8
BLACK
6
CONTINUOUS
10
4.3682713779527562
20
-1.2710309448818897
11
4.3695512204724407
21
-1.2645968110236221
0
LINE
8
BLACK
6
CONTINUOUS
10
4.3695512204724407
20
-1.2645968110236221
11
4.3720616929133858
21
-1.2585359842519686
0
LINE
8
BLACK
6
CONTINUOUS
10
4.3720616929133858
20
-1.2585359842519686
11
4.3757063385826767
21
-1.2530813779527559
0
LINE
8
BLACK
6
CONTINUOUS
10
4.3757063385826767
20
-1.2530813779527559
11
4.3803451181102364
21
-1.2484425984251968
0
LINE
8
BLACK
6
CONTINUOUS
10
4.3803451181102364
20
-1.2484425984251968
11
4.3857997244094484
21
-1.2447979527559054
0
LINE
8
BLACK
6
CONTINUOUS
10
4.3857997244094484
20
-1.2447979527559054
11
4.391860551181102
21
-1.2422874803149606
0
LINE
8
BLACK
6
CONTINUOUS
10
4.391860551181102
20
-1.2422874803149606
11
4.39829468503937
21
-1.2410076377952755
0
LINE
8
BLACK
6
CONTINUOUS
10
4.39829468503937
20
-1.2410076377952755
11
4.404854921259842
21
-1.2410076377952755
0
LINE
8
BLACK
6
CONTINUOUS
10
4.404854921259842
20
-1.2410076377952755
11
4.4112890551181101
21
-1.2422874803149606
0
LINE
8
BLACK
6
CONTINUOUS
10
4.3112890551181104
20
-1.2422874409448819
11
4.317349881889764
21
-1.2447979133858267
0
LINE
8
BLACK
6
CONTINUOUS
10
4.317349881889764
20
-1.2447979133858267
11
4.322804488188976
21
-1.248442559055118
0
LINE
8
BLACK
6
CONTINUOUS
10
4.322804488188976
20
-1.248442559055118
11
4.3274432677165358
21
-1.2530813385826771
0
LINE
8
BLACK
6
CONTINUOUS
10
4.3274432677165358
20
-1.2530813385826771
11
4.3310879133858267
21
-1.2585359448818898
0
LINE
8
BLACK
6
CONTINUOUS
10
4.3310879133858267
20
-1.2585359448818898
11
4.3335983858267717
21
-1.2645967716535433
0
LINE
8
BLACK
6
CONTINUOUS
10
4.3335983858267717
20
-1.2645967716535433
11
4.3348782283464562
21
-1.271030905511811
0
LINE
8
BLACK
6
CONTINUOUS
10
4.3348782283464562
20
-1.271030905511811
11
4.3348782283464562
21
-1.2775911417322834
0
LINE
8
BLACK
6
CONTINUOUS
10
4.3348782283464562
20
-1.2775911417322834
11
4.3335983858267717
21
-1.2840252755905512
0
LINE
8
BLACK
6
CONTINUOUS
10
4.3335983858267717
20
-1.2840252755905512
11
4.3310879133858267
21
-1.2900861023622048
0
LINE
8
BLACK
6
CONTINUOUS
10
4.3310879133858267
20
-1.2900861023622048
11
4.3274432677165358
21
-1.2955407086614172
0
LINE
8
BLACK
6
CONTINUOUS
10
4.3274432677165358
20
-1.2955407086614172
11
4.322804488188976
21
-1.3001794881889763
0
LINE
8
BLACK
6
CONTINUOUS
10
4.322804488188976
20
-1.3001794881889763
11
4.317349881889764
21
-1.3038241338582677
0
LINE
8
BLACK
6
CONTINUOUS
10
4.317349881889764
20
-1.3038241338582677
11
4.3112890551181104
21
-1.3063346062992125
0
LINE
8
BLACK
6
CONTINUOUS
10
4.3112890551181104
20
-1.3063346062992125
11
4.3048549212598424
21
-1.3076144488188977
0
LINE
8
BLACK
6
CONTINUOUS
10
4.3048549212598424
20
-1.3076144488188977
11
4.2982946850393704
21
-1.3076144488188977
0
LINE
8
BLACK
6
CONTINUOUS
10
4.2982946850393704
20
-1.3076144488188977
11
4.2918605511811023
21
-1.3063346062992125
0
LINE
8
BLACK
6
CONTINUOUS
10
4.2918605511811023
20
-1.3063346062992125
11
4.2857997244094488
21
-1.3038241338582677
0
LINE
8
BLACK
6
CONTINUOUS
10
4.2857997244094488
20
-1.3038241338582677
11
4.2803451181102359
21
-1.3001794881889763
0
LINE
8
BLACK
6
CONTINUOUS
10
4.2803451181102359
20
-1.3001794881889763
11
4.275706338582677
21
-1.2955407086614172
0
LINE
8
BLACK
6
CONTINUOUS
10
4.275706338582677
20
-1.2955407086614172
11
4.2720616929133861
21
-1.2900861023622048
0
LINE
8
BLACK
6
CONTINUOUS
10
4.2720616929133861
20
-1.2900861023622048
11
4.2695512204724411
21
-1.2840252755905512
0
LINE
8
BLACK
6
CONTINUOUS
10
4.2695512204724411
20
-1.2840252755905512
11
4.2682713779527557
21
-1.2775911417322834
0
LINE
8
BLACK
6
CONTINUOUS
10
4.2682713779527557
20
-1.2775911417322834
11
4.2682713779527557
21
-1.271030905511811
0
LINE
8
BLACK
6
CONTINUOUS
10
4.2682713779527557
20
-1.271030905511811
11
4.2695512204724411
21
-1.2645967716535433
0
LINE
8
BLACK
6
CONTINUOUS
10
4.2695512204724411
20
-1.2645967716535433
11
4.2720616929133861
21
-1.2585359448818898
0
LINE
8
BLACK
6
CONTINUOUS
10
4.2720616929133861
20
-1.2585359448818898
11
4.275706338582677
21
-1.2530813385826771
0
LINE
8
BLACK
6
CONTINUOUS
10
4.275706338582677
20
-1.2530813385826771
11
4.2803451181102359
21
-1.248442559055118
0
LINE
8
BLACK
6
CONTINUOUS
10
4.2803451181102359
20
-1.248442559055118
11
4.2857997244094488
21
-1.2447979133858267
0
LINE
8
BLACK
6
CONTINUOUS
10
4.2857997244094488
20
-1.2447979133858267
11
4.2918605511811023
21
-1.2422874409448819
0
LINE
8
BLACK
6
CONTINUOUS
10
4.2918605511811023
20
-1.2422874409448819
11
4.2982946850393704
21
-1.2410075984251969
0
LINE
8
BLACK
6
CONTINUOUS
10
4.2982946850393704
20
-1.2410075984251969
11
4.3048549212598424
21
-1.2410075984251969
0
LINE
8
BLACK
6
CONTINUOUS
10
4.3048549212598424
20
-1.2410075984251969
11
4.3112890551181104
21
-1.2422874409448819
0
LINE
8
BLACK
6
CONTINUOUS
10
4.4112890551181101
20
-1.0422874409448819
11
4.4173498818897636
21
-1.0447979133858267
0
LINE
8
BLACK
6
CONTINUOUS
10
4.4173498818897636
20
-1.0447979133858267
11
4.4228044881889765
21
-1.0484425590551181
0
LINE
8
BLACK
6
CONTINUOUS
10
4.4228044881889765
20
-1.0484425590551181
11
4.4274432677165354
21
-1.0530813385826772
0
LINE
8
BLACK
6
CONTINUOUS
10
4.4274432677165354
20
-1.0530813385826772
11
4.4310879133858263
21
-1.0585359448818898
0
LINE
8
BLACK
6
CONTINUOUS
10
4.4310879133858263
20
-1.0585359448818898
11
4.4335983858267713
21
-1.0645967716535434
0
LINE
8
BLACK
6
CONTINUOUS
10
4.4335983858267713
20
-1.0645967716535434
11
4.4348782283464567
21
-1.071030905511811
0
LINE
8
BLACK
6
CONTINUOUS
10
4.4348782283464567
20
-1.071030905511811
11
4.4348782283464567
21
-1.0775911417322834
0
LINE
8
BLACK
6
CONTINUOUS
10
4.4348782283464567
20
-1.0775911417322834
11
4.4335983858267713
21
-1.0840252755905511
0
LINE
8
BLACK
6
CONTINUOUS
10
4.4335983858267713
20
-1.0840252755905511
11
4.4310879133858263
21
-1.0900861023622046
0
LINE
8
BLACK
6
CONTINUOUS
10
4.4310879133858263
20
-1.0900861023622046
11
4.4274432677165354
21
-1.0955407086614173
0
LINE
8
BLACK
6
CONTINUOUS
10
4.4274432677165354
20
-1.0955407086614173
11
4.4228044881889765
21
-1.1001794881889764
0
LINE
8
BLACK
6
CONTINUOUS
10
4.4228044881889765
20
-1.1001794881889764
11
4.4173498818897636
21
-1.1038241338582677
0
LINE
8
BLACK
6
CONTINUOUS
10
4.4173498818897636
20
-1.1038241338582677
11
4.4112890551181101
21
-1.1063346062992125
0
LINE
8
BLACK
6
CONTINUOUS
10
4.4112890551181101
20
-1.1063346062992125
11
4.404854921259842
21
-1.1076144488188977
0
LINE
8
BLACK
6
CONTINUOUS
10
4.404854921259842
20
-1.1076144488188977
11
4.39829468503937
21
-1.1076144488188977
0
LINE
8
BLACK
6
CONTINUOUS
10
4.39829468503937
20
-1.1076144488188977
11
4.391860551181102
21
-1.1063346062992125
0
LINE
8
BLACK
6
CONTINUOUS
10
4.391860551181102
20
-1.1063346062992125
11
4.3857997244094484
21
-1.1038241338582677
0
LINE
8
BLACK
6
CONTINUOUS
10
4.3857997244094484
20
-1.1038241338582677
11
4.3803451181102364
21
-1.1001794881889764
0
LINE
8
BLACK
6
CONTINUOUS
10
4.3803451181102364
20
-1.1001794881889764
11
4.3757063385826767
21
-1.0955407086614173
0
LINE
8
BLACK
6
CONTINUOUS
10
4.3757063385826767
20
-1.0955407086614173
11
4.3720616929133858
21
-1.0900861023622046
0
LINE
8
BLACK
6
CONTINUOUS
10
4.3720616929133858
20
-1.0900861023622046
11
4.3695512204724407
21
-1.0840252755905511
0
LINE
8
BLACK
6
CONTINUOUS
10
4.3695512204724407
20
-1.0840252755905511
11
4.3682713779527562
21
-1.0775911417322834
0
LINE
8
BLACK
6
CONTINUOUS
10
4.3682713779527562
20
-1.0775911417322834
11
4.3682713779527562
21
-1.071030905511811
0
LINE
8
BLACK
6
CONTINUOUS
10
4.3682713779527562
20
-1.071030905511811
11
4.3695512204724407
21
-1.0645967716535434
0
LINE
8
BLACK
6
CONTINUOUS
10
4.3695512204724407
20
-1.0645967716535434
11
4.3720616929133858
21
-1.0585359448818898
0
LINE
8
BLACK
6
CONTINUOUS
10
4.3720616929133858
20
-1.0585359448818898
11
4.3757063385826767
21
-1.0530813385826772
0
LINE
8
BLACK
6
CONTINUOUS
10
4.3757063385826767
20
-1.0530813385826772
11
4.3803451181102364
21
-1.0484425590551181
0
LINE
8
BLACK
6
CONTINUOUS
10
4.3803451181102364
20
-1.0484425590551181
11
4.3857997244094484
21
-1.0447979133858267
0
LINE
8
BLACK
6
CONTINUOUS
10
4.3857997244094484
20
-1.0447979133858267
11
4.391860551181102
21
-1.0422874409448819
0
LINE
8
BLACK
6
CONTINUOUS
10
4.391860551181102
20
-1.0422874409448819
11
4.39829468503937
21
-1.0410075984251967
0
LINE
8
BLACK
6
CONTINUOUS
10
4.39829468503937
20
-1.0410075984251967
11
4.404854921259842
21
-1.0410075984251967
0
LINE
8
BLACK
6
CONTINUOUS
10
4.404854921259842
20
-1.0410075984251967
11
4.4112890551181101
21
-1.0422874409448819
0
LINE
8
BLACK
6
CONTINUOUS
10
4.8101061811023618
20
-0.8151414566929134
11
4.8127428740157479
21
-0.8159251181102362
0
LINE
8
BLACK
6
CONTINUOUS
10
4.8127428740157479
20
-0.8159251181102362
11
4.8145373622047245
21
-0.8180099212598425
0
LINE
8
BLACK
6
CONTINUOUS
10
4.8145373622047245
20
-0.8180099212598425
11
4.814971889763779
21
-0.820011968503937
0
LINE
8
BLACK
6
CONTINUOUS
10
4.814971889763779
20
-0.820011968503937
11
4.8188865354330703
21
-2.5072261811023622
0
LINE
8
BLACK
6
CONTINUOUS
10
4.8188865354330703
20
-2.5072261811023622
11
4.818117677165354
21
-2.5098673228346455
0
LINE
8
BLACK
6
CONTINUOUS
10
4.818117677165354
20
-2.5098673228346455
11
4.8160429527559057
21
-2.5116735433070865
0
LINE
8
BLACK
6
CONTINUOUS
10
4.8160429527559057
20
-2.5116735433070865
11
4.8141172047244094
21
-2.5121181102362202
0
LINE
8
BLACK
6
CONTINUOUS
10
4.8141172047244094
20
-2.5121181102362202
11
2.434117125984252
21
-2.5670110236220474
0
LINE
8
BLACK
6
CONTINUOUS
10
2.434117125984252
20
-2.5670110236220474
11
2.43146062992126
21
-2.566297125984252
0
LINE
8
BLACK
6
CONTINUOUS
10
2.43146062992126
20
-2.566297125984252
11
2.4296117716535433
21
-2.56426031496063
0
LINE
8
BLACK
6
CONTINUOUS
10
2.4296117716535433
20
-2.56426031496063
11
2.4291226771653545
21
-2.5621414566929133
0
LINE
8
BLACK
6
CONTINUOUS
10
2.4291226771653545
20
-2.5621414566929133
11
2.4286139763779526
21
-2.3347512598425197
0
LINE
8
BLACK
6
CONTINUOUS
10
2.4286139763779526
20
-2.3347512598425197
11
2.4271494881889764
21
-1.6801234251968504
0
LINE
8
BLACK
6
CONTINUOUS
10
2.4271494881889764
20
-1.6801234251968504
11
2.4262322440944883
21
-1.2701264960629921
0
LINE
8
BLACK
6
CONTINUOUS
10
2.4262322440944883
20
-1.2701264960629921
11
2.4252077952755906
21
-0.8121922047244095
0
LINE
8
BLACK
6
CONTINUOUS
10
2.4252077952755906
20
-0.8121922047244095
11
2.4259768897637795
21
-0.8095512992125984
0
LINE
8
BLACK
6
CONTINUOUS
10
2.4259768897637795
20
-0.8095512992125984
11
2.4280517322834645
21
-0.8077452755905512
0
LINE
8
BLACK
6
CONTINUOUS
10
2.4280517322834645
20
-0.8077452755905512
11
2.4301056299212598
21
-0.8072996062992126
0
LINE
8
BLACK
6
CONTINUOUS
10
2.4301056299212598
20
-0.8072996062992126
11
4.8101061811023618
21
-0.8151414566929134
0
LINE
8
BLACK
6
CONTINUOUS
10
3.6736952362204724
20
-2.3119547244094489
11
3.6724202362204723
21
-2.3101998818897638
0
LINE
8
BLACK
6
CONTINUOUS
10
3.6724202362204723
20
-2.3101998818897638
11
3.6724202362204723
21
-2.310199842519685
0
LINE
8
BLACK
6
CONTINUOUS
10
3.6724202362204723
20
-2.310199842519685
11
3.6579880708661419
21
-2.3246319685039372
0
LINE
8
BLACK
6
CONTINUOUS
10
3.6579880708661419
20
-2.3246319685039372
11
3.6600611023622047
21
-2.3296366929133856
0
LINE
8
BLACK
6
CONTINUOUS
10
3.6600611023622047
20
-2.3296366929133856
11
3.6612656692913386
21
-2.3356923622047243
0
LINE
8
BLACK
6
CONTINUOUS
10
3.6612656692913386
20
-2.3356923622047243
11
3.6612656692913386
21
-2.3418666929133858
0
LINE
8
BLACK
6
CONTINUOUS
10
3.6612656692913386
20
-2.3418666929133858
11
3.6600611023622047
21
-2.3479223622047245
0
LINE
8
BLACK
6
CONTINUOUS
10
3.6600611023622047
20
-2.3479223622047245
11
3.6579881102362202
21
-2.3529269685039371
0
LINE
8
BLACK
6
CONTINUOUS
10
3.6579881102362202
20
-2.3529269685039371
11
3.6724202362204723
21
-2.3673590944881888
0
LINE
8
BLACK
6
CONTINUOUS
10
3.6724202362204723
20
-2.3673590944881888
11
3.6736952362204724
21
-2.3656042913385824
0
LINE
8
BLACK
6
CONTINUOUS
10
3.6736952362204724
20
-2.3656042913385824
11
3.6773525590551182
21
-2.3584264173228346
0
LINE
8
BLACK
6
CONTINUOUS
10
3.6773525590551182
20
-2.3584264173228346
11
3.6798421259842518
21
-2.3507644488188975
0
LINE
8
BLACK
6
CONTINUOUS
10
3.6798421259842518
20
-2.3507644488188975
11
3.6811023622047245
21
-2.3428077559055116
0
LINE
8
BLACK
6
CONTINUOUS
10
3.6811023622047245
20
-2.3428077559055116
11
3.6811023622047245
21
-2.3347512598425197
0
LINE
8
BLACK
6
CONTINUOUS
10
3.6811023622047245
20
-2.3347512598425197
11
3.6798421259842518
21
-2.3267945669291339
0
LINE
8
BLACK
6
CONTINUOUS
10
3.6798421259842518
20
-2.3267945669291339
11
3.6773525196850394
21
-2.3191324803149604
0
LINE
8
BLACK
6
CONTINUOUS
10
3.6773525196850394
20
-2.3191324803149604
11
3.6763929527559056
21
-2.317249212598425
0
LINE
8
BLACK
6
CONTINUOUS
10
3.6763929527559056
20
-2.317249212598425
11
3.6763929133858269
21
-2.3172491732283462
0
LINE
8
BLACK
6
CONTINUOUS
10
3.6763929133858269
20
-2.3172491732283462
11
3.6753268110236221
21
-2.315156811023622
0
LINE
8
BLACK
6
CONTINUOUS
10
3.6753268110236221
20
-2.315156811023622
11
3.6736952362204724
21
-2.3119547244094489
0
LINE
8
BLACK
6
CONTINUOUS
10
3.6013415748031496
20
-2.3812785039370077
11
3.6030964566929131
21
-2.3825535039370078
0
LINE
8
BLACK
6
CONTINUOUS
10
3.6030964566929131
20
-2.3825535039370078
11
3.6102743307086613
21
-2.3862108267716535
0
LINE
8
BLACK
6
CONTINUOUS
10
3.6102743307086613
20
-2.3862108267716535
11
3.6179362992125985
21
-2.3887003937007871
0
LINE
8
BLACK
6
CONTINUOUS
10
3.6179362992125985
20
-2.3887003937007871
11
3.6258930314960631
21
-2.3899606299212599
0
LINE
8
BLACK
6
CONTINUOUS
10
3.6258930314960631
20
-2.3899606299212599
11
3.6339494881889762
21
-2.3899606299212599
0
LINE
8
BLACK
6
CONTINUOUS
10
3.6339494881889762
20
-2.3899606299212599
11
3.6419061811023621
21
-2.3887003937007871
0
LINE
8
BLACK
6
CONTINUOUS
10
3.6419061811023621
20
-2.3887003937007871
11
3.6495681496062993
21
-2.3862108267716535
0
LINE
8
BLACK
6
CONTINUOUS
10
3.6495681496062993
20
-2.3862108267716535
11
3.656746023622047
21
-2.3825535039370078
0
LINE
8
BLACK
6
CONTINUOUS
10
3.656746023622047
20
-2.3825535039370078
11
3.6585008267716534
21
-2.3812785039370077
0
LINE
8
BLACK
6
CONTINUOUS
10
3.6585008267716534
20
-2.3812785039370077
11
3.6440687007874013
21
-2.366846377952756
0
LINE
8
BLACK
6
CONTINUOUS
10
3.6440687007874013
20
-2.366846377952756
11
3.6390640944881887
21
-2.3689193700787401
0
LINE
8
BLACK
6
CONTINUOUS
10
3.6390640944881887
20
-2.3689193700787401
11
3.6330084251968504
21
-2.3701239370078739
0
LINE
8
BLACK
6
CONTINUOUS
10
3.6330084251968504
20
-2.3701239370078739
11
3.6268340944881889
21
-2.3701239370078739
0
LINE
8
BLACK
6
CONTINUOUS
10
3.6268340944881889
20
-2.3701239370078739
11
3.6207784251968502
21
-2.3689193700787401
0
LINE
8
BLACK
6
CONTINUOUS
10
3.6207784251968502
20
-2.3689193700787401
11
3.6157737401574801
21
-2.3668463385826772
0
LINE
8
BLACK
6
CONTINUOUS
10
3.6157737401574801
20
-2.3668463385826772
11
3.6013415748031496
21
-2.3812785039370077
0
LINE
8
BLACK
6
CONTINUOUS
10
3.7165157480314961
20
-2.3624016141732285
11
3.7165157874015748
21
-2.3624022834645668
0
LINE
8
BLACK
6
CONTINUOUS
10
3.7165157874015748
20
-2.3624022834645668
11
3.7169291338582675
21
-2.3664486614173228
0
LINE
8
BLACK
6
CONTINUOUS
10
3.7169291338582675
20
-2.3664486614173228
11
3.7169291732283463
21
-2.3664487795275591
0
LINE
8
BLACK
6
CONTINUOUS
10
3.7169291732283463
20
-2.3664487795275591
11
3.7191017716535431
21
-2.373005157480315
0
LINE
8
BLACK
6
CONTINUOUS
10
3.7191017716535431
20
-2.373005157480315
11
3.7191018110236218
21
-2.3730052755905513
0
LINE
8
BLACK
6
CONTINUOUS
10
3.7191018110236218
20
-2.3730052755905513
11
3.7227278740157481
21
-2.378884094488189
0
LINE
8
BLACK
6
CONTINUOUS
10
3.7227278740157481
20
-2.378884094488189
11
3.7276119685039371
21
-2.383768188976378
0
LINE
8
BLACK
6
CONTINUOUS
10
3.7276119685039371
20
-2.383768188976378
11
3.7334907874015748
21
-2.3873942519685039
0
LINE
8
BLACK
6
CONTINUOUS
10
3.7334907874015748
20
-2.3873942519685039
11
3.7400473622047241
21
-2.3895668897637794
0
LINE
8
BLACK
6
CONTINUOUS
10
3.7400473622047241
20
-2.3895668897637794
11
3.7440941338582676
21
-2.38998031496063
0
LINE
8
BLACK
6
CONTINUOUS
10
3.7440941338582676
20
-2.38998031496063
11
3.7913388976377953
21
-2.3899802755905513
0
LINE
8
BLACK
6
CONTINUOUS
10
3.7913388976377953
20
-2.3899802755905513
11
3.7953857086614171
21
-2.3895668897637794
0
LINE
8
BLACK
6
CONTINUOUS
10
3.7953857086614171
20
-2.3895668897637794
11
3.8019422834645669
21
-2.3873942519685039
0
LINE
8
BLACK
6
CONTINUOUS
10
3.8019422834645669
20
-2.3873942519685039
11
3.8078211023622046
21
-2.383768188976378
0
LINE
8
BLACK
6
CONTINUOUS
10
3.8078211023622046
20
-2.383768188976378
11
3.8127051968503936
21
-2.378884094488189
0
LINE
8
BLACK
6
CONTINUOUS
10
3.8127051968503936
20
-2.378884094488189
11
3.8163312598425194
21
-2.3730052755905513
0
LINE
8
BLACK
6
CONTINUOUS
10
3.8163312598425194
20
-2.3730052755905513
11
3.8185038976377954
21
-2.3664487007874015
0
LINE
8
BLACK
6
CONTINUOUS
10
3.8185038976377954
20
-2.3664487007874015
11
3.8189173228346456
21
-2.362401929133858
0
LINE
8
BLACK
6
CONTINUOUS
10
3.8189173228346456
20
-2.362401929133858
11
3.8189172834645668
21
-2.3151571653543308
0
LINE
8
BLACK
6
CONTINUOUS
10
3.8189172834645668
20
-2.3151571653543308
11
3.8185038976377954
21
-2.3111103543307085
0
LINE
8
BLACK
6
CONTINUOUS
10
3.8185038976377954
20
-2.3111103543307085
11
3.8163312598425194
21
-2.3045537795275588
0
LINE
8
BLACK
6
CONTINUOUS
10
3.8163312598425194
20
-2.3045537795275588
11
3.8127051968503936
21
-2.298674960629921
0
LINE
8
BLACK
6
CONTINUOUS
10
3.8127051968503936
20
-2.298674960629921
11
3.8078211023622046
21
-2.2937908661417321
0
LINE
8
BLACK
6
CONTINUOUS
10
3.8078211023622046
20
-2.2937908661417321
11
3.8019422834645669
21
-2.2901648031496062
0
LINE
8
BLACK
6
CONTINUOUS
10
3.8019422834645669
20
-2.2901648031496062
11
3.7953857086614171
21
-2.2879921653543307
0
LINE
8
BLACK
6
CONTINUOUS
10
3.7953857086614171
20
-2.2879921653543307
11
3.7953856299212596
21
-2.2879921259842519
0
LINE
8
BLACK
6
CONTINUOUS
10
3.7953856299212596
20
-2.2879921259842519
11
3.7913389763779528
21
-2.2875787401574801
0
LINE
8
BLACK
6
CONTINUOUS
10
3.7913389763779528
20
-2.2875787401574801
11
3.7440944094488189
21
-2.2875787401574801
0
LINE
8
BLACK
6
CONTINUOUS
10
3.7440944094488189
20
-2.2875787401574801
11
3.7440937401574801
21
-2.2875787795275588
0
LINE
8
BLACK
6
CONTINUOUS
10
3.7440937401574801
20
-2.2875787795275588
11
3.7400473622047241
21
-2.2879921259842519
0
LINE
8
BLACK
6
CONTINUOUS
10
3.7400473622047241
20
-2.2879921259842519
11
3.7400472440944883
21
-2.2879921653543307
0
LINE
8
BLACK
6
CONTINUOUS
10
3.7400472440944883
20
-2.2879921653543307
11
3.7334908661417323
21
-2.2901647637795275
0
LINE
8
BLACK
6
CONTINUOUS
10
3.7334908661417323
20
-2.2901647637795275
11
3.7334906692913385
21
-2.290164842519685
0
LINE
8
BLACK
6
CONTINUOUS
10
3.7334906692913385
20
-2.290164842519685
11
3.7276118897637796
21
-2.2937909055118109
0
LINE
8
BLACK
6
CONTINUOUS
10
3.7276118897637796
20
-2.2937909055118109
11
3.7227279133858269
21
-2.2986748818897635
0
LINE
8
BLACK
6
CONTINUOUS
10
3.7227279133858269
20
-2.2986748818897635
11
3.7191018503937006
21
-2.304553661417323
0
LINE
8
BLACK
6
CONTINUOUS
10
3.7191018503937006
20
-2.304553661417323
11
3.7191018110236218
21
-2.3045537795275588
0
LINE
8
BLACK
6
CONTINUOUS
10
3.7191018110236218
20
-2.3045537795275588
11
3.7169291732283463
21
-2.3111103543307085
0
LINE
8
BLACK
6
CONTINUOUS
10
3.7169291732283463
20
-2.3111103543307085
11
3.7169291732283463
21
-2.3111103937007873
0
LINE
8
BLACK
6
CONTINUOUS
10
3.7169291732283463
20
-2.3111103937007873
11
3.7169291338582675
21
-2.3111103937007873
0
LINE
8
BLACK
6
CONTINUOUS
10
3.7169291338582675
20
-2.3111103937007873
11
3.7165157480314961
21
-2.315156811023622
0
LINE
8
BLACK
6
CONTINUOUS
10
3.7165157480314961
20
-2.315156811023622
11
3.7165157480314961
21
-2.3624016141732285
0
LINE
8
BLACK
6
CONTINUOUS
10
3.6179362992125985
20
-2.2888586220472442
11
3.6102743307086613
21
-2.2913481889763778
0
LINE
8
BLACK
6
CONTINUOUS
10
3.6102743307086613
20
-2.2913481889763778
11
3.603096220472441
21
-2.2950056299212598
0
LINE
8
BLACK
6
CONTINUOUS
10
3.603096220472441
20
-2.2950056299212598
11
3.6013416141732284
21
-2.2962804330708662
0
LINE
8
BLACK
6
CONTINUOUS
10
3.6013416141732284
20
-2.2962804330708662
11
3.6013416141732284
21
-2.2962804724409449
0
LINE
8
BLACK
6
CONTINUOUS
10
3.6013416141732284
20
-2.2962804724409449
11
3.6157738188976376
21
-2.3107126377952754
0
LINE
8
BLACK
6
CONTINUOUS
10
3.6157738188976376
20
-2.3107126377952754
11
3.6207784251968502
21
-2.30863968503937
0
LINE
8
BLACK
6
CONTINUOUS
10
3.6207784251968502
20
-2.30863968503937
11
3.6268340944881889
21
-2.3074351181102362
0
LINE
8
BLACK
6
CONTINUOUS
10
3.6268340944881889
20
-2.3074351181102362
11
3.6330084251968504
21
-2.3074351181102362
0
LINE
8
BLACK
6
CONTINUOUS
10
3.6330084251968504
20
-2.3074351181102362
11
3.6390640944881887
21
-2.30863968503937
0
LINE
8
BLACK
6
CONTINUOUS
10
3.6390640944881887
20
-2.30863968503937
11
3.6440686614173226
21
-2.3107126377952754
0
LINE
8
BLACK
6
CONTINUOUS
10
3.6440686614173226
20
-2.3107126377952754
11
3.6585008661417322
21
-2.2962804724409449
0
LINE
8
BLACK
6
CONTINUOUS
10
3.6585008661417322
20
-2.2962804724409449
11
3.6585008267716534
21
-2.2962804330708662
0
LINE
8
BLACK
6
CONTINUOUS
10
3.6585008267716534
20
-2.2962804330708662
11
3.6567464173228346
21
-2.2950057874015748
0
LINE
8
BLACK
6
CONTINUOUS
10
3.6567464173228346
20
-2.2950057874015748
11
3.6567460629921258
21
-2.2950055511811023
0
LINE
8
BLACK
6
CONTINUOUS
10
3.6567460629921258
20
-2.2950055511811023
11
3.6495681496062993
21
-2.2913481889763778
0
LINE
8
BLACK
6
CONTINUOUS
10
3.6495681496062993
20
-2.2913481889763778
11
3.6419061811023621
21
-2.2888586220472442
0
LINE
8
BLACK
6
CONTINUOUS
10
3.6419061811023621
20
-2.2888586220472442
11
3.6339494881889762
21
-2.2875984251968502
0
LINE
8
BLACK
6
CONTINUOUS
10
3.6339494881889762
20
-2.2875984251968502
11
3.6258930314960631
21
-2.2875984251968502
0
LINE
8
BLACK
6
CONTINUOUS
10
3.6258930314960631
20
-2.2875984251968502
11
3.6179362992125985
21
-2.2888586220472442
0
LINE
8
BLACK
6
CONTINUOUS
10
2.7007086614173228
20
-2.0218503937007872
11
2.7007086614173228
21
-2.0438914960629919
0
LINE
8
BLACK
6
CONTINUOUS
10
2.7007086614173228
20
-2.0438914960629919
11
2.7009606692913386
21
-2.0462351181102361
0
LINE
8
BLACK
6
CONTINUOUS
10
2.7009606692913386
20
-2.0462351181102361
11
2.7009607480314961
21
-2.0462353937007873
0
LINE
8
BLACK
6
CONTINUOUS
10
2.7009607480314961
20
-2.0462353937007873
11
2.702938779527559
21
-2.0515388188976376
0
LINE
8
BLACK
6
CONTINUOUS
10
2.702938779527559
20
-2.0515388188976376
11
2.702938937007874
21
-2.0515390944881888
0
LINE
8
BLACK
6
CONTINUOUS
10
2.702938937007874
20
-2.0515390944881888
11
2.7063310629921258
21
-2.0560703543307084
0
LINE
8
BLACK
6
CONTINUOUS
10
2.7063310629921258
20
-2.0560703543307084
11
2.706331181102362
21
-2.0560704724409447
0
LINE
8
BLACK
6
CONTINUOUS
10
2.706331181102362
20
-2.0560704724409447
11
2.710862440944882
21
-2.0594625984251969
0
LINE
8
BLACK
6
CONTINUOUS
10
2.710862440944882
20
-2.0594625984251969
11
2.7108627165354329
21
-2.0594627559055119
0
LINE
8
BLACK
6
CONTINUOUS
10
2.7108627165354329
20
-2.0594627559055119
11
2.7161661417322835
21
-2.0614407874015748
0
LINE
8
BLACK
6
CONTINUOUS
10
2.7161661417322835
20
-2.0614407874015748
11
2.7161664173228344
21
-2.0614408661417323
0
LINE
8
BLACK
6
CONTINUOUS
10
2.7161664173228344
20
-2.0614408661417323
11
2.7185100393700785
21
-2.0616928740157481
0
LINE
8
BLACK
6
CONTINUOUS
10
2.7185100393700785
20
-2.0616928740157481
11
2.7185107086614173
21
-2.0616929133858268
0
LINE
8
BLACK
6
CONTINUOUS
10
2.7185107086614173
20
-2.0616929133858268
11
2.740551181102362
21
-2.0616929133858268
0
LINE
8
BLACK
6
CONTINUOUS
10
2.740551181102362
20
-2.0616929133858268
11
2.740551181102362
21
-2.0420078740157481
0
LINE
8
BLACK
6
CONTINUOUS
10
2.740551181102362
20
-2.0420078740157481
11
2.7203937007874015
21
-2.0420078740157481
0
LINE
8
BLACK
6
CONTINUOUS
10
2.7203937007874015
20
-2.0420078740157481
11
2.7203937007874015
21
-2.0218503937007872
0
LINE
8
BLACK
6
CONTINUOUS
10
2.7203937007874015
20
-2.0218503937007872
11
2.7007086614173228
21
-2.0218503937007872
0
LINE
8
BLACK
6
CONTINUOUS
10
2.7803937007874016
20
-2.0218503937007872
11
2.7803937007874016
21
-2.0420078740157481
0
LINE
8
BLACK
6
CONTINUOUS
10
2.7803937007874016
20
-2.0420078740157481
11
2.7602362204724407
21
-2.0420078740157481
0
LINE
8
BLACK
6
CONTINUOUS
10
2.7602362204724407
20
-2.0420078740157481
11
2.7602362204724407
21
-2.0616929133858268
0
LINE
8
BLACK
6
CONTINUOUS
10
2.7602362204724407
20
-2.0616929133858268
11
2.7822766929133858
21
-2.0616929133858268
0
LINE
8
BLACK
6
CONTINUOUS
10
2.7822766929133858
20
-2.0616929133858268
11
2.7822773228346458
21
-2.0616928740157481
0
LINE
8
BLACK
6
CONTINUOUS
10
2.7822773228346458
20
-2.0616928740157481
11
2.7846209448818895
21
-2.0614408661417323
0
LINE
8
BLACK
6
CONTINUOUS
10
2.7846209448818895
20
-2.0614408661417323
11
2.7846212204724408
21
-2.0614407874015748
0
LINE
8
BLACK
6
CONTINUOUS
10
2.7846212204724408
20
-2.0614407874015748
11
2.7899246456692914
21
-2.0594627559055119
0
LINE
8
BLACK
6
CONTINUOUS
10
2.7899246456692914
20
-2.0594627559055119
11
2.7899249212598423
21
-2.0594625984251969
0
LINE
8
BLACK
6
CONTINUOUS
10
2.7899249212598423
20
-2.0594625984251969
11
2.7944561417322835
21
-2.0560705118110234
0
LINE
8
BLACK
6
CONTINUOUS
10
2.7944561417322835
20
-2.0560705118110234
11
2.7964855511811022
21
-2.0533596062992125
0
LINE
8
BLACK
6
CONTINUOUS
10
2.7964855511811022
20
-2.0533596062992125
11
2.7986876771653542
21
-2.0517111417322833
0
LINE
8
BLACK
6
CONTINUOUS
10
2.7986876771653542
20
-2.0517111417322833
11
2.8014314566929133
21
-2.0515149212598427
0
LINE
8
BLACK
6
CONTINUOUS
10
2.8014314566929133
20
-2.0515149212598427
11
2.8038457480314962
21
-2.0528332283464565
0
LINE
8
BLACK
6
CONTINUOUS
10
2.8038457480314962
20
-2.0528332283464565
11
2.8043018503937009
21
-2.0533596062992125
0
LINE
8
BLACK
6
CONTINUOUS
10
2.8043018503937009
20
-2.0533596062992125
11
2.8063312204724409
21
-2.0560705118110234
0
LINE
8
BLACK
6
CONTINUOUS
10
2.8063312204724409
20
-2.0560705118110234
11
2.8108624409448817
21
-2.0594625984251969
0
LINE
8
BLACK
6
CONTINUOUS
10
2.8108624409448817
20
-2.0594625984251969
11
2.810862716535433
21
-2.0594627559055119
0
LINE
8
BLACK
6
CONTINUOUS
10
2.810862716535433
20
-2.0594627559055119
11
2.8161661417322832
21
-2.0614407874015748
0
LINE
8
BLACK
6
CONTINUOUS
10
2.8161661417322832
20
-2.0614407874015748
11
2.8161664173228345
21
-2.0614408661417323
0
LINE
8
BLACK
6
CONTINUOUS
10
2.8161664173228345
20
-2.0614408661417323
11
2.8185100393700786
21
-2.0616928740157481
0
LINE
8
BLACK
6
CONTINUOUS
10
2.8185100393700786
20
-2.0616928740157481
11
2.8185107086614174
21
-2.0616929133858268
0
LINE
8
BLACK
6
CONTINUOUS
10
2.8185107086614174
20
-2.0616929133858268
11
2.840551181102362
21
-2.0616929133858268
0
LINE
8
BLACK
6
CONTINUOUS
10
2.840551181102362
20
-2.0616929133858268
11
2.840551181102362
21
-2.0420078740157481
0
LINE
8
BLACK
6
CONTINUOUS
10
2.840551181102362
20
-2.0420078740157481
11
2.8203937007874016
21
-2.0420078740157481
0
LINE
8
BLACK
6
CONTINUOUS
10
2.8203937007874016
20
-2.0420078740157481
11
2.8203937007874016
21
-2.0218503937007872
0
LINE
8
BLACK
6
CONTINUOUS
10
2.8203937007874016
20
-2.0218503937007872
11
2.7803937007874016
21
-2.0218503937007872
0
LINE
8
BLACK
6
CONTINUOUS
10
2.8803937007874016
20
-2.0420078740157481
11
2.8602362204724407
21
-2.0420078740157481
0
LINE
8
BLACK
6
CONTINUOUS
10
2.8602362204724407
20
-2.0420078740157481
11
2.8602362204724407
21
-2.0616929133858268
0
LINE
8
BLACK
6
CONTINUOUS
10
2.8602362204724407
20
-2.0616929133858268
11
2.8822766929133858
21
-2.0616929133858268
0
LINE
8
BLACK
6
CONTINUOUS
10
2.8822766929133858
20
-2.0616929133858268
11
2.8822773228346454
21
-2.0616928740157481
0
LINE
8
BLACK
6
CONTINUOUS
10
2.8822773228346454
20
-2.0616928740157481
11
2.8846209448818896
21
-2.0614408661417323
0
LINE
8
BLACK
6
CONTINUOUS
10
2.8846209448818896
20
-2.0614408661417323
11
2.8846212204724409
21
-2.0614407874015748
0
LINE
8
BLACK
6
CONTINUOUS
10
2.8846212204724409
20
-2.0614407874015748
11
2.8899246456692911
21
-2.0594627559055119
0
LINE
8
BLACK
6
CONTINUOUS
10
2.8899246456692911
20
-2.0594627559055119
11
2.8899249212598423
21
-2.0594625984251969
0
LINE
8
BLACK
6
CONTINUOUS
10
2.8899249212598423
20
-2.0594625984251969
11
2.8944561811023624
21
-2.0560704724409447
0
LINE
8
BLACK
6
CONTINUOUS
10
2.8944561811023624
20
-2.0560704724409447
11
2.8944562992125982
21
-2.0560703543307084
0
LINE
8
BLACK
6
CONTINUOUS
10
2.8944562992125982
20
-2.0560703543307084
11
2.8978484251968504
21
-2.0515390944881888
0
LINE
8
BLACK
6
CONTINUOUS
10
2.8978484251968504
20
-2.0515390944881888
11
2.8978485826771654
21
-2.0515388188976376
0
LINE
8
BLACK
6
CONTINUOUS
10
2.8978485826771654
20
-2.0515388188976376
11
2.8998266141732283
21
-2.0462353937007873
0
LINE
8
BLACK
6
CONTINUOUS
10
2.8998266141732283
20
-2.0462353937007873
11
2.8998266929133858
21
-2.0462351181102361
0
LINE
8
BLACK
6
CONTINUOUS
10
2.8998266929133858
20
-2.0462351181102361
11
2.9000787007874016
21
-2.0438914960629919
0
LINE
8
BLACK
6
CONTINUOUS
10
2.9000787007874016
20
-2.0438914960629919
11
2.9000787401574804
21
-2.0438908267716536
0
LINE
8
BLACK
6
CONTINUOUS
10
2.9000787401574804
20
-2.0438908267716536
11
2.9000787401574804
21
-2.0218503937007872
0
LINE
8
BLACK
6
CONTINUOUS
10
2.9000787401574804
20
-2.0218503937007872
11
2.8803937007874016
21
-2.0218503937007872
0
LINE
8
BLACK
6
CONTINUOUS
10
2.8803937007874016
20
-2.0218503937007872
11
2.8803937007874016
21
-2.0420078740157481
0
LINE
8
BLACK
6
CONTINUOUS
10
2.9802165354330707
20
-1.9454673228346455
11
2.9802165748031495
21
-1.945467559055118
0
LINE
8
BLACK
6
CONTINUOUS
10
2.9802165748031495
20
-1.945467559055118
11
2.9804688188976378
21
-1.9478142913385825
0
LINE
8
BLACK
6
CONTINUOUS
10
2.9804688188976378
20
-1.9478142913385825
11
2.9824488976377954
21
-1.9531231496062991
0
LINE
8
BLACK
6
CONTINUOUS
10
2.9824488976377954
20
-1.9531231496062991
11
2.98244905511811
21
-1.9531234251968503
0
LINE
8
BLACK
6
CONTINUOUS
10
2.98244905511811
20
-1.9531234251968503
11
2.9858445669291336
21
-1.9576592125984251
0
LINE
8
BLACK
6
CONTINUOUS
10
2.9858445669291336
20
-1.9576592125984251
11
2.9858446850393698
21
-1.9576593307086614
0
LINE
8
BLACK
6
CONTINUOUS
10
2.9858446850393698
20
-1.9576593307086614
11
2.9874848425196849
21
-1.9588871653543307
0
LINE
8
BLACK
6
CONTINUOUS
10
2.9874848425196849
20
-1.9588871653543307
11
2.9891333070866142
21
-1.9610892913385827
0
LINE
8
BLACK
6
CONTINUOUS
10
2.9891333070866142
20
-1.9610892913385827
11
2.9893295275590552
21
-1.963833031496063
0
LINE
8
BLACK
6
CONTINUOUS
10
2.9893295275590552
20
-1.963833031496063
11
2.9880111811023622
21
-1.9662473228346455
0
LINE
8
BLACK
6
CONTINUOUS
10
2.9880111811023622
20
-1.9662473228346455
11
2.9874848425196849
21
-1.9667033858267715
0
LINE
8
BLACK
6
CONTINUOUS
10
2.9874848425196849
20
-1.9667033858267715
11
2.9858446850393698
21
-1.9679311811023621
0
LINE
8
BLACK
6
CONTINUOUS
10
2.9858446850393698
20
-1.9679311811023621
11
2.9858445669291336
21
-1.9679312992125984
0
LINE
8
BLACK
6
CONTINUOUS
10
2.9858445669291336
20
-1.9679312992125984
11
2.98244905511811
21
-1.9724670866141731
0
LINE
8
BLACK
6
CONTINUOUS
10
2.98244905511811
20
-1.9724670866141731
11
2.9824488976377954
21
-1.9724673622047244
0
LINE
8
BLACK
6
CONTINUOUS
10
2.9824488976377954
20
-1.9724673622047244
11
2.9804688188976378
21
-1.9777762598425197
0
LINE
8
BLACK
6
CONTINUOUS
10
2.9804688188976378
20
-1.9777762598425197
11
2.9803164960629922
21
-1.9791933070866141
0
LINE
8
BLACK
6
CONTINUOUS
10
2.9803164960629922
20
-1.9791933070866141
11
2.9802165748031495
21
-1.9801229527559054
0
LINE
8
BLACK
6
CONTINUOUS
10
2.9802165748031495
20
-1.9801229527559054
11
2.9802165354330707
21
-1.9801234251968503
0
LINE
8
BLACK
6
CONTINUOUS
10
2.9802165354330707
20
-1.9801234251968503
11
2.9802165354330707
21
-2.0438925196850395
0
LINE
8
BLACK
6
CONTINUOUS
10
2.9802165354330707
20
-2.0438925196850395
11
2.9802165748031495
21
-2.0438927559055116
0
LINE
8
BLACK
6
CONTINUOUS
10
2.9802165748031495
20
-2.0438927559055116
11
2.9804688188976378
21
-2.0462394881889763
0
LINE
8
BLACK
6
CONTINUOUS
10
2.9804688188976378
20
-2.0462394881889763
11
2.9824488976377954
21
-2.051548346456693
0
LINE
8
BLACK
6
CONTINUOUS
10
2.9824488976377954
20
-2.051548346456693
11
2.98244905511811
21
-2.0515486220472439
0
LINE
8
BLACK
6
CONTINUOUS
10
2.98244905511811
20
-2.0515486220472439
11
2.9858445669291336
21
-2.0560844094488187
0
LINE
8
BLACK
6
CONTINUOUS
10
2.9858445669291336
20
-2.0560844094488187
11
2.9858446850393698
21
-2.0560845275590549
0
LINE
8
BLACK
6
CONTINUOUS
10
2.9858446850393698
20
-2.0560845275590549
11
2.9903804724409446
21
-2.0594800393700785
0
LINE
8
BLACK
6
CONTINUOUS
10
2.9903804724409446
20
-2.0594800393700785
11
2.9903807480314959
21
-2.0594801968503935
0
LINE
8
BLACK
6
CONTINUOUS
10
2.9903807480314959
20
-2.0594801968503935
11
2.9956896456692914
21
-2.0614602755905511
0
LINE
8
BLACK
6
CONTINUOUS
10
2.9956896456692914
20
-2.0614602755905511
11
2.9956896062992127
21
-2.0614602755905511
0
LINE
8
BLACK
6
CONTINUOUS
10
2.9956896062992127
20
-2.0614602755905511
11
2.9959623622047244
21
-2.0614895669291338
0
LINE
8
BLACK
6
CONTINUOUS
10
2.9959623622047244
20
-2.0614895669291338
11
2.9980364960629919
21
-2.0617125984251969
0
LINE
8
BLACK
6
CONTINUOUS
10
2.9980364960629919
20
-2.0617125984251969
11
3.0618059842519685
21
-2.0617125590551182
0
LINE
8
BLACK
6
CONTINUOUS
10
3.0618059842519685
20
-2.0617125590551182
11
3.0641528740157478
21
-2.0614602755905511
0
LINE
8
BLACK
6
CONTINUOUS
10
3.0641528740157478
20
-2.0614602755905511
11
3.0694618503937008
21
-2.0594801574803148
0
LINE
8
BLACK
6
CONTINUOUS
10
3.0694618503937008
20
-2.0594801574803148
11
3.0739978740157481
21
-2.0560844881889762
0
LINE
8
BLACK
6
CONTINUOUS
10
3.0739978740157481
20
-2.0560844881889762
11
3.076013149606299
21
-2.0533923622047245
0
LINE
8
BLACK
6
CONTINUOUS
10
3.076013149606299
20
-2.0533923622047245
11
3.0782152362204722
21
-2.0517439763779528
0
LINE
8
BLACK
6
CONTINUOUS
10
3.0782152362204722
20
-2.0517439763779528
11
3.0809590157480313
21
-2.0515477559055117
0
LINE
8
BLACK
6
CONTINUOUS
10
3.0809590157480313
20
-2.0515477559055117
11
3.0833733070866143
21
-2.052866062992126
0
LINE
8
BLACK
6
CONTINUOUS
10
3.0833733070866143
20
-2.052866062992126
11
3.0838291732283465
21
-2.0533921653543308
0
LINE
8
BLACK
6
CONTINUOUS
10
3.0838291732283465
20
-2.0533921653543308
11
3.0858446456692912
21
-2.0560844881889762
0
LINE
8
BLACK
6
CONTINUOUS
10
3.0858446456692912
20
-2.0560844881889762
11
3.0876631102362202
21
-2.0574457874015746
0
LINE
8
BLACK
6
CONTINUOUS
10
3.0876631102362202
20
-2.0574457874015746
11
3.0903804724409447
21
-2.0594800393700785
0
LINE
8
BLACK
6
CONTINUOUS
10
3.0903804724409447
20
-2.0594800393700785
11
3.090380748031496
21
-2.0594801968503935
0
LINE
8
BLACK
6
CONTINUOUS
10
3.090380748031496
20
-2.0594801968503935
11
3.0956896456692911
21
-2.0614602755905511
0
LINE
8
BLACK
6
CONTINUOUS
10
3.0956896456692911
20
-2.0614602755905511
11
3.0956896062992127
21
-2.0614602755905511
0
LINE
8
BLACK
6
CONTINUOUS
10
3.0956896062992127
20
-2.0614602755905511
11
3.0959623622047245
21
-2.0614895669291338
0
LINE
8
BLACK
6
CONTINUOUS
10
3.0959623622047245
20
-2.0614895669291338
11
3.098036496062992
21
-2.0617125984251969
0
LINE
8
BLACK
6
CONTINUOUS
10
3.098036496062992
20
-2.0617125984251969
11
3.1618059842519686
21
-2.0617125590551182
0
LINE
8
BLACK
6
CONTINUOUS
10
3.1618059842519686
20
-2.0617125590551182
11
3.1641528740157479
21
-2.0614602755905511
0
LINE
8
BLACK
6
CONTINUOUS
10
3.1641528740157479
20
-2.0614602755905511
11
3.1694618503937009
21
-2.0594801574803148
0
LINE
8
BLACK
6
CONTINUOUS
10
3.1694618503937009
20
-2.0594801574803148
11
3.1739978740157482
21
-2.0560844881889762
0
LINE
8
BLACK
6
CONTINUOUS
10
3.1739978740157482
20
-2.0560844881889762
11
3.1773935433070863
21
-2.0515484645669293
0
LINE
8
BLACK
6
CONTINUOUS
10
3.1773935433070863
20
-2.0515484645669293
11
3.1793736614173227
21
-2.0462394881889763
0
LINE
8
BLACK
6
CONTINUOUS
10
3.1793736614173227
20
-2.0462394881889763
11
3.1796259842519685
21
-2.0438926377952757
0
LINE
8
BLACK
6
CONTINUOUS
10
3.1796259842519685
20
-2.0438926377952757
11
3.1796259448818898
21
-1.9801231496062992
0
LINE
8
BLACK
6
CONTINUOUS
10
3.1796259448818898
20
-1.9801231496062992
11
3.1793736614173227
21
-1.9777762598425197
0
LINE
8
BLACK
6
CONTINUOUS
10
3.1793736614173227
20
-1.9777762598425197
11
3.1777629527559053
21
-1.9734577559055118
0
LINE
8
BLACK
6
CONTINUOUS
10
3.1777629527559053
20
-1.9734577559055118
11
3.1773935826771651
21
-1.9724673622047244
0
LINE
8
BLACK
6
CONTINUOUS
10
3.1773935826771651
20
-1.9724673622047244
11
3.1773934251968505
21
-1.9724670866141731
0
LINE
8
BLACK
6
CONTINUOUS
10
3.1773934251968505
20
-1.9724670866141731
11
3.1739979133858265
21
-1.9679312992125984
0
LINE
8
BLACK
6
CONTINUOUS
10
3.1739979133858265
20
-1.9679312992125984
11
3.1739978740157482
21
-1.9679312598425196
0
LINE
8
BLACK
6
CONTINUOUS
10
3.1739978740157482
20
-1.9679312598425196
11
3.1732638976377952
21
-1.9673818110236221
0
LINE
8
BLACK
6
CONTINUOUS
10
3.1732638976377952
20
-1.9673818110236221
11
3.1723576377952756
21
-1.9667033464566928
0
LINE
8
BLACK
6
CONTINUOUS
10
3.1723576377952756
20
-1.9667033464566928
11
3.1707091732283463
21
-1.9645013385826771
0
LINE
8
BLACK
6
CONTINUOUS
10
3.1707091732283463
20
-1.9645013385826771
11
3.1705129527559053
21
-1.9617575590551182
0
LINE
8
BLACK
6
CONTINUOUS
10
3.1705129527559053
20
-1.9617575590551182
11
3.1718312598425196
21
-1.9593432677165354
0
LINE
8
BLACK
6
CONTINUOUS
10
3.1718312598425196
20
-1.9593432677165354
11
3.1723576377952756
21
-1.9588871653543307
0
LINE
8
BLACK
6
CONTINUOUS
10
3.1723576377952756
20
-1.9588871653543307
11
3.1739978740157482
21
-1.9576592913385826
0
LINE
8
BLACK
6
CONTINUOUS
10
3.1739978740157482
20
-1.9576592913385826
11
3.1773935433070863
21
-1.9531232677165353
0
LINE
8
BLACK
6
CONTINUOUS
10
3.1773935433070863
20
-1.9531232677165353
11
3.1793736614173227
21
-1.9478142913385825
0
LINE
8
BLACK
6
CONTINUOUS
10
3.1793736614173227
20
-1.9478142913385825
11
3.1796259842519685
21
-1.9454674409448818
0
LINE
8
BLACK
6
CONTINUOUS
10
3.1796259842519685
20
-1.9454674409448818
11
3.1796259448818898
21
-1.926226496062992
0
LINE
8
BLACK
6
CONTINUOUS
10
3.1796259448818898
20
-1.926226496062992
11
3.1796259448818898
21
-1.9122641732283465
0
LINE
8
BLACK
6
CONTINUOUS
10
3.1796259448818898
20
-1.9122641732283465
11
3.1796259448818898
21
-1.8816979921259842
0
LINE
8
BLACK
6
CONTINUOUS
10
3.1796259448818898
20
-1.8816979921259842
11
3.179625905511811
21
-1.8816977559055117
0
LINE
8
BLACK
6
CONTINUOUS
10
3.179625905511811
20
-1.8816977559055117
11
3.1796258661417323
21
-1.8816974803149606
0
LINE
8
BLACK
6
CONTINUOUS
10
3.1796258661417323
20
-1.8816974803149606
11
3.1793736614173227
21
-1.879351062992126
0
LINE
8
BLACK
6
CONTINUOUS
10
3.1793736614173227
20
-1.879351062992126
11
3.1773937795275589
21
-1.8740427559055117
0
LINE
8
BLACK
6
CONTINUOUS
10
3.1773937795275589
20
-1.8740427559055117
11
3.1773935826771651
21
-1.8740421653543307
0
LINE
8
BLACK
6
CONTINUOUS
10
3.1773935826771651
20
-1.8740421653543307
11
3.1773934251968505
21
-1.8740418897637794
0
LINE
8
BLACK
6
CONTINUOUS
10
3.1773934251968505
20
-1.8740418897637794
11
3.1739979133858265
21
-1.8695061023622046
0
LINE
8
BLACK
6
CONTINUOUS
10
3.1739979133858265
20
-1.8695061023622046
11
3.1739977952755907
21
-1.8695059842519686
0
LINE
8
BLACK
6
CONTINUOUS
10
3.1739977952755907
20
-1.8695059842519686
11
3.1694620078740159
21
-1.8661104724409447
0
LINE
8
BLACK
6
CONTINUOUS
10
3.1694620078740159
20
-1.8661104724409447
11
3.1694617322834646
21
-1.86611031496063
0
LINE
8
BLACK
6
CONTINUOUS
10
3.1694617322834646
20
-1.86611031496063
11
3.1641528346456691
21
-1.8641302362204724
0
LINE
8
BLACK
6
CONTINUOUS
10
3.1641528346456691
20
-1.8641302362204724
11
3.1641528740157479
21
-1.8641302362204724
0
LINE
8
BLACK
6
CONTINUOUS
10
3.1641528740157479
20
-1.8641302362204724
11
3.1618064173228344
21
-1.8638779921259843
0
LINE
8
BLACK
6
CONTINUOUS
10
3.1618064173228344
20
-1.8638779921259843
11
3.1618063385826769
21
-1.8638779527559055
0
LINE
8
BLACK
6
CONTINUOUS
10
3.1618063385826769
20
-1.8638779527559055
11
3.1618060236220473
21
-1.8638779527559055
0
LINE
8
BLACK
6
CONTINUOUS
10
3.1618060236220473
20
-1.8638779527559055
11
3.1618056692913385
21
-1.8638779527559055
0
LINE
8
BLACK
6
CONTINUOUS
10
3.1618056692913385
20
-1.8638779527559055
11
3.0980365748031495
21
-1.8638779527559055
0
LINE
8
BLACK
6
CONTINUOUS
10
3.0980365748031495
20
-1.8638779527559055
11
3.098036338582677
21
-1.8638779921259843
0
LINE
8
BLACK
6
CONTINUOUS
10
3.098036338582677
20
-1.8638779921259843
11
3.0956896062992127
21
-1.8641302362204724
0
LINE
8
BLACK
6
CONTINUOUS
10
3.0956896062992127
20
-1.8641302362204724
11
3.090380748031496
21
-1.86611031496063
0
LINE
8
BLACK
6
CONTINUOUS
10
3.090380748031496
20
-1.86611031496063
11
3.0903804724409447
21
-1.8661104724409447
0
LINE
8
BLACK
6
CONTINUOUS
10
3.0903804724409447
20
-1.8661104724409447
11
3.0858446850393699
21
-1.8695059842519686
0
LINE
8
BLACK
6
CONTINUOUS
10
3.0858446850393699
20
-1.8695059842519686
11
3.0838293700787403
21
-1.8721981102362204
0
LINE
8
BLACK
6
CONTINUOUS
10
3.0838293700787403
20
-1.8721981102362204
11
3.0816272440944883
21
-1.8738465354330709
0
LINE
8
BLACK
6
CONTINUOUS
10
3.0816272440944883
20
-1.8738465354330709
11
3.0788834645669292
21
-1.8740427559055117
0
LINE
8
BLACK
6
CONTINUOUS
10
3.0788834645669292
20
-1.8740427559055117
11
3.076469212598425
21
-1.8727244094488189
0
LINE
8
BLACK
6
CONTINUOUS
10
3.076469212598425
20
-1.8727244094488189
11
3.076013149606299
21
-1.8721981102362204
0
LINE
8
BLACK
6
CONTINUOUS
10
3.076013149606299
20
-1.8721981102362204
11
3.0748342519685039
21
-1.8706233070866141
0
LINE
8
BLACK
6
CONTINUOUS
10
3.0748342519685039
20
-1.8706233070866141
11
3.0739978740157481
21
-1.8695060629921258
0
LINE
8
BLACK
6
CONTINUOUS
10
3.0739978740157481
20
-1.8695060629921258
11
3.0739977952755906
21
-1.8695060236220471
0
LINE
8
BLACK
6
CONTINUOUS
10
3.0739977952755906
20
-1.8695060236220471
11
3.0739977952755906
21
-1.8695059842519686
0
LINE
8
BLACK
6
CONTINUOUS
10
3.0739977952755906
20
-1.8695059842519686
11
3.0694620078740158
21
-1.8661104724409447
0
LINE
8
BLACK
6
CONTINUOUS
10
3.0694620078740158
20
-1.8661104724409447
11
3.0694617322834645
21
-1.86611031496063
0
LINE
8
BLACK
6
CONTINUOUS
10
3.0694617322834645
20
-1.86611031496063
11
3.064152834645669
21
-1.8641302362204724
0
LINE
8
BLACK
6
CONTINUOUS
10
3.064152834645669
20
-1.8641302362204724
11
3.0641528740157478
21
-1.8641302362204724
0
LINE
8
BLACK
6
CONTINUOUS
10
3.0641528740157478
20
-1.8641302362204724
11
3.0618064173228348
21
-1.8638779921259843
0
LINE
8
BLACK
6
CONTINUOUS
10
3.0618064173228348
20
-1.8638779921259843
11
3.0618063385826773
21
-1.8638779527559055
0
LINE
8
BLACK
6
CONTINUOUS
10
3.0618063385826773
20
-1.8638779527559055
11
3.0618060236220472
21
-1.8638779527559055
0
LINE
8
BLACK
6
CONTINUOUS
10
3.0618060236220472
20
-1.8638779527559055
11
3.0618056692913385
21
-1.8638779527559055
0
LINE
8
BLACK
6
CONTINUOUS
10
3.0618056692913385
20
-1.8638779527559055
11
2.9980365748031494
21
-1.8638779527559055
0
LINE
8
BLACK
6
CONTINUOUS
10
2.9980365748031494
20
-1.8638779527559055
11
2.9980363385826769
21
-1.8638779921259843
0
LINE
8
BLACK
6
CONTINUOUS
10
2.9980363385826769
20
-1.8638779921259843
11
2.9956896062992127
21
-1.8641302362204724
0
LINE
8
BLACK
6
CONTINUOUS
10
2.9956896062992127
20
-1.8641302362204724
11
2.9903807480314959
21
-1.86611031496063
0
LINE
8
BLACK
6
CONTINUOUS
10
2.9903807480314959
20
-1.86611031496063
11
2.9903804724409446
21
-1.8661104724409447
0
LINE
8
BLACK
6
CONTINUOUS
10
2.9903804724409446
20
-1.8661104724409447
11
2.9858446850393698
21
-1.8695059842519686
0
LINE
8
BLACK
6
CONTINUOUS
10
2.9858446850393698
20
-1.8695059842519686
11
2.9858445669291336
21
-1.8695061023622046
0
LINE
8
BLACK
6
CONTINUOUS
10
2.9858445669291336
20
-1.8695061023622046
11
2.98244905511811
21
-1.8740418897637794
0
LINE
8
BLACK
6
CONTINUOUS
10
2.98244905511811
20
-1.8740418897637794
11
2.9824488976377954
21
-1.8740421653543307
0
LINE
8
BLACK
6
CONTINUOUS
10
2.9824488976377954
20
-1.8740421653543307
11
2.9804688188976378
21
-1.879351062992126
0
LINE
8
BLACK
6
CONTINUOUS
10
2.9804688188976378
20
-1.879351062992126
11
2.9802165748031495
21
-1.8816974803149606
0
LINE
8
BLACK
6
CONTINUOUS
10
2.9802165748031495
20
-1.8816974803149606
11
2.9802165748031495
21
-1.8816977559055117
0
LINE
8
BLACK
6
CONTINUOUS
10
2.9802165748031495
20
-1.8816977559055117
11
2.9802165354330707
21
-1.8816982283464567
0
LINE
8
BLACK
6
CONTINUOUS
10
2.9802165354330707
20
-1.8816982283464567
11
2.9802165354330707
21
-1.9454673228346455
0
LINE
8
BLACK
6
CONTINUOUS
10
3.3267519685039368
20
-1.9324348818897636
11
3.3279630314960631
21
-1.9385231889763779
0
LINE
8
BLACK
6
CONTINUOUS
10
3.3279630314960631
20
-1.9385231889763779
11
3.3279631496062994
21
-1.9385236614173227
0
LINE
8
BLACK
6
CONTINUOUS
10
3.3279631496062994
20
-1.9385236614173227
11
3.3303386614173229
21
-1.9442587401574802
0
LINE
8
BLACK
6
CONTINUOUS
10
3.3303386614173229
20
-1.9442587401574802
11
3.3303389370078738
21
-1.9442592519685038
0
LINE
8
BLACK
6
CONTINUOUS
10
3.3303389370078738
20
-1.9442592519685038
11
3.3337877952755903
21
-1.9494207874015748
0
LINE
8
BLACK
6
CONTINUOUS
10
3.3337877952755903
20
-1.9494207874015748
11
3.3337879133858266
21
-1.9494209448818898
0
LINE
8
BLACK
6
CONTINUOUS
10
3.3337879133858266
20
-1.9494209448818898
11
3.3381774409448819
21
-1.9538104724409449
0
LINE
8
BLACK
6
CONTINUOUS
10
3.3381774409448819
20
-1.9538104724409449
11
3.3381775984251969
21
-1.9538105905511811
0
LINE
8
BLACK
6
CONTINUOUS
10
3.3381775984251969
20
-1.9538105905511811
11
3.3433391338582674
21
-1.9572594488188977
0
LINE
8
BLACK
6
CONTINUOUS
10
3.3433391338582674
20
-1.9572594488188977
11
3.3433396456692912
21
-1.9572597244094487
0
LINE
8
BLACK
6
CONTINUOUS
10
3.3433396456692912
20
-1.9572597244094487
11
3.3490747244094488
21
-1.9596352362204723
0
LINE
8
BLACK
6
CONTINUOUS
10
3.3490747244094488
20
-1.9596352362204723
11
3.3490749212598425
21
-1.9596353149606298
0
LINE
8
BLACK
6
CONTINUOUS
10
3.3490749212598425
20
-1.9596353149606298
11
3.3524877559055115
21
-1.9603141732283464
0
LINE
8
BLACK
6
CONTINUOUS
10
3.3524877559055115
20
-1.9603141732283464
11
3.3543739370078738
21
-1.9606893700787402
0
LINE
8
BLACK
6
CONTINUOUS
10
3.3543739370078738
20
-1.9606893700787402
11
3.3568113779527557
21
-1.9619643700787401
0
LINE
8
BLACK
6
CONTINUOUS
10
3.3568113779527557
20
-1.9619643700787401
11
3.3581725590551179
21
-1.9643547244094488
0
LINE
8
BLACK
6
CONTINUOUS
10
3.3581725590551179
20
-1.9643547244094488
11
3.3580253543307084
21
-1.9671015748031495
0
LINE
8
BLACK
6
CONTINUOUS
10
3.3580253543307084
20
-1.9671015748031495
11
3.3574806692913386
21
-1.9681896456692913
0
LINE
8
BLACK
6
CONTINUOUS
10
3.3574806692913386
20
-1.9681896456692913
11
3.3539611023622045
21
-1.9734570472440944
0
LINE
8
BLACK
6
CONTINUOUS
10
3.3539611023622045
20
-1.9734570472440944
11
3.3539607086614174
21
-1.9734577559055118
0
LINE
8
BLACK
6
CONTINUOUS
10
3.3539607086614174
20
-1.9734577559055118
11
3.3515851968503938
21
-1.9791928346456693
0
LINE
8
BLACK
6
CONTINUOUS
10
3.3515851968503938
20
-1.9791928346456693
11
3.3515850787401575
21
-1.9791933070866141
0
LINE
8
BLACK
6
CONTINUOUS
10
3.3515850787401575
20
-1.9791933070866141
11
3.3503740157480313
21
-1.9852816141732283
0
LINE
8
BLACK
6
CONTINUOUS
10
3.3503740157480313
20
-1.9852816141732283
11
3.3503740157480313
21
-1.99149
0
LINE
8
BLACK
6
CONTINUOUS
10
3.3503740157480313
20
-1.99149
11
3.3515850787401575
21
-1.9975783070866142
0
LINE
8
BLACK
6
CONTINUOUS
10
3.3515850787401575
20
-1.9975783070866142
11
3.3515851968503938
21
-1.997578779527559
0
LINE
8
BLACK
6
CONTINUOUS
10
3.3515851968503938
20
-1.997578779527559
11
3.3539607086614174
21
-2.0033138582677164
0
LINE
8
BLACK
6
CONTINUOUS
10
3.3539607086614174
20
-2.0033138582677164
11
3.3539609842519686
21
-2.0033143700787401
0
LINE
8
BLACK
6
CONTINUOUS
10
3.3539609842519686
20
-2.0033143700787401
11
3.3574098425196848
21
-2.0084759055118111
0
LINE
8
BLACK
6
CONTINUOUS
10
3.3574098425196848
20
-2.0084759055118111
11
3.357409960629921
21
-2.0084760629921261
0
LINE
8
BLACK
6
CONTINUOUS
10
3.357409960629921
20
-2.0084760629921261
11
3.3617994881889763
21
-2.012865590551181
0
LINE
8
BLACK
6
CONTINUOUS
10
3.3617994881889763
20
-2.012865590551181
11
3.3617996456692913
21
-2.0128657086614172
0
LINE
8
BLACK
6
CONTINUOUS
10
3.3617996456692913
20
-2.0128657086614172
11
3.3669611811023623
21
-2.0163145669291338
0
LINE
8
BLACK
6
CONTINUOUS
10
3.3669611811023623
20
-2.0163145669291338
11
3.3669616929133857
21
-2.0163148425196851
0
LINE
8
BLACK
6
CONTINUOUS
10
3.3669616929133857
20
-2.0163148425196851
11
3.3726967716535432
21
-2.0186903543307086
0
LINE
8
BLACK
6
CONTINUOUS
10
3.3726967716535432
20
-2.0186903543307086
11
3.372696968503937
21
-2.0186904330708662
0
LINE
8
BLACK
6
CONTINUOUS
10
3.372696968503937
20
-2.0186904330708662
11
3.3787855511811022
21
-2.0199015354330707
0
LINE
8
BLACK
6
CONTINUOUS
10
3.3787855511811022
20
-2.0199015354330707
11
3.3787856692913385
21
-2.0199015748031495
0
LINE
8
BLACK
6
CONTINUOUS
10
3.3787856692913385
20
-2.0199015748031495
11
3.378785748031496
21
-2.0199015748031495
0
LINE
8
BLACK
6
CONTINUOUS
10
3.378785748031496
20
-2.0199015748031495
11
3.3849938582677166
21
-2.0199015748031495
0
LINE
8
BLACK
6
CONTINUOUS
10
3.3849938582677166
20
-2.0199015748031495
11
3.3849938976377953
21
-2.0199015354330707
0
LINE
8
BLACK
6
CONTINUOUS
10
3.3849938976377953
20
-2.0199015354330707
11
3.3910825590551181
21
-2.0186904330708662
0
LINE
8
BLACK
6
CONTINUOUS
10
3.3910825590551181
20
-2.0186904330708662
11
3.3968180708661415
21
-2.0163147244094488
0
LINE
8
BLACK
6
CONTINUOUS
10
3.3968180708661415
20
-2.0163147244094488
11
3.4019798818897637
21
-2.0128657086614172
0
LINE
8
BLACK
6
CONTINUOUS
10
3.4019798818897637
20
-2.0128657086614172
11
3.4063696456692911
21
-2.0084759448818899
0
LINE
8
BLACK
6
CONTINUOUS
10
3.4063696456692911
20
-2.0084759448818899
11
3.4069576377952755
21
-2.0075959055118111
0
LINE
8
BLACK
6
CONTINUOUS
10
3.4069576377952755
20
-2.0075959055118111
11
3.4078080708661416
21
-2.0063232283464565
0
LINE
8
BLACK
6
CONTINUOUS
10
3.4078080708661416
20
-2.0063232283464565
11
3.4099187795275592
21
-2.0045592125984251
0
LINE
8
BLACK
6
CONTINUOUS
10
3.4099187795275592
20
-2.0045592125984251
11
3.4118672047244094
21
-2.0041535433070865
0
LINE
8
BLACK
6
CONTINUOUS
10
3.4118672047244094
20
-2.0041535433070865
11
3.8966411023622047
21
-2.0041535433070865
0
LINE
8
BLACK
6
CONTINUOUS
10
3.8966411023622047
20
-2.0041535433070865
11
3.8985092913385824
21
-2.0045251574803151
0
LINE
8
BLACK
6
CONTINUOUS
10
3.8985092913385824
20
-2.0045251574803151
11
3.9028502755905512
21
-2.0063232283464565
0
LINE
8
BLACK
6
CONTINUOUS
10
3.9028502755905512
20
-2.0063232283464565
11
3.9041930314960629
21
-2.0068794094488189
0
LINE
8
BLACK
6
CONTINUOUS
10
3.9041930314960629
20
-2.0068794094488189
11
3.9102816141732282
21
-2.0080905118110235
0
LINE
8
BLACK
6
CONTINUOUS
10
3.9102816141732282
20
-2.0080905118110235
11
3.9102817322834644
21
-2.0080905511811022
0
LINE
8
BLACK
6
CONTINUOUS
10
3.9102817322834644
20
-2.0080905511811022
11
3.9102818110236219
21
-2.0080905511811022
0
LINE
8
BLACK
6
CONTINUOUS
10
3.9102818110236219
20
-2.0080905511811022
11
3.9164899212598425
21
-2.0080905511811022
0
LINE
8
BLACK
6
CONTINUOUS
10
3.9164899212598425
20
-2.0080905511811022
11
3.9164899606299213
21
-2.0080905118110235
0
LINE
8
BLACK
6
CONTINUOUS
10
3.9164899606299213
20
-2.0080905118110235
11
3.9225786220472441
21
-2.0068794094488189
0
LINE
8
BLACK
6
CONTINUOUS
10
3.9225786220472441
20
-2.0068794094488189
11
3.9283141338582674
21
-2.0045037007874016
0
LINE
8
BLACK
6
CONTINUOUS
10
3.9283141338582674
20
-2.0045037007874016
11
3.9334759448818897
21
-2.00105468503937
0
LINE
8
BLACK
6
CONTINUOUS
10
3.9334759448818897
20
-2.00105468503937
11
3.9378657086614171
21
-1.9966649212598424
0
LINE
8
BLACK
6
CONTINUOUS
10
3.9378657086614171
20
-1.9966649212598424
11
3.9413147244094486
21
-1.9915031102362204
0
LINE
8
BLACK
6
CONTINUOUS
10
3.9413147244094486
20
-1.9915031102362204
11
3.943690433070866
21
-1.9857675984251968
0
LINE
8
BLACK
6
CONTINUOUS
10
3.943690433070866
20
-1.9857675984251968
11
3.9449015748031497
21
-1.9796788188976377
0
LINE
8
BLACK
6
CONTINUOUS
10
3.9449015748031497
20
-1.9796788188976377
11
3.9449015748031497
21
-1.9734707874015747
0
LINE
8
BLACK
6
CONTINUOUS
10
3.9449015748031497
20
-1.9734707874015747
11
3.9449015748031497
21
-1.9734706692913386
0
LINE
8
BLACK
6
CONTINUOUS
10
3.9449015748031497
20
-1.9734706692913386
11
3.944901535433071
21
-1.9734705905511811
0
LINE
8
BLACK
6
CONTINUOUS
10
3.944901535433071
20
-1.9734705905511811
11
3.9438721653543305
21
-1.9682957086614172
0
LINE
8
BLACK
6
CONTINUOUS
10
3.9438721653543305
20
-1.9682957086614172
11
3.943690433070866
21
-1.9673820078740156
0
LINE
8
BLACK
6
CONTINUOUS
10
3.943690433070866
20
-1.9673820078740156
11
3.9422506299212596
21
-1.9639059448818896
0
LINE
8
BLACK
6
CONTINUOUS
10
3.9422506299212596
20
-1.9639059448818896
11
3.9413148425196849
21
-1.9616467322834645
0
LINE
8
BLACK
6
CONTINUOUS
10
3.9413148425196849
20
-1.9616467322834645
11
3.9413145669291336
21
-1.961646220472441
0
LINE
8
BLACK
6
CONTINUOUS
10
3.9413145669291336
20
-1.961646220472441
11
3.9378657086614171
21
-1.95648468503937
0
LINE
8
BLACK
6
CONTINUOUS
10
3.9378657086614171
20
-1.95648468503937
11
3.9378655905511808
21
-1.956484527559055
0
LINE
8
BLACK
6
CONTINUOUS
10
3.9378655905511808
20
-1.956484527559055
11
3.9334760629921259
21
-1.9520949999999999
0
LINE
8
BLACK
6
CONTINUOUS
10
3.9334760629921259
20
-1.9520949999999999
11
3.9334759055118109
21
-1.9520948818897637
0
LINE
8
BLACK
6
CONTINUOUS
10
3.9334759055118109
20
-1.9520948818897637
11
3.92831437007874
21
-1.9486460236220473
0
LINE
8
BLACK
6
CONTINUOUS
10
3.92831437007874
20
-1.9486460236220473
11
3.9283138582677166
21
-1.948645748031496
0
LINE
8
BLACK
6
CONTINUOUS
10
3.9283138582677166
20
-1.948645748031496
11
3.9225787795275591
21
-1.9462702362204725
0
LINE
8
BLACK
6
CONTINUOUS
10
3.9225787795275591
20
-1.9462702362204725
11
3.922578307086614
21
-1.9462701181102362
0
LINE
8
BLACK
6
CONTINUOUS
10
3.922578307086614
20
-1.9462701181102362
11
3.9164899606299213
21
-1.9450590551181102
0
LINE
8
BLACK
6
CONTINUOUS
10
3.9164899606299213
20
-1.9450590551181102
11
3.916489842519685
21
-1.9450590551181102
0
LINE
8
BLACK
6
CONTINUOUS
10
3.916489842519685
20
-1.9450590551181102
11
3.9102818110236219
21
-1.9450590551181102
0
LINE
8
BLACK
6
CONTINUOUS
10
3.9102818110236219
20
-1.9450590551181102
11
3.9102816929133857
21
-1.9450590551181102
0
LINE
8
BLACK
6
CONTINUOUS
10
3.9102816929133857
20
-1.9450590551181102
11
3.9041933070866142
21
-1.9462701181102362
0
LINE
8
BLACK
6
CONTINUOUS
10
3.9041933070866142
20
-1.9462701181102362
11
3.9041928346456691
21
-1.9462702362204725
0
LINE
8
BLACK
6
CONTINUOUS
10
3.9041928346456691
20
-1.9462702362204725
11
3.8985092913385824
21
-1.9486244488188975
0
LINE
8
BLACK
6
CONTINUOUS
10
3.8985092913385824
20
-1.9486244488188975
11
3.8966411023622047
21
-1.9489960629921259
0
LINE
8
BLACK
6
CONTINUOUS
10
3.8966411023622047
20
-1.9489960629921259
11
3.8790295275590552
21
-1.9489960629921259
0
LINE
8
BLACK
6
CONTINUOUS
10
3.8790295275590552
20
-1.9489960629921259
11
3.8763901968503935
21
-1.9482210629921259
0
LINE
8
BLACK
6
CONTINUOUS
10
3.8763901968503935
20
-1.9482210629921259
11
3.8745888188976378
21
-1.9461421653543307
0
LINE
8
BLACK
6
CONTINUOUS
10
3.8745888188976378
20
-1.9461421653543307
11
3.8741973228346458
21
-1.9434194094488189
0
LINE
8
BLACK
6
CONTINUOUS
10
3.8741973228346458
20
-1.9434194094488189
11
3.8749703937007873
21
-1.9414019291338582
0
LINE
8
BLACK
6
CONTINUOUS
10
3.8749703937007873
20
-1.9414019291338582
11
3.8783224409448818
21
-1.9363852362204723
0
LINE
8
BLACK
6
CONTINUOUS
10
3.8783224409448818
20
-1.9363852362204723
11
3.8783224409448818
21
-1.9363851968503936
0
LINE
8
BLACK
6
CONTINUOUS
10
3.8783224409448818
20
-1.9363851968503936
11
3.8783225984251968
21
-1.936385
0
LINE
8
BLACK
6
CONTINUOUS
10
3.8783225984251968
20
-1.936385
11
3.8806983070866141
21
-1.9306494881889764
0
LINE
8
BLACK
6
CONTINUOUS
10
3.8806983070866141
20
-1.9306494881889764
11
3.8819094488188974
21
-1.9245607086614174
0
LINE
8
BLACK
6
CONTINUOUS
10
3.8819094488188974
20
-1.9245607086614174
11
3.8819094488188974
21
-1.9183526771653543
0
LINE
8
BLACK
6
CONTINUOUS
10
3.8819094488188974
20
-1.9183526771653543
11
3.8819094488188974
21
-1.918352559055118
0
LINE
8
BLACK
6
CONTINUOUS
10
3.8819094488188974
20
-1.918352559055118
11
3.8819094094488187
21
-1.9183524803149605
0
LINE
8
BLACK
6
CONTINUOUS
10
3.8819094094488187
20
-1.9183524803149605
11
3.8811237401574803
21
-1.9144026377952756
0
LINE
8
BLACK
6
CONTINUOUS
10
3.8811237401574803
20
-1.9144026377952756
11
3.8806983070866141
21
-1.9122638976377953
0
LINE
8
BLACK
6
CONTINUOUS
10
3.8806983070866141
20
-1.9122638976377953
11
3.8794460236220472
21
-1.9092405905511811
0
LINE
8
BLACK
6
CONTINUOUS
10
3.8794460236220472
20
-1.9092405905511811
11
3.878322716535433
21
-1.9065286220472442
0
LINE
8
BLACK
6
CONTINUOUS
10
3.878322716535433
20
-1.9065286220472442
11
3.8783224409448818
21
-1.9065281102362204
0
LINE
8
BLACK
6
CONTINUOUS
10
3.8783224409448818
20
-1.9065281102362204
11
3.8748735826771652
21
-1.9013665748031496
0
LINE
8
BLACK
6
CONTINUOUS
10
3.8748735826771652
20
-1.9013665748031496
11
3.8748734645669289
21
-1.9013664173228346
0
LINE
8
BLACK
6
CONTINUOUS
10
3.8748734645669289
20
-1.9013664173228346
11
3.8704839370078741
21
-1.8969768897637795
0
LINE
8
BLACK
6
CONTINUOUS
10
3.8704839370078741
20
-1.8969768897637795
11
3.8704837795275591
21
-1.8969767716535433
0
LINE
8
BLACK
6
CONTINUOUS
10
3.8704837795275591
20
-1.8969767716535433
11
3.8653222440944881
21
-1.8935279133858267
0
LINE
8
BLACK
6
CONTINUOUS
10
3.8653222440944881
20
-1.8935279133858267
11
3.8653217322834643
21
-1.8935276377952754
0
LINE
8
BLACK
6
CONTINUOUS
10
3.8653217322834643
20
-1.8935276377952754
11
3.8595866535433072
21
-1.8911521259842519
0
LINE
8
BLACK
6
CONTINUOUS
10
3.8595866535433072
20
-1.8911521259842519
11
3.8595861811023622
21
-1.8911520078740156
0
LINE
8
BLACK
6
CONTINUOUS
10
3.8595861811023622
20
-1.8911520078740156
11
3.8534978346456694
21
-1.8899409448818898
0
LINE
8
BLACK
6
CONTINUOUS
10
3.8534978346456694
20
-1.8899409448818898
11
3.8534977165354332
21
-1.8899409448818898
0
LINE
8
BLACK
6
CONTINUOUS
10
3.8534977165354332
20
-1.8899409448818898
11
3.8472896850393701
21
-1.8899409448818898
0
LINE
8
BLACK
6
CONTINUOUS
10
3.8472896850393701
20
-1.8899409448818898
11
3.8472895669291338
21
-1.8899409448818898
0
LINE
8
BLACK
6
CONTINUOUS
10
3.8472895669291338
20
-1.8899409448818898
11
3.8412011811023623
21
-1.8911520078740156
0
LINE
8
BLACK
6
CONTINUOUS
10
3.8412011811023623
20
-1.8911520078740156
11
3.8412007086614173
21
-1.8911521259842519
0
LINE
8
BLACK
6
CONTINUOUS
10
3.8412007086614173
20
-1.8911521259842519
11
3.8355171653543305
21
-1.8935063385826771
0
LINE
8
BLACK
6
CONTINUOUS
10
3.8355171653543305
20
-1.8935063385826771
11
3.8336489763779529
21
-1.8938779527559055
0
LINE
8
BLACK
6
CONTINUOUS
10
3.8336489763779529
20
-1.8938779527559055
11
3.3634253543307087
21
-1.8938779527559055
0
LINE
8
BLACK
6
CONTINUOUS
10
3.3634253543307087
20
-1.8938779527559055
11
3.3580975196850393
21
-1.8949377165354331
0
LINE
8
BLACK
6
CONTINUOUS
10
3.3580975196850393
20
-1.8949377165354331
11
3.3580972834645668
21
-1.8949377952755906
0
LINE
8
BLACK
6
CONTINUOUS
10
3.3580972834645668
20
-1.8949377952755906
11
3.3530782283464564
21
-1.8970167322834646
0
LINE
8
BLACK
6
CONTINUOUS
10
3.3530782283464564
20
-1.8970167322834646
11
3.3530781889763777
21
-1.8970167716535433
0
LINE
8
BLACK
6
CONTINUOUS
10
3.3530781889763777
20
-1.8970167716535433
11
3.3513005118110235
21
-1.8982045275590551
0
LINE
8
BLACK
6
CONTINUOUS
10
3.3513005118110235
20
-1.8982045275590551
11
3.3495411417322836
21
-1.8989333464566929
0
LINE
8
BLACK
6
CONTINUOUS
10
3.3495411417322836
20
-1.8989333464566929
11
3.3490748818897638
21
-1.8990261023622046
0
LINE
8
BLACK
6
CONTINUOUS
10
3.3490748818897638
20
-1.8990261023622046
11
3.3490747244094488
21
-1.8990261417322833
0
LINE
8
BLACK
6
CONTINUOUS
10
3.3490747244094488
20
-1.8990261417322833
11
3.3433396456692912
21
-1.9014016535433071
0
LINE
8
BLACK
6
CONTINUOUS
10
3.3433396456692912
20
-1.9014016535433071
11
3.3433391338582674
21
-1.9014019291338582
0
LINE
8
BLACK
6
CONTINUOUS
10
3.3433391338582674
20
-1.9014019291338582
11
3.3381775984251969
21
-1.9048507874015748
0
LINE
8
BLACK
6
CONTINUOUS
10
3.3381775984251969
20
-1.9048507874015748
11
3.3381774409448819
21
-1.904850905511811
0
LINE
8
BLACK
6
CONTINUOUS
10
3.3381774409448819
20
-1.904850905511811
11
3.3337879133858266
21
-1.9092404330708661
0
LINE
8
BLACK
6
CONTINUOUS
10
3.3337879133858266
20
-1.9092404330708661
11
3.3337877952755903
21
-1.9092405905511811
0
LINE
8
BLACK
6
CONTINUOUS
10
3.3337877952755903
20
-1.9092405905511811
11
3.3303389370078738
21
-1.9144021259842519
0
LINE
8
BLACK
6
CONTINUOUS
10
3.3303389370078738
20
-1.9144021259842519
11
3.3303386614173229
21
-1.9144026377952756
0
LINE
8
BLACK
6
CONTINUOUS
10
3.3303386614173229
20
-1.9144026377952756
11
3.3279631496062994
21
-1.920137716535433
0
LINE
8
BLACK
6
CONTINUOUS
10
3.3279631496062994
20
-1.920137716535433
11
3.3279630314960631
21
-1.920138188976378
0
LINE
8
BLACK
6
CONTINUOUS
10
3.3279630314960631
20
-1.920138188976378
11
3.3267519685039368
21
-1.926226496062992
0
LINE
8
BLACK
6
CONTINUOUS
10
3.3267519685039368
20
-1.926226496062992
11
3.3267519685039368
21
-1.9324348818897636
0
LINE
8
BLACK
6
CONTINUOUS
10
2.7006889763779527
20
-1.7438925196850392
11
2.7006890157480314
21
-1.7438927559055117
0
LINE
8
BLACK
6
CONTINUOUS
10
2.7006890157480314
20
-1.7438927559055117
11
2.7009412598425198
21
-1.7462394881889762
0
LINE
8
BLACK
6
CONTINUOUS
10
2.7009412598425198
20
-1.7462394881889762
11
2.7029213385826769
21
-1.7515483464566928
0
LINE
8
BLACK
6
CONTINUOUS
10
2.7029213385826769
20
-1.7515483464566928
11
2.7029214960629919
21
-1.751548622047244
0
LINE
8
BLACK
6
CONTINUOUS
10
2.7029214960629919
20
-1.751548622047244
11
2.7063170078740155
21
-1.7560844094488188
0
LINE
8
BLACK
6
CONTINUOUS
10
2.7063170078740155
20
-1.7560844094488188
11
2.7063170472440943
21
-1.7560844094488188
0
LINE
8
BLACK
6
CONTINUOUS
10
2.7063170472440943
20
-1.7560844094488188
11
2.706317086614173
21
-1.7560844881889763
0
LINE
8
BLACK
6
CONTINUOUS
10
2.706317086614173
20
-1.7560844881889763
11
2.7073688188976379
21
-1.7568718110236221
0
LINE
8
BLACK
6
CONTINUOUS
10
2.7073688188976379
20
-1.7568718110236221
11
2.7090091338582676
21
-1.7580997637795275
0
LINE
8
BLACK
6
CONTINUOUS
10
2.7090091338582676
20
-1.7580997637795275
11
2.7106575590551181
21
-1.7603018897637794
0
LINE
8
BLACK
6
CONTINUOUS
10
2.7106575590551181
20
-1.7603018897637794
11
2.7108537795275591
21
-1.7630456692913385
0
LINE
8
BLACK
6
CONTINUOUS
10
2.7108537795275591
20
-1.7630456692913385
11
2.7095354330708661
21
-1.7654599212598425
0
LINE
8
BLACK
6
CONTINUOUS
10
2.7095354330708661
20
-1.7654599212598425
11
2.7090091338582676
21
-1.7659159842519685
0
LINE
8
BLACK
6
CONTINUOUS
10
2.7090091338582676
20
-1.7659159842519685
11
2.7063170078740155
21
-1.7679312992125984
0
LINE
8
BLACK
6
CONTINUOUS
10
2.7063170078740155
20
-1.7679312992125984
11
2.7029214960629919
21
-1.7724670866141732
0
LINE
8
BLACK
6
CONTINUOUS
10
2.7029214960629919
20
-1.7724670866141732
11
2.7029213385826769
21
-1.7724673622047245
0
LINE
8
BLACK
6
CONTINUOUS
10
2.7029213385826769
20
-1.7724673622047245
11
2.7009412598425198
21
-1.7777762598425197
0
LINE
8
BLACK
6
CONTINUOUS
10
2.7009412598425198
20
-1.7777762598425197
11
2.7006890157480314
21
-1.7801226771653542
0
LINE
8
BLACK
6
CONTINUOUS
10
2.7006890157480314
20
-1.7801226771653542
11
2.7006889763779527
21
-1.7801234251968503
0
LINE
8
BLACK
6
CONTINUOUS
10
2.7006889763779527
20
-1.7801234251968503
11
2.7006889763779527
21
-1.8438925196850393
0
LINE
8
BLACK
6
CONTINUOUS
10
2.7006889763779527
20
-1.8438925196850393
11
2.7006890157480314
21
-1.8438927559055118
0
LINE
8
BLACK
6
CONTINUOUS
10
2.7006890157480314
20
-1.8438927559055118
11
2.7009412598425198
21
-1.8462394881889763
0
LINE
8
BLACK
6
CONTINUOUS
10
2.7009412598425198
20
-1.8462394881889763
11
2.7029213385826769
21
-1.8515483464566929
0
LINE
8
BLACK
6
CONTINUOUS
10
2.7029213385826769
20
-1.8515483464566929
11
2.7029214960629919
21
-1.8515486220472441
0
LINE
8
BLACK
6
CONTINUOUS
10
2.7029214960629919
20
-1.8515486220472441
11
2.7063170078740155
21
-1.8560844094488189
0
LINE
8
BLACK
6
CONTINUOUS
10
2.7063170078740155
20
-1.8560844094488189
11
2.7063170472440943
21
-1.8560844094488189
0
LINE
8
BLACK
6
CONTINUOUS
10
2.7063170472440943
20
-1.8560844094488189
11
2.706317086614173
21
-1.8560844881889764
0
LINE
8
BLACK
6
CONTINUOUS
10
2.706317086614173
20
-1.8560844881889764
11
2.7082459448818899
21
-1.8575284251968502
0
LINE
8
BLACK
6
CONTINUOUS
10
2.7082459448818899
20
-1.8575284251968502
11
2.7090091338582676
21
-1.8580997637795276
0
LINE
8
BLACK
6
CONTINUOUS
10
2.7090091338582676
20
-1.8580997637795276
11
2.7106575590551181
21
-1.8603018897637795
0
LINE
8
BLACK
6
CONTINUOUS
10
2.7106575590551181
20
-1.8603018897637795
11
2.7108537795275591
21
-1.8630456692913386
0
LINE
8
BLACK
6
CONTINUOUS
10
2.7108537795275591
20
-1.8630456692913386
11
2.7095354330708661
21
-1.8654599212598424
0
LINE
8
BLACK
6
CONTINUOUS
10
2.7095354330708661
20
-1.8654599212598424
11
2.7090091338582676
21
-1.8659159842519684
0
LINE
8
BLACK
6
CONTINUOUS
10
2.7090091338582676
20
-1.8659159842519684
11
2.7063170078740155
21
-1.8679312992125985
0
LINE
8
BLACK
6
CONTINUOUS
10
2.7063170078740155
20
-1.8679312992125985
11
2.7029214960629919
21
-1.8724670866141733
0
LINE
8
BLACK
6
CONTINUOUS
10
2.7029214960629919
20
-1.8724670866141733
11
2.7029213385826769
21
-1.8724673622047243
0
LINE
8
BLACK
6
CONTINUOUS
10
2.7029213385826769
20
-1.8724673622047243
11
2.7009412598425198
21
-1.8777762598425196
0
LINE
8
BLACK
6
CONTINUOUS
10
2.7009412598425198
20
-1.8777762598425196
11
2.7007719685039371
21
-1.8793510236220472
0
LINE
8
BLACK
6
CONTINUOUS
10
2.7007719685039371
20
-1.8793510236220472
11
2.7006890157480314
21
-1.8801229527559056
0
LINE
8
BLACK
6
CONTINUOUS
10
2.7006890157480314
20
-1.8801229527559056
11
2.7006889763779527
21
-1.8801234251968504
0
LINE
8
BLACK
6
CONTINUOUS
10
2.7006889763779527
20
-1.8801234251968504
11
2.7006889763779527
21
-1.9438925196850394
0
LINE
8
BLACK
6
CONTINUOUS
10
2.7006889763779527
20
-1.9438925196850394
11
2.7006890157480314
21
-1.9438927559055117
0
LINE
8
BLACK
6
CONTINUOUS
10
2.7006890157480314
20
-1.9438927559055117
11
2.7009412598425198
21
-1.9462394881889764
0
LINE
8
BLACK
6
CONTINUOUS
10
2.7009412598425198
20
-1.9462394881889764
11
2.7029213385826769
21
-1.951548346456693
0
LINE
8
BLACK
6
CONTINUOUS
10
2.7029213385826769
20
-1.951548346456693
11
2.7029214960629919
21
-1.951548622047244
0
LINE
8
BLACK
6
CONTINUOUS
10
2.7029214960629919
20
-1.951548622047244
11
2.7063170078740155
21
-1.9560844094488188
0
LINE
8
BLACK
6
CONTINUOUS
10
2.7063170078740155
20
-1.9560844094488188
11
2.7063171259842518
21
-1.956084527559055
0
LINE
8
BLACK
6
CONTINUOUS
10
2.7063171259842518
20
-1.956084527559055
11
2.7090255118110234
21
-1.9581120472440945
0
LINE
8
BLACK
6
CONTINUOUS
10
2.7090255118110234
20
-1.9581120472440945
11
2.7106739763779526
21
-1.9603141732283464
0
LINE
8
BLACK
6
CONTINUOUS
10
2.7106739763779526
20
-1.9603141732283464
11
2.7108701968503937
21
-1.9630579133858268
0
LINE
8
BLACK
6
CONTINUOUS
10
2.7108701968503937
20
-1.9630579133858268
11
2.7095518503937006
21
-1.9654722047244093
0
LINE
8
BLACK
6
CONTINUOUS
10
2.7095518503937006
20
-1.9654722047244093
11
2.7090255511811021
21
-1.9659282677165353
0
LINE
8
BLACK
6
CONTINUOUS
10
2.7090255511811021
20
-1.9659282677165353
11
2.7063310629921258
21
-1.9679453543307086
0
LINE
8
BLACK
6
CONTINUOUS
10
2.7063310629921258
20
-1.9679453543307086
11
2.702938937007874
21
-1.9724766141732284
0
LINE
8
BLACK
6
CONTINUOUS
10
2.702938937007874
20
-1.9724766141732284
11
2.702938779527559
21
-1.9724768897637794
0
LINE
8
BLACK
6
CONTINUOUS
10
2.702938779527559
20
-1.9724768897637794
11
2.7009607480314961
21
-1.9777803149606299
0
LINE
8
BLACK
6
CONTINUOUS
10
2.7009607480314961
20
-1.9777803149606299
11
2.7009606692913386
21
-1.9777805905511812
0
LINE
8
BLACK
6
CONTINUOUS
10
2.7009606692913386
20
-1.9777805905511812
11
2.7007086614173228
21
-1.9801242125984251
0
LINE
8
BLACK
6
CONTINUOUS
10
2.7007086614173228
20
-1.9801242125984251
11
2.7007086614173228
21
-2.0021653543307085
0
LINE
8
BLACK
6
CONTINUOUS
10
2.7007086614173228
20
-2.0021653543307085
11
2.7203937007874015
21
-2.0021653543307085
0
LINE
8
BLACK
6
CONTINUOUS
10
2.7203937007874015
20
-2.0021653543307085
11
2.7203937007874015
21
-1.9820078740157481
0
LINE
8
BLACK
6
CONTINUOUS
10
2.7203937007874015
20
-1.9820078740157481
11
2.7803937007874016
21
-1.9820078740157481
0
LINE
8
BLACK
6
CONTINUOUS
10
2.7803937007874016
20
-1.9820078740157481
11
2.7803937007874016
21
-2.0021653543307085
0
LINE
8
BLACK
6
CONTINUOUS
10
2.7803937007874016
20
-2.0021653543307085
11
2.8203937007874016
21
-2.0021653543307085
0
LINE
8
BLACK
6
CONTINUOUS
10
2.8203937007874016
20
-2.0021653543307085
11
2.8203937007874016
21
-1.9820078740157481
0
LINE
8
BLACK
6
CONTINUOUS
10
2.8203937007874016
20
-1.9820078740157481
11
2.8803937007874016
21
-1.9820078740157481
0
LINE
8
BLACK
6
CONTINUOUS
10
2.8803937007874016
20
-1.9820078740157481
11
2.8803937007874016
21
-2.0021653543307085
0
LINE
8
BLACK
6
CONTINUOUS
10
2.8803937007874016
20
-2.0021653543307085
11
2.9000787401574804
21
-2.0021653543307085
0
LINE
8
BLACK
6
CONTINUOUS
10
2.9000787401574804
20
-2.0021653543307085
11
2.9000787401574804
21
-1.9801248818897637
0
LINE
8
BLACK
6
CONTINUOUS
10
2.9000787401574804
20
-1.9801248818897637
11
2.9000787007874016
21
-1.9801242125984251
0
LINE
8
BLACK
6
CONTINUOUS
10
2.9000787007874016
20
-1.9801242125984251
11
2.8998266929133858
21
-1.9777805905511812
0
LINE
8
BLACK
6
CONTINUOUS
10
2.8998266929133858
20
-1.9777805905511812
11
2.8998266141732283
21
-1.9777803149606299
0
LINE
8
BLACK
6
CONTINUOUS
10
2.8998266141732283
20
-1.9777803149606299
11
2.8978485826771654
21
-1.9724768897637794
0
LINE
8
BLACK
6
CONTINUOUS
10
2.8978485826771654
20
-1.9724768897637794
11
2.8978484251968504
21
-1.9724766141732284
0
LINE
8
BLACK
6
CONTINUOUS
10
2.8978484251968504
20
-1.9724766141732284
11
2.8944562992125982
21
-1.9679453937007874
0
LINE
8
BLACK
6
CONTINUOUS
10
2.8944562992125982
20
-1.9679453937007874
11
2.8917618503937006
21
-1.965928307086614
0
LINE
8
BLACK
6
CONTINUOUS
10
2.8917618503937006
20
-1.965928307086614
11
2.8901133858267718
21
-1.9637261811023621
0
LINE
8
BLACK
6
CONTINUOUS
10
2.8901133858267718
20
-1.9637261811023621
11
2.8899171653543307
21
-1.9609824015748032
0
LINE
8
BLACK
6
CONTINUOUS
10
2.8899171653543307
20
-1.9609824015748032
11
2.891235472440945
21
-1.9585681102362205
0
LINE
8
BLACK
6
CONTINUOUS
10
2.891235472440945
20
-1.9585681102362205
11
2.8917614960629923
21
-1.9581122834645668
0
LINE
8
BLACK
6
CONTINUOUS
10
2.8917614960629923
20
-1.9581122834645668
11
2.8944703149606297
21
-1.9560844881889763
0
LINE
8
BLACK
6
CONTINUOUS
10
2.8944703149606297
20
-1.9560844881889763
11
2.8978659842519683
21
-1.951548464566929
0
LINE
8
BLACK
6
CONTINUOUS
10
2.8978659842519683
20
-1.951548464566929
11
2.8998461023622046
21
-1.9462394881889764
0
LINE
8
BLACK
6
CONTINUOUS
10
2.8998461023622046
20
-1.9462394881889764
11
2.9000984251968505
21
-1.9438926377952754
0
LINE
8
BLACK
6
CONTINUOUS
10
2.9000984251968505
20
-1.9438926377952754
11
2.9000983858267717
21
-1.8816982283464567
0
LINE
8
BLACK
6
CONTINUOUS
10
2.9000983858267717
20
-1.8816982283464567
11
2.9000983858267717
21
-1.8801231496062991
0
LINE
8
BLACK
6
CONTINUOUS
10
2.9000983858267717
20
-1.8801231496062991
11
2.8998461023622046
21
-1.8777762598425196
0
LINE
8
BLACK
6
CONTINUOUS
10
2.8998461023622046
20
-1.8777762598425196
11
2.8984535826771651
21
-1.8740427559055117
0
LINE
8
BLACK
6
CONTINUOUS
10
2.8984535826771651
20
-1.8740427559055117
11
2.897866023622047
21
-1.8724673622047243
0
LINE
8
BLACK
6
CONTINUOUS
10
2.897866023622047
20
-1.8724673622047243
11
2.897865866141732
21
-1.8724670866141733
0
LINE
8
BLACK
6
CONTINUOUS
10
2.897865866141732
20
-1.8724670866141733
11
2.8956492125984252
21
-1.8695060629921258
0
LINE
8
BLACK
6
CONTINUOUS
10
2.8956492125984252
20
-1.8695060629921258
11
2.8944703149606297
21
-1.8679312598425197
0
LINE
8
BLACK
6
CONTINUOUS
10
2.8944703149606297
20
-1.8679312598425197
11
2.8917781889763781
21
-1.8659159448818898
0
LINE
8
BLACK
6
CONTINUOUS
10
2.8917781889763781
20
-1.8659159448818898
11
2.8901298031496063
21
-1.8637138976377952
0
LINE
8
BLACK
6
CONTINUOUS
10
2.8901298031496063
20
-1.8637138976377952
11
2.8899335826771653
21
-1.8609701181102363
0
LINE
8
BLACK
6
CONTINUOUS
10
2.8899335826771653
20
-1.8609701181102363
11
2.8912518897637796
21
-1.8585558267716535
0
LINE
8
BLACK
6
CONTINUOUS
10
2.8912518897637796
20
-1.8585558267716535
11
2.8917779921259843
21
-1.8580999212598426
0
LINE
8
BLACK
6
CONTINUOUS
10
2.8917779921259843
20
-1.8580999212598426
11
2.8944703149606297
21
-1.8560844881889764
0
LINE
8
BLACK
6
CONTINUOUS
10
2.8944703149606297
20
-1.8560844881889764
11
2.8978659842519683
21
-1.8515484645669291
0
LINE
8
BLACK
6
CONTINUOUS
10
2.8978659842519683
20
-1.8515484645669291
11
2.8998461023622046
21
-1.8462394881889763
0
LINE
8
BLACK
6
CONTINUOUS
10
2.8998461023622046
20
-1.8462394881889763
11
2.9000926377952756
21
-1.8439466141732284
0
LINE
8
BLACK
6
CONTINUOUS
10
2.9000926377952756
20
-1.8439466141732284
11
2.9011453149606297
21
-1.8414052362204725
0
LINE
8
BLACK
6
CONTINUOUS
10
2.9011453149606297
20
-1.8414052362204725
11
2.9034048818897635
21
-1.8398364173228345
0
LINE
8
BLACK
6
CONTINUOUS
10
2.9034048818897635
20
-1.8398364173228345
11
2.904946535433071
21
-1.8395866141732282
0
LINE
8
BLACK
6
CONTINUOUS
10
2.904946535433071
20
-1.8395866141732282
11
3.868294645669291
21
-1.8395866141732282
0
LINE
8
BLACK
6
CONTINUOUS
10
3.868294645669291
20
-1.8395866141732282
11
3.8701628346456691
21
-1.8399582283464566
0
LINE
8
BLACK
6
CONTINUOUS
10
3.8701628346456691
20
-1.8399582283464566
11
3.8736562598425195
21
-1.8414052362204725
0
LINE
8
BLACK
6
CONTINUOUS
10
3.8736562598425195
20
-1.8414052362204725
11
3.8758465748031496
21
-1.8423124803149606
0
LINE
8
BLACK
6
CONTINUOUS
10
3.8758465748031496
20
-1.8423124803149606
11
3.8819351574803149
21
-1.8435235826771652
0
LINE
8
BLACK
6
CONTINUOUS
10
3.8819351574803149
20
-1.8435235826771652
11
3.8819352755905512
21
-1.843523622047244
0
LINE
8
BLACK
6
CONTINUOUS
10
3.8819352755905512
20
-1.843523622047244
11
3.8819353543307087
21
-1.843523622047244
0
LINE
8
BLACK
6
CONTINUOUS
10
3.8819353543307087
20
-1.843523622047244
11
3.8881434645669288
21
-1.843523622047244
0
LINE
8
BLACK
6
CONTINUOUS
10
3.8881434645669288
20
-1.843523622047244
11
3.8881435039370076
21
-1.8435235826771652
0
LINE
8
BLACK
6
CONTINUOUS
10
3.8881435039370076
20
-1.8435235826771652
11
3.8942321653543308
21
-1.8423124803149606
0
LINE
8
BLACK
6
CONTINUOUS
10
3.8942321653543308
20
-1.8423124803149606
11
3.8999676771653542
21
-1.8399367716535433
0
LINE
8
BLACK
6
CONTINUOUS
10
3.8999676771653542
20
-1.8399367716535433
11
3.9051294881889764
21
-1.8364877559055117
0
LINE
8
BLACK
6
CONTINUOUS
10
3.9051294881889764
20
-1.8364877559055117
11
3.9095192519685038
21
-1.8320979921259841
0
LINE
8
BLACK
6
CONTINUOUS
10
3.9095192519685038
20
-1.8320979921259841
11
3.9129682677165354
21
-1.8269361811023621
0
LINE
8
BLACK
6
CONTINUOUS
10
3.9129682677165354
20
-1.8269361811023621
11
3.9153439763779527
21
-1.8212006692913385
0
LINE
8
BLACK
6
CONTINUOUS
10
3.9153439763779527
20
-1.8212006692913385
11
3.916555118110236
21
-1.8151118897637795
0
LINE
8
BLACK
6
CONTINUOUS
10
3.916555118110236
20
-1.8151118897637795
11
3.916555118110236
21
-1.8089038582677166
0
LINE
8
BLACK
6
CONTINUOUS
10
3.916555118110236
20
-1.8089038582677166
11
3.916555118110236
21
-1.8089037401574803
0
LINE
8
BLACK
6
CONTINUOUS
10
3.916555118110236
20
-1.8089037401574803
11
3.9165550787401573
21
-1.8089036614173228
0
LINE
8
BLACK
6
CONTINUOUS
10
3.9165550787401573
20
-1.8089036614173228
11
3.9153440157480315
21
-1.8028153543307086
0
LINE
8
BLACK
6
CONTINUOUS
10
3.9153440157480315
20
-1.8028153543307086
11
3.9153439763779527
21
-1.8028150787401573
0
LINE
8
BLACK
6
CONTINUOUS
10
3.9153439763779527
20
-1.8028150787401573
11
3.9129897244094489
21
-1.797131338582677
0
LINE
8
BLACK
6
CONTINUOUS
10
3.9129897244094489
20
-1.797131338582677
11
3.9126181102362203
21
-1.7952631496062992
0
LINE
8
BLACK
6
CONTINUOUS
10
3.9126181102362203
20
-1.7952631496062992
11
3.9126181102362203
21
-1.6108662992125984
0
LINE
8
BLACK
6
CONTINUOUS
10
3.9126181102362203
20
-1.6108662992125984
11
3.9115583070866142
21
-1.6055384645669291
0
LINE
8
BLACK
6
CONTINUOUS
10
3.9115583070866142
20
-1.6055384645669291
11
3.9115582677165355
21
-1.6055384251968503
0
LINE
8
BLACK
6
CONTINUOUS
10
3.9115582677165355
20
-1.6055384251968503
11
3.9115582677165355
21
-1.6055382677165353
0
LINE
8
BLACK
6
CONTINUOUS
10
3.9115582677165355
20
-1.6055382677165353
11
3.9097872440944883
21
-1.6012625984251969
0
LINE
8
BLACK
6
CONTINUOUS
10
3.9097872440944883
20
-1.6012625984251969
11
3.9094794488188978
21
-1.6005194881889764
0
LINE
8
BLACK
6
CONTINUOUS
10
3.9094794488188978
20
-1.6005194881889764
11
3.9094791338582677
21
-1.6005189370078741
0
LINE
8
BLACK
6
CONTINUOUS
10
3.9094791338582677
20
-1.6005189370078741
11
3.9088523622047244
21
-1.5995809055118111
0
LINE
8
BLACK
6
CONTINUOUS
10
3.9088523622047244
20
-1.5995809055118111
11
3.9088523622047244
21
-1.5995808661417323
0
LINE
8
BLACK
6
CONTINUOUS
10
3.9088523622047244
20
-1.5995808661417323
11
3.9088522834645669
21
-1.5995807874015748
0
LINE
8
BLACK
6
CONTINUOUS
10
3.9088522834645669
20
-1.5995807874015748
11
3.9064611811023622
21
-1.5960022440944881
0
LINE
8
BLACK
6
CONTINUOUS
10
3.9064611811023622
20
-1.5960022440944881
11
3.9064610629921259
21
-1.5960020866141731
0
LINE
8
BLACK
6
CONTINUOUS
10
3.9064610629921259
20
-1.5960020866141731
11
3.8246671259842517
21
-1.5142081496062991
0
LINE
8
BLACK
6
CONTINUOUS
10
3.8246671259842517
20
-1.5142081496062991
11
3.8201498818897637
21
-1.511189842519685
0
LINE
8
BLACK
6
CONTINUOUS
10
3.8201498818897637
20
-1.511189842519685
11
3.815131181102362
21
-1.5091110629921261
0
LINE
8
BLACK
6
CONTINUOUS
10
3.815131181102362
20
-1.5091110629921261
11
3.8151307874015745
21
-1.5091109448818898
0
LINE
8
BLACK
6
CONTINUOUS
10
3.8151307874015745
20
-1.5091109448818898
11
3.8098029921259839
21
-1.5080511811023622
0
LINE
8
BLACK
6
CONTINUOUS
10
3.8098029921259839
20
-1.5080511811023622
11
3.8098029133858269
21
-1.5080511811023622
0
LINE
8
BLACK
6
CONTINUOUS
10
3.8098029133858269
20
-1.5080511811023622
11
3.8098028740157481
21
-1.5080511811023622
0
LINE
8
BLACK
6
CONTINUOUS
10
3.8098028740157481
20
-1.5080511811023622
11
3.8080833070866142
21
-1.5080511811023622
0
LINE
8
BLACK
6
CONTINUOUS
10
3.8080833070866142
20
-1.5080511811023622
11
3.8062151181102362
21
-1.5076795669291339
0
LINE
8
BLACK
6
CONTINUOUS
10
3.8062151181102362
20
-1.5076795669291339
11
3.8005315354330707
21
-1.5053253543307086
0
LINE
8
BLACK
6
CONTINUOUS
10
3.8005315354330707
20
-1.5053253543307086
11
3.8005310629921261
21
-1.5053252362204723
0
LINE
8
BLACK
6
CONTINUOUS
10
3.8005310629921261
20
-1.5053252362204723
11
3.7944427165354329
21
-1.5041141732283465
0
LINE
8
BLACK
6
CONTINUOUS
10
3.7944427165354329
20
-1.5041141732283465
11
3.7944425984251966
21
-1.5041141732283465
0
LINE
8
BLACK
6
CONTINUOUS
10
3.7944425984251966
20
-1.5041141732283465
11
3.788234566929134
21
-1.5041141732283465
0
LINE
8
BLACK
6
CONTINUOUS
10
3.788234566929134
20
-1.5041141732283465
11
3.7882344488188977
21
-1.5041141732283465
0
LINE
8
BLACK
6
CONTINUOUS
10
3.7882344488188977
20
-1.5041141732283465
11
3.7821460629921257
21
-1.5053252362204723
0
LINE
8
BLACK
6
CONTINUOUS
10
3.7821460629921257
20
-1.5053252362204723
11
3.7821455905511812
21
-1.5053253543307086
0
LINE
8
BLACK
6
CONTINUOUS
10
3.7821455905511812
20
-1.5053253543307086
11
3.7764105118110236
21
-1.5077008661417322
0
LINE
8
BLACK
6
CONTINUOUS
10
3.7764105118110236
20
-1.5077008661417322
11
3.7764099999999998
21
-1.5077011417322834
0
LINE
8
BLACK
6
CONTINUOUS
10
3.7764099999999998
20
-1.5077011417322834
11
3.7712484645669289
21
-1.51115
0
LINE
8
BLACK
6
CONTINUOUS
10
3.7712484645669289
20
-1.51115
11
3.7712483070866143
21
-1.5111501181102363
0
LINE
8
BLACK
6
CONTINUOUS
10
3.7712483070866143
20
-1.5111501181102363
11
3.766858779527559
21
-1.5155396456692913
0
LINE
8
BLACK
6
CONTINUOUS
10
3.766858779527559
20
-1.5155396456692913
11
3.7668586614173227
21
-1.5155398031496063
0
LINE
8
BLACK
6
CONTINUOUS
10
3.7668586614173227
20
-1.5155398031496063
11
3.7634098031496062
21
-1.5207013385826771
0
LINE
8
BLACK
6
CONTINUOUS
10
3.7634098031496062
20
-1.5207013385826771
11
3.7634095275590549
21
-1.5207018503937006
0
LINE
8
BLACK
6
CONTINUOUS
10
3.7634095275590549
20
-1.5207018503937006
11
3.7610340157480313
21
-1.5264369291338582
0
LINE
8
BLACK
6
CONTINUOUS
10
3.7610340157480313
20
-1.5264369291338582
11
3.7610338976377951
21
-1.526437401574803
0
LINE
8
BLACK
6
CONTINUOUS
10
3.7610338976377951
20
-1.526437401574803
11
3.7598228346456692
21
-1.5325257086614172
0
LINE
8
BLACK
6
CONTINUOUS
10
3.7598228346456692
20
-1.5325257086614172
11
3.7598228346456692
21
-1.5387340944881889
0
LINE
8
BLACK
6
CONTINUOUS
10
3.7598228346456692
20
-1.5387340944881889
11
3.7610338976377951
21
-1.5448224015748031
0
LINE
8
BLACK
6
CONTINUOUS
10
3.7610338976377951
20
-1.5448224015748031
11
3.7610340157480313
21
-1.5448228740157479
0
LINE
8
BLACK
6
CONTINUOUS
10
3.7610340157480313
20
-1.5448228740157479
11
3.7634095275590549
21
-1.5505579527559055
0
LINE
8
BLACK
6
CONTINUOUS
10
3.7634095275590549
20
-1.5505579527559055
11
3.7634098031496062
21
-1.550558464566929
0
LINE
8
BLACK
6
CONTINUOUS
10
3.7634098031496062
20
-1.550558464566929
11
3.7668586614173227
21
-1.55572
0
LINE
8
BLACK
6
CONTINUOUS
10
3.7668586614173227
20
-1.55572
11
3.766858779527559
21
-1.555720157480315
0
LINE
8
BLACK
6
CONTINUOUS
10
3.766858779527559
20
-1.555720157480315
11
3.7712483070866143
21
-1.5601096850393701
0
LINE
8
BLACK
6
CONTINUOUS
10
3.7712483070866143
20
-1.5601096850393701
11
3.7712484645669289
21
-1.5601098031496063
0
LINE
8
BLACK
6
CONTINUOUS
10
3.7712484645669289
20
-1.5601098031496063
11
3.7764099999999998
21
-1.5635586614173227
0
LINE
8
BLACK
6
CONTINUOUS
10
3.7764099999999998
20
-1.5635586614173227
11
3.7764105118110236
21
-1.563558937007874
0
LINE
8
BLACK
6
CONTINUOUS
10
3.7764105118110236
20
-1.563558937007874
11
3.7788107086614171
21
-1.5645531102362205
0
LINE
8
BLACK
6
CONTINUOUS
10
3.7788107086614171
20
-1.5645531102362205
11
3.7821457874015749
21
-1.565934527559055
0
LINE
8
BLACK
6
CONTINUOUS
10
3.7821457874015749
20
-1.565934527559055
11
3.7864920472440944
21
-1.5667990551181101
0
LINE
8
BLACK
6
CONTINUOUS
10
3.7864920472440944
20
-1.5667990551181101
11
3.7882343700787402
21
-1.5671456299212598
0
LINE
8
BLACK
6
CONTINUOUS
10
3.7882343700787402
20
-1.5671456299212598
11
3.7882344881889765
21
-1.5671456692913386
0
LINE
8
BLACK
6
CONTINUOUS
10
3.7882344881889765
20
-1.5671456692913386
11
3.788234566929134
21
-1.5671456692913386
0
LINE
8
BLACK
6
CONTINUOUS
10
3.788234566929134
20
-1.5671456692913386
11
3.7944426377952754
21
-1.5671456692913386
0
LINE
8
BLACK
6
CONTINUOUS
10
3.7944426377952754
20
-1.5671456692913386
11
3.7961850787401574
21
-1.5667990551181101
0
LINE
8
BLACK
6
CONTINUOUS
10
3.7961850787401574
20
-1.5667990551181101
11
3.7989249212598426
21
-1.5670442125984252
0
LINE
8
BLACK
6
CONTINUOUS
10
3.7989249212598426
20
-1.5670442125984252
11
3.8005895669291339
21
-1.5681351181102361
0
LINE
8
BLACK
6
CONTINUOUS
10
3.8005895669291339
20
-1.5681351181102361
11
3.8560307480314959
21
-1.6235762992125984
0
LINE
8
BLACK
6
CONTINUOUS
10
3.8560307480314959
20
-1.6235762992125984
11
3.8573490551181102
21
-1.6259905905511811
0
LINE
8
BLACK
6
CONTINUOUS
10
3.8573490551181102
20
-1.6259905905511811
11
3.8574606299212597
21
-1.6270283070866141
0
LINE
8
BLACK
6
CONTINUOUS
10
3.8574606299212597
20
-1.6270283070866141
11
3.8574606299212597
21
-1.7795472440944882
0
LINE
8
BLACK
6
CONTINUOUS
10
3.8574606299212597
20
-1.7795472440944882
11
3.8566856299212597
21
-1.7821865748031496
0
LINE
8
BLACK
6
CONTINUOUS
10
3.8566856299212597
20
-1.7821865748031496
11
3.8546067322834645
21
-1.7839879527559055
0
LINE
8
BLACK
6
CONTINUOUS
10
3.8546067322834645
20
-1.7839879527559055
11
3.85257874015748
21
-1.7844291338582676
0
LINE
8
BLACK
6
CONTINUOUS
10
3.85257874015748
20
-1.7844291338582676
11
2.9049464960629923
21
-1.7844291338582676
0
LINE
8
BLACK
6
CONTINUOUS
10
2.9049464960629923
20
-1.7844291338582676
11
2.9023071653543306
21
-1.7836541338582677
0
LINE
8
BLACK
6
CONTINUOUS
10
2.9023071653543306
20
-1.7836541338582677
11
2.9005057874015749
21
-1.7815752362204724
0
LINE
8
BLACK
6
CONTINUOUS
10
2.9005057874015749
20
-1.7815752362204724
11
2.9000925590551181
21
-1.7800690157480314
0
LINE
8
BLACK
6
CONTINUOUS
10
2.9000925590551181
20
-1.7800690157480314
11
2.9000364566929133
21
-1.7795472440944882
0
LINE
8
BLACK
6
CONTINUOUS
10
2.9000364566929133
20
-1.7795472440944882
11
2.8998461023622046
21
-1.7777762598425197
0
LINE
8
BLACK
6
CONTINUOUS
10
2.8998461023622046
20
-1.7777762598425197
11
2.8978662204724408
21
-1.7724679527559055
0
LINE
8
BLACK
6
CONTINUOUS
10
2.8978662204724408
20
-1.7724679527559055
11
2.897866023622047
21
-1.7724673622047245
0
LINE
8
BLACK
6
CONTINUOUS
10
2.897866023622047
20
-1.7724673622047245
11
2.897865866141732
21
-1.7724670866141732
0
LINE
8
BLACK
6
CONTINUOUS
10
2.897865866141732
20
-1.7724670866141732
11
2.8944703543307084
21
-1.7679313385826771
0
LINE
8
BLACK
6
CONTINUOUS
10
2.8944703543307084
20
-1.7679313385826771
11
2.8944703937007872
21
-1.7679313385826771
0
LINE
8
BLACK
6
CONTINUOUS
10
2.8944703937007872
20
-1.7679313385826771
11
2.8944703149606297
21
-1.7679312598425196
0
LINE
8
BLACK
6
CONTINUOUS
10
2.8944703149606297
20
-1.7679312598425196
11
2.8917781889763781
21
-1.7659159448818897
0
LINE
8
BLACK
6
CONTINUOUS
10
2.8917781889763781
20
-1.7659159448818897
11
2.8901298031496063
21
-1.7637138976377953
0
LINE
8
BLACK
6
CONTINUOUS
10
2.8901298031496063
20
-1.7637138976377953
11
2.8899335826771653
21
-1.7609701181102362
0
LINE
8
BLACK
6
CONTINUOUS
10
2.8899335826771653
20
-1.7609701181102362
11
2.8912518897637796
21
-1.7585558267716535
0
LINE
8
BLACK
6
CONTINUOUS
10
2.8912518897637796
20
-1.7585558267716535
11
2.8917779921259843
21
-1.7580999212598425
0
LINE
8
BLACK
6
CONTINUOUS
10
2.8917779921259843
20
-1.7580999212598425
11
2.8944703149606297
21
-1.7560844881889763
0
LINE
8
BLACK
6
CONTINUOUS
10
2.8944703149606297
20
-1.7560844881889763
11
2.8978659842519683
21
-1.751548464566929
0
LINE
8
BLACK
6
CONTINUOUS
10
2.8978659842519683
20
-1.751548464566929
11
2.8998461023622046
21
-1.7462394881889762
0
LINE
8
BLACK
6
CONTINUOUS
10
2.8998461023622046
20
-1.7462394881889762
11
2.9000984251968505
21
-1.7438926377952755
0
LINE
8
BLACK
6
CONTINUOUS
10
2.9000984251968505
20
-1.7438926377952755
11
2.9000983858267717
21
-1.6801231496062992
0
LINE
8
BLACK
6
CONTINUOUS
10
2.9000983858267717
20
-1.6801231496062992
11
2.8998461023622046
21
-1.6777762598425197
0
LINE
8
BLACK
6
CONTINUOUS
10
2.8998461023622046
20
-1.6777762598425197
11
2.8981596850393698
21
-1.6732547637795274
0
LINE
8
BLACK
6
CONTINUOUS
10
2.8981596850393698
20
-1.6732547637795274
11
2.897866023622047
21
-1.6724673622047244
0
LINE
8
BLACK
6
CONTINUOUS
10
2.897866023622047
20
-1.6724673622047244
11
2.897865866141732
21
-1.6724670866141731
0
LINE
8
BLACK
6
CONTINUOUS
10
2.897865866141732
20
-1.6724670866141731
11
2.8944703543307084
21
-1.6679312992125983
0
LINE
8
BLACK
6
CONTINUOUS
10
2.8944703543307084
20
-1.6679312992125983
11
2.8917618110236218
21
-1.6659036614173228
0
LINE
8
BLACK
6
CONTINUOUS
10
2.8917618110236218
20
-1.6659036614173228
11
2.8901133858267718
21
-1.6637015354330709
0
LINE
8
BLACK
6
CONTINUOUS
10
2.8901133858267718
20
-1.6637015354330709
11
2.8899171653543307
21
-1.6609577559055118
0
LINE
8
BLACK
6
CONTINUOUS
10
2.8899171653543307
20
-1.6609577559055118
11
2.8912355118110233
21
-1.6585435039370078
0
LINE
8
BLACK
6
CONTINUOUS
10
2.8912355118110233
20
-1.6585435039370078
11
2.8917618897637793
21
-1.6580874015748031
0
LINE
8
BLACK
6
CONTINUOUS
10
2.8917618897637793
20
-1.6580874015748031
11
2.8944562598425194
21
-1.6560703937007875
0
LINE
8
BLACK
6
CONTINUOUS
10
2.8944562598425194
20
-1.6560703937007875
11
2.8944562992125982
21
-1.6560703543307087
0
LINE
8
BLACK
6
CONTINUOUS
10
2.8944562992125982
20
-1.6560703543307087
11
2.8978484251968504
21
-1.6515390944881889
0
LINE
8
BLACK
6
CONTINUOUS
10
2.8978484251968504
20
-1.6515390944881889
11
2.8978485826771654
21
-1.6515388188976377
0
LINE
8
BLACK
6
CONTINUOUS
10
2.8978485826771654
20
-1.6515388188976377
11
2.8998266141732283
21
-1.6462353937007874
0
LINE
8
BLACK
6
CONTINUOUS
10
2.8998266141732283
20
-1.6462353937007874
11
2.8998266929133858
21
-1.6462351181102362
0
LINE
8
BLACK
6
CONTINUOUS
10
2.8998266929133858
20
-1.6462351181102362
11
2.9000787007874016
21
-1.643891496062992
0
LINE
8
BLACK
6
CONTINUOUS
10
2.9000787007874016
20
-1.643891496062992
11
2.9000787401574804
21
-1.6438908267716534
0
LINE
8
BLACK
6
CONTINUOUS
10
2.9000787401574804
20
-1.6438908267716534
11
2.9000787401574804
21
-1.6218503937007873
0
LINE
8
BLACK
6
CONTINUOUS
10
2.9000787401574804
20
-1.6218503937007873
11
2.8803937007874016
21
-1.6218503937007873
0
LINE
8
BLACK
6
CONTINUOUS
10
2.8803937007874016
20
-1.6218503937007873
11
2.8803937007874016
21
-1.642007874015748
0
LINE
8
BLACK
6
CONTINUOUS
10
2.8803937007874016
20
-1.642007874015748
11
2.8203937007874016
21
-1.642007874015748
0
LINE
8
BLACK
6
CONTINUOUS
10
2.8203937007874016
20
-1.642007874015748
11
2.8203937007874016
21
-1.6218503937007873
0
LINE
8
BLACK
6
CONTINUOUS
10
2.8203937007874016
20
-1.6218503937007873
11
2.7803937007874016
21
-1.6218503937007873
0
LINE
8
BLACK
6
CONTINUOUS
10
2.7803937007874016
20
-1.6218503937007873
11
2.7803937007874016
21
-1.642007874015748
0
LINE
8
BLACK
6
CONTINUOUS
10
2.7803937007874016
20
-1.642007874015748
11
2.7203937007874015
21
-1.642007874015748
0
LINE
8
BLACK
6
CONTINUOUS
10
2.7203937007874015
20
-1.642007874015748
11
2.7203937007874015
21
-1.6218503937007873
0
LINE
8
BLACK
6
CONTINUOUS
10
2.7203937007874015
20
-1.6218503937007873
11
2.7007086614173228
21
-1.6218503937007873
0
LINE
8
BLACK
6
CONTINUOUS
10
2.7007086614173228
20
-1.6218503937007873
11
2.7007086614173228
21
-1.643891496062992
0
LINE
8
BLACK
6
CONTINUOUS
10
2.7007086614173228
20
-1.643891496062992
11
2.7009606692913386
21
-1.6462351181102362
0
LINE
8
BLACK
6
CONTINUOUS
10
2.7009606692913386
20
-1.6462351181102362
11
2.7009607480314961
21
-1.6462353937007874
0
LINE
8
BLACK
6
CONTINUOUS
10
2.7009607480314961
20
-1.6462353937007874
11
2.702938779527559
21
-1.6515388188976377
0
LINE
8
BLACK
6
CONTINUOUS
10
2.702938779527559
20
-1.6515388188976377
11
2.702938937007874
21
-1.6515390944881889
0
LINE
8
BLACK
6
CONTINUOUS
10
2.702938937007874
20
-1.6515390944881889
11
2.706331023622047
21
-1.65607031496063
0
LINE
8
BLACK
6
CONTINUOUS
10
2.706331023622047
20
-1.65607031496063
11
2.7090255118110234
21
-1.6580874015748031
0
LINE
8
BLACK
6
CONTINUOUS
10
2.7090255118110234
20
-1.6580874015748031
11
2.7106739763779526
21
-1.660289527559055
0
LINE
8
BLACK
6
CONTINUOUS
10
2.7106739763779526
20
-1.660289527559055
11
2.7108701968503937
21
-1.6630333070866141
0
LINE
8
BLACK
6
CONTINUOUS
10
2.7108701968503937
20
-1.6630333070866141
11
2.7095518897637794
21
-1.6654475984251969
0
LINE
8
BLACK
6
CONTINUOUS
10
2.7095518897637794
20
-1.6654475984251969
11
2.7090255511811021
21
-1.6659036614173228
0
LINE
8
BLACK
6
CONTINUOUS
10
2.7090255511811021
20
-1.6659036614173228
11
2.7063170078740155
21
-1.6679312992125983
0
LINE
8
BLACK
6
CONTINUOUS
10
2.7063170078740155
20
-1.6679312992125983
11
2.7029214960629919
21
-1.6724670866141731
0
LINE
8
BLACK
6
CONTINUOUS
10
2.7029214960629919
20
-1.6724670866141731
11
2.7029213385826769
21
-1.6724673622047244
0
LINE
8
BLACK
6
CONTINUOUS
10
2.7029213385826769
20
-1.6724673622047244
11
2.7009412598425198
21
-1.6777762598425197
0
LINE
8
BLACK
6
CONTINUOUS
10
2.7009412598425198
20
-1.6777762598425197
11
2.7006890157480314
21
-1.6801226771653544
0
LINE
8
BLACK
6
CONTINUOUS
10
2.7006890157480314
20
-1.6801226771653544
11
2.7006890157480314
21
-1.6801229527559054
0
LINE
8
BLACK
6
CONTINUOUS
10
2.7006890157480314
20
-1.6801229527559054
11
2.7006889763779527
21
-1.6801234251968504
0
LINE
8
BLACK
6
CONTINUOUS
10
2.7006889763779527
20
-1.6801234251968504
11
2.7006889763779527
21
-1.7438925196850392
0
LINE
8
BLACK
6
CONTINUOUS
10
2.8998266929133858
20
-1.577780590551181
11
2.8998266141732283
21
-1.57778031496063
0
LINE
8
BLACK
6
CONTINUOUS
10
2.8998266141732283
20
-1.57778031496063
11
2.8978485826771654
21
-1.5724768897637795
0
LINE
8
BLACK
6
CONTINUOUS
10
2.8978485826771654
20
-1.5724768897637795
11
2.8978484251968504
21
-1.5724766141732283
0
LINE
8
BLACK
6
CONTINUOUS
10
2.8978484251968504
20
-1.5724766141732283
11
2.8944562992125982
21
-1.5679453543307087
0
LINE
8
BLACK
6
CONTINUOUS
10
2.8944562992125982
20
-1.5679453543307087
11
2.8944561811023624
21
-1.5679452362204724
0
LINE
8
BLACK
6
CONTINUOUS
10
2.8944561811023624
20
-1.5679452362204724
11
2.8899249212598423
21
-1.5645531102362205
0
LINE
8
BLACK
6
CONTINUOUS
10
2.8899249212598423
20
-1.5645531102362205
11
2.8899246456692911
21
-1.5645529527559054
0
LINE
8
BLACK
6
CONTINUOUS
10
2.8899246456692911
20
-1.5645529527559054
11
2.8846212204724409
21
-1.5625749212598425
0
LINE
8
BLACK
6
CONTINUOUS
10
2.8846212204724409
20
-1.5625749212598425
11
2.8846209448818896
21
-1.562574842519685
0
LINE
8
BLACK
6
CONTINUOUS
10
2.8846209448818896
20
-1.562574842519685
11
2.8822773228346454
21
-1.5623228346456692
0
LINE
8
BLACK
6
CONTINUOUS
10
2.8822773228346454
20
-1.5623228346456692
11
2.8602362204724407
21
-1.5623228346456692
0
LINE
8
BLACK
6
CONTINUOUS
10
2.8602362204724407
20
-1.5623228346456692
11
2.8602362204724407
21
-1.5820078740157479
0
LINE
8
BLACK
6
CONTINUOUS
10
2.8602362204724407
20
-1.5820078740157479
11
2.8803937007874016
21
-1.5820078740157479
0
LINE
8
BLACK
6
CONTINUOUS
10
2.8803937007874016
20
-1.5820078740157479
11
2.8803937007874016
21
-1.6021653543307086
0
LINE
8
BLACK
6
CONTINUOUS
10
2.8803937007874016
20
-1.6021653543307086
11
2.9000787401574804
21
-1.6021653543307086
0
LINE
8
BLACK
6
CONTINUOUS
10
2.9000787401574804
20
-1.6021653543307086
11
2.9000787401574804
21
-1.5801248818897637
0
LINE
8
BLACK
6
CONTINUOUS
10
2.9000787401574804
20
-1.5801248818897637
11
2.9000787007874016
21
-1.5801244094488189
0
LINE
8
BLACK
6
CONTINUOUS
10
2.9000787007874016
20
-1.5801244094488189
11
2.8999512992125984
21
-1.578939527559055
0
LINE
8
BLACK
6
CONTINUOUS
10
2.8999512992125984
20
-1.578939527559055
11
2.8999512992125984
21
-1.5789394094488189
0
LINE
8
BLACK
6
CONTINUOUS
10
2.8999512992125984
20
-1.5789394094488189
11
2.8999092913385827
21
-1.578548622047244
0
LINE
8
BLACK
6
CONTINUOUS
10
2.8999092913385827
20
-1.578548622047244
11
2.8998266929133858
21
-1.577780590551181
0
LINE
8
BLACK
6
CONTINUOUS
10
2.9802165354330707
20
-1.642317716535433
11
2.9802165748031495
21
-1.6423179527559055
0
LINE
8
BLACK
6
CONTINUOUS
10
2.9802165748031495
20
-1.6423179527559055
11
2.9804688188976378
21
-1.64466468503937
0
LINE
8
BLACK
6
CONTINUOUS
10
2.9804688188976378
20
-1.64466468503937
11
2.9824488976377954
21
-1.6499735433070866
0
LINE
8
BLACK
6
CONTINUOUS
10
2.9824488976377954
20
-1.6499735433070866
11
2.98244905511811
21
-1.6499738188976378
0
LINE
8
BLACK
6
CONTINUOUS
10
2.98244905511811
20
-1.6499738188976378
11
2.9858445669291336
21
-1.6545096062992126
0
LINE
8
BLACK
6
CONTINUOUS
10
2.9858445669291336
20
-1.6545096062992126
11
2.9858446062992123
21
-1.6545096062992126
0
LINE
8
BLACK
6
CONTINUOUS
10
2.9858446062992123
20
-1.6545096062992126
11
2.9858446456692911
21
-1.6545096850393701
0
LINE
8
BLACK
6
CONTINUOUS
10
2.9858446456692911
20
-1.6545096850393701
11
2.9875118897637796
21
-1.6557577952755904
0
LINE
8
BLACK
6
CONTINUOUS
10
2.9875118897637796
20
-1.6557577952755904
11
2.990114409448819
21
-1.6577060629921259
0
LINE
8
BLACK
6
CONTINUOUS
10
2.990114409448819
20
-1.6577060629921259
11
2.9917628346456691
21
-1.6599081889763778
0
LINE
8
BLACK
6
CONTINUOUS
10
2.9917628346456691
20
-1.6599081889763778
11
2.9919590551181101
21
-1.6626519685039369
0
LINE
8
BLACK
6
CONTINUOUS
10
2.9919590551181101
20
-1.6626519685039369
11
2.9906407086614171
21
-1.6650662204724409
0
LINE
8
BLACK
6
CONTINUOUS
10
2.9906407086614171
20
-1.6650662204724409
11
2.990114409448819
21
-1.6655222834645669
0
LINE
8
BLACK
6
CONTINUOUS
10
2.990114409448819
20
-1.6655222834645669
11
2.9858445669291336
21
-1.6687187007874016
0
LINE
8
BLACK
6
CONTINUOUS
10
2.9858445669291336
20
-1.6687187007874016
11
2.98244905511811
21
-1.6732544881889764
0
LINE
8
BLACK
6
CONTINUOUS
10
2.98244905511811
20
-1.6732544881889764
11
2.9824488976377954
21
-1.6732547637795274
0
LINE
8
BLACK
6
CONTINUOUS
10
2.9824488976377954
20
-1.6732547637795274
11
2.9804688188976378
21
-1.6785636614173227
0
LINE
8
BLACK
6
CONTINUOUS
10
2.9804688188976378
20
-1.6785636614173227
11
2.9803011811023623
21
-1.6801231102362204
0
LINE
8
BLACK
6
CONTINUOUS
10
2.9803011811023623
20
-1.6801231102362204
11
2.9802165748031495
21
-1.6809103543307087
0
LINE
8
BLACK
6
CONTINUOUS
10
2.9802165748031495
20
-1.6809103543307087
11
2.9802165354330707
21
-1.6809108267716535
0
LINE
8
BLACK
6
CONTINUOUS
10
2.9802165354330707
20
-1.6809108267716535
11
2.9802165354330707
21
-1.7446799212598425
0
LINE
8
BLACK
6
CONTINUOUS
10
2.9802165354330707
20
-1.7446799212598425
11
2.9802165748031495
21
-1.744680157480315
0
LINE
8
BLACK
6
CONTINUOUS
10
2.9802165748031495
20
-1.744680157480315
11
2.9804688188976378
21
-1.7470268897637795
0
LINE
8
BLACK
6
CONTINUOUS
10
2.9804688188976378
20
-1.7470268897637795
11
2.9824488976377954
21
-1.7523357480314961
0
LINE
8
BLACK
6
CONTINUOUS
10
2.9824488976377954
20
-1.7523357480314961
11
2.98244905511811
21
-1.7523360236220471
0
LINE
8
BLACK
6
CONTINUOUS
10
2.98244905511811
20
-1.7523360236220471
11
2.9858445669291336
21
-1.7568718110236221
0
LINE
8
BLACK
6
CONTINUOUS
10
2.9858445669291336
20
-1.7568718110236221
11
2.9858446850393698
21
-1.7568719291338581
0
LINE
8
BLACK
6
CONTINUOUS
10
2.9858446850393698
20
-1.7568719291338581
11
2.9903804724409446
21
-1.7602674409448817
0
LINE
8
BLACK
6
CONTINUOUS
10
2.9903804724409446
20
-1.7602674409448817
11
2.9903807480314959
21
-1.7602675984251968
0
LINE
8
BLACK
6
CONTINUOUS
10
2.9903807480314959
20
-1.7602675984251968
11
2.9956896456692914
21
-1.7622476771653544
0
LINE
8
BLACK
6
CONTINUOUS
10
2.9956896456692914
20
-1.7622476771653544
11
2.9956896062992127
21
-1.7622476771653544
0
LINE
8
BLACK
6
CONTINUOUS
10
2.9956896062992127
20
-1.7622476771653544
11
2.9959623622047244
21
-1.762276968503937
0
LINE
8
BLACK
6
CONTINUOUS
10
2.9959623622047244
20
-1.762276968503937
11
2.9980364960629919
21
-1.7625
0
LINE
8
BLACK
6
CONTINUOUS
10
2.9980364960629919
20
-1.7625
11
3.0618059842519685
21
-1.7624999606299212
0
LINE
8
BLACK
6
CONTINUOUS
10
3.0618059842519685
20
-1.7624999606299212
11
3.0641528740157478
21
-1.7622476771653544
0
LINE
8
BLACK
6
CONTINUOUS
10
3.0641528740157478
20
-1.7622476771653544
11
3.0694618503937008
21
-1.760267559055118
0
LINE
8
BLACK
6
CONTINUOUS
10
3.0694618503937008
20
-1.760267559055118
11
3.0739978740157481
21
-1.7568718897637794
0
LINE
8
BLACK
6
CONTINUOUS
10
3.0739978740157481
20
-1.7568718897637794
11
3.076013149606299
21
-1.7541797637795276
0
LINE
8
BLACK
6
CONTINUOUS
10
3.076013149606299
20
-1.7541797637795276
11
3.0782152362204722
21
-1.7525313779527558
0
LINE
8
BLACK
6
CONTINUOUS
10
3.0782152362204722
20
-1.7525313779527558
11
3.0809590157480313
21
-1.752335157480315
0
LINE
8
BLACK
6
CONTINUOUS
10
3.0809590157480313
20
-1.752335157480315
11
3.0833733070866143
21
-1.7536534645669291
0
LINE
8
BLACK
6
CONTINUOUS
10
3.0833733070866143
20
-1.7536534645669291
11
3.0838291732283465
21
-1.7541795669291338
0
LINE
8
BLACK
6
CONTINUOUS
10
3.0838291732283465
20
-1.7541795669291338
11
3.0858446456692912
21
-1.7568718897637794
0
LINE
8
BLACK
6
CONTINUOUS
10
3.0858446456692912
20
-1.7568718897637794
11
3.0874848031496063
21
-1.7580997244094487
0
LINE
8
BLACK
6
CONTINUOUS
10
3.0874848031496063
20
-1.7580997244094487
11
3.0903804724409447
21
-1.7602674409448817
0
LINE
8
BLACK
6
CONTINUOUS
10
3.0903804724409447
20
-1.7602674409448817
11
3.090380748031496
21
-1.7602675984251968
0
LINE
8
BLACK
6
CONTINUOUS
10
3.090380748031496
20
-1.7602675984251968
11
3.0956896456692911
21
-1.7622476771653544
0
LINE
8
BLACK
6
CONTINUOUS
10
3.0956896456692911
20
-1.7622476771653544
11
3.0956896062992127
21
-1.7622476771653544
0
LINE
8
BLACK
6
CONTINUOUS
10
3.0956896062992127
20
-1.7622476771653544
11
3.0959623622047245
21
-1.762276968503937
0
LINE
8
BLACK
6
CONTINUOUS
10
3.0959623622047245
20
-1.762276968503937
11
3.098036496062992
21
-1.7625
0
LINE
8
BLACK
6
CONTINUOUS
10
3.098036496062992
20
-1.7625
11
3.1618059842519686
21
-1.7624999606299212
0
LINE
8
BLACK
6
CONTINUOUS
10
3.1618059842519686
20
-1.7624999606299212
11
3.1641528740157479
21
-1.7622476771653544
0
LINE
8
BLACK
6
CONTINUOUS
10
3.1641528740157479
20
-1.7622476771653544
11
3.1694618503937009
21
-1.760267559055118
0
LINE
8
BLACK
6
CONTINUOUS
10
3.1694618503937009
20
-1.760267559055118
11
3.1739978740157482
21
-1.7568718897637794
0
LINE
8
BLACK
6
CONTINUOUS
10
3.1739978740157482
20
-1.7568718897637794
11
3.1773935433070863
21
-1.7523358661417323
0
LINE
8
BLACK
6
CONTINUOUS
10
3.1773935433070863
20
-1.7523358661417323
11
3.1793736614173227
21
-1.7470268897637795
0
LINE
8
BLACK
6
CONTINUOUS
10
3.1793736614173227
20
-1.7470268897637795
11
3.1796259842519685
21
-1.7446800393700788
0
LINE
8
BLACK
6
CONTINUOUS
10
3.1796259842519685
20
-1.7446800393700788
11
3.1796259448818898
21
-1.6809105511811022
0
LINE
8
BLACK
6
CONTINUOUS
10
3.1796259448818898
20
-1.6809105511811022
11
3.1793736614173227
21
-1.6785636614173227
0
LINE
8
BLACK
6
CONTINUOUS
10
3.1793736614173227
20
-1.6785636614173227
11
3.1790799606299212
21
-1.6777762598425197
0
LINE
8
BLACK
6
CONTINUOUS
10
3.1790799606299212
20
-1.6777762598425197
11
3.1773935826771651
21
-1.6732547637795274
0
LINE
8
BLACK
6
CONTINUOUS
10
3.1773935826771651
20
-1.6732547637795274
11
3.1773934251968505
21
-1.6732544881889764
0
LINE
8
BLACK
6
CONTINUOUS
10
3.1773934251968505
20
-1.6732544881889764
11
3.1739979133858265
21
-1.6687187007874016
0
LINE
8
BLACK
6
CONTINUOUS
10
3.1739979133858265
20
-1.6687187007874016
11
3.1739977952755907
21
-1.6687185826771653
0
LINE
8
BLACK
6
CONTINUOUS
10
3.1739977952755907
20
-1.6687185826771653
11
3.1697281102362203
21
-1.6655222834645669
0
LINE
8
BLACK
6
CONTINUOUS
10
3.1697281102362203
20
-1.6655222834645669
11
3.1680796456692915
21
-1.6633201968503937
0
LINE
8
BLACK
6
CONTINUOUS
10
3.1680796456692915
20
-1.6633201968503937
11
3.1678834251968504
21
-1.6605764173228346
0
LINE
8
BLACK
6
CONTINUOUS
10
3.1678834251968504
20
-1.6605764173228346
11
3.1692017716535434
21
-1.6581621259842518
0
LINE
8
BLACK
6
CONTINUOUS
10
3.1692017716535434
20
-1.6581621259842518
11
3.1697281102362203
21
-1.6577060629921259
0
LINE
8
BLACK
6
CONTINUOUS
10
3.1697281102362203
20
-1.6577060629921259
11
3.1723418503937006
21
-1.65574937007874
0
LINE
8
BLACK
6
CONTINUOUS
10
3.1723418503937006
20
-1.65574937007874
11
3.1739978740157482
21
-1.6545096850393701
0
LINE
8
BLACK
6
CONTINUOUS
10
3.1739978740157482
20
-1.6545096850393701
11
3.1773935433070863
21
-1.6499736614173228
0
LINE
8
BLACK
6
CONTINUOUS
10
3.1773935433070863
20
-1.6499736614173228
11
3.1793736614173227
21
-1.64466468503937
0
LINE
8
BLACK
6
CONTINUOUS
10
3.1793736614173227
20
-1.64466468503937
11
3.1796259842519685
21
-1.6423178346456693
0
LINE
8
BLACK
6
CONTINUOUS
10
3.1796259842519685
20
-1.6423178346456693
11
3.1796259448818898
21
-1.578548346456693
0
LINE
8
BLACK
6
CONTINUOUS
10
3.1796259448818898
20
-1.578548346456693
11
3.1793736614173227
21
-1.5762014566929134
0
LINE
8
BLACK
6
CONTINUOUS
10
3.1793736614173227
20
-1.5762014566929134
11
3.1779933858267717
21
-1.5725007874015748
0
LINE
8
BLACK
6
CONTINUOUS
10
3.1779933858267717
20
-1.5725007874015748
11
3.1773935826771651
21
-1.5708925590551182
0
LINE
8
BLACK
6
CONTINUOUS
10
3.1773935826771651
20
-1.5708925590551182
11
3.1773934251968505
21
-1.5708922834645669
0
LINE
8
BLACK
6
CONTINUOUS
10
3.1773934251968505
20
-1.5708922834645669
11
3.1739979133858265
21
-1.5663564960629921
0
LINE
8
BLACK
6
CONTINUOUS
10
3.1739979133858265
20
-1.5663564960629921
11
3.1739977952755907
21
-1.5663563779527558
0
LINE
8
BLACK
6
CONTINUOUS
10
3.1739977952755907
20
-1.5663563779527558
11
3.1694620078740159
21
-1.5629608661417322
0
LINE
8
BLACK
6
CONTINUOUS
10
3.1694620078740159
20
-1.5629608661417322
11
3.1694617322834646
21
-1.5629607086614172
0
LINE
8
BLACK
6
CONTINUOUS
10
3.1694617322834646
20
-1.5629607086614172
11
3.1641528346456691
21
-1.5609806299212599
0
LINE
8
BLACK
6
CONTINUOUS
10
3.1641528346456691
20
-1.5609806299212599
11
3.1641528740157479
21
-1.5609806299212599
0
LINE
8
BLACK
6
CONTINUOUS
10
3.1641528740157479
20
-1.5609806299212599
11
3.1618064173228344
21
-1.5607283858267715
0
LINE
8
BLACK
6
CONTINUOUS
10
3.1618064173228344
20
-1.5607283858267715
11
3.1618063385826769
21
-1.5607283464566928
0
LINE
8
BLACK
6
CONTINUOUS
10
3.1618063385826769
20
-1.5607283464566928
11
3.1618060236220473
21
-1.5607283464566928
0
LINE
8
BLACK
6
CONTINUOUS
10
3.1618060236220473
20
-1.5607283464566928
11
3.1618056692913385
21
-1.5607283464566928
0
LINE
8
BLACK
6
CONTINUOUS
10
3.1618056692913385
20
-1.5607283464566928
11
3.0980365748031495
21
-1.5607283464566928
0
LINE
8
BLACK
6
CONTINUOUS
10
3.0980365748031495
20
-1.5607283464566928
11
3.098036338582677
21
-1.5607283858267715
0
LINE
8
BLACK
6
CONTINUOUS
10
3.098036338582677
20
-1.5607283858267715
11
3.0956896062992127
21
-1.5609806299212599
0
LINE
8
BLACK
6
CONTINUOUS
10
3.0956896062992127
20
-1.5609806299212599
11
3.090380748031496
21
-1.5629607086614172
0
LINE
8
BLACK
6
CONTINUOUS
10
3.090380748031496
20
-1.5629607086614172
11
3.0903804724409447
21
-1.5629608661417322
0
LINE
8
BLACK
6
CONTINUOUS
10
3.0903804724409447
20
-1.5629608661417322
11
3.0858446850393699
21
-1.5663563779527558
0
LINE
8
BLACK
6
CONTINUOUS
10
3.0858446850393699
20
-1.5663563779527558
11
3.0838293700787403
21
-1.5690485039370079
0
LINE
8
BLACK
6
CONTINUOUS
10
3.0838293700787403
20
-1.5690485039370079
11
3.0816272440944883
21
-1.5706969291338582
0
LINE
8
BLACK
6
CONTINUOUS
10
3.0816272440944883
20
-1.5706969291338582
11
3.0788834645669292
21
-1.5708931496062992
0
LINE
8
BLACK
6
CONTINUOUS
10
3.0788834645669292
20
-1.5708931496062992
11
3.076469212598425
21
-1.5695748031496062
0
LINE
8
BLACK
6
CONTINUOUS
10
3.076469212598425
20
-1.5695748031496062
11
3.076013149606299
21
-1.5690485039370079
0
LINE
8
BLACK
6
CONTINUOUS
10
3.076013149606299
20
-1.5690485039370079
11
3.0745886614173226
21
-1.5671456692913386
0
LINE
8
BLACK
6
CONTINUOUS
10
3.0745886614173226
20
-1.5671456692913386
11
3.0739978740157481
21
-1.5663564566929133
0
LINE
8
BLACK
6
CONTINUOUS
10
3.0739978740157481
20
-1.5663564566929133
11
3.0739977952755906
21
-1.5663564173228346
0
LINE
8
BLACK
6
CONTINUOUS
10
3.0739977952755906
20
-1.5663564173228346
11
3.0739977952755906
21
-1.5663563779527558
0
LINE
8
BLACK
6
CONTINUOUS
10
3.0739977952755906
20
-1.5663563779527558
11
3.0694620078740158
21
-1.5629608661417322
0
LINE
8
BLACK
6
CONTINUOUS
10
3.0694620078740158
20
-1.5629608661417322
11
3.0694617322834645
21
-1.5629607086614172
0
LINE
8
BLACK
6
CONTINUOUS
10
3.0694617322834645
20
-1.5629607086614172
11
3.064152834645669
21
-1.5609806299212599
0
LINE
8
BLACK
6
CONTINUOUS
10
3.064152834645669
20
-1.5609806299212599
11
3.0641528740157478
21
-1.5609806299212599
0
LINE
8
BLACK
6
CONTINUOUS
10
3.0641528740157478
20
-1.5609806299212599
11
3.0618064173228348
21
-1.5607283858267715
0
LINE
8
BLACK
6
CONTINUOUS
10
3.0618064173228348
20
-1.5607283858267715
11
3.0618063385826773
21
-1.5607283464566928
0
LINE
8
BLACK
6
CONTINUOUS
10
3.0618063385826773
20
-1.5607283464566928
11
3.0618060236220472
21
-1.5607283464566928
0
LINE
8
BLACK
6
CONTINUOUS
10
3.0618060236220472
20
-1.5607283464566928
11
3.0618056692913385
21
-1.5607283464566928
0
LINE
8
BLACK
6
CONTINUOUS
10
3.0618056692913385
20
-1.5607283464566928
11
2.9980365748031494
21
-1.5607283464566928
0
LINE
8
BLACK
6
CONTINUOUS
10
2.9980365748031494
20
-1.5607283464566928
11
2.9980363385826769
21
-1.5607283858267715
0
LINE
8
BLACK
6
CONTINUOUS
10
2.9980363385826769
20
-1.5607283858267715
11
2.9956896062992127
21
-1.5609806299212599
0
LINE
8
BLACK
6
CONTINUOUS
10
2.9956896062992127
20
-1.5609806299212599
11
2.9903807480314959
21
-1.5629607086614172
0
LINE
8
BLACK
6
CONTINUOUS
10
2.9903807480314959
20
-1.5629607086614172
11
2.9903804724409446
21
-1.5629608661417322
0
LINE
8
BLACK
6
CONTINUOUS
10
2.9903804724409446
20
-1.5629608661417322
11
2.9858446850393698
21
-1.5663563779527558
0
LINE
8
BLACK
6
CONTINUOUS
10
2.9858446850393698
20
-1.5663563779527558
11
2.9858445669291336
21
-1.5663564960629921
0
LINE
8
BLACK
6
CONTINUOUS
10
2.9858445669291336
20
-1.5663564960629921
11
2.98244905511811
21
-1.5708922834645669
0
LINE
8
BLACK
6
CONTINUOUS
10
2.98244905511811
20
-1.5708922834645669
11
2.9824488976377954
21
-1.5708925590551182
0
LINE
8
BLACK
6
CONTINUOUS
10
2.9824488976377954
20
-1.5708925590551182
11
2.9804688188976378
21
-1.5762014566929134
0
LINE
8
BLACK
6
CONTINUOUS
10
2.9804688188976378
20
-1.5762014566929134
11
2.9802165748031495
21
-1.5785478740157479
0
LINE
8
BLACK
6
CONTINUOUS
10
2.9802165748031495
20
-1.5785478740157479
11
2.9802165748031495
21
-1.5785481496062992
0
LINE
8
BLACK
6
CONTINUOUS
10
2.9802165748031495
20
-1.5785481496062992
11
2.9802165354330707
21
-1.578548622047244
0
LINE
8
BLACK
6
CONTINUOUS
10
2.9802165354330707
20
-1.578548622047244
11
2.9802165354330707
21
-1.642317716535433
0
LINE
8
BLACK
6
CONTINUOUS
10
2.7602362204724407
20
-1.5820078740157479
11
2.7803937007874016
21
-1.5820078740157479
0
LINE
8
BLACK
6
CONTINUOUS
10
2.7803937007874016
20
-1.5820078740157479
11
2.7803937007874016
21
-1.6021653543307086
0
LINE
8
BLACK
6
CONTINUOUS
10
2.7803937007874016
20
-1.6021653543307086
11
2.8203937007874016
21
-1.6021653543307086
0
LINE
8
BLACK
6
CONTINUOUS
10
2.8203937007874016
20
-1.6021653543307086
11
2.8203937007874016
21
-1.5820078740157479
0
LINE
8
BLACK
6
CONTINUOUS
10
2.8203937007874016
20
-1.5820078740157479
11
2.840551181102362
21
-1.5820078740157479
0
LINE
8
BLACK
6
CONTINUOUS
10
2.840551181102362
20
-1.5820078740157479
11
2.840551181102362
21
-1.5623228346456692
0
LINE
8
BLACK
6
CONTINUOUS
10
2.840551181102362
20
-1.5623228346456692
11
2.8185100393700786
21
-1.5623228346456692
0
LINE
8
BLACK
6
CONTINUOUS
10
2.8185100393700786
20
-1.5623228346456692
11
2.8161664173228345
21
-1.562574842519685
0
LINE
8
BLACK
6
CONTINUOUS
10
2.8161664173228345
20
-1.562574842519685
11
2.8161661417322832
21
-1.5625749212598425
0
LINE
8
BLACK
6
CONTINUOUS
10
2.8161661417322832
20
-1.5625749212598425
11
2.810862716535433
21
-1.5645529527559054
0
LINE
8
BLACK
6
CONTINUOUS
10
2.810862716535433
20
-1.5645529527559054
11
2.8108624409448817
21
-1.5645531102362205
0
LINE
8
BLACK
6
CONTINUOUS
10
2.8108624409448817
20
-1.5645531102362205
11
2.8063311811023621
21
-1.5679452362204724
0
LINE
8
BLACK
6
CONTINUOUS
10
2.8063311811023621
20
-1.5679452362204724
11
2.8043018110236222
21
-1.5706561417322835
0
LINE
8
BLACK
6
CONTINUOUS
10
2.8043018110236222
20
-1.5706561417322835
11
2.8020996850393702
21
-1.5723045669291338
0
LINE
8
BLACK
6
CONTINUOUS
10
2.8020996850393702
20
-1.5723045669291338
11
2.7993559448818899
21
-1.5725007874015748
0
LINE
8
BLACK
6
CONTINUOUS
10
2.7993559448818899
20
-1.5725007874015748
11
2.7969416535433069
21
-1.5711824409448818
0
LINE
8
BLACK
6
CONTINUOUS
10
2.7969416535433069
20
-1.5711824409448818
11
2.796485590551181
21
-1.5706561417322835
0
LINE
8
BLACK
6
CONTINUOUS
10
2.796485590551181
20
-1.5706561417322835
11
2.7944561811023623
21
-1.5679452362204724
0
LINE
8
BLACK
6
CONTINUOUS
10
2.7944561811023623
20
-1.5679452362204724
11
2.7899249212598423
21
-1.5645531102362205
0
LINE
8
BLACK
6
CONTINUOUS
10
2.7899249212598423
20
-1.5645531102362205
11
2.7899246456692914
21
-1.5645529527559054
0
LINE
8
BLACK
6
CONTINUOUS
10
2.7899246456692914
20
-1.5645529527559054
11
2.7846212204724408
21
-1.5625749212598425
0
LINE
8
BLACK
6
CONTINUOUS
10
2.7846212204724408
20
-1.5625749212598425
11
2.7846209448818895
21
-1.562574842519685
0
LINE
8
BLACK
6
CONTINUOUS
10
2.7846209448818895
20
-1.562574842519685
11
2.7822773228346458
21
-1.5623228346456692
0
LINE
8
BLACK
6
CONTINUOUS
10
2.7822773228346458
20
-1.5623228346456692
11
2.7602362204724407
21
-1.5623228346456692
0
LINE
8
BLACK
6
CONTINUOUS
10
2.7602362204724407
20
-1.5623228346456692
11
2.7602362204724407
21
-1.5820078740157479
0
LINE
8
BLACK
6
CONTINUOUS
10
2.7161664173228344
20
-1.562574842519685
11
2.7161661417322835
21
-1.5625749212598425
0
LINE
8
BLACK
6
CONTINUOUS
10
2.7161661417322835
20
-1.5625749212598425
11
2.7108627165354329
21
-1.5645529527559054
0
LINE
8
BLACK
6
CONTINUOUS
10
2.7108627165354329
20
-1.5645529527559054
11
2.710862440944882
21
-1.5645531102362205
0
LINE
8
BLACK
6
CONTINUOUS
10
2.710862440944882
20
-1.5645531102362205
11
2.706331181102362
21
-1.5679452362204724
0
LINE
8
BLACK
6
CONTINUOUS
10
2.706331181102362
20
-1.5679452362204724
11
2.7063310629921258
21
-1.5679453543307087
0
LINE
8
BLACK
6
CONTINUOUS
10
2.7063310629921258
20
-1.5679453543307087
11
2.702938937007874
21
-1.5724766141732283
0
LINE
8
BLACK
6
CONTINUOUS
10
2.702938937007874
20
-1.5724766141732283
11
2.702938779527559
21
-1.5724768897637795
0
LINE
8
BLACK
6
CONTINUOUS
10
2.702938779527559
20
-1.5724768897637795
11
2.7009607480314961
21
-1.57778031496063
0
LINE
8
BLACK
6
CONTINUOUS
10
2.7009607480314961
20
-1.57778031496063
11
2.7009606692913386
21
-1.577780590551181
0
LINE
8
BLACK
6
CONTINUOUS
10
2.7009606692913386
20
-1.577780590551181
11
2.7007086614173228
21
-1.5801242125984252
0
LINE
8
BLACK
6
CONTINUOUS
10
2.7007086614173228
20
-1.5801242125984252
11
2.7007086614173228
21
-1.6021653543307086
0
LINE
8
BLACK
6
CONTINUOUS
10
2.7007086614173228
20
-1.6021653543307086
11
2.7203937007874015
21
-1.6021653543307086
0
LINE
8
BLACK
6
CONTINUOUS
10
2.7203937007874015
20
-1.6021653543307086
11
2.7203937007874015
21
-1.5820078740157479
0
LINE
8
BLACK
6
CONTINUOUS
10
2.7203937007874015
20
-1.5820078740157479
11
2.740551181102362
21
-1.5820078740157479
0
LINE
8
BLACK
6
CONTINUOUS
10
2.740551181102362
20
-1.5820078740157479
11
2.740551181102362
21
-1.5623228346456692
0
LINE
8
BLACK
6
CONTINUOUS
10
2.740551181102362
20
-1.5623228346456692
11
2.7185100393700785
21
-1.5623228346456692
0
LINE
8
BLACK
6
CONTINUOUS
10
2.7185100393700785
20
-1.5623228346456692
11
2.7161664173228344
21
-1.562574842519685
0
LINE
8
BLACK
6
CONTINUOUS
10
4.2484055118110238
20
-1.2784955118110235
11
4.2497146850393701
21
-1.2867613779527558
0
LINE
8
BLACK
6
CONTINUOUS
10
4.2497146850393701
20
-1.2867613779527558
11
4.2497146850393701
21
-1.2867614566929133
0
LINE
8
BLACK
6
CONTINUOUS
10
4.2497146850393701
20
-1.2867614566929133
11
4.2497147244094489
21
-1.2867615354330708
0
LINE
8
BLACK
6
CONTINUOUS
10
4.2497147244094489
20
-1.2867615354330708
11
4.2497147244094489
21
-1.2867615748031496
0
LINE
8
BLACK
6
CONTINUOUS
10
4.2497147244094489
20
-1.2867615748031496
11
4.25230094488189
21
-1.2947210236220472
0
LINE
8
BLACK
6
CONTINUOUS
10
4.25230094488189
20
-1.2947210236220472
11
4.2561004330708663
21
-1.3021779527559054
0
LINE
8
BLACK
6
CONTINUOUS
10
4.2561004330708663
20
-1.3021779527559054
11
4.2610192913385827
21
-1.3089482677165354
0
LINE
8
BLACK
6
CONTINUOUS
10
4.2610192913385827
20
-1.3089482677165354
11
4.2669375196850394
21
-1.3148664960629921
0
LINE
8
BLACK
6
CONTINUOUS
10
4.2669375196850394
20
-1.3148664960629921
11
4.2737079527559052
21
-1.319785433070866
0
LINE
8
BLACK
6
CONTINUOUS
10
4.2737079527559052
20
-1.319785433070866
11
4.2740529921259842
21
-1.3199612598425197
0
LINE
8
BLACK
6
CONTINUOUS
10
4.2740529921259842
20
-1.3199612598425197
11
4.276052834645669
21
-1.3218500393700787
0
LINE
8
BLACK
6
CONTINUOUS
10
4.276052834645669
20
-1.3218500393700787
11
4.2767140157480314
21
-1.3245201574803149
0
LINE
8
BLACK
6
CONTINUOUS
10
4.2767140157480314
20
-1.3245201574803149
11
4.2758266929133857
21
-1.3271238976377953
0
LINE
8
BLACK
6
CONTINUOUS
10
4.2758266929133857
20
-1.3271238976377953
11
4.2740529921259842
21
-1.3286607874015748
0
LINE
8
BLACK
6
CONTINUOUS
10
4.2740529921259842
20
-1.3286607874015748
11
4.2737079527559052
21
-1.3288365748031497
0
LINE
8
BLACK
6
CONTINUOUS
10
4.2737079527559052
20
-1.3288365748031497
11
4.2669375196850394
21
-1.3337555118110236
0
LINE
8
BLACK
6
CONTINUOUS
10
4.2669375196850394
20
-1.3337555118110236
11
4.2610192913385827
21
-1.3396737401574803
0
LINE
8
BLACK
6
CONTINUOUS
10
4.2610192913385827
20
-1.3396737401574803
11
4.2561004330708663
21
-1.3464440551181103
0
LINE
8
BLACK
6
CONTINUOUS
10
4.2561004330708663
20
-1.3464440551181103
11
4.25230094488189
21
-1.3539009842519685
0
LINE
8
BLACK
6
CONTINUOUS
10
4.25230094488189
20
-1.3539009842519685
11
4.2497146850393701
21
-1.3618606299212599
0
LINE
8
BLACK
6
CONTINUOUS
10
4.2497146850393701
20
-1.3618606299212599
11
4.2484055118110238
21
-1.3701264960629922
0
LINE
8
BLACK
6
CONTINUOUS
10
4.2484055118110238
20
-1.3701264960629922
11
4.2484055118110238
21
-1.3784955118110236
0
LINE
8
BLACK
6
CONTINUOUS
10
4.2484055118110238
20
-1.3784955118110236
11
4.2497146850393701
21
-1.3867613779527559
0
LINE
8
BLACK
6
CONTINUOUS
10
4.2497146850393701
20
-1.3867613779527559
11
4.25230094488189
21
-1.3947210236220473
0
LINE
8
BLACK
6
CONTINUOUS
10
4.25230094488189
20
-1.3947210236220473
11
4.2561004330708663
21
-1.4021779527559055
0
LINE
8
BLACK
6
CONTINUOUS
10
4.2561004330708663
20
-1.4021779527559055
11
4.2610192913385827
21
-1.4089482677165355
0
LINE
8
BLACK
6
CONTINUOUS
10
4.2610192913385827
20
-1.4089482677165355
11
4.2669375196850394
21
-1.4148664960629922
0
LINE
8
BLACK
6
CONTINUOUS
10
4.2669375196850394
20
-1.4148664960629922
11
4.2737079527559052
21
-1.4197854330708661
0
LINE
8
BLACK
6
CONTINUOUS
10
4.2737079527559052
20
-1.4197854330708661
11
4.2740529921259842
21
-1.4199612598425198
0
LINE
8
BLACK
6
CONTINUOUS
10
4.2740529921259842
20
-1.4199612598425198
11
4.276052834645669
21
-1.4218500393700788
0
LINE
8
BLACK
6
CONTINUOUS
10
4.276052834645669
20
-1.4218500393700788
11
4.2767140157480314
21
-1.424520157480315
0
LINE
8
BLACK
6
CONTINUOUS
10
4.2767140157480314
20
-1.424520157480315
11
4.2758266929133857
21
-1.4271238976377953
0
LINE
8
BLACK
6
CONTINUOUS
10
4.2758266929133857
20
-1.4271238976377953
11
4.2740529921259842
21
-1.4286607874015749
0
LINE
8
BLACK
6
CONTINUOUS
10
4.2740529921259842
20
-1.4286607874015749
11
4.2737079527559052
21
-1.4288365748031495
0
LINE
8
BLACK
6
CONTINUOUS
10
4.2737079527559052
20
-1.4288365748031495
11
4.2669375196850394
21
-1.4337555118110237
0
LINE
8
BLACK
6
CONTINUOUS
10
4.2669375196850394
20
-1.4337555118110237
11
4.2610192913385827
21
-1.4396737401574802
0
LINE
8
BLACK
6
CONTINUOUS
10
4.2610192913385827
20
-1.4396737401574802
11
4.2561004330708663
21
-1.4464440551181101
0
LINE
8
BLACK
6
CONTINUOUS
10
4.2561004330708663
20
-1.4464440551181101
11
4.25230094488189
21
-1.4539009842519686
0
LINE
8
BLACK
6
CONTINUOUS
10
4.25230094488189
20
-1.4539009842519686
11
4.2497146850393701
21
-1.4618606299212598
0
LINE
8
BLACK
6
CONTINUOUS
10
4.2497146850393701
20
-1.4618606299212598
11
4.2484055118110238
21
-1.4701264960629921
0
LINE
8
BLACK
6
CONTINUOUS
10
4.2484055118110238
20
-1.4701264960629921
11
4.2484055118110238
21
-1.4784955118110237
0
LINE
8
BLACK
6
CONTINUOUS
10
4.2484055118110238
20
-1.4784955118110237
11
4.2497146850393701
21
-1.486761377952756
0
LINE
8
BLACK
6
CONTINUOUS
10
4.2497146850393701
20
-1.486761377952756
11
4.25230094488189
21
-1.4947210236220472
0
LINE
8
BLACK
6
CONTINUOUS
10
4.25230094488189
20
-1.4947210236220472
11
4.2561004330708663
21
-1.5021779527559054
0
LINE
8
BLACK
6
CONTINUOUS
10
4.2561004330708663
20
-1.5021779527559054
11
4.2610192913385827
21
-1.5089482677165353
0
LINE
8
BLACK
6
CONTINUOUS
10
4.2610192913385827
20
-1.5089482677165353
11
4.2669375196850394
21
-1.5148664960629921
0
LINE
8
BLACK
6
CONTINUOUS
10
4.2669375196850394
20
-1.5148664960629921
11
4.2737078346456689
21
-1.5197853543307087
0
LINE
8
BLACK
6
CONTINUOUS
10
4.2737078346456689
20
-1.5197853543307087
11
4.2737079133858265
21
-1.5197853937007875
0
LINE
8
BLACK
6
CONTINUOUS
10
4.2737079133858265
20
-1.5197853937007875
11
4.2737080314960627
21
-1.5197854724409448
0
LINE
8
BLACK
6
CONTINUOUS
10
4.2737080314960627
20
-1.5197854724409448
11
4.2811648818897634
21
-1.5235849212598425
0
LINE
8
BLACK
6
CONTINUOUS
10
4.2811648818897634
20
-1.5235849212598425
11
4.2891242913385828
21
-1.5261711023622047
0
LINE
8
BLACK
6
CONTINUOUS
10
4.2891242913385828
20
-1.5261711023622047
11
4.2973902755905513
21
-1.52748031496063
0
LINE
8
BLACK
6
CONTINUOUS
10
4.2973902755905513
20
-1.52748031496063
11
4.2973903149606301
21
-1.52748031496063
0
LINE
8
BLACK
6
CONTINUOUS
10
4.2973903149606301
20
-1.52748031496063
11
4.3057592913385827
21
-1.52748031496063
0
LINE
8
BLACK
6
CONTINUOUS
10
4.3057592913385827
20
-1.52748031496063
11
4.3057593307086615
21
-1.52748031496063
0
LINE
8
BLACK
6
CONTINUOUS
10
4.3057593307086615
20
-1.52748031496063
11
4.31402531496063
21
-1.5261711023622047
0
LINE
8
BLACK
6
CONTINUOUS
10
4.31402531496063
20
-1.5261711023622047
11
4.3219847244094485
21
-1.5235849212598425
0
LINE
8
BLACK
6
CONTINUOUS
10
4.3219847244094485
20
-1.5235849212598425
11
4.3294415748031492
21
-1.5197854724409448
0
LINE
8
BLACK
6
CONTINUOUS
10
4.3294415748031492
20
-1.5197854724409448
11
4.3362122834645671
21
-1.5148662992125983
0
LINE
8
BLACK
6
CONTINUOUS
10
4.3362122834645671
20
-1.5148662992125983
11
4.3406822440944879
21
-1.5103962992125983
0
LINE
8
BLACK
6
CONTINUOUS
10
4.3406822440944879
20
-1.5103962992125983
11
4.3430963779527554
21
-1.5090781102362205
0
LINE
8
BLACK
6
CONTINUOUS
10
4.3430963779527554
20
-1.5090781102362205
11
4.3458401574803149
21
-1.5092743307086613
0
LINE
8
BLACK
6
CONTINUOUS
10
4.3458401574803149
20
-1.5092743307086613
11
4.3480422834645669
21
-1.5109227952755906
0
LINE
8
BLACK
6
CONTINUOUS
10
4.3480422834645669
20
-1.5109227952755906
11
4.3487082283464567
21
-1.5121424015748031
0
LINE
8
BLACK
6
CONTINUOUS
10
4.3487082283464567
20
-1.5121424015748031
11
4.3506378740157476
21
-1.5173160629921258
0
LINE
8
BLACK
6
CONTINUOUS
10
4.3506378740157476
20
-1.5173160629921258
11
4.3506380314960627
21
-1.5173163385826771
0
LINE
8
BLACK
6
CONTINUOUS
10
4.3506380314960627
20
-1.5173163385826771
11
4.3540335433070867
21
-1.5218521259842519
0
LINE
8
BLACK
6
CONTINUOUS
10
4.3540335433070867
20
-1.5218521259842519
11
4.354033661417323
21
-1.5218522440944882
0
LINE
8
BLACK
6
CONTINUOUS
10
4.354033661417323
20
-1.5218522440944882
11
4.3585694488188977
21
-1.5252477559055118
0
LINE
8
BLACK
6
CONTINUOUS
10
4.3585694488188977
20
-1.5252477559055118
11
4.358569724409449
21
-1.5252479133858268
0
LINE
8
BLACK
6
CONTINUOUS
10
4.358569724409449
20
-1.5252479133858268
11
4.3638786220472436
21
-1.5272279921259841
0
LINE
8
BLACK
6
CONTINUOUS
10
4.3638786220472436
20
-1.5272279921259841
11
4.3638785826771649
21
-1.5272279921259841
0
LINE
8
BLACK
6
CONTINUOUS
10
4.3638785826771649
20
-1.5272279921259841
11
4.3641513385826771
21
-1.5272572834645668
0
LINE
8
BLACK
6
CONTINUOUS
10
4.3641513385826771
20
-1.5272572834645668
11
4.3662254724409451
21
-1.52748031496063
0
LINE
8
BLACK
6
CONTINUOUS
10
4.3662254724409451
20
-1.52748031496063
11
4.4369240944881891
21
-1.5274802755905512
0
LINE
8
BLACK
6
CONTINUOUS
10
4.4369240944881891
20
-1.5274802755905512
11
4.4392709842519684
21
-1.5272279921259841
0
LINE
8
BLACK
6
CONTINUOUS
10
4.4392709842519684
20
-1.5272279921259841
11
4.4445799606299214
21
-1.525247874015748
0
LINE
8
BLACK
6
CONTINUOUS
10
4.4445799606299214
20
-1.525247874015748
11
4.4491159842519687
21
-1.5218522047244094
0
LINE
8
BLACK
6
CONTINUOUS
10
4.4491159842519687
20
-1.5218522047244094
11
4.4525116535433069
21
-1.5173161811023621
0
LINE
8
BLACK
6
CONTINUOUS
10
4.4525116535433069
20
-1.5173161811023621
11
4.4544917716535428
21
-1.5120072047244093
0
LINE
8
BLACK
6
CONTINUOUS
10
4.4544917716535428
20
-1.5120072047244093
11
4.4547440944881886
21
-1.5096603543307086
0
LINE
8
BLACK
6
CONTINUOUS
10
4.4547440944881886
20
-1.5096603543307086
11
4.4547440551181099
21
-1.4389617322834645
0
LINE
8
BLACK
6
CONTINUOUS
10
4.4547440551181099
20
-1.4389617322834645
11
4.4544917716535428
21
-1.436614842519685
0
LINE
8
BLACK
6
CONTINUOUS
10
4.4544917716535428
20
-1.436614842519685
11
4.4544413385826767
21
-1.4364796456692912
0
LINE
8
BLACK
6
CONTINUOUS
10
4.4544413385826767
20
-1.4364796456692912
11
4.4525116929133857
21
-1.4313059448818897
0
LINE
8
BLACK
6
CONTINUOUS
10
4.4525116929133857
20
-1.4313059448818897
11
4.4525115354330707
21
-1.4313056692913386
0
LINE
8
BLACK
6
CONTINUOUS
10
4.4525115354330707
20
-1.4313056692913386
11
4.4491160236220475
21
-1.4267698818897638
0
LINE
8
BLACK
6
CONTINUOUS
10
4.4491160236220475
20
-1.4267698818897638
11
4.4491159055118112
21
-1.4267697637795276
0
LINE
8
BLACK
6
CONTINUOUS
10
4.4491159055118112
20
-1.4267697637795276
11
4.4445801181102365
21
-1.423374251968504
0
LINE
8
BLACK
6
CONTINUOUS
10
4.4445801181102365
20
-1.423374251968504
11
4.4445798425196852
21
-1.423374094488189
0
LINE
8
BLACK
6
CONTINUOUS
10
4.4445798425196852
20
-1.423374094488189
11
4.4394061811023624
21
-1.4214444488188975
0
LINE
8
BLACK
6
CONTINUOUS
10
4.4394061811023624
20
-1.4214444488188975
11
4.4372040551181104
21
-1.4197959842519685
0
LINE
8
BLACK
6
CONTINUOUS
10
4.4372040551181104
20
-1.4197959842519685
11
4.4362427559055115
21
-1.417218622047244
0
LINE
8
BLACK
6
CONTINUOUS
10
4.4362427559055115
20
-1.417218622047244
11
4.4368274803149603
21
-1.4145307086614174
0
LINE
8
BLACK
6
CONTINUOUS
10
4.4368274803149603
20
-1.4145307086614174
11
4.4376599606299214
21
-1.4134185826771652
0
LINE
8
BLACK
6
CONTINUOUS
10
4.4376599606299214
20
-1.4134185826771652
11
4.4421300787401572
21
-1.4089485039370078
0
LINE
8
BLACK
6
CONTINUOUS
10
4.4421300787401572
20
-1.4089485039370078
11
4.4470492519685036
21
-1.4021777952755905
0
LINE
8
BLACK
6
CONTINUOUS
10
4.4470492519685036
20
-1.4021777952755905
11
4.4508487007874011
21
-1.3947209448818898
0
LINE
8
BLACK
6
CONTINUOUS
10
4.4508487007874011
20
-1.3947209448818898
11
4.4534348818897636
21
-1.3867615354330709
0
LINE
8
BLACK
6
CONTINUOUS
10
4.4534348818897636
20
-1.3867615354330709
11
4.4547440944881886
21
-1.3784955511811023
0
LINE
8
BLACK
6
CONTINUOUS
10
4.4547440944881886
20
-1.3784955511811023
11
4.4547440944881886
21
-1.3701264960629922
0
LINE
8
BLACK
6
CONTINUOUS
10
4.4547440944881886
20
-1.3701264960629922
11
4.4534348818897636
21
-1.3618605118110236
0
LINE
8
BLACK
6
CONTINUOUS
10
4.4534348818897636
20
-1.3618605118110236
11
4.4508487007874011
21
-1.3539011023622047
0
LINE
8
BLACK
6
CONTINUOUS
10
4.4508487007874011
20
-1.3539011023622047
11
4.4470492519685036
21
-1.3464442519685038
0
LINE
8
BLACK
6
CONTINUOUS
10
4.4470492519685036
20
-1.3464442519685038
11
4.4470491732283461
21
-1.3464441338582678
0
LINE
8
BLACK
6
CONTINUOUS
10
4.4470491732283461
20
-1.3464441338582678
11
4.4470491338582674
21
-1.3464440551181103
0
LINE
8
BLACK
6
CONTINUOUS
10
4.4470491338582674
20
-1.3464440551181103
11
4.442130275590551
21
-1.3396737401574803
0
LINE
8
BLACK
6
CONTINUOUS
10
4.442130275590551
20
-1.3396737401574803
11
4.4362120472440942
21
-1.3337555118110236
0
LINE
8
BLACK
6
CONTINUOUS
10
4.4362120472440942
20
-1.3337555118110236
11
4.4294416141732285
21
-1.3288365748031497
0
LINE
8
BLACK
6
CONTINUOUS
10
4.4294416141732285
20
-1.3288365748031497
11
4.4290966141732282
21
-1.3286607874015748
0
LINE
8
BLACK
6
CONTINUOUS
10
4.4290966141732282
20
-1.3286607874015748
11
4.4270967716535434
21
-1.3267720078740157
0
LINE
8
BLACK
6
CONTINUOUS
10
4.4270967716535434
20
-1.3267720078740157
11
4.426435590551181
21
-1.3241018897637795
0
LINE
8
BLACK
6
CONTINUOUS
10
4.426435590551181
20
-1.3241018897637795
11
4.4273229133858267
21
-1.3214981496062992
0
LINE
8
BLACK
6
CONTINUOUS
10
4.4273229133858267
20
-1.3214981496062992
11
4.4290967716535432
21
-1.3199611811023622
0
LINE
8
BLACK
6
CONTINUOUS
10
4.4290967716535432
20
-1.3199611811023622
11
4.4294415748031497
21
-1.3197855118110235
0
LINE
8
BLACK
6
CONTINUOUS
10
4.4294415748031497
20
-1.3197855118110235
11
4.4303066535433073
21
-1.319156968503937
0
LINE
8
BLACK
6
CONTINUOUS
10
4.4303066535433073
20
-1.319156968503937
11
4.4362120472440942
21
-1.3148665354330709
0
LINE
8
BLACK
6
CONTINUOUS
10
4.4362120472440942
20
-1.3148665354330709
11
4.4362121259842517
21
-1.3148664173228346
0
LINE
8
BLACK
6
CONTINUOUS
10
4.4362121259842517
20
-1.3148664173228346
11
4.4362122834645668
21
-1.3148663385826771
0
LINE
8
BLACK
6
CONTINUOUS
10
4.4362122834645668
20
-1.3148663385826771
11
4.4421300787401572
21
-1.3089485433070867
0
LINE
8
BLACK
6
CONTINUOUS
10
4.4421300787401572
20
-1.3089485433070867
11
4.4421301574803147
21
-1.3089483858267716
0
LINE
8
BLACK
6
CONTINUOUS
10
4.4421301574803147
20
-1.3089483858267716
11
4.442130275590551
21
-1.3089483070866141
0
LINE
8
BLACK
6
CONTINUOUS
10
4.442130275590551
20
-1.3089483070866141
11
4.4470491338582674
21
-1.3021779921259842
0
LINE
8
BLACK
6
CONTINUOUS
10
4.4470491338582674
20
-1.3021779921259842
11
4.4470491732283461
21
-1.3021779527559054
0
LINE
8
BLACK
6
CONTINUOUS
10
4.4470491732283461
20
-1.3021779527559054
11
4.4470492519685036
21
-1.3021778346456692
0
LINE
8
BLACK
6
CONTINUOUS
10
4.4470492519685036
20
-1.3021778346456692
11
4.4508487007874011
21
-1.2947209842519685
0
LINE
8
BLACK
6
CONTINUOUS
10
4.4508487007874011
20
-1.2947209842519685
11
4.4534348818897636
21
-1.2867615748031496
0
LINE
8
BLACK
6
CONTINUOUS
10
4.4534348818897636
20
-1.2867615748031496
11
4.4547440944881886
21
-1.278495590551181
0
LINE
8
BLACK
6
CONTINUOUS
10
4.4547440944881886
20
-1.278495590551181
11
4.4547440944881886
21
-1.2701265354330709
0
LINE
8
BLACK
6
CONTINUOUS
10
4.4547440944881886
20
-1.2701265354330709
11
4.4534348818897636
21
-1.2618605511811023
0
LINE
8
BLACK
6
CONTINUOUS
10
4.4534348818897636
20
-1.2618605511811023
11
4.4508487007874011
21
-1.2539011417322834
0
LINE
8
BLACK
6
CONTINUOUS
10
4.4508487007874011
20
-1.2539011417322834
11
4.4470492519685036
21
-1.2464442913385827
0
LINE
8
BLACK
6
CONTINUOUS
10
4.4470492519685036
20
-1.2464442913385827
11
4.4470491732283461
21
-1.2464441732283464
0
LINE
8
BLACK
6
CONTINUOUS
10
4.4470491732283461
20
-1.2464441732283464
11
4.4470491338582674
21
-1.2464440944881889
0
LINE
8
BLACK
6
CONTINUOUS
10
4.4470491338582674
20
-1.2464440944881889
11
4.442130275590551
21
-1.239673779527559
0
LINE
8
BLACK
6
CONTINUOUS
10
4.442130275590551
20
-1.239673779527559
11
4.4362120472440942
21
-1.2337555511811023
0
LINE
8
BLACK
6
CONTINUOUS
10
4.4362120472440942
20
-1.2337555511811023
11
4.4294416141732285
21
-1.2288366141732283
0
LINE
8
BLACK
6
CONTINUOUS
10
4.4294416141732285
20
-1.2288366141732283
11
4.4290747637795276
21
-1.22864968503937
0
LINE
8
BLACK
6
CONTINUOUS
10
4.4290747637795276
20
-1.22864968503937
11
4.4270750000000003
21
-1.2267609055118109
0
LINE
8
BLACK
6
CONTINUOUS
10
4.4270750000000003
20
-1.2267609055118109
11
4.4264138188976379
21
-1.224090748031496
0
LINE
8
BLACK
6
CONTINUOUS
10
4.4264138188976379
20
-1.224090748031496
11
4.4273011811023624
21
-1.2214870472440944
0
LINE
8
BLACK
6
CONTINUOUS
10
4.4273011811023624
20
-1.2214870472440944
11
4.4290751574803151
21
-1.2199500393700786
0
LINE
8
BLACK
6
CONTINUOUS
10
4.4290751574803151
20
-1.2199500393700786
11
4.4294312204724404
21
-1.2197686220472441
0
LINE
8
BLACK
6
CONTINUOUS
10
4.4294312204724404
20
-1.2197686220472441
11
4.4315636220472436
21
-1.2182192913385828
0
LINE
8
BLACK
6
CONTINUOUS
10
4.4315636220472436
20
-1.2182192913385828
11
4.4315636614173224
21
-1.2182192913385828
0
LINE
8
BLACK
6
CONTINUOUS
10
4.4315636614173224
20
-1.2182192913385828
11
4.4172215748031496
21
-1.2038772440944883
0
LINE
8
BLACK
6
CONTINUOUS
10
4.4172215748031496
20
-1.2038772440944883
11
4.4112890551181101
21
-1.2063346062992126
0
LINE
8
BLACK
6
CONTINUOUS
10
4.4112890551181101
20
-1.2063346062992126
11
4.404854921259842
21
-1.2076144488188976
0
LINE
8
BLACK
6
CONTINUOUS
10
4.404854921259842
20
-1.2076144488188976
11
4.39829468503937
21
-1.2076144488188976
0
LINE
8
BLACK
6
CONTINUOUS
10
4.39829468503937
20
-1.2076144488188976
11
4.391860551181102
21
-1.2063346062992126
0
LINE
8
BLACK
6
CONTINUOUS
10
4.391860551181102
20
-1.2063346062992126
11
4.3859279133858271
21
-1.2038772047244095
0
LINE
8
BLACK
6
CONTINUOUS
10
4.3859279133858271
20
-1.2038772047244095
11
4.3715859055118109
21
-1.218219251968504
0
LINE
8
BLACK
6
CONTINUOUS
10
4.3715859055118109
20
-1.218219251968504
11
4.3715859055118109
21
-1.2182192913385828
0
LINE
8
BLACK
6
CONTINUOUS
10
4.3715859055118109
20
-1.2182192913385828
11
4.3737184645669291
21
-1.2197686614173229
0
LINE
8
BLACK
6
CONTINUOUS
10
4.3737184645669291
20
-1.2197686614173229
11
4.3740745275590553
21
-1.2199500787401574
0
LINE
8
BLACK
6
CONTINUOUS
10
4.3740745275590553
20
-1.2199500787401574
11
4.3760744488188976
21
-1.2218387795275589
0
LINE
8
BLACK
6
CONTINUOUS
10
4.3760744488188976
20
-1.2218387795275589
11
4.3767357480314963
21
-1.2245088582677166
0
LINE
8
BLACK
6
CONTINUOUS
10
4.3767357480314963
20
-1.2245088582677166
11
4.3758485433070868
21
-1.2271126377952755
0
LINE
8
BLACK
6
CONTINUOUS
10
4.3758485433070868
20
-1.2271126377952755
11
4.374074921259842
21
-1.2286496456692912
0
LINE
8
BLACK
6
CONTINUOUS
10
4.374074921259842
20
-1.2286496456692912
11
4.373707913385827
21
-1.2288366535433071
0
LINE
8
BLACK
6
CONTINUOUS
10
4.373707913385827
20
-1.2288366535433071
11
4.3669375196850391
21
-1.2337555511811023
0
LINE
8
BLACK
6
CONTINUOUS
10
4.3669375196850391
20
-1.2337555511811023
11
4.3610192913385823
21
-1.239673779527559
0
LINE
8
BLACK
6
CONTINUOUS
10
4.3610192913385823
20
-1.239673779527559
11
4.3561003149606297
21
-1.2464442519685039
0
LINE
8
BLACK
6
CONTINUOUS
10
4.3561003149606297
20
-1.2464442519685039
11
4.3559244881889763
21
-1.24678937007874
0
LINE
8
BLACK
6
CONTINUOUS
10
4.3559244881889763
20
-1.24678937007874
11
4.3540356692913385
21
-1.248789094488189
0
LINE
8
BLACK
6
CONTINUOUS
10
4.3540356692913385
20
-1.248789094488189
11
4.3513655118110233
21
-1.2494502362204725
0
LINE
8
BLACK
6
CONTINUOUS
10
4.3513655118110233
20
-1.2494502362204725
11
4.3487618110236221
21
-1.2485628346456692
0
LINE
8
BLACK
6
CONTINUOUS
10
4.3487618110236221
20
-1.2485628346456692
11
4.3472250393700786
21
-1.2467892125984252
0
LINE
8
BLACK
6
CONTINUOUS
10
4.3472250393700786
20
-1.2467892125984252
11
4.3470492125984252
21
-1.2464441732283464
0
LINE
8
BLACK
6
CONTINUOUS
10
4.3470492125984252
20
-1.2464441732283464
11
4.3421302755905513
21
-1.2396737401574802
0
LINE
8
BLACK
6
CONTINUOUS
10
4.3421302755905513
20
-1.2396737401574802
11
4.3362120472440946
21
-1.2337555118110235
0
LINE
8
BLACK
6
CONTINUOUS
10
4.3362120472440946
20
-1.2337555118110235
11
4.3294416141732279
21
-1.2288365748031496
0
LINE
8
BLACK
6
CONTINUOUS
10
4.3294416141732279
20
-1.2288365748031496
11
4.3290749606299208
21
-1.2286497637795275
0
LINE
8
BLACK
6
CONTINUOUS
10
4.3290749606299208
20
-1.2286497637795275
11
4.3270750787401573
21
-1.2267610236220472
0
LINE
8
BLACK
6
CONTINUOUS
10
4.3270750787401573
20
-1.2267610236220472
11
4.3264138582677161
21
-1.224090905511811
0
LINE
8
BLACK
6
CONTINUOUS
10
4.3264138582677161
20
-1.224090905511811
11
4.3273011417322831
21
-1.2214871653543307
0
LINE
8
BLACK
6
CONTINUOUS
10
4.3273011417322831
20
-1.2214871653543307
11
4.3290750787401571
21
-1.2199500787401574
0
LINE
8
BLACK
6
CONTINUOUS
10
4.3290750787401571
20
-1.2199500787401574
11
4.3294312992125983
21
-1.2197685826771654
0
LINE
8
BLACK
6
CONTINUOUS
10
4.3294312992125983
20
-1.2197685826771654
11
4.331563622047244
21
-1.2182192913385828
0
LINE
8
BLACK
6
CONTINUOUS
10
4.331563622047244
20
-1.2182192913385828
11
4.3315636614173227
21
-1.2182192913385828
0
LINE
8
BLACK
6
CONTINUOUS
10
4.3315636614173227
20
-1.2182192913385828
11
4.3172215748031499
21
-1.2038772440944883
0
LINE
8
BLACK
6
CONTINUOUS
10
4.3172215748031499
20
-1.2038772440944883
11
4.3112890551181104
21
-1.2063346062992126
0
LINE
8
BLACK
6
CONTINUOUS
10
4.3112890551181104
20
-1.2063346062992126
11
4.3048549212598424
21
-1.2076144488188976
0
LINE
8
BLACK
6
CONTINUOUS
10
4.3048549212598424
20
-1.2076144488188976
11
4.2982946850393704
21
-1.2076144488188976
0
LINE
8
BLACK
6
CONTINUOUS
10
4.2982946850393704
20
-1.2076144488188976
11
4.2918605511811023
21
-1.2063346062992126
0
LINE
8
BLACK
6
CONTINUOUS
10
4.2918605511811023
20
-1.2063346062992126
11
4.2859279133858266
21
-1.2038772047244095
0
LINE
8
BLACK
6
CONTINUOUS
10
4.2859279133858266
20
-1.2038772047244095
11
4.2715859055118113
21
-1.218219251968504
0
LINE
8
BLACK
6
CONTINUOUS
10
4.2715859055118113
20
-1.218219251968504
11
4.2715859055118113
21
-1.2182192913385828
0
LINE
8
BLACK
6
CONTINUOUS
10
4.2715859055118113
20
-1.2182192913385828
11
4.2737185826771649
21
-1.2197687401574804
0
LINE
8
BLACK
6
CONTINUOUS
10
4.2737185826771649
20
-1.2197687401574804
11
4.2737185433070861
21
-1.2197687401574804
0
LINE
8
BLACK
6
CONTINUOUS
10
4.2737185433070861
20
-1.2197687401574804
11
4.2740746062992123
21
-1.2199501574803149
0
LINE
8
BLACK
6
CONTINUOUS
10
4.2740746062992123
20
-1.2199501574803149
11
4.2760744881889758
21
-1.2218388976377952
0
LINE
8
BLACK
6
CONTINUOUS
10
4.2760744881889758
20
-1.2218388976377952
11
4.2767357086614171
21
-1.2245090157480314
0
LINE
8
BLACK
6
CONTINUOUS
10
4.2767357086614171
20
-1.2245090157480314
11
4.27584842519685
21
-1.2271127559055117
0
LINE
8
BLACK
6
CONTINUOUS
10
4.27584842519685
20
-1.2271127559055117
11
4.2740747637795273
21
-1.22864968503937
0
LINE
8
BLACK
6
CONTINUOUS
10
4.2740747637795273
20
-1.22864968503937
11
4.2737079527559052
21
-1.2288365748031496
0
LINE
8
BLACK
6
CONTINUOUS
10
4.2737079527559052
20
-1.2288365748031496
11
4.2669375196850394
21
-1.2337555118110235
0
LINE
8
BLACK
6
CONTINUOUS
10
4.2669375196850394
20
-1.2337555118110235
11
4.2610192913385827
21
-1.2396737401574802
0
LINE
8
BLACK
6
CONTINUOUS
10
4.2610192913385827
20
-1.2396737401574802
11
4.2561004330708663
21
-1.2464440551181102
0
LINE
8
BLACK
6
CONTINUOUS
10
4.2561004330708663
20
-1.2464440551181102
11
4.25230094488189
21
-1.2539009842519684
0
LINE
8
BLACK
6
CONTINUOUS
10
4.25230094488189
20
-1.2539009842519684
11
4.2497146850393701
21
-1.2618606299212598
0
LINE
8
BLACK
6
CONTINUOUS
10
4.2497146850393701
20
-1.2618606299212598
11
4.2484055118110238
21
-1.2701264960629921
0
LINE
8
BLACK
6
CONTINUOUS
10
4.2484055118110238
20
-1.2701264960629921
11
4.2484055118110238
21
-1.2784955118110235
0
LINE
8
BLACK
6
CONTINUOUS
10
4.3311409842519684
20
-1.1586641338582677
11
4.3335983858267717
21
-1.1645967716535433
0
LINE
8
BLACK
6
CONTINUOUS
10
4.3335983858267717
20
-1.1645967716535433
11
4.3348782283464562
21
-1.1710309055118111
0
LINE
8
BLACK
6
CONTINUOUS
10
4.3348782283464562
20
-1.1710309055118111
11
4.3348782283464562
21
-1.1775911417322835
0
LINE
8
BLACK
6
CONTINUOUS
10
4.3348782283464562
20
-1.1775911417322835
11
4.3335983858267717
21
-1.1840252755905512
0
LINE
8
BLACK
6
CONTINUOUS
10
4.3335983858267717
20
-1.1840252755905512
11
4.3311410236220471
21
-1.1899577952755904
0
LINE
8
BLACK
6
CONTINUOUS
10
4.3311410236220471
20
-1.1899577952755904
11
4.3454830708661421
21
-1.2042998818897637
0
LINE
8
BLACK
6
CONTINUOUS
10
4.3454830708661421
20
-1.2042998818897637
11
4.3454830708661421
21
-1.2042998425196849
0
LINE
8
BLACK
6
CONTINUOUS
10
4.3454830708661421
20
-1.2042998425196849
11
4.3470323622047244
21
-1.2021674803149607
0
LINE
8
BLACK
6
CONTINUOUS
10
4.3470323622047244
20
-1.2021674803149607
11
4.3472249606299211
21
-1.2017895275590551
0
LINE
8
BLACK
6
CONTINUOUS
10
4.3472249606299211
20
-1.2017895275590551
11
4.3491137007874014
21
-1.1997896456692914
0
LINE
8
BLACK
6
CONTINUOUS
10
4.3491137007874014
20
-1.1997896456692914
11
4.3517837795275591
21
-1.1991283858267716
0
LINE
8
BLACK
6
CONTINUOUS
10
4.3517837795275591
20
-1.1991283858267716
11
4.3543875590551178
21
-1.2000156299212599
0
LINE
8
BLACK
6
CONTINUOUS
10
4.3543875590551178
20
-1.2000156299212599
11
4.3559246456692913
21
-1.2017895275590551
0
LINE
8
BLACK
6
CONTINUOUS
10
4.3559246456692913
20
-1.2017895275590551
11
4.3561171259842517
21
-1.2021673228346457
0
LINE
8
BLACK
6
CONTINUOUS
10
4.3561171259842517
20
-1.2021673228346457
11
4.3576664566929129
21
-1.2042998425196849
0
LINE
8
BLACK
6
CONTINUOUS
10
4.3576664566929129
20
-1.2042998425196849
11
4.3720085039370078
21
-1.1899577559055119
0
LINE
8
BLACK
6
CONTINUOUS
10
4.3720085039370078
20
-1.1899577559055119
11
4.3695512204724407
21
-1.1840252755905512
0
LINE
8
BLACK
6
CONTINUOUS
10
4.3695512204724407
20
-1.1840252755905512
11
4.3682713779527562
21
-1.1775911417322835
0
LINE
8
BLACK
6
CONTINUOUS
10
4.3682713779527562
20
-1.1775911417322835
11
4.3682713779527562
21
-1.1710309055118111
0
LINE
8
BLACK
6
CONTINUOUS
10
4.3682713779527562
20
-1.1710309055118111
11
4.3695512204724407
21
-1.1645967716535433
0
LINE
8
BLACK
6
CONTINUOUS
10
4.3695512204724407
20
-1.1645967716535433
11
4.3720085433070865
21
-1.1586642125984252
0
LINE
8
BLACK
6
CONTINUOUS
10
4.3720085433070865
20
-1.1586642125984252
11
4.3576664566929129
21
-1.144322125984252
0
LINE
8
BLACK
6
CONTINUOUS
10
4.3576664566929129
20
-1.144322125984252
11
4.3576664173228341
21
-1.144322125984252
0
LINE
8
BLACK
6
CONTINUOUS
10
4.3576664173228341
20
-1.144322125984252
11
4.3561173228346455
21
-1.1464543307086614
0
LINE
8
BLACK
6
CONTINUOUS
10
4.3561173228346455
20
-1.1464543307086614
11
4.355924527559055
21
-1.1468327165354331
0
LINE
8
BLACK
6
CONTINUOUS
10
4.355924527559055
20
-1.1468327165354331
11
4.3540356692913385
21
-1.1488324803149605
0
LINE
8
BLACK
6
CONTINUOUS
10
4.3540356692913385
20
-1.1488324803149605
11
4.3513655118110233
21
-1.149493622047244
0
LINE
8
BLACK
6
CONTINUOUS
10
4.3513655118110233
20
-1.149493622047244
11
4.3487618110236221
21
-1.148606220472441
0
LINE
8
BLACK
6
CONTINUOUS
10
4.3487618110236221
20
-1.148606220472441
11
4.3472250393700786
21
-1.1468325984251968
0
LINE
8
BLACK
6
CONTINUOUS
10
4.3472250393700786
20
-1.1468325984251968
11
4.3470325196850395
21
-1.1464548031496062
0
LINE
8
BLACK
6
CONTINUOUS
10
4.3470325196850395
20
-1.1464548031496062
11
4.3454830708661421
21
-1.144322125984252
0
LINE
8
BLACK
6
CONTINUOUS
10
4.3454830708661421
20
-1.144322125984252
11
4.3454830314960633
21
-1.144322125984252
0
LINE
8
BLACK
6
CONTINUOUS
10
4.3454830314960633
20
-1.144322125984252
11
4.3311409842519684
21
-1.1586641338582677
0
LINE
8
BLACK
6
CONTINUOUS
10
4.431140984251968
20
-1.1586641338582677
11
4.4335983858267713
21
-1.1645967716535433
0
LINE
8
BLACK
6
CONTINUOUS
10
4.4335983858267713
20
-1.1645967716535433
11
4.4348782283464567
21
-1.1710309055118111
0
LINE
8
BLACK
6
CONTINUOUS
10
4.4348782283464567
20
-1.1710309055118111
11
4.4348782283464567
21
-1.1775911417322835
0
LINE
8
BLACK
6
CONTINUOUS
10
4.4348782283464567
20
-1.1775911417322835
11
4.4335983858267713
21
-1.1840252755905512
0
LINE
8
BLACK
6
CONTINUOUS
10
4.4335983858267713
20
-1.1840252755905512
11
4.4311410236220468
21
-1.1899578346456692
0
LINE
8
BLACK
6
CONTINUOUS
10
4.4311410236220468
20
-1.1899578346456692
11
4.4454830708661417
21
-1.2042998818897637
0
LINE
8
BLACK
6
CONTINUOUS
10
4.4454830708661417
20
-1.2042998818897637
11
4.4454830708661417
21
-1.2042998425196849
0
LINE
8
BLACK
6
CONTINUOUS
10
4.4454830708661417
20
-1.2042998425196849
11
4.4470323622047241
21
-1.2021674803149607
0
LINE
8
BLACK
6
CONTINUOUS
10
4.4470323622047241
20
-1.2021674803149607
11
4.4508305118110236
21
-1.1947132677165353
0
LINE
8
BLACK
6
CONTINUOUS
10
4.4508305118110236
20
-1.1947132677165353
11
4.4534156299212597
21
-1.1867570866141732
0
LINE
8
BLACK
6
CONTINUOUS
10
4.4534156299212597
20
-1.1867570866141732
11
4.4534156299212597
21
-1.186756968503937
0
LINE
8
BLACK
6
CONTINUOUS
10
4.4534156299212597
20
-1.186756968503937
11
4.4547244094488185
21
-1.178493937007874
0
LINE
8
BLACK
6
CONTINUOUS
10
4.4547244094488185
20
-1.178493937007874
11
4.4547244094488185
21
-1.1701280708661417
0
LINE
8
BLACK
6
CONTINUOUS
10
4.4547244094488185
20
-1.1701280708661417
11
4.4534156299212597
21
-1.1618650393700787
0
LINE
8
BLACK
6
CONTINUOUS
10
4.4534156299212597
20
-1.1618650393700787
11
4.4534156299212597
21
-1.1618649212598424
0
LINE
8
BLACK
6
CONTINUOUS
10
4.4534156299212597
20
-1.1618649212598424
11
4.4508305118110236
21
-1.1539087401574804
0
LINE
8
BLACK
6
CONTINUOUS
10
4.4508305118110236
20
-1.1539087401574804
11
4.4470324409448816
21
-1.14645468503937
0
LINE
8
BLACK
6
CONTINUOUS
10
4.4470324409448816
20
-1.14645468503937
11
4.4454830708661417
21
-1.144322125984252
0
LINE
8
BLACK
6
CONTINUOUS
10
4.4454830708661417
20
-1.144322125984252
11
4.4454830314960629
21
-1.144322125984252
0
LINE
8
BLACK
6
CONTINUOUS
10
4.4454830314960629
20
-1.144322125984252
11
4.431140984251968
21
-1.1586641338582677
0
LINE
8
BLACK
6
CONTINUOUS
10
4.2561173228346458
20
-1.1464542913385827
11
4.25231905511811
21
-1.1539087401574804
0
LINE
8
BLACK
6
CONTINUOUS
10
4.25231905511811
20
-1.1539087401574804
11
4.2497339370078739
21
-1.1618649212598424
0
LINE
8
BLACK
6
CONTINUOUS
10
4.2497339370078739
20
-1.1618649212598424
11
4.2497339370078739
21
-1.1618650393700787
0
LINE
8
BLACK
6
CONTINUOUS
10
4.2497339370078739
20
-1.1618650393700787
11
4.2484251968503939
21
-1.1701280708661417
0
LINE
8
BLACK
6
CONTINUOUS
10
4.2484251968503939
20
-1.1701280708661417
11
4.2484251968503939
21
-1.178493937007874
0
LINE
8
BLACK
6
CONTINUOUS
10
4.2484251968503939
20
-1.178493937007874
11
4.2497339370078739
21
-1.186756968503937
0
LINE
8
BLACK
6
CONTINUOUS
10
4.2497339370078739
20
-1.186756968503937
11
4.2497339370078739
21
-1.1867570866141732
0
LINE
8
BLACK
6
CONTINUOUS
10
4.2497339370078739
20
-1.1867570866141732
11
4.25231905511811
21
-1.1947132677165353
0
LINE
8
BLACK
6
CONTINUOUS
10
4.25231905511811
20
-1.1947132677165353
11
4.2561171259842521
21
-1.2021673228346457
0
LINE
8
BLACK
6
CONTINUOUS
10
4.2561171259842521
20
-1.2021673228346457
11
4.2576664566929132
21
-1.2042998425196849
0
LINE
8
BLACK
6
CONTINUOUS
10
4.2576664566929132
20
-1.2042998425196849
11
4.2720085039370082
21
-1.1899577559055119
0
LINE
8
BLACK
6
CONTINUOUS
10
4.2720085039370082
20
-1.1899577559055119
11
4.2695512204724411
21
-1.1840252755905512
0
LINE
8
BLACK
6
CONTINUOUS
10
4.2695512204724411
20
-1.1840252755905512
11
4.2682713779527557
21
-1.1775911417322835
0
LINE
8
BLACK
6
CONTINUOUS
10
4.2682713779527557
20
-1.1775911417322835
11
4.2682713779527557
21
-1.1710309055118111
0
LINE
8
BLACK
6
CONTINUOUS
10
4.2682713779527557
20
-1.1710309055118111
11
4.2695512204724411
21
-1.1645967716535433
0
LINE
8
BLACK
6
CONTINUOUS
10
4.2695512204724411
20
-1.1645967716535433
11
4.2720085433070869
21
-1.1586642125984252
0
LINE
8
BLACK
6
CONTINUOUS
10
4.2720085433070869
20
-1.1586642125984252
11
4.2576664566929132
21
-1.144322125984252
0
LINE
8
BLACK
6
CONTINUOUS
10
4.2576664566929132
20
-1.144322125984252
11
4.2576664173228345
21
-1.144322125984252
0
LINE
8
BLACK
6
CONTINUOUS
10
4.2576664173228345
20
-1.144322125984252
11
4.2561173228346458
21
-1.1464542913385827
0
LINE
8
BLACK
6
CONTINUOUS
10
4.3112890551181104
20
-1.1063346062992125
11
4.3048549212598424
21
-1.1076144488188977
0
LINE
8
BLACK
6
CONTINUOUS
10
4.3048549212598424
20
-1.1076144488188977
11
4.2982946850393704
21
-1.1076144488188977
0
LINE
8
BLACK
6
CONTINUOUS
10
4.2982946850393704
20
-1.1076144488188977
11
4.2918605511811023
21
-1.1063346062992125
0
LINE
8
BLACK
6
CONTINUOUS
10
4.2918605511811023
20
-1.1063346062992125
11
4.2859279527559053
21
-1.1038772440944882
0
LINE
8
BLACK
6
CONTINUOUS
10
4.2859279527559053
20
-1.1038772440944882
11
4.272833503937008
21
-1.1169716929133857
0
LINE
8
BLACK
6
CONTINUOUS
10
4.272833503937008
20
-1.1169716929133857
11
4.2759335039370079
21
-1.1215903543307086
0
LINE
8
BLACK
6
CONTINUOUS
10
4.2759335039370079
20
-1.1215903543307086
11
4.2759811023622047
21
-1.1217412992125984
0
LINE
8
BLACK
6
CONTINUOUS
10
4.2759811023622047
20
-1.1217412992125984
11
4.2760962204724411
21
-1.1218500393700788
0
LINE
8
BLACK
6
CONTINUOUS
10
4.2760962204724411
20
-1.1218500393700788
11
4.2763914566929131
21
-1.1230424409448818
0
LINE
8
BLACK
6
CONTINUOUS
10
4.2763914566929131
20
-1.1230424409448818
11
4.2767609055118108
21
-1.1242137401574803
0
LINE
8
BLACK
6
CONTINUOUS
10
4.2767609055118108
20
-1.1242137401574803
11
4.2767193307086613
21
-1.1243664566929135
0
LINE
8
BLACK
6
CONTINUOUS
10
4.2767193307086613
20
-1.1243664566929135
11
4.2767574015748027
21
-1.124520157480315
0
LINE
8
BLACK
6
CONTINUOUS
10
4.2767574015748027
20
-1.124520157480315
11
4.2763611417322833
21
-1.1256828346456693
0
LINE
8
BLACK
6
CONTINUOUS
10
4.2763611417322833
20
-1.1256828346456693
11
4.2760387007874012
21
-1.1268679921259843
0
LINE
8
BLACK
6
CONTINUOUS
10
4.2760387007874012
20
-1.1268679921259843
11
4.2759211417322831
21
-1.1269740157480315
0
LINE
8
BLACK
6
CONTINUOUS
10
4.2759211417322831
20
-1.1269740157480315
11
4.2758700787401578
21
-1.1271238976377953
0
LINE
8
BLACK
6
CONTINUOUS
10
4.2758700787401578
20
-1.1271238976377953
11
4.2740964960629917
21
-1.1286607480314961
0
LINE
8
BLACK
6
CONTINUOUS
10
4.2740964960629917
20
-1.1286607480314961
11
4.2737181102362207
21
-1.1288535433070865
0
LINE
8
BLACK
6
CONTINUOUS
10
4.2737181102362207
20
-1.1288535433070865
11
4.2715859055118113
21
-1.1304026377952756
0
LINE
8
BLACK
6
CONTINUOUS
10
4.2715859055118113
20
-1.1304026377952756
11
4.2715859055118113
21
-1.1304026771653544
0
LINE
8
BLACK
6
CONTINUOUS
10
4.2715859055118113
20
-1.1304026771653544
11
4.2859279921259841
21
-1.1447447637795276
0
LINE
8
BLACK
6
CONTINUOUS
10
4.2859279921259841
20
-1.1447447637795276
11
4.2918605511811023
21
-1.1422874409448818
0
LINE
8
BLACK
6
CONTINUOUS
10
4.2918605511811023
20
-1.1422874409448818
11
4.2982946850393704
21
-1.1410075984251968
0
LINE
8
BLACK
6
CONTINUOUS
10
4.2982946850393704
20
-1.1410075984251968
11
4.3048549212598424
21
-1.1410075984251968
0
LINE
8
BLACK
6
CONTINUOUS
10
4.3048549212598424
20
-1.1410075984251968
11
4.3112890551181104
21
-1.1422874409448818
0
LINE
8
BLACK
6
CONTINUOUS
10
4.3112890551181104
20
-1.1422874409448818
11
4.3172215748031499
21
-1.1447447637795276
0
LINE
8
BLACK
6
CONTINUOUS
10
4.3172215748031499
20
-1.1447447637795276
11
4.331563622047244
21
-1.1304026771653544
0
LINE
8
BLACK
6
CONTINUOUS
10
4.331563622047244
20
-1.1304026771653544
11
4.3294311023622045
21
-1.128853346456693
0
LINE
8
BLACK
6
CONTINUOUS
10
4.3294311023622045
20
-1.128853346456693
11
4.329053307086614
21
-1.1286608661417323
0
LINE
8
BLACK
6
CONTINUOUS
10
4.329053307086614
20
-1.1286608661417323
11
4.3270534251968504
21
-1.126772125984252
0
LINE
8
BLACK
6
CONTINUOUS
10
4.3270534251968504
20
-1.126772125984252
11
4.3263921653543305
21
-1.1241020472440946
0
LINE
8
BLACK
6
CONTINUOUS
10
4.3263921653543305
20
-1.1241020472440946
11
4.3272794094488187
21
-1.1214982677165355
0
LINE
8
BLACK
6
CONTINUOUS
10
4.3272794094488187
20
-1.1214982677165355
11
4.329053307086614
21
-1.1199611811023622
0
LINE
8
BLACK
6
CONTINUOUS
10
4.329053307086614
20
-1.1199611811023622
11
4.3294312598425195
21
-1.1197685826771653
0
LINE
8
BLACK
6
CONTINUOUS
10
4.3294312598425195
20
-1.1197685826771653
11
4.331563622047244
21
-1.1182192913385827
0
LINE
8
BLACK
6
CONTINUOUS
10
4.331563622047244
20
-1.1182192913385827
11
4.3315636614173227
21
-1.1182192913385827
0
LINE
8
BLACK
6
CONTINUOUS
10
4.3315636614173227
20
-1.1182192913385827
11
4.3172215748031499
21
-1.1038772440944882
0
LINE
8
BLACK
6
CONTINUOUS
10
4.3172215748031499
20
-1.1038772440944882
11
4.3112890551181104
21
-1.1063346062992125
0
LINE
8
BLACK
6
CONTINUOUS
10
4.3954740944881889
20
-1.0214451968503937
11
4.3891244094488187
21
-1.0224509055118109
0
LINE
8
BLACK
6
CONTINUOUS
10
4.3891244094488187
20
-1.0224509055118109
11
4.3811647637795277
21
-1.0250371653543306
0
LINE
8
BLACK
6
CONTINUOUS
10
4.3811647637795277
20
-1.0250371653543306
11
4.3737078346456695
21
-1.0288366535433071
0
LINE
8
BLACK
6
CONTINUOUS
10
4.3737078346456695
20
-1.0288366535433071
11
4.3669375196850391
21
-1.0337555118110235
0
LINE
8
BLACK
6
CONTINUOUS
10
4.3669375196850391
20
-1.0337555118110235
11
4.3610192913385823
21
-1.0396737401574803
0
LINE
8
BLACK
6
CONTINUOUS
10
4.3610192913385823
20
-1.0396737401574803
11
4.3561003543307084
21
-1.0464441732283465
0
LINE
8
BLACK
6
CONTINUOUS
10
4.3561003543307084
20
-1.0464441732283465
11
4.3559134645669291
21
-1.0468109842519684
0
LINE
8
BLACK
6
CONTINUOUS
10
4.3559134645669291
20
-1.0468109842519684
11
4.35402468503937
21
-1.0488107480314961
0
LINE
8
BLACK
6
CONTINUOUS
10
4.35402468503937
20
-1.0488107480314961
11
4.3513545275590548
21
-1.0494719291338583
0
LINE
8
BLACK
6
CONTINUOUS
10
4.3513545275590548
20
-1.0494719291338583
11
4.3487508267716537
21
-1.0485845669291338
0
LINE
8
BLACK
6
CONTINUOUS
10
4.3487508267716537
20
-1.0485845669291338
11
4.347213937007874
21
-1.0468108267716536
0
LINE
8
BLACK
6
CONTINUOUS
10
4.347213937007874
20
-1.0468108267716536
11
4.3470325196850395
21
-1.0464548031496064
0
LINE
8
BLACK
6
CONTINUOUS
10
4.3470325196850395
20
-1.0464548031496064
11
4.3454830708661421
21
-1.0443221259842519
0
LINE
8
BLACK
6
CONTINUOUS
10
4.3454830708661421
20
-1.0443221259842519
11
4.3454830314960633
21
-1.0443221259842519
0
LINE
8
BLACK
6
CONTINUOUS
10
4.3454830314960633
20
-1.0443221259842519
11
4.3311409842519684
21
-1.0586641338582676
0
LINE
8
BLACK
6
CONTINUOUS
10
4.3311409842519684
20
-1.0586641338582676
11
4.3335983858267717
21
-1.0645967716535434
0
LINE
8
BLACK
6
CONTINUOUS
10
4.3335983858267717
20
-1.0645967716535434
11
4.3348782283464562
21
-1.071030905511811
0
LINE
8
BLACK
6
CONTINUOUS
10
4.3348782283464562
20
-1.071030905511811
11
4.3348782283464562
21
-1.0775911417322834
0
LINE
8
BLACK
6
CONTINUOUS
10
4.3348782283464562
20
-1.0775911417322834
11
4.3335983858267717
21
-1.0840252755905511
0
LINE
8
BLACK
6
CONTINUOUS
10
4.3335983858267717
20
-1.0840252755905511
11
4.3311410236220471
21
-1.0899577952755906
0
LINE
8
BLACK
6
CONTINUOUS
10
4.3311410236220471
20
-1.0899577952755906
11
4.3454830708661421
21
-1.1042998818897638
0
LINE
8
BLACK
6
CONTINUOUS
10
4.3454830708661421
20
-1.1042998818897638
11
4.3454830708661421
21
-1.104299842519685
0
LINE
8
BLACK
6
CONTINUOUS
10
4.3454830708661421
20
-1.104299842519685
11
4.3470323622047244
21
-1.1021675196850393
0
LINE
8
BLACK
6
CONTINUOUS
10
4.3470323622047244
20
-1.1021675196850393
11
4.3472138582677164
21
-1.1018112992125983
0
LINE
8
BLACK
6
CONTINUOUS
10
4.3472138582677164
20
-1.1018112992125983
11
4.349102559055118
21
-1.0998113779527559
0
LINE
8
BLACK
6
CONTINUOUS
10
4.349102559055118
20
-1.0998113779527559
11
4.3517726377952757
21
-1.0991500787401574
0
LINE
8
BLACK
6
CONTINUOUS
10
4.3517726377952757
20
-1.0991500787401574
11
4.3543764173228343
21
-1.1000372834645669
0
LINE
8
BLACK
6
CONTINUOUS
10
4.3543764173228343
20
-1.1000372834645669
11
4.3559135433070866
21
-1.1018111811023621
0
LINE
8
BLACK
6
CONTINUOUS
10
4.3559135433070866
20
-1.1018111811023621
11
4.3561003543307084
21
-1.1021778346456692
0
LINE
8
BLACK
6
CONTINUOUS
10
4.3561003543307084
20
-1.1021778346456692
11
4.3610192913385823
21
-1.1089482677165354
0
LINE
8
BLACK
6
CONTINUOUS
10
4.3610192913385823
20
-1.1089482677165354
11
4.3669375196850391
21
-1.1148664960629922
0
LINE
8
BLACK
6
CONTINUOUS
10
4.3669375196850391
20
-1.1148664960629922
11
4.3737078346456695
21
-1.1197853543307086
0
LINE
8
BLACK
6
CONTINUOUS
10
4.3737078346456695
20
-1.1197853543307086
11
4.373707913385827
21
-1.1197853937007873
0
LINE
8
BLACK
6
CONTINUOUS
10
4.373707913385827
20
-1.1197853937007873
11
4.3737080314960632
21
-1.1197854724409448
0
LINE
8
BLACK
6
CONTINUOUS
10
4.3737080314960632
20
-1.1197854724409448
11
4.3740745275590553
21
-1.1199722047244094
0
LINE
8
BLACK
6
CONTINUOUS
10
4.3740745275590553
20
-1.1199722047244094
11
4.3760744094488189
21
-1.1218608661417322
0
LINE
8
BLACK
6
CONTINUOUS
10
4.3760744094488189
20
-1.1218608661417322
11
4.3767357086614176
21
-1.1245309842519684
0
LINE
8
BLACK
6
CONTINUOUS
10
4.3767357086614176
20
-1.1245309842519684
11
4.3758485039370081
21
-1.1271347244094487
0
LINE
8
BLACK
6
CONTINUOUS
10
4.3758485039370081
20
-1.1271347244094487
11
4.3740749999999995
21
-1.128671653543307
0
LINE
8
BLACK
6
CONTINUOUS
10
4.3740749999999995
20
-1.128671653543307
11
4.3737183464566929
21
-1.1288533858267715
0
LINE
8
BLACK
6
CONTINUOUS
10
4.3737183464566929
20
-1.1288533858267715
11
4.3737181102362204
21
-1.1288535433070865
0
LINE
8
BLACK
6
CONTINUOUS
10
4.3737181102362204
20
-1.1288535433070865
11
4.3715859055118109
21
-1.1304026377952756
0
LINE
8
BLACK
6
CONTINUOUS
10
4.3715859055118109
20
-1.1304026377952756
11
4.3715859055118109
21
-1.1304026771653544
0
LINE
8
BLACK
6
CONTINUOUS
10
4.3715859055118109
20
-1.1304026771653544
11
4.3859279921259837
21
-1.1447447637795276
0
LINE
8
BLACK
6
CONTINUOUS
10
4.3859279921259837
20
-1.1447447637795276
11
4.391860551181102
21
-1.1422874409448818
0
LINE
8
BLACK
6
CONTINUOUS
10
4.391860551181102
20
-1.1422874409448818
11
4.39829468503937
21
-1.1410075984251968
0
LINE
8
BLACK
6
CONTINUOUS
10
4.39829468503937
20
-1.1410075984251968
11
4.404854921259842
21
-1.1410075984251968
0
LINE
8
BLACK
6
CONTINUOUS
10
4.404854921259842
20
-1.1410075984251968
11
4.4112890551181101
21
-1.1422874409448818
0
LINE
8
BLACK
6
CONTINUOUS
10
4.4112890551181101
20
-1.1422874409448818
11
4.4172215748031496
21
-1.1447447637795276
0
LINE
8
BLACK
6
CONTINUOUS
10
4.4172215748031496
20
-1.1447447637795276
11
4.4315636220472436
21
-1.1304026771653544
0
LINE
8
BLACK
6
CONTINUOUS
10
4.4315636220472436
20
-1.1304026771653544
11
4.4294309842519688
21
-1.1288532677165355
0
LINE
8
BLACK
6
CONTINUOUS
10
4.4294309842519688
20
-1.1288532677165355
11
4.4294309842519688
21
-1.1288532283464567
0
LINE
8
BLACK
6
CONTINUOUS
10
4.4294309842519688
20
-1.1288532283464567
11
4.4290748031496063
21
-1.1286717716535433
0
LINE
8
BLACK
6
CONTINUOUS
10
4.4290748031496063
20
-1.1286717716535433
11
4.4270750393700791
21
-1.1267829921259842
0
LINE
8
BLACK
6
CONTINUOUS
10
4.4270750393700791
20
-1.1267829921259842
11
4.4264138582677166
21
-1.1241128346456692
0
LINE
8
BLACK
6
CONTINUOUS
10
4.4264138582677166
20
-1.1241128346456692
11
4.4273012204724411
21
-1.1215091338582677
0
LINE
8
BLACK
6
CONTINUOUS
10
4.4273012204724411
20
-1.1215091338582677
11
4.4290751181102364
21
-1.1199721653543306
0
LINE
8
BLACK
6
CONTINUOUS
10
4.4290751181102364
20
-1.1199721653543306
11
4.4294415748031497
21
-1.1197854724409448
0
LINE
8
BLACK
6
CONTINUOUS
10
4.4294415748031497
20
-1.1197854724409448
11
4.4333144488188978
21
-1.1169716929133857
0
LINE
8
BLACK
6
CONTINUOUS
10
4.4333144488188978
20
-1.1169716929133857
11
4.4362120472440942
21
-1.1148664960629922
0
LINE
8
BLACK
6
CONTINUOUS
10
4.4362120472440942
20
-1.1148664960629922
11
4.4362121259842517
21
-1.1148663779527559
0
LINE
8
BLACK
6
CONTINUOUS
10
4.4362121259842517
20
-1.1148663779527559
11
4.4362122834645668
21
-1.1148662992125984
0
LINE
8
BLACK
6
CONTINUOUS
10
4.4362122834645668
20
-1.1148662992125984
11
4.4421300787401572
21
-1.1089485039370079
0
LINE
8
BLACK
6
CONTINUOUS
10
4.4421300787401572
20
-1.1089485039370079
11
4.4421301574803147
21
-1.1089483464566929
0
LINE
8
BLACK
6
CONTINUOUS
10
4.4421301574803147
20
-1.1089483464566929
11
4.442130275590551
21
-1.1089482677165354
0
LINE
8
BLACK
6
CONTINUOUS
10
4.442130275590551
20
-1.1089482677165354
11
4.4470491338582674
21
-1.1021779527559055
0
LINE
8
BLACK
6
CONTINUOUS
10
4.4470491338582674
20
-1.1021779527559055
11
4.4470492125984249
21
-1.1021778346456692
0
LINE
8
BLACK
6
CONTINUOUS
10
4.4470492125984249
20
-1.1021778346456692
11
4.4470492519685036
21
-1.1021777952755905
0
LINE
8
BLACK
6
CONTINUOUS
10
4.4470492519685036
20
-1.1021777952755905
11
4.4508487007874011
21
-1.0947209448818898
0
LINE
8
BLACK
6
CONTINUOUS
10
4.4508487007874011
20
-1.0947209448818898
11
4.4534348818897636
21
-1.0867615354330709
0
LINE
8
BLACK
6
CONTINUOUS
10
4.4534348818897636
20
-1.0867615354330709
11
4.4547440944881886
21
-1.0784955511811023
0
LINE
8
BLACK
6
CONTINUOUS
10
4.4547440944881886
20
-1.0784955511811023
11
4.4547440944881886
21
-1.0701264960629921
0
LINE
8
BLACK
6
CONTINUOUS
10
4.4547440944881886
20
-1.0701264960629921
11
4.4534348818897636
21
-1.0618605118110236
0
LINE
8
BLACK
6
CONTINUOUS
10
4.4534348818897636
20
-1.0618605118110236
11
4.4508487007874011
21
-1.0539011023622047
0
LINE
8
BLACK
6
CONTINUOUS
10
4.4508487007874011
20
-1.0539011023622047
11
4.4470492519685036
21
-1.046444251968504
0
LINE
8
BLACK
6
CONTINUOUS
10
4.4470492519685036
20
-1.046444251968504
11
4.4470491732283461
21
-1.0464441338582677
0
LINE
8
BLACK
6
CONTINUOUS
10
4.4470491732283461
20
-1.0464441338582677
11
4.4470491338582674
21
-1.0464440551181102
0
LINE
8
BLACK
6
CONTINUOUS
10
4.4470491338582674
20
-1.0464440551181102
11
4.442130275590551
21
-1.0396737401574803
0
LINE
8
BLACK
6
CONTINUOUS
10
4.442130275590551
20
-1.0396737401574803
11
4.4362120472440942
21
-1.0337555118110235
0
LINE
8
BLACK
6
CONTINUOUS
10
4.4362120472440942
20
-1.0337555118110235
11
4.4294417322834647
21
-1.0288366535433071
0
LINE
8
BLACK
6
CONTINUOUS
10
4.4294417322834647
20
-1.0288366535433071
11
4.4219848031496065
21
-1.0250371653543306
0
LINE
8
BLACK
6
CONTINUOUS
10
4.4219848031496065
20
-1.0250371653543306
11
4.4219847637795278
21
-1.0250371259842519
0
LINE
8
BLACK
6
CONTINUOUS
10
4.4219847637795278
20
-1.0250371259842519
11
4.421984724409449
21
-1.0250371259842519
0
LINE
8
BLACK
6
CONTINUOUS
10
4.421984724409449
20
-1.0250371259842519
11
4.4140253149606297
21
-1.0224509448818897
0
LINE
8
BLACK
6
CONTINUOUS
10
4.4140253149606297
20
-1.0224509448818897
11
4.4140252362204722
21
-1.0224509055118109
0
LINE
8
BLACK
6
CONTINUOUS
10
4.4140252362204722
20
-1.0224509055118109
11
4.4140251968503934
21
-1.0224509055118109
0
LINE
8
BLACK
6
CONTINUOUS
10
4.4140251968503934
20
-1.0224509055118109
11
4.4076754724409444
21
-1.0214451968503937
0
LINE
8
BLACK
6
CONTINUOUS
10
4.4076754724409444
20
-1.0214451968503937
11
4.4057593307086611
21
-1.0211417322834646
0
LINE
8
BLACK
6
CONTINUOUS
10
4.4057593307086611
20
-1.0211417322834646
11
4.397390275590551
21
-1.0211417322834646
0
LINE
8
BLACK
6
CONTINUOUS
10
4.397390275590551
20
-1.0211417322834646
11
4.3954740944881889
21
-1.0214451968503937
0
LINE
8
BLACK
6
CONTINUOUS
10
4.2561173228346458
20
-1.0464542913385826
11
4.25231905511811
21
-1.0539087401574803
0
LINE
8
BLACK
6
CONTINUOUS
10
4.25231905511811
20
-1.0539087401574803
11
4.2497339370078739
21
-1.0618649212598426
0
LINE
8
BLACK
6
CONTINUOUS
10
4.2497339370078739
20
-1.0618649212598426
11
4.2497339370078739
21
-1.0618650393700788
0
LINE
8
BLACK
6
CONTINUOUS
10
4.2497339370078739
20
-1.0618650393700788
11
4.2484251968503939
21
-1.0701280708661418
0
LINE
8
BLACK
6
CONTINUOUS
10
4.2484251968503939
20
-1.0701280708661418
11
4.2484251968503939
21
-1.0784939370078739
0
LINE
8
BLACK
6
CONTINUOUS
10
4.2484251968503939
20
-1.0784939370078739
11
4.2497339370078739
21
-1.0867569685039369
0
LINE
8
BLACK
6
CONTINUOUS
10
4.2497339370078739
20
-1.0867569685039369
11
4.2497339370078739
21
-1.0867570866141731
0
LINE
8
BLACK
6
CONTINUOUS
10
4.2497339370078739
20
-1.0867570866141731
11
4.25231905511811
21
-1.0947132677165354
0
LINE
8
BLACK
6
CONTINUOUS
10
4.25231905511811
20
-1.0947132677165354
11
4.2561171259842521
21
-1.1021673228346456
0
LINE
8
BLACK
6
CONTINUOUS
10
4.2561171259842521
20
-1.1021673228346456
11
4.2576664566929132
21
-1.104299842519685
0
LINE
8
BLACK
6
CONTINUOUS
10
4.2576664566929132
20
-1.104299842519685
11
4.2720085039370082
21
-1.0899577559055118
0
LINE
8
BLACK
6
CONTINUOUS
10
4.2720085039370082
20
-1.0899577559055118
11
4.2695512204724411
21
-1.0840252755905511
0
LINE
8
BLACK
6
CONTINUOUS
10
4.2695512204724411
20
-1.0840252755905511
11
4.2682713779527557
21
-1.0775911417322834
0
LINE
8
BLACK
6
CONTINUOUS
10
4.2682713779527557
20
-1.0775911417322834
11
4.2682713779527557
21
-1.071030905511811
0
LINE
8
BLACK
6
CONTINUOUS
10
4.2682713779527557
20
-1.071030905511811
11
4.2695512204724411
21
-1.0645967716535434
0
LINE
8
BLACK
6
CONTINUOUS
10
4.2695512204724411
20
-1.0645967716535434
11
4.2720085433070869
21
-1.0586642125984251
0
LINE
8
BLACK
6
CONTINUOUS
10
4.2720085433070869
20
-1.0586642125984251
11
4.2576664566929132
21
-1.0443221259842519
0
LINE
8
BLACK
6
CONTINUOUS
10
4.2576664566929132
20
-1.0443221259842519
11
4.2576664173228345
21
-1.0443221259842519
0
LINE
8
BLACK
6
CONTINUOUS
10
4.2576664173228345
20
-1.0443221259842519
11
4.2561173228346458
21
-1.0464542913385826
0
LINE
8
BLACK
6
CONTINUOUS
10
4.2891288188976375
20
-1.022470157480315
11
4.2891287007874013
21
-1.022470157480315
0
LINE
8
BLACK
6
CONTINUOUS
10
4.2891287007874013
20
-1.022470157480315
11
4.2811725196850396
21
-1.0250552755905511
0
LINE
8
BLACK
6
CONTINUOUS
10
4.2811725196850396
20
-1.0250552755905511
11
4.273718070866142
21
-1.0288535433070867
0
LINE
8
BLACK
6
CONTINUOUS
10
4.273718070866142
20
-1.0288535433070867
11
4.2715859055118113
21
-1.0304026377952755
0
LINE
8
BLACK
6
CONTINUOUS
10
4.2715859055118113
20
-1.0304026377952755
11
4.2715859055118113
21
-1.0304026771653543
0
LINE
8
BLACK
6
CONTINUOUS
10
4.2715859055118113
20
-1.0304026771653543
11
4.2859279921259841
21
-1.0447447637795275
0
LINE
8
BLACK
6
CONTINUOUS
10
4.2859279921259841
20
-1.0447447637795275
11
4.2918605511811023
21
-1.0422874409448819
0
LINE
8
BLACK
6
CONTINUOUS
10
4.2918605511811023
20
-1.0422874409448819
11
4.2982946850393704
21
-1.0410075984251967
0
LINE
8
BLACK
6
CONTINUOUS
10
4.2982946850393704
20
-1.0410075984251967
11
4.3048549212598424
21
-1.0410075984251967
0
LINE
8
BLACK
6
CONTINUOUS
10
4.3048549212598424
20
-1.0410075984251967
11
4.3112890551181104
21
-1.0422874409448819
0
LINE
8
BLACK
6
CONTINUOUS
10
4.3112890551181104
20
-1.0422874409448819
11
4.3172215748031499
21
-1.0447447637795275
0
LINE
8
BLACK
6
CONTINUOUS
10
4.3172215748031499
20
-1.0447447637795275
11
4.331563622047244
21
-1.0304026771653543
0
LINE
8
BLACK
6
CONTINUOUS
10
4.331563622047244
20
-1.0304026771653543
11
4.3294311023622045
21
-1.0288533464566929
0
LINE
8
BLACK
6
CONTINUOUS
10
4.3294311023622045
20
-1.0288533464566929
11
4.3219770472440944
21
-1.0250552755905511
0
LINE
8
BLACK
6
CONTINUOUS
10
4.3219770472440944
20
-1.0250552755905511
11
4.3140208267716531
21
-1.022470157480315
0
LINE
8
BLACK
6
CONTINUOUS
10
4.3140208267716531
20
-1.022470157480315
11
4.3057577165354326
21
-1.0211614173228347
0
LINE
8
BLACK
6
CONTINUOUS
10
4.3057577165354326
20
-1.0211614173228347
11
4.2973918897637793
21
-1.0211614173228347
0
LINE
8
BLACK
6
CONTINUOUS
10
4.2973918897637793
20
-1.0211614173228347
11
4.2891288188976375
21
-1.022470157480315
0
LINE
8
BLACK
6
CONTINUOUS
10
3.5787401574803148
20
-2.3428077559055116
11
3.5800003543307084
21
-2.3507644488188975
0
LINE
8
BLACK
6
CONTINUOUS
10
3.5800003543307084
20
-2.3507644488188975
11
3.5824899212598424
21
-2.3584264173228346
0
LINE
8
BLACK
6
CONTINUOUS
10
3.5824899212598424
20
-2.3584264173228346
11
3.5861472834645669
21
-2.3656043307086612
0
LINE
8
BLACK
6
CONTINUOUS
10
3.5861472834645669
20
-2.3656043307086612
11
3.5861475196850394
21
-2.3656046850393699
0
LINE
8
BLACK
6
CONTINUOUS
10
3.5861475196850394
20
-2.3656046850393699
11
3.5874221653543308
21
-2.3673590944881888
0
LINE
8
BLACK
6
CONTINUOUS
10
3.5874221653543308
20
-2.3673590944881888
11
3.5874222047244095
21
-2.3673591338582676
0
LINE
8
BLACK
6
CONTINUOUS
10
3.5874222047244095
20
-2.3673591338582676
11
3.60185437007874
21
-2.3529269291338584
0
LINE
8
BLACK
6
CONTINUOUS
10
3.60185437007874
20
-2.3529269291338584
11
3.5997814173228346
21
-2.3479223622047245
0
LINE
8
BLACK
6
CONTINUOUS
10
3.5997814173228346
20
-2.3479223622047245
11
3.5985768503937008
21
-2.3418666929133858
0
LINE
8
BLACK
6
CONTINUOUS
10
3.5985768503937008
20
-2.3418666929133858
11
3.5985768503937008
21
-2.3356923622047243
0
LINE
8
BLACK
6
CONTINUOUS
10
3.5985768503937008
20
-2.3356923622047243
11
3.5997814173228346
21
-2.3296366929133856
0
LINE
8
BLACK
6
CONTINUOUS
10
3.5997814173228346
20
-2.3296366929133856
11
3.60185437007874
21
-2.3246320472440942
0
LINE
8
BLACK
6
CONTINUOUS
10
3.60185437007874
20
-2.3246320472440942
11
3.5874222047244095
21
-2.3101998818897638
0
LINE
8
BLACK
6
CONTINUOUS
10
3.5874222047244095
20
-2.3101998818897638
11
3.5874221653543308
21
-2.3101998818897638
0
LINE
8
BLACK
6
CONTINUOUS
10
3.5874221653543308
20
-2.3101998818897638
11
3.5861473622047244
21
-2.3119544881889764
0
LINE
8
BLACK
6
CONTINUOUS
10
3.5861473622047244
20
-2.3119544881889764
11
3.5824899212598424
21
-2.3191325984251967
0
LINE
8
BLACK
6
CONTINUOUS
10
3.5824899212598424
20
-2.3191325984251967
11
3.5800003543307084
21
-2.3267945669291339
0
LINE
8
BLACK
6
CONTINUOUS
10
3.5800003543307084
20
-2.3267945669291339
11
3.5787401574803148
21
-2.3347512598425197
0
LINE
8
BLACK
6
CONTINUOUS
10
3.5787401574803148
20
-2.3347512598425197
11
3.5787401574803148
21
-2.3428077559055116
0
LINE
8
BLACK
6
CONTINUOUS
10
2.1026276377952757
20
-2.4839212992125983
11
2.1086884645669293
21
-2.4864317716535433
0
LINE
8
BLACK
6
CONTINUOUS
10
2.1086884645669293
20
-2.4864317716535433
11
2.1141430708661417
21
-2.4900764173228347
0
LINE
8
BLACK
6
CONTINUOUS
10
2.1141430708661417
20
-2.4900764173228347
11
2.1187818503937006
21
-2.4947151968503936
0
LINE
8
BLACK
6
CONTINUOUS
10
2.1187818503937006
20
-2.4947151968503936
11
2.1224264960629919
21
-2.5001698031496065
0
LINE
8
BLACK
6
CONTINUOUS
10
2.1224264960629919
20
-2.5001698031496065
11
2.124936968503937
21
-2.50623062992126
0
LINE
8
BLACK
6
CONTINUOUS
10
2.124936968503937
20
-2.50623062992126
11
2.1262168110236219
21
-2.5126647637795276
0
LINE
8
BLACK
6
CONTINUOUS
10
2.1262168110236219
20
-2.5126647637795276
11
2.1262168110236219
21
-2.519225
0
LINE
8
BLACK
6
CONTINUOUS
10
2.1262168110236219
20
-2.519225
11
2.124936968503937
21
-2.5256591338582677
0
LINE
8
BLACK
6
CONTINUOUS
10
2.124936968503937
20
-2.5256591338582677
11
2.1224264960629919
21
-2.5317199606299212
0
LINE
8
BLACK
6
CONTINUOUS
10
2.1224264960629919
20
-2.5317199606299212
11
2.1187818503937006
21
-2.5371745669291337
0
LINE
8
BLACK
6
CONTINUOUS
10
2.1187818503937006
20
-2.5371745669291337
11
2.1141430708661417
21
-2.541813346456693
0
LINE
8
BLACK
6
CONTINUOUS
10
2.1141430708661417
20
-2.541813346456693
11
2.1086884645669293
21
-2.5454579921259843
0
LINE
8
BLACK
6
CONTINUOUS
10
2.1086884645669293
20
-2.5454579921259843
11
2.1026276377952757
21
-2.5479684645669289
0
LINE
8
BLACK
6
CONTINUOUS
10
2.1026276377952757
20
-2.5479684645669289
11
2.0961935039370077
21
-2.5492483070866143
0
LINE
8
BLACK
6
CONTINUOUS
10
2.0961935039370077
20
-2.5492483070866143
11
2.0896332677165352
21
-2.5492483070866143
0
LINE
8
BLACK
6
CONTINUOUS
10
2.0896332677165352
20
-2.5492483070866143
11
2.0831991338582676
21
-2.5479684645669289
0
LINE
8
BLACK
6
CONTINUOUS
10
2.0831991338582676
20
-2.5479684645669289
11
2.0771383070866141
21
-2.5454579921259843
0
LINE
8
BLACK
6
CONTINUOUS
10
2.0771383070866141
20
-2.5454579921259843
11
2.0716837007874016
21
-2.541813346456693
0
LINE
8
BLACK
6
CONTINUOUS
10
2.0716837007874016
20
-2.541813346456693
11
2.0670449212598423
21
-2.5371745669291337
0
LINE
8
BLACK
6
CONTINUOUS
10
2.0670449212598423
20
-2.5371745669291337
11
2.0634002755905509
21
-2.5317199606299212
0
LINE
8
BLACK
6
CONTINUOUS
10
2.0634002755905509
20
-2.5317199606299212
11
2.0608898031496063
21
-2.5256591338582677
0
LINE
8
BLACK
6
CONTINUOUS
10
2.0608898031496063
20
-2.5256591338582677
11
2.0596099606299214
21
-2.519225
0
LINE
8
BLACK
6
CONTINUOUS
10
2.0596099606299214
20
-2.519225
11
2.0596099606299214
21
-2.5126647637795276
0
LINE
8
BLACK
6
CONTINUOUS
10
2.0596099606299214
20
-2.5126647637795276
11
2.0608898031496063
21
-2.50623062992126
0
LINE
8
BLACK
6
CONTINUOUS
10
2.0608898031496063
20
-2.50623062992126
11
2.0634002755905509
21
-2.5001698031496065
0
LINE
8
BLACK
6
CONTINUOUS
10
2.0634002755905509
20
-2.5001698031496065
11
2.0670449212598423
21
-2.4947151968503936
0
LINE
8
BLACK
6
CONTINUOUS
10
2.0670449212598423
20
-2.4947151968503936
11
2.0716837007874016
21
-2.4900764173228347
0
LINE
8
BLACK
6
CONTINUOUS
10
2.0716837007874016
20
-2.4900764173228347
11
2.0771383070866141
21
-2.4864317716535433
0
LINE
8
BLACK
6
CONTINUOUS
10
2.0771383070866141
20
-2.4864317716535433
11
2.0831991338582676
21
-2.4839212992125983
0
LINE
8
BLACK
6
CONTINUOUS
10
2.0831991338582676
20
-2.4839212992125983
11
2.0896332677165352
21
-2.4826414566929134
0
LINE
8
BLACK
6
CONTINUOUS
10
2.0896332677165352
20
-2.4826414566929134
11
2.0961935039370077
21
-2.4826414566929134
0
LINE
8
BLACK
6
CONTINUOUS
10
2.0961935039370077
20
-2.4826414566929134
11
2.1026276377952757
21
-2.4839212992125983
0
LINE
8
BLACK
6
CONTINUOUS
10
2.2026276377952754
20
-2.4839212992125983
11
2.2086884645669289
21
-2.4864317716535433
0
LINE
8
BLACK
6
CONTINUOUS
10
2.2086884645669289
20
-2.4864317716535433
11
2.2141430708661418
21
-2.4900764173228347
0
LINE
8
BLACK
6
CONTINUOUS
10
2.2141430708661418
20
-2.4900764173228347
11
2.2187818503937007
21
-2.4947151968503936
0
LINE
8
BLACK
6
CONTINUOUS
10
2.2187818503937007
20
-2.4947151968503936
11
2.222426496062992
21
-2.5001698031496065
0
LINE
8
BLACK
6
CONTINUOUS
10
2.222426496062992
20
-2.5001698031496065
11
2.2249369685039371
21
-2.50623062992126
0
LINE
8
BLACK
6
CONTINUOUS
10
2.2249369685039371
20
-2.50623062992126
11
2.226216811023622
21
-2.5126647637795276
0
LINE
8
BLACK
6
CONTINUOUS
10
2.226216811023622
20
-2.5126647637795276
11
2.226216811023622
21
-2.519225
0
LINE
8
BLACK
6
CONTINUOUS
10
2.226216811023622
20
-2.519225
11
2.2249369685039371
21
-2.5256591338582677
0
LINE
8
BLACK
6
CONTINUOUS
10
2.2249369685039371
20
-2.5256591338582677
11
2.222426496062992
21
-2.5317199606299212
0
LINE
8
BLACK
6
CONTINUOUS
10
2.222426496062992
20
-2.5317199606299212
11
2.2187818503937007
21
-2.5371745669291337
0
LINE
8
BLACK
6
CONTINUOUS
10
2.2187818503937007
20
-2.5371745669291337
11
2.2141430708661418
21
-2.541813346456693
0
LINE
8
BLACK
6
CONTINUOUS
10
2.2141430708661418
20
-2.541813346456693
11
2.2086884645669289
21
-2.5454579921259843
0
LINE
8
BLACK
6
CONTINUOUS
10
2.2086884645669289
20
-2.5454579921259843
11
2.2026276377952754
21
-2.5479684645669289
0
LINE
8
BLACK
6
CONTINUOUS
10
2.2026276377952754
20
-2.5479684645669289
11
2.1961935039370077
21
-2.5492483070866143
0
LINE
8
BLACK
6
CONTINUOUS
10
2.1961935039370077
20
-2.5492483070866143
11
2.1896332677165353
21
-2.5492483070866143
0
LINE
8
BLACK
6
CONTINUOUS
10
2.1896332677165353
20
-2.5492483070866143
11
2.1831991338582677
21
-2.5479684645669289
0
LINE
8
BLACK
6
CONTINUOUS
10
2.1831991338582677
20
-2.5479684645669289
11
2.1771383070866142
21
-2.5454579921259843
0
LINE
8
BLACK
6
CONTINUOUS
10
2.1771383070866142
20
-2.5454579921259843
11
2.1716837007874017
21
-2.541813346456693
0
LINE
8
BLACK
6
CONTINUOUS
10
2.1716837007874017
20
-2.541813346456693
11
2.1670449212598424
21
-2.5371745669291337
0
LINE
8
BLACK
6
CONTINUOUS
10
2.1670449212598424
20
-2.5371745669291337
11
2.163400275590551
21
-2.5317199606299212
0
LINE
8
BLACK
6
CONTINUOUS
10
2.163400275590551
20
-2.5317199606299212
11
2.1608898031496064
21
-2.5256591338582677
0
LINE
8
BLACK
6
CONTINUOUS
10
2.1608898031496064
20
-2.5256591338582677
11
2.1596099606299211
21
-2.519225
0
LINE
8
BLACK
6
CONTINUOUS
10
2.1596099606299211
20
-2.519225
11
2.1596099606299211
21
-2.5126647637795276
0
LINE
8
BLACK
6
CONTINUOUS
10
2.1596099606299211
20
-2.5126647637795276
11
2.1608898031496064
21
-2.50623062992126
0
LINE
8
BLACK
6
CONTINUOUS
10
2.1608898031496064
20
-2.50623062992126
11
2.163400275590551
21
-2.5001698031496065
0
LINE
8
BLACK
6
CONTINUOUS
10
2.163400275590551
20
-2.5001698031496065
11
2.1670449212598424
21
-2.4947151968503936
0
LINE
8
BLACK
6
CONTINUOUS
10
2.1670449212598424
20
-2.4947151968503936
11
2.1716837007874017
21
-2.4900764173228347
0
LINE
8
BLACK
6
CONTINUOUS
10
2.1716837007874017
20
-2.4900764173228347
11
2.1771383070866142
21
-2.4864317716535433
0
LINE
8
BLACK
6
CONTINUOUS
10
2.1771383070866142
20
-2.4864317716535433
11
2.1831991338582677
21
-2.4839212992125983
0
LINE
8
BLACK
6
CONTINUOUS
10
2.1831991338582677
20
-2.4839212992125983
11
2.1896332677165353
21
-2.4826414566929134
0
LINE
8
BLACK
6
CONTINUOUS
10
2.1896332677165353
20
-2.4826414566929134
11
2.1961935039370077
21
-2.4826414566929134
0
LINE
8
BLACK
6
CONTINUOUS
10
2.1961935039370077
20
-2.4826414566929134
11
2.2026276377952754
21
-2.4839212992125983
0
LINE
8
BLACK
6
CONTINUOUS
10
2.1026276377952757
20
-2.3839212992125982
11
2.1086884645669293
21
-2.3864317716535433
0
LINE
8
BLACK
6
CONTINUOUS
10
2.1086884645669293
20
-2.3864317716535433
11
2.1141430708661417
21
-2.3900764173228346
0
LINE
8
BLACK
6
CONTINUOUS
10
2.1141430708661417
20
-2.3900764173228346
11
2.1187818503937006
21
-2.3947151968503935
0
LINE
8
BLACK
6
CONTINUOUS
10
2.1187818503937006
20
-2.3947151968503935
11
2.1224264960629919
21
-2.4001698031496064
0
LINE
8
BLACK
6
CONTINUOUS
10
2.1224264960629919
20
-2.4001698031496064
11
2.124936968503937
21
-2.4062306299212599
0
LINE
8
BLACK
6
CONTINUOUS
10
2.124936968503937
20
-2.4062306299212599
11
2.1262168110236219
21
-2.4126647637795275
0
LINE
8
BLACK
6
CONTINUOUS
10
2.1262168110236219
20
-2.4126647637795275
11
2.1262168110236219
21
-2.419225
0
LINE
8
BLACK
6
CONTINUOUS
10
2.1262168110236219
20
-2.419225
11
2.124936968503937
21
-2.4256591338582676
0
LINE
8
BLACK
6
CONTINUOUS
10
2.124936968503937
20
-2.4256591338582676
11
2.1224264960629919
21
-2.4317199606299211
0
LINE
8
BLACK
6
CONTINUOUS
10
2.1224264960629919
20
-2.4317199606299211
11
2.1187818503937006
21
-2.4371745669291336
0
LINE
8
BLACK
6
CONTINUOUS
10
2.1187818503937006
20
-2.4371745669291336
11
2.1141430708661417
21
-2.4418133464566929
0
LINE
8
BLACK
6
CONTINUOUS
10
2.1141430708661417
20
-2.4418133464566929
11
2.1086884645669293
21
-2.4454579921259842
0
LINE
8
BLACK
6
CONTINUOUS
10
2.1086884645669293
20
-2.4454579921259842
11
2.1026276377952757
21
-2.4479684645669293
0
LINE
8
BLACK
6
CONTINUOUS
10
2.1026276377952757
20
-2.4479684645669293
11
2.0961935039370077
21
-2.4492483070866142
0
LINE
8
BLACK
6
CONTINUOUS
10
2.0961935039370077
20
-2.4492483070866142
11
2.0896332677165352
21
-2.4492483070866142
0
LINE
8
BLACK
6
CONTINUOUS
10
2.0896332677165352
20
-2.4492483070866142
11
2.0831991338582676
21
-2.4479684645669293
0
LINE
8
BLACK
6
CONTINUOUS
10
2.0831991338582676
20
-2.4479684645669293
11
2.0771383070866141
21
-2.4454579921259842
0
LINE
8
BLACK
6
CONTINUOUS
10
2.0771383070866141
20
-2.4454579921259842
11
2.0716837007874016
21
-2.4418133464566929
0
LINE
8
BLACK
6
CONTINUOUS
10
2.0716837007874016
20
-2.4418133464566929
11
2.0670449212598423
21
-2.4371745669291336
0
LINE
8
BLACK
6
CONTINUOUS
10
2.0670449212598423
20
-2.4371745669291336
11
2.0634002755905509
21
-2.4317199606299211
0
LINE
8
BLACK
6
CONTINUOUS
10
2.0634002755905509
20
-2.4317199606299211
11
2.0608898031496063
21
-2.4256591338582676
0
LINE
8
BLACK
6
CONTINUOUS
10
2.0608898031496063
20
-2.4256591338582676
11
2.0596099606299214
21
-2.419225
0
LINE
8
BLACK
6
CONTINUOUS
10
2.0596099606299214
20
-2.419225
11
2.0596099606299214
21
-2.4126647637795275
0
LINE
8
BLACK
6
CONTINUOUS
10
2.0596099606299214
20
-2.4126647637795275
11
2.0608898031496063
21
-2.4062306299212599
0
LINE
8
BLACK
6
CONTINUOUS
10
2.0608898031496063
20
-2.4062306299212599
11
2.0634002755905509
21
-2.4001698031496064
0
LINE
8
BLACK
6
CONTINUOUS
10
2.0634002755905509
20
-2.4001698031496064
11
2.0670449212598423
21
-2.3947151968503935
0
LINE
8
BLACK
6
CONTINUOUS
10
2.0670449212598423
20
-2.3947151968503935
11
2.0716837007874016
21
-2.3900764173228346
0
LINE
8
BLACK
6
CONTINUOUS
10
2.0716837007874016
20
-2.3900764173228346
11
2.0771383070866141
21
-2.3864317716535433
0
LINE
8
BLACK
6
CONTINUOUS
10
2.0771383070866141
20
-2.3864317716535433
11
2.0831991338582676
21
-2.3839212992125982
0
LINE
8
BLACK
6
CONTINUOUS
10
2.0831991338582676
20
-2.3839212992125982
11
2.0896332677165352
21
-2.3826414566929133
0
LINE
8
BLACK
6
CONTINUOUS
10
2.0896332677165352
20
-2.3826414566929133
11
2.0961935039370077
21
-2.3826414566929133
0
LINE
8
BLACK
6
CONTINUOUS
10
2.0961935039370077
20
-2.3826414566929133
11
2.1026276377952757
21
-2.3839212992125982
0
LINE
8
BLACK
6
CONTINUOUS
10
2.2026276377952754
20
-2.3839212992125982
11
2.2086884645669289
21
-2.3864317716535433
0
LINE
8
BLACK
6
CONTINUOUS
10
2.2086884645669289
20
-2.3864317716535433
11
2.2141430708661418
21
-2.3900764173228346
0
LINE
8
BLACK
6
CONTINUOUS
10
2.2141430708661418
20
-2.3900764173228346
11
2.2187818503937007
21
-2.3947151968503935
0
LINE
8
BLACK
6
CONTINUOUS
10
2.2187818503937007
20
-2.3947151968503935
11
2.222426496062992
21
-2.4001698031496064
0
LINE
8
BLACK
6
CONTINUOUS
10
2.222426496062992
20
-2.4001698031496064
11
2.2249369685039371
21
-2.4062306299212599
0
LINE
8
BLACK
6
CONTINUOUS
10
2.2249369685039371
20
-2.4062306299212599
11
2.226216811023622
21
-2.4126647637795275
0
LINE
8
BLACK
6
CONTINUOUS
10
2.226216811023622
20
-2.4126647637795275
11
2.226216811023622
21
-2.419225
0
LINE
8
BLACK
6
CONTINUOUS
10
2.226216811023622
20
-2.419225
11
2.2249369685039371
21
-2.4256591338582676
0
LINE
8
BLACK
6
CONTINUOUS
10
2.2249369685039371
20
-2.4256591338582676
11
2.222426496062992
21
-2.4317199606299211
0
LINE
8
BLACK
6
CONTINUOUS
10
2.222426496062992
20
-2.4317199606299211
11
2.2187818503937007
21
-2.4371745669291336
0
LINE
8
BLACK
6
CONTINUOUS
10
2.2187818503937007
20
-2.4371745669291336
11
2.2141430708661418
21
-2.4418133464566929
0
LINE
8
BLACK
6
CONTINUOUS
10
2.2141430708661418
20
-2.4418133464566929
11
2.2086884645669289
21
-2.4454579921259842
0
LINE
8
BLACK
6
CONTINUOUS
10
2.2086884645669289
20
-2.4454579921259842
11
2.2026276377952754
21
-2.4479684645669293
0
LINE
8
BLACK
6
CONTINUOUS
10
2.2026276377952754
20
-2.4479684645669293
11
2.1961935039370077
21
-2.4492483070866142
0
LINE
8
BLACK
6
CONTINUOUS
10
2.1961935039370077
20
-2.4492483070866142
11
2.1896332677165353
21
-2.4492483070866142
0
LINE
8
BLACK
6
CONTINUOUS
10
2.1896332677165353
20
-2.4492483070866142
11
2.1831991338582677
21
-2.4479684645669293
0
LINE
8
BLACK
6
CONTINUOUS
10
2.1831991338582677
20
-2.4479684645669293
11
2.1771383070866142
21
-2.4454579921259842
0
LINE
8
BLACK
6
CONTINUOUS
10
2.1771383070866142
20
-2.4454579921259842
11
2.1716837007874017
21
-2.4418133464566929
0
LINE
8
BLACK
6
CONTINUOUS
10
2.1716837007874017
20
-2.4418133464566929
11
2.1670449212598424
21
-2.4371745669291336
0
LINE
8
BLACK
6
CONTINUOUS
10
2.1670449212598424
20
-2.4371745669291336
11
2.163400275590551
21
-2.4317199606299211
0
LINE
8
BLACK
6
CONTINUOUS
10
2.163400275590551
20
-2.4317199606299211
11
2.1608898031496064
21
-2.4256591338582676
0
LINE
8
BLACK
6
CONTINUOUS
10
2.1608898031496064
20
-2.4256591338582676
11
2.1596099606299211
21
-2.419225
0
LINE
8
BLACK
6
CONTINUOUS
10
2.1596099606299211
20
-2.419225
11
2.1596099606299211
21
-2.4126647637795275
0
LINE
8
BLACK
6
CONTINUOUS
10
2.1596099606299211
20
-2.4126647637795275
11
2.1608898031496064
21
-2.4062306299212599
0
LINE
8
BLACK
6
CONTINUOUS
10
2.1608898031496064
20
-2.4062306299212599
11
2.163400275590551
21
-2.4001698031496064
0
LINE
8
BLACK
6
CONTINUOUS
10
2.163400275590551
20
-2.4001698031496064
11
2.1670449212598424
21
-2.3947151968503935
0
LINE
8
BLACK
6
CONTINUOUS
10
2.1670449212598424
20
-2.3947151968503935
11
2.1716837007874017
21
-2.3900764173228346
0
LINE
8
BLACK
6
CONTINUOUS
10
2.1716837007874017
20
-2.3900764173228346
11
2.1771383070866142
21
-2.3864317716535433
0
LINE
8
BLACK
6
CONTINUOUS
10
2.1771383070866142
20
-2.3864317716535433
11
2.1831991338582677
21
-2.3839212992125982
0
LINE
8
BLACK
6
CONTINUOUS
10
2.1831991338582677
20
-2.3839212992125982
11
2.1896332677165353
21
-2.3826414566929133
0
LINE
8
BLACK
6
CONTINUOUS
10
2.1896332677165353
20
-2.3826414566929133
11
2.1961935039370077
21
-2.3826414566929133
0
LINE
8
BLACK
6
CONTINUOUS
10
2.1961935039370077
20
-2.3826414566929133
11
2.2026276377952754
21
-2.3839212992125982
0
LINE
8
BLACK
6
CONTINUOUS
10
2.1026276377952757
20
-2.2839212992125986
11
2.1086884645669293
21
-2.2864317716535432
0
LINE
8
BLACK
6
CONTINUOUS
10
2.1086884645669293
20
-2.2864317716535432
11
2.1141430708661417
21
-2.2900764173228345
0
LINE
8
BLACK
6
CONTINUOUS
10
2.1141430708661417
20
-2.2900764173228345
11
2.1187818503937006
21
-2.2947151968503938
0
LINE
8
BLACK
6
CONTINUOUS
10
2.1187818503937006
20
-2.2947151968503938
11
2.1224264960629919
21
-2.3001698031496063
0
LINE
8
BLACK
6
CONTINUOUS
10
2.1224264960629919
20
-2.3001698031496063
11
2.124936968503937
21
-2.3062306299212598
0
LINE
8
BLACK
6
CONTINUOUS
10
2.124936968503937
20
-2.3062306299212598
11
2.1262168110236219
21
-2.3126647637795275
0
LINE
8
BLACK
6
CONTINUOUS
10
2.1262168110236219
20
-2.3126647637795275
11
2.1262168110236219
21
-2.3192249999999999
0
LINE
8
BLACK
6
CONTINUOUS
10
2.1262168110236219
20
-2.3192249999999999
11
2.124936968503937
21
-2.3256591338582675
0
LINE
8
BLACK
6
CONTINUOUS
10
2.124936968503937
20
-2.3256591338582675
11
2.1224264960629919
21
-2.331719960629921
0
LINE
8
BLACK
6
CONTINUOUS
10
2.1224264960629919
20
-2.331719960629921
11
2.1187818503937006
21
-2.3371745669291339
0
LINE
8
BLACK
6
CONTINUOUS
10
2.1187818503937006
20
-2.3371745669291339
11
2.1141430708661417
21
-2.3418133464566928
0
LINE
8
BLACK
6
CONTINUOUS
10
2.1141430708661417
20
-2.3418133464566928
11
2.1086884645669293
21
-2.3454579921259842
0
LINE
8
BLACK
6
CONTINUOUS
10
2.1086884645669293
20
-2.3454579921259842
11
2.1026276377952757
21
-2.3479684645669292
0
LINE
8
BLACK
6
CONTINUOUS
10
2.1026276377952757
20
-2.3479684645669292
11
2.0961935039370077
21
-2.3492483070866141
0
LINE
8
BLACK
6
CONTINUOUS
10
2.0961935039370077
20
-2.3492483070866141
11
2.0896332677165352
21
-2.3492483070866141
0
LINE
8
BLACK
6
CONTINUOUS
10
2.0896332677165352
20
-2.3492483070866141
11
2.0831991338582676
21
-2.3479684645669292
0
LINE
8
BLACK
6
CONTINUOUS
10
2.0831991338582676
20
-2.3479684645669292
11
2.0771383070866141
21
-2.3454579921259842
0
LINE
8
BLACK
6
CONTINUOUS
10
2.0771383070866141
20
-2.3454579921259842
11
2.0716837007874016
21
-2.3418133464566928
0
LINE
8
BLACK
6
CONTINUOUS
10
2.0716837007874016
20
-2.3418133464566928
11
2.0670449212598423
21
-2.3371745669291339
0
LINE
8
BLACK
6
CONTINUOUS
10
2.0670449212598423
20
-2.3371745669291339
11
2.0634002755905509
21
-2.331719960629921
0
LINE
8
BLACK
6
CONTINUOUS
10
2.0634002755905509
20
-2.331719960629921
11
2.0608898031496063
21
-2.3256591338582675
0
LINE
8
BLACK
6
CONTINUOUS
10
2.0608898031496063
20
-2.3256591338582675
11
2.0596099606299214
21
-2.3192249999999999
0
LINE
8
BLACK
6
CONTINUOUS
10
2.0596099606299214
20
-2.3192249999999999
11
2.0596099606299214
21
-2.3126647637795275
0
LINE
8
BLACK
6
CONTINUOUS
10
2.0596099606299214
20
-2.3126647637795275
11
2.0608898031496063
21
-2.3062306299212598
0
LINE
8
BLACK
6
CONTINUOUS
10
2.0608898031496063
20
-2.3062306299212598
11
2.0634002755905509
21
-2.3001698031496063
0
LINE
8
BLACK
6
CONTINUOUS
10
2.0634002755905509
20
-2.3001698031496063
11
2.0670449212598423
21
-2.2947151968503938
0
LINE
8
BLACK
6
CONTINUOUS
10
2.0670449212598423
20
-2.2947151968503938
11
2.0716837007874016
21
-2.2900764173228345
0
LINE
8
BLACK
6
CONTINUOUS
10
2.0716837007874016
20
-2.2900764173228345
11
2.0771383070866141
21
-2.2864317716535432
0
LINE
8
BLACK
6
CONTINUOUS
10
2.0771383070866141
20
-2.2864317716535432
11
2.0831991338582676
21
-2.2839212992125986
0
LINE
8
BLACK
6
CONTINUOUS
10
2.0831991338582676
20
-2.2839212992125986
11
2.0896332677165352
21
-2.2826414566929132
0
LINE
8
BLACK
6
CONTINUOUS
10
2.0896332677165352
20
-2.2826414566929132
11
2.0961935039370077
21
-2.2826414566929132
0
LINE
8
BLACK
6
CONTINUOUS
10
2.0961935039370077
20
-2.2826414566929132
11
2.1026276377952757
21
-2.2839212992125986
0
LINE
8
BLACK
6
CONTINUOUS
10
2.2026276377952754
20
-2.2839212992125986
11
2.2086884645669289
21
-2.2864317716535432
0
LINE
8
BLACK
6
CONTINUOUS
10
2.2086884645669289
20
-2.2864317716535432
11
2.2141430708661418
21
-2.2900764173228345
0
LINE
8
BLACK
6
CONTINUOUS
10
2.2141430708661418
20
-2.2900764173228345
11
2.2187818503937007
21
-2.2947151968503938
0
LINE
8
BLACK
6
CONTINUOUS
10
2.2187818503937007
20
-2.2947151968503938
11
2.222426496062992
21
-2.3001698031496063
0
LINE
8
BLACK
6
CONTINUOUS
10
2.222426496062992
20
-2.3001698031496063
11
2.2249369685039371
21
-2.3062306299212598
0
LINE
8
BLACK
6
CONTINUOUS
10
2.2249369685039371
20
-2.3062306299212598
11
2.226216811023622
21
-2.3126647637795275
0
LINE
8
BLACK
6
CONTINUOUS
10
2.226216811023622
20
-2.3126647637795275
11
2.226216811023622
21
-2.3192249999999999
0
LINE
8
BLACK
6
CONTINUOUS
10
2.226216811023622
20
-2.3192249999999999
11
2.2249369685039371
21
-2.3256591338582675
0
LINE
8
BLACK
6
CONTINUOUS
10
2.2249369685039371
20
-2.3256591338582675
11
2.222426496062992
21
-2.331719960629921
0
LINE
8
BLACK
6
CONTINUOUS
10
2.222426496062992
20
-2.331719960629921
11
2.2187818503937007
21
-2.3371745669291339
0
LINE
8
BLACK
6
CONTINUOUS
10
2.2187818503937007
20
-2.3371745669291339
11
2.2141430708661418
21
-2.3418133464566928
0
LINE
8
BLACK
6
CONTINUOUS
10
2.2141430708661418
20
-2.3418133464566928
11
2.2086884645669289
21
-2.3454579921259842
0
LINE
8
BLACK
6
CONTINUOUS
10
2.2086884645669289
20
-2.3454579921259842
11
2.2026276377952754
21
-2.3479684645669292
0
LINE
8
BLACK
6
CONTINUOUS
10
2.2026276377952754
20
-2.3479684645669292
11
2.1961935039370077
21
-2.3492483070866141
0
LINE
8
BLACK
6
CONTINUOUS
10
2.1961935039370077
20
-2.3492483070866141
11
2.1896332677165353
21
-2.3492483070866141
0
LINE
8
BLACK
6
CONTINUOUS
10
2.1896332677165353
20
-2.3492483070866141
11
2.1831991338582677
21
-2.3479684645669292
0
LINE
8
BLACK
6
CONTINUOUS
10
2.1831991338582677
20
-2.3479684645669292
11
2.1771383070866142
21
-2.3454579921259842
0
LINE
8
BLACK
6
CONTINUOUS
10
2.1771383070866142
20
-2.3454579921259842
11
2.1716837007874017
21
-2.3418133464566928
0
LINE
8
BLACK
6
CONTINUOUS
10
2.1716837007874017
20
-2.3418133464566928
11
2.1670449212598424
21
-2.3371745669291339
0
LINE
8
BLACK
6
CONTINUOUS
10
2.1670449212598424
20
-2.3371745669291339
11
2.163400275590551
21
-2.331719960629921
0
LINE
8
BLACK
6
CONTINUOUS
10
2.163400275590551
20
-2.331719960629921
11
2.1608898031496064
21
-2.3256591338582675
0
LINE
8
BLACK
6
CONTINUOUS
10
2.1608898031496064
20
-2.3256591338582675
11
2.1596099606299211
21
-2.3192249999999999
0
LINE
8
BLACK
6
CONTINUOUS
10
2.1596099606299211
20
-2.3192249999999999
11
2.1596099606299211
21
-2.3126647637795275
0
LINE
8
BLACK
6
CONTINUOUS
10
2.1596099606299211
20
-2.3126647637795275
11
2.1608898031496064
21
-2.3062306299212598
0
LINE
8
BLACK
6
CONTINUOUS
10
2.1608898031496064
20
-2.3062306299212598
11
2.163400275590551
21
-2.3001698031496063
0
LINE
8
BLACK
6
CONTINUOUS
10
2.163400275590551
20
-2.3001698031496063
11
2.1670449212598424
21
-2.2947151968503938
0
LINE
8
BLACK
6
CONTINUOUS
10
2.1670449212598424
20
-2.2947151968503938
11
2.1716837007874017
21
-2.2900764173228345
0
LINE
8
BLACK
6
CONTINUOUS
10
2.1716837007874017
20
-2.2900764173228345
11
2.1771383070866142
21
-2.2864317716535432
0
LINE
8
BLACK
6
CONTINUOUS
10
2.1771383070866142
20
-2.2864317716535432
11
2.1831991338582677
21
-2.2839212992125986
0
LINE
8
BLACK
6
CONTINUOUS
10
2.1831991338582677
20
-2.2839212992125986
11
2.1896332677165353
21
-2.2826414566929132
0
LINE
8
BLACK
6
CONTINUOUS
10
2.1896332677165353
20
-2.2826414566929132
11
2.1961935039370077
21
-2.2826414566929132
0
LINE
8
BLACK
6
CONTINUOUS
10
2.1961935039370077
20
-2.2826414566929132
11
2.2026276377952754
21
-2.2839212992125986
0
LINE
8
BLACK
6
CONTINUOUS
10
2.1026276377952757
20
-2.1839212992125985
11
2.1086884645669293
21
-2.1864317716535431
0
LINE
8
BLACK
6
CONTINUOUS
10
2.1086884645669293
20
-2.1864317716535431
11
2.1141430708661417
21
-2.1900764173228344
0
LINE
8
BLACK
6
CONTINUOUS
10
2.1141430708661417
20
-2.1900764173228344
11
2.1187818503937006
21
-2.1947151968503937
0
LINE
8
BLACK
6
CONTINUOUS
10
2.1187818503937006
20
-2.1947151968503937
11
2.1224264960629919
21
-2.2001698031496062
0
LINE
8
BLACK
6
CONTINUOUS
10
2.1224264960629919
20
-2.2001698031496062
11
2.124936968503937
21
-2.2062306299212597
0
LINE
8
BLACK
6
CONTINUOUS
10
2.124936968503937
20
-2.2062306299212597
11
2.1262168110236219
21
-2.2126647637795274
0
LINE
8
BLACK
6
CONTINUOUS
10
2.1262168110236219
20
-2.2126647637795274
11
2.1262168110236219
21
-2.2192249999999998
0
LINE
8
BLACK
6
CONTINUOUS
10
2.1262168110236219
20
-2.2192249999999998
11
2.124936968503937
21
-2.2256591338582679
0
LINE
8
BLACK
6
CONTINUOUS
10
2.124936968503937
20
-2.2256591338582679
11
2.1224264960629919
21
-2.2317199606299214
0
LINE
8
BLACK
6
CONTINUOUS
10
2.1224264960629919
20
-2.2317199606299214
11
2.1187818503937006
21
-2.2371745669291339
0
LINE
8
BLACK
6
CONTINUOUS
10
2.1187818503937006
20
-2.2371745669291339
11
2.1141430708661417
21
-2.2418133464566927
0
LINE
8
BLACK
6
CONTINUOUS
10
2.1141430708661417
20
-2.2418133464566927
11
2.1086884645669293
21
-2.2454579921259841
0
LINE
8
BLACK
6
CONTINUOUS
10
2.1086884645669293
20
-2.2454579921259841
11
2.1026276377952757
21
-2.2479684645669291
0
LINE
8
BLACK
6
CONTINUOUS
10
2.1026276377952757
20
-2.2479684645669291
11
2.0961935039370077
21
-2.2492483070866141
0
LINE
8
BLACK
6
CONTINUOUS
10
2.0961935039370077
20
-2.2492483070866141
11
2.0896332677165352
21
-2.2492483070866141
0
LINE
8
BLACK
6
CONTINUOUS
10
2.0896332677165352
20
-2.2492483070866141
11
2.0831991338582676
21
-2.2479684645669291
0
LINE
8
BLACK
6
CONTINUOUS
10
2.0831991338582676
20
-2.2479684645669291
11
2.0771383070866141
21
-2.2454579921259841
0
LINE
8
BLACK
6
CONTINUOUS
10
2.0771383070866141
20
-2.2454579921259841
11
2.0716837007874016
21
-2.2418133464566927
0
LINE
8
BLACK
6
CONTINUOUS
10
2.0716837007874016
20
-2.2418133464566927
11
2.0670449212598423
21
-2.2371745669291339
0
LINE
8
BLACK
6
CONTINUOUS
10
2.0670449212598423
20
-2.2371745669291339
11
2.0634002755905509
21
-2.2317199606299214
0
LINE
8
BLACK
6
CONTINUOUS
10
2.0634002755905509
20
-2.2317199606299214
11
2.0608898031496063
21
-2.2256591338582679
0
LINE
8
BLACK
6
CONTINUOUS
10
2.0608898031496063
20
-2.2256591338582679
11
2.0596099606299214
21
-2.2192249999999998
0
LINE
8
BLACK
6
CONTINUOUS
10
2.0596099606299214
20
-2.2192249999999998
11
2.0596099606299214
21
-2.2126647637795274
0
LINE
8
BLACK
6
CONTINUOUS
10
2.0596099606299214
20
-2.2126647637795274
11
2.0608898031496063
21
-2.2062306299212597
0
LINE
8
BLACK
6
CONTINUOUS
10
2.0608898031496063
20
-2.2062306299212597
11
2.0634002755905509
21
-2.2001698031496062
0
LINE
8
BLACK
6
CONTINUOUS
10
2.0634002755905509
20
-2.2001698031496062
11
2.0670449212598423
21
-2.1947151968503937
0
LINE
8
BLACK
6
CONTINUOUS
10
2.0670449212598423
20
-2.1947151968503937
11
2.0716837007874016
21
-2.1900764173228344
0
LINE
8
BLACK
6
CONTINUOUS
10
2.0716837007874016
20
-2.1900764173228344
11
2.0771383070866141
21
-2.1864317716535431
0
LINE
8
BLACK
6
CONTINUOUS
10
2.0771383070866141
20
-2.1864317716535431
11
2.0831991338582676
21
-2.1839212992125985
0
LINE
8
BLACK
6
CONTINUOUS
10
2.0831991338582676
20
-2.1839212992125985
11
2.0896332677165352
21
-2.1826414566929135
0
LINE
8
BLACK
6
CONTINUOUS
10
2.0896332677165352
20
-2.1826414566929135
11
2.0961935039370077
21
-2.1826414566929135
0
LINE
8
BLACK
6
CONTINUOUS
10
2.0961935039370077
20
-2.1826414566929135
11
2.1026276377952757
21
-2.1839212992125985
0
LINE
8
BLACK
6
CONTINUOUS
10
2.2026276377952754
20
-2.1839212992125985
11
2.2086884645669289
21
-2.1864317716535431
0
LINE
8
BLACK
6
CONTINUOUS
10
2.2086884645669289
20
-2.1864317716535431
11
2.2141430708661418
21
-2.1900764173228344
0
LINE
8
BLACK
6
CONTINUOUS
10
2.2141430708661418
20
-2.1900764173228344
11
2.2187818503937007
21
-2.1947151968503937
0
LINE
8
BLACK
6
CONTINUOUS
10
2.2187818503937007
20
-2.1947151968503937
11
2.222426496062992
21
-2.2001698031496062
0
LINE
8
BLACK
6
CONTINUOUS
10
2.222426496062992
20
-2.2001698031496062
11
2.2249369685039371
21
-2.2062306299212597
0
LINE
8
BLACK
6
CONTINUOUS
10
2.2249369685039371
20
-2.2062306299212597
11
2.226216811023622
21
-2.2126647637795274
0
LINE
8
BLACK
6
CONTINUOUS
10
2.226216811023622
20
-2.2126647637795274
11
2.226216811023622
21
-2.2192249999999998
0
LINE
8
BLACK
6
CONTINUOUS
10
2.226216811023622
20
-2.2192249999999998
11
2.2249369685039371
21
-2.2256591338582679
0
LINE
8
BLACK
6
CONTINUOUS
10
2.2249369685039371
20
-2.2256591338582679
11
2.222426496062992
21
-2.2317199606299214
0
LINE
8
BLACK
6
CONTINUOUS
10
2.222426496062992
20
-2.2317199606299214
11
2.2187818503937007
21
-2.2371745669291339
0
LINE
8
BLACK
6
CONTINUOUS
10
2.2187818503937007
20
-2.2371745669291339
11
2.2141430708661418
21
-2.2418133464566927
0
LINE
8
BLACK
6
CONTINUOUS
10
2.2141430708661418
20
-2.2418133464566927
11
2.2086884645669289
21
-2.2454579921259841
0
LINE
8
BLACK
6
CONTINUOUS
10
2.2086884645669289
20
-2.2454579921259841
11
2.2026276377952754
21
-2.2479684645669291
0
LINE
8
BLACK
6
CONTINUOUS
10
2.2026276377952754
20
-2.2479684645669291
11
2.1961935039370077
21
-2.2492483070866141
0
LINE
8
BLACK
6
CONTINUOUS
10
2.1961935039370077
20
-2.2492483070866141
11
2.1896332677165353
21
-2.2492483070866141
0
LINE
8
BLACK
6
CONTINUOUS
10
2.1896332677165353
20
-2.2492483070866141
11
2.1831991338582677
21
-2.2479684645669291
0
LINE
8
BLACK
6
CONTINUOUS
10
2.1831991338582677
20
-2.2479684645669291
11
2.1771383070866142
21
-2.2454579921259841
0
LINE
8
BLACK
6
CONTINUOUS
10
2.1771383070866142
20
-2.2454579921259841
11
2.1716837007874017
21
-2.2418133464566927
0
LINE
8
BLACK
6
CONTINUOUS
10
2.1716837007874017
20
-2.2418133464566927
11
2.1670449212598424
21
-2.2371745669291339
0
LINE
8
BLACK
6
CONTINUOUS
10
2.1670449212598424
20
-2.2371745669291339
11
2.163400275590551
21
-2.2317199606299214
0
LINE
8
BLACK
6
CONTINUOUS
10
2.163400275590551
20
-2.2317199606299214
11
2.1608898031496064
21
-2.2256591338582679
0
LINE
8
BLACK
6
CONTINUOUS
10
2.1608898031496064
20
-2.2256591338582679
11
2.1596099606299211
21
-2.2192249999999998
0
LINE
8
BLACK
6
CONTINUOUS
10
2.1596099606299211
20
-2.2192249999999998
11
2.1596099606299211
21
-2.2126647637795274
0
LINE
8
BLACK
6
CONTINUOUS
10
2.1596099606299211
20
-2.2126647637795274
11
2.1608898031496064
21
-2.2062306299212597
0
LINE
8
BLACK
6
CONTINUOUS
10
2.1608898031496064
20
-2.2062306299212597
11
2.163400275590551
21
-2.2001698031496062
0
LINE
8
BLACK
6
CONTINUOUS
10
2.163400275590551
20
-2.2001698031496062
11
2.1670449212598424
21
-2.1947151968503937
0
LINE
8
BLACK
6
CONTINUOUS
10
2.1670449212598424
20
-2.1947151968503937
11
2.1716837007874017
21
-2.1900764173228344
0
LINE
8
BLACK
6
CONTINUOUS
10
2.1716837007874017
20
-2.1900764173228344
11
2.1771383070866142
21
-2.1864317716535431
0
LINE
8
BLACK
6
CONTINUOUS
10
2.1771383070866142
20
-2.1864317716535431
11
2.1831991338582677
21
-2.1839212992125985
0
LINE
8
BLACK
6
CONTINUOUS
10
2.1831991338582677
20
-2.1839212992125985
11
2.1896332677165353
21
-2.1826414566929135
0
LINE
8
BLACK
6
CONTINUOUS
10
2.1896332677165353
20
-2.1826414566929135
11
2.1961935039370077
21
-2.1826414566929135
0
LINE
8
BLACK
6
CONTINUOUS
10
2.1961935039370077
20
-2.1826414566929135
11
2.2026276377952754
21
-2.1839212992125985
0
LINE
8
BLACK
6
CONTINUOUS
10
2.1026276377952757
20
-2.0839212992125984
11
2.1086884645669293
21
-2.0864317716535434
0
LINE
8
BLACK
6
CONTINUOUS
10
2.1086884645669293
20
-2.0864317716535434
11
2.1141430708661417
21
-2.0900764173228348
0
LINE
8
BLACK
6
CONTINUOUS
10
2.1141430708661417
20
-2.0900764173228348
11
2.1187818503937006
21
-2.0947151968503936
0
LINE
8
BLACK
6
CONTINUOUS
10
2.1187818503937006
20
-2.0947151968503936
11
2.1224264960629919
21
-2.1001698031496061
0
LINE
8
BLACK
6
CONTINUOUS
10
2.1224264960629919
20
-2.1001698031496061
11
2.124936968503937
21
-2.1062306299212596
0
LINE
8
BLACK
6
CONTINUOUS
10
2.124936968503937
20
-2.1062306299212596
11
2.1262168110236219
21
-2.1126647637795277
0
LINE
8
BLACK
6
CONTINUOUS
10
2.1262168110236219
20
-2.1126647637795277
11
2.1262168110236219
21
-2.1192250000000001
0
LINE
8
BLACK
6
CONTINUOUS
10
2.1262168110236219
20
-2.1192250000000001
11
2.124936968503937
21
-2.1256591338582678
0
LINE
8
BLACK
6
CONTINUOUS
10
2.124936968503937
20
-2.1256591338582678
11
2.1224264960629919
21
-2.1317199606299213
0
LINE
8
BLACK
6
CONTINUOUS
10
2.1224264960629919
20
-2.1317199606299213
11
2.1187818503937006
21
-2.1371745669291338
0
LINE
8
BLACK
6
CONTINUOUS
10
2.1187818503937006
20
-2.1371745669291338
11
2.1141430708661417
21
-2.1418133464566931
0
LINE
8
BLACK
6
CONTINUOUS
10
2.1141430708661417
20
-2.1418133464566931
11
2.1086884645669293
21
-2.145457992125984
0
LINE
8
BLACK
6
CONTINUOUS
10
2.1086884645669293
20
-2.145457992125984
11
2.1026276377952757
21
-2.147968464566929
0
LINE
8
BLACK
6
CONTINUOUS
10
2.1026276377952757
20
-2.147968464566929
11
2.0961935039370077
21
-2.149248307086614
0
LINE
8
BLACK
6
CONTINUOUS
10
2.0961935039370077
20
-2.149248307086614
11
2.0896332677165352
21
-2.149248307086614
0
LINE
8
BLACK
6
CONTINUOUS
10
2.0896332677165352
20
-2.149248307086614
11
2.0831991338582676
21
-2.147968464566929
0
LINE
8
BLACK
6
CONTINUOUS
10
2.0831991338582676
20
-2.147968464566929
11
2.0771383070866141
21
-2.145457992125984
0
LINE
8
BLACK
6
CONTINUOUS
10
2.0771383070866141
20
-2.145457992125984
11
2.0716837007874016
21
-2.1418133464566931
0
LINE
8
BLACK
6
CONTINUOUS
10
2.0716837007874016
20
-2.1418133464566931
11
2.0670449212598423
21
-2.1371745669291338
0
LINE
8
BLACK
6
CONTINUOUS
10
2.0670449212598423
20
-2.1371745669291338
11
2.0634002755905509
21
-2.1317199606299213
0
LINE
8
BLACK
6
CONTINUOUS
10
2.0634002755905509
20
-2.1317199606299213
11
2.0608898031496063
21
-2.1256591338582678
0
LINE
8
BLACK
6
CONTINUOUS
10
2.0608898031496063
20
-2.1256591338582678
11
2.0596099606299214
21
-2.1192250000000001
0
LINE
8
BLACK
6
CONTINUOUS
10
2.0596099606299214
20
-2.1192250000000001
11
2.0596099606299214
21
-2.1126647637795277
0
LINE
8
BLACK
6
CONTINUOUS
10
2.0596099606299214
20
-2.1126647637795277
11
2.0608898031496063
21
-2.1062306299212596
0
LINE
8
BLACK
6
CONTINUOUS
10
2.0608898031496063
20
-2.1062306299212596
11
2.0634002755905509
21
-2.1001698031496061
0
LINE
8
BLACK
6
CONTINUOUS
10
2.0634002755905509
20
-2.1001698031496061
11
2.0670449212598423
21
-2.0947151968503936
0
LINE
8
BLACK
6
CONTINUOUS
10
2.0670449212598423
20
-2.0947151968503936
11
2.0716837007874016
21
-2.0900764173228348
0
LINE
8
BLACK
6
CONTINUOUS
10
2.0716837007874016
20
-2.0900764173228348
11
2.0771383070866141
21
-2.0864317716535434
0
LINE
8
BLACK
6
CONTINUOUS
10
2.0771383070866141
20
-2.0864317716535434
11
2.0831991338582676
21
-2.0839212992125984
0
LINE
8
BLACK
6
CONTINUOUS
10
2.0831991338582676
20
-2.0839212992125984
11
2.0896332677165352
21
-2.0826414566929135
0
LINE
8
BLACK
6
CONTINUOUS
10
2.0896332677165352
20
-2.0826414566929135
11
2.0961935039370077
21
-2.0826414566929135
0
LINE
8
BLACK
6
CONTINUOUS
10
2.0961935039370077
20
-2.0826414566929135
11
2.1026276377952757
21
-2.0839212992125984
0
LINE
8
BLACK
6
CONTINUOUS
10
2.2026276377952754
20
-2.0839212992125984
11
2.2086884645669289
21
-2.0864317716535434
0
LINE
8
BLACK
6
CONTINUOUS
10
2.2086884645669289
20
-2.0864317716535434
11
2.2141430708661418
21
-2.0900764173228348
0
LINE
8
BLACK
6
CONTINUOUS
10
2.2141430708661418
20
-2.0900764173228348
11
2.2187818503937007
21
-2.0947151968503936
0
LINE
8
BLACK
6
CONTINUOUS
10
2.2187818503937007
20
-2.0947151968503936
11
2.222426496062992
21
-2.1001698031496061
0
LINE
8
BLACK
6
CONTINUOUS
10
2.222426496062992
20
-2.1001698031496061
11
2.2249369685039371
21
-2.1062306299212596
0
LINE
8
BLACK
6
CONTINUOUS
10
2.2249369685039371
20
-2.1062306299212596
11
2.226216811023622
21
-2.1126647637795277
0
LINE
8
BLACK
6
CONTINUOUS
10
2.226216811023622
20
-2.1126647637795277
11
2.226216811023622
21
-2.1192250000000001
0
LINE
8
BLACK
6
CONTINUOUS
10
2.226216811023622
20
-2.1192250000000001
11
2.2249369685039371
21
-2.1256591338582678
0
LINE
8
BLACK
6
CONTINUOUS
10
2.2249369685039371
20
-2.1256591338582678
11
2.222426496062992
21
-2.1317199606299213
0
LINE
8
BLACK
6
CONTINUOUS
10
2.222426496062992
20
-2.1317199606299213
11
2.2187818503937007
21
-2.1371745669291338
0
LINE
8
BLACK
6
CONTINUOUS
10
2.2187818503937007
20
-2.1371745669291338
11
2.2141430708661418
21
-2.1418133464566931
0
LINE
8
BLACK
6
CONTINUOUS
10
2.2141430708661418
20
-2.1418133464566931
11
2.2086884645669289
21
-2.145457992125984
0
LINE
8
BLACK
6
CONTINUOUS
10
2.2086884645669289
20
-2.145457992125984
11
2.2026276377952754
21
-2.147968464566929
0
LINE
8
BLACK
6
CONTINUOUS
10
2.2026276377952754
20
-2.147968464566929
11
2.1961935039370077
21
-2.149248307086614
0
LINE
8
BLACK
6
CONTINUOUS
10
2.1961935039370077
20
-2.149248307086614
11
2.1896332677165353
21
-2.149248307086614
0
LINE
8
BLACK
6
CONTINUOUS
10
2.1896332677165353
20
-2.149248307086614
11
2.1831991338582677
21
-2.147968464566929
0
LINE
8
BLACK
6
CONTINUOUS
10
2.1831991338582677
20
-2.147968464566929
11
2.1771383070866142
21
-2.145457992125984
0
LINE
8
BLACK
6
CONTINUOUS
10
2.1771383070866142
20
-2.145457992125984
11
2.1716837007874017
21
-2.1418133464566931
0
LINE
8
BLACK
6
CONTINUOUS
10
2.1716837007874017
20
-2.1418133464566931
11
2.1670449212598424
21
-2.1371745669291338
0
LINE
8
BLACK
6
CONTINUOUS
10
2.1670449212598424
20
-2.1371745669291338
11
2.163400275590551
21
-2.1317199606299213
0
LINE
8
BLACK
6
CONTINUOUS
10
2.163400275590551
20
-2.1317199606299213
11
2.1608898031496064
21
-2.1256591338582678
0
LINE
8
BLACK
6
CONTINUOUS
10
2.1608898031496064
20
-2.1256591338582678
11
2.1596099606299211
21
-2.1192250000000001
0
LINE
8
BLACK
6
CONTINUOUS
10
2.1596099606299211
20
-2.1192250000000001
11
2.1596099606299211
21
-2.1126647637795277
0
LINE
8
BLACK
6
CONTINUOUS
10
2.1596099606299211
20
-2.1126647637795277
11
2.1608898031496064
21
-2.1062306299212596
0
LINE
8
BLACK
6
CONTINUOUS
10
2.1608898031496064
20
-2.1062306299212596
11
2.163400275590551
21
-2.1001698031496061
0
LINE
8
BLACK
6
CONTINUOUS
10
2.163400275590551
20
-2.1001698031496061
11
2.1670449212598424
21
-2.0947151968503936
0
LINE
8
BLACK
6
CONTINUOUS
10
2.1670449212598424
20
-2.0947151968503936
11
2.1716837007874017
21
-2.0900764173228348
0
LINE
8
BLACK
6
CONTINUOUS
10
2.1716837007874017
20
-2.0900764173228348
11
2.1771383070866142
21
-2.0864317716535434
0
LINE
8
BLACK
6
CONTINUOUS
10
2.1771383070866142
20
-2.0864317716535434
11
2.1831991338582677
21
-2.0839212992125984
0
LINE
8
BLACK
6
CONTINUOUS
10
2.1831991338582677
20
-2.0839212992125984
11
2.1896332677165353
21
-2.0826414566929135
0
LINE
8
BLACK
6
CONTINUOUS
10
2.1896332677165353
20
-2.0826414566929135
11
2.1961935039370077
21
-2.0826414566929135
0
LINE
8
BLACK
6
CONTINUOUS
10
2.1961935039370077
20
-2.0826414566929135
11
2.2026276377952754
21
-2.0839212992125984
0
LINE
8
BLACK
6
CONTINUOUS
10
2.1026276377952757
20
-1.9839212992125983
11
2.1086884645669293
21
-1.9864317716535433
0
LINE
8
BLACK
6
CONTINUOUS
10
2.1086884645669293
20
-1.9864317716535433
11
2.1141430708661417
21
-1.9900764173228347
0
LINE
8
BLACK
6
CONTINUOUS
10
2.1141430708661417
20
-1.9900764173228347
11
2.1187818503937006
21
-1.9947151968503936
0
LINE
8
BLACK
6
CONTINUOUS
10
2.1187818503937006
20
-1.9947151968503936
11
2.1224264960629919
21
-2.0001698031496065
0
LINE
8
BLACK
6
CONTINUOUS
10
2.1224264960629919
20
-2.0001698031496065
11
2.124936968503937
21
-2.00623062992126
0
LINE
8
BLACK
6
CONTINUOUS
10
2.124936968503937
20
-2.00623062992126
11
2.1262168110236219
21
-2.0126647637795276
0
LINE
8
BLACK
6
CONTINUOUS
10
2.1262168110236219
20
-2.0126647637795276
11
2.1262168110236219
21
-2.019225
0
LINE
8
BLACK
6
CONTINUOUS
10
2.1262168110236219
20
-2.019225
11
2.124936968503937
21
-2.0256591338582677
0
LINE
8
BLACK
6
CONTINUOUS
10
2.124936968503937
20
-2.0256591338582677
11
2.1224264960629919
21
-2.0317199606299212
0
LINE
8
BLACK
6
CONTINUOUS
10
2.1224264960629919
20
-2.0317199606299212
11
2.1187818503937006
21
-2.0371745669291337
0
LINE
8
BLACK
6
CONTINUOUS
10
2.1187818503937006
20
-2.0371745669291337
11
2.1141430708661417
21
-2.041813346456693
0
LINE
8
BLACK
6
CONTINUOUS
10
2.1141430708661417
20
-2.041813346456693
11
2.1086884645669293
21
-2.0454579921259843
0
LINE
8
BLACK
6
CONTINUOUS
10
2.1086884645669293
20
-2.0454579921259843
11
2.1026276377952757
21
-2.0479684645669289
0
LINE
8
BLACK
6
CONTINUOUS
10
2.1026276377952757
20
-2.0479684645669289
11
2.0961935039370077
21
-2.0492483070866143
0
LINE
8
BLACK
6
CONTINUOUS
10
2.0961935039370077
20
-2.0492483070866143
11
2.0896332677165352
21
-2.0492483070866143
0
LINE
8
BLACK
6
CONTINUOUS
10
2.0896332677165352
20
-2.0492483070866143
11
2.0831991338582676
21
-2.0479684645669289
0
LINE
8
BLACK
6
CONTINUOUS
10
2.0831991338582676
20
-2.0479684645669289
11
2.0771383070866141
21
-2.0454579921259843
0
LINE
8
BLACK
6
CONTINUOUS
10
2.0771383070866141
20
-2.0454579921259843
11
2.0716837007874016
21
-2.041813346456693
0
LINE
8
BLACK
6
CONTINUOUS
10
2.0716837007874016
20
-2.041813346456693
11
2.0670449212598423
21
-2.0371745669291337
0
LINE
8
BLACK
6
CONTINUOUS
10
2.0670449212598423
20
-2.0371745669291337
11
2.0634002755905509
21
-2.0317199606299212
0
LINE
8
BLACK
6
CONTINUOUS
10
2.0634002755905509
20
-2.0317199606299212
11
2.0608898031496063
21
-2.0256591338582677
0
LINE
8
BLACK
6
CONTINUOUS
10
2.0608898031496063
20
-2.0256591338582677
11
2.0596099606299214
21
-2.019225
0
LINE
8
BLACK
6
CONTINUOUS
10
2.0596099606299214
20
-2.019225
11
2.0596099606299214
21
-2.0126647637795276
0
LINE
8
BLACK
6
CONTINUOUS
10
2.0596099606299214
20
-2.0126647637795276
11
2.0608898031496063
21
-2.00623062992126
0
LINE
8
BLACK
6
CONTINUOUS
10
2.0608898031496063
20
-2.00623062992126
11
2.0634002755905509
21
-2.0001698031496065
0
LINE
8
BLACK
6
CONTINUOUS
10
2.0634002755905509
20
-2.0001698031496065
11
2.0670449212598423
21
-1.9947151968503936
0
LINE
8
BLACK
6
CONTINUOUS
10
2.0670449212598423
20
-1.9947151968503936
11
2.0716837007874016
21
-1.9900764173228347
0
LINE
8
BLACK
6
CONTINUOUS
10
2.0716837007874016
20
-1.9900764173228347
11
2.0771383070866141
21
-1.9864317716535433
0
LINE
8
BLACK
6
CONTINUOUS
10
2.0771383070866141
20
-1.9864317716535433
11
2.0831991338582676
21
-1.9839212992125983
0
LINE
8
BLACK
6
CONTINUOUS
10
2.0831991338582676
20
-1.9839212992125983
11
2.0896332677165352
21
-1.9826414566929134
0
LINE
8
BLACK
6
CONTINUOUS
10
2.0896332677165352
20
-1.9826414566929134
11
2.0961935039370077
21
-1.9826414566929134
0
LINE
8
BLACK
6
CONTINUOUS
10
2.0961935039370077
20
-1.9826414566929134
11
2.1026276377952757
21
-1.9839212992125983
0
LINE
8
BLACK
6
CONTINUOUS
10
2.2026276377952754
20
-1.9839212992125983
11
2.2086884645669289
21
-1.9864317716535433
0
LINE
8
BLACK
6
CONTINUOUS
10
2.2086884645669289
20
-1.9864317716535433
11
2.2141430708661418
21
-1.9900764173228347
0
LINE
8
BLACK
6
CONTINUOUS
10
2.2141430708661418
20
-1.9900764173228347
11
2.2187818503937007
21
-1.9947151968503936
0
LINE
8
BLACK
6
CONTINUOUS
10
2.2187818503937007
20
-1.9947151968503936
11
2.222426496062992
21
-2.0001698031496065
0
LINE
8
BLACK
6
CONTINUOUS
10
2.222426496062992
20
-2.0001698031496065
11
2.2249369685039371
21
-2.00623062992126
0
LINE
8
BLACK
6
CONTINUOUS
10
2.2249369685039371
20
-2.00623062992126
11
2.226216811023622
21
-2.0126647637795276
0
LINE
8
BLACK
6
CONTINUOUS
10
2.226216811023622
20
-2.0126647637795276
11
2.226216811023622
21
-2.019225
0
LINE
8
BLACK
6
CONTINUOUS
10
2.226216811023622
20
-2.019225
11
2.2249369685039371
21
-2.0256591338582677
0
LINE
8
BLACK
6
CONTINUOUS
10
2.2249369685039371
20
-2.0256591338582677
11
2.222426496062992
21
-2.0317199606299212
0
LINE
8
BLACK
6
CONTINUOUS
10
2.222426496062992
20
-2.0317199606299212
11
2.2187818503937007
21
-2.0371745669291337
0
LINE
8
BLACK
6
CONTINUOUS
10
2.2187818503937007
20
-2.0371745669291337
11
2.2141430708661418
21
-2.041813346456693
0
LINE
8
BLACK
6
CONTINUOUS
10
2.2141430708661418
20
-2.041813346456693
11
2.2086884645669289
21
-2.0454579921259843
0
LINE
8
BLACK
6
CONTINUOUS
10
2.2086884645669289
20
-2.0454579921259843
11
2.2026276377952754
21
-2.0479684645669289
0
LINE
8
BLACK
6
CONTINUOUS
10
2.2026276377952754
20
-2.0479684645669289
11
2.1961935039370077
21
-2.0492483070866143
0
LINE
8
BLACK
6
CONTINUOUS
10
2.1961935039370077
20
-2.0492483070866143
11
2.1896332677165353
21
-2.0492483070866143
0
LINE
8
BLACK
6
CONTINUOUS
10
2.1896332677165353
20
-2.0492483070866143
11
2.1831991338582677
21
-2.0479684645669289
0
LINE
8
BLACK
6
CONTINUOUS
10
2.1831991338582677
20
-2.0479684645669289
11
2.1771383070866142
21
-2.0454579921259843
0
LINE
8
BLACK
6
CONTINUOUS
10
2.1771383070866142
20
-2.0454579921259843
11
2.1716837007874017
21
-2.041813346456693
0
LINE
8
BLACK
6
CONTINUOUS
10
2.1716837007874017
20
-2.041813346456693
11
2.1670449212598424
21
-2.0371745669291337
0
LINE
8
BLACK
6
CONTINUOUS
10
2.1670449212598424
20
-2.0371745669291337
11
2.163400275590551
21
-2.0317199606299212
0
LINE
8
BLACK
6
CONTINUOUS
10
2.163400275590551
20
-2.0317199606299212
11
2.1608898031496064
21
-2.0256591338582677
0
LINE
8
BLACK
6
CONTINUOUS
10
2.1608898031496064
20
-2.0256591338582677
11
2.1596099606299211
21
-2.019225
0
LINE
8
BLACK
6
CONTINUOUS
10
2.1596099606299211
20
-2.019225
11
2.1596099606299211
21
-2.0126647637795276
0
LINE
8
BLACK
6
CONTINUOUS
10
2.1596099606299211
20
-2.0126647637795276
11
2.1608898031496064
21
-2.00623062992126
0
LINE
8
BLACK
6
CONTINUOUS
10
2.1608898031496064
20
-2.00623062992126
11
2.163400275590551
21
-2.0001698031496065
0
LINE
8
BLACK
6
CONTINUOUS
10
2.163400275590551
20
-2.0001698031496065
11
2.1670449212598424
21
-1.9947151968503936
0
LINE
8
BLACK
6
CONTINUOUS
10
2.1670449212598424
20
-1.9947151968503936
11
2.1716837007874017
21
-1.9900764173228347
0
LINE
8
BLACK
6
CONTINUOUS
10
2.1716837007874017
20
-1.9900764173228347
11
2.1771383070866142
21
-1.9864317716535433
0
LINE
8
BLACK
6
CONTINUOUS
10
2.1771383070866142
20
-1.9864317716535433
11
2.1831991338582677
21
-1.9839212992125983
0
LINE
8
BLACK
6
CONTINUOUS
10
2.1831991338582677
20
-1.9839212992125983
11
2.1896332677165353
21
-1.9826414566929134
0
LINE
8
BLACK
6
CONTINUOUS
10
2.1896332677165353
20
-1.9826414566929134
11
2.1961935039370077
21
-1.9826414566929134
0
LINE
8
BLACK
6
CONTINUOUS
10
2.1961935039370077
20
-1.9826414566929134
11
2.2026276377952754
21
-1.9839212992125983
0
LINE
8
BLACK
6
CONTINUOUS
10
2.1026276377952757
20
-1.8839212992125984
11
2.1086884645669293
21
-1.8864317716535433
0
LINE
8
BLACK
6
CONTINUOUS
10
2.1086884645669293
20
-1.8864317716535433
11
2.1141430708661417
21
-1.8900764173228346
0
LINE
8
BLACK
6
CONTINUOUS
10
2.1141430708661417
20
-1.8900764173228346
11
2.1187818503937006
21
-1.8947151968503937
0
LINE
8
BLACK
6
CONTINUOUS
10
2.1187818503937006
20
-1.8947151968503937
11
2.1224264960629919
21
-1.9001698031496062
0
LINE
8
BLACK
6
CONTINUOUS
10
2.1224264960629919
20
-1.9001698031496062
11
2.124936968503937
21
-1.9062306299212597
0
LINE
8
BLACK
6
CONTINUOUS
10
2.124936968503937
20
-1.9062306299212597
11
2.1262168110236219
21
-1.9126647637795275
0
LINE
8
BLACK
6
CONTINUOUS
10
2.1262168110236219
20
-1.9126647637795275
11
2.1262168110236219
21
-1.919225
0
LINE
8
BLACK
6
CONTINUOUS
10
2.1262168110236219
20
-1.919225
11
2.124936968503937
21
-1.9256591338582676
0
LINE
8
BLACK
6
CONTINUOUS
10
2.124936968503937
20
-1.9256591338582676
11
2.1224264960629919
21
-1.9317199606299211
0
LINE
8
BLACK
6
CONTINUOUS
10
2.1224264960629919
20
-1.9317199606299211
11
2.1187818503937006
21
-1.9371745669291338
0
LINE
8
BLACK
6
CONTINUOUS
10
2.1187818503937006
20
-1.9371745669291338
11
2.1141430708661417
21
-1.9418133464566929
0
LINE
8
BLACK
6
CONTINUOUS
10
2.1141430708661417
20
-1.9418133464566929
11
2.1086884645669293
21
-1.9454579921259842
0
LINE
8
BLACK
6
CONTINUOUS
10
2.1086884645669293
20
-1.9454579921259842
11
2.1026276377952757
21
-1.9479684645669291
0
LINE
8
BLACK
6
CONTINUOUS
10
2.1026276377952757
20
-1.9479684645669291
11
2.0961935039370077
21
-1.9492483070866142
0
LINE
8
BLACK
6
CONTINUOUS
10
2.0961935039370077
20
-1.9492483070866142
11
2.0896332677165352
21
-1.9492483070866142
0
LINE
8
BLACK
6
CONTINUOUS
10
2.0896332677165352
20
-1.9492483070866142
11
2.0831991338582676
21
-1.9479684645669291
0
LINE
8
BLACK
6
CONTINUOUS
10
2.0831991338582676
20
-1.9479684645669291
11
2.0771383070866141
21
-1.9454579921259842
0
LINE
8
BLACK
6
CONTINUOUS
10
2.0771383070866141
20
-1.9454579921259842
11
2.0716837007874016
21
-1.9418133464566929
0
LINE
8
BLACK
6
CONTINUOUS
10
2.0716837007874016
20
-1.9418133464566929
11
2.0670449212598423
21
-1.9371745669291338
0
LINE
8
BLACK
6
CONTINUOUS
10
2.0670449212598423
20
-1.9371745669291338
11
2.0634002755905509
21
-1.9317199606299211
0
LINE
8
BLACK
6
CONTINUOUS
10
2.0634002755905509
20
-1.9317199606299211
11
2.0608898031496063
21
-1.9256591338582676
0
LINE
8
BLACK
6
CONTINUOUS
10
2.0608898031496063
20
-1.9256591338582676
11
2.0596099606299214
21
-1.919225
0
LINE
8
BLACK
6
CONTINUOUS
10
2.0596099606299214
20
-1.919225
11
2.0596099606299214
21
-1.9126647637795275
0
LINE
8
BLACK
6
CONTINUOUS
10
2.0596099606299214
20
-1.9126647637795275
11
2.0608898031496063
21
-1.9062306299212597
0
LINE
8
BLACK
6
CONTINUOUS
10
2.0608898031496063
20
-1.9062306299212597
11
2.0634002755905509
21
-1.9001698031496062
0
LINE
8
BLACK
6
CONTINUOUS
10
2.0634002755905509
20
-1.9001698031496062
11
2.0670449212598423
21
-1.8947151968503937
0
LINE
8
BLACK
6
CONTINUOUS
10
2.0670449212598423
20
-1.8947151968503937
11
2.0716837007874016
21
-1.8900764173228346
0
LINE
8
BLACK
6
CONTINUOUS
10
2.0716837007874016
20
-1.8900764173228346
11
2.0771383070866141
21
-1.8864317716535433
0
LINE
8
BLACK
6
CONTINUOUS
10
2.0771383070866141
20
-1.8864317716535433
11
2.0831991338582676
21
-1.8839212992125984
0
LINE
8
BLACK
6
CONTINUOUS
10
2.0831991338582676
20
-1.8839212992125984
11
2.0896332677165352
21
-1.8826414566929133
0
LINE
8
BLACK
6
CONTINUOUS
10
2.0896332677165352
20
-1.8826414566929133
11
2.0961935039370077
21
-1.8826414566929133
0
LINE
8
BLACK
6
CONTINUOUS
10
2.0961935039370077
20
-1.8826414566929133
11
2.1026276377952757
21
-1.8839212992125984
0
LINE
8
BLACK
6
CONTINUOUS
10
2.2026276377952754
20
-1.8839212992125984
11
2.2086884645669289
21
-1.8864317716535433
0
LINE
8
BLACK
6
CONTINUOUS
10
2.2086884645669289
20
-1.8864317716535433
11
2.2141430708661418
21
-1.8900764173228346
0
LINE
8
BLACK
6
CONTINUOUS
10
2.2141430708661418
20
-1.8900764173228346
11
2.2187818503937007
21
-1.8947151968503937
0
LINE
8
BLACK
6
CONTINUOUS
10
2.2187818503937007
20
-1.8947151968503937
11
2.222426496062992
21
-1.9001698031496062
0
LINE
8
BLACK
6
CONTINUOUS
10
2.222426496062992
20
-1.9001698031496062
11
2.2249369685039371
21
-1.9062306299212597
0
LINE
8
BLACK
6
CONTINUOUS
10
2.2249369685039371
20
-1.9062306299212597
11
2.226216811023622
21
-1.9126647637795275
0
LINE
8
BLACK
6
CONTINUOUS
10
2.226216811023622
20
-1.9126647637795275
11
2.226216811023622
21
-1.919225
0
LINE
8
BLACK
6
CONTINUOUS
10
2.226216811023622
20
-1.919225
11
2.2249369685039371
21
-1.9256591338582676
0
LINE
8
BLACK
6
CONTINUOUS
10
2.2249369685039371
20
-1.9256591338582676
11
2.222426496062992
21
-1.9317199606299211
0
LINE
8
BLACK
6
CONTINUOUS
10
2.222426496062992
20
-1.9317199606299211
11
2.2187818503937007
21
-1.9371745669291338
0
LINE
8
BLACK
6
CONTINUOUS
10
2.2187818503937007
20
-1.9371745669291338
11
2.2141430708661418
21
-1.9418133464566929
0
LINE
8
BLACK
6
CONTINUOUS
10
2.2141430708661418
20
-1.9418133464566929
11
2.2086884645669289
21
-1.9454579921259842
0
LINE
8
BLACK
6
CONTINUOUS
10
2.2086884645669289
20
-1.9454579921259842
11
2.2026276377952754
21
-1.9479684645669291
0
LINE
8
BLACK
6
CONTINUOUS
10
2.2026276377952754
20
-1.9479684645669291
11
2.1961935039370077
21
-1.9492483070866142
0
LINE
8
BLACK
6
CONTINUOUS
10
2.1961935039370077
20
-1.9492483070866142
11
2.1896332677165353
21
-1.9492483070866142
0
LINE
8
BLACK
6
CONTINUOUS
10
2.1896332677165353
20
-1.9492483070866142
11
2.1831991338582677
21
-1.9479684645669291
0
LINE
8
BLACK
6
CONTINUOUS
10
2.1831991338582677
20
-1.9479684645669291
11
2.1771383070866142
21
-1.9454579921259842
0
LINE
8
BLACK
6
CONTINUOUS
10
2.1771383070866142
20
-1.9454579921259842
11
2.1716837007874017
21
-1.9418133464566929
0
LINE
8
BLACK
6
CONTINUOUS
10
2.1716837007874017
20
-1.9418133464566929
11
2.1670449212598424
21
-1.9371745669291338
0
LINE
8
BLACK
6
CONTINUOUS
10
2.1670449212598424
20
-1.9371745669291338
11
2.163400275590551
21
-1.9317199606299211
0
LINE
8
BLACK
6
CONTINUOUS
10
2.163400275590551
20
-1.9317199606299211
11
2.1608898031496064
21
-1.9256591338582676
0
LINE
8
BLACK
6
CONTINUOUS
10
2.1608898031496064
20
-1.9256591338582676
11
2.1596099606299211
21
-1.919225
0
LINE
8
BLACK
6
CONTINUOUS
10
2.1596099606299211
20
-1.919225
11
2.1596099606299211
21
-1.9126647637795275
0
LINE
8
BLACK
6
CONTINUOUS
10
2.1596099606299211
20
-1.9126647637795275
11
2.1608898031496064
21
-1.9062306299212597
0
LINE
8
BLACK
6
CONTINUOUS
10
2.1608898031496064
20
-1.9062306299212597
11
2.163400275590551
21
-1.9001698031496062
0
LINE
8
BLACK
6
CONTINUOUS
10
2.163400275590551
20
-1.9001698031496062
11
2.1670449212598424
21
-1.8947151968503937
0
LINE
8
BLACK
6
CONTINUOUS
10
2.1670449212598424
20
-1.8947151968503937
11
2.1716837007874017
21
-1.8900764173228346
0
LINE
8
BLACK
6
CONTINUOUS
10
2.1716837007874017
20
-1.8900764173228346
11
2.1771383070866142
21
-1.8864317716535433
0
LINE
8
BLACK
6
CONTINUOUS
10
2.1771383070866142
20
-1.8864317716535433
11
2.1831991338582677
21
-1.8839212992125984
0
LINE
8
BLACK
6
CONTINUOUS
10
2.1831991338582677
20
-1.8839212992125984
11
2.1896332677165353
21
-1.8826414566929133
0
LINE
8
BLACK
6
CONTINUOUS
10
2.1896332677165353
20
-1.8826414566929133
11
2.1961935039370077
21
-1.8826414566929133
0
LINE
8
BLACK
6
CONTINUOUS
10
2.1961935039370077
20
-1.8826414566929133
11
2.2026276377952754
21
-1.8839212992125984
0
LINE
8
BLACK
6
CONTINUOUS
10
2.1026276377952757
20
-1.7839212992125983
11
2.1086884645669293
21
-1.7864317716535432
0
LINE
8
BLACK
6
CONTINUOUS
10
2.1086884645669293
20
-1.7864317716535432
11
2.1141430708661417
21
-1.7900764173228345
0
LINE
8
BLACK
6
CONTINUOUS
10
2.1141430708661417
20
-1.7900764173228345
11
2.1187818503937006
21
-1.7947151968503936
0
LINE
8
BLACK
6
CONTINUOUS
10
2.1187818503937006
20
-1.7947151968503936
11
2.1224264960629919
21
-1.8001698031496063
0
LINE
8
BLACK
6
CONTINUOUS
10
2.1224264960629919
20
-1.8001698031496063
11
2.124936968503937
21
-1.8062306299212598
0
LINE
8
BLACK
6
CONTINUOUS
10
2.124936968503937
20
-1.8062306299212598
11
2.1262168110236219
21
-1.8126647637795275
0
LINE
8
BLACK
6
CONTINUOUS
10
2.1262168110236219
20
-1.8126647637795275
11
2.1262168110236219
21
-1.8192249999999999
0
LINE
8
BLACK
6
CONTINUOUS
10
2.1262168110236219
20
-1.8192249999999999
11
2.124936968503937
21
-1.8256591338582677
0
LINE
8
BLACK
6
CONTINUOUS
10
2.124936968503937
20
-1.8256591338582677
11
2.1224264960629919
21
-1.8317199606299213
0
LINE
8
BLACK
6
CONTINUOUS
10
2.1224264960629919
20
-1.8317199606299213
11
2.1187818503937006
21
-1.8371745669291337
0
LINE
8
BLACK
6
CONTINUOUS
10
2.1187818503937006
20
-1.8371745669291337
11
2.1141430708661417
21
-1.8418133464566928
0
LINE
8
BLACK
6
CONTINUOUS
10
2.1141430708661417
20
-1.8418133464566928
11
2.1086884645669293
21
-1.8454579921259842
0
LINE
8
BLACK
6
CONTINUOUS
10
2.1086884645669293
20
-1.8454579921259842
11
2.1026276377952757
21
-1.847968464566929
0
LINE
8
BLACK
6
CONTINUOUS
10
2.1026276377952757
20
-1.847968464566929
11
2.0961935039370077
21
-1.8492483070866141
0
LINE
8
BLACK
6
CONTINUOUS
10
2.0961935039370077
20
-1.8492483070866141
11
2.0896332677165352
21
-1.8492483070866141
0
LINE
8
BLACK
6
CONTINUOUS
10
2.0896332677165352
20
-1.8492483070866141
11
2.0831991338582676
21
-1.847968464566929
0
LINE
8
BLACK
6
CONTINUOUS
10
2.0831991338582676
20
-1.847968464566929
11
2.0771383070866141
21
-1.8454579921259842
0
LINE
8
BLACK
6
CONTINUOUS
10
2.0771383070866141
20
-1.8454579921259842
11
2.0716837007874016
21
-1.8418133464566928
0
LINE
8
BLACK
6
CONTINUOUS
10
2.0716837007874016
20
-1.8418133464566928
11
2.0670449212598423
21
-1.8371745669291337
0
LINE
8
BLACK
6
CONTINUOUS
10
2.0670449212598423
20
-1.8371745669291337
11
2.0634002755905509
21
-1.8317199606299213
0
LINE
8
BLACK
6
CONTINUOUS
10
2.0634002755905509
20
-1.8317199606299213
11
2.0608898031496063
21
-1.8256591338582677
0
LINE
8
BLACK
6
CONTINUOUS
10
2.0608898031496063
20
-1.8256591338582677
11
2.0596099606299214
21
-1.8192249999999999
0
LINE
8
BLACK
6
CONTINUOUS
10
2.0596099606299214
20
-1.8192249999999999
11
2.0596099606299214
21
-1.8126647637795275
0
LINE
8
BLACK
6
CONTINUOUS
10
2.0596099606299214
20
-1.8126647637795275
11
2.0608898031496063
21
-1.8062306299212598
0
LINE
8
BLACK
6
CONTINUOUS
10
2.0608898031496063
20
-1.8062306299212598
11
2.0634002755905509
21
-1.8001698031496063
0
LINE
8
BLACK
6
CONTINUOUS
10
2.0634002755905509
20
-1.8001698031496063
11
2.0670449212598423
21
-1.7947151968503936
0
LINE
8
BLACK
6
CONTINUOUS
10
2.0670449212598423
20
-1.7947151968503936
11
2.0716837007874016
21
-1.7900764173228345
0
LINE
8
BLACK
6
CONTINUOUS
10
2.0716837007874016
20
-1.7900764173228345
11
2.0771383070866141
21
-1.7864317716535432
0
LINE
8
BLACK
6
CONTINUOUS
10
2.0771383070866141
20
-1.7864317716535432
11
2.0831991338582676
21
-1.7839212992125983
0
LINE
8
BLACK
6
CONTINUOUS
10
2.0831991338582676
20
-1.7839212992125983
11
2.0896332677165352
21
-1.7826414566929134
0
LINE
8
BLACK
6
CONTINUOUS
10
2.0896332677165352
20
-1.7826414566929134
11
2.0961935039370077
21
-1.7826414566929134
0
LINE
8
BLACK
6
CONTINUOUS
10
2.0961935039370077
20
-1.7826414566929134
11
2.1026276377952757
21
-1.7839212992125983
0
LINE
8
BLACK
6
CONTINUOUS
10
2.2026276377952754
20
-1.7839212992125983
11
2.2086884645669289
21
-1.7864317716535432
0
LINE
8
BLACK
6
CONTINUOUS
10
2.2086884645669289
20
-1.7864317716535432
11
2.2141430708661418
21
-1.7900764173228345
0
LINE
8
BLACK
6
CONTINUOUS
10
2.2141430708661418
20
-1.7900764173228345
11
2.2187818503937007
21
-1.7947151968503936
0
LINE
8
BLACK
6
CONTINUOUS
10
2.2187818503937007
20
-1.7947151968503936
11
2.222426496062992
21
-1.8001698031496063
0
LINE
8
BLACK
6
CONTINUOUS
10
2.222426496062992
20
-1.8001698031496063
11
2.2249369685039371
21
-1.8062306299212598
0
LINE
8
BLACK
6
CONTINUOUS
10
2.2249369685039371
20
-1.8062306299212598
11
2.226216811023622
21
-1.8126647637795275
0
LINE
8
BLACK
6
CONTINUOUS
10
2.226216811023622
20
-1.8126647637795275
11
2.226216811023622
21
-1.8192249999999999
0
LINE
8
BLACK
6
CONTINUOUS
10
2.226216811023622
20
-1.8192249999999999
11
2.2249369685039371
21
-1.8256591338582677
0
LINE
8
BLACK
6
CONTINUOUS
10
2.2249369685039371
20
-1.8256591338582677
11
2.222426496062992
21
-1.8317199606299213
0
LINE
8
BLACK
6
CONTINUOUS
10
2.222426496062992
20
-1.8317199606299213
11
2.2187818503937007
21
-1.8371745669291337
0
LINE
8
BLACK
6
CONTINUOUS
10
2.2187818503937007
20
-1.8371745669291337
11
2.2141430708661418
21
-1.8418133464566928
0
LINE
8
BLACK
6
CONTINUOUS
10
2.2141430708661418
20
-1.8418133464566928
11
2.2086884645669289
21
-1.8454579921259842
0
LINE
8
BLACK
6
CONTINUOUS
10
2.2086884645669289
20
-1.8454579921259842
11
2.2026276377952754
21
-1.847968464566929
0
LINE
8
BLACK
6
CONTINUOUS
10
2.2026276377952754
20
-1.847968464566929
11
2.1961935039370077
21
-1.8492483070866141
0
LINE
8
BLACK
6
CONTINUOUS
10
2.1961935039370077
20
-1.8492483070866141
11
2.1896332677165353
21
-1.8492483070866141
0
LINE
8
BLACK
6
CONTINUOUS
10
2.1896332677165353
20
-1.8492483070866141
11
2.1831991338582677
21
-1.847968464566929
0
LINE
8
BLACK
6
CONTINUOUS
10
2.1831991338582677
20
-1.847968464566929
11
2.1771383070866142
21
-1.8454579921259842
0
LINE
8
BLACK
6
CONTINUOUS
10
2.1771383070866142
20
-1.8454579921259842
11
2.1716837007874017
21
-1.8418133464566928
0
LINE
8
BLACK
6
CONTINUOUS
10
2.1716837007874017
20
-1.8418133464566928
11
2.1670449212598424
21
-1.8371745669291337
0
LINE
8
BLACK
6
CONTINUOUS
10
2.1670449212598424
20
-1.8371745669291337
11
2.163400275590551
21
-1.8317199606299213
0
LINE
8
BLACK
6
CONTINUOUS
10
2.163400275590551
20
-1.8317199606299213
11
2.1608898031496064
21
-1.8256591338582677
0
LINE
8
BLACK
6
CONTINUOUS
10
2.1608898031496064
20
-1.8256591338582677
11
2.1596099606299211
21
-1.8192249999999999
0
LINE
8
BLACK
6
CONTINUOUS
10
2.1596099606299211
20
-1.8192249999999999
11
2.1596099606299211
21
-1.8126647637795275
0
LINE
8
BLACK
6
CONTINUOUS
10
2.1596099606299211
20
-1.8126647637795275
11
2.1608898031496064
21
-1.8062306299212598
0
LINE
8
BLACK
6
CONTINUOUS
10
2.1608898031496064
20
-1.8062306299212598
11
2.163400275590551
21
-1.8001698031496063
0
LINE
8
BLACK
6
CONTINUOUS
10
2.163400275590551
20
-1.8001698031496063
11
2.1670449212598424
21
-1.7947151968503936
0
LINE
8
BLACK
6
CONTINUOUS
10
2.1670449212598424
20
-1.7947151968503936
11
2.1716837007874017
21
-1.7900764173228345
0
LINE
8
BLACK
6
CONTINUOUS
10
2.1716837007874017
20
-1.7900764173228345
11
2.1771383070866142
21
-1.7864317716535432
0
LINE
8
BLACK
6
CONTINUOUS
10
2.1771383070866142
20
-1.7864317716535432
11
2.1831991338582677
21
-1.7839212992125983
0
LINE
8
BLACK
6
CONTINUOUS
10
2.1831991338582677
20
-1.7839212992125983
11
2.1896332677165353
21
-1.7826414566929134
0
LINE
8
BLACK
6
CONTINUOUS
10
2.1896332677165353
20
-1.7826414566929134
11
2.1961935039370077
21
-1.7826414566929134
0
LINE
8
BLACK
6
CONTINUOUS
10
2.1961935039370077
20
-1.7826414566929134
11
2.2026276377952754
21
-1.7839212992125983
0
LINE
8
BLACK
6
CONTINUOUS
10
2.1026276377952757
20
-1.6839212992125985
11
2.1086884645669293
21
-1.6864317716535433
0
LINE
8
BLACK
6
CONTINUOUS
10
2.1086884645669293
20
-1.6864317716535433
11
2.1141430708661417
21
-1.6900764173228346
0
LINE
8
BLACK
6
CONTINUOUS
10
2.1141430708661417
20
-1.6900764173228346
11
2.1187818503937006
21
-1.6947151968503937
0
LINE
8
BLACK
6
CONTINUOUS
10
2.1187818503937006
20
-1.6947151968503937
11
2.1224264960629919
21
-1.7001698031496062
0
LINE
8
BLACK
6
CONTINUOUS
10
2.1224264960629919
20
-1.7001698031496062
11
2.124936968503937
21
-1.7062306299212597
0
LINE
8
BLACK
6
CONTINUOUS
10
2.124936968503937
20
-1.7062306299212597
11
2.1262168110236219
21
-1.7126647637795276
0
LINE
8
BLACK
6
CONTINUOUS
10
2.1262168110236219
20
-1.7126647637795276
11
2.1262168110236219
21
-1.719225
0
LINE
8
BLACK
6
CONTINUOUS
10
2.1262168110236219
20
-1.719225
11
2.124936968503937
21
-1.7256591338582676
0
LINE
8
BLACK
6
CONTINUOUS
10
2.124936968503937
20
-1.7256591338582676
11
2.1224264960629919
21
-1.7317199606299212
0
LINE
8
BLACK
6
CONTINUOUS
10
2.1224264960629919
20
-1.7317199606299212
11
2.1187818503937006
21
-1.7371745669291339
0
LINE
8
BLACK
6
CONTINUOUS
10
2.1187818503937006
20
-1.7371745669291339
11
2.1141430708661417
21
-1.7418133464566929
0
LINE
8
BLACK
6
CONTINUOUS
10
2.1141430708661417
20
-1.7418133464566929
11
2.1086884645669293
21
-1.7454579921259843
0
LINE
8
BLACK
6
CONTINUOUS
10
2.1086884645669293
20
-1.7454579921259843
11
2.1026276377952757
21
-1.7479684645669291
0
LINE
8
BLACK
6
CONTINUOUS
10
2.1026276377952757
20
-1.7479684645669291
11
2.0961935039370077
21
-1.7492483070866141
0
LINE
8
BLACK
6
CONTINUOUS
10
2.0961935039370077
20
-1.7492483070866141
11
2.0896332677165352
21
-1.7492483070866141
0
LINE
8
BLACK
6
CONTINUOUS
10
2.0896332677165352
20
-1.7492483070866141
11
2.0831991338582676
21
-1.7479684645669291
0
LINE
8
BLACK
6
CONTINUOUS
10
2.0831991338582676
20
-1.7479684645669291
11
2.0771383070866141
21
-1.7454579921259843
0
LINE
8
BLACK
6
CONTINUOUS
10
2.0771383070866141
20
-1.7454579921259843
11
2.0716837007874016
21
-1.7418133464566929
0
LINE
8
BLACK
6
CONTINUOUS
10
2.0716837007874016
20
-1.7418133464566929
11
2.0670449212598423
21
-1.7371745669291339
0
LINE
8
BLACK
6
CONTINUOUS
10
2.0670449212598423
20
-1.7371745669291339
11
2.0634002755905509
21
-1.7317199606299212
0
LINE
8
BLACK
6
CONTINUOUS
10
2.0634002755905509
20
-1.7317199606299212
11
2.0608898031496063
21
-1.7256591338582676
0
LINE
8
BLACK
6
CONTINUOUS
10
2.0608898031496063
20
-1.7256591338582676
11
2.0596099606299214
21
-1.719225
0
LINE
8
BLACK
6
CONTINUOUS
10
2.0596099606299214
20
-1.719225
11
2.0596099606299214
21
-1.7126647637795276
0
LINE
8
BLACK
6
CONTINUOUS
10
2.0596099606299214
20
-1.7126647637795276
11
2.0608898031496063
21
-1.7062306299212597
0
LINE
8
BLACK
6
CONTINUOUS
10
2.0608898031496063
20
-1.7062306299212597
11
2.0634002755905509
21
-1.7001698031496062
0
LINE
8
BLACK
6
CONTINUOUS
10
2.0634002755905509
20
-1.7001698031496062
11
2.0670449212598423
21
-1.6947151968503937
0
LINE
8
BLACK
6
CONTINUOUS
10
2.0670449212598423
20
-1.6947151968503937
11
2.0716837007874016
21
-1.6900764173228346
0
LINE
8
BLACK
6
CONTINUOUS
10
2.0716837007874016
20
-1.6900764173228346
11
2.0771383070866141
21
-1.6864317716535433
0
LINE
8
BLACK
6
CONTINUOUS
10
2.0771383070866141
20
-1.6864317716535433
11
2.0831991338582676
21
-1.6839212992125985
0
LINE
8
BLACK
6
CONTINUOUS
10
2.0831991338582676
20
-1.6839212992125985
11
2.0896332677165352
21
-1.6826414566929133
0
LINE
8
BLACK
6
CONTINUOUS
10
2.0896332677165352
20
-1.6826414566929133
11
2.0961935039370077
21
-1.6826414566929133
0
LINE
8
BLACK
6
CONTINUOUS
10
2.0961935039370077
20
-1.6826414566929133
11
2.1026276377952757
21
-1.6839212992125985
0
LINE
8
BLACK
6
CONTINUOUS
10
2.2026276377952754
20
-1.6839212992125985
11
2.2086884645669289
21
-1.6864317716535433
0
LINE
8
BLACK
6
CONTINUOUS
10
2.2086884645669289
20
-1.6864317716535433
11
2.2141430708661418
21
-1.6900764173228346
0
LINE
8
BLACK
6
CONTINUOUS
10
2.2141430708661418
20
-1.6900764173228346
11
2.2187818503937007
21
-1.6947151968503937
0
LINE
8
BLACK
6
CONTINUOUS
10
2.2187818503937007
20
-1.6947151968503937
11
2.222426496062992
21
-1.7001698031496062
0
LINE
8
BLACK
6
CONTINUOUS
10
2.222426496062992
20
-1.7001698031496062
11
2.2249369685039371
21
-1.7062306299212597
0
LINE
8
BLACK
6
CONTINUOUS
10
2.2249369685039371
20
-1.7062306299212597
11
2.226216811023622
21
-1.7126647637795276
0
LINE
8
BLACK
6
CONTINUOUS
10
2.226216811023622
20
-1.7126647637795276
11
2.226216811023622
21
-1.719225
0
LINE
8
BLACK
6
CONTINUOUS
10
2.226216811023622
20
-1.719225
11
2.2249369685039371
21
-1.7256591338582676
0
LINE
8
BLACK
6
CONTINUOUS
10
2.2249369685039371
20
-1.7256591338582676
11
2.222426496062992
21
-1.7317199606299212
0
LINE
8
BLACK
6
CONTINUOUS
10
2.222426496062992
20
-1.7317199606299212
11
2.2187818503937007
21
-1.7371745669291339
0
LINE
8
BLACK
6
CONTINUOUS
10
2.2187818503937007
20
-1.7371745669291339
11
2.2141430708661418
21
-1.7418133464566929
0
LINE
8
BLACK
6
CONTINUOUS
10
2.2141430708661418
20
-1.7418133464566929
11
2.2086884645669289
21
-1.7454579921259843
0
LINE
8
BLACK
6
CONTINUOUS
10
2.2086884645669289
20
-1.7454579921259843
11
2.2026276377952754
21
-1.7479684645669291
0
LINE
8
BLACK
6
CONTINUOUS
10
2.2026276377952754
20
-1.7479684645669291
11
2.1961935039370077
21
-1.7492483070866141
0
LINE
8
BLACK
6
CONTINUOUS
10
2.1961935039370077
20
-1.7492483070866141
11
2.1896332677165353
21
-1.7492483070866141
0
LINE
8
BLACK
6
CONTINUOUS
10
2.1896332677165353
20
-1.7492483070866141
11
2.1831991338582677
21
-1.7479684645669291
0
LINE
8
BLACK
6
CONTINUOUS
10
2.1831991338582677
20
-1.7479684645669291
11
2.1771383070866142
21
-1.7454579921259843
0
LINE
8
BLACK
6
CONTINUOUS
10
2.1771383070866142
20
-1.7454579921259843
11
2.1716837007874017
21
-1.7418133464566929
0
LINE
8
BLACK
6
CONTINUOUS
10
2.1716837007874017
20
-1.7418133464566929
11
2.1670449212598424
21
-1.7371745669291339
0
LINE
8
BLACK
6
CONTINUOUS
10
2.1670449212598424
20
-1.7371745669291339
11
2.163400275590551
21
-1.7317199606299212
0
LINE
8
BLACK
6
CONTINUOUS
10
2.163400275590551
20
-1.7317199606299212
11
2.1608898031496064
21
-1.7256591338582676
0
LINE
8
BLACK
6
CONTINUOUS
10
2.1608898031496064
20
-1.7256591338582676
11
2.1596099606299211
21
-1.719225
0
LINE
8
BLACK
6
CONTINUOUS
10
2.1596099606299211
20
-1.719225
11
2.1596099606299211
21
-1.7126647637795276
0
LINE
8
BLACK
6
CONTINUOUS
10
2.1596099606299211
20
-1.7126647637795276
11
2.1608898031496064
21
-1.7062306299212597
0
LINE
8
BLACK
6
CONTINUOUS
10
2.1608898031496064
20
-1.7062306299212597
11
2.163400275590551
21
-1.7001698031496062
0
LINE
8
BLACK
6
CONTINUOUS
10
2.163400275590551
20
-1.7001698031496062
11
2.1670449212598424
21
-1.6947151968503937
0
LINE
8
BLACK
6
CONTINUOUS
10
2.1670449212598424
20
-1.6947151968503937
11
2.1716837007874017
21
-1.6900764173228346
0
LINE
8
BLACK
6
CONTINUOUS
10
2.1716837007874017
20
-1.6900764173228346
11
2.1771383070866142
21
-1.6864317716535433
0
LINE
8
BLACK
6
CONTINUOUS
10
2.1771383070866142
20
-1.6864317716535433
11
2.1831991338582677
21
-1.6839212992125985
0
LINE
8
BLACK
6
CONTINUOUS
10
2.1831991338582677
20
-1.6839212992125985
11
2.1896332677165353
21
-1.6826414566929133
0
LINE
8
BLACK
6
CONTINUOUS
10
2.1896332677165353
20
-1.6826414566929133
11
2.1961935039370077
21
-1.6826414566929133
0
LINE
8
BLACK
6
CONTINUOUS
10
2.1961935039370077
20
-1.6826414566929133
11
2.2026276377952754
21
-1.6839212992125985
0
LINE
8
BLACK
6
CONTINUOUS
10
2.1026276377952757
20
-1.5839212992125984
11
2.1086884645669293
21
-1.5864317716535432
0
LINE
8
BLACK
6
CONTINUOUS
10
2.1086884645669293
20
-1.5864317716535432
11
2.1141430708661417
21
-1.5900764173228346
0
LINE
8
BLACK
6
CONTINUOUS
10
2.1141430708661417
20
-1.5900764173228346
11
2.1187818503937006
21
-1.5947151968503936
0
LINE
8
BLACK
6
CONTINUOUS
10
2.1187818503937006
20
-1.5947151968503936
11
2.1224264960629919
21
-1.6001698031496063
0
LINE
8
BLACK
6
CONTINUOUS
10
2.1224264960629919
20
-1.6001698031496063
11
2.124936968503937
21
-1.6062306299212599
0
LINE
8
BLACK
6
CONTINUOUS
10
2.124936968503937
20
-1.6062306299212599
11
2.1262168110236219
21
-1.6126647637795275
0
LINE
8
BLACK
6
CONTINUOUS
10
2.1262168110236219
20
-1.6126647637795275
11
2.1262168110236219
21
-1.6192249999999999
0
LINE
8
BLACK
6
CONTINUOUS
10
2.1262168110236219
20
-1.6192249999999999
11
2.124936968503937
21
-1.6256591338582678
0
LINE
8
BLACK
6
CONTINUOUS
10
2.124936968503937
20
-1.6256591338582678
11
2.1224264960629919
21
-1.6317199606299213
0
LINE
8
BLACK
6
CONTINUOUS
10
2.1224264960629919
20
-1.6317199606299213
11
2.1187818503937006
21
-1.6371745669291338
0
LINE
8
BLACK
6
CONTINUOUS
10
2.1187818503937006
20
-1.6371745669291338
11
2.1141430708661417
21
-1.6418133464566929
0
LINE
8
BLACK
6
CONTINUOUS
10
2.1141430708661417
20
-1.6418133464566929
11
2.1086884645669293
21
-1.6454579921259842
0
LINE
8
BLACK
6
CONTINUOUS
10
2.1086884645669293
20
-1.6454579921259842
11
2.1026276377952757
21
-1.647968464566929
0
LINE
8
BLACK
6
CONTINUOUS
10
2.1026276377952757
20
-1.647968464566929
11
2.0961935039370077
21
-1.6492483070866142
0
LINE
8
BLACK
6
CONTINUOUS
10
2.0961935039370077
20
-1.6492483070866142
11
2.0896332677165352
21
-1.6492483070866142
0
LINE
8
BLACK
6
CONTINUOUS
10
2.0896332677165352
20
-1.6492483070866142
11
2.0831991338582676
21
-1.647968464566929
0
LINE
8
BLACK
6
CONTINUOUS
10
2.0831991338582676
20
-1.647968464566929
11
2.0771383070866141
21
-1.6454579921259842
0
LINE
8
BLACK
6
CONTINUOUS
10
2.0771383070866141
20
-1.6454579921259842
11
2.0716837007874016
21
-1.6418133464566929
0
LINE
8
BLACK
6
CONTINUOUS
10
2.0716837007874016
20
-1.6418133464566929
11
2.0670449212598423
21
-1.6371745669291338
0
LINE
8
BLACK
6
CONTINUOUS
10
2.0670449212598423
20
-1.6371745669291338
11
2.0634002755905509
21
-1.6317199606299213
0
LINE
8
BLACK
6
CONTINUOUS
10
2.0634002755905509
20
-1.6317199606299213
11
2.0608898031496063
21
-1.6256591338582678
0
LINE
8
BLACK
6
CONTINUOUS
10
2.0608898031496063
20
-1.6256591338582678
11
2.0596099606299214
21
-1.6192249999999999
0
LINE
8
BLACK
6
CONTINUOUS
10
2.0596099606299214
20
-1.6192249999999999
11
2.0596099606299214
21
-1.6126647637795275
0
LINE
8
BLACK
6
CONTINUOUS
10
2.0596099606299214
20
-1.6126647637795275
11
2.0608898031496063
21
-1.6062306299212599
0
LINE
8
BLACK
6
CONTINUOUS
10
2.0608898031496063
20
-1.6062306299212599
11
2.0634002755905509
21
-1.6001698031496063
0
LINE
8
BLACK
6
CONTINUOUS
10
2.0634002755905509
20
-1.6001698031496063
11
2.0670449212598423
21
-1.5947151968503936
0
LINE
8
BLACK
6
CONTINUOUS
10
2.0670449212598423
20
-1.5947151968503936
11
2.0716837007874016
21
-1.5900764173228346
0
LINE
8
BLACK
6
CONTINUOUS
10
2.0716837007874016
20
-1.5900764173228346
11
2.0771383070866141
21
-1.5864317716535432
0
LINE
8
BLACK
6
CONTINUOUS
10
2.0771383070866141
20
-1.5864317716535432
11
2.0831991338582676
21
-1.5839212992125984
0
LINE
8
BLACK
6
CONTINUOUS
10
2.0831991338582676
20
-1.5839212992125984
11
2.0896332677165352
21
-1.5826414566929135
0
LINE
8
BLACK
6
CONTINUOUS
10
2.0896332677165352
20
-1.5826414566929135
11
2.0961935039370077
21
-1.5826414566929135
0
LINE
8
BLACK
6
CONTINUOUS
10
2.0961935039370077
20
-1.5826414566929135
11
2.1026276377952757
21
-1.5839212992125984
0
LINE
8
BLACK
6
CONTINUOUS
10
2.2026276377952754
20
-1.5839212992125984
11
2.2086884645669289
21
-1.5864317716535432
0
LINE
8
BLACK
6
CONTINUOUS
10
2.2086884645669289
20
-1.5864317716535432
11
2.2141430708661418
21
-1.5900764173228346
0
LINE
8
BLACK
6
CONTINUOUS
10
2.2141430708661418
20
-1.5900764173228346
11
2.2187818503937007
21
-1.5947151968503936
0
LINE
8
BLACK
6
CONTINUOUS
10
2.2187818503937007
20
-1.5947151968503936
11
2.222426496062992
21
-1.6001698031496063
0
LINE
8
BLACK
6
CONTINUOUS
10
2.222426496062992
20
-1.6001698031496063
11
2.2249369685039371
21
-1.6062306299212599
0
LINE
8
BLACK
6
CONTINUOUS
10
2.2249369685039371
20
-1.6062306299212599
11
2.226216811023622
21
-1.6126647637795275
0
LINE
8
BLACK
6
CONTINUOUS
10
2.226216811023622
20
-1.6126647637795275
11
2.226216811023622
21
-1.6192249999999999
0
LINE
8
BLACK
6
CONTINUOUS
10
2.226216811023622
20
-1.6192249999999999
11
2.2249369685039371
21
-1.6256591338582678
0
LINE
8
BLACK
6
CONTINUOUS
10
2.2249369685039371
20
-1.6256591338582678
11
2.222426496062992
21
-1.6317199606299213
0
LINE
8
BLACK
6
CONTINUOUS
10
2.222426496062992
20
-1.6317199606299213
11
2.2187818503937007
21
-1.6371745669291338
0
LINE
8
BLACK
6
CONTINUOUS
10
2.2187818503937007
20
-1.6371745669291338
11
2.2141430708661418
21
-1.6418133464566929
0
LINE
8
BLACK
6
CONTINUOUS
10
2.2141430708661418
20
-1.6418133464566929
11
2.2086884645669289
21
-1.6454579921259842
0
LINE
8
BLACK
6
CONTINUOUS
10
2.2086884645669289
20
-1.6454579921259842
11
2.2026276377952754
21
-1.647968464566929
0
LINE
8
BLACK
6
CONTINUOUS
10
2.2026276377952754
20
-1.647968464566929
11
2.1961935039370077
21
-1.6492483070866142
0
LINE
8
BLACK
6
CONTINUOUS
10
2.1961935039370077
20
-1.6492483070866142
11
2.1896332677165353
21
-1.6492483070866142
0
LINE
8
BLACK
6
CONTINUOUS
10
2.1896332677165353
20
-1.6492483070866142
11
2.1831991338582677
21
-1.647968464566929
0
LINE
8
BLACK
6
CONTINUOUS
10
2.1831991338582677
20
-1.647968464566929
11
2.1771383070866142
21
-1.6454579921259842
0
LINE
8
BLACK
6
CONTINUOUS
10
2.1771383070866142
20
-1.6454579921259842
11
2.1716837007874017
21
-1.6418133464566929
0
LINE
8
BLACK
6
CONTINUOUS
10
2.1716837007874017
20
-1.6418133464566929
11
2.1670449212598424
21
-1.6371745669291338
0
LINE
8
BLACK
6
CONTINUOUS
10
2.1670449212598424
20
-1.6371745669291338
11
2.163400275590551
21
-1.6317199606299213
0
LINE
8
BLACK
6
CONTINUOUS
10
2.163400275590551
20
-1.6317199606299213
11
2.1608898031496064
21
-1.6256591338582678
0
LINE
8
BLACK
6
CONTINUOUS
10
2.1608898031496064
20
-1.6256591338582678
11
2.1596099606299211
21
-1.6192249999999999
0
LINE
8
BLACK
6
CONTINUOUS
10
2.1596099606299211
20
-1.6192249999999999
11
2.1596099606299211
21
-1.6126647637795275
0
LINE
8
BLACK
6
CONTINUOUS
10
2.1596099606299211
20
-1.6126647637795275
11
2.1608898031496064
21
-1.6062306299212599
0
LINE
8
BLACK
6
CONTINUOUS
10
2.1608898031496064
20
-1.6062306299212599
11
2.163400275590551
21
-1.6001698031496063
0
LINE
8
BLACK
6
CONTINUOUS
10
2.163400275590551
20
-1.6001698031496063
11
2.1670449212598424
21
-1.5947151968503936
0
LINE
8
BLACK
6
CONTINUOUS
10
2.1670449212598424
20
-1.5947151968503936
11
2.1716837007874017
21
-1.5900764173228346
0
LINE
8
BLACK
6
CONTINUOUS
10
2.1716837007874017
20
-1.5900764173228346
11
2.1771383070866142
21
-1.5864317716535432
0
LINE
8
BLACK
6
CONTINUOUS
10
2.1771383070866142
20
-1.5864317716535432
11
2.1831991338582677
21
-1.5839212992125984
0
LINE
8
BLACK
6
CONTINUOUS
10
2.1831991338582677
20
-1.5839212992125984
11
2.1896332677165353
21
-1.5826414566929135
0
LINE
8
BLACK
6
CONTINUOUS
10
2.1896332677165353
20
-1.5826414566929135
11
2.1961935039370077
21
-1.5826414566929135
0
LINE
8
BLACK
6
CONTINUOUS
10
2.1961935039370077
20
-1.5826414566929135
11
2.2026276377952754
21
-1.5839212992125984
0
LINE
8
BLACK
6
CONTINUOUS
10
2.1026276377952757
20
-1.4839212992125983
11
2.1086884645669293
21
-1.4864317716535433
0
LINE
8
BLACK
6
CONTINUOUS
10
2.1086884645669293
20
-1.4864317716535433
11
2.1141430708661417
21
-1.4900764173228347
0
LINE
8
BLACK
6
CONTINUOUS
10
2.1141430708661417
20
-1.4900764173228347
11
2.1187818503937006
21
-1.4947151968503936
0
LINE
8
BLACK
6
CONTINUOUS
10
2.1187818503937006
20
-1.4947151968503936
11
2.1224264960629919
21
-1.5001698031496062
0
LINE
8
BLACK
6
CONTINUOUS
10
2.1224264960629919
20
-1.5001698031496062
11
2.124936968503937
21
-1.5062306299212598
0
LINE
8
BLACK
6
CONTINUOUS
10
2.124936968503937
20
-1.5062306299212598
11
2.1262168110236219
21
-1.5126647637795276
0
LINE
8
BLACK
6
CONTINUOUS
10
2.1262168110236219
20
-1.5126647637795276
11
2.1262168110236219
21
-1.519225
0
LINE
8
BLACK
6
CONTINUOUS
10
2.1262168110236219
20
-1.519225
11
2.124936968503937
21
-1.5256591338582677
0
LINE
8
BLACK
6
CONTINUOUS
10
2.124936968503937
20
-1.5256591338582677
11
2.1224264960629919
21
-1.5317199606299212
0
LINE
8
BLACK
6
CONTINUOUS
10
2.1224264960629919
20
-1.5317199606299212
11
2.1187818503937006
21
-1.5371745669291339
0
LINE
8
BLACK
6
CONTINUOUS
10
2.1187818503937006
20
-1.5371745669291339
11
2.1141430708661417
21
-1.5418133464566928
0
LINE
8
BLACK
6
CONTINUOUS
10
2.1141430708661417
20
-1.5418133464566928
11
2.1086884645669293
21
-1.5454579921259841
0
LINE
8
BLACK
6
CONTINUOUS
10
2.1086884645669293
20
-1.5454579921259841
11
2.1026276377952757
21
-1.5479684645669292
0
LINE
8
BLACK
6
CONTINUOUS
10
2.1026276377952757
20
-1.5479684645669292
11
2.0961935039370077
21
-1.5492483070866141
0
LINE
8
BLACK
6
CONTINUOUS
10
2.0961935039370077
20
-1.5492483070866141
11
2.0896332677165352
21
-1.5492483070866141
0
LINE
8
BLACK
6
CONTINUOUS
10
2.0896332677165352
20
-1.5492483070866141
11
2.0831991338582676
21
-1.5479684645669292
0
LINE
8
BLACK
6
CONTINUOUS
10
2.0831991338582676
20
-1.5479684645669292
11
2.0771383070866141
21
-1.5454579921259841
0
LINE
8
BLACK
6
CONTINUOUS
10
2.0771383070866141
20
-1.5454579921259841
11
2.0716837007874016
21
-1.5418133464566928
0
LINE
8
BLACK
6
CONTINUOUS
10
2.0716837007874016
20
-1.5418133464566928
11
2.0670449212598423
21
-1.5371745669291339
0
LINE
8
BLACK
6
CONTINUOUS
10
2.0670449212598423
20
-1.5371745669291339
11
2.0634002755905509
21
-1.5317199606299212
0
LINE
8
BLACK
6
CONTINUOUS
10
2.0634002755905509
20
-1.5317199606299212
11
2.0608898031496063
21
-1.5256591338582677
0
LINE
8
BLACK
6
CONTINUOUS
10
2.0608898031496063
20
-1.5256591338582677
11
2.0596099606299214
21
-1.519225
0
LINE
8
BLACK
6
CONTINUOUS
10
2.0596099606299214
20
-1.519225
11
2.0596099606299214
21
-1.5126647637795276
0
LINE
8
BLACK
6
CONTINUOUS
10
2.0596099606299214
20
-1.5126647637795276
11
2.0608898031496063
21
-1.5062306299212598
0
LINE
8
BLACK
6
CONTINUOUS
10
2.0608898031496063
20
-1.5062306299212598
11
2.0634002755905509
21
-1.5001698031496062
0
LINE
8
BLACK
6
CONTINUOUS
10
2.0634002755905509
20
-1.5001698031496062
11
2.0670449212598423
21
-1.4947151968503936
0
LINE
8
BLACK
6
CONTINUOUS
10
2.0670449212598423
20
-1.4947151968503936
11
2.0716837007874016
21
-1.4900764173228347
0
LINE
8
BLACK
6
CONTINUOUS
10
2.0716837007874016
20
-1.4900764173228347
11
2.0771383070866141
21
-1.4864317716535433
0
LINE
8
BLACK
6
CONTINUOUS
10
2.0771383070866141
20
-1.4864317716535433
11
2.0831991338582676
21
-1.4839212992125983
0
LINE
8
BLACK
6
CONTINUOUS
10
2.0831991338582676
20
-1.4839212992125983
11
2.0896332677165352
21
-1.4826414566929134
0
LINE
8
BLACK
6
CONTINUOUS
10
2.0896332677165352
20
-1.4826414566929134
11
2.0961935039370077
21
-1.4826414566929134
0
LINE
8
BLACK
6
CONTINUOUS
10
2.0961935039370077
20
-1.4826414566929134
11
2.1026276377952757
21
-1.4839212992125983
0
LINE
8
BLACK
6
CONTINUOUS
10
2.2026276377952754
20
-1.4839212992125983
11
2.2086884645669289
21
-1.4864317716535433
0
LINE
8
BLACK
6
CONTINUOUS
10
2.2086884645669289
20
-1.4864317716535433
11
2.2141430708661418
21
-1.4900764173228347
0
LINE
8
BLACK
6
CONTINUOUS
10
2.2141430708661418
20
-1.4900764173228347
11
2.2187818503937007
21
-1.4947151968503936
0
LINE
8
BLACK
6
CONTINUOUS
10
2.2187818503937007
20
-1.4947151968503936
11
2.222426496062992
21
-1.5001698031496062
0
LINE
8
BLACK
6
CONTINUOUS
10
2.222426496062992
20
-1.5001698031496062
11
2.2249369685039371
21
-1.5062306299212598
0
LINE
8
BLACK
6
CONTINUOUS
10
2.2249369685039371
20
-1.5062306299212598
11
2.226216811023622
21
-1.5126647637795276
0
LINE
8
BLACK
6
CONTINUOUS
10
2.226216811023622
20
-1.5126647637795276
11
2.226216811023622
21
-1.519225
0
LINE
8
BLACK
6
CONTINUOUS
10
2.226216811023622
20
-1.519225
11
2.2249369685039371
21
-1.5256591338582677
0
LINE
8
BLACK
6
CONTINUOUS
10
2.2249369685039371
20
-1.5256591338582677
11
2.222426496062992
21
-1.5317199606299212
0
LINE
8
BLACK
6
CONTINUOUS
10
2.222426496062992
20
-1.5317199606299212
11
2.2187818503937007
21
-1.5371745669291339
0
LINE
8
BLACK
6
CONTINUOUS
10
2.2187818503937007
20
-1.5371745669291339
11
2.2141430708661418
21
-1.5418133464566928
0
LINE
8
BLACK
6
CONTINUOUS
10
2.2141430708661418
20
-1.5418133464566928
11
2.2086884645669289
21
-1.5454579921259841
0
LINE
8
BLACK
6
CONTINUOUS
10
2.2086884645669289
20
-1.5454579921259841
11
2.2026276377952754
21
-1.5479684645669292
0
LINE
8
BLACK
6
CONTINUOUS
10
2.2026276377952754
20
-1.5479684645669292
11
2.1961935039370077
21
-1.5492483070866141
0
LINE
8
BLACK
6
CONTINUOUS
10
2.1961935039370077
20
-1.5492483070866141
11
2.1896332677165353
21
-1.5492483070866141
0
LINE
8
BLACK
6
CONTINUOUS
10
2.1896332677165353
20
-1.5492483070866141
11
2.1831991338582677
21
-1.5479684645669292
0
LINE
8
BLACK
6
CONTINUOUS
10
2.1831991338582677
20
-1.5479684645669292
11
2.1771383070866142
21
-1.5454579921259841
0
LINE
8
BLACK
6
CONTINUOUS
10
2.1771383070866142
20
-1.5454579921259841
11
2.1716837007874017
21
-1.5418133464566928
0
LINE
8
BLACK
6
CONTINUOUS
10
2.1716837007874017
20
-1.5418133464566928
11
2.1670449212598424
21
-1.5371745669291339
0
LINE
8
BLACK
6
CONTINUOUS
10
2.1670449212598424
20
-1.5371745669291339
11
2.163400275590551
21
-1.5317199606299212
0
LINE
8
BLACK
6
CONTINUOUS
10
2.163400275590551
20
-1.5317199606299212
11
2.1608898031496064
21
-1.5256591338582677
0
LINE
8
BLACK
6
CONTINUOUS
10
2.1608898031496064
20
-1.5256591338582677
11
2.1596099606299211
21
-1.519225
0
LINE
8
BLACK
6
CONTINUOUS
10
2.1596099606299211
20
-1.519225
11
2.1596099606299211
21
-1.5126647637795276
0
LINE
8
BLACK
6
CONTINUOUS
10
2.1596099606299211
20
-1.5126647637795276
11
2.1608898031496064
21
-1.5062306299212598
0
LINE
8
BLACK
6
CONTINUOUS
10
2.1608898031496064
20
-1.5062306299212598
11
2.163400275590551
21
-1.5001698031496062
0
LINE
8
BLACK
6
CONTINUOUS
10
2.163400275590551
20
-1.5001698031496062
11
2.1670449212598424
21
-1.4947151968503936
0
LINE
8
BLACK
6
CONTINUOUS
10
2.1670449212598424
20
-1.4947151968503936
11
2.1716837007874017
21
-1.4900764173228347
0
LINE
8
BLACK
6
CONTINUOUS
10
2.1716837007874017
20
-1.4900764173228347
11
2.1771383070866142
21
-1.4864317716535433
0
LINE
8
BLACK
6
CONTINUOUS
10
2.1771383070866142
20
-1.4864317716535433
11
2.1831991338582677
21
-1.4839212992125983
0
LINE
8
BLACK
6
CONTINUOUS
10
2.1831991338582677
20
-1.4839212992125983
11
2.1896332677165353
21
-1.4826414566929134
0
LINE
8
BLACK
6
CONTINUOUS
10
2.1896332677165353
20
-1.4826414566929134
11
2.1961935039370077
21
-1.4826414566929134
0
LINE
8
BLACK
6
CONTINUOUS
10
2.1961935039370077
20
-1.4826414566929134
11
2.2026276377952754
21
-1.4839212992125983
0
LINE
8
BLACK
6
CONTINUOUS
10
2.1026276377952757
20
-1.3839212992125984
11
2.1086884645669293
21
-1.3864317716535433
0
LINE
8
BLACK
6
CONTINUOUS
10
2.1086884645669293
20
-1.3864317716535433
11
2.1141430708661417
21
-1.3900764173228346
0
LINE
8
BLACK
6
CONTINUOUS
10
2.1141430708661417
20
-1.3900764173228346
11
2.1187818503937006
21
-1.3947151968503937
0
LINE
8
BLACK
6
CONTINUOUS
10
2.1187818503937006
20
-1.3947151968503937
11
2.1224264960629919
21
-1.4001698031496064
0
LINE
8
BLACK
6
CONTINUOUS
10
2.1224264960629919
20
-1.4001698031496064
11
2.124936968503937
21
-1.4062306299212599
0
LINE
8
BLACK
6
CONTINUOUS
10
2.124936968503937
20
-1.4062306299212599
11
2.1262168110236219
21
-1.4126647637795275
0
LINE
8
BLACK
6
CONTINUOUS
10
2.1262168110236219
20
-1.4126647637795275
11
2.1262168110236219
21
-1.419225
0
LINE
8
BLACK
6
CONTINUOUS
10
2.1262168110236219
20
-1.419225
11
2.124936968503937
21
-1.4256591338582676
0
LINE
8
BLACK
6
CONTINUOUS
10
2.124936968503937
20
-1.4256591338582676
11
2.1224264960629919
21
-1.4317199606299211
0
LINE
8
BLACK
6
CONTINUOUS
10
2.1224264960629919
20
-1.4317199606299211
11
2.1187818503937006
21
-1.4371745669291338
0
LINE
8
BLACK
6
CONTINUOUS
10
2.1187818503937006
20
-1.4371745669291338
11
2.1141430708661417
21
-1.4418133464566929
0
LINE
8
BLACK
6
CONTINUOUS
10
2.1141430708661417
20
-1.4418133464566929
11
2.1086884645669293
21
-1.4454579921259842
0
LINE
8
BLACK
6
CONTINUOUS
10
2.1086884645669293
20
-1.4454579921259842
11
2.1026276377952757
21
-1.4479684645669291
0
LINE
8
BLACK
6
CONTINUOUS
10
2.1026276377952757
20
-1.4479684645669291
11
2.0961935039370077
21
-1.4492483070866142
0
LINE
8
BLACK
6
CONTINUOUS
10
2.0961935039370077
20
-1.4492483070866142
11
2.0896332677165352
21
-1.4492483070866142
0
LINE
8
BLACK
6
CONTINUOUS
10
2.0896332677165352
20
-1.4492483070866142
11
2.0831991338582676
21
-1.4479684645669291
0
LINE
8
BLACK
6
CONTINUOUS
10
2.0831991338582676
20
-1.4479684645669291
11
2.0771383070866141
21
-1.4454579921259842
0
LINE
8
BLACK
6
CONTINUOUS
10
2.0771383070866141
20
-1.4454579921259842
11
2.0716837007874016
21
-1.4418133464566929
0
LINE
8
BLACK
6
CONTINUOUS
10
2.0716837007874016
20
-1.4418133464566929
11
2.0670449212598423
21
-1.4371745669291338
0
LINE
8
BLACK
6
CONTINUOUS
10
2.0670449212598423
20
-1.4371745669291338
11
2.0634002755905509
21
-1.4317199606299211
0
LINE
8
BLACK
6
CONTINUOUS
10
2.0634002755905509
20
-1.4317199606299211
11
2.0608898031496063
21
-1.4256591338582676
0
LINE
8
BLACK
6
CONTINUOUS
10
2.0608898031496063
20
-1.4256591338582676
11
2.0596099606299214
21
-1.419225
0
LINE
8
BLACK
6
CONTINUOUS
10
2.0596099606299214
20
-1.419225
11
2.0596099606299214
21
-1.4126647637795275
0
LINE
8
BLACK
6
CONTINUOUS
10
2.0596099606299214
20
-1.4126647637795275
11
2.0608898031496063
21
-1.4062306299212599
0
LINE
8
BLACK
6
CONTINUOUS
10
2.0608898031496063
20
-1.4062306299212599
11
2.0634002755905509
21
-1.4001698031496064
0
LINE
8
BLACK
6
CONTINUOUS
10
2.0634002755905509
20
-1.4001698031496064
11
2.0670449212598423
21
-1.3947151968503937
0
LINE
8
BLACK
6
CONTINUOUS
10
2.0670449212598423
20
-1.3947151968503937
11
2.0716837007874016
21
-1.3900764173228346
0
LINE
8
BLACK
6
CONTINUOUS
10
2.0716837007874016
20
-1.3900764173228346
11
2.0771383070866141
21
-1.3864317716535433
0
LINE
8
BLACK
6
CONTINUOUS
10
2.0771383070866141
20
-1.3864317716535433
11
2.0831991338582676
21
-1.3839212992125984
0
LINE
8
BLACK
6
CONTINUOUS
10
2.0831991338582676
20
-1.3839212992125984
11
2.0896332677165352
21
-1.3826414566929133
0
LINE
8
BLACK
6
CONTINUOUS
10
2.0896332677165352
20
-1.3826414566929133
11
2.0961935039370077
21
-1.3826414566929133
0
LINE
8
BLACK
6
CONTINUOUS
10
2.0961935039370077
20
-1.3826414566929133
11
2.1026276377952757
21
-1.3839212992125984
0
LINE
8
BLACK
6
CONTINUOUS
10
2.2026276377952754
20
-1.3839212992125984
11
2.2086884645669289
21
-1.3864317716535433
0
LINE
8
BLACK
6
CONTINUOUS
10
2.2086884645669289
20
-1.3864317716535433
11
2.2141430708661418
21
-1.3900764173228346
0
LINE
8
BLACK
6
CONTINUOUS
10
2.2141430708661418
20
-1.3900764173228346
11
2.2187818503937007
21
-1.3947151968503937
0
LINE
8
BLACK
6
CONTINUOUS
10
2.2187818503937007
20
-1.3947151968503937
11
2.222426496062992
21
-1.4001698031496064
0
LINE
8
BLACK
6
CONTINUOUS
10
2.222426496062992
20
-1.4001698031496064
11
2.2249369685039371
21
-1.4062306299212599
0
LINE
8
BLACK
6
CONTINUOUS
10
2.2249369685039371
20
-1.4062306299212599
11
2.226216811023622
21
-1.4126647637795275
0
LINE
8
BLACK
6
CONTINUOUS
10
2.226216811023622
20
-1.4126647637795275
11
2.226216811023622
21
-1.419225
0
LINE
8
BLACK
6
CONTINUOUS
10
2.226216811023622
20
-1.419225
11
2.2249369685039371
21
-1.4256591338582676
0
LINE
8
BLACK
6
CONTINUOUS
10
2.2249369685039371
20
-1.4256591338582676
11
2.222426496062992
21
-1.4317199606299211
0
LINE
8
BLACK
6
CONTINUOUS
10
2.222426496062992
20
-1.4317199606299211
11
2.2187818503937007
21
-1.4371745669291338
0
LINE
8
BLACK
6
CONTINUOUS
10
2.2187818503937007
20
-1.4371745669291338
11
2.2141430708661418
21
-1.4418133464566929
0
LINE
8
BLACK
6
CONTINUOUS
10
2.2141430708661418
20
-1.4418133464566929
11
2.2086884645669289
21
-1.4454579921259842
0
LINE
8
BLACK
6
CONTINUOUS
10
2.2086884645669289
20
-1.4454579921259842
11
2.2026276377952754
21
-1.4479684645669291
0
LINE
8
BLACK
6
CONTINUOUS
10
2.2026276377952754
20
-1.4479684645669291
11
2.1961935039370077
21
-1.4492483070866142
0
LINE
8
BLACK
6
CONTINUOUS
10
2.1961935039370077
20
-1.4492483070866142
11
2.1896332677165353
21
-1.4492483070866142
0
LINE
8
BLACK
6
CONTINUOUS
10
2.1896332677165353
20
-1.4492483070866142
11
2.1831991338582677
21
-1.4479684645669291
0
LINE
8
BLACK
6
CONTINUOUS
10
2.1831991338582677
20
-1.4479684645669291
11
2.1771383070866142
21
-1.4454579921259842
0
LINE
8
BLACK
6
CONTINUOUS
10
2.1771383070866142
20
-1.4454579921259842
11
2.1716837007874017
21
-1.4418133464566929
0
LINE
8
BLACK
6
CONTINUOUS
10
2.1716837007874017
20
-1.4418133464566929
11
2.1670449212598424
21
-1.4371745669291338
0
LINE
8
BLACK
6
CONTINUOUS
10
2.1670449212598424
20
-1.4371745669291338
11
2.163400275590551
21
-1.4317199606299211
0
LINE
8
BLACK
6
CONTINUOUS
10
2.163400275590551
20
-1.4317199606299211
11
2.1608898031496064
21
-1.4256591338582676
0
LINE
8
BLACK
6
CONTINUOUS
10
2.1608898031496064
20
-1.4256591338582676
11
2.1596099606299211
21
-1.419225
0
LINE
8
BLACK
6
CONTINUOUS
10
2.1596099606299211
20
-1.419225
11
2.1596099606299211
21
-1.4126647637795275
0
LINE
8
BLACK
6
CONTINUOUS
10
2.1596099606299211
20
-1.4126647637795275
11
2.1608898031496064
21
-1.4062306299212599
0
LINE
8
BLACK
6
CONTINUOUS
10
2.1608898031496064
20
-1.4062306299212599
11
2.163400275590551
21
-1.4001698031496064
0
LINE
8
BLACK
6
CONTINUOUS
10
2.163400275590551
20
-1.4001698031496064
11
2.1670449212598424
21
-1.3947151968503937
0
LINE
8
BLACK
6
CONTINUOUS
10
2.1670449212598424
20
-1.3947151968503937
11
2.1716837007874017
21
-1.3900764173228346
0
LINE
8
BLACK
6
CONTINUOUS
10
2.1716837007874017
20
-1.3900764173228346
11
2.1771383070866142
21
-1.3864317716535433
0
LINE
8
BLACK
6
CONTINUOUS
10
2.1771383070866142
20
-1.3864317716535433
11
2.1831991338582677
21
-1.3839212992125984
0
LINE
8
BLACK
6
CONTINUOUS
10
2.1831991338582677
20
-1.3839212992125984
11
2.1896332677165353
21
-1.3826414566929133
0
LINE
8
BLACK
6
CONTINUOUS
10
2.1896332677165353
20
-1.3826414566929133
11
2.1961935039370077
21
-1.3826414566929133
0
LINE
8
BLACK
6
CONTINUOUS
10
2.1961935039370077
20
-1.3826414566929133
11
2.2026276377952754
21
-1.3839212992125984
0
LINE
8
BLACK
6
CONTINUOUS
10
2.1026276377952757
20
-1.2839212992125983
11
2.1086884645669293
21
-1.2864317716535434
0
LINE
8
BLACK
6
CONTINUOUS
10
2.1086884645669293
20
-1.2864317716535434
11
2.1141430708661417
21
-1.2900764173228345
0
LINE
8
BLACK
6
CONTINUOUS
10
2.1141430708661417
20
-1.2900764173228345
11
2.1187818503937006
21
-1.2947151968503936
0
LINE
8
BLACK
6
CONTINUOUS
10
2.1187818503937006
20
-1.2947151968503936
11
2.1224264960629919
21
-1.3001698031496063
0
LINE
8
BLACK
6
CONTINUOUS
10
2.1224264960629919
20
-1.3001698031496063
11
2.124936968503937
21
-1.3062306299212598
0
LINE
8
BLACK
6
CONTINUOUS
10
2.124936968503937
20
-1.3062306299212598
11
2.1262168110236219
21
-1.3126647637795275
0
LINE
8
BLACK
6
CONTINUOUS
10
2.1262168110236219
20
-1.3126647637795275
11
2.1262168110236219
21
-1.3192249999999999
0
LINE
8
BLACK
6
CONTINUOUS
10
2.1262168110236219
20
-1.3192249999999999
11
2.124936968503937
21
-1.3256591338582677
0
LINE
8
BLACK
6
CONTINUOUS
10
2.124936968503937
20
-1.3256591338582677
11
2.1224264960629919
21
-1.3317199606299213
0
LINE
8
BLACK
6
CONTINUOUS
10
2.1224264960629919
20
-1.3317199606299213
11
2.1187818503937006
21
-1.3371745669291337
0
LINE
8
BLACK
6
CONTINUOUS
10
2.1187818503937006
20
-1.3371745669291337
11
2.1141430708661417
21
-1.3418133464566928
0
LINE
8
BLACK
6
CONTINUOUS
10
2.1141430708661417
20
-1.3418133464566928
11
2.1086884645669293
21
-1.3454579921259842
0
LINE
8
BLACK
6
CONTINUOUS
10
2.1086884645669293
20
-1.3454579921259842
11
2.1026276377952757
21
-1.3479684645669292
0
LINE
8
BLACK
6
CONTINUOUS
10
2.1026276377952757
20
-1.3479684645669292
11
2.0961935039370077
21
-1.3492483070866141
0
LINE
8
BLACK
6
CONTINUOUS
10
2.0961935039370077
20
-1.3492483070866141
11
2.0896332677165352
21
-1.3492483070866141
0
LINE
8
BLACK
6
CONTINUOUS
10
2.0896332677165352
20
-1.3492483070866141
11
2.0831991338582676
21
-1.3479684645669292
0
LINE
8
BLACK
6
CONTINUOUS
10
2.0831991338582676
20
-1.3479684645669292
11
2.0771383070866141
21
-1.3454579921259842
0
LINE
8
BLACK
6
CONTINUOUS
10
2.0771383070866141
20
-1.3454579921259842
11
2.0716837007874016
21
-1.3418133464566928
0
LINE
8
BLACK
6
CONTINUOUS
10
2.0716837007874016
20
-1.3418133464566928
11
2.0670449212598423
21
-1.3371745669291337
0
LINE
8
BLACK
6
CONTINUOUS
10
2.0670449212598423
20
-1.3371745669291337
11
2.0634002755905509
21
-1.3317199606299213
0
LINE
8
BLACK
6
CONTINUOUS
10
2.0634002755905509
20
-1.3317199606299213
11
2.0608898031496063
21
-1.3256591338582677
0
LINE
8
BLACK
6
CONTINUOUS
10
2.0608898031496063
20
-1.3256591338582677
11
2.0596099606299214
21
-1.3192249999999999
0
LINE
8
BLACK
6
CONTINUOUS
10
2.0596099606299214
20
-1.3192249999999999
11
2.0596099606299214
21
-1.3126647637795275
0
LINE
8
BLACK
6
CONTINUOUS
10
2.0596099606299214
20
-1.3126647637795275
11
2.0608898031496063
21
-1.3062306299212598
0
LINE
8
BLACK
6
CONTINUOUS
10
2.0608898031496063
20
-1.3062306299212598
11
2.0634002755905509
21
-1.3001698031496063
0
LINE
8
BLACK
6
CONTINUOUS
10
2.0634002755905509
20
-1.3001698031496063
11
2.0670449212598423
21
-1.2947151968503936
0
LINE
8
BLACK
6
CONTINUOUS
10
2.0670449212598423
20
-1.2947151968503936
11
2.0716837007874016
21
-1.2900764173228345
0
LINE
8
BLACK
6
CONTINUOUS
10
2.0716837007874016
20
-1.2900764173228345
11
2.0771383070866141
21
-1.2864317716535434
0
LINE
8
BLACK
6
CONTINUOUS
10
2.0771383070866141
20
-1.2864317716535434
11
2.0831991338582676
21
-1.2839212992125983
0
LINE
8
BLACK
6
CONTINUOUS
10
2.0831991338582676
20
-1.2839212992125983
11
2.0896332677165352
21
-1.2826414566929134
0
LINE
8
BLACK
6
CONTINUOUS
10
2.0896332677165352
20
-1.2826414566929134
11
2.0961935039370077
21
-1.2826414566929134
0
LINE
8
BLACK
6
CONTINUOUS
10
2.0961935039370077
20
-1.2826414566929134
11
2.1026276377952757
21
-1.2839212992125983
0
LINE
8
BLACK
6
CONTINUOUS
10
2.2026276377952754
20
-1.2839212992125983
11
2.2086884645669289
21
-1.2864317716535434
0
LINE
8
BLACK
6
CONTINUOUS
10
2.2086884645669289
20
-1.2864317716535434
11
2.2141430708661418
21
-1.2900764173228345
0
LINE
8
BLACK
6
CONTINUOUS
10
2.2141430708661418
20
-1.2900764173228345
11
2.2187818503937007
21
-1.2947151968503936
0
LINE
8
BLACK
6
CONTINUOUS
10
2.2187818503937007
20
-1.2947151968503936
11
2.222426496062992
21
-1.3001698031496063
0
LINE
8
BLACK
6
CONTINUOUS
10
2.222426496062992
20
-1.3001698031496063
11
2.2249369685039371
21
-1.3062306299212598
0
LINE
8
BLACK
6
CONTINUOUS
10
2.2249369685039371
20
-1.3062306299212598
11
2.226216811023622
21
-1.3126647637795275
0
LINE
8
BLACK
6
CONTINUOUS
10
2.226216811023622
20
-1.3126647637795275
11
2.226216811023622
21
-1.3192249999999999
0
LINE
8
BLACK
6
CONTINUOUS
10
2.226216811023622
20
-1.3192249999999999
11
2.2249369685039371
21
-1.3256591338582677
0
LINE
8
BLACK
6
CONTINUOUS
10
2.2249369685039371
20
-1.3256591338582677
11
2.222426496062992
21
-1.3317199606299213
0
LINE
8
BLACK
6
CONTINUOUS
10
2.222426496062992
20
-1.3317199606299213
11
2.2187818503937007
21
-1.3371745669291337
0
LINE
8
BLACK
6
CONTINUOUS
10
2.2187818503937007
20
-1.3371745669291337
11
2.2141430708661418
21
-1.3418133464566928
0
LINE
8
BLACK
6
CONTINUOUS
10
2.2141430708661418
20
-1.3418133464566928
11
2.2086884645669289
21
-1.3454579921259842
0
LINE
8
BLACK
6
CONTINUOUS
10
2.2086884645669289
20
-1.3454579921259842
11
2.2026276377952754
21
-1.3479684645669292
0
LINE
8
BLACK
6
CONTINUOUS
10
2.2026276377952754
20
-1.3479684645669292
11
2.1961935039370077
21
-1.3492483070866141
0
LINE
8
BLACK
6
CONTINUOUS
10
2.1961935039370077
20
-1.3492483070866141
11
2.1896332677165353
21
-1.3492483070866141
0
LINE
8
BLACK
6
CONTINUOUS
10
2.1896332677165353
20
-1.3492483070866141
11
2.1831991338582677
21
-1.3479684645669292
0
LINE
8
BLACK
6
CONTINUOUS
10
2.1831991338582677
20
-1.3479684645669292
11
2.1771383070866142
21
-1.3454579921259842
0
LINE
8
BLACK
6
CONTINUOUS
10
2.1771383070866142
20
-1.3454579921259842
11
2.1716837007874017
21
-1.3418133464566928
0
LINE
8
BLACK
6
CONTINUOUS
10
2.1716837007874017
20
-1.3418133464566928
11
2.1670449212598424
21
-1.3371745669291337
0
LINE
8
BLACK
6
CONTINUOUS
10
2.1670449212598424
20
-1.3371745669291337
11
2.163400275590551
21
-1.3317199606299213
0
LINE
8
BLACK
6
CONTINUOUS
10
2.163400275590551
20
-1.3317199606299213
11
2.1608898031496064
21
-1.3256591338582677
0
LINE
8
BLACK
6
CONTINUOUS
10
2.1608898031496064
20
-1.3256591338582677
11
2.1596099606299211
21
-1.3192249999999999
0
LINE
8
BLACK
6
CONTINUOUS
10
2.1596099606299211
20
-1.3192249999999999
11
2.1596099606299211
21
-1.3126647637795275
0
LINE
8
BLACK
6
CONTINUOUS
10
2.1596099606299211
20
-1.3126647637795275
11
2.1608898031496064
21
-1.3062306299212598
0
LINE
8
BLACK
6
CONTINUOUS
10
2.1608898031496064
20
-1.3062306299212598
11
2.163400275590551
21
-1.3001698031496063
0
LINE
8
BLACK
6
CONTINUOUS
10
2.163400275590551
20
-1.3001698031496063
11
2.1670449212598424
21
-1.2947151968503936
0
LINE
8
BLACK
6
CONTINUOUS
10
2.1670449212598424
20
-1.2947151968503936
11
2.1716837007874017
21
-1.2900764173228345
0
LINE
8
BLACK
6
CONTINUOUS
10
2.1716837007874017
20
-1.2900764173228345
11
2.1771383070866142
21
-1.2864317716535434
0
LINE
8
BLACK
6
CONTINUOUS
10
2.1771383070866142
20
-1.2864317716535434
11
2.1831991338582677
21
-1.2839212992125983
0
LINE
8
BLACK
6
CONTINUOUS
10
2.1831991338582677
20
-1.2839212992125983
11
2.1896332677165353
21
-1.2826414566929134
0
LINE
8
BLACK
6
CONTINUOUS
10
2.1896332677165353
20
-1.2826414566929134
11
2.1961935039370077
21
-1.2826414566929134
0
LINE
8
BLACK
6
CONTINUOUS
10
2.1961935039370077
20
-1.2826414566929134
11
2.2026276377952754
21
-1.2839212992125983
0
LINE
8
BLACK
6
CONTINUOUS
10
2.1026276377952757
20
-1.1839212992125985
11
2.1086884645669293
21
-1.1864317716535433
0
LINE
8
BLACK
6
CONTINUOUS
10
2.1086884645669293
20
-1.1864317716535433
11
2.1141430708661417
21
-1.1900764173228346
0
LINE
8
BLACK
6
CONTINUOUS
10
2.1141430708661417
20
-1.1900764173228346
11
2.1187818503937006
21
-1.1947151968503937
0
LINE
8
BLACK
6
CONTINUOUS
10
2.1187818503937006
20
-1.1947151968503937
11
2.1224264960629919
21
-1.2001698031496062
0
LINE
8
BLACK
6
CONTINUOUS
10
2.1224264960629919
20
-1.2001698031496062
11
2.124936968503937
21
-1.2062306299212597
0
LINE
8
BLACK
6
CONTINUOUS
10
2.124936968503937
20
-1.2062306299212597
11
2.1262168110236219
21
-1.2126647637795276
0
LINE
8
BLACK
6
CONTINUOUS
10
2.1262168110236219
20
-1.2126647637795276
11
2.1262168110236219
21
-1.219225
0
LINE
8
BLACK
6
CONTINUOUS
10
2.1262168110236219
20
-1.219225
11
2.124936968503937
21
-1.2256591338582676
0
LINE
8
BLACK
6
CONTINUOUS
10
2.124936968503937
20
-1.2256591338582676
11
2.1224264960629919
21
-1.2317199606299212
0
LINE
8
BLACK
6
CONTINUOUS
10
2.1224264960629919
20
-1.2317199606299212
11
2.1187818503937006
21
-1.2371745669291339
0
LINE
8
BLACK
6
CONTINUOUS
10
2.1187818503937006
20
-1.2371745669291339
11
2.1141430708661417
21
-1.2418133464566929
0
LINE
8
BLACK
6
CONTINUOUS
10
2.1141430708661417
20
-1.2418133464566929
11
2.1086884645669293
21
-1.2454579921259843
0
LINE
8
BLACK
6
CONTINUOUS
10
2.1086884645669293
20
-1.2454579921259843
11
2.1026276377952757
21
-1.2479684645669291
0
LINE
8
BLACK
6
CONTINUOUS
10
2.1026276377952757
20
-1.2479684645669291
11
2.0961935039370077
21
-1.2492483070866141
0
LINE
8
BLACK
6
CONTINUOUS
10
2.0961935039370077
20
-1.2492483070866141
11
2.0896332677165352
21
-1.2492483070866141
0
LINE
8
BLACK
6
CONTINUOUS
10
2.0896332677165352
20
-1.2492483070866141
11
2.0831991338582676
21
-1.2479684645669291
0
LINE
8
BLACK
6
CONTINUOUS
10
2.0831991338582676
20
-1.2479684645669291
11
2.0771383070866141
21
-1.2454579921259843
0
LINE
8
BLACK
6
CONTINUOUS
10
2.0771383070866141
20
-1.2454579921259843
11
2.0716837007874016
21
-1.2418133464566929
0
LINE
8
BLACK
6
CONTINUOUS
10
2.0716837007874016
20
-1.2418133464566929
11
2.0670449212598423
21
-1.2371745669291339
0
LINE
8
BLACK
6
CONTINUOUS
10
2.0670449212598423
20
-1.2371745669291339
11
2.0634002755905509
21
-1.2317199606299212
0
LINE
8
BLACK
6
CONTINUOUS
10
2.0634002755905509
20
-1.2317199606299212
11
2.0608898031496063
21
-1.2256591338582676
0
LINE
8
BLACK
6
CONTINUOUS
10
2.0608898031496063
20
-1.2256591338582676
11
2.0596099606299214
21
-1.219225
0
LINE
8
BLACK
6
CONTINUOUS
10
2.0596099606299214
20
-1.219225
11
2.0596099606299214
21
-1.2126647637795276
0
LINE
8
BLACK
6
CONTINUOUS
10
2.0596099606299214
20
-1.2126647637795276
11
2.0608898031496063
21
-1.2062306299212597
0
LINE
8
BLACK
6
CONTINUOUS
10
2.0608898031496063
20
-1.2062306299212597
11
2.0634002755905509
21
-1.2001698031496062
0
LINE
8
BLACK
6
CONTINUOUS
10
2.0634002755905509
20
-1.2001698031496062
11
2.0670449212598423
21
-1.1947151968503937
0
LINE
8
BLACK
6
CONTINUOUS
10
2.0670449212598423
20
-1.1947151968503937
11
2.0716837007874016
21
-1.1900764173228346
0
LINE
8
BLACK
6
CONTINUOUS
10
2.0716837007874016
20
-1.1900764173228346
11
2.0771383070866141
21
-1.1864317716535433
0
LINE
8
BLACK
6
CONTINUOUS
10
2.0771383070866141
20
-1.1864317716535433
11
2.0831991338582676
21
-1.1839212992125985
0
LINE
8
BLACK
6
CONTINUOUS
10
2.0831991338582676
20
-1.1839212992125985
11
2.0896332677165352
21
-1.1826414566929133
0
LINE
8
BLACK
6
CONTINUOUS
10
2.0896332677165352
20
-1.1826414566929133
11
2.0961935039370077
21
-1.1826414566929133
0
LINE
8
BLACK
6
CONTINUOUS
10
2.0961935039370077
20
-1.1826414566929133
11
2.1026276377952757
21
-1.1839212992125985
0
LINE
8
BLACK
6
CONTINUOUS
10
2.2026276377952754
20
-1.1839212992125985
11
2.2086884645669289
21
-1.1864317716535433
0
LINE
8
BLACK
6
CONTINUOUS
10
2.2086884645669289
20
-1.1864317716535433
11
2.2141430708661418
21
-1.1900764173228346
0
LINE
8
BLACK
6
CONTINUOUS
10
2.2141430708661418
20
-1.1900764173228346
11
2.2187818503937007
21
-1.1947151968503937
0
LINE
8
BLACK
6
CONTINUOUS
10
2.2187818503937007
20
-1.1947151968503937
11
2.222426496062992
21
-1.2001698031496062
0
LINE
8
BLACK
6
CONTINUOUS
10
2.222426496062992
20
-1.2001698031496062
11
2.2249369685039371
21
-1.2062306299212597
0
LINE
8
BLACK
6
CONTINUOUS
10
2.2249369685039371
20
-1.2062306299212597
11
2.226216811023622
21
-1.2126647637795276
0
LINE
8
BLACK
6
CONTINUOUS
10
2.226216811023622
20
-1.2126647637795276
11
2.226216811023622
21
-1.219225
0
LINE
8
BLACK
6
CONTINUOUS
10
2.226216811023622
20
-1.219225
11
2.2249369685039371
21
-1.2256591338582676
0
LINE
8
BLACK
6
CONTINUOUS
10
2.2249369685039371
20
-1.2256591338582676
11
2.222426496062992
21
-1.2317199606299212
0
LINE
8
BLACK
6
CONTINUOUS
10
2.222426496062992
20
-1.2317199606299212
11
2.2187818503937007
21
-1.2371745669291339
0
LINE
8
BLACK
6
CONTINUOUS
10
2.2187818503937007
20
-1.2371745669291339
11
2.2141430708661418
21
-1.2418133464566929
0
LINE
8
BLACK
6
CONTINUOUS
10
2.2141430708661418
20
-1.2418133464566929
11
2.2086884645669289
21
-1.2454579921259843
0
LINE
8
BLACK
6
CONTINUOUS
10
2.2086884645669289
20
-1.2454579921259843
11
2.2026276377952754
21
-1.2479684645669291
0
LINE
8
BLACK
6
CONTINUOUS
10
2.2026276377952754
20
-1.2479684645669291
11
2.1961935039370077
21
-1.2492483070866141
0
LINE
8
BLACK
6
CONTINUOUS
10
2.1961935039370077
20
-1.2492483070866141
11
2.1896332677165353
21
-1.2492483070866141
0
LINE
8
BLACK
6
CONTINUOUS
10
2.1896332677165353
20
-1.2492483070866141
11
2.1831991338582677
21
-1.2479684645669291
0
LINE
8
BLACK
6
CONTINUOUS
10
2.1831991338582677
20
-1.2479684645669291
11
2.1771383070866142
21
-1.2454579921259843
0
LINE
8
BLACK
6
CONTINUOUS
10
2.1771383070866142
20
-1.2454579921259843
11
2.1716837007874017
21
-1.2418133464566929
0
LINE
8
BLACK
6
CONTINUOUS
10
2.1716837007874017
20
-1.2418133464566929
11
2.1670449212598424
21
-1.2371745669291339
0
LINE
8
BLACK
6
CONTINUOUS
10
2.1670449212598424
20
-1.2371745669291339
11
2.163400275590551
21
-1.2317199606299212
0
LINE
8
BLACK
6
CONTINUOUS
10
2.163400275590551
20
-1.2317199606299212
11
2.1608898031496064
21
-1.2256591338582676
0
LINE
8
BLACK
6
CONTINUOUS
10
2.1608898031496064
20
-1.2256591338582676
11
2.1596099606299211
21
-1.219225
0
LINE
8
BLACK
6
CONTINUOUS
10
2.1596099606299211
20
-1.219225
11
2.1596099606299211
21
-1.2126647637795276
0
LINE
8
BLACK
6
CONTINUOUS
10
2.1596099606299211
20
-1.2126647637795276
11
2.1608898031496064
21
-1.2062306299212597
0
LINE
8
BLACK
6
CONTINUOUS
10
2.1608898031496064
20
-1.2062306299212597
11
2.163400275590551
21
-1.2001698031496062
0
LINE
8
BLACK
6
CONTINUOUS
10
2.163400275590551
20
-1.2001698031496062
11
2.1670449212598424
21
-1.1947151968503937
0
LINE
8
BLACK
6
CONTINUOUS
10
2.1670449212598424
20
-1.1947151968503937
11
2.1716837007874017
21
-1.1900764173228346
0
LINE
8
BLACK
6
CONTINUOUS
10
2.1716837007874017
20
-1.1900764173228346
11
2.1771383070866142
21
-1.1864317716535433
0
LINE
8
BLACK
6
CONTINUOUS
10
2.1771383070866142
20
-1.1864317716535433
11
2.1831991338582677
21
-1.1839212992125985
0
LINE
8
BLACK
6
CONTINUOUS
10
2.1831991338582677
20
-1.1839212992125985
11
2.1896332677165353
21
-1.1826414566929133
0
LINE
8
BLACK
6
CONTINUOUS
10
2.1896332677165353
20
-1.1826414566929133
11
2.1961935039370077
21
-1.1826414566929133
0
LINE
8
BLACK
6
CONTINUOUS
10
2.1961935039370077
20
-1.1826414566929133
11
2.2026276377952754
21
-1.1839212992125985
0
LINE
8
BLACK
6
CONTINUOUS
10
2.1026276377952757
20
-1.0839212992125984
11
2.1086884645669293
21
-1.0864317716535432
0
LINE
8
BLACK
6
CONTINUOUS
10
2.1086884645669293
20
-1.0864317716535432
11
2.1141430708661417
21
-1.0900764173228346
0
LINE
8
BLACK
6
CONTINUOUS
10
2.1141430708661417
20
-1.0900764173228346
11
2.1187818503937006
21
-1.0947151968503936
0
LINE
8
BLACK
6
CONTINUOUS
10
2.1187818503937006
20
-1.0947151968503936
11
2.1224264960629919
21
-1.1001698031496063
0
LINE
8
BLACK
6
CONTINUOUS
10
2.1224264960629919
20
-1.1001698031496063
11
2.124936968503937
21
-1.1062306299212599
0
LINE
8
BLACK
6
CONTINUOUS
10
2.124936968503937
20
-1.1062306299212599
11
2.1262168110236219
21
-1.1126647637795275
0
LINE
8
BLACK
6
CONTINUOUS
10
2.1262168110236219
20
-1.1126647637795275
11
2.1262168110236219
21
-1.1192249999999999
0
LINE
8
BLACK
6
CONTINUOUS
10
2.1262168110236219
20
-1.1192249999999999
11
2.124936968503937
21
-1.1256591338582678
0
LINE
8
BLACK
6
CONTINUOUS
10
2.124936968503937
20
-1.1256591338582678
11
2.1224264960629919
21
-1.1317199606299213
0
LINE
8
BLACK
6
CONTINUOUS
10
2.1224264960629919
20
-1.1317199606299213
11
2.1187818503937006
21
-1.1371745669291338
0
LINE
8
BLACK
6
CONTINUOUS
10
2.1187818503937006
20
-1.1371745669291338
11
2.1141430708661417
21
-1.1418133464566929
0
LINE
8
BLACK
6
CONTINUOUS
10
2.1141430708661417
20
-1.1418133464566929
11
2.1086884645669293
21
-1.1454579921259842
0
LINE
8
BLACK
6
CONTINUOUS
10
2.1086884645669293
20
-1.1454579921259842
11
2.1026276377952757
21
-1.147968464566929
0
LINE
8
BLACK
6
CONTINUOUS
10
2.1026276377952757
20
-1.147968464566929
11
2.0961935039370077
21
-1.1492483070866142
0
LINE
8
BLACK
6
CONTINUOUS
10
2.0961935039370077
20
-1.1492483070866142
11
2.0896332677165352
21
-1.1492483070866142
0
LINE
8
BLACK
6
CONTINUOUS
10
2.0896332677165352
20
-1.1492483070866142
11
2.0831991338582676
21
-1.147968464566929
0
LINE
8
BLACK
6
CONTINUOUS
10
2.0831991338582676
20
-1.147968464566929
11
2.0771383070866141
21
-1.1454579921259842
0
LINE
8
BLACK
6
CONTINUOUS
10
2.0771383070866141
20
-1.1454579921259842
11
2.0716837007874016
21
-1.1418133464566929
0
LINE
8
BLACK
6
CONTINUOUS
10
2.0716837007874016
20
-1.1418133464566929
11
2.0670449212598423
21
-1.1371745669291338
0
LINE
8
BLACK
6
CONTINUOUS
10
2.0670449212598423
20
-1.1371745669291338
11
2.0634002755905509
21
-1.1317199606299213
0
LINE
8
BLACK
6
CONTINUOUS
10
2.0634002755905509
20
-1.1317199606299213
11
2.0608898031496063
21
-1.1256591338582678
0
LINE
8
BLACK
6
CONTINUOUS
10
2.0608898031496063
20
-1.1256591338582678
11
2.0596099606299214
21
-1.1192249999999999
0
LINE
8
BLACK
6
CONTINUOUS
10
2.0596099606299214
20
-1.1192249999999999
11
2.0596099606299214
21
-1.1126647637795275
0
LINE
8
BLACK
6
CONTINUOUS
10
2.0596099606299214
20
-1.1126647637795275
11
2.0608898031496063
21
-1.1062306299212599
0
LINE
8
BLACK
6
CONTINUOUS
10
2.0608898031496063
20
-1.1062306299212599
11
2.0634002755905509
21
-1.1001698031496063
0
LINE
8
BLACK
6
CONTINUOUS
10
2.0634002755905509
20
-1.1001698031496063
11
2.0670449212598423
21
-1.0947151968503936
0
LINE
8
BLACK
6
CONTINUOUS
10
2.0670449212598423
20
-1.0947151968503936
11
2.0716837007874016
21
-1.0900764173228346
0
LINE
8
BLACK
6
CONTINUOUS
10
2.0716837007874016
20
-1.0900764173228346
11
2.0771383070866141
21
-1.0864317716535432
0
LINE
8
BLACK
6
CONTINUOUS
10
2.0771383070866141
20
-1.0864317716535432
11
2.0831991338582676
21
-1.0839212992125984
0
LINE
8
BLACK
6
CONTINUOUS
10
2.0831991338582676
20
-1.0839212992125984
11
2.0896332677165352
21
-1.0826414566929135
0
LINE
8
BLACK
6
CONTINUOUS
10
2.0896332677165352
20
-1.0826414566929135
11
2.0961935039370077
21
-1.0826414566929135
0
LINE
8
BLACK
6
CONTINUOUS
10
2.0961935039370077
20
-1.0826414566929135
11
2.1026276377952757
21
-1.0839212992125984
0
LINE
8
BLACK
6
CONTINUOUS
10
2.2026276377952754
20
-1.0839212992125984
11
2.2086884645669289
21
-1.0864317716535432
0
LINE
8
BLACK
6
CONTINUOUS
10
2.2086884645669289
20
-1.0864317716535432
11
2.2141430708661418
21
-1.0900764173228346
0
LINE
8
BLACK
6
CONTINUOUS
10
2.2141430708661418
20
-1.0900764173228346
11
2.2187818503937007
21
-1.0947151968503936
0
LINE
8
BLACK
6
CONTINUOUS
10
2.2187818503937007
20
-1.0947151968503936
11
2.222426496062992
21
-1.1001698031496063
0
LINE
8
BLACK
6
CONTINUOUS
10
2.222426496062992
20
-1.1001698031496063
11
2.2249369685039371
21
-1.1062306299212599
0
LINE
8
BLACK
6
CONTINUOUS
10
2.2249369685039371
20
-1.1062306299212599
11
2.226216811023622
21
-1.1126647637795275
0
LINE
8
BLACK
6
CONTINUOUS
10
2.226216811023622
20
-1.1126647637795275
11
2.226216811023622
21
-1.1192249999999999
0
LINE
8
BLACK
6
CONTINUOUS
10
2.226216811023622
20
-1.1192249999999999
11
2.2249369685039371
21
-1.1256591338582678
0
LINE
8
BLACK
6
CONTINUOUS
10
2.2249369685039371
20
-1.1256591338582678
11
2.222426496062992
21
-1.1317199606299213
0
LINE
8
BLACK
6
CONTINUOUS
10
2.222426496062992
20
-1.1317199606299213
11
2.2187818503937007
21
-1.1371745669291338
0
LINE
8
BLACK
6
CONTINUOUS
10
2.2187818503937007
20
-1.1371745669291338
11
2.2141430708661418
21
-1.1418133464566929
0
LINE
8
BLACK
6
CONTINUOUS
10
2.2141430708661418
20
-1.1418133464566929
11
2.2086884645669289
21
-1.1454579921259842
0
LINE
8
BLACK
6
CONTINUOUS
10
2.2086884645669289
20
-1.1454579921259842
11
2.2026276377952754
21
-1.147968464566929
0
LINE
8
BLACK
6
CONTINUOUS
10
2.2026276377952754
20
-1.147968464566929
11
2.1961935039370077
21
-1.1492483070866142
0
LINE
8
BLACK
6
CONTINUOUS
10
2.1961935039370077
20
-1.1492483070866142
11
2.1896332677165353
21
-1.1492483070866142
0
LINE
8
BLACK
6
CONTINUOUS
10
2.1896332677165353
20
-1.1492483070866142
11
2.1831991338582677
21
-1.147968464566929
0
LINE
8
BLACK
6
CONTINUOUS
10
2.1831991338582677
20
-1.147968464566929
11
2.1771383070866142
21
-1.1454579921259842
0
LINE
8
BLACK
6
CONTINUOUS
10
2.1771383070866142
20
-1.1454579921259842
11
2.1716837007874017
21
-1.1418133464566929
0
LINE
8
BLACK
6
CONTINUOUS
10
2.1716837007874017
20
-1.1418133464566929
11
2.1670449212598424
21
-1.1371745669291338
0
LINE
8
BLACK
6
CONTINUOUS
10
2.1670449212598424
20
-1.1371745669291338
11
2.163400275590551
21
-1.1317199606299213
0
LINE
8
BLACK
6
CONTINUOUS
10
2.163400275590551
20
-1.1317199606299213
11
2.1608898031496064
21
-1.1256591338582678
0
LINE
8
BLACK
6
CONTINUOUS
10
2.1608898031496064
20
-1.1256591338582678
11
2.1596099606299211
21
-1.1192249999999999
0
LINE
8
BLACK
6
CONTINUOUS
10
2.1596099606299211
20
-1.1192249999999999
11
2.1596099606299211
21
-1.1126647637795275
0
LINE
8
BLACK
6
CONTINUOUS
10
2.1596099606299211
20
-1.1126647637795275
11
2.1608898031496064
21
-1.1062306299212599
0
LINE
8
BLACK
6
CONTINUOUS
10
2.1608898031496064
20
-1.1062306299212599
11
2.163400275590551
21
-1.1001698031496063
0
LINE
8
BLACK
6
CONTINUOUS
10
2.163400275590551
20
-1.1001698031496063
11
2.1670449212598424
21
-1.0947151968503936
0
LINE
8
BLACK
6
CONTINUOUS
10
2.1670449212598424
20
-1.0947151968503936
11
2.1716837007874017
21
-1.0900764173228346
0
LINE
8
BLACK
6
CONTINUOUS
10
2.1716837007874017
20
-1.0900764173228346
11
2.1771383070866142
21
-1.0864317716535432
0
LINE
8
BLACK
6
CONTINUOUS
10
2.1771383070866142
20
-1.0864317716535432
11
2.1831991338582677
21
-1.0839212992125984
0
LINE
8
BLACK
6
CONTINUOUS
10
2.1831991338582677
20
-1.0839212992125984
11
2.1896332677165353
21
-1.0826414566929135
0
LINE
8
BLACK
6
CONTINUOUS
10
2.1896332677165353
20
-1.0826414566929135
11
2.1961935039370077
21
-1.0826414566929135
0
LINE
8
BLACK
6
CONTINUOUS
10
2.1961935039370077
20
-1.0826414566929135
11
2.2026276377952754
21
-1.0839212992125984
0
LINE
8
BLACK
6
CONTINUOUS
10
2.1263779527559055
20
-1.0494094488188976
11
2.0594488188976379
21
-1.0494094488188976
0
LINE
8
BLACK
6
CONTINUOUS
10
2.0594488188976379
20
-1.0494094488188976
11
2.0594488188976379
21
-0.9824803149606299
0
LINE
8
BLACK
6
CONTINUOUS
10
2.0594488188976379
20
-0.9824803149606299
11
2.1263779527559055
21
-0.9824803149606299
0
LINE
8
BLACK
6
CONTINUOUS
10
2.1263779527559055
20
-0.9824803149606299
11
2.1263779527559055
21
-1.0494094488188976
0
LINE
8
BLACK
6
CONTINUOUS
10
2.2026276377952754
20
-0.9839212992125984
11
2.2086884645669289
21
-0.9864317716535432
0
LINE
8
BLACK
6
CONTINUOUS
10
2.2086884645669289
20
-0.9864317716535432
11
2.2141430708661418
21
-0.9900764173228346
0
LINE
8
BLACK
6
CONTINUOUS
10
2.2141430708661418
20
-0.9900764173228346
11
2.2187818503937007
21
-0.9947151968503937
0
LINE
8
BLACK
6
CONTINUOUS
10
2.2187818503937007
20
-0.9947151968503937
11
2.222426496062992
21
-1.0001698031496062
0
LINE
8
BLACK
6
CONTINUOUS
10
2.222426496062992
20
-1.0001698031496062
11
2.2249369685039371
21
-1.0062306299212598
0
LINE
8
BLACK
6
CONTINUOUS
10
2.2249369685039371
20
-1.0062306299212598
11
2.226216811023622
21
-1.0126647637795276
0
LINE
8
BLACK
6
CONTINUOUS
10
2.226216811023622
20
-1.0126647637795276
11
2.226216811023622
21
-1.019225
0
LINE
8
BLACK
6
CONTINUOUS
10
2.226216811023622
20
-1.019225
11
2.2249369685039371
21
-1.0256591338582677
0
LINE
8
BLACK
6
CONTINUOUS
10
2.2249369685039371
20
-1.0256591338582677
11
2.222426496062992
21
-1.0317199606299212
0
LINE
8
BLACK
6
CONTINUOUS
10
2.222426496062992
20
-1.0317199606299212
11
2.2187818503937007
21
-1.0371745669291339
0
LINE
8
BLACK
6
CONTINUOUS
10
2.2187818503937007
20
-1.0371745669291339
11
2.2141430708661418
21
-1.041813346456693
0
LINE
8
BLACK
6
CONTINUOUS
10
2.2141430708661418
20
-1.041813346456693
11
2.2086884645669289
21
-1.0454579921259843
0
LINE
8
BLACK
6
CONTINUOUS
10
2.2086884645669289
20
-1.0454579921259843
11
2.2026276377952754
21
-1.0479684645669292
0
LINE
8
BLACK
6
CONTINUOUS
10
2.2026276377952754
20
-1.0479684645669292
11
2.1961935039370077
21
-1.0492483070866141
0
LINE
8
BLACK
6
CONTINUOUS
10
2.1961935039370077
20
-1.0492483070866141
11
2.1896332677165353
21
-1.0492483070866141
0
LINE
8
BLACK
6
CONTINUOUS
10
2.1896332677165353
20
-1.0492483070866141
11
2.1831991338582677
21
-1.0479684645669292
0
LINE
8
BLACK
6
CONTINUOUS
10
2.1831991338582677
20
-1.0479684645669292
11
2.1771383070866142
21
-1.0454579921259843
0
LINE
8
BLACK
6
CONTINUOUS
10
2.1771383070866142
20
-1.0454579921259843
11
2.1716837007874017
21
-1.041813346456693
0
LINE
8
BLACK
6
CONTINUOUS
10
2.1716837007874017
20
-1.041813346456693
11
2.1670449212598424
21
-1.0371745669291339
0
LINE
8
BLACK
6
CONTINUOUS
10
2.1670449212598424
20
-1.0371745669291339
11
2.163400275590551
21
-1.0317199606299212
0
LINE
8
BLACK
6
CONTINUOUS
10
2.163400275590551
20
-1.0317199606299212
11
2.1608898031496064
21
-1.0256591338582677
0
LINE
8
BLACK
6
CONTINUOUS
10
2.1608898031496064
20
-1.0256591338582677
11
2.1596099606299211
21
-1.019225
0
LINE
8
BLACK
6
CONTINUOUS
10
2.1596099606299211
20
-1.019225
11
2.1596099606299211
21
-1.0126647637795276
0
LINE
8
BLACK
6
CONTINUOUS
10
2.1596099606299211
20
-1.0126647637795276
11
2.1608898031496064
21
-1.0062306299212598
0
LINE
8
BLACK
6
CONTINUOUS
10
2.1608898031496064
20
-1.0062306299212598
11
2.163400275590551
21
-1.0001698031496062
0
LINE
8
BLACK
6
CONTINUOUS
10
2.163400275590551
20
-1.0001698031496062
11
2.1670449212598424
21
-0.9947151968503937
0
LINE
8
BLACK
6
CONTINUOUS
10
2.1670449212598424
20
-0.9947151968503937
11
2.1716837007874017
21
-0.9900764173228346
0
LINE
8
BLACK
6
CONTINUOUS
10
2.1716837007874017
20
-0.9900764173228346
11
2.1771383070866142
21
-0.9864317716535432
0
LINE
8
BLACK
6
CONTINUOUS
10
2.1771383070866142
20
-0.9864317716535432
11
2.1831991338582677
21
-0.9839212992125984
0
LINE
8
BLACK
6
CONTINUOUS
10
2.1831991338582677
20
-0.9839212992125984
11
2.1896332677165353
21
-0.9826414566929134
0
LINE
8
BLACK
6
CONTINUOUS
10
2.1896332677165353
20
-0.9826414566929134
11
2.1961935039370077
21
-0.9826414566929134
0
LINE
8
BLACK
6
CONTINUOUS
10
2.1961935039370077
20
-0.9826414566929134
11
2.2026276377952754
21
-0.9839212992125984
0
CIRCLE
8
BLACK
10
3.0299212598425198
20
-1.9135826771653544
40
0.0068897637795276
0
CIRCLE
8
BLACK
10
3.1299212598425195
20
-1.9135826771653544
40
0.0068897637795276
0
CIRCLE
8
BLACK
10
5.2753937401574804
20
-2.2206692913385826
40
0.0068897637795276
0
CIRCLE
8
BLACK
10
3.7677165354330708
20
-2.3387795275590553
40
0.0068897637795276
0
CIRCLE
8
BLACK
10
3.6299212598425195
20
-2.3387795275590553
40
0.0068897637795276
0
CIRCLE
8
BLACK
10
4.409448818897638
20
-4.7637795275590546
40
0.0068897637795276
0
CIRCLE
8
BLACK
10
3.9094488188976375
20
-4.7637795275590546
40
0.0068897637795276
0
CIRCLE
8
BLACK
10
4.2996062992125985
20
-4.663779527559055
40
0.0068897637795276
0
CIRCLE
8
BLACK
10
4.2596062992125985
20
-4.5937007480314955
40
0.0068897637795276
0
CIRCLE
8
BLACK
10
4.2196062992125984
20
-4.663779527559055
40
0.0068897637795276
0
CIRCLE
8
BLACK
10
4.1796062992125984
20
-4.5937007480314955
40
0.0068897637795276
0
CIRCLE
8
BLACK
10
4.1396062992125984
20
-4.663779527559055
40
0.0068897637795276
0
CIRCLE
8
BLACK
10
4.0996062992125983
20
-4.5937007480314955
40
0.0068897637795276
0
CIRCLE
8
BLACK
10
4.0596062992125983
20
-4.663779527559055
40
0.0068897637795276
0
CIRCLE
8
BLACK
10
4.019606338582677
20
-4.5937007874015743
40
0.0068897637795276
0
CIRCLE
8
BLACK
10
4.429527559055118
20
-4.4039370078740152
40
0.0068897637795276
0
CIRCLE
8
BLACK
10
4.3393700787401572
20
-4.4039370078740152
40
0.0068897637795276
0
CIRCLE
8
BLACK
10
3.9795275590551182
20
-4.4039370078740152
40
0.0068897637795276
0
CIRCLE
8
BLACK
10
3.8893700787401575
20
-4.4039370078740152
40
0.0068897637795276
0
CIRCLE
8
BLACK
10
4.4795275590551178
20
-4.6287401574803146
40
0.0068897637795276
0
CIRCLE
8
BLACK
10
3.8393700787401572
20
-4.6287401574803146
40
0.0068897637795276
0
CIRCLE
8
BLACK
10
3.0299212598425198
20
-1.6104330708661416
40
0.0068897637795276
0
CIRCLE
8
BLACK
10
3.1299212598425195
20
-1.6104330708661416
40
0.0068897637795276
0
CIRCLE
8
BLACK
10
2.0929133858267717
20
-1.0159448818897638
40
0.0068897637795276
0
CIRCLE
8
BLACK
10
2.1929133858267718
20
-1.0159448818897638
40
0.0068897637795276
0
CIRCLE
8
BLACK
10
2.0929133858267717
20
-1.1159448818897637
40
0.0068897637795276
0
CIRCLE
8
BLACK
10
2.1929133858267718
20
-1.1159448818897637
40
0.0068897637795276
0
CIRCLE
8
BLACK
10
2.0929133858267717
20
-1.2159448818897638
40
0.0068897637795276
0
CIRCLE
8
BLACK
10
2.1929133858267718
20
-1.2159448818897638
40
0.0068897637795276
0
CIRCLE
8
BLACK
10
2.0929133858267717
20
-1.3159448818897637
40
0.0068897637795276
0
CIRCLE
8
BLACK
10
2.1929133858267718
20
-1.3159448818897637
40
0.0068897637795276
0
CIRCLE
8
BLACK
10
2.0929133858267717
20
-1.4159448818897638
40
0.0068897637795276
0
CIRCLE
8
BLACK
10
2.1929133858267718
20
-1.4159448818897638
40
0.0068897637795276
0
CIRCLE
8
BLACK
10
2.0929133858267717
20
-1.5159448818897638
40
0.0068897637795276
0
CIRCLE
8
BLACK
10
2.1929133858267718
20
-1.5159448818897638
40
0.0068897637795276
0
CIRCLE
8
BLACK
10
2.0929133858267717
20
-1.6159448818897637
40
0.0068897637795276
0
CIRCLE
8
BLACK
10
2.1929133858267718
20
-1.6159448818897637
40
0.0068897637795276
0
CIRCLE
8
BLACK
10
2.0929133858267717
20
-1.7159448818897638
40
0.0068897637795276
0
CIRCLE
8
BLACK
10
2.1929133858267718
20
-1.7159448818897638
40
0.0068897637795276
0
CIRCLE
8
BLACK
10
2.0929133858267717
20
-1.8159448818897637
40
0.0068897637795276
0
CIRCLE
8
BLACK
10
2.1929133858267718
20
-1.8159448818897637
40
0.0068897637795276
0
CIRCLE
8
BLACK
10
2.0929133858267717
20
-1.9159448818897638
40
0.0068897637795276
0
CIRCLE
8
BLACK
10
2.1929133858267718
20
-1.9159448818897638
40
0.0068897637795276
0
CIRCLE
8
BLACK
10
2.0929133858267717
20
-2.0159448818897636
40
0.0068897637795276
0
CIRCLE
8
BLACK
10
2.1929133858267718
20
-2.0159448818897636
40
0.0068897637795276
0
CIRCLE
8
BLACK
10
2.0929133858267717
20
-2.1159448818897637
40
0.0068897637795276
0
CIRCLE
8
BLACK
10
2.1929133858267718
20
-2.1159448818897637
40
0.0068897637795276
0
CIRCLE
8
BLACK
10
2.0929133858267717
20
-2.2159448818897638
40
0.0068897637795276
0
CIRCLE
8
BLACK
10
2.1929133858267718
20
-2.2159448818897638
40
0.0068897637795276
0
CIRCLE
8
BLACK
10
2.0929133858267717
20
-2.3159448818897639
40
0.0068897637795276
0
CIRCLE
8
BLACK
10
2.1929133858267718
20
-2.3159448818897639
40
0.0068897637795276
0
CIRCLE
8
BLACK
10
2.0929133858267717
20
-2.4159448818897635
40
0.0068897637795276
0
CIRCLE
8
BLACK
10
2.1929133858267718
20
-2.4159448818897635
40
0.0068897637795276
0
CIRCLE
8
BLACK
10
2.0929133858267717
20
-2.5159448818897636
40
0.0068897637795276
0
CIRCLE
8
BLACK
10
2.1929133858267718
20
-2.5159448818897636
40
0.0068897637795276
0
CIRCLE
8
BLACK
10
2.0929133858267717
20
-2.6159448818897637
40
0.0068897637795276
0
CIRCLE
8
BLACK
10
2.1929133858267718
20
-2.6159448818897637
40
0.0068897637795276
0
CIRCLE
8
BLACK
10
2.0929133858267717
20
-2.7159448818897638
40
0.0068897637795276
0
CIRCLE
8
BLACK
10
2.1929133858267718
20
-2.7159448818897638
40
0.0068897637795276
0
CIRCLE
8
BLACK
10
2.0929133858267717
20
-2.8159448818897639
40
0.0068897637795276
0
CIRCLE
8
BLACK
10
2.1929133858267718
20
-2.8159448818897639
40
0.0068897637795276
0
CIRCLE
8
BLACK
10
2.0929133858267717
20
-2.9159448818897635
40
0.0068897637795276
0
CIRCLE
8
BLACK
10
2.1929133858267718
20
-2.9159448818897635
40
0.0068897637795276
0
CIRCLE
8
BLACK
10
3.0299212598425198
20
-1.7127952755905511
40
0.0068897637795276
0
CIRCLE
8
BLACK
10
3.1299212598425195
20
-1.7127952755905511
40
0.0068897637795276
0
CIRCLE
8
BLACK
10
1.0905511811023623
20
-6.71259842519685
40
0.0068897637795276
0
CIRCLE
8
BLACK
10
4.4998031496062989
20
-3.0120078740157479
40
0.0068897637795276
0
CIRCLE
8
BLACK
10
3.0299212598425198
20
-2.0120078740157479
40
0.0068897637795276
0
CIRCLE
8
BLACK
10
3.1299212598425195
20
-2.0120078740157479
40
0.0068897637795276
0
CIRCLE
8
BLACK
10
4.0866141732283463
20
-3.2755905511811023
40
0.0068897637795276
0
CIRCLE
8
BLACK
10
4.0866141732283463
20
-3.1755904724409447
40
0.0068897637795276
0
CIRCLE
8
BLACK
10
4.2165354330708658
20
-3.2755905511811023
40
0.0068897637795276
0
CIRCLE
8
BLACK
10
4.2165354330708658
20
-3.1755905511811022
40
0.0068897637795276
0
CIRCLE
8
BLACK
10
4.2165354330708658
20
-3.0755905905511809
40
0.0068897637795276
0
CIRCLE
8
BLACK
10
1.0905511811023623
20
-5.8740771653543309
40
0.0068897637795276
0
CIRCLE
8
BLACK
10
1.0905511811023623
20
-6.4330913385826767
40
0.0068897637795276
0
CIRCLE
8
BLACK
10
1.0905511811023623
20
-6.1535842519685042
40
0.0068897637795276
0
CIRCLE
8
BLACK
10
2.7503937007874013
20
-1.612007874015748
40
0.0068897637795276
0
CIRCLE
8
BLACK
10
2.8503937007874014
20
-1.612007874015748
40
0.0068897637795276
0
CIRCLE
8
BLACK
10
2.7503937007874013
20
-1.7120078740157481
40
0.0068897637795276
0
CIRCLE
8
BLACK
10
2.8503937007874014
20
-1.7120078740157481
40
0.0068897637795276
0
CIRCLE
8
BLACK
10
2.7503937007874013
20
-1.8120078740157479
40
0.0068897637795276
0
CIRCLE
8
BLACK
10
2.8503937007874014
20
-1.8120078740157479
40
0.0068897637795276
0
CIRCLE
8
BLACK
10
2.7503937007874013
20
-1.912007874015748
40
0.0068897637795276
0
CIRCLE
8
BLACK
10
2.8503937007874014
20
-1.912007874015748
40
0.0068897637795276
0
CIRCLE
8
BLACK
10
2.7503937007874013
20
-2.0120078740157479
40
0.0068897637795276
0
CIRCLE
8
BLACK
10
2.8503937007874014
20
-2.0120078740157479
40
0.0068897637795276
0
CIRCLE
8
BLACK
10
4.4015748031496065
20
-1.4743110236220471
40
0.0068897637795276
0
CIRCLE
8
BLACK
10
4.3015748031496059
20
-1.4743110236220471
40
0.0068897637795276
0
CIRCLE
8
BLACK
10
4.4015748031496065
20
-1.3743110236220473
40
0.0068897637795276
0
CIRCLE
8
BLACK
10
4.3015748031496059
20
-1.3743110236220473
40
0.0068897637795276
0
CIRCLE
8
BLACK
10
4.4015748031496065
20
-1.2743110629921259
40
0.0068897637795276
0
CIRCLE
8
BLACK
10
4.3015748031496059
20
-1.2743110236220472
40
0.0068897637795276
0
CIRCLE
8
BLACK
10
4.4015748031496065
20
-1.1743110236220473
40
0.0068897637795276
0
CIRCLE
8
BLACK
10
4.3015748031496059
20
-1.1743110236220473
40
0.0068897637795276
0
CIRCLE
8
BLACK
10
4.4015748031496065
20
-1.0743110236220472
40
0.0068897637795276
0
CIRCLE
8
BLACK
10
4.3015748031496059
20
-1.0743110236220472
40
0.0068897637795276
0
CIRCLE
8
BLACK
10
2.7511811023622048
20
-4.5196850393700787
40
0.0068897637795276
0
CIRCLE
8
BLACK
10
2.7511811023622048
20
-4.3196850787401573
40
0.0068897637795276
0
CIRCLE
8
BLACK
10
3.5511811023622046
20
-4.8196850393700785
40
0.0068897637795276
0
CIRCLE
8
BLACK
10
3.5511811023622046
20
-4.4196850393700791
40
0.0068897637795276
0
CIRCLE
8
BLACK
10
3.5511811023622046
20
-4.0196850393700787
40
0.0068897637795276
0
CIRCLE
8
BLACK
10
2.7511811023622048
20
-4.0196850393700787
40
0.0068897637795276
0
CIRCLE
8
BLACK
10
4.081200787401575
20
-1.3131890157480315
40
0.0059055118110236
0
CIRCLE
8
BLACK
10
4.2786909055118105
20
-1.8120571259842519
40
0.0059055118110236
0
CIRCLE
8
BLACK
10
3.295275590551181
20
-2.1025590551181104
40
0.0059055118110236
0
CIRCLE
8
BLACK
10
4.1496062992125982
20
-1.9135826771653544
40
0.0059055118110236
0
CIRCLE
8
BLACK
10
2.9448818897637796
20
-1.9608267716535432
40
0.0059055118110236
0
CIRCLE
8
BLACK
10
3.7795275590551181
20
-1.7521653543307085
40
0.0059055118110236
0
CIRCLE
8
BLACK
10
3.9921259842519685
20
-1.3348425196850393
40
0.0059055118110236
0
CIRCLE
8
BLACK
10
4.1338582677165352
20
-1.1576771653543307
40
0.0059055118110236
0
CIRCLE
8
BLACK
10
4.1574803149606296
20
-1.4529527559055118
40
0.0059055118110236
0
CIRCLE
8
BLACK
10
4.2755905511811019
20
-1.9071850393700787
40
0.0059055118110236
0
CIRCLE
8
BLACK
10
3.7913385826771653
20
-1.5356299212598425
40
0.0059055118110236
0
CIRCLE
8
BLACK
10
3.88503937007874
20
-1.8120078740157479
40
0.0059055118110236
0
CIRCLE
8
BLACK
10
4.3700787401574805
20
-4.5708661417322833
40
0.0059055118110236
0
CIRCLE
8
BLACK
10
4.4330708661417324
20
-4.2519685039370074
40
0.0059055118110236
0
CIRCLE
8
BLACK
10
3.3582677165354329
20
-1.9293307086614173
40
0.0059055118110236
0
CIRCLE
8
BLACK
10
3.8503937007874014
20
-1.9214566929133858
40
0.0059055118110236
0
CIRCLE
8
BLACK
10
3.3818897637795273
20
-1.9883858267716534
40
0.0059055118110236
0
CIRCLE
8
BLACK
10
3.9133858267716533
20
-1.9765748031496062
40
0.0059055118110236
0
CIRCLE
8
BLACK
10
3.901574803149606
20
-3.5433070866141732
40
0.0059055118110236
0
CIRCLE
8
BLACK
10
4.7677165354330704
20
-3.5433070866141732
40
0.0059055118110236
0
CIRCLE
8
BLACK
10
3.9960629921259843
20
-4.0590551181102361
40
0.0059055118110236
0
CIRCLE
8
BLACK
10
4.4724409448818898
20
-4.0629921259842519
40
0.0059055118110236
0
CIRCLE
8
BLACK
10
4.1496062992125982
20
-4.0551181102362204
40
0.0059055118110236
0
CIRCLE
8
BLACK
10
3.9960629921259843
20
-4.2362204724409445
40
0.0059055118110236
0
CIRCLE
8
BLACK
10
4.1456692913385824
20
-4.2519685039370074
40
0.0059055118110236
0
CIRCLE
8
BLACK
10
4.0629921259842519
20
-3.984251968503937
40
0.0059055118110236
0
CIRCLE
8
BLACK
10
4.0748031496062991
20
-4.2677165354330704
40
0.0059055118110236
0
CIRCLE
8
BLACK
10
4.7677165354330704
20
-3.7362204724409449
40
0.0059055118110236
0
CIRCLE
8
BLACK
10
4.3385826771653546
20
-3.7362204724409449
40
0.0059055118110236
0
CIRCLE
8
BLACK
10
3.9055118110236218
20
-3.7362204724409449
40
0.0059055118110236
0
CIRCLE
8
BLACK
10
3.3582677165354329
20
-3.7362204724409449
40
0.0059055118110236
0
CIRCLE
8
BLACK
10
4.1102362204724407
20
-4.21259842519685
40
0.0059055118110236
0
CIRCLE
8
WHITE
10
4.081200787401575
20
-1.3131890157480315
40
0.0059055118110236
0
CIRCLE
8
WHITE
10
4.2786909055118105
20
-1.8120571259842519
40
0.0059055118110236
0
CIRCLE
8
WHITE
10
3.295275590551181
20
-2.1025590551181104
40
0.0059055118110236
0
CIRCLE
8
WHITE
10
4.1496062992125982
20
-1.9135826771653544
40
0.0059055118110236
0
CIRCLE
8
WHITE
10
2.9448818897637796
20
-1.9608267716535432
40
0.0059055118110236
0
CIRCLE
8
WHITE
10
3.7795275590551181
20
-1.7521653543307085
40
0.0059055118110236
0
CIRCLE
8
WHITE
10
3.9921259842519685
20
-1.3348425196850393
40
0.0059055118110236
0
CIRCLE
8
WHITE
10
4.1338582677165352
20
-1.1576771653543307
40
0.0059055118110236
0
CIRCLE
8
WHITE
10
4.1574803149606296
20
-1.4529527559055118
40
0.0059055118110236
0
CIRCLE
8
WHITE
10
4.2755905511811019
20
-1.9071850393700787
40
0.0059055118110236
0
CIRCLE
8
WHITE
10
3.7913385826771653
20
-1.5356299212598425
40
0.0059055118110236
0
CIRCLE
8
WHITE
10
3.88503937007874
20
-1.8120078740157479
40
0.0059055118110236
0
CIRCLE
8
WHITE
10
4.3700787401574805
20
-4.5708661417322833
40
0.0059055118110236
0
CIRCLE
8
WHITE
10
4.4330708661417324
20
-4.2519685039370074
40
0.0059055118110236
0
CIRCLE
8
WHITE
10
3.3582677165354329
20
-1.9293307086614173
40
0.0059055118110236
0
CIRCLE
8
WHITE
10
3.8503937007874014
20
-1.9214566929133858
40
0.0059055118110236
0
CIRCLE
8
WHITE
10
3.3818897637795273
20
-1.9883858267716534
40
0.0059055118110236
0
CIRCLE
8
WHITE
10
3.9133858267716533
20
-1.9765748031496062
40
0.0059055118110236
0
CIRCLE
8
WHITE
10
3.901574803149606
20
-3.5433070866141732
40
0.0059055118110236
0
CIRCLE
8
WHITE
10
4.7677165354330704
20
-3.5433070866141732
40
0.0059055118110236
0
CIRCLE
8
WHITE
10
3.9960629921259843
20
-4.0590551181102361
40
0.0059055118110236
0
CIRCLE
8
WHITE
10
4.4724409448818898
20
-4.0629921259842519
40
0.0059055118110236
0
CIRCLE
8
WHITE
10
4.1496062992125982
20
-4.0551181102362204
40
0.0059055118110236
0
CIRCLE
8
WHITE
10
3.9960629921259843
20
-4.2362204724409445
40
0.0059055118110236
0
CIRCLE
8
WHITE
10
4.1456692913385824
20
-4.2519685039370074
40
0.0059055118110236
0
CIRCLE
8
WHITE
10
4.0629921259842519
20
-3.984251968503937
40
0.0059055118110236
0
CIRCLE
8
WHITE
10
4.0748031496062991
20
-4.2677165354330704
40
0.0059055118110236
0
CIRCLE
8
WHITE
10
4.7677165354330704
20
-3.7362204724409449
40
0.0059055118110236
0
CIRCLE
8
WHITE
10
4.3385826771653546
20
-3.7362204724409449
40
0.0059055118110236
0
CIRCLE
8
WHITE
10
3.9055118110236218
20
-3.7362204724409449
40
0.0059055118110236
0
CIRCLE
8
WHITE
10
3.3582677165354329
20
-3.7362204724409449
40
0.0059055118110236
0
CIRCLE
8
WHITE
10
4.1102362204724407
20
-4.21259842519685
40
0.0059055118110236
0
CIRCLE
8
WHITE
10
3.0299212598425198
20
-1.9135826771653544
40
0.0068897637795276
0
CIRCLE
8
WHITE
10
3.1299212598425195
20
-1.9135826771653544
40
0.0068897637795276
0
CIRCLE
8
BLACK
10
5.2753937401574804
20
-2.2206692913385826
40
0.0068897637795276
0
CIRCLE
8
WHITE
10
3.7677165354330708
20
-2.3387795275590553
40
0.0068897637795276
0
CIRCLE
8
WHITE
10
3.6299212598425195
20
-2.3387795275590553
40
0.0068897637795276
0
CIRCLE
8
WHITE
10
4.409448818897638
20
-4.7637795275590546
40
0.0068897637795276
0
CIRCLE
8
WHITE
10
3.9094488188976375
20
-4.7637795275590546
40
0.0068897637795276
0
CIRCLE
8
WHITE
10
4.2996062992125985
20
-4.663779527559055
40
0.0068897637795276
0
CIRCLE
8
WHITE
10
4.2596062992125985
20
-4.5937007480314955
40
0.0068897637795276
0
CIRCLE
8
WHITE
10
4.2196062992125984
20
-4.663779527559055
40
0.0068897637795276
0
CIRCLE
8
WHITE
10
4.1796062992125984
20
-4.5937007480314955
40
0.0068897637795276
0
CIRCLE
8
WHITE
10
4.1396062992125984
20
-4.663779527559055
40
0.0068897637795276
0
CIRCLE
8
WHITE
10
4.0996062992125983
20
-4.5937007480314955
40
0.0068897637795276
0
CIRCLE
8
WHITE
10
4.0596062992125983
20
-4.663779527559055
40
0.0068897637795276
0
CIRCLE
8
WHITE
10
4.019606338582677
20
-4.5937007874015743
40
0.0068897637795276
0
CIRCLE
8
WHITE
10
4.429527559055118
20
-4.4039370078740152
40
0.0068897637795276
0
CIRCLE
8
WHITE
10
4.3393700787401572
20
-4.4039370078740152
40
0.0068897637795276
0
CIRCLE
8
WHITE
10
3.9795275590551182
20
-4.4039370078740152
40
0.0068897637795276
0
CIRCLE
8
WHITE
10
3.8893700787401575
20
-4.4039370078740152
40
0.0068897637795276
0
CIRCLE
8
WHITE
10
4.4795275590551178
20
-4.6287401574803146
40
0.0068897637795276
0
CIRCLE
8
WHITE
10
3.8393700787401572
20
-4.6287401574803146
40
0.0068897637795276
0
CIRCLE
8
WHITE
10
3.0299212598425198
20
-1.6104330708661416
40
0.0068897637795276
0
CIRCLE
8
WHITE
10
3.1299212598425195
20
-1.6104330708661416
40
0.0068897637795276
0
CIRCLE
8
WHITE
10
2.0929133858267717
20
-1.0159448818897638
40
0.0068897637795276
0
CIRCLE
8
WHITE
10
2.1929133858267718
20
-1.0159448818897638
40
0.0068897637795276
0
CIRCLE
8
WHITE
10
2.0929133858267717
20
-1.1159448818897637
40
0.0068897637795276
0
CIRCLE
8
WHITE
10
2.1929133858267718
20
-1.1159448818897637
40
0.0068897637795276
0
CIRCLE
8
WHITE
10
2.0929133858267717
20
-1.2159448818897638
40
0.0068897637795276
0
CIRCLE
8
WHITE
10
2.1929133858267718
20
-1.2159448818897638
40
0.0068897637795276
0
CIRCLE
8
WHITE
10
2.0929133858267717
20
-1.3159448818897637
40
0.0068897637795276
0
CIRCLE
8
WHITE
10
2.1929133858267718
20
-1.3159448818897637
40
0.0068897637795276
0
CIRCLE
8
WHITE
10
2.0929133858267717
20
-1.4159448818897638
40
0.0068897637795276
0
CIRCLE
8
WHITE
10
2.1929133858267718
20
-1.4159448818897638
40
0.0068897637795276
0
CIRCLE
8
WHITE
10
2.0929133858267717
20
-1.5159448818897638
40
0.0068897637795276
0
CIRCLE
8
WHITE
10
2.1929133858267718
20
-1.5159448818897638
40
0.0068897637795276
0
CIRCLE
8
WHITE
10
2.0929133858267717
20
-1.6159448818897637
40
0.0068897637795276
0
CIRCLE
8
WHITE
10
2.1929133858267718
20
-1.6159448818897637
40
0.0068897637795276
0
CIRCLE
8
WHITE
10
2.0929133858267717
20
-1.7159448818897638
40
0.0068897637795276
0
CIRCLE
8
WHITE
10
2.1929133858267718
20
-1.7159448818897638
40
0.0068897637795276
0
CIRCLE
8
WHITE
10
2.0929133858267717
20
-1.8159448818897637
40
0.0068897637795276
0
CIRCLE
8
WHITE
10
2.1929133858267718
20
-1.8159448818897637
40
0.0068897637795276
0
CIRCLE
8
WHITE
10
2.0929133858267717
20
-1.9159448818897638
40
0.0068897637795276
0
CIRCLE
8
WHITE
10
2.1929133858267718
20
-1.9159448818897638
40
0.0068897637795276
0
CIRCLE
8
WHITE
10
2.0929133858267717
20
-2.0159448818897636
40
0.0068897637795276
0
CIRCLE
8
WHITE
10
2.1929133858267718
20
-2.0159448818897636
40
0.0068897637795276
0
CIRCLE
8
WHITE
10
2.0929133858267717
20
-2.1159448818897637
40
0.0068897637795276
0
CIRCLE
8
WHITE
10
2.1929133858267718
20
-2.1159448818897637
40
0.0068897637795276
0
CIRCLE
8
WHITE
10
2.0929133858267717
20
-2.2159448818897638
40
0.0068897637795276
0
CIRCLE
8
WHITE
10
2.1929133858267718
20
-2.2159448818897638
40
0.0068897637795276
0
CIRCLE
8
WHITE
10
2.0929133858267717
20
-2.3159448818897639
40
0.0068897637795276
0
CIRCLE
8
WHITE
10
2.1929133858267718
20
-2.3159448818897639
40
0.0068897637795276
0
CIRCLE
8
WHITE
10
2.0929133858267717
20
-2.4159448818897635
40
0.0068897637795276
0
CIRCLE
8
WHITE
10
2.1929133858267718
20
-2.4159448818897635
40
0.0068897637795276
0
CIRCLE
8
WHITE
10
2.0929133858267717
20
-2.5159448818897636
40
0.0068897637795276
0
CIRCLE
8
WHITE
10
2.1929133858267718
20
-2.5159448818897636
40
0.0068897637795276
0
CIRCLE
8
WHITE
10
2.0929133858267717
20
-2.6159448818897637
40
0.0068897637795276
0
CIRCLE
8
WHITE
10
2.1929133858267718
20
-2.6159448818897637
40
0.0068897637795276
0
CIRCLE
8
WHITE
10
2.0929133858267717
20
-2.7159448818897638
40
0.0068897637795276
0
CIRCLE
8
WHITE
10
2.1929133858267718
20
-2.7159448818897638
40
0.0068897637795276
0
CIRCLE
8
WHITE
10
2.0929133858267717
20
-2.8159448818897639
40
0.0068897637795276
0
CIRCLE
8
WHITE
10
2.1929133858267718
20
-2.8159448818897639
40
0.0068897637795276
0
CIRCLE
8
WHITE
10
2.0929133858267717
20
-2.9159448818897635
40
0.0068897637795276
0
CIRCLE
8
WHITE
10
2.1929133858267718
20
-2.9159448818897635
40
0.0068897637795276
0
CIRCLE
8
WHITE
10
3.0299212598425198
20
-1.7127952755905511
40
0.0068897637795276
0
CIRCLE
8
WHITE
10
3.1299212598425195
20
-1.7127952755905511
40
0.0068897637795276
0
CIRCLE
8
WHITE
10
1.0905511811023623
20
-6.71259842519685
40
0.0068897637795276
0
CIRCLE
8
BLACK
10
4.4998031496062989
20
-3.0120078740157479
40
0.0068897637795276
0
CIRCLE
8
WHITE
10
3.0299212598425198
20
-2.0120078740157479
40
0.0068897637795276
0
CIRCLE
8
WHITE
10
3.1299212598425195
20
-2.0120078740157479
40
0.0068897637795276
0
CIRCLE
8
WHITE
10
4.0866141732283463
20
-3.2755905511811023
40
0.0068897637795276
0
CIRCLE
8
WHITE
10
4.0866141732283463
20
-3.1755904724409447
40
0.0068897637795276
0
CIRCLE
8
WHITE
10
4.2165354330708658
20
-3.2755905511811023
40
0.0068897637795276
0
CIRCLE
8
WHITE
10
4.2165354330708658
20
-3.1755905511811022
40
0.0068897637795276
0
CIRCLE
8
WHITE
10
4.2165354330708658
20
-3.0755905905511809
40
0.0068897637795276
0
CIRCLE
8
WHITE
10
1.0905511811023623
20
-5.8740771653543309
40
0.0068897637795276
0
CIRCLE
8
WHITE
10
1.0905511811023623
20
-6.4330913385826767
40
0.0068897637795276
0
CIRCLE
8
WHITE
10
1.0905511811023623
20
-6.1535842519685042
40
0.0068897637795276
0
CIRCLE
8
WHITE
10
2.7503937007874013
20
-1.612007874015748
40
0.0068897637795276
0
CIRCLE
8
WHITE
10
2.8503937007874014
20
-1.612007874015748
40
0.0068897637795276
0
CIRCLE
8
WHITE
10
2.7503937007874013
20
-1.7120078740157481
40
0.0068897637795276
0
CIRCLE
8
WHITE
10
2.8503937007874014
20
-1.7120078740157481
40
0.0068897637795276
0
CIRCLE
8
WHITE
10
2.7503937007874013
20
-1.8120078740157479
40
0.0068897637795276
0
CIRCLE
8
WHITE
10
2.8503937007874014
20
-1.8120078740157479
40
0.0068897637795276
0
CIRCLE
8
WHITE
10
2.7503937007874013
20
-1.912007874015748
40
0.0068897637795276
0
CIRCLE
8
WHITE
10
2.8503937007874014
20
-1.912007874015748
40
0.0068897637795276
0
CIRCLE
8
WHITE
10
2.7503937007874013
20
-2.0120078740157479
40
0.0068897637795276
0
CIRCLE
8
WHITE
10
2.8503937007874014
20
-2.0120078740157479
40
0.0068897637795276
0
CIRCLE
8
WHITE
10
4.4015748031496065
20
-1.4743110236220471
40
0.0068897637795276
0
CIRCLE
8
WHITE
10
4.3015748031496059
20
-1.4743110236220471
40
0.0068897637795276
0
CIRCLE
8
WHITE
10
4.4015748031496065
20
-1.3743110236220473
40
0.0068897637795276
0
CIRCLE
8
WHITE
10
4.3015748031496059
20
-1.3743110236220473
40
0.0068897637795276
0
CIRCLE
8
WHITE
10
4.4015748031496065
20
-1.2743110629921259
40
0.0068897637795276
0
CIRCLE
8
WHITE
10
4.3015748031496059
20
-1.2743110236220472
40
0.0068897637795276
0
CIRCLE
8
WHITE
10
4.4015748031496065
20
-1.1743110236220473
40
0.0068897637795276
0
CIRCLE
8
WHITE
10
4.3015748031496059
20
-1.1743110236220473
40
0.0068897637795276
0
CIRCLE
8
WHITE
10
4.4015748031496065
20
-1.0743110236220472
40
0.0068897637795276
0
CIRCLE
8
WHITE
10
4.3015748031496059
20
-1.0743110236220472
40
0.0068897637795276
0
CIRCLE
8
WHITE
10
2.7511811023622048
20
-4.5196850393700787
40
0.0068897637795276
0
CIRCLE
8
WHITE
10
2.7511811023622048
20
-4.3196850787401573
40
0.0068897637795276
0
CIRCLE
8
WHITE
10
3.5511811023622046
20
-4.8196850393700785
40
0.0068897637795276
0
CIRCLE
8
WHITE
10
3.5511811023622046
20
-4.4196850393700791
40
0.0068897637795276
0
CIRCLE
8
WHITE
10
3.5511811023622046
20
-4.0196850393700787
40
0.0068897637795276
0
CIRCLE
8
WHITE
10
2.7511811023622048
20
-4.0196850393700787
40
0.0068897637795276
  0
ENDSEC
  0
EOF
