  0
SECTION
  2
HEADER
  9
$ANGBASE
  50
0.0
  9
$ANGDIR
  70
1
  9
$MEASUREMENT
  70
0
  0
ENDSEC
  0
SECTION
  2
TABLES
  0
TABLE
  2
LTYPE
  70
4
  0
LTYPE
  5
40F
  2
CONTINUOUS
  70
0
  3
Solid line
  72
65
  73
0
  40
0.0
  0
LTYPE
  5
410
  2
DASHDOT
 70
0
  3
Dash Dot ____ _ ____ _
 72
65
 73
4
 40
2.0
 49
1.25
 49
-0.25
 49
0.25
 49
-0.25
  0
LTYPE
  5
411
  2
DASHED
 70
0
  3
Dashed __ __ __ __ __
 72
65
 73
2
 40
0.75
 49
0.5
 49
-0.25
  0
LTYPE
  5
43B
  2
DOTTED
 70
0
  3
Dotted .  .  .  .
 72
65
 73
2
 40
0.2
 49
0.0
 49
-0.2
  0
ENDTAB
  0
TABLE
  2
STYLE
  70
4
  0
STYLE
  2
KICAD
  70
0
  40
0
  41
1
  42
1
  50
0
  71
0
  3
isocp.shx
  0
STYLE
  2
KICADB
  70
0
  40
0
  41
1
  42
1
  50
0
  71
0
  3
isocp.shx
  0
STYLE
  2
KICADI
  70
0
  40
0
  41
1
  42
1
  50
15
  71
0
  3
isocp.shx
  0
STYLE
  2
KICADBI
  70
0
  40
0
  41
1
  42
1
  50
15
  71
0
  3
isocp.shx
  0
ENDTAB
  0
TABLE
  2
LAYER
  70
1
  0
LAYER
  2
BLACK
  70
0
  62
7
  6
CONTINUOUS
  0
ENDTAB
  0
ENDSEC
  0
SECTION
  2
ENTITIES
0
LINE
8
BLACK
6
CONTINUOUS
10
3.0016037401574804
20
-5.020355866141732
11
3.0017835433070865
21
-5.0212598425196848
0
LINE
8
BLACK
6
CONTINUOUS
10
3.0017835433070865
20
-5.0212598425196848
11
3.0017835433070865
21
-5.0606299212598422
0
LINE
8
BLACK
6
CONTINUOUS
10
3.0017835433070865
20
-5.0606299212598422
11
3.0016037401574804
21
-5.061533897637795
0
LINE
8
BLACK
6
CONTINUOUS
10
3.0016037401574804
20
-5.061533897637795
11
3.0003253149606297
21
-5.0628123228346453
0
LINE
8
BLACK
6
CONTINUOUS
10
3.0003253149606297
20
-5.0628123228346453
11
2.9994213385826769
21
-5.0629921259842519
0
LINE
8
BLACK
6
CONTINUOUS
10
2.9994213385826769
20
-5.0629921259842519
11
2.9395788188976377
21
-5.0629921259842519
0
LINE
8
BLACK
6
CONTINUOUS
10
2.9395788188976377
20
-5.0629921259842519
11
2.9386748425196849
21
-5.0628123228346453
0
LINE
8
BLACK
6
CONTINUOUS
10
2.9386748425196849
20
-5.0628123228346453
11
2.9373964173228346
21
-5.061533897637795
0
LINE
8
BLACK
6
CONTINUOUS
10
2.9373964173228346
20
-5.061533897637795
11
2.9372166141732281
21
-5.0606299212598422
0
LINE
8
BLACK
6
CONTINUOUS
10
2.9372166141732281
20
-5.0606299212598422
11
2.9372166141732281
21
-5.0586614173228348
0
LINE
8
BLACK
6
CONTINUOUS
10
2.9372166141732281
20
-5.0586614173228348
11
2.9373964173228346
21
-5.057757440944882
0
LINE
8
BLACK
6
CONTINUOUS
10
2.9373964173228346
20
-5.057757440944882
11
2.9386748425196849
21
-5.0564790157480317
0
LINE
8
BLACK
6
CONTINUOUS
10
2.9386748425196849
20
-5.0564790157480317
11
2.9404827952755905
21
-5.0564790157480317
0
LINE
8
BLACK
6
CONTINUOUS
10
2.9404827952755905
20
-5.0564790157480317
11
2.9417612204724408
21
-5.057757440944882
0
LINE
8
BLACK
6
CONTINUOUS
10
2.9417612204724408
20
-5.057757440944882
11
2.9418627165354332
21
-5.0582677165354326
0
LINE
8
BLACK
6
CONTINUOUS
10
2.9418627165354332
20
-5.0582677165354326
11
2.9970591338582677
21
-5.0582677165354326
0
LINE
8
BLACK
6
CONTINUOUS
10
2.9970591338582677
20
-5.0582677165354326
11
2.9970591338582677
21
-5.0212598425196848
0
LINE
8
BLACK
6
CONTINUOUS
10
2.9970591338582677
20
-5.0212598425196848
11
2.9972389370078738
21
-5.020355866141732
0
LINE
8
BLACK
6
CONTINUOUS
10
2.9972389370078738
20
-5.020355866141732
11
2.9985173622047245
21
-5.0190774409448817
0
LINE
8
BLACK
6
CONTINUOUS
10
2.9985173622047245
20
-5.0190774409448817
11
3.0003253149606297
21
-5.0190774409448817
0
LINE
8
BLACK
6
CONTINUOUS
10
3.0003253149606297
20
-5.0190774409448817
11
3.0016037401574804
21
-5.020355866141732
0
LINE
8
BLACK
6
CONTINUOUS
10
4.1292182283464562
20
-5.0138763385826772
11
4.1300328740157477
21
-5.0146909842519687
0
LINE
8
BLACK
6
CONTINUOUS
10
4.1300328740157477
20
-5.0146909842519687
11
4.1304737795275592
21
-5.015755393700787
0
LINE
8
BLACK
6
CONTINUOUS
10
4.1304737795275592
20
-5.015755393700787
11
4.1305305118110232
21
-5.0163314566929129
0
LINE
8
BLACK
6
CONTINUOUS
10
4.1305305118110232
20
-5.0163314566929129
11
4.1305305118110232
21
-5.0444529133858262
0
LINE
8
BLACK
6
CONTINUOUS
10
4.1305305118110232
20
-5.0444529133858262
11
4.1305017716535435
21
-5.044744488188976
0
LINE
8
BLACK
6
CONTINUOUS
10
4.1305017716535435
20
-5.044744488188976
11
4.1305073228346458
21
-5.0448222440944877
0
LINE
8
BLACK
6
CONTINUOUS
10
4.1305073228346458
20
-5.0448222440944877
11
4.1304840551181101
21
-5.0449244881889763
0
LINE
8
BLACK
6
CONTINUOUS
10
4.1304840551181101
20
-5.0449244881889763
11
4.1304737795275592
21
-5.045028976377953
0
LINE
8
BLACK
6
CONTINUOUS
10
4.1304737795275592
20
-5.045028976377953
11
4.1304438976377948
21
-5.0451010236220473
0
LINE
8
BLACK
6
CONTINUOUS
10
4.1304438976377948
20
-5.0451010236220473
11
4.130378976377953
21
-5.0453866929133859
0
LINE
8
BLACK
6
CONTINUOUS
10
4.130378976377953
20
-5.0453866929133859
11
4.1285042125984255
21
-5.0510109448818898
0
LINE
8
BLACK
6
CONTINUOUS
10
4.1285042125984255
20
-5.0510109448818898
11
4.1282682283464567
21
-5.0515395275590551
0
LINE
8
BLACK
6
CONTINUOUS
10
4.1282682283464567
20
-5.0515395275590551
11
4.1281987007874017
21
-5.051619645669291
0
LINE
8
BLACK
6
CONTINUOUS
10
4.1281987007874017
20
-5.051619645669291
11
4.1281581496062989
21
-5.0517176377952753
0
LINE
8
BLACK
6
CONTINUOUS
10
4.1281581496062989
20
-5.0517176377952753
11
4.1277909448818892
21
-5.0521650787401571
0
LINE
8
BLACK
6
CONTINUOUS
10
4.1277909448818892
20
-5.0521650787401571
11
4.1240413779527554
21
-5.0559146850393697
0
LINE
8
BLACK
6
CONTINUOUS
10
4.1240413779527554
20
-5.0559146850393697
11
4.1235939370078736
21
-5.0562818897637793
0
LINE
8
BLACK
6
CONTINUOUS
10
4.1235939370078736
20
-5.0562818897637793
11
4.1234958661417318
21
-5.0563224803149609
0
LINE
8
BLACK
6
CONTINUOUS
10
4.1234958661417318
20
-5.0563224803149609
11
4.1234157480314959
21
-5.0563920078740159
0
LINE
8
BLACK
6
CONTINUOUS
10
4.1234157480314959
20
-5.0563920078740159
11
4.1228872047244094
21
-5.0566279921259838
0
LINE
8
BLACK
6
CONTINUOUS
10
4.1228872047244094
20
-5.0566279921259838
11
4.1172629133858267
21
-5.0585027559055113
0
LINE
8
BLACK
6
CONTINUOUS
10
4.1172629133858267
20
-5.0585027559055113
11
4.1169773228346456
21
-5.058567677165354
0
LINE
8
BLACK
6
CONTINUOUS
10
4.1169773228346456
20
-5.058567677165354
11
4.1169052362204726
21
-5.0585975590551184
0
LINE
8
BLACK
6
CONTINUOUS
10
4.1169052362204726
20
-5.0585975590551184
11
4.1168007086614171
21
-5.0586078346456693
0
LINE
8
BLACK
6
CONTINUOUS
10
4.1168007086614171
20
-5.0586078346456693
11
4.1166984645669293
21
-5.058631102362205
0
LINE
8
BLACK
6
CONTINUOUS
10
4.1166984645669293
20
-5.058631102362205
11
4.1166207086614168
21
-5.0586255511811027
0
LINE
8
BLACK
6
CONTINUOUS
10
4.1166207086614168
20
-5.0586255511811027
11
4.1163291732283467
21
-5.0586542913385824
0
LINE
8
BLACK
6
CONTINUOUS
10
4.1163291732283467
20
-5.0586542913385824
11
4.1125796456692916
21
-5.0586542913385824
0
LINE
8
BLACK
6
CONTINUOUS
10
4.1125796456692916
20
-5.0586542913385824
11
4.1120035826771657
21
-5.0585975590551184
0
LINE
8
BLACK
6
CONTINUOUS
10
4.1120035826771657
20
-5.0585975590551184
11
4.1109391732283465
21
-5.0581566535433069
0
LINE
8
BLACK
6
CONTINUOUS
10
4.1109391732283465
20
-5.0581566535433069
11
4.110124527559055
21
-5.0573420078740154
0
LINE
8
BLACK
6
CONTINUOUS
10
4.110124527559055
20
-5.0573420078740154
11
4.1096836220472444
21
-5.0562775984251971
0
LINE
8
BLACK
6
CONTINUOUS
10
4.1096836220472444
20
-5.0562775984251971
11
4.1096836220472444
21
-5.0551254724409445
0
LINE
8
BLACK
6
CONTINUOUS
10
4.1096836220472444
20
-5.0551254724409445
11
4.110124527559055
21
-5.0540610629921261
0
LINE
8
BLACK
6
CONTINUOUS
10
4.110124527559055
20
-5.0540610629921261
11
4.1109391732283465
21
-5.0532464173228346
0
LINE
8
BLACK
6
CONTINUOUS
10
4.1109391732283465
20
-5.0532464173228346
11
4.1120035826771657
21
-5.0528055118110231
0
LINE
8
BLACK
6
CONTINUOUS
10
4.1120035826771657
20
-5.0528055118110231
11
4.1125796456692916
21
-5.0527487795275592
0
LINE
8
BLACK
6
CONTINUOUS
10
4.1125796456692916
20
-5.0527487795275592
11
4.1158500393700788
21
-5.0527487795275592
0
LINE
8
BLACK
6
CONTINUOUS
10
4.1158500393700788
20
-5.0527487795275592
11
4.1203584251968506
21
-5.0512459448818898
0
LINE
8
BLACK
6
CONTINUOUS
10
4.1203584251968506
20
-5.0512459448818898
11
4.1231221653543306
21
-5.048482165354331
0
LINE
8
BLACK
6
CONTINUOUS
10
4.1231221653543306
20
-5.048482165354331
11
4.124625
21
-5.0439737795275592
0
LINE
8
BLACK
6
CONTINUOUS
10
4.124625
20
-5.0439737795275592
11
4.124625
21
-5.0163314566929129
0
LINE
8
BLACK
6
CONTINUOUS
10
4.124625
20
-5.0163314566929129
11
4.1246817322834648
21
-5.015755393700787
0
LINE
8
BLACK
6
CONTINUOUS
10
4.1246817322834648
20
-5.015755393700787
11
4.1251226377952754
21
-5.0146909842519687
0
LINE
8
BLACK
6
CONTINUOUS
10
4.1251226377952754
20
-5.0146909842519687
11
4.1259372834645669
21
-5.0138763385826772
0
LINE
8
BLACK
6
CONTINUOUS
10
4.1259372834645669
20
-5.0138763385826772
11
4.1270016929133861
21
-5.0134354330708657
0
LINE
8
BLACK
6
CONTINUOUS
10
4.1270016929133861
20
-5.0134354330708657
11
4.1281538188976379
21
-5.0134354330708657
0
LINE
8
BLACK
6
CONTINUOUS
10
4.1281538188976379
20
-5.0134354330708657
11
4.1292182283464562
21
-5.0138763385826772
0
LINE
8
BLACK
6
CONTINUOUS
10
4.1559829133858264
20
-5.0134354330708657
11
4.15627531496063
21
-5.0134354330708657
0
LINE
8
BLACK
6
CONTINUOUS
10
4.15627531496063
20
-5.0134354330708657
11
4.1565425590551177
21
-5.0135461417322835
0
LINE
8
BLACK
6
CONTINUOUS
10
4.1565425590551177
20
-5.0135461417322835
11
4.1568263779527559
21
-5.013602283464567
0
LINE
8
BLACK
6
CONTINUOUS
10
4.1568263779527559
20
-5.013602283464567
11
4.1570696456692913
21
-5.0137644488188977
0
LINE
8
BLACK
6
CONTINUOUS
10
4.1570696456692913
20
-5.0137644488188977
11
4.1573397244094483
21
-5.0138763385826772
0
LINE
8
BLACK
6
CONTINUOUS
10
4.1573397244094483
20
-5.0138763385826772
11
4.157544173228346
21
-5.0140807874015749
0
LINE
8
BLACK
6
CONTINUOUS
10
4.157544173228346
20
-5.0140807874015749
11
4.1577849999999996
21
-5.0142413385826767
0
LINE
8
BLACK
6
CONTINUOUS
10
4.1577849999999996
20
-5.0142413385826767
11
4.1579477165354328
21
-5.0144843307086617
0
LINE
8
BLACK
6
CONTINUOUS
10
4.1579477165354328
20
-5.0144843307086617
11
4.1581543700787398
21
-5.0146909842519687
0
LINE
8
BLACK
6
CONTINUOUS
10
4.1581543700787398
20
-5.0146909842519687
11
4.1582650393700789
21
-5.0149581889763777
0
LINE
8
BLACK
6
CONTINUOUS
10
4.1582650393700789
20
-5.0149581889763777
11
4.1584260629921257
21
-5.0151986220472438
0
LINE
8
BLACK
6
CONTINUOUS
10
4.1584260629921257
20
-5.0151986220472438
11
4.1584833858267718
21
-5.0154852755905512
0
LINE
8
BLACK
6
CONTINUOUS
10
4.1584833858267718
20
-5.0154852755905512
11
4.1585952755905513
21
-5.015755393700787
0
LINE
8
BLACK
6
CONTINUOUS
10
4.1585952755905513
20
-5.015755393700787
11
4.1586513779527561
21
-5.0163253149606302
0
LINE
8
BLACK
6
CONTINUOUS
10
4.1586513779527561
20
-5.0163253149606302
11
4.1586520078740152
21
-5.0163283464566932
0
LINE
8
BLACK
6
CONTINUOUS
10
4.1586520078740152
20
-5.0163283464566932
11
4.1586517716535436
21
-5.0163293700787399
0
LINE
8
BLACK
6
CONTINUOUS
10
4.1586517716535436
20
-5.0163293700787399
11
4.1586520078740152
21
-5.0163314566929129
0
LINE
8
BLACK
6
CONTINUOUS
10
4.1586520078740152
20
-5.0163314566929129
11
4.1586520078740152
21
-5.0527487795275592
0
LINE
8
BLACK
6
CONTINUOUS
10
4.1586520078740152
20
-5.0527487795275592
11
4.1669478346456694
21
-5.0527487795275592
0
LINE
8
BLACK
6
CONTINUOUS
10
4.1669478346456694
20
-5.0527487795275592
11
4.1675238976377953
21
-5.0528055118110231
0
LINE
8
BLACK
6
CONTINUOUS
10
4.1675238976377953
20
-5.0528055118110231
11
4.1685883070866137
21
-5.0532464173228346
0
LINE
8
BLACK
6
CONTINUOUS
10
4.1685883070866137
20
-5.0532464173228346
11
4.1694029527559051
21
-5.0540610629921261
0
LINE
8
BLACK
6
CONTINUOUS
10
4.1694029527559051
20
-5.0540610629921261
11
4.1698438582677166
21
-5.0551254724409445
0
LINE
8
BLACK
6
CONTINUOUS
10
4.1698438582677166
20
-5.0551254724409445
11
4.1698438582677166
21
-5.0562775984251971
0
LINE
8
BLACK
6
CONTINUOUS
10
4.1698438582677166
20
-5.0562775984251971
11
4.1694029527559051
21
-5.0573420078740154
0
LINE
8
BLACK
6
CONTINUOUS
10
4.1694029527559051
20
-5.0573420078740154
11
4.1685883070866137
21
-5.0581566535433069
0
LINE
8
BLACK
6
CONTINUOUS
10
4.1685883070866137
20
-5.0581566535433069
11
4.1675238976377953
21
-5.0585975590551184
0
LINE
8
BLACK
6
CONTINUOUS
10
4.1675238976377953
20
-5.0585975590551184
11
4.1669478346456694
21
-5.0586542913385824
0
LINE
8
BLACK
6
CONTINUOUS
10
4.1669478346456694
20
-5.0586542913385824
11
4.1444506692913388
21
-5.0586542913385824
0
LINE
8
BLACK
6
CONTINUOUS
10
4.1444506692913388
20
-5.0586542913385824
11
4.1438746062992129
21
-5.0585975590551184
0
LINE
8
BLACK
6
CONTINUOUS
10
4.1438746062992129
20
-5.0585975590551184
11
4.1428101968503936
21
-5.0581566535433069
0
LINE
8
BLACK
6
CONTINUOUS
10
4.1428101968503936
20
-5.0581566535433069
11
4.1419955511811022
21
-5.0573420078740154
0
LINE
8
BLACK
6
CONTINUOUS
10
4.1419955511811022
20
-5.0573420078740154
11
4.1415546456692915
21
-5.0562775984251971
0
LINE
8
BLACK
6
CONTINUOUS
10
4.1415546456692915
20
-5.0562775984251971
11
4.1415546456692915
21
-5.0551254724409445
0
LINE
8
BLACK
6
CONTINUOUS
10
4.1415546456692915
20
-5.0551254724409445
11
4.1419955511811022
21
-5.0540610629921261
0
LINE
8
BLACK
6
CONTINUOUS
10
4.1419955511811022
20
-5.0540610629921261
11
4.1428101968503936
21
-5.0532464173228346
0
LINE
8
BLACK
6
CONTINUOUS
10
4.1428101968503936
20
-5.0532464173228346
11
4.1438746062992129
21
-5.0528055118110231
0
LINE
8
BLACK
6
CONTINUOUS
10
4.1438746062992129
20
-5.0528055118110231
11
4.1444506692913388
21
-5.0527487795275592
0
LINE
8
BLACK
6
CONTINUOUS
10
4.1444506692913388
20
-5.0527487795275592
11
4.1527464960629921
21
-5.0527487795275592
0
LINE
8
BLACK
6
CONTINUOUS
10
4.1527464960629921
20
-5.0527487795275592
11
4.1527464960629921
21
-5.0253348031496063
0
LINE
8
BLACK
6
CONTINUOUS
10
4.1527464960629921
20
-5.0253348031496063
11
4.1502881102362208
21
-5.0277931889763776
0
LINE
8
BLACK
6
CONTINUOUS
10
4.1502881102362208
20
-5.0277931889763776
11
4.1500617322834641
21
-5.027978937007874
0
LINE
8
BLACK
6
CONTINUOUS
10
4.1500617322834641
20
-5.027978937007874
11
4.1500105905511813
21
-5.0280379527559056
0
LINE
8
BLACK
6
CONTINUOUS
10
4.1500105905511813
20
-5.0280379527559056
11
4.1499216141732287
21
-5.0280938976377954
0
LINE
8
BLACK
6
CONTINUOUS
10
4.1499216141732287
20
-5.0280938976377954
11
4.1498406692913381
21
-5.0281603937007873
0
LINE
8
BLACK
6
CONTINUOUS
10
4.1498406692913381
20
-5.0281603937007873
11
4.1497687007874013
21
-5.0281901968503933
0
LINE
8
BLACK
6
CONTINUOUS
10
4.1497687007874013
20
-5.0281901968503933
11
4.1495207086614174
21
-5.0283462992125987
0
LINE
8
BLACK
6
CONTINUOUS
10
4.1495207086614174
20
-5.0283462992125987
11
4.1457711811023623
21
-5.0302210629921262
0
LINE
8
BLACK
6
CONTINUOUS
10
4.1457711811023623
20
-5.0302210629921262
11
4.1452305511811023
21
-5.0304279527559057
0
LINE
8
BLACK
6
CONTINUOUS
10
4.1452305511811023
20
-5.0304279527559057
11
4.1440813385826774
21
-5.0305096062992121
0
LINE
8
BLACK
6
CONTINUOUS
10
4.1440813385826774
20
-5.0305096062992121
11
4.1429883858267713
21
-5.0301452755905514
0
LINE
8
BLACK
6
CONTINUOUS
10
4.1429883858267713
20
-5.0301452755905514
11
4.1421179921259839
21
-5.0293904330708656
0
LINE
8
BLACK
6
CONTINUOUS
10
4.1421179921259839
20
-5.0293904330708656
11
4.1416027559055113
21
-5.0283599212598427
0
LINE
8
BLACK
6
CONTINUOUS
10
4.1416027559055113
20
-5.0283599212598427
11
4.1415211023622049
21
-5.0272107086614168
0
LINE
8
BLACK
6
CONTINUOUS
10
4.1415211023622049
20
-5.0272107086614168
11
4.1418854330708657
21
-5.0261177559055117
0
LINE
8
BLACK
6
CONTINUOUS
10
4.1418854330708657
20
-5.0261177559055117
11
4.1426402755905514
21
-5.0252473622047242
0
LINE
8
BLACK
6
CONTINUOUS
10
4.1426402755905514
20
-5.0252473622047242
11
4.1431301574803152
21
-5.0249390157480311
0
LINE
8
BLACK
6
CONTINUOUS
10
4.1431301574803152
20
-5.0249390157480311
11
4.1464511023622048
21
-5.0232785433070868
0
LINE
8
BLACK
6
CONTINUOUS
10
4.1464511023622048
20
-5.0232785433070868
11
4.1496550000000001
21
-5.0200746456692915
0
LINE
8
BLACK
6
CONTINUOUS
10
4.1496550000000001
20
-5.0200746456692915
11
4.1532424015748033
21
-5.0146935433070867
0
LINE
8
BLACK
6
CONTINUOUS
10
4.1532424015748033
20
-5.0146935433070867
11
4.15324374015748
21
-5.0146918503937004
0
LINE
8
BLACK
6
CONTINUOUS
10
4.15324374015748
20
-5.0146918503937004
11
4.1532441338582675
21
-5.0146909842519687
0
LINE
8
BLACK
6
CONTINUOUS
10
4.1532441338582675
20
-5.0146909842519687
11
4.153246141732283
21
-5.0146889370078735
0
LINE
8
BLACK
6
CONTINUOUS
10
4.153246141732283
20
-5.0146889370078735
11
4.1536091732283467
21
-5.0142457086614174
0
LINE
8
BLACK
6
CONTINUOUS
10
4.1536091732283467
20
-5.0142457086614174
11
4.1538520472440945
21
-5.0140830314960629
0
LINE
8
BLACK
6
CONTINUOUS
10
4.1538520472440945
20
-5.0140830314960629
11
4.154058779527559
21
-5.0138763385826772
0
LINE
8
BLACK
6
CONTINUOUS
10
4.154058779527559
20
-5.0138763385826772
11
4.1543260629921255
21
-5.0137655905511807
0
LINE
8
BLACK
6
CONTINUOUS
10
4.1543260629921255
20
-5.0137655905511807
11
4.1545664566929137
21
-5.0136046456692913
0
LINE
8
BLACK
6
CONTINUOUS
10
4.1545664566929137
20
-5.0136046456692913
11
4.1548530708661415
21
-5.0135472834645665
0
LINE
8
BLACK
6
CONTINUOUS
10
4.1548530708661415
20
-5.0135472834645665
11
4.1551231889763782
21
-5.0134354330708657
0
LINE
8
BLACK
6
CONTINUOUS
10
4.1551231889763782
20
-5.0134354330708657
11
4.1554124803149604
21
-5.0134354330708657
0
LINE
8
BLACK
6
CONTINUOUS
10
4.1554124803149604
20
-5.0134354330708657
11
4.1556961417322835
21
-5.0133787007874018
0
LINE
8
BLACK
6
CONTINUOUS
10
4.1556961417322835
20
-5.0133787007874018
11
4.1559829133858264
21
-5.0134354330708657
0
LINE
8
BLACK
6
CONTINUOUS
10
4.1956453937007874
20
-5.0134354330708657
11
4.1957433858267716
21
-5.0134760236220473
0
LINE
8
BLACK
6
CONTINUOUS
10
4.1957433858267716
20
-5.0134760236220473
11
4.195849212598425
21
-5.0134835433070863
0
LINE
8
BLACK
6
CONTINUOUS
10
4.195849212598425
20
-5.0134835433070863
11
4.1963898425196851
21
-5.0136904330708658
0
LINE
8
BLACK
6
CONTINUOUS
10
4.1963898425196851
20
-5.0136904330708658
11
4.2001393700787402
21
-5.0155651968503934
0
LINE
8
BLACK
6
CONTINUOUS
10
4.2001393700787402
20
-5.0155651968503934
11
4.2003873622047241
21
-5.0157212598425192
0
LINE
8
BLACK
6
CONTINUOUS
10
4.2003873622047241
20
-5.0157212598425192
11
4.2004593307086617
21
-5.0157511023622048
0
LINE
8
BLACK
6
CONTINUOUS
10
4.2004593307086617
20
-5.0157511023622048
11
4.2005402755905514
21
-5.0158175590551179
0
LINE
8
BLACK
6
CONTINUOUS
10
4.2005402755905514
20
-5.0158175590551179
11
4.200629251968504
21
-5.0158735433070865
0
LINE
8
BLACK
6
CONTINUOUS
10
4.200629251968504
20
-5.0158735433070865
11
4.2006803937007877
21
-5.0159325196850393
0
LINE
8
BLACK
6
CONTINUOUS
10
4.2006803937007877
20
-5.0159325196850393
11
4.2009067716535435
21
-5.0161183070866144
0
LINE
8
BLACK
6
CONTINUOUS
10
4.2009067716535435
20
-5.0161183070866144
11
4.2027815354330711
21
-5.017993070866142
0
LINE
8
BLACK
6
CONTINUOUS
10
4.2027815354330711
20
-5.017993070866142
11
4.2029672834645666
21
-5.0182194094488191
0
LINE
8
BLACK
6
CONTINUOUS
10
4.2029672834645666
20
-5.0182194094488191
11
4.2030262992125982
21
-5.0182705905511806
0
LINE
8
BLACK
6
CONTINUOUS
10
4.2030262992125982
20
-5.0182705905511806
11
4.2030822440944879
21
-5.0183595275590553
0
LINE
8
BLACK
6
CONTINUOUS
10
4.2030822440944879
20
-5.0183595275590553
11
4.2031487401574799
21
-5.0184405118110238
0
LINE
8
BLACK
6
CONTINUOUS
10
4.2031487401574799
20
-5.0184405118110238
11
4.2031785433070867
21
-5.0185124409448818
0
LINE
8
BLACK
6
CONTINUOUS
10
4.2031785433070867
20
-5.0185124409448818
11
4.2033346456692913
21
-5.0187604724409445
0
LINE
8
BLACK
6
CONTINUOUS
10
4.2033346456692913
20
-5.0187604724409445
11
4.2052094094488188
21
-5.0225099999999996
0
LINE
8
BLACK
6
CONTINUOUS
10
4.2052094094488188
20
-5.0225099999999996
11
4.2052255118110233
21
-5.0225520866141729
0
LINE
8
BLACK
6
CONTINUOUS
10
4.2052255118110233
20
-5.0225520866141729
11
4.2052382283464569
21
-5.0225692519685037
0
LINE
8
BLACK
6
CONTINUOUS
10
4.2052382283464569
20
-5.0225692519685037
11
4.2053245275590552
21
-5.0228108267716536
0
LINE
8
BLACK
6
CONTINUOUS
10
4.2053245275590552
20
-5.0228108267716536
11
4.2054162992125983
21
-5.0230505905511809
0
LINE
8
BLACK
6
CONTINUOUS
10
4.2054162992125983
20
-5.0230505905511809
11
4.2054177952755909
21
-5.0230718503937011
0
LINE
8
BLACK
6
CONTINUOUS
10
4.2054177952755909
20
-5.0230718503937011
11
4.2054329921259841
21
-5.0231143700787397
0
LINE
8
BLACK
6
CONTINUOUS
10
4.2054329921259841
20
-5.0231143700787397
11
4.2073077559055116
21
-5.03061342519685
0
LINE
8
BLACK
6
CONTINUOUS
10
4.2073077559055116
20
-5.03061342519685
11
4.2073225196850395
21
-5.0307132677165356
0
LINE
8
BLACK
6
CONTINUOUS
10
4.2073225196850395
20
-5.0307132677165356
11
4.2073391732283465
21
-5.0307535039370075
0
LINE
8
BLACK
6
CONTINUOUS
10
4.2073391732283465
20
-5.0307535039370075
11
4.2073605118110233
21
-5.0309705118110237
0
LINE
8
BLACK
6
CONTINUOUS
10
4.2073605118110233
20
-5.0309705118110237
11
4.2073924015748032
21
-5.0311860236220474
0
LINE
8
BLACK
6
CONTINUOUS
10
4.2073924015748032
20
-5.0311860236220474
11
4.2073859842519683
21
-5.0312290157480311
0
LINE
8
BLACK
6
CONTINUOUS
10
4.2073859842519683
20
-5.0312290157480311
11
4.2073959055118113
21
-5.0313295669291334
0
LINE
8
BLACK
6
CONTINUOUS
10
4.2073959055118113
20
-5.0313295669291334
11
4.2073959055118113
21
-5.0407033858267711
0
LINE
8
BLACK
6
CONTINUOUS
10
4.2073959055118113
20
-5.0407033858267711
11
4.2073859842519683
21
-5.0408038976377956
0
LINE
8
BLACK
6
CONTINUOUS
10
4.2073859842519683
20
-5.0408038976377956
11
4.2073924015748032
21
-5.040846929133858
0
LINE
8
BLACK
6
CONTINUOUS
10
4.2073924015748032
20
-5.040846929133858
11
4.2073605118110233
21
-5.0410624015748029
0
LINE
8
BLACK
6
CONTINUOUS
10
4.2073605118110233
20
-5.0410624015748029
11
4.2073391732283465
21
-5.0412794488188979
0
LINE
8
BLACK
6
CONTINUOUS
10
4.2073391732283465
20
-5.0412794488188979
11
4.2073225196850395
21
-5.041319645669291
0
LINE
8
BLACK
6
CONTINUOUS
10
4.2073225196850395
20
-5.041319645669291
11
4.2073077559055116
21
-5.0414195275590554
0
LINE
8
BLACK
6
CONTINUOUS
10
4.2073077559055116
20
-5.0414195275590554
11
4.2054329921259841
21
-5.0489185826771656
0
LINE
8
BLACK
6
CONTINUOUS
10
4.2054329921259841
20
-5.0489185826771656
11
4.2054177952755909
21
-5.0489610629921255
0
LINE
8
BLACK
6
CONTINUOUS
10
4.2054177952755909
20
-5.0489610629921255
11
4.2054162992125983
21
-5.0489823622047245
0
LINE
8
BLACK
6
CONTINUOUS
10
4.2054162992125983
20
-5.0489823622047245
11
4.2053245275590552
21
-5.049222086614173
0
LINE
8
BLACK
6
CONTINUOUS
10
4.2053245275590552
20
-5.049222086614173
11
4.2052382283464569
21
-5.0494637007874017
0
LINE
8
BLACK
6
CONTINUOUS
10
4.2052382283464569
20
-5.0494637007874017
11
4.2052255118110233
21
-5.0494808267716538
0
LINE
8
BLACK
6
CONTINUOUS
10
4.2052255118110233
20
-5.0494808267716538
11
4.2052094094488188
21
-5.0495229527559058
0
LINE
8
BLACK
6
CONTINUOUS
10
4.2052094094488188
20
-5.0495229527559058
11
4.2033346456692913
21
-5.0532724803149609
0
LINE
8
BLACK
6
CONTINUOUS
10
4.2033346456692913
20
-5.0532724803149609
11
4.2031785826771655
21
-5.0535203543307086
0
LINE
8
BLACK
6
CONTINUOUS
10
4.2031785826771655
20
-5.0535203543307086
11
4.2031487795275586
21
-5.0535924015748028
0
LINE
8
BLACK
6
CONTINUOUS
10
4.2031487795275586
20
-5.0535924015748028
11
4.2030822440944879
21
-5.05367342519685
0
LINE
8
BLACK
6
CONTINUOUS
10
4.2030822440944879
20
-5.05367342519685
11
4.2030262992125982
21
-5.0537623622047239
0
LINE
8
BLACK
6
CONTINUOUS
10
4.2030262992125982
20
-5.0537623622047239
11
4.2029672834645666
21
-5.0538135039370076
0
LINE
8
BLACK
6
CONTINUOUS
10
4.2029672834645666
20
-5.0538135039370076
11
4.2027815354330711
21
-5.0540398818897634
0
LINE
8
BLACK
6
CONTINUOUS
10
4.2027815354330711
20
-5.0540398818897634
11
4.2009068110236223
21
-5.0559146456692909
0
LINE
8
BLACK
6
CONTINUOUS
10
4.2009068110236223
20
-5.0559146456692909
11
4.2006804330708665
21
-5.0561003937007873
0
LINE
8
BLACK
6
CONTINUOUS
10
4.2006804330708665
20
-5.0561003937007873
11
4.200629251968504
21
-5.0561594488188977
0
LINE
8
BLACK
6
CONTINUOUS
10
4.200629251968504
20
-5.0561594488188977
11
4.2005402755905514
21
-5.0562154330708662
0
LINE
8
BLACK
6
CONTINUOUS
10
4.2005402755905514
20
-5.0562154330708662
11
4.2004593307086617
21
-5.0562818897637793
0
LINE
8
BLACK
6
CONTINUOUS
10
4.2004593307086617
20
-5.0562818897637793
11
4.2003873622047241
21
-5.0563116929133853
0
LINE
8
BLACK
6
CONTINUOUS
10
4.2003873622047241
20
-5.0563116929133853
11
4.2001393700787402
21
-5.0564677952755908
0
LINE
8
BLACK
6
CONTINUOUS
10
4.2001393700787402
20
-5.0564677952755908
11
4.1963898425196851
21
-5.0583425590551183
0
LINE
8
BLACK
6
CONTINUOUS
10
4.1963898425196851
20
-5.0583425590551183
11
4.195849212598425
21
-5.0585494488188978
0
LINE
8
BLACK
6
CONTINUOUS
10
4.195849212598425
20
-5.0585494488188978
11
4.1957433858267716
21
-5.0585569291338581
0
LINE
8
BLACK
6
CONTINUOUS
10
4.1957433858267716
20
-5.0585569291338581
11
4.1956453937007874
21
-5.0585975590551184
0
LINE
8
BLACK
6
CONTINUOUS
10
4.1956453937007874
20
-5.0585975590551184
11
4.1950693307086615
21
-5.0586542913385824
0
LINE
8
BLACK
6
CONTINUOUS
10
4.1950693307086615
20
-5.0586542913385824
11
4.1913198031496064
21
-5.0586542913385824
0
LINE
8
BLACK
6
CONTINUOUS
10
4.1913198031496064
20
-5.0586542913385824
11
4.1907437401574805
21
-5.0585975590551184
0
LINE
8
BLACK
6
CONTINUOUS
10
4.1907437401574805
20
-5.0585975590551184
11
4.1906457480314963
21
-5.0585569685039369
0
LINE
8
BLACK
6
CONTINUOUS
10
4.1906457480314963
20
-5.0585569685039369
11
4.1905398818897641
21
-5.0585494488188978
0
LINE
8
BLACK
6
CONTINUOUS
10
4.1905398818897641
20
-5.0585494488188978
11
4.1899992913385828
21
-5.0583425590551183
0
LINE
8
BLACK
6
CONTINUOUS
10
4.1899992913385828
20
-5.0583425590551183
11
4.1862497637795277
21
-5.0564677952755908
0
LINE
8
BLACK
6
CONTINUOUS
10
4.1862497637795277
20
-5.0564677952755908
11
4.1860017322834642
21
-5.0563116929133853
0
LINE
8
BLACK
6
CONTINUOUS
10
4.1860017322834642
20
-5.0563116929133853
11
4.1859298031496062
21
-5.0562818897637793
0
LINE
8
BLACK
6
CONTINUOUS
10
4.1859298031496062
20
-5.0562818897637793
11
4.1858488188976377
21
-5.0562154330708662
0
LINE
8
BLACK
6
CONTINUOUS
10
4.1858488188976377
20
-5.0562154330708662
11
4.1857598818897639
21
-5.0561594488188977
0
LINE
8
BLACK
6
CONTINUOUS
10
4.1857598818897639
20
-5.0561594488188977
11
4.1857086614173227
21
-5.0561003937007873
0
LINE
8
BLACK
6
CONTINUOUS
10
4.1857086614173227
20
-5.0561003937007873
11
4.1854823228346456
21
-5.0559146456692909
0
LINE
8
BLACK
6
CONTINUOUS
10
4.1854823228346456
20
-5.0559146456692909
11
4.1836075590551181
21
-5.0540398425196846
0
LINE
8
BLACK
6
CONTINUOUS
10
4.1836075590551181
20
-5.0540398425196846
11
4.1834218110236217
21
-5.0538135039370076
0
LINE
8
BLACK
6
CONTINUOUS
10
4.1834218110236217
20
-5.0538135039370076
11
4.1833628346456688
21
-5.0537623622047239
0
LINE
8
BLACK
6
CONTINUOUS
10
4.1833628346456688
20
-5.0537623622047239
11
4.1833068503937003
21
-5.05367342519685
0
LINE
8
BLACK
6
CONTINUOUS
10
4.1833068503937003
20
-5.05367342519685
11
4.1832403543307084
21
-5.0535924015748028
0
LINE
8
BLACK
6
CONTINUOUS
10
4.1832403543307084
20
-5.0535924015748028
11
4.1832105118110237
21
-5.0535203543307086
0
LINE
8
BLACK
6
CONTINUOUS
10
4.1832105118110237
20
-5.0535203543307086
11
4.1830544881889766
21
-5.0532724803149609
0
LINE
8
BLACK
6
CONTINUOUS
10
4.1830544881889766
20
-5.0532724803149609
11
4.1811797244094491
21
-5.0495229527559058
0
LINE
8
BLACK
6
CONTINUOUS
10
4.1811797244094491
20
-5.0495229527559058
11
4.1811635826771649
21
-5.0494808267716538
0
LINE
8
BLACK
6
CONTINUOUS
10
4.1811635826771649
20
-5.0494808267716538
11
4.181150905511811
21
-5.0494637007874017
0
LINE
8
BLACK
6
CONTINUOUS
10
4.181150905511811
20
-5.0494637007874017
11
4.1810644488188977
21
-5.0492217322834643
0
LINE
8
BLACK
6
CONTINUOUS
10
4.1810644488188977
20
-5.0492217322834643
11
4.1809728346456696
21
-5.0489823228346458
0
LINE
8
BLACK
6
CONTINUOUS
10
4.1809728346456696
20
-5.0489823228346458
11
4.1809712992125982
21
-5.0489610629921255
0
LINE
8
BLACK
6
CONTINUOUS
10
4.1809712992125982
20
-5.0489610629921255
11
4.1809561417322838
21
-5.0489185826771656
0
LINE
8
BLACK
6
CONTINUOUS
10
4.1809561417322838
20
-5.0489185826771656
11
4.1790813779527562
21
-5.0414195275590554
0
LINE
8
BLACK
6
CONTINUOUS
10
4.1790813779527562
20
-5.0414195275590554
11
4.1790665748031497
21
-5.041319645669291
0
LINE
8
BLACK
6
CONTINUOUS
10
4.1790665748031497
20
-5.041319645669291
11
4.1790499606299214
21
-5.0412794488188979
0
LINE
8
BLACK
6
CONTINUOUS
10
4.1790499606299214
20
-5.0412794488188979
11
4.1790285826771649
21
-5.0410624015748029
0
LINE
8
BLACK
6
CONTINUOUS
10
4.1790285826771649
20
-5.0410624015748029
11
4.1789967322834647
21
-5.040846929133858
0
LINE
8
BLACK
6
CONTINUOUS
10
4.1789967322834647
20
-5.040846929133858
11
4.17900311023622
21
-5.0408038976377956
0
LINE
8
BLACK
6
CONTINUOUS
10
4.17900311023622
20
-5.0408038976377956
11
4.1789932283464566
21
-5.0407033858267711
0
LINE
8
BLACK
6
CONTINUOUS
10
4.1789932283464566
20
-5.0407033858267711
11
4.1789932283464566
21
-5.0313295669291334
0
LINE
8
BLACK
6
CONTINUOUS
10
4.1789932283464566
20
-5.0313295669291334
11
4.17900311023622
21
-5.0312290157480311
0
LINE
8
BLACK
6
CONTINUOUS
10
4.17900311023622
20
-5.0312290157480311
11
4.1789967322834647
21
-5.0311860236220474
0
LINE
8
BLACK
6
CONTINUOUS
10
4.1789967322834647
20
-5.0311860236220474
11
4.1790285826771649
21
-5.0309705118110237
0
LINE
8
BLACK
6
CONTINUOUS
10
4.1790285826771649
20
-5.0309705118110237
11
4.1790499606299214
21
-5.0307535039370075
0
LINE
8
BLACK
6
CONTINUOUS
10
4.1790499606299214
20
-5.0307535039370075
11
4.1790665748031497
21
-5.0307132677165356
0
LINE
8
BLACK
6
CONTINUOUS
10
4.1790665748031497
20
-5.0307132677165356
11
4.1790813779527562
21
-5.03061342519685
0
LINE
8
BLACK
6
CONTINUOUS
10
4.1790813779527562
20
-5.03061342519685
11
4.1809561417322838
21
-5.0231143700787397
0
LINE
8
BLACK
6
CONTINUOUS
10
4.1809561417322838
20
-5.0231143700787397
11
4.1809712992125982
21
-5.0230718503937011
0
LINE
8
BLACK
6
CONTINUOUS
10
4.1809712992125982
20
-5.0230718503937011
11
4.1809728346456696
21
-5.0230506299212596
0
LINE
8
BLACK
6
CONTINUOUS
10
4.1809728346456696
20
-5.0230506299212596
11
4.1810644488188977
21
-5.0228111811023624
0
LINE
8
BLACK
6
CONTINUOUS
10
4.1810644488188977
20
-5.0228111811023624
11
4.181150905511811
21
-5.0225692519685037
0
LINE
8
BLACK
6
CONTINUOUS
10
4.181150905511811
20
-5.0225692519685037
11
4.1811635826771649
21
-5.0225520866141729
0
LINE
8
BLACK
6
CONTINUOUS
10
4.1811635826771649
20
-5.0225520866141729
11
4.1811797244094491
21
-5.0225099999999996
0
LINE
8
BLACK
6
CONTINUOUS
10
4.1811797244094491
20
-5.0225099999999996
11
4.1830544881889766
21
-5.0187604724409445
0
LINE
8
BLACK
6
CONTINUOUS
10
4.1830544881889766
20
-5.0187604724409445
11
4.1832105511811024
21
-5.0185124409448818
0
LINE
8
BLACK
6
CONTINUOUS
10
4.1832105511811024
20
-5.0185124409448818
11
4.1832403937007872
21
-5.0184405118110238
0
LINE
8
BLACK
6
CONTINUOUS
10
4.1832403937007872
20
-5.0184405118110238
11
4.1833068503937003
21
-5.0183595275590553
0
LINE
8
BLACK
6
CONTINUOUS
10
4.1833068503937003
20
-5.0183595275590553
11
4.1833628346456688
21
-5.0182705905511806
0
LINE
8
BLACK
6
CONTINUOUS
10
4.1833628346456688
20
-5.0182705905511806
11
4.1834218110236217
21
-5.0182194094488191
0
LINE
8
BLACK
6
CONTINUOUS
10
4.1834218110236217
20
-5.0182194094488191
11
4.1836075984251968
21
-5.017993070866142
0
LINE
8
BLACK
6
CONTINUOUS
10
4.1836075984251968
20
-5.017993070866142
11
4.1854823622047244
21
-5.0161183070866144
0
LINE
8
BLACK
6
CONTINUOUS
10
4.1854823622047244
20
-5.0161183070866144
11
4.1857087007874014
21
-5.0159325196850393
0
LINE
8
BLACK
6
CONTINUOUS
10
4.1857087007874014
20
-5.0159325196850393
11
4.1857598818897639
21
-5.0158735433070865
0
LINE
8
BLACK
6
CONTINUOUS
10
4.1857598818897639
20
-5.0158735433070865
11
4.1858488188976377
21
-5.0158175590551179
0
LINE
8
BLACK
6
CONTINUOUS
10
4.1858488188976377
20
-5.0158175590551179
11
4.1859298031496062
21
-5.0157511023622048
0
LINE
8
BLACK
6
CONTINUOUS
10
4.1859298031496062
20
-5.0157511023622048
11
4.1860017322834642
21
-5.0157212598425192
0
LINE
8
BLACK
6
CONTINUOUS
10
4.1860017322834642
20
-5.0157212598425192
11
4.1862497637795277
21
-5.0155651968503934
0
LINE
8
BLACK
6
CONTINUOUS
10
4.1862497637795277
20
-5.0155651968503934
11
4.1899992913385828
21
-5.0136904330708658
0
LINE
8
BLACK
6
CONTINUOUS
10
4.1899992913385828
20
-5.0136904330708658
11
4.1905398818897641
21
-5.0134835433070863
0
LINE
8
BLACK
6
CONTINUOUS
10
4.1905398818897641
20
-5.0134835433070863
11
4.1906457480314963
21
-5.0134759842519685
0
LINE
8
BLACK
6
CONTINUOUS
10
4.1906457480314963
20
-5.0134759842519685
11
4.1907437401574805
21
-5.0134354330708657
0
LINE
8
BLACK
6
CONTINUOUS
10
4.1907437401574805
20
-5.0134354330708657
11
4.1913198031496064
21
-5.0133787007874018
0
LINE
8
BLACK
6
CONTINUOUS
10
4.1913198031496064
20
-5.0133787007874018
11
4.1950693307086615
21
-5.0133787007874018
0
LINE
8
BLACK
6
CONTINUOUS
10
4.1950693307086615
20
-5.0133787007874018
11
4.1956453937007874
21
-5.0134354330708657
0
LINE
8
BLACK
6
CONTINUOUS
10
4.1893193700787403
20
-5.0206329527559053
11
4.1881222440944885
21
-5.0218300787401571
0
LINE
8
BLACK
6
CONTINUOUS
10
4.1881222440944885
20
-5.0218300787401571
11
4.1866067322834644
21
-5.0248610629921258
0
LINE
8
BLACK
6
CONTINUOUS
10
4.1866067322834644
20
-5.0248610629921258
11
4.1848987401574806
21
-5.0316931102362208
0
LINE
8
BLACK
6
CONTINUOUS
10
4.1848987401574806
20
-5.0316931102362208
11
4.1848987401574806
21
-5.0403398425196846
0
LINE
8
BLACK
6
CONTINUOUS
10
4.1848987401574806
20
-5.0403398425196846
11
4.1866067322834644
21
-5.0471718897637796
0
LINE
8
BLACK
6
CONTINUOUS
10
4.1866067322834644
20
-5.0471718897637796
11
4.1881222440944885
21
-5.0502028740157483
0
LINE
8
BLACK
6
CONTINUOUS
10
4.1881222440944885
20
-5.0502028740157483
11
4.1893193700787403
21
-5.0514000393700789
0
LINE
8
BLACK
6
CONTINUOUS
10
4.1893193700787403
20
-5.0514000393700789
11
4.192016850393701
21
-5.0527487795275592
0
LINE
8
BLACK
6
CONTINUOUS
10
4.192016850393701
20
-5.0527487795275592
11
4.1943722834645669
21
-5.0527487795275592
0
LINE
8
BLACK
6
CONTINUOUS
10
4.1943722834645669
20
-5.0527487795275592
11
4.1970697244094488
21
-5.0514000393700789
0
LINE
8
BLACK
6
CONTINUOUS
10
4.1970697244094488
20
-5.0514000393700789
11
4.1982668503937006
21
-5.0502028740157483
0
LINE
8
BLACK
6
CONTINUOUS
10
4.1982668503937006
20
-5.0502028740157483
11
4.1997823622047239
21
-5.0471718897637796
0
LINE
8
BLACK
6
CONTINUOUS
10
4.1997823622047239
20
-5.0471718897637796
11
4.2014903937007873
21
-5.0403398425196846
0
LINE
8
BLACK
6
CONTINUOUS
10
4.2014903937007873
20
-5.0403398425196846
11
4.2014903937007873
21
-5.0316931102362208
0
LINE
8
BLACK
6
CONTINUOUS
10
4.2014903937007873
20
-5.0316931102362208
11
4.1997823622047239
21
-5.0248610629921258
0
LINE
8
BLACK
6
CONTINUOUS
10
4.1997823622047239
20
-5.0248610629921258
11
4.1982668897637794
21
-5.0218300787401571
0
LINE
8
BLACK
6
CONTINUOUS
10
4.1982668897637794
20
-5.0218300787401571
11
4.1970697637795276
21
-5.0206329527559053
0
LINE
8
BLACK
6
CONTINUOUS
10
4.1970697637795276
20
-5.0206329527559053
11
4.1943722834645669
21
-5.0192842125984249
0
LINE
8
BLACK
6
CONTINUOUS
10
4.1943722834645669
20
-5.0192842125984249
11
4.192016850393701
21
-5.0192842125984249
0
LINE
8
BLACK
6
CONTINUOUS
10
4.192016850393701
20
-5.0192842125984249
11
4.1893193700787403
21
-5.0206329527559053
0
LINE
8
BLACK
6
CONTINUOUS
10
2.9417612204724408
20
-4.9829542913385829
11
2.9419410236220473
21
-4.9838582677165357
0
LINE
8
BLACK
6
CONTINUOUS
10
2.9419410236220473
20
-4.9838582677165357
11
2.9419410236220473
21
-5.0145669291338582
0
LINE
8
BLACK
6
CONTINUOUS
10
2.9419410236220473
20
-5.0145669291338582
11
2.9417612204724408
21
-5.015470905511811
0
LINE
8
BLACK
6
CONTINUOUS
10
2.9417612204724408
20
-5.015470905511811
11
2.9404827952755905
21
-5.0167493307086612
0
LINE
8
BLACK
6
CONTINUOUS
10
2.9404827952755905
20
-5.0167493307086612
11
2.9386748425196849
21
-5.0167493307086612
0
LINE
8
BLACK
6
CONTINUOUS
10
2.9386748425196849
20
-5.0167493307086612
11
2.9373964173228346
21
-5.015470905511811
0
LINE
8
BLACK
6
CONTINUOUS
10
2.9373964173228346
20
-5.015470905511811
11
2.9372166141732281
21
-5.0145669291338582
0
LINE
8
BLACK
6
CONTINUOUS
10
2.9372166141732281
20
-5.0145669291338582
11
2.9372166141732281
21
-4.9838582677165357
0
LINE
8
BLACK
6
CONTINUOUS
10
2.9372166141732281
20
-4.9838582677165357
11
2.9373964173228346
21
-4.9829542913385829
0
LINE
8
BLACK
6
CONTINUOUS
10
2.9373964173228346
20
-4.9829542913385829
11
2.9386748425196849
21
-4.9816758661417317
0
LINE
8
BLACK
6
CONTINUOUS
10
2.9386748425196849
20
-4.9816758661417317
11
2.9404827952755905
21
-4.9816758661417317
0
LINE
8
BLACK
6
CONTINUOUS
10
2.9404827952755905
20
-4.9816758661417317
11
2.9417612204724408
21
-4.9829542913385829
0
LINE
8
BLACK
6
CONTINUOUS
10
2.9197083464566926
20
-4.9823415748031499
11
2.9202293700787401
21
-4.9828625984251964
0
LINE
8
BLACK
6
CONTINUOUS
10
2.9202293700787401
20
-4.9828625984251964
11
2.9296781889763781
21
-4.9958547244094484
0
LINE
8
BLACK
6
CONTINUOUS
10
2.9296781889763781
20
-4.9958547244094484
11
2.9301011023622046
21
-4.9976125196850392
0
LINE
8
BLACK
6
CONTINUOUS
10
2.9301011023622046
20
-4.9976125196850392
11
2.9291571653543307
21
-4.9991544881889762
0
LINE
8
BLACK
6
CONTINUOUS
10
2.9291571653543307
20
-4.9991544881889762
11
2.9277677952755905
21
-4.9996062992125987
0
LINE
8
BLACK
6
CONTINUOUS
10
2.9277677952755905
20
-4.9996062992125987
11
2.9088701574803149
21
-4.9996062992125987
0
LINE
8
BLACK
6
CONTINUOUS
10
2.9088701574803149
20
-4.9996062992125987
11
2.907199842519685
21
-4.9989144094488189
0
LINE
8
BLACK
6
CONTINUOUS
10
2.907199842519685
20
-4.9989144094488189
11
2.9065079527559052
21
-4.9972440944881891
0
LINE
8
BLACK
6
CONTINUOUS
10
2.9065079527559052
20
-4.9972440944881891
11
2.9069597637795277
21
-4.9958547244094484
0
LINE
8
BLACK
6
CONTINUOUS
10
2.9069597637795277
20
-4.9958547244094484
11
2.9164085826771653
21
-4.9828625984251964
0
LINE
8
BLACK
6
CONTINUOUS
10
2.9164085826771653
20
-4.9828625984251964
11
2.9179505511811024
21
-4.981918661417323
0
LINE
8
BLACK
6
CONTINUOUS
10
2.9179505511811024
20
-4.981918661417323
11
2.9197083464566926
21
-4.9823415748031499
0
LINE
8
BLACK
6
CONTINUOUS
10
4.4909619291338583
20
-4.6825605511811021
11
4.4911417322834648
21
-4.683464527559055
0
LINE
8
BLACK
6
CONTINUOUS
10
4.4911417322834648
20
-4.683464527559055
11
4.4911417322834648
21
-4.9830708661417322
0
LINE
8
BLACK
6
CONTINUOUS
10
4.4911417322834648
20
-4.9830708661417322
11
4.4909619291338583
21
-4.983974842519685
0
LINE
8
BLACK
6
CONTINUOUS
10
4.4909619291338583
20
-4.983974842519685
11
4.489683503937008
21
-4.9852532677165353
0
LINE
8
BLACK
6
CONTINUOUS
10
4.489683503937008
20
-4.9852532677165353
11
4.4887795275590552
21
-4.9854330708661418
0
LINE
8
BLACK
6
CONTINUOUS
10
4.4887795275590552
20
-4.9854330708661418
11
3.830118149606299
21
-4.9854330708661418
0
LINE
8
BLACK
6
CONTINUOUS
10
3.830118149606299
20
-4.9854330708661418
11
3.8292141732283462
21
-4.9852532677165353
0
LINE
8
BLACK
6
CONTINUOUS
10
3.8292141732283462
20
-4.9852532677165353
11
3.8279357480314959
21
-4.983974842519685
0
LINE
8
BLACK
6
CONTINUOUS
10
3.8279357480314959
20
-4.983974842519685
11
3.8277559448818899
21
-4.9830708661417322
0
LINE
8
BLACK
6
CONTINUOUS
10
3.8277559448818899
20
-4.9830708661417322
11
3.8277559055118111
21
-4.6834645669291337
0
LINE
8
BLACK
6
CONTINUOUS
10
3.8277559055118111
20
-4.6834645669291337
11
3.8279357086614172
21
-4.6825605905511809
0
LINE
8
BLACK
6
CONTINUOUS
10
3.8279357086614172
20
-4.6825605905511809
11
3.8292141338582675
21
-4.6812821653543306
0
LINE
8
BLACK
6
CONTINUOUS
10
3.8292141338582675
20
-4.6812821653543306
11
3.8310220866141731
21
-4.6812821653543306
0
LINE
8
BLACK
6
CONTINUOUS
10
3.8310220866141731
20
-4.6812821653543306
11
3.8323005118110234
21
-4.6825605905511809
0
LINE
8
BLACK
6
CONTINUOUS
10
3.8323005118110234
20
-4.6825605905511809
11
3.8324803149606299
21
-4.6834645669291337
0
LINE
8
BLACK
6
CONTINUOUS
10
3.8324803149606299
20
-4.6834645669291337
11
3.8324803543307087
21
-4.9807086614173226
0
LINE
8
BLACK
6
CONTINUOUS
10
3.8324803543307087
20
-4.9807086614173226
11
4.4864173228346456
21
-4.9807086614173226
0
LINE
8
BLACK
6
CONTINUOUS
10
4.4864173228346456
20
-4.9807086614173226
11
4.4864173228346456
21
-4.683464527559055
0
LINE
8
BLACK
6
CONTINUOUS
10
4.4864173228346456
20
-4.683464527559055
11
4.4865971259842521
21
-4.6825605511811021
0
LINE
8
BLACK
6
CONTINUOUS
10
4.4865971259842521
20
-4.6825605511811021
11
4.4878755511811024
21
-4.6812821259842519
0
LINE
8
BLACK
6
CONTINUOUS
10
4.4878755511811024
20
-4.6812821259842519
11
4.489683503937008
21
-4.6812821259842519
0
LINE
8
BLACK
6
CONTINUOUS
10
4.489683503937008
20
-4.6812821259842519
11
4.4909619291338583
21
-4.6825605511811021
0
LINE
8
BLACK
6
CONTINUOUS
10
3.0003253149606297
20
-4.9356128740157477
11
3.0016037401574804
21
-4.9368912992125979
0
LINE
8
BLACK
6
CONTINUOUS
10
3.0016037401574804
20
-4.9368912992125979
11
3.0017835433070865
21
-4.9377952755905508
0
LINE
8
BLACK
6
CONTINUOUS
10
3.0017835433070865
20
-4.9377952755905508
11
3.0017835433070865
21
-4.9771653543307082
0
LINE
8
BLACK
6
CONTINUOUS
10
3.0017835433070865
20
-4.9771653543307082
11
3.0016037401574804
21
-4.978069330708661
0
LINE
8
BLACK
6
CONTINUOUS
10
3.0016037401574804
20
-4.978069330708661
11
3.0003253149606297
21
-4.9793477559055113
0
LINE
8
BLACK
6
CONTINUOUS
10
3.0003253149606297
20
-4.9793477559055113
11
2.9985173622047245
21
-4.9793477559055113
0
LINE
8
BLACK
6
CONTINUOUS
10
2.9985173622047245
20
-4.9793477559055113
11
2.9972389370078738
21
-4.978069330708661
0
LINE
8
BLACK
6
CONTINUOUS
10
2.9972389370078738
20
-4.978069330708661
11
2.9970591338582677
21
-4.9771653543307082
0
LINE
8
BLACK
6
CONTINUOUS
10
2.9970591338582677
20
-4.9771653543307082
11
2.9970591338582677
21
-4.9401574803149604
0
LINE
8
BLACK
6
CONTINUOUS
10
2.9970591338582677
20
-4.9401574803149604
11
2.9418627165354332
21
-4.9401574803149604
0
LINE
8
BLACK
6
CONTINUOUS
10
2.9418627165354332
20
-4.9401574803149604
11
2.9417612204724408
21
-4.9406677559055119
0
LINE
8
BLACK
6
CONTINUOUS
10
2.9417612204724408
20
-4.9406677559055119
11
2.9404827952755905
21
-4.9419461811023622
0
LINE
8
BLACK
6
CONTINUOUS
10
2.9404827952755905
20
-4.9419461811023622
11
2.9386748425196849
21
-4.9419461811023622
0
LINE
8
BLACK
6
CONTINUOUS
10
2.9386748425196849
20
-4.9419461811023622
11
2.9373964173228346
21
-4.9406677559055119
0
LINE
8
BLACK
6
CONTINUOUS
10
2.9373964173228346
20
-4.9406677559055119
11
2.9372166141732281
21
-4.9397637795275591
0
LINE
8
BLACK
6
CONTINUOUS
10
2.9372166141732281
20
-4.9397637795275591
11
2.9372166141732281
21
-4.9377952755905508
0
LINE
8
BLACK
6
CONTINUOUS
10
2.9372166141732281
20
-4.9377952755905508
11
2.9373964173228346
21
-4.9368912992125979
0
LINE
8
BLACK
6
CONTINUOUS
10
2.9373964173228346
20
-4.9368912992125979
11
2.9386748425196849
21
-4.9356128740157477
0
LINE
8
BLACK
6
CONTINUOUS
10
2.9386748425196849
20
-4.9356128740157477
11
2.9395788188976377
21
-4.935433070866142
0
LINE
8
BLACK
6
CONTINUOUS
10
2.9395788188976377
20
-4.935433070866142
11
2.9994213385826769
21
-4.935433070866142
0
LINE
8
BLACK
6
CONTINUOUS
10
2.9994213385826769
20
-4.935433070866142
11
3.0003253149606297
21
-4.9356128740157477
0
LINE
8
BLACK
6
CONTINUOUS
10
3.6548409842519685
20
-3.9147467322834646
11
3.6561194094488187
21
-3.9160251574803149
0
LINE
8
BLACK
6
CONTINUOUS
10
3.6561194094488187
20
-3.9160251574803149
11
3.6562992125984253
21
-3.9169291338582677
0
LINE
8
BLACK
6
CONTINUOUS
10
3.6562992125984253
20
-3.9169291338582677
11
3.6562992125984253
21
-4.9255905118110235
0
LINE
8
BLACK
6
CONTINUOUS
10
3.6562992125984253
20
-4.9255905118110235
11
3.6561194094488187
21
-4.9264944881889763
0
LINE
8
BLACK
6
CONTINUOUS
10
3.6561194094488187
20
-4.9264944881889763
11
3.6548409842519685
21
-4.9277729133858266
0
LINE
8
BLACK
6
CONTINUOUS
10
3.6548409842519685
20
-4.9277729133858266
11
3.6539370078740157
21
-4.9279527165354331
0
LINE
8
BLACK
6
CONTINUOUS
10
3.6539370078740157
20
-4.9279527165354331
11
2.9682020472440942
21
-4.9279527165354331
0
LINE
8
BLACK
6
CONTINUOUS
10
2.9682020472440942
20
-4.9279527165354331
11
2.9680831496062989
21
-4.9281905905511811
0
LINE
8
BLACK
6
CONTINUOUS
10
2.9680831496062989
20
-4.9281905905511811
11
2.9672127952755907
21
-4.928945433070866
0
LINE
8
BLACK
6
CONTINUOUS
10
2.9672127952755907
20
-4.928945433070866
11
2.9661198031496063
21
-4.9293097637795276
0
LINE
8
BLACK
6
CONTINUOUS
10
2.9661198031496063
20
-4.9293097637795276
11
2.964970590551181
21
-4.9292281102362203
0
LINE
8
BLACK
6
CONTINUOUS
10
2.964970590551181
20
-4.9292281102362203
11
2.9644300000000001
21
-4.9290212204724408
0
LINE
8
BLACK
6
CONTINUOUS
10
2.9644300000000001
20
-4.9290212204724408
11
2.9622930314960629
21
-4.9279527165354331
0
LINE
8
BLACK
6
CONTINUOUS
10
2.9622930314960629
20
-4.9279527165354331
11
2.6452755905511811
21
-4.9279527559055119
0
LINE
8
BLACK
6
CONTINUOUS
10
2.6452755905511811
20
-4.9279527559055119
11
2.6443716141732283
21
-4.9277729527559053
0
LINE
8
BLACK
6
CONTINUOUS
10
2.6443716141732283
20
-4.9277729527559053
11
2.643093188976378
21
-4.926494527559055
0
LINE
8
BLACK
6
CONTINUOUS
10
2.643093188976378
20
-4.926494527559055
11
2.643093188976378
21
-4.9264944881889763
0
LINE
8
BLACK
6
CONTINUOUS
10
2.643093188976378
20
-4.9264944881889763
11
2.6429133858267715
21
-4.9255905511811022
0
LINE
8
BLACK
6
CONTINUOUS
10
2.6429133858267715
20
-4.9255905511811022
11
2.6429133858267715
21
-3.9169291338582677
0
LINE
8
BLACK
6
CONTINUOUS
10
2.6429133858267715
20
-3.9169291338582677
11
2.643093188976378
21
-3.9160251574803149
0
LINE
8
BLACK
6
CONTINUOUS
10
2.643093188976378
20
-3.9160251574803149
11
2.6443716141732283
21
-3.9147467322834646
0
LINE
8
BLACK
6
CONTINUOUS
10
2.6443716141732283
20
-3.9147467322834646
11
2.6452755905511811
21
-3.9145669291338581
0
LINE
8
BLACK
6
CONTINUOUS
10
2.6452755905511811
20
-3.9145669291338581
11
3.6539370078740157
21
-3.9145669291338581
0
LINE
8
BLACK
6
CONTINUOUS
10
3.6539370078740157
20
-3.9145669291338581
11
3.6548409842519685
21
-3.9147467322834646
0
LINE
8
BLACK
6
CONTINUOUS
10
2.6476377952755903
20
-3.9192913385826769
11
2.6476377952755903
21
-4.9232283070866139
0
LINE
8
BLACK
6
CONTINUOUS
10
2.6476377952755903
20
-4.9232283070866139
11
2.9416546062992124
21
-4.9232283070866139
0
LINE
8
BLACK
6
CONTINUOUS
10
2.9416546062992124
20
-4.9232283070866139
11
2.9416128740157479
21
-4.9232110629921255
0
LINE
8
BLACK
6
CONTINUOUS
10
2.9416128740157479
20
-4.9232110629921255
11
2.9415316929133857
21
-4.9231444488188973
0
LINE
8
BLACK
6
CONTINUOUS
10
2.9415316929133857
20
-4.9231444488188973
11
2.9414429527559056
21
-4.9230885826771651
0
LINE
8
BLACK
6
CONTINUOUS
10
2.9414429527559056
20
-4.9230885826771651
11
2.9413918110236219
21
-4.923029645669291
0
LINE
8
BLACK
6
CONTINUOUS
10
2.9413918110236219
20
-4.923029645669291
11
2.9411654330708661
21
-4.922843818897638
0
LINE
8
BLACK
6
CONTINUOUS
10
2.9411654330708661
20
-4.922843818897638
11
2.937415905511811
21
-4.9190942519685041
0
LINE
8
BLACK
6
CONTINUOUS
10
2.937415905511811
20
-4.9190942519685041
11
2.9370486614173226
21
-4.9186467716535436
0
LINE
8
BLACK
6
CONTINUOUS
10
2.9370486614173226
20
-4.9186467716535436
11
2.9369646456692911
21
-4.9184439370078739
0
LINE
8
BLACK
6
CONTINUOUS
10
2.9369646456692911
20
-4.9184439370078739
11
2.9368339763779527
21
-4.9182675984251967
0
LINE
8
BLACK
6
CONTINUOUS
10
2.9368339763779527
20
-4.9182675984251967
11
2.9366392125984251
21
-4.9177224803149606
0
LINE
8
BLACK
6
CONTINUOUS
10
2.9366392125984251
20
-4.9177224803149606
11
2.9347644488188975
21
-4.9102234251968504
0
LINE
8
BLACK
6
CONTINUOUS
10
2.9347644488188975
20
-4.9102234251968504
11
2.9347496456692914
21
-4.9101235433070869
0
LINE
8
BLACK
6
CONTINUOUS
10
2.9347496456692914
20
-4.9101235433070869
11
2.9347330314960631
21
-4.9100833464566929
0
LINE
8
BLACK
6
CONTINUOUS
10
2.9347330314960631
20
-4.9100833464566929
11
2.9347116535433071
21
-4.9098662992125979
0
LINE
8
BLACK
6
CONTINUOUS
10
2.9347116535433071
20
-4.9098662992125979
11
2.9346798031496064
21
-4.9096508267716539
0
LINE
8
BLACK
6
CONTINUOUS
10
2.9346798031496064
20
-4.9096508267716539
11
2.9346861811023621
21
-4.9096077952755905
0
LINE
8
BLACK
6
CONTINUOUS
10
2.9346861811023621
20
-4.9096077952755905
11
2.9346762992125983
21
-4.909507283464567
0
LINE
8
BLACK
6
CONTINUOUS
10
2.9346762992125983
20
-4.909507283464567
11
2.9346762992125983
21
-4.8963839370078741
0
LINE
8
BLACK
6
CONTINUOUS
10
2.9346762992125983
20
-4.8963839370078741
11
2.9346861811023621
21
-4.8962833858267718
0
LINE
8
BLACK
6
CONTINUOUS
10
2.9346861811023621
20
-4.8962833858267718
11
2.9346798031496064
21
-4.8962403937007872
0
LINE
8
BLACK
6
CONTINUOUS
10
2.9346798031496064
20
-4.8962403937007872
11
2.9347116535433071
21
-4.8960248818897636
0
LINE
8
BLACK
6
CONTINUOUS
10
2.9347116535433071
20
-4.8960248818897636
11
2.9347330314960631
21
-4.8958078740157482
0
LINE
8
BLACK
6
CONTINUOUS
10
2.9347330314960631
20
-4.8958078740157482
11
2.9347496456692914
21
-4.8957676377952755
0
LINE
8
BLACK
6
CONTINUOUS
10
2.9347496456692914
20
-4.8957676377952755
11
2.9347644488188975
21
-4.8956677952755907
0
LINE
8
BLACK
6
CONTINUOUS
10
2.9347644488188975
20
-4.8956677952755907
11
2.9366392125984251
21
-4.8881687401574805
0
LINE
8
BLACK
6
CONTINUOUS
10
2.9366392125984251
20
-4.8881687401574805
11
2.9368339763779527
21
-4.8876236220472435
0
LINE
8
BLACK
6
CONTINUOUS
10
2.9368339763779527
20
-4.8876236220472435
11
2.9369646850393698
21
-4.887447165354331
0
LINE
8
BLACK
6
CONTINUOUS
10
2.9369646850393698
20
-4.887447165354331
11
2.9370487007874013
21
-4.8872444094488188
0
LINE
8
BLACK
6
CONTINUOUS
10
2.9370487007874013
20
-4.8872444094488188
11
2.937415905511811
21
-4.886796968503937
0
LINE
8
BLACK
6
CONTINUOUS
10
2.937415905511811
20
-4.886796968503937
11
2.9411654330708661
21
-4.8830474409448819
0
LINE
8
BLACK
6
CONTINUOUS
10
2.9411654330708661
20
-4.8830474409448819
11
2.9413918110236219
21
-4.8828615748031492
0
LINE
8
BLACK
6
CONTINUOUS
10
2.9413918110236219
20
-4.8828615748031492
11
2.9414429527559056
21
-4.8828026771653539
0
LINE
8
BLACK
6
CONTINUOUS
10
2.9414429527559056
20
-4.8828026771653539
11
2.9415316929133857
21
-4.8827467716535429
0
LINE
8
BLACK
6
CONTINUOUS
10
2.9415316929133857
20
-4.8827467716535429
11
2.9416128740157479
21
-4.8826801968503935
0
LINE
8
BLACK
6
CONTINUOUS
10
2.9416128740157479
20
-4.8826801968503935
11
2.9416850000000001
21
-4.88265031496063
0
LINE
8
BLACK
6
CONTINUOUS
10
2.9416850000000001
20
-4.88265031496063
11
2.941932834645669
21
-4.8824943307086617
0
LINE
8
BLACK
6
CONTINUOUS
10
2.941932834645669
20
-4.8824943307086617
11
2.9456823622047241
21
-4.8806195669291341
0
LINE
8
BLACK
6
CONTINUOUS
10
2.9456823622047241
20
-4.8806195669291341
11
2.9462229527559054
21
-4.8804126771653547
0
LINE
8
BLACK
6
CONTINUOUS
10
2.9462229527559054
20
-4.8804126771653547
11
2.9463288188976375
21
-4.8804051181102359
0
LINE
8
BLACK
6
CONTINUOUS
10
2.9463288188976375
20
-4.8804051181102359
11
2.9464268110236218
21
-4.880364566929134
0
LINE
8
BLACK
6
CONTINUOUS
10
2.9464268110236218
20
-4.880364566929134
11
2.9470028740157481
21
-4.8803078346456692
0
LINE
8
BLACK
6
CONTINUOUS
10
2.9470028740157481
20
-4.8803078346456692
11
2.9545019291338583
21
-4.8803078346456692
0
LINE
8
BLACK
6
CONTINUOUS
10
2.9545019291338583
20
-4.8803078346456692
11
2.9550779921259842
21
-4.880364566929134
0
LINE
8
BLACK
6
CONTINUOUS
10
2.9550779921259842
20
-4.880364566929134
11
2.9551759842519685
21
-4.8804051574803147
0
LINE
8
BLACK
6
CONTINUOUS
10
2.9551759842519685
20
-4.8804051574803147
11
2.9552818110236219
21
-4.8804126771653547
0
LINE
8
BLACK
6
CONTINUOUS
10
2.9552818110236219
20
-4.8804126771653547
11
2.9558224409448819
21
-4.8806195669291341
0
LINE
8
BLACK
6
CONTINUOUS
10
2.9558224409448819
20
-4.8806195669291341
11
2.959571968503937
21
-4.8824943307086617
0
LINE
8
BLACK
6
CONTINUOUS
10
2.959571968503937
20
-4.8824943307086617
11
2.9598199606299214
21
-4.8826503937007875
0
LINE
8
BLACK
6
CONTINUOUS
10
2.9598199606299214
20
-4.8826503937007875
11
2.9598919291338581
21
-4.8826802362204722
0
LINE
8
BLACK
6
CONTINUOUS
10
2.9598919291338581
20
-4.8826802362204722
11
2.9599728740157478
21
-4.8827466929133854
0
LINE
8
BLACK
6
CONTINUOUS
10
2.9599728740157478
20
-4.8827466929133854
11
2.9600618503937008
21
-4.8828026771653539
0
LINE
8
BLACK
6
CONTINUOUS
10
2.9600618503937008
20
-4.8828026771653539
11
2.9601129921259841
21
-4.8828616535433067
0
LINE
8
BLACK
6
CONTINUOUS
10
2.9601129921259841
20
-4.8828616535433067
11
2.9603393700787399
21
-4.8830474409448819
0
LINE
8
BLACK
6
CONTINUOUS
10
2.9603393700787399
20
-4.8830474409448819
11
2.964088897637795
21
-4.886796968503937
0
LINE
8
BLACK
6
CONTINUOUS
10
2.964088897637795
20
-4.886796968503937
11
2.9644561417322834
21
-4.8872444094488188
0
LINE
8
BLACK
6
CONTINUOUS
10
2.9644561417322834
20
-4.8872444094488188
11
2.964540157480315
21
-4.8874472834645672
0
LINE
8
BLACK
6
CONTINUOUS
10
2.964540157480315
20
-4.8874472834645672
11
2.9646708267716533
21
-4.8876236220472435
0
LINE
8
BLACK
6
CONTINUOUS
10
2.9646708267716533
20
-4.8876236220472435
11
2.9648655905511809
21
-4.8881687401574805
0
LINE
8
BLACK
6
CONTINUOUS
10
2.9648655905511809
20
-4.8881687401574805
11
2.9667403543307085
21
-4.8956677952755907
0
LINE
8
BLACK
6
CONTINUOUS
10
2.9667403543307085
20
-4.8956677952755907
11
2.9667551181102363
21
-4.8957676377952755
0
LINE
8
BLACK
6
CONTINUOUS
10
2.9667551181102363
20
-4.8957676377952755
11
2.9667717716535433
21
-4.8958078740157482
0
LINE
8
BLACK
6
CONTINUOUS
10
2.9667717716535433
20
-4.8958078740157482
11
2.9667931102362206
21
-4.8960248818897636
0
LINE
8
BLACK
6
CONTINUOUS
10
2.9667931102362206
20
-4.8960248818897636
11
2.966825
21
-4.8962403937007872
0
LINE
8
BLACK
6
CONTINUOUS
10
2.966825
20
-4.8962403937007872
11
2.9668185826771651
21
-4.8962833858267718
0
LINE
8
BLACK
6
CONTINUOUS
10
2.9668185826771651
20
-4.8962833858267718
11
2.9668285039370077
21
-4.8963839370078741
0
LINE
8
BLACK
6
CONTINUOUS
10
2.9668285039370077
20
-4.8963839370078741
11
2.9668285039370077
21
-4.909507283464567
0
LINE
8
BLACK
6
CONTINUOUS
10
2.9668285039370077
20
-4.909507283464567
11
2.9668185826771651
21
-4.9096077952755905
0
LINE
8
BLACK
6
CONTINUOUS
10
2.9668185826771651
20
-4.9096077952755905
11
2.966825
21
-4.9096508267716539
0
LINE
8
BLACK
6
CONTINUOUS
10
2.966825
20
-4.9096508267716539
11
2.9667931102362206
21
-4.9098662992125979
0
LINE
8
BLACK
6
CONTINUOUS
10
2.9667931102362206
20
-4.9098662992125979
11
2.9667717716535433
21
-4.9100833464566929
0
LINE
8
BLACK
6
CONTINUOUS
10
2.9667717716535433
20
-4.9100833464566929
11
2.9667551181102363
21
-4.9101235433070869
0
LINE
8
BLACK
6
CONTINUOUS
10
2.9667551181102363
20
-4.9101235433070869
11
2.9667403543307085
21
-4.9102234251968504
0
LINE
8
BLACK
6
CONTINUOUS
10
2.9667403543307085
20
-4.9102234251968504
11
2.9648655905511809
21
-4.9177224803149606
0
LINE
8
BLACK
6
CONTINUOUS
10
2.9648655905511809
20
-4.9177224803149606
11
2.9646708267716533
21
-4.9182675984251967
0
LINE
8
BLACK
6
CONTINUOUS
10
2.9646708267716533
20
-4.9182675984251967
11
2.9645401181102362
21
-4.9184439370078739
0
LINE
8
BLACK
6
CONTINUOUS
10
2.9645401181102362
20
-4.9184439370078739
11
2.9644561417322834
21
-4.9186467716535436
0
LINE
8
BLACK
6
CONTINUOUS
10
2.9644561417322834
20
-4.9186467716535436
11
2.9640889370078738
21
-4.9190942125984254
0
LINE
8
BLACK
6
CONTINUOUS
10
2.9640889370078738
20
-4.9190942125984254
11
2.9624272440944881
21
-4.9207558661417323
0
LINE
8
BLACK
6
CONTINUOUS
10
2.9624272440944881
20
-4.9207558661417323
11
2.9637500787401576
21
-4.9220787007874014
0
LINE
8
BLACK
6
CONTINUOUS
10
2.9637500787401576
20
-4.9220787007874014
11
2.9660493307086613
21
-4.9232283070866139
0
LINE
8
BLACK
6
CONTINUOUS
10
2.9660493307086613
20
-4.9232283070866139
11
2.9741120472440943
21
-4.9232283070866139
0
LINE
8
BLACK
6
CONTINUOUS
10
2.9741120472440943
20
-4.9232283070866139
11
2.9741031102362205
21
-4.9232067322834645
0
LINE
8
BLACK
6
CONTINUOUS
10
2.9741031102362205
20
-4.9232067322834645
11
2.9741031102362205
21
-4.9220546062992128
0
LINE
8
BLACK
6
CONTINUOUS
10
2.9741031102362205
20
-4.9220546062992128
11
2.9745440157480316
21
-4.9209901968503935
0
LINE
8
BLACK
6
CONTINUOUS
10
2.9745440157480316
20
-4.9209901968503935
11
2.9749112204724408
21
-4.9205427559055117
0
LINE
8
BLACK
6
CONTINUOUS
10
2.9749112204724408
20
-4.9205427559055117
11
2.996915472440945
21
-4.8985384251968505
0
LINE
8
BLACK
6
CONTINUOUS
10
2.996915472440945
20
-4.8985384251968505
11
2.9984183070866139
21
-4.8940300393700786
0
LINE
8
BLACK
6
CONTINUOUS
10
2.9984183070866139
20
-4.8940300393700786
11
2.9984183070866139
21
-4.891456692913386
0
LINE
8
BLACK
6
CONTINUOUS
10
2.9984183070866139
20
-4.891456692913386
11
2.9970695669291336
21
-4.8887592125984254
0
LINE
8
BLACK
6
CONTINUOUS
10
2.9970695669291336
20
-4.8887592125984254
11
2.9958724409448818
21
-4.8875620866141727
0
LINE
8
BLACK
6
CONTINUOUS
10
2.9958724409448818
20
-4.8875620866141727
11
2.9931749606299212
21
-4.8862133464566924
0
LINE
8
BLACK
6
CONTINUOUS
10
2.9931749606299212
20
-4.8862133464566924
11
2.9851952362204726
21
-4.8862133464566924
0
LINE
8
BLACK
6
CONTINUOUS
10
2.9851952362204726
20
-4.8862133464566924
11
2.9824977559055119
21
-4.8875620866141727
0
LINE
8
BLACK
6
CONTINUOUS
10
2.9824977559055119
20
-4.8875620866141727
11
2.9809618110236218
21
-4.8890980314960633
0
LINE
8
BLACK
6
CONTINUOUS
10
2.9809618110236218
20
-4.8890980314960633
11
2.98051437007874
21
-4.889465236220472
0
LINE
8
BLACK
6
CONTINUOUS
10
2.98051437007874
20
-4.889465236220472
11
2.9794499212598424
21
-4.8899061417322836
0
LINE
8
BLACK
6
CONTINUOUS
10
2.9794499212598424
20
-4.8899061417322836
11
2.9782978740157477
21
-4.8899061417322836
0
LINE
8
BLACK
6
CONTINUOUS
10
2.9782978740157477
20
-4.8899061417322836
11
2.9772334251968502
21
-4.889465236220472
0
LINE
8
BLACK
6
CONTINUOUS
10
2.9772334251968502
20
-4.889465236220472
11
2.9764187795275592
21
-4.8886505905511806
0
LINE
8
BLACK
6
CONTINUOUS
10
2.9764187795275592
20
-4.8886505905511806
11
2.9759778740157481
21
-4.8875861417322835
0
LINE
8
BLACK
6
CONTINUOUS
10
2.9759778740157481
20
-4.8875861417322835
11
2.9759778740157481
21
-4.8864340944881892
0
LINE
8
BLACK
6
CONTINUOUS
10
2.9759778740157481
20
-4.8864340944881892
11
2.9764187795275592
21
-4.8853696456692912
0
LINE
8
BLACK
6
CONTINUOUS
10
2.9764187795275592
20
-4.8853696456692912
11
2.9767859842519684
21
-4.8849222047244094
0
LINE
8
BLACK
6
CONTINUOUS
10
2.9767859842519684
20
-4.8849222047244094
11
2.9786607480314959
21
-4.8830474409448819
0
LINE
8
BLACK
6
CONTINUOUS
10
2.9786607480314959
20
-4.8830474409448819
11
2.978887086614173
21
-4.8828616535433067
0
LINE
8
BLACK
6
CONTINUOUS
10
2.978887086614173
20
-4.8828616535433067
11
2.9789382677165355
21
-4.8828026771653539
0
LINE
8
BLACK
6
CONTINUOUS
10
2.9789382677165355
20
-4.8828026771653539
11
2.9790272047244093
21
-4.8827466929133854
0
LINE
8
BLACK
6
CONTINUOUS
10
2.9790272047244093
20
-4.8827466929133854
11
2.9791081889763777
21
-4.8826802362204722
0
LINE
8
BLACK
6
CONTINUOUS
10
2.9791081889763777
20
-4.8826802362204722
11
2.9791801181102362
21
-4.8826503937007875
0
LINE
8
BLACK
6
CONTINUOUS
10
2.9791801181102362
20
-4.8826503937007875
11
2.9794281496062993
21
-4.8824943307086617
0
LINE
8
BLACK
6
CONTINUOUS
10
2.9794281496062993
20
-4.8824943307086617
11
2.9831776771653544
21
-4.8806195669291341
0
LINE
8
BLACK
6
CONTINUOUS
10
2.9831776771653544
20
-4.8806195669291341
11
2.9837182677165353
21
-4.8804126771653547
0
LINE
8
BLACK
6
CONTINUOUS
10
2.9837182677165353
20
-4.8804126771653547
11
2.9838241338582678
21
-4.8804051181102359
0
LINE
8
BLACK
6
CONTINUOUS
10
2.9838241338582678
20
-4.8804051181102359
11
2.9839221259842521
21
-4.880364566929134
0
LINE
8
BLACK
6
CONTINUOUS
10
2.9839221259842521
20
-4.880364566929134
11
2.984498188976378
21
-4.8803078346456692
0
LINE
8
BLACK
6
CONTINUOUS
10
2.984498188976378
20
-4.8803078346456692
11
2.9938720078740158
21
-4.8803078346456692
0
LINE
8
BLACK
6
CONTINUOUS
10
2.9938720078740158
20
-4.8803078346456692
11
2.9944480708661416
21
-4.880364566929134
0
LINE
8
BLACK
6
CONTINUOUS
10
2.9944480708661416
20
-4.880364566929134
11
2.9945460629921259
21
-4.8804051574803147
0
LINE
8
BLACK
6
CONTINUOUS
10
2.9945460629921259
20
-4.8804051574803147
11
2.9946518897637793
21
-4.8804126771653547
0
LINE
8
BLACK
6
CONTINUOUS
10
2.9946518897637793
20
-4.8804126771653547
11
2.9951925196850393
21
-4.8806195669291341
0
LINE
8
BLACK
6
CONTINUOUS
10
2.9951925196850393
20
-4.8806195669291341
11
2.9989420472440944
21
-4.8824943307086617
0
LINE
8
BLACK
6
CONTINUOUS
10
2.9989420472440944
20
-4.8824943307086617
11
2.9991900393700788
21
-4.8826503937007875
0
LINE
8
BLACK
6
CONTINUOUS
10
2.9991900393700788
20
-4.8826503937007875
11
2.9992620078740155
21
-4.8826802362204722
0
LINE
8
BLACK
6
CONTINUOUS
10
2.9992620078740155
20
-4.8826802362204722
11
2.9993429527559052
21
-4.8827466929133854
0
LINE
8
BLACK
6
CONTINUOUS
10
2.9993429527559052
20
-4.8827466929133854
11
2.9994319291338583
21
-4.8828026771653539
0
LINE
8
BLACK
6
CONTINUOUS
10
2.9994319291338583
20
-4.8828026771653539
11
2.9994830708661415
21
-4.8828616535433067
0
LINE
8
BLACK
6
CONTINUOUS
10
2.9994830708661415
20
-4.8828616535433067
11
2.9997094488188978
21
-4.8830474409448819
0
LINE
8
BLACK
6
CONTINUOUS
10
2.9997094488188978
20
-4.8830474409448819
11
3.0015842125984253
21
-4.8849222047244094
0
LINE
8
BLACK
6
CONTINUOUS
10
3.0015842125984253
20
-4.8849222047244094
11
3.0017699606299213
21
-4.8851485433070865
0
LINE
8
BLACK
6
CONTINUOUS
10
3.0017699606299213
20
-4.8851485433070865
11
3.0018289763779529
21
-4.8851997244094489
0
LINE
8
BLACK
6
CONTINUOUS
10
3.0018289763779529
20
-4.8851997244094489
11
3.0018849212598426
21
-4.8852886614173228
0
LINE
8
BLACK
6
CONTINUOUS
10
3.0018849212598426
20
-4.8852886614173228
11
3.0019514173228345
21
-4.8853696456692912
0
LINE
8
BLACK
6
CONTINUOUS
10
3.0019514173228345
20
-4.8853696456692912
11
3.001981220472441
21
-4.8854415748031492
0
LINE
8
BLACK
6
CONTINUOUS
10
3.001981220472441
20
-4.8854415748031492
11
3.0021373228346455
21
-4.8856896062992128
0
LINE
8
BLACK
6
CONTINUOUS
10
3.0021373228346455
20
-4.8856896062992128
11
3.0040120866141731
21
-4.8894391338582679
0
LINE
8
BLACK
6
CONTINUOUS
10
3.0040120866141731
20
-4.8894391338582679
11
3.0042189763779525
21
-4.8899797244094483
0
LINE
8
BLACK
6
CONTINUOUS
10
3.0042189763779525
20
-4.8899797244094483
11
3.0042264960629921
21
-4.8900855905511813
0
LINE
8
BLACK
6
CONTINUOUS
10
3.0042264960629921
20
-4.8900855905511813
11
3.0042670866141732
21
-4.8901835826771656
0
LINE
8
BLACK
6
CONTINUOUS
10
3.0042670866141732
20
-4.8901835826771656
11
3.0043238188976376
21
-4.8907596456692914
0
LINE
8
BLACK
6
CONTINUOUS
10
3.0043238188976376
20
-4.8907596456692914
11
3.0043238188976376
21
-4.8945091732283466
0
LINE
8
BLACK
6
CONTINUOUS
10
3.0043238188976376
20
-4.8945091732283466
11
3.0042950787401574
21
-4.8948007480314963
0
LINE
8
BLACK
6
CONTINUOUS
10
3.0042950787401574
20
-4.8948007480314963
11
3.0043006299212598
21
-4.894878503937008
0
LINE
8
BLACK
6
CONTINUOUS
10
3.0043006299212598
20
-4.894878503937008
11
3.0042773622047245
21
-4.8949807480314957
0
LINE
8
BLACK
6
CONTINUOUS
10
3.0042773622047245
20
-4.8949807480314957
11
3.0042670866141732
21
-4.8950852362204724
0
LINE
8
BLACK
6
CONTINUOUS
10
3.0042670866141732
20
-4.8950852362204724
11
3.0042372047244092
21
-4.8951572834645667
0
LINE
8
BLACK
6
CONTINUOUS
10
3.0042372047244092
20
-4.8951572834645667
11
3.004172283464567
21
-4.8954429527559054
0
LINE
8
BLACK
6
CONTINUOUS
10
3.004172283464567
20
-4.8954429527559054
11
3.0022975196850394
21
-4.9010672047244093
0
LINE
8
BLACK
6
CONTINUOUS
10
3.0022975196850394
20
-4.9010672047244093
11
3.0020615354330706
21
-4.9015957874015745
0
LINE
8
BLACK
6
CONTINUOUS
10
3.0020615354330706
20
-4.9015957874015745
11
3.0019920472440944
21
-4.9016758661417326
0
LINE
8
BLACK
6
CONTINUOUS
10
3.0019920472440944
20
-4.9016758661417326
11
3.0019514566929133
21
-4.9017739370078743
0
LINE
8
BLACK
6
CONTINUOUS
10
3.0019514566929133
20
-4.9017739370078743
11
3.0015842125984253
21
-4.9022213779527561
0
LINE
8
BLACK
6
CONTINUOUS
10
3.0015842125984253
20
-4.9022213779527561
11
2.9841277165354332
21
-4.9196779133858266
0
LINE
8
BLACK
6
CONTINUOUS
10
2.9841277165354332
20
-4.9196779133858266
11
3.001371062992126
21
-4.9196779133858266
0
LINE
8
BLACK
6
CONTINUOUS
10
3.001371062992126
20
-4.9196779133858266
11
3.0019471259842518
21
-4.9197346456692914
0
LINE
8
BLACK
6
CONTINUOUS
10
3.0019471259842518
20
-4.9197346456692914
11
3.0030115354330706
21
-4.9201755511811021
0
LINE
8
BLACK
6
CONTINUOUS
10
3.0030115354330706
20
-4.9201755511811021
11
3.0038261811023621
21
-4.9209901968503935
0
LINE
8
BLACK
6
CONTINUOUS
10
3.0038261811023621
20
-4.9209901968503935
11
3.0042670866141732
21
-4.9220546062992128
0
LINE
8
BLACK
6
CONTINUOUS
10
3.0042670866141732
20
-4.9220546062992128
11
3.0042670866141732
21
-4.9232067322834645
0
LINE
8
BLACK
6
CONTINUOUS
10
3.0042670866141732
20
-4.9232067322834645
11
3.0042581102362202
21
-4.9232283070866139
0
LINE
8
BLACK
6
CONTINUOUS
10
3.0042581102362202
20
-4.9232283070866139
11
3.651574803149606
21
-4.9232283070866139
0
LINE
8
BLACK
6
CONTINUOUS
10
3.651574803149606
20
-4.9232283070866139
11
3.651574803149606
21
-3.9192913385826769
0
LINE
8
BLACK
6
CONTINUOUS
10
3.651574803149606
20
-3.9192913385826769
11
2.6476377952755903
21
-3.9192913385826769
0
LINE
8
BLACK
6
CONTINUOUS
10
2.9450024409448816
20
-4.8875620866141727
11
2.9421700393700787
21
-4.8903944488188973
0
LINE
8
BLACK
6
CONTINUOUS
10
2.9421700393700787
20
-4.8903944488188973
11
2.9405818110236219
21
-4.8967474803149607
0
LINE
8
BLACK
6
CONTINUOUS
10
2.9405818110236219
20
-4.8967474803149607
11
2.9405818110236219
21
-4.9091437401574805
0
LINE
8
BLACK
6
CONTINUOUS
10
2.9405818110236219
20
-4.9091437401574805
11
2.9421700393700787
21
-4.9154967322834642
0
LINE
8
BLACK
6
CONTINUOUS
10
2.9421700393700787
20
-4.9154967322834642
11
2.9450024409448816
21
-4.9183291732283463
0
LINE
8
BLACK
6
CONTINUOUS
10
2.9450024409448816
20
-4.9183291732283463
11
2.9476999212598423
21
-4.9196779133858266
0
LINE
8
BLACK
6
CONTINUOUS
10
2.9476999212598423
20
-4.9196779133858266
11
2.9529976771653543
21
-4.9196779133858266
0
LINE
8
BLACK
6
CONTINUOUS
10
2.9529976771653543
20
-4.9196779133858266
11
2.950878031496063
21
-4.9175582677165357
0
LINE
8
BLACK
6
CONTINUOUS
10
2.950878031496063
20
-4.9175582677165357
11
2.9481805905511811
21
-4.9162095669291341
0
LINE
8
BLACK
6
CONTINUOUS
10
2.9481805905511811
20
-4.9162095669291341
11
2.9451281102362206
21
-4.9162095669291341
0
LINE
8
BLACK
6
CONTINUOUS
10
2.9451281102362206
20
-4.9162095669291341
11
2.9445520472440943
21
-4.9161528346456693
0
LINE
8
BLACK
6
CONTINUOUS
10
2.9445520472440943
20
-4.9161528346456693
11
2.9434876377952754
21
-4.9157119291338578
0
LINE
8
BLACK
6
CONTINUOUS
10
2.9434876377952754
20
-4.9157119291338578
11
2.942672992125984
21
-4.9148972834645672
0
LINE
8
BLACK
6
CONTINUOUS
10
2.942672992125984
20
-4.9148972834645672
11
2.9422320866141733
21
-4.913832874015748
0
LINE
8
BLACK
6
CONTINUOUS
10
2.9422320866141733
20
-4.913832874015748
11
2.9422320866141733
21
-4.9126807480314962
0
LINE
8
BLACK
6
CONTINUOUS
10
2.9422320866141733
20
-4.9126807480314962
11
2.942672992125984
21
-4.911616338582677
0
LINE
8
BLACK
6
CONTINUOUS
10
2.942672992125984
20
-4.911616338582677
11
2.9434876377952754
21
-4.9108016929133855
0
LINE
8
BLACK
6
CONTINUOUS
10
2.9434876377952754
20
-4.9108016929133855
11
2.9445520472440943
21
-4.9103607874015749
0
LINE
8
BLACK
6
CONTINUOUS
10
2.9445520472440943
20
-4.9103607874015749
11
2.9451281102362206
21
-4.9103040551181101
0
LINE
8
BLACK
6
CONTINUOUS
10
2.9451281102362206
20
-4.9103040551181101
11
2.9488776377952757
21
-4.9103040551181101
0
LINE
8
BLACK
6
CONTINUOUS
10
2.9488776377952757
20
-4.9103040551181101
11
2.9494537007874015
21
-4.9103607874015749
0
LINE
8
BLACK
6
CONTINUOUS
10
2.9494537007874015
20
-4.9103607874015749
11
2.9495516929133858
21
-4.9104013779527556
0
LINE
8
BLACK
6
CONTINUOUS
10
2.9495516929133858
20
-4.9104013779527556
11
2.9496575196850392
21
-4.9104088976377955
0
LINE
8
BLACK
6
CONTINUOUS
10
2.9496575196850392
20
-4.9104088976377955
11
2.9501981496062992
21
-4.910615787401575
0
LINE
8
BLACK
6
CONTINUOUS
10
2.9501981496062992
20
-4.910615787401575
11
2.9539476771653543
21
-4.9124905511811026
0
LINE
8
BLACK
6
CONTINUOUS
10
2.9539476771653543
20
-4.9124905511811026
11
2.9541956692913387
21
-4.9126466141732283
0
LINE
8
BLACK
6
CONTINUOUS
10
2.9541956692913387
20
-4.9126466141732283
11
2.9542676377952755
21
-4.9126764566929131
0
LINE
8
BLACK
6
CONTINUOUS
10
2.9542676377952755
20
-4.9126764566929131
11
2.9543485826771652
21
-4.9127429133858262
0
LINE
8
BLACK
6
CONTINUOUS
10
2.9543485826771652
20
-4.9127429133858262
11
2.9544375590551182
21
-4.9127988976377948
0
LINE
8
BLACK
6
CONTINUOUS
10
2.9544375590551182
20
-4.9127988976377948
11
2.9544887007874014
21
-4.9128578740157476
0
LINE
8
BLACK
6
CONTINUOUS
10
2.9544887007874014
20
-4.9128578740157476
11
2.9547150787401573
21
-4.9130436614173227
0
LINE
8
BLACK
6
CONTINUOUS
10
2.9547150787401573
20
-4.9130436614173227
11
2.9582514173228347
21
-4.9165800393700785
0
LINE
8
BLACK
6
CONTINUOUS
10
2.9582514173228347
20
-4.9165800393700785
11
2.9593347244094486
21
-4.9154967322834642
0
LINE
8
BLACK
6
CONTINUOUS
10
2.9593347244094486
20
-4.9154967322834642
11
2.9609229921259841
21
-4.9091437401574805
0
LINE
8
BLACK
6
CONTINUOUS
10
2.9609229921259841
20
-4.9091437401574805
11
2.9609229921259841
21
-4.8967474803149607
0
LINE
8
BLACK
6
CONTINUOUS
10
2.9609229921259841
20
-4.8967474803149607
11
2.9593347244094486
21
-4.8903944488188973
0
LINE
8
BLACK
6
CONTINUOUS
10
2.9593347244094486
20
-4.8903944488188973
11
2.9565023622047244
21
-4.8875620866141727
0
LINE
8
BLACK
6
CONTINUOUS
10
2.9565023622047244
20
-4.8875620866141727
11
2.9538048818897638
21
-4.8862133464566924
0
LINE
8
BLACK
6
CONTINUOUS
10
2.9538048818897638
20
-4.8862133464566924
11
2.9476999212598423
21
-4.8862133464566924
0
LINE
8
BLACK
6
CONTINUOUS
10
2.9476999212598423
20
-4.8862133464566924
11
2.9450024409448816
21
-4.8875620866141727
0
LINE
8
BLACK
6
CONTINUOUS
10
4.5170457086614171
20
-4.6694711417322834
11
4.5183241338582674
21
-4.6707495669291337
0
LINE
8
BLACK
6
CONTINUOUS
10
4.5183241338582674
20
-4.6707495669291337
11
4.5185039370078739
21
-4.6716535433070865
0
LINE
8
BLACK
6
CONTINUOUS
10
4.5185039370078739
20
-4.6716535433070865
11
4.5185039370078739
21
-4.7110236220472439
0
LINE
8
BLACK
6
CONTINUOUS
10
4.5185039370078739
20
-4.7110236220472439
11
4.5183241338582674
21
-4.7119275984251967
0
LINE
8
BLACK
6
CONTINUOUS
10
4.5183241338582674
20
-4.7119275984251967
11
4.5170457086614171
21
-4.713206023622047
0
LINE
8
BLACK
6
CONTINUOUS
10
4.5170457086614171
20
-4.713206023622047
11
4.5152377559055115
21
-4.713206023622047
0
LINE
8
BLACK
6
CONTINUOUS
10
4.5152377559055115
20
-4.713206023622047
11
4.5144714173228344
21
-4.7126939763779525
0
LINE
8
BLACK
6
CONTINUOUS
10
4.5144714173228344
20
-4.7126939763779525
11
4.4947863779527557
21
-4.6930088976377951
0
LINE
8
BLACK
6
CONTINUOUS
10
4.4947863779527557
20
-4.6930088976377951
11
4.4942742913385825
21
-4.692242559055118
0
LINE
8
BLACK
6
CONTINUOUS
10
4.4942742913385825
20
-4.692242559055118
11
4.4942742913385825
21
-4.6904346062992124
0
LINE
8
BLACK
6
CONTINUOUS
10
4.4942742913385825
20
-4.6904346062992124
11
4.4947863779527557
21
-4.6896682677165353
0
LINE
8
BLACK
6
CONTINUOUS
10
4.4947863779527557
20
-4.6896682677165353
11
4.5144714173228344
21
-4.6699831889763779
0
LINE
8
BLACK
6
CONTINUOUS
10
4.5144714173228344
20
-4.6699831889763779
11
4.5152377559055115
21
-4.6694711417322834
0
LINE
8
BLACK
6
CONTINUOUS
10
4.5152377559055115
20
-4.6694711417322834
11
4.5170457086614171
21
-4.6694711417322834
0
LINE
8
BLACK
6
CONTINUOUS
10
4.4997973228346453
20
-4.6913385826771652
11
4.5137795275590546
21
-4.7053207480314958
0
LINE
8
BLACK
6
CONTINUOUS
10
4.5137795275590546
20
-4.7053207480314958
11
4.5137795275590546
21
-4.6773563779527558
0
LINE
8
BLACK
6
CONTINUOUS
10
4.5137795275590546
20
-4.6773563779527558
11
4.4997973228346453
21
-4.6913385826771652
0
LINE
8
BLACK
6
CONTINUOUS
10
4.489683503937008
20
-4.3521483070866145
11
4.4909619291338583
21
-4.3534267322834648
0
LINE
8
BLACK
6
CONTINUOUS
10
4.4909619291338583
20
-4.3534267322834648
11
4.4911417322834648
21
-4.3543307086614176
0
LINE
8
BLACK
6
CONTINUOUS
10
4.4911417322834648
20
-4.3543307086614176
11
4.4911417322834648
21
-4.5732283070866142
0
LINE
8
BLACK
6
CONTINUOUS
10
4.4911417322834648
20
-4.5732283070866142
11
4.4909619291338583
21
-4.574132283464567
0
LINE
8
BLACK
6
CONTINUOUS
10
4.4909619291338583
20
-4.574132283464567
11
4.489683503937008
21
-4.5754107086614173
0
LINE
8
BLACK
6
CONTINUOUS
10
4.489683503937008
20
-4.5754107086614173
11
4.4878755511811024
21
-4.5754107086614173
0
LINE
8
BLACK
6
CONTINUOUS
10
4.4878755511811024
20
-4.5754107086614173
11
4.4865971259842521
21
-4.574132283464567
0
LINE
8
BLACK
6
CONTINUOUS
10
4.4865971259842521
20
-4.574132283464567
11
4.4864173228346456
21
-4.5732283070866142
0
LINE
8
BLACK
6
CONTINUOUS
10
4.4864173228346456
20
-4.5732283070866142
11
4.4864173228346456
21
-4.3566929133858263
0
LINE
8
BLACK
6
CONTINUOUS
10
4.4864173228346456
20
-4.3566929133858263
11
3.8324803149606299
21
-4.3566929133858263
0
LINE
8
BLACK
6
CONTINUOUS
10
3.8324803149606299
20
-4.3566929133858263
11
3.8324803149606299
21
-4.573228346456693
0
LINE
8
BLACK
6
CONTINUOUS
10
3.8324803149606299
20
-4.573228346456693
11
3.8323005118110234
21
-4.5741323228346458
0
LINE
8
BLACK
6
CONTINUOUS
10
3.8323005118110234
20
-4.5741323228346458
11
3.8310220866141731
21
-4.5754107480314961
0
LINE
8
BLACK
6
CONTINUOUS
10
3.8310220866141731
20
-4.5754107480314961
11
3.8292141338582675
21
-4.5754107480314961
0
LINE
8
BLACK
6
CONTINUOUS
10
3.8292141338582675
20
-4.5754107480314961
11
3.8279357086614172
21
-4.5741323228346458
0
LINE
8
BLACK
6
CONTINUOUS
10
3.8279357086614172
20
-4.5741323228346458
11
3.8277559055118111
21
-4.573228346456693
0
LINE
8
BLACK
6
CONTINUOUS
10
3.8277559055118111
20
-4.573228346456693
11
3.8277559055118111
21
-4.3543307086614176
0
LINE
8
BLACK
6
CONTINUOUS
10
3.8277559055118111
20
-4.3543307086614176
11
3.8279357086614172
21
-4.3534267322834648
0
LINE
8
BLACK
6
CONTINUOUS
10
3.8279357086614172
20
-4.3534267322834648
11
3.8292141338582675
21
-4.3521483070866145
0
LINE
8
BLACK
6
CONTINUOUS
10
3.8292141338582675
20
-4.3521483070866145
11
3.8301181102362203
21
-4.351968503937008
0
LINE
8
BLACK
6
CONTINUOUS
10
3.8301181102362203
20
-4.351968503937008
11
4.4887795275590552
21
-4.351968503937008
0
LINE
8
BLACK
6
CONTINUOUS
10
4.4887795275590552
20
-4.351968503937008
11
4.489683503937008
21
-4.3521483070866145
0
LINE
8
BLACK
6
CONTINUOUS
10
2.6352532677165352
20
-4.471536968503937
11
2.6354330708661418
21
-4.4724409448818898
0
LINE
8
BLACK
6
CONTINUOUS
10
2.6354330708661418
20
-4.4724409448818898
11
2.6354330708661418
21
-4.5669291338582676
0
LINE
8
BLACK
6
CONTINUOUS
10
2.6354330708661418
20
-4.5669291338582676
11
2.6352532677165352
21
-4.5678331102362204
0
LINE
8
BLACK
6
CONTINUOUS
10
2.6352532677165352
20
-4.5678331102362204
11
2.6339748425196849
21
-4.5691115354330707
0
LINE
8
BLACK
6
CONTINUOUS
10
2.6339748425196849
20
-4.5691115354330707
11
2.6321668897637793
21
-4.5691115354330707
0
LINE
8
BLACK
6
CONTINUOUS
10
2.6321668897637793
20
-4.5691115354330707
11
2.630888464566929
21
-4.5678331102362204
0
LINE
8
BLACK
6
CONTINUOUS
10
2.630888464566929
20
-4.5678331102362204
11
2.630708661417323
21
-4.5669291338582676
0
LINE
8
BLACK
6
CONTINUOUS
10
2.630708661417323
20
-4.5669291338582676
11
2.630708661417323
21
-4.4724409448818898
0
LINE
8
BLACK
6
CONTINUOUS
10
2.630708661417323
20
-4.4724409448818898
11
2.630888464566929
21
-4.471536968503937
0
LINE
8
BLACK
6
CONTINUOUS
10
2.630888464566929
20
-4.471536968503937
11
2.6321668897637793
21
-4.4702585433070867
0
LINE
8
BLACK
6
CONTINUOUS
10
2.6321668897637793
20
-4.4702585433070867
11
2.6339748425196849
21
-4.4702585433070867
0
LINE
8
BLACK
6
CONTINUOUS
10
2.6339748425196849
20
-4.4702585433070867
11
2.6352532677165352
21
-4.471536968503937
0
LINE
8
BLACK
6
CONTINUOUS
10
3.7786075590551178
20
-4.5374189370078737
11
3.7796719685039371
21
-4.5378598425196852
0
LINE
8
BLACK
6
CONTINUOUS
10
3.7796719685039371
20
-4.5378598425196852
11
3.7804866141732281
21
-4.5386744881889767
0
LINE
8
BLACK
6
CONTINUOUS
10
3.7804866141732281
20
-4.5386744881889767
11
3.7809275196850392
21
-4.539738897637795
0
LINE
8
BLACK
6
CONTINUOUS
10
3.7809275196850392
20
-4.539738897637795
11
3.7809275196850392
21
-4.5408910236220468
0
LINE
8
BLACK
6
CONTINUOUS
10
3.7809275196850392
20
-4.5408910236220468
11
3.7804866141732281
21
-4.541955433070866
0
LINE
8
BLACK
6
CONTINUOUS
10
3.7804866141732281
20
-4.541955433070866
11
3.7796719685039371
21
-4.5427700787401575
0
LINE
8
BLACK
6
CONTINUOUS
10
3.7796719685039371
20
-4.5427700787401575
11
3.7786075590551178
21
-4.5432109842519681
0
LINE
8
BLACK
6
CONTINUOUS
10
3.7786075590551178
20
-4.5432109842519681
11
3.7780314960629919
21
-4.5432677165354329
0
LINE
8
BLACK
6
CONTINUOUS
10
3.7780314960629919
20
-4.5432677165354329
11
3.7180314960629919
21
-4.5432677165354329
0
LINE
8
BLACK
6
CONTINUOUS
10
3.7180314960629919
20
-4.5432677165354329
11
3.717455433070866
21
-4.5432109842519681
0
LINE
8
BLACK
6
CONTINUOUS
10
3.717455433070866
20
-4.5432109842519681
11
3.7163910236220472
21
-4.5427700787401575
0
LINE
8
BLACK
6
CONTINUOUS
10
3.7163910236220472
20
-4.5427700787401575
11
3.7155763779527557
21
-4.541955433070866
0
LINE
8
BLACK
6
CONTINUOUS
10
3.7155763779527557
20
-4.541955433070866
11
3.7151354724409447
21
-4.5408910236220468
0
LINE
8
BLACK
6
CONTINUOUS
10
3.7151354724409447
20
-4.5408910236220468
11
3.7151354724409447
21
-4.539738897637795
0
LINE
8
BLACK
6
CONTINUOUS
10
3.7151354724409447
20
-4.539738897637795
11
3.7155763779527557
21
-4.5386744881889767
0
LINE
8
BLACK
6
CONTINUOUS
10
3.7155763779527557
20
-4.5386744881889767
11
3.7163910236220472
21
-4.5378598425196852
0
LINE
8
BLACK
6
CONTINUOUS
10
3.7163910236220472
20
-4.5378598425196852
11
3.717455433070866
21
-4.5374189370078737
0
LINE
8
BLACK
6
CONTINUOUS
10
3.717455433070866
20
-4.5374189370078737
11
3.7180314960629919
21
-4.5373622047244098
0
LINE
8
BLACK
6
CONTINUOUS
10
3.7180314960629919
20
-4.5373622047244098
11
3.7780314960629919
21
-4.5373622047244098
0
LINE
8
BLACK
6
CONTINUOUS
10
3.7780314960629919
20
-4.5373622047244098
11
3.7786075590551178
21
-4.5374189370078737
0
LINE
8
BLACK
6
CONTINUOUS
10
3.720213897637795
20
-4.4644109842519688
11
3.7203937007874015
21
-4.4653149606299207
0
LINE
8
BLACK
6
CONTINUOUS
10
3.7203937007874015
20
-4.4653149606299207
11
3.7203937007874015
21
-4.495314960629921
0
LINE
8
BLACK
6
CONTINUOUS
10
3.7203937007874015
20
-4.495314960629921
11
3.720213897637795
21
-4.4962189370078738
0
LINE
8
BLACK
6
CONTINUOUS
10
3.720213897637795
20
-4.4962189370078738
11
3.7189354724409447
21
-4.4974973622047241
0
LINE
8
BLACK
6
CONTINUOUS
10
3.7189354724409447
20
-4.4974973622047241
11
3.7171275196850391
21
-4.4974973622047241
0
LINE
8
BLACK
6
CONTINUOUS
10
3.7171275196850391
20
-4.4974973622047241
11
3.7158490944881888
21
-4.4962189370078738
0
LINE
8
BLACK
6
CONTINUOUS
10
3.7158490944881888
20
-4.4962189370078738
11
3.7156692913385827
21
-4.495314960629921
0
LINE
8
BLACK
6
CONTINUOUS
10
3.7156692913385827
20
-4.495314960629921
11
3.7156692913385827
21
-4.4653149606299207
0
LINE
8
BLACK
6
CONTINUOUS
10
3.7156692913385827
20
-4.4653149606299207
11
3.7158490944881888
21
-4.4644109842519688
0
LINE
8
BLACK
6
CONTINUOUS
10
3.7158490944881888
20
-4.4644109842519688
11
3.7171275196850391
21
-4.4631325590551176
0
LINE
8
BLACK
6
CONTINUOUS
10
3.7171275196850391
20
-4.4631325590551176
11
3.7189354724409447
21
-4.4631325590551176
0
LINE
8
BLACK
6
CONTINUOUS
10
3.7189354724409447
20
-4.4631325590551176
11
3.720213897637795
21
-4.4644109842519688
0
LINE
8
BLACK
6
CONTINUOUS
10
3.780213897637795
20
-4.4644109842519688
11
3.7803937007874016
21
-4.4653149606299207
0
LINE
8
BLACK
6
CONTINUOUS
10
3.7803937007874016
20
-4.4653149606299207
11
3.7803937007874016
21
-4.495314960629921
0
LINE
8
BLACK
6
CONTINUOUS
10
3.7803937007874016
20
-4.495314960629921
11
3.780213897637795
21
-4.4962189370078738
0
LINE
8
BLACK
6
CONTINUOUS
10
3.780213897637795
20
-4.4962189370078738
11
3.7789354724409447
21
-4.4974973622047241
0
LINE
8
BLACK
6
CONTINUOUS
10
3.7789354724409447
20
-4.4974973622047241
11
3.7771275196850391
21
-4.4974973622047241
0
LINE
8
BLACK
6
CONTINUOUS
10
3.7771275196850391
20
-4.4974973622047241
11
3.7758490944881888
21
-4.4962189370078738
0
LINE
8
BLACK
6
CONTINUOUS
10
3.7758490944881888
20
-4.4962189370078738
11
3.7756692913385828
21
-4.495314960629921
0
LINE
8
BLACK
6
CONTINUOUS
10
3.7756692913385828
20
-4.495314960629921
11
3.7756692913385828
21
-4.4653149606299207
0
LINE
8
BLACK
6
CONTINUOUS
10
3.7756692913385828
20
-4.4653149606299207
11
3.7758490944881888
21
-4.4644109842519688
0
LINE
8
BLACK
6
CONTINUOUS
10
3.7758490944881888
20
-4.4644109842519688
11
3.7771275196850391
21
-4.4631325590551176
0
LINE
8
BLACK
6
CONTINUOUS
10
3.7771275196850391
20
-4.4631325590551176
11
3.7789354724409447
21
-4.4631325590551176
0
LINE
8
BLACK
6
CONTINUOUS
10
3.7789354724409447
20
-4.4631325590551176
11
3.780213897637795
21
-4.4644109842519688
0
LINE
8
BLACK
6
CONTINUOUS
10
3.7786075590551178
20
-4.4174189370078736
11
3.7796719685039371
21
-4.4178598425196851
0
LINE
8
BLACK
6
CONTINUOUS
10
3.7796719685039371
20
-4.4178598425196851
11
3.7804866141732281
21
-4.4186744881889766
0
LINE
8
BLACK
6
CONTINUOUS
10
3.7804866141732281
20
-4.4186744881889766
11
3.7809275196850392
21
-4.4197388976377949
0
LINE
8
BLACK
6
CONTINUOUS
10
3.7809275196850392
20
-4.4197388976377949
11
3.7809275196850392
21
-4.4208910236220476
0
LINE
8
BLACK
6
CONTINUOUS
10
3.7809275196850392
20
-4.4208910236220476
11
3.7804866141732281
21
-4.4219554330708659
0
LINE
8
BLACK
6
CONTINUOUS
10
3.7804866141732281
20
-4.4219554330708659
11
3.7796719685039371
21
-4.4227700787401574
0
LINE
8
BLACK
6
CONTINUOUS
10
3.7796719685039371
20
-4.4227700787401574
11
3.7786075590551178
21
-4.423210984251968
0
LINE
8
BLACK
6
CONTINUOUS
10
3.7786075590551178
20
-4.423210984251968
11
3.7780314960629919
21
-4.4232677165354328
0
LINE
8
BLACK
6
CONTINUOUS
10
3.7780314960629919
20
-4.4232677165354328
11
3.7180314960629919
21
-4.4232677165354328
0
LINE
8
BLACK
6
CONTINUOUS
10
3.7180314960629919
20
-4.4232677165354328
11
3.717455433070866
21
-4.423210984251968
0
LINE
8
BLACK
6
CONTINUOUS
10
3.717455433070866
20
-4.423210984251968
11
3.7163910236220472
21
-4.4227700787401574
0
LINE
8
BLACK
6
CONTINUOUS
10
3.7163910236220472
20
-4.4227700787401574
11
3.7155763779527557
21
-4.4219554330708659
0
LINE
8
BLACK
6
CONTINUOUS
10
3.7155763779527557
20
-4.4219554330708659
11
3.7151354724409447
21
-4.4208910236220476
0
LINE
8
BLACK
6
CONTINUOUS
10
3.7151354724409447
20
-4.4208910236220476
11
3.7151354724409447
21
-4.4197388976377949
0
LINE
8
BLACK
6
CONTINUOUS
10
3.7151354724409447
20
-4.4197388976377949
11
3.7155763779527557
21
-4.4186744881889766
0
LINE
8
BLACK
6
CONTINUOUS
10
3.7155763779527557
20
-4.4186744881889766
11
3.7163910236220472
21
-4.4178598425196851
0
LINE
8
BLACK
6
CONTINUOUS
10
3.7163910236220472
20
-4.4178598425196851
11
3.717455433070866
21
-4.4174189370078736
0
LINE
8
BLACK
6
CONTINUOUS
10
3.717455433070866
20
-4.4174189370078736
11
3.7180314960629919
21
-4.4173622047244097
0
LINE
8
BLACK
6
CONTINUOUS
10
3.7180314960629919
20
-4.4173622047244097
11
3.7780314960629919
21
-4.4173622047244097
0
LINE
8
BLACK
6
CONTINUOUS
10
3.7780314960629919
20
-4.4173622047244097
11
3.7786075590551178
21
-4.4174189370078736
0
LINE
8
BLACK
6
CONTINUOUS
10
3.7786075590551178
20
-4.4054307480314963
11
3.7796719685039371
21
-4.4058716535433069
0
LINE
8
BLACK
6
CONTINUOUS
10
3.7796719685039371
20
-4.4058716535433069
11
3.7804866141732281
21
-4.4066862992125984
0
LINE
8
BLACK
6
CONTINUOUS
10
3.7804866141732281
20
-4.4066862992125984
11
3.7809275196850392
21
-4.4077507086614176
0
LINE
8
BLACK
6
CONTINUOUS
10
3.7809275196850392
20
-4.4077507086614176
11
3.7809275196850392
21
-4.4089028346456693
0
LINE
8
BLACK
6
CONTINUOUS
10
3.7809275196850392
20
-4.4089028346456693
11
3.7804866141732281
21
-4.4099672440944877
0
LINE
8
BLACK
6
CONTINUOUS
10
3.7804866141732281
20
-4.4099672440944877
11
3.7796719685039371
21
-4.4107818897637792
0
LINE
8
BLACK
6
CONTINUOUS
10
3.7796719685039371
20
-4.4107818897637792
11
3.7786075590551178
21
-4.4112227952755907
0
LINE
8
BLACK
6
CONTINUOUS
10
3.7786075590551178
20
-4.4112227952755907
11
3.7780314960629919
21
-4.4112795275590546
0
LINE
8
BLACK
6
CONTINUOUS
10
3.7780314960629919
20
-4.4112795275590546
11
3.7180314960629919
21
-4.4112795275590546
0
LINE
8
BLACK
6
CONTINUOUS
10
3.7180314960629919
20
-4.4112795275590546
11
3.717455433070866
21
-4.4112227952755907
0
LINE
8
BLACK
6
CONTINUOUS
10
3.717455433070866
20
-4.4112227952755907
11
3.7163910236220472
21
-4.4107818897637792
0
LINE
8
BLACK
6
CONTINUOUS
10
3.7163910236220472
20
-4.4107818897637792
11
3.7155763779527557
21
-4.4099672440944877
0
LINE
8
BLACK
6
CONTINUOUS
10
3.7155763779527557
20
-4.4099672440944877
11
3.7151354724409447
21
-4.4089028346456693
0
LINE
8
BLACK
6
CONTINUOUS
10
3.7151354724409447
20
-4.4089028346456693
11
3.7151354724409447
21
-4.4077507086614176
0
LINE
8
BLACK
6
CONTINUOUS
10
3.7151354724409447
20
-4.4077507086614176
11
3.7155763779527557
21
-4.4066862992125984
0
LINE
8
BLACK
6
CONTINUOUS
10
3.7155763779527557
20
-4.4066862992125984
11
3.7163910236220472
21
-4.4058716535433069
0
LINE
8
BLACK
6
CONTINUOUS
10
3.7163910236220472
20
-4.4058716535433069
11
3.717455433070866
21
-4.4054307480314963
0
LINE
8
BLACK
6
CONTINUOUS
10
3.717455433070866
20
-4.4054307480314963
11
3.7180314960629919
21
-4.4053740157480314
0
LINE
8
BLACK
6
CONTINUOUS
10
3.7180314960629919
20
-4.4053740157480314
11
3.7780314960629919
21
-4.4053740157480314
0
LINE
8
BLACK
6
CONTINUOUS
10
3.7780314960629919
20
-4.4053740157480314
11
3.7786075590551178
21
-4.4054307480314963
0
LINE
8
BLACK
6
CONTINUOUS
10
2.6056214173228347
20
-4.3420983464566927
11
2.605719409448819
21
-4.3421389370078742
0
LINE
8
BLACK
6
CONTINUOUS
10
2.605719409448819
20
-4.3421389370078742
11
2.6058252362204724
21
-4.3421464566929133
0
LINE
8
BLACK
6
CONTINUOUS
10
2.6058252362204724
20
-4.3421464566929133
11
2.6063658661417324
21
-4.3423533464566928
0
LINE
8
BLACK
6
CONTINUOUS
10
2.6063658661417324
20
-4.3423533464566928
11
2.6101153937007875
21
-4.3442281102362204
0
LINE
8
BLACK
6
CONTINUOUS
10
2.6101153937007875
20
-4.3442281102362204
11
2.6103633858267714
21
-4.3443841732283461
0
LINE
8
BLACK
6
CONTINUOUS
10
2.6103633858267714
20
-4.3443841732283461
11
2.6104353543307086
21
-4.3444140157480318
0
LINE
8
BLACK
6
CONTINUOUS
10
2.6104353543307086
20
-4.3444140157480318
11
2.6105162992125983
21
-4.3444804724409449
0
LINE
8
BLACK
6
CONTINUOUS
10
2.6105162992125983
20
-4.3444804724409449
11
2.6106052755905513
21
-4.3445364566929134
0
LINE
8
BLACK
6
CONTINUOUS
10
2.6106052755905513
20
-4.3445364566929134
11
2.6106564173228346
21
-4.3445954330708663
0
LINE
8
BLACK
6
CONTINUOUS
10
2.6106564173228346
20
-4.3445954330708663
11
2.6108827952755904
21
-4.3447812204724405
0
LINE
8
BLACK
6
CONTINUOUS
10
2.6108827952755904
20
-4.3447812204724405
11
2.612757559055118
21
-4.3466559842519681
0
LINE
8
BLACK
6
CONTINUOUS
10
2.612757559055118
20
-4.3466559842519681
11
2.6129433070866139
21
-4.3468823228346452
0
LINE
8
BLACK
6
CONTINUOUS
10
2.6129433070866139
20
-4.3468823228346452
11
2.6130023228346455
21
-4.3469335039370076
0
LINE
8
BLACK
6
CONTINUOUS
10
2.6130023228346455
20
-4.3469335039370076
11
2.6130582677165353
21
-4.3470224409448814
0
LINE
8
BLACK
6
CONTINUOUS
10
2.6130582677165353
20
-4.3470224409448814
11
2.6131247637795276
21
-4.3471034251968499
0
LINE
8
BLACK
6
CONTINUOUS
10
2.6131247637795276
20
-4.3471034251968499
11
2.6131545669291336
21
-4.3471753543307088
0
LINE
8
BLACK
6
CONTINUOUS
10
2.6131545669291336
20
-4.3471753543307088
11
2.6133106692913386
21
-4.3474233858267715
0
LINE
8
BLACK
6
CONTINUOUS
10
2.6133106692913386
20
-4.3474233858267715
11
2.6151854330708662
21
-4.3511729133858266
0
LINE
8
BLACK
6
CONTINUOUS
10
2.6151854330708662
20
-4.3511729133858266
11
2.6153923228346456
21
-4.3517135039370078
0
LINE
8
BLACK
6
CONTINUOUS
10
2.6153923228346456
20
-4.3517135039370078
11
2.6153998425196852
21
-4.35181937007874
0
LINE
8
BLACK
6
CONTINUOUS
10
2.6153998425196852
20
-4.35181937007874
11
2.6154404330708663
21
-4.3519173622047242
0
LINE
8
BLACK
6
CONTINUOUS
10
2.6154404330708663
20
-4.3519173622047242
11
2.6154971653543306
21
-4.3524934251968501
0
LINE
8
BLACK
6
CONTINUOUS
10
2.6154971653543306
20
-4.3524934251968501
11
2.6154971653543306
21
-4.3645387795275585
0
LINE
8
BLACK
6
CONTINUOUS
10
2.6154971653543306
20
-4.3645387795275585
11
2.6312920866141734
21
-4.3645387795275585
0
LINE
8
BLACK
6
CONTINUOUS
10
2.6312920866141734
20
-4.3645387795275585
11
2.6318681496062992
21
-4.3645955118110233
0
LINE
8
BLACK
6
CONTINUOUS
10
2.6318681496062992
20
-4.3645955118110233
11
2.632932559055118
21
-4.3650364173228349
0
LINE
8
BLACK
6
CONTINUOUS
10
2.632932559055118
20
-4.3650364173228349
11
2.6337472047244095
21
-4.3658510629921254
0
LINE
8
BLACK
6
CONTINUOUS
10
2.6337472047244095
20
-4.3658510629921254
11
2.6341881102362206
21
-4.3669154724409447
0
LINE
8
BLACK
6
CONTINUOUS
10
2.6341881102362206
20
-4.3669154724409447
11
2.6341881102362206
21
-4.3680675984251964
0
LINE
8
BLACK
6
CONTINUOUS
10
2.6341881102362206
20
-4.3680675984251964
11
2.6337472047244095
21
-4.3691320078740157
0
LINE
8
BLACK
6
CONTINUOUS
10
2.6337472047244095
20
-4.3691320078740157
11
2.632932559055118
21
-4.3699466535433071
0
LINE
8
BLACK
6
CONTINUOUS
10
2.632932559055118
20
-4.3699466535433071
11
2.6318681496062992
21
-4.3703875590551178
0
LINE
8
BLACK
6
CONTINUOUS
10
2.6318681496062992
20
-4.3703875590551178
11
2.6312920866141734
21
-4.3704442913385826
0
LINE
8
BLACK
6
CONTINUOUS
10
2.6312920866141734
20
-4.3704442913385826
11
2.5919220078740155
21
-4.3704442913385826
0
LINE
8
BLACK
6
CONTINUOUS
10
2.5919220078740155
20
-4.3704442913385826
11
2.5913459448818896
21
-4.3703875590551178
0
LINE
8
BLACK
6
CONTINUOUS
10
2.5913459448818896
20
-4.3703875590551178
11
2.5902815354330708
21
-4.3699466535433071
0
LINE
8
BLACK
6
CONTINUOUS
10
2.5902815354330708
20
-4.3699466535433071
11
2.5894668897637794
21
-4.3691320078740157
0
LINE
8
BLACK
6
CONTINUOUS
10
2.5894668897637794
20
-4.3691320078740157
11
2.5890259842519683
21
-4.3680675984251964
0
LINE
8
BLACK
6
CONTINUOUS
10
2.5890259842519683
20
-4.3680675984251964
11
2.5889692519685039
21
-4.3674915354330706
0
LINE
8
BLACK
6
CONTINUOUS
10
2.5889692519685039
20
-4.3674915354330706
11
2.5889692519685039
21
-4.3524934251968501
0
LINE
8
BLACK
6
CONTINUOUS
10
2.5889692519685039
20
-4.3524934251968501
11
2.5890259842519683
21
-4.3519173622047242
0
LINE
8
BLACK
6
CONTINUOUS
10
2.5890259842519683
20
-4.3519173622047242
11
2.5890665748031494
21
-4.3518193307086612
0
LINE
8
BLACK
6
CONTINUOUS
10
2.5890665748031494
20
-4.3518193307086612
11
2.5890740944881889
21
-4.3517135433070866
0
LINE
8
BLACK
6
CONTINUOUS
10
2.5890740944881889
20
-4.3517135433070866
11
2.5892809842519684
21
-4.3511729133858266
0
LINE
8
BLACK
6
CONTINUOUS
10
2.5892809842519684
20
-4.3511729133858266
11
2.591155748031496
21
-4.3474233858267715
0
LINE
8
BLACK
6
CONTINUOUS
10
2.591155748031496
20
-4.3474233858267715
11
2.5913118110236222
21
-4.3471753543307088
0
LINE
8
BLACK
6
CONTINUOUS
10
2.5913118110236222
20
-4.3471753543307088
11
2.5913416535433069
21
-4.3471034251968499
0
LINE
8
BLACK
6
CONTINUOUS
10
2.5913416535433069
20
-4.3471034251968499
11
2.5914081102362205
21
-4.3470224409448814
0
LINE
8
BLACK
6
CONTINUOUS
10
2.5914081102362205
20
-4.3470224409448814
11
2.591464094488189
21
-4.3469335039370076
0
LINE
8
BLACK
6
CONTINUOUS
10
2.591464094488189
20
-4.3469335039370076
11
2.5915230708661419
21
-4.3468823228346452
0
LINE
8
BLACK
6
CONTINUOUS
10
2.5915230708661419
20
-4.3468823228346452
11
2.5917088582677166
21
-4.3466559842519681
0
LINE
8
BLACK
6
CONTINUOUS
10
2.5917088582677166
20
-4.3466559842519681
11
2.5935836220472441
21
-4.3447812204724405
0
LINE
8
BLACK
6
CONTINUOUS
10
2.5935836220472441
20
-4.3447812204724405
11
2.5938099606299212
21
-4.3445954330708663
0
LINE
8
BLACK
6
CONTINUOUS
10
2.5938099606299212
20
-4.3445954330708663
11
2.5938611417322832
21
-4.3445364566929134
0
LINE
8
BLACK
6
CONTINUOUS
10
2.5938611417322832
20
-4.3445364566929134
11
2.5939500787401575
21
-4.3444804724409449
0
LINE
8
BLACK
6
CONTINUOUS
10
2.5939500787401575
20
-4.3444804724409449
11
2.5940310629921259
21
-4.3444140157480318
0
LINE
8
BLACK
6
CONTINUOUS
10
2.5940310629921259
20
-4.3444140157480318
11
2.5941029921259844
21
-4.3443841732283461
0
LINE
8
BLACK
6
CONTINUOUS
10
2.5941029921259844
20
-4.3443841732283461
11
2.5943510236220471
21
-4.3442281102362204
0
LINE
8
BLACK
6
CONTINUOUS
10
2.5943510236220471
20
-4.3442281102362204
11
2.5981005511811022
21
-4.3423533464566928
0
LINE
8
BLACK
6
CONTINUOUS
10
2.5981005511811022
20
-4.3423533464566928
11
2.5986411417322834
21
-4.3421464566929133
0
LINE
8
BLACK
6
CONTINUOUS
10
2.5986411417322834
20
-4.3421464566929133
11
2.5987470078740156
21
-4.3421388976377955
0
LINE
8
BLACK
6
CONTINUOUS
10
2.5987470078740156
20
-4.3421388976377955
11
2.5988449999999998
21
-4.3420983464566927
0
LINE
8
BLACK
6
CONTINUOUS
10
2.5988449999999998
20
-4.3420983464566927
11
2.5994210629921257
21
-4.3420416141732279
0
LINE
8
BLACK
6
CONTINUOUS
10
2.5994210629921257
20
-4.3420416141732279
11
2.6050453543307084
21
-4.3420416141732279
0
LINE
8
BLACK
6
CONTINUOUS
10
2.6050453543307084
20
-4.3420416141732279
11
2.6056214173228347
21
-4.3420983464566927
0
LINE
8
BLACK
6
CONTINUOUS
10
2.5974206299212597
20
-4.3492958661417322
11
2.5962235039370078
21
-4.3504929921259841
0
LINE
8
BLACK
6
CONTINUOUS
10
2.5962235039370078
20
-4.3504929921259841
11
2.5948747637795275
21
-4.3531904724409447
0
LINE
8
BLACK
6
CONTINUOUS
10
2.5948747637795275
20
-4.3531904724409447
11
2.5948747637795275
21
-4.3645387795275585
0
LINE
8
BLACK
6
CONTINUOUS
10
2.5948747637795275
20
-4.3645387795275585
11
2.609591653543307
21
-4.3645387795275585
0
LINE
8
BLACK
6
CONTINUOUS
10
2.609591653543307
20
-4.3645387795275585
11
2.609591653543307
21
-4.3531904724409447
0
LINE
8
BLACK
6
CONTINUOUS
10
2.609591653543307
20
-4.3531904724409447
11
2.6082429133858267
21
-4.3504929921259841
0
LINE
8
BLACK
6
CONTINUOUS
10
2.6082429133858267
20
-4.3504929921259841
11
2.6070457874015749
21
-4.3492958661417322
0
LINE
8
BLACK
6
CONTINUOUS
10
2.6070457874015749
20
-4.3492958661417322
11
2.6043483070866142
21
-4.3479471259842519
0
LINE
8
BLACK
6
CONTINUOUS
10
2.6043483070866142
20
-4.3479471259842519
11
2.6001181102362203
21
-4.3479471259842519
0
LINE
8
BLACK
6
CONTINUOUS
10
2.6001181102362203
20
-4.3479471259842519
11
2.5974206299212597
21
-4.3492958661417322
0
LINE
8
BLACK
6
CONTINUOUS
10
3.720213897637795
20
-4.3324227952755905
11
3.7203937007874015
21
-4.3333267716535433
0
LINE
8
BLACK
6
CONTINUOUS
10
3.7203937007874015
20
-4.3333267716535433
11
3.7203937007874015
21
-4.3633267716535435
0
LINE
8
BLACK
6
CONTINUOUS
10
3.7203937007874015
20
-4.3633267716535435
11
3.720213897637795
21
-4.3642307480314964
0
LINE
8
BLACK
6
CONTINUOUS
10
3.720213897637795
20
-4.3642307480314964
11
3.7189354724409447
21
-4.3655091732283466
0
LINE
8
BLACK
6
CONTINUOUS
10
3.7189354724409447
20
-4.3655091732283466
11
3.7171275196850391
21
-4.3655091732283466
0
LINE
8
BLACK
6
CONTINUOUS
10
3.7171275196850391
20
-4.3655091732283466
11
3.7158490944881888
21
-4.3642307480314964
0
LINE
8
BLACK
6
CONTINUOUS
10
3.7158490944881888
20
-4.3642307480314964
11
3.7156692913385827
21
-4.3633267716535435
0
LINE
8
BLACK
6
CONTINUOUS
10
3.7156692913385827
20
-4.3633267716535435
11
3.7156692913385827
21
-4.3333267716535433
0
LINE
8
BLACK
6
CONTINUOUS
10
3.7156692913385827
20
-4.3333267716535433
11
3.7158490944881888
21
-4.3324227952755905
0
LINE
8
BLACK
6
CONTINUOUS
10
3.7158490944881888
20
-4.3324227952755905
11
3.7171275196850391
21
-4.3311443700787402
0
LINE
8
BLACK
6
CONTINUOUS
10
3.7171275196850391
20
-4.3311443700787402
11
3.7189354724409447
21
-4.3311443700787402
0
LINE
8
BLACK
6
CONTINUOUS
10
3.7189354724409447
20
-4.3311443700787402
11
3.720213897637795
21
-4.3324227952755905
0
LINE
8
BLACK
6
CONTINUOUS
10
3.780213897637795
20
-4.3324227952755905
11
3.7803937007874016
21
-4.3333267716535433
0
LINE
8
BLACK
6
CONTINUOUS
10
3.7803937007874016
20
-4.3333267716535433
11
3.7803937007874016
21
-4.3633267716535435
0
LINE
8
BLACK
6
CONTINUOUS
10
3.7803937007874016
20
-4.3633267716535435
11
3.780213897637795
21
-4.3642307480314964
0
LINE
8
BLACK
6
CONTINUOUS
10
3.780213897637795
20
-4.3642307480314964
11
3.7789354724409447
21
-4.3655091732283466
0
LINE
8
BLACK
6
CONTINUOUS
10
3.7789354724409447
20
-4.3655091732283466
11
3.7771275196850391
21
-4.3655091732283466
0
LINE
8
BLACK
6
CONTINUOUS
10
3.7771275196850391
20
-4.3655091732283466
11
3.7758490944881888
21
-4.3642307480314964
0
LINE
8
BLACK
6
CONTINUOUS
10
3.7758490944881888
20
-4.3642307480314964
11
3.7756692913385828
21
-4.3633267716535435
0
LINE
8
BLACK
6
CONTINUOUS
10
3.7756692913385828
20
-4.3633267716535435
11
3.7756692913385828
21
-4.3333267716535433
0
LINE
8
BLACK
6
CONTINUOUS
10
3.7756692913385828
20
-4.3333267716535433
11
3.7758490944881888
21
-4.3324227952755905
0
LINE
8
BLACK
6
CONTINUOUS
10
3.7758490944881888
20
-4.3324227952755905
11
3.7771275196850391
21
-4.3311443700787402
0
LINE
8
BLACK
6
CONTINUOUS
10
3.7771275196850391
20
-4.3311443700787402
11
3.7789354724409447
21
-4.3311443700787402
0
LINE
8
BLACK
6
CONTINUOUS
10
3.7789354724409447
20
-4.3311443700787402
11
3.780213897637795
21
-4.3324227952755905
0
LINE
8
BLACK
6
CONTINUOUS
10
2.6243690551181102
20
-4.3046030314960628
11
2.6244670472440945
21
-4.3046436220472444
0
LINE
8
BLACK
6
CONTINUOUS
10
2.6244670472440945
20
-4.3046436220472444
11
2.6245728740157479
21
-4.3046511417322835
0
LINE
8
BLACK
6
CONTINUOUS
10
2.6245728740157479
20
-4.3046511417322835
11
2.6251135039370079
21
-4.3048580314960629
0
LINE
8
BLACK
6
CONTINUOUS
10
2.6251135039370079
20
-4.3048580314960629
11
2.628863031496063
21
-4.3067327952755905
0
LINE
8
BLACK
6
CONTINUOUS
10
2.628863031496063
20
-4.3067327952755905
11
2.6291109055118111
21
-4.3068888188976375
0
LINE
8
BLACK
6
CONTINUOUS
10
2.6291109055118111
20
-4.3068888188976375
11
2.6291829527559054
21
-4.3069186614173232
0
LINE
8
BLACK
6
CONTINUOUS
10
2.6291829527559054
20
-4.3069186614173232
11
2.6292639763779526
21
-4.3069851574803151
0
LINE
8
BLACK
6
CONTINUOUS
10
2.6292639763779526
20
-4.3069851574803151
11
2.6293529133858269
21
-4.3070411417322836
0
LINE
8
BLACK
6
CONTINUOUS
10
2.6293529133858269
20
-4.3070411417322836
11
2.6294040551181102
21
-4.3071001181102364
0
LINE
8
BLACK
6
CONTINUOUS
10
2.6294040551181102
20
-4.3071001181102364
11
2.6296303937007872
21
-4.3072858661417319
0
LINE
8
BLACK
6
CONTINUOUS
10
2.6296303937007872
20
-4.3072858661417319
11
2.6315051968503935
21
-4.3091606299212595
0
LINE
8
BLACK
6
CONTINUOUS
10
2.6315051968503935
20
-4.3091606299212595
11
2.6316909448818895
21
-4.3093869685039365
0
LINE
8
BLACK
6
CONTINUOUS
10
2.6316909448818895
20
-4.3093869685039365
11
2.6317499999999998
21
-4.3094381889763778
0
LINE
8
BLACK
6
CONTINUOUS
10
2.6317499999999998
20
-4.3094381889763778
11
2.6318059842519683
21
-4.3095271259842516
0
LINE
8
BLACK
6
CONTINUOUS
10
2.6318059842519683
20
-4.3095271259842516
11
2.6318724409448819
21
-4.30960811023622
0
LINE
8
BLACK
6
CONTINUOUS
10
2.6318724409448819
20
-4.30960811023622
11
2.6319022440944879
21
-4.3096800393700789
0
LINE
8
BLACK
6
CONTINUOUS
10
2.6319022440944879
20
-4.3096800393700789
11
2.6320583464566929
21
-4.3099280708661416
0
LINE
8
BLACK
6
CONTINUOUS
10
2.6320583464566929
20
-4.3099280708661416
11
2.6339331102362205
21
-4.3136775984251967
0
LINE
8
BLACK
6
CONTINUOUS
10
2.6339331102362205
20
-4.3136775984251967
11
2.6341399999999999
21
-4.314218188976378
0
LINE
8
BLACK
6
CONTINUOUS
10
2.6341399999999999
20
-4.314218188976378
11
2.6341475196850395
21
-4.3143240551181101
0
LINE
8
BLACK
6
CONTINUOUS
10
2.6341475196850395
20
-4.3143240551181101
11
2.6341881102362206
21
-4.3144220472440944
0
LINE
8
BLACK
6
CONTINUOUS
10
2.6341881102362206
20
-4.3144220472440944
11
2.6342448425196849
21
-4.3149981102362203
0
LINE
8
BLACK
6
CONTINUOUS
10
2.6342448425196849
20
-4.3149981102362203
11
2.6342448425196849
21
-4.324371929133858
0
LINE
8
BLACK
6
CONTINUOUS
10
2.6342448425196849
20
-4.324371929133858
11
2.6342161023622048
21
-4.3246635039370078
0
LINE
8
BLACK
6
CONTINUOUS
10
2.6342161023622048
20
-4.3246635039370078
11
2.6342216535433072
21
-4.3247412598425194
0
LINE
8
BLACK
6
CONTINUOUS
10
2.6342216535433072
20
-4.3247412598425194
11
2.6341983858267715
21
-4.3248435039370081
0
LINE
8
BLACK
6
CONTINUOUS
10
2.6341983858267715
20
-4.3248435039370081
11
2.6341881102362206
21
-4.3249479921259839
0
LINE
8
BLACK
6
CONTINUOUS
10
2.6341881102362206
20
-4.3249479921259839
11
2.6341582283464566
21
-4.3250200393700791
0
LINE
8
BLACK
6
CONTINUOUS
10
2.6341582283464566
20
-4.3250200393700791
11
2.6340933070866139
21
-4.3253057086614168
0
LINE
8
BLACK
6
CONTINUOUS
10
2.6340933070866139
20
-4.3253057086614168
11
2.6322185433070864
21
-4.3309299606299207
0
LINE
8
BLACK
6
CONTINUOUS
10
2.6322185433070864
20
-4.3309299606299207
11
2.631982559055118
21
-4.3314585433070869
0
LINE
8
BLACK
6
CONTINUOUS
10
2.631982559055118
20
-4.3314585433070869
11
2.6312276771653544
21
-4.3323288976377956
0
LINE
8
BLACK
6
CONTINUOUS
10
2.6312276771653544
20
-4.3323288976377956
11
2.6301972440944881
21
-4.3328440944881885
0
LINE
8
BLACK
6
CONTINUOUS
10
2.6301972440944881
20
-4.3328440944881885
11
2.6290480314960631
21
-4.3329257874015745
0
LINE
8
BLACK
6
CONTINUOUS
10
2.6290480314960631
20
-4.3329257874015745
11
2.627955
21
-4.3325614566929129
0
LINE
8
BLACK
6
CONTINUOUS
10
2.627955
20
-4.3325614566929129
11
2.6270846456692913
21
-4.3318065748031493
0
LINE
8
BLACK
6
CONTINUOUS
10
2.6270846456692913
20
-4.3318065748031493
11
2.6265694488188975
21
-4.330776141732283
0
LINE
8
BLACK
6
CONTINUOUS
10
2.6265694488188975
20
-4.330776141732283
11
2.6264877559055115
21
-4.329626929133858
0
LINE
8
BLACK
6
CONTINUOUS
10
2.6264877559055115
20
-4.329626929133858
11
2.6266161023622048
21
-4.3290624803149607
0
LINE
8
BLACK
6
CONTINUOUS
10
2.6266161023622048
20
-4.3290624803149607
11
2.6283393307086613
21
-4.3238927952755901
0
LINE
8
BLACK
6
CONTINUOUS
10
2.6283393307086613
20
-4.3238927952755901
11
2.6283393307086613
21
-4.3156951574803148
0
LINE
8
BLACK
6
CONTINUOUS
10
2.6283393307086613
20
-4.3156951574803148
11
2.626990590551181
21
-4.3129976771653542
0
LINE
8
BLACK
6
CONTINUOUS
10
2.626990590551181
20
-4.3129976771653542
11
2.6257934251968504
21
-4.3118005511811024
0
LINE
8
BLACK
6
CONTINUOUS
10
2.6257934251968504
20
-4.3118005511811024
11
2.6230959448818898
21
-4.3104518110236221
0
LINE
8
BLACK
6
CONTINUOUS
10
2.6230959448818898
20
-4.3104518110236221
11
2.6207405118110234
21
-4.3104518110236221
0
LINE
8
BLACK
6
CONTINUOUS
10
2.6207405118110234
20
-4.3104518110236221
11
2.6180430314960628
21
-4.3118005511811024
0
LINE
8
BLACK
6
CONTINUOUS
10
2.6180430314960628
20
-4.3118005511811024
11
2.616845905511811
21
-4.3129976771653542
0
LINE
8
BLACK
6
CONTINUOUS
10
2.616845905511811
20
-4.3129976771653542
11
2.6153303937007872
21
-4.3160286614173229
0
LINE
8
BLACK
6
CONTINUOUS
10
2.6153303937007872
20
-4.3160286614173229
11
2.6135342519685039
21
-4.3232133070866139
0
LINE
8
BLACK
6
CONTINUOUS
10
2.6135342519685039
20
-4.3232133070866139
11
2.6135190551181102
21
-4.3232557874015747
0
LINE
8
BLACK
6
CONTINUOUS
10
2.6135190551181102
20
-4.3232557874015747
11
2.6135175590551181
21
-4.3232770866141728
0
LINE
8
BLACK
6
CONTINUOUS
10
2.6135175590551181
20
-4.3232770866141728
11
2.6134257874015749
21
-4.3235168110236222
0
LINE
8
BLACK
6
CONTINUOUS
10
2.6134257874015749
20
-4.3235168110236222
11
2.6133394881889762
21
-4.3237584251968499
0
LINE
8
BLACK
6
CONTINUOUS
10
2.6133394881889762
20
-4.3237584251968499
11
2.6133267716535431
21
-4.323775551181102
0
LINE
8
BLACK
6
CONTINUOUS
10
2.6133267716535431
20
-4.323775551181102
11
2.6133106692913386
21
-4.323817677165354
0
LINE
8
BLACK
6
CONTINUOUS
10
2.6133106692913386
20
-4.323817677165354
11
2.611435905511811
21
-4.3275672047244091
0
LINE
8
BLACK
6
CONTINUOUS
10
2.611435905511811
20
-4.3275672047244091
11
2.6112798031496061
21
-4.327815196850394
0
LINE
8
BLACK
6
CONTINUOUS
10
2.6112798031496061
20
-4.327815196850394
11
2.6112500000000001
21
-4.3278871653543307
0
LINE
8
BLACK
6
CONTINUOUS
10
2.6112500000000001
20
-4.3278871653543307
11
2.6111835039370077
21
-4.3279681102362204
0
LINE
8
BLACK
6
CONTINUOUS
10
2.6111835039370077
20
-4.3279681102362204
11
2.611127559055118
21
-4.328057086614173
0
LINE
8
BLACK
6
CONTINUOUS
10
2.611127559055118
20
-4.328057086614173
11
2.6110685433070864
21
-4.3281082283464567
0
LINE
8
BLACK
6
CONTINUOUS
10
2.6110685433070864
20
-4.3281082283464567
11
2.6108827952755904
21
-4.3283346062992125
0
LINE
8
BLACK
6
CONTINUOUS
10
2.6108827952755904
20
-4.3283346062992125
11
2.6090080314960629
21
-4.3302093700787401
0
LINE
8
BLACK
6
CONTINUOUS
10
2.6090080314960629
20
-4.3302093700787401
11
2.608781653543307
21
-4.3303951181102365
0
LINE
8
BLACK
6
CONTINUOUS
10
2.608781653543307
20
-4.3303951181102365
11
2.6087305118110238
21
-4.3304541338582681
0
LINE
8
BLACK
6
CONTINUOUS
10
2.6087305118110238
20
-4.3304541338582681
11
2.6086415354330708
21
-4.3305100787401578
0
LINE
8
BLACK
6
CONTINUOUS
10
2.6086415354330708
20
-4.3305100787401578
11
2.6085605905511811
21
-4.3305765748031497
0
LINE
8
BLACK
6
CONTINUOUS
10
2.6085605905511811
20
-4.3305765748031497
11
2.6084886220472439
21
-4.3306063779527557
0
LINE
8
BLACK
6
CONTINUOUS
10
2.6084886220472439
20
-4.3306063779527557
11
2.6082406299212599
21
-4.3307624803149602
0
LINE
8
BLACK
6
CONTINUOUS
10
2.6082406299212599
20
-4.3307624803149602
11
2.6044911023622048
21
-4.3326372440944878
0
LINE
8
BLACK
6
CONTINUOUS
10
2.6044911023622048
20
-4.3326372440944878
11
2.6039504724409448
21
-4.3328441338582673
0
LINE
8
BLACK
6
CONTINUOUS
10
2.6039504724409448
20
-4.3328441338582673
11
2.6038446456692914
21
-4.3328516141732285
0
LINE
8
BLACK
6
CONTINUOUS
10
2.6038446456692914
20
-4.3328516141732285
11
2.6037466535433071
21
-4.3328922440944879
0
LINE
8
BLACK
6
CONTINUOUS
10
2.6037466535433071
20
-4.3328922440944879
11
2.6031705905511808
21
-4.3329489763779527
0
LINE
8
BLACK
6
CONTINUOUS
10
2.6031705905511808
20
-4.3329489763779527
11
2.5994210629921257
21
-4.3329489763779527
0
LINE
8
BLACK
6
CONTINUOUS
10
2.5994210629921257
20
-4.3329489763779527
11
2.5988449999999998
21
-4.3328922440944879
0
LINE
8
BLACK
6
CONTINUOUS
10
2.5988449999999998
20
-4.3328922440944879
11
2.5987470078740156
21
-4.3328516535433073
0
LINE
8
BLACK
6
CONTINUOUS
10
2.5987470078740156
20
-4.3328516535433073
11
2.5986411417322834
21
-4.3328441338582673
0
LINE
8
BLACK
6
CONTINUOUS
10
2.5986411417322834
20
-4.3328441338582673
11
2.5981005511811022
21
-4.3326372440944878
0
LINE
8
BLACK
6
CONTINUOUS
10
2.5981005511811022
20
-4.3326372440944878
11
2.5943510236220471
21
-4.3307624803149602
0
LINE
8
BLACK
6
CONTINUOUS
10
2.5943510236220471
20
-4.3307624803149602
11
2.5941029921259844
21
-4.3306063779527557
0
LINE
8
BLACK
6
CONTINUOUS
10
2.5941029921259844
20
-4.3306063779527557
11
2.5940310629921259
21
-4.3305765748031497
0
LINE
8
BLACK
6
CONTINUOUS
10
2.5940310629921259
20
-4.3305765748031497
11
2.5939500787401575
21
-4.3305100787401578
0
LINE
8
BLACK
6
CONTINUOUS
10
2.5939500787401575
20
-4.3305100787401578
11
2.5938611417322832
21
-4.3304541338582681
0
LINE
8
BLACK
6
CONTINUOUS
10
2.5938611417322832
20
-4.3304541338582681
11
2.5938099606299212
21
-4.3303951181102365
0
LINE
8
BLACK
6
CONTINUOUS
10
2.5938099606299212
20
-4.3303951181102365
11
2.5935836220472441
21
-4.3302093700787401
0
LINE
8
BLACK
6
CONTINUOUS
10
2.5935836220472441
20
-4.3302093700787401
11
2.5917088582677166
21
-4.3283346062992125
0
LINE
8
BLACK
6
CONTINUOUS
10
2.5917088582677166
20
-4.3283346062992125
11
2.5915230708661419
21
-4.3281082283464567
0
LINE
8
BLACK
6
CONTINUOUS
10
2.5915230708661419
20
-4.3281082283464567
11
2.591464094488189
21
-4.328057086614173
0
LINE
8
BLACK
6
CONTINUOUS
10
2.591464094488189
20
-4.328057086614173
11
2.5914081102362205
21
-4.3279681102362204
0
LINE
8
BLACK
6
CONTINUOUS
10
2.5914081102362205
20
-4.3279681102362204
11
2.5913416535433069
21
-4.3278871653543307
0
LINE
8
BLACK
6
CONTINUOUS
10
2.5913416535433069
20
-4.3278871653543307
11
2.5913118110236222
21
-4.327815196850394
0
LINE
8
BLACK
6
CONTINUOUS
10
2.5913118110236222
20
-4.327815196850394
11
2.591155748031496
21
-4.3275672047244091
0
LINE
8
BLACK
6
CONTINUOUS
10
2.591155748031496
20
-4.3275672047244091
11
2.5892809842519684
21
-4.323817677165354
0
LINE
8
BLACK
6
CONTINUOUS
10
2.5892809842519684
20
-4.323817677165354
11
2.5890740944881889
21
-4.323277047244094
0
LINE
8
BLACK
6
CONTINUOUS
10
2.5890740944881889
20
-4.323277047244094
11
2.5890665748031494
21
-4.3231712204724406
0
LINE
8
BLACK
6
CONTINUOUS
10
2.5890665748031494
20
-4.3231712204724406
11
2.5890259842519683
21
-4.3230732283464564
0
LINE
8
BLACK
6
CONTINUOUS
10
2.5890259842519683
20
-4.3230732283464564
11
2.5889692519685039
21
-4.3224971653543305
0
LINE
8
BLACK
6
CONTINUOUS
10
2.5889692519685039
20
-4.3224971653543305
11
2.5889692519685039
21
-4.3131233464566927
0
LINE
8
BLACK
6
CONTINUOUS
10
2.5889692519685039
20
-4.3131233464566927
11
2.5889979527559053
21
-4.3128317716535429
0
LINE
8
BLACK
6
CONTINUOUS
10
2.5889979527559053
20
-4.3128317716535429
11
2.5889924409448817
21
-4.3127540551181101
0
LINE
8
BLACK
6
CONTINUOUS
10
2.5889924409448817
20
-4.3127540551181101
11
2.5890156692913386
21
-4.3126517716535435
0
LINE
8
BLACK
6
CONTINUOUS
10
2.5890156692913386
20
-4.3126517716535435
11
2.5890259842519683
21
-4.3125472834645668
0
LINE
8
BLACK
6
CONTINUOUS
10
2.5890259842519683
20
-4.3125472834645668
11
2.5890558267716535
21
-4.3124751574803151
0
LINE
8
BLACK
6
CONTINUOUS
10
2.5890558267716535
20
-4.3124751574803151
11
2.5891207874015749
21
-4.3121896062992127
0
LINE
8
BLACK
6
CONTINUOUS
10
2.5891207874015749
20
-4.3121896062992127
11
2.5909955511811025
21
-4.30656531496063
0
LINE
8
BLACK
6
CONTINUOUS
10
2.5909955511811025
20
-4.30656531496063
11
2.5912315354330708
21
-4.3060367716535435
0
LINE
8
BLACK
6
CONTINUOUS
10
2.5912315354330708
20
-4.3060367716535435
11
2.5919864173228344
21
-4.3051664173228348
0
LINE
8
BLACK
6
CONTINUOUS
10
2.5919864173228344
20
-4.3051664173228348
11
2.5930168503937008
21
-4.3046511811023622
0
LINE
8
BLACK
6
CONTINUOUS
10
2.5930168503937008
20
-4.3046511811023622
11
2.5941660629921257
21
-4.3045694881889762
0
LINE
8
BLACK
6
CONTINUOUS
10
2.5941660629921257
20
-4.3045694881889762
11
2.5952590551181101
21
-4.3049338188976378
0
LINE
8
BLACK
6
CONTINUOUS
10
2.5952590551181101
20
-4.3049338188976378
11
2.5961294488188975
21
-4.3056887007874014
0
LINE
8
BLACK
6
CONTINUOUS
10
2.5961294488188975
20
-4.3056887007874014
11
2.5966446456692913
21
-4.3067191732283465
0
LINE
8
BLACK
6
CONTINUOUS
10
2.5966446456692913
20
-4.3067191732283465
11
2.5967263385826773
21
-4.3078683858267715
0
LINE
8
BLACK
6
CONTINUOUS
10
2.5967263385826773
20
-4.3078683858267715
11
2.5965979921259841
21
-4.3084328346456688
0
LINE
8
BLACK
6
CONTINUOUS
10
2.5965979921259841
20
-4.3084328346456688
11
2.5948747637795275
21
-4.3136024803149606
0
LINE
8
BLACK
6
CONTINUOUS
10
2.5948747637795275
20
-4.3136024803149606
11
2.5948747637795275
21
-4.3218001181102359
0
LINE
8
BLACK
6
CONTINUOUS
10
2.5948747637795275
20
-4.3218001181102359
11
2.5962235039370078
21
-4.3244975984251965
0
LINE
8
BLACK
6
CONTINUOUS
10
2.5962235039370078
20
-4.3244975984251965
11
2.5974206299212597
21
-4.3256947244094484
0
LINE
8
BLACK
6
CONTINUOUS
10
2.5974206299212597
20
-4.3256947244094484
11
2.6001181102362203
21
-4.3270434645669287
0
LINE
8
BLACK
6
CONTINUOUS
10
2.6001181102362203
20
-4.3270434645669287
11
2.6024735433070867
21
-4.3270434645669287
0
LINE
8
BLACK
6
CONTINUOUS
10
2.6024735433070867
20
-4.3270434645669287
11
2.6051710236220473
21
-4.3256947244094484
0
LINE
8
BLACK
6
CONTINUOUS
10
2.6051710236220473
20
-4.3256947244094484
11
2.6063681496062991
21
-4.3244975984251965
0
LINE
8
BLACK
6
CONTINUOUS
10
2.6063681496062991
20
-4.3244975984251965
11
2.6078836220472441
21
-4.3214666141732279
0
LINE
8
BLACK
6
CONTINUOUS
10
2.6078836220472441
20
-4.3214666141732279
11
2.6096798031496062
21
-4.3142819685039369
0
LINE
8
BLACK
6
CONTINUOUS
10
2.6096798031496062
20
-4.3142819685039369
11
2.6096949606299211
21
-4.3142394488188973
0
LINE
8
BLACK
6
CONTINUOUS
10
2.6096949606299211
20
-4.3142394488188973
11
2.609696496062992
21
-4.3142182283464567
0
LINE
8
BLACK
6
CONTINUOUS
10
2.609696496062992
20
-4.3142182283464567
11
2.6097881102362206
21
-4.3139787795275586
0
LINE
8
BLACK
6
CONTINUOUS
10
2.6097881102362206
20
-4.3139787795275586
11
2.6098745669291339
21
-4.3137368503937008
0
LINE
8
BLACK
6
CONTINUOUS
10
2.6098745669291339
20
-4.3137368503937008
11
2.6098872440944882
21
-4.31371968503937
0
LINE
8
BLACK
6
CONTINUOUS
10
2.6098872440944882
20
-4.31371968503937
11
2.6099033858267715
21
-4.3136775984251967
0
LINE
8
BLACK
6
CONTINUOUS
10
2.6099033858267715
20
-4.3136775984251967
11
2.6117781496062991
21
-4.3099280708661416
0
LINE
8
BLACK
6
CONTINUOUS
10
2.6117781496062991
20
-4.3099280708661416
11
2.6119342125984253
21
-4.3096800393700789
0
LINE
8
BLACK
6
CONTINUOUS
10
2.6119342125984253
20
-4.3096800393700789
11
2.61196405511811
21
-4.30960811023622
0
LINE
8
BLACK
6
CONTINUOUS
10
2.61196405511811
20
-4.30960811023622
11
2.6120305118110236
21
-4.3095271259842516
0
LINE
8
BLACK
6
CONTINUOUS
10
2.6120305118110236
20
-4.3095271259842516
11
2.6120864960629921
21
-4.3094381889763778
0
LINE
8
BLACK
6
CONTINUOUS
10
2.6120864960629921
20
-4.3094381889763778
11
2.612145472440945
21
-4.3093870078740153
0
LINE
8
BLACK
6
CONTINUOUS
10
2.612145472440945
20
-4.3093870078740153
11
2.6123312598425197
21
-4.3091606692913382
0
LINE
8
BLACK
6
CONTINUOUS
10
2.6123312598425197
20
-4.3091606692913382
11
2.6142060236220472
21
-4.3072859055118107
0
LINE
8
BLACK
6
CONTINUOUS
10
2.6142060236220472
20
-4.3072859055118107
11
2.6144323622047243
21
-4.3071001181102364
0
LINE
8
BLACK
6
CONTINUOUS
10
2.6144323622047243
20
-4.3071001181102364
11
2.6144835433070868
21
-4.3070411417322836
0
LINE
8
BLACK
6
CONTINUOUS
10
2.6144835433070868
20
-4.3070411417322836
11
2.6145724803149606
21
-4.3069851574803151
0
LINE
8
BLACK
6
CONTINUOUS
10
2.6145724803149606
20
-4.3069851574803151
11
2.614653464566929
21
-4.3069187007874019
0
LINE
8
BLACK
6
CONTINUOUS
10
2.614653464566929
20
-4.3069187007874019
11
2.6147253937007875
21
-4.3068888582677163
0
LINE
8
BLACK
6
CONTINUOUS
10
2.6147253937007875
20
-4.3068888582677163
11
2.6149734251968502
21
-4.3067327952755905
0
LINE
8
BLACK
6
CONTINUOUS
10
2.6149734251968502
20
-4.3067327952755905
11
2.6187229527559053
21
-4.3048580314960629
0
LINE
8
BLACK
6
CONTINUOUS
10
2.6187229527559053
20
-4.3048580314960629
11
2.6192635433070866
21
-4.3046511417322835
0
LINE
8
BLACK
6
CONTINUOUS
10
2.6192635433070866
20
-4.3046511417322835
11
2.6193694094488187
21
-4.3046435826771656
0
LINE
8
BLACK
6
CONTINUOUS
10
2.6193694094488187
20
-4.3046435826771656
11
2.619467401574803
21
-4.3046030314960628
0
LINE
8
BLACK
6
CONTINUOUS
10
2.619467401574803
20
-4.3046030314960628
11
2.6200434645669293
21
-4.304546299212598
0
LINE
8
BLACK
6
CONTINUOUS
10
2.6200434645669293
20
-4.304546299212598
11
2.6237929921259844
21
-4.304546299212598
0
LINE
8
BLACK
6
CONTINUOUS
10
2.6237929921259844
20
-4.304546299212598
11
2.6243690551181102
21
-4.3046030314960628
0
LINE
8
BLACK
6
CONTINUOUS
10
2.632932559055118
20
-4.2675486220472436
11
2.6337472047244095
21
-4.2683632677165351
0
LINE
8
BLACK
6
CONTINUOUS
10
2.6337472047244095
20
-4.2683632677165351
11
2.6341881102362206
21
-4.2694276771653543
0
LINE
8
BLACK
6
CONTINUOUS
10
2.6341881102362206
20
-4.2694276771653543
11
2.6342448425196849
21
-4.2700037401574802
0
LINE
8
BLACK
6
CONTINUOUS
10
2.6342448425196849
20
-4.2700037401574802
11
2.6342448425196849
21
-4.2925009055118108
0
LINE
8
BLACK
6
CONTINUOUS
10
2.6342448425196849
20
-4.2925009055118108
11
2.6341881102362206
21
-4.2930769685039367
0
LINE
8
BLACK
6
CONTINUOUS
10
2.6341881102362206
20
-4.2930769685039367
11
2.6337472047244095
21
-4.294141377952756
0
LINE
8
BLACK
6
CONTINUOUS
10
2.6337472047244095
20
-4.294141377952756
11
2.632932559055118
21
-4.2949560236220474
0
LINE
8
BLACK
6
CONTINUOUS
10
2.632932559055118
20
-4.2949560236220474
11
2.6318681496062992
21
-4.2953969291338581
0
LINE
8
BLACK
6
CONTINUOUS
10
2.6318681496062992
20
-4.2953969291338581
11
2.630716023622047
21
-4.2953969291338581
0
LINE
8
BLACK
6
CONTINUOUS
10
2.630716023622047
20
-4.2953969291338581
11
2.6296516141732282
21
-4.2949560236220474
0
LINE
8
BLACK
6
CONTINUOUS
10
2.6296516141732282
20
-4.2949560236220474
11
2.6288369685039368
21
-4.294141377952756
0
LINE
8
BLACK
6
CONTINUOUS
10
2.6288369685039368
20
-4.294141377952756
11
2.6283960629921261
21
-4.2930769685039367
0
LINE
8
BLACK
6
CONTINUOUS
10
2.6283960629921261
20
-4.2930769685039367
11
2.6283393307086613
21
-4.2925009055118108
0
LINE
8
BLACK
6
CONTINUOUS
10
2.6283393307086613
20
-4.2925009055118108
11
2.6283393307086613
21
-4.2842050787401575
0
LINE
8
BLACK
6
CONTINUOUS
10
2.6283393307086613
20
-4.2842050787401575
11
2.6009253543307085
21
-4.2842050787401575
0
LINE
8
BLACK
6
CONTINUOUS
10
2.6009253543307085
20
-4.2842050787401575
11
2.6033837401574802
21
-4.2866634645669288
0
LINE
8
BLACK
6
CONTINUOUS
10
2.6033837401574802
20
-4.2866634645669288
11
2.6035695669291337
21
-4.2868898425196846
0
LINE
8
BLACK
6
CONTINUOUS
10
2.6035695669291337
20
-4.2868898425196846
11
2.6036285039370077
21
-4.2869409842519683
0
LINE
8
BLACK
6
CONTINUOUS
10
2.6036285039370077
20
-4.2869409842519683
11
2.60368437007874
21
-4.2870297244094484
0
LINE
8
BLACK
6
CONTINUOUS
10
2.60368437007874
20
-4.2870297244094484
11
2.6037509842519686
21
-4.2871109055118106
0
LINE
8
BLACK
6
CONTINUOUS
10
2.6037509842519686
20
-4.2871109055118106
11
2.6037808267716533
21
-4.2871830314960633
0
LINE
8
BLACK
6
CONTINUOUS
10
2.6037808267716533
20
-4.2871830314960633
11
2.6039368503937008
21
-4.2874308661417322
0
LINE
8
BLACK
6
CONTINUOUS
10
2.6039368503937008
20
-4.2874308661417322
11
2.6058116141732284
21
-4.2911803937007873
0
LINE
8
BLACK
6
CONTINUOUS
10
2.6058116141732284
20
-4.2911803937007873
11
2.6060185039370078
21
-4.2917209842519686
0
LINE
8
BLACK
6
CONTINUOUS
10
2.6060185039370078
20
-4.2917209842519686
11
2.6061001574803151
21
-4.2928701968503935
0
LINE
8
BLACK
6
CONTINUOUS
10
2.6061001574803151
20
-4.2928701968503935
11
2.6057358267716535
21
-4.2939631889763783
0
LINE
8
BLACK
6
CONTINUOUS
10
2.6057358267716535
20
-4.2939631889763783
11
2.6049809842519682
21
-4.2948335433070861
0
LINE
8
BLACK
6
CONTINUOUS
10
2.6049809842519682
20
-4.2948335433070861
11
2.6039504724409448
21
-4.2953488188976374
0
LINE
8
BLACK
6
CONTINUOUS
10
2.6039504724409448
20
-4.2953488188976374
11
2.6028012598425194
21
-4.2954304724409447
0
LINE
8
BLACK
6
CONTINUOUS
10
2.6028012598425194
20
-4.2954304724409447
11
2.6017083070866143
21
-4.2950661417322831
0
LINE
8
BLACK
6
CONTINUOUS
10
2.6017083070866143
20
-4.2950661417322831
11
2.6008379133858268
21
-4.2943112992125982
0
LINE
8
BLACK
6
CONTINUOUS
10
2.6008379133858268
20
-4.2943112992125982
11
2.6005295669291337
21
-4.2938214173228344
0
LINE
8
BLACK
6
CONTINUOUS
10
2.6005295669291337
20
-4.2938214173228344
11
2.5988690944881889
21
-4.2905004724409448
0
LINE
8
BLACK
6
CONTINUOUS
10
2.5988690944881889
20
-4.2905004724409448
11
2.5956651181102361
21
-4.287296496062992
0
LINE
8
BLACK
6
CONTINUOUS
10
2.5956651181102361
20
-4.287296496062992
11
2.5902840944881889
21
-4.2837091732283463
0
LINE
8
BLACK
6
CONTINUOUS
10
2.5902840944881889
20
-4.2837091732283463
11
2.5902824015748029
21
-4.2837077952755909
0
LINE
8
BLACK
6
CONTINUOUS
10
2.5902824015748029
20
-4.2837077952755909
11
2.5902815354330708
21
-4.2837074409448821
0
LINE
8
BLACK
6
CONTINUOUS
10
2.5902815354330708
20
-4.2837074409448821
11
2.5902794881889761
21
-4.283705393700787
0
LINE
8
BLACK
6
CONTINUOUS
10
2.5902794881889761
20
-4.283705393700787
11
2.5898362598425195
21
-4.2833424015748029
0
LINE
8
BLACK
6
CONTINUOUS
10
2.5898362598425195
20
-4.2833424015748029
11
2.5896735826771651
21
-4.2830994881889763
0
LINE
8
BLACK
6
CONTINUOUS
10
2.5896735826771651
20
-4.2830994881889763
11
2.5894668897637794
21
-4.2828927952755906
0
LINE
8
BLACK
6
CONTINUOUS
10
2.5894668897637794
20
-4.2828927952755906
11
2.5893561417322832
21
-4.2826254724409445
0
LINE
8
BLACK
6
CONTINUOUS
10
2.5893561417322832
20
-4.2826254724409445
11
2.5891951968503935
21
-4.2823851181102359
0
LINE
8
BLACK
6
CONTINUOUS
10
2.5891951968503935
20
-4.2823851181102359
11
2.589137834645669
21
-4.2820984645669293
0
LINE
8
BLACK
6
CONTINUOUS
10
2.589137834645669
20
-4.2820984645669293
11
2.5890259842519683
21
-4.2818283858267714
0
LINE
8
BLACK
6
CONTINUOUS
10
2.5890259842519683
20
-4.2818283858267714
11
2.5890259842519683
21
-4.2815390551181105
0
LINE
8
BLACK
6
CONTINUOUS
10
2.5890259842519683
20
-4.2815390551181105
11
2.5889692519685039
21
-4.2812554330708661
0
LINE
8
BLACK
6
CONTINUOUS
10
2.5889692519685039
20
-4.2812554330708661
11
2.5890259842519683
21
-4.2809686220472436
0
LINE
8
BLACK
6
CONTINUOUS
10
2.5890259842519683
20
-4.2809686220472436
11
2.5890259842519683
21
-4.2806762598425196
0
LINE
8
BLACK
6
CONTINUOUS
10
2.5890259842519683
20
-4.2806762598425196
11
2.5891366929133857
21
-4.2804089763779523
0
LINE
8
BLACK
6
CONTINUOUS
10
2.5891366929133857
20
-4.2804089763779523
11
2.5891928346456692
21
-4.2801251968503937
0
LINE
8
BLACK
6
CONTINUOUS
10
2.5891928346456692
20
-4.2801251968503937
11
2.5893549999999999
21
-4.2798819291338583
0
LINE
8
BLACK
6
CONTINUOUS
10
2.5893549999999999
20
-4.2798819291338583
11
2.5894668897637794
21
-4.2796118503937004
0
LINE
8
BLACK
6
CONTINUOUS
10
2.5894668897637794
20
-4.2796118503937004
11
2.5896714173228346
21
-4.2794072834645664
0
LINE
8
BLACK
6
CONTINUOUS
10
2.5896714173228346
20
-4.2794072834645664
11
2.5898319291338581
21
-4.2791665748031491
0
LINE
8
BLACK
6
CONTINUOUS
10
2.5898319291338581
20
-4.2791665748031491
11
2.5900748031496064
21
-4.2790038976377955
0
LINE
8
BLACK
6
CONTINUOUS
10
2.5900748031496064
20
-4.2790038976377955
11
2.5902815354330708
21
-4.2787972047244089
0
LINE
8
BLACK
6
CONTINUOUS
10
2.5902815354330708
20
-4.2787972047244089
11
2.5905488188976378
21
-4.2786864566929133
0
LINE
8
BLACK
6
CONTINUOUS
10
2.5905488188976378
20
-4.2786864566929133
11
2.5907892125984251
21
-4.2785255118110239
0
LINE
8
BLACK
6
CONTINUOUS
10
2.5907892125984251
20
-4.2785255118110239
11
2.5910758267716534
21
-4.2784681496062991
0
LINE
8
BLACK
6
CONTINUOUS
10
2.5910758267716534
20
-4.2784681496062991
11
2.5913459448818896
21
-4.2783562992125983
0
LINE
8
BLACK
6
CONTINUOUS
10
2.5913459448818896
20
-4.2783562992125983
11
2.5919158661417323
21
-4.2783001574803148
0
LINE
8
BLACK
6
CONTINUOUS
10
2.5919158661417323
20
-4.2783001574803148
11
2.5919188976377954
21
-4.2782995669291335
0
LINE
8
BLACK
6
CONTINUOUS
10
2.5919188976377954
20
-4.2782995669291335
11
2.5919199212598425
21
-4.2782997637795273
0
LINE
8
BLACK
6
CONTINUOUS
10
2.5919199212598425
20
-4.2782997637795273
11
2.5919220078740155
21
-4.2782995669291335
0
LINE
8
BLACK
6
CONTINUOUS
10
2.5919220078740155
20
-4.2782995669291335
11
2.6283393307086613
21
-4.2782995669291335
0
LINE
8
BLACK
6
CONTINUOUS
10
2.6283393307086613
20
-4.2782995669291335
11
2.6283393307086613
21
-4.2700037401574802
0
LINE
8
BLACK
6
CONTINUOUS
10
2.6283393307086613
20
-4.2700037401574802
11
2.6283960629921261
21
-4.2694276771653543
0
LINE
8
BLACK
6
CONTINUOUS
10
2.6283960629921261
20
-4.2694276771653543
11
2.6288369685039368
21
-4.2683632677165351
0
LINE
8
BLACK
6
CONTINUOUS
10
2.6288369685039368
20
-4.2683632677165351
11
2.6296516141732282
21
-4.2675486220472436
0
LINE
8
BLACK
6
CONTINUOUS
10
2.6296516141732282
20
-4.2675486220472436
11
2.630716023622047
21
-4.267107716535433
0
LINE
8
BLACK
6
CONTINUOUS
10
2.630716023622047
20
-4.267107716535433
11
2.6318681496062992
21
-4.267107716535433
0
LINE
8
BLACK
6
CONTINUOUS
10
2.6318681496062992
20
-4.267107716535433
11
2.632932559055118
21
-4.2675486220472436
0
LINE
8
BLACK
6
CONTINUOUS
10
3.7786075590551178
20
-4.2854307480314962
11
3.7796719685039371
21
-4.2858716535433068
0
LINE
8
BLACK
6
CONTINUOUS
10
3.7796719685039371
20
-4.2858716535433068
11
3.7804866141732281
21
-4.2866862992125983
0
LINE
8
BLACK
6
CONTINUOUS
10
3.7804866141732281
20
-4.2866862992125983
11
3.7809275196850392
21
-4.2877507086614175
0
LINE
8
BLACK
6
CONTINUOUS
10
3.7809275196850392
20
-4.2877507086614175
11
3.7809275196850392
21
-4.2889028346456692
0
LINE
8
BLACK
6
CONTINUOUS
10
3.7809275196850392
20
-4.2889028346456692
11
3.7804866141732281
21
-4.2899672440944885
0
LINE
8
BLACK
6
CONTINUOUS
10
3.7804866141732281
20
-4.2899672440944885
11
3.7796719685039371
21
-4.2907818897637791
0
LINE
8
BLACK
6
CONTINUOUS
10
3.7796719685039371
20
-4.2907818897637791
11
3.7786075590551178
21
-4.2912227952755906
0
LINE
8
BLACK
6
CONTINUOUS
10
3.7786075590551178
20
-4.2912227952755906
11
3.7780314960629919
21
-4.2912795275590554
0
LINE
8
BLACK
6
CONTINUOUS
10
3.7780314960629919
20
-4.2912795275590554
11
3.7180314960629919
21
-4.2912795275590554
0
LINE
8
BLACK
6
CONTINUOUS
10
3.7180314960629919
20
-4.2912795275590554
11
3.717455433070866
21
-4.2912227952755906
0
LINE
8
BLACK
6
CONTINUOUS
10
3.717455433070866
20
-4.2912227952755906
11
3.7163910236220472
21
-4.2907818897637791
0
LINE
8
BLACK
6
CONTINUOUS
10
3.7163910236220472
20
-4.2907818897637791
11
3.7155763779527557
21
-4.2899672440944885
0
LINE
8
BLACK
6
CONTINUOUS
10
3.7155763779527557
20
-4.2899672440944885
11
3.7151354724409447
21
-4.2889028346456692
0
LINE
8
BLACK
6
CONTINUOUS
10
3.7151354724409447
20
-4.2889028346456692
11
3.7151354724409447
21
-4.2877507086614175
0
LINE
8
BLACK
6
CONTINUOUS
10
3.7151354724409447
20
-4.2877507086614175
11
3.7155763779527557
21
-4.2866862992125983
0
LINE
8
BLACK
6
CONTINUOUS
10
3.7155763779527557
20
-4.2866862992125983
11
3.7163910236220472
21
-4.2858716535433068
0
LINE
8
BLACK
6
CONTINUOUS
10
3.7163910236220472
20
-4.2858716535433068
11
3.717455433070866
21
-4.2854307480314962
0
LINE
8
BLACK
6
CONTINUOUS
10
3.717455433070866
20
-4.2854307480314962
11
3.7180314960629919
21
-4.2853740157480313
0
LINE
8
BLACK
6
CONTINUOUS
10
3.7180314960629919
20
-4.2853740157480313
11
3.7780314960629919
21
-4.2853740157480313
0
LINE
8
BLACK
6
CONTINUOUS
10
3.7780314960629919
20
-4.2853740157480313
11
3.7786075590551178
21
-4.2854307480314962
0
LINE
8
BLACK
6
CONTINUOUS
10
4.4704143307086612
20
-4.1805988188976375
11
4.4708661417322837
21
-4.1819881889763781
0
LINE
8
BLACK
6
CONTINUOUS
10
4.4708661417322837
20
-4.1819881889763781
11
4.4708661417322837
21
-4.2008858267716533
0
LINE
8
BLACK
6
CONTINUOUS
10
4.4708661417322837
20
-4.2008858267716533
11
4.4701742519685039
21
-4.2025561417322832
0
LINE
8
BLACK
6
CONTINUOUS
10
4.4701742519685039
20
-4.2025561417322832
11
4.4685039370078741
21
-4.203248031496063
0
LINE
8
BLACK
6
CONTINUOUS
10
4.4685039370078741
20
-4.203248031496063
11
4.4671145669291334
21
-4.2027962204724405
0
LINE
8
BLACK
6
CONTINUOUS
10
4.4671145669291334
20
-4.2027962204724405
11
4.4541224409448814
21
-4.1933474015748029
0
LINE
8
BLACK
6
CONTINUOUS
10
4.4541224409448814
20
-4.1933474015748029
11
4.453178503937008
21
-4.1918054330708658
0
LINE
8
BLACK
6
CONTINUOUS
10
4.453178503937008
20
-4.1918054330708658
11
4.4536014173228349
21
-4.1900476377952751
0
LINE
8
BLACK
6
CONTINUOUS
10
4.4536014173228349
20
-4.1900476377952751
11
4.4541224409448814
21
-4.1895266141732286
0
LINE
8
BLACK
6
CONTINUOUS
10
4.4541224409448814
20
-4.1895266141732286
11
4.4671145669291334
21
-4.1800777952755901
0
LINE
8
BLACK
6
CONTINUOUS
10
4.4671145669291334
20
-4.1800777952755901
11
4.4688723622047242
21
-4.1796548818897641
0
LINE
8
BLACK
6
CONTINUOUS
10
4.4688723622047242
20
-4.1796548818897641
11
4.4704143307086612
21
-4.1805988188976375
0
LINE
8
BLACK
6
CONTINUOUS
10
3.9979733858267714
20
-4.1766618110236218
11
3.9984251968503934
21
-4.1780511811023624
0
LINE
8
BLACK
6
CONTINUOUS
10
3.9984251968503934
20
-4.1780511811023624
11
3.9984251968503934
21
-4.1969488188976376
0
LINE
8
BLACK
6
CONTINUOUS
10
3.9984251968503934
20
-4.1969488188976376
11
3.9977333070866141
21
-4.1986191338582675
0
LINE
8
BLACK
6
CONTINUOUS
10
3.9977333070866141
20
-4.1986191338582675
11
3.9960629921259843
21
-4.1993110236220472
0
LINE
8
BLACK
6
CONTINUOUS
10
3.9960629921259843
20
-4.1993110236220472
11
3.9946736220472441
21
-4.1988592125984248
0
LINE
8
BLACK
6
CONTINUOUS
10
3.9946736220472441
20
-4.1988592125984248
11
3.981681496062992
21
-4.1894103937007872
0
LINE
8
BLACK
6
CONTINUOUS
10
3.981681496062992
20
-4.1894103937007872
11
3.9807375590551182
21
-4.1878684251968501
0
LINE
8
BLACK
6
CONTINUOUS
10
3.9807375590551182
20
-4.1878684251968501
11
3.9811604724409446
21
-4.1861106299212594
0
LINE
8
BLACK
6
CONTINUOUS
10
3.9811604724409446
20
-4.1861106299212594
11
3.981681496062992
21
-4.1855896062992128
0
LINE
8
BLACK
6
CONTINUOUS
10
3.981681496062992
20
-4.1855896062992128
11
3.9946736220472441
21
-4.1761407874015744
0
LINE
8
BLACK
6
CONTINUOUS
10
3.9946736220472441
20
-4.1761407874015744
11
3.9964314173228344
21
-4.1757178740157483
0
LINE
8
BLACK
6
CONTINUOUS
10
3.9964314173228344
20
-4.1757178740157483
11
3.9979733858267714
21
-4.1766618110236218
0
LINE
8
BLACK
6
CONTINUOUS
10
4.1515166929133853
20
-4.172724803149606
11
4.1519685039370078
21
-4.1741141732283467
0
LINE
8
BLACK
6
CONTINUOUS
10
4.1519685039370078
20
-4.1741141732283467
11
4.1519685039370078
21
-4.1930118110236219
0
LINE
8
BLACK
6
CONTINUOUS
10
4.1519685039370078
20
-4.1930118110236219
11
4.151276614173228
21
-4.1946821259842517
0
LINE
8
BLACK
6
CONTINUOUS
10
4.151276614173228
20
-4.1946821259842517
11
4.1496062992125982
21
-4.1953740157480315
0
LINE
8
BLACK
6
CONTINUOUS
10
4.1496062992125982
20
-4.1953740157480315
11
4.1482169291338584
21
-4.194922204724409
0
LINE
8
BLACK
6
CONTINUOUS
10
4.1482169291338584
20
-4.194922204724409
11
4.1352248031496064
21
-4.1854733858267714
0
LINE
8
BLACK
6
CONTINUOUS
10
4.1352248031496064
20
-4.1854733858267714
11
4.1342808661417321
21
-4.1839314173228344
0
LINE
8
BLACK
6
CONTINUOUS
10
4.1342808661417321
20
-4.1839314173228344
11
4.134703779527559
21
-4.1821736220472436
0
LINE
8
BLACK
6
CONTINUOUS
10
4.134703779527559
20
-4.1821736220472436
11
4.1352248031496064
21
-4.1816525984251971
0
LINE
8
BLACK
6
CONTINUOUS
10
4.1352248031496064
20
-4.1816525984251971
11
4.1482169291338584
21
-4.1722037795275586
0
LINE
8
BLACK
6
CONTINUOUS
10
4.1482169291338584
20
-4.1722037795275586
11
4.1499747244094491
21
-4.1717808661417326
0
LINE
8
BLACK
6
CONTINUOUS
10
4.1499747244094491
20
-4.1717808661417326
11
4.1515166929133853
21
-4.172724803149606
0
LINE
8
BLACK
6
CONTINUOUS
10
4.449329173228346
20
-4.1081522440944882
11
4.4506075984251972
21
-4.1094306692913385
0
LINE
8
BLACK
6
CONTINUOUS
10
4.4506075984251972
20
-4.1094306692913385
11
4.4506075984251972
21
-4.1112386220472441
0
LINE
8
BLACK
6
CONTINUOUS
10
4.4506075984251972
20
-4.1112386220472441
11
4.449329173228346
21
-4.1125170472440944
0
LINE
8
BLACK
6
CONTINUOUS
10
4.449329173228346
20
-4.1125170472440944
11
4.4484251968503932
21
-4.1126968503937009
0
LINE
8
BLACK
6
CONTINUOUS
10
4.4484251968503932
20
-4.1126968503937009
11
4.4114173228346454
21
-4.1126968503937009
0
LINE
8
BLACK
6
CONTINUOUS
10
4.4114173228346454
20
-4.1126968503937009
11
4.4114173228346454
21
-4.1678932677165355
0
LINE
8
BLACK
6
CONTINUOUS
10
4.4114173228346454
20
-4.1678932677165355
11
4.4119275984251969
21
-4.1679947637795278
0
LINE
8
BLACK
6
CONTINUOUS
10
4.4119275984251969
20
-4.1679947637795278
11
4.4132060236220472
21
-4.1692731889763781
0
LINE
8
BLACK
6
CONTINUOUS
10
4.4132060236220472
20
-4.1692731889763781
11
4.4132060236220472
21
-4.1710811417322837
0
LINE
8
BLACK
6
CONTINUOUS
10
4.4132060236220472
20
-4.1710811417322837
11
4.4119275984251969
21
-4.172359566929134
0
LINE
8
BLACK
6
CONTINUOUS
10
4.4119275984251969
20
-4.172359566929134
11
4.4110236220472441
21
-4.1725393700787397
0
LINE
8
BLACK
6
CONTINUOUS
10
4.4110236220472441
20
-4.1725393700787397
11
4.4090551181102358
21
-4.1725393700787397
0
LINE
8
BLACK
6
CONTINUOUS
10
4.4090551181102358
20
-4.1725393700787397
11
4.408151141732283
21
-4.172359566929134
0
LINE
8
BLACK
6
CONTINUOUS
10
4.408151141732283
20
-4.172359566929134
11
4.4068727165354327
21
-4.1710811417322837
0
LINE
8
BLACK
6
CONTINUOUS
10
4.4068727165354327
20
-4.1710811417322837
11
4.406692913385827
21
-4.1701771653543309
0
LINE
8
BLACK
6
CONTINUOUS
10
4.406692913385827
20
-4.1701771653543309
11
4.406692913385827
21
-4.1103346456692913
0
LINE
8
BLACK
6
CONTINUOUS
10
4.406692913385827
20
-4.1103346456692913
11
4.4068727165354327
21
-4.1094306692913385
0
LINE
8
BLACK
6
CONTINUOUS
10
4.4068727165354327
20
-4.1094306692913385
11
4.408151141732283
21
-4.1081522440944882
0
LINE
8
BLACK
6
CONTINUOUS
10
4.408151141732283
20
-4.1081522440944882
11
4.4090551181102358
21
-4.1079724409448817
0
LINE
8
BLACK
6
CONTINUOUS
10
4.4090551181102358
20
-4.1079724409448817
11
4.4484251968503932
21
-4.1079724409448817
0
LINE
8
BLACK
6
CONTINUOUS
10
4.4484251968503932
20
-4.1079724409448817
11
4.449329173228346
21
-4.1081522440944882
0
LINE
8
BLACK
6
CONTINUOUS
10
4.486730748031496
20
-4.1679947637795278
11
4.4880091732283462
21
-4.1692731889763781
0
LINE
8
BLACK
6
CONTINUOUS
10
4.4880091732283462
20
-4.1692731889763781
11
4.4880091732283462
21
-4.1710811417322837
0
LINE
8
BLACK
6
CONTINUOUS
10
4.4880091732283462
20
-4.1710811417322837
11
4.486730748031496
21
-4.172359566929134
0
LINE
8
BLACK
6
CONTINUOUS
10
4.486730748031496
20
-4.172359566929134
11
4.4858267716535432
21
-4.1725393700787397
0
LINE
8
BLACK
6
CONTINUOUS
10
4.4858267716535432
20
-4.1725393700787397
11
4.4551181102362207
21
-4.1725393700787397
0
LINE
8
BLACK
6
CONTINUOUS
10
4.4551181102362207
20
-4.1725393700787397
11
4.4542141338582679
21
-4.172359566929134
0
LINE
8
BLACK
6
CONTINUOUS
10
4.4542141338582679
20
-4.172359566929134
11
4.4529357086614176
21
-4.1710811417322837
0
LINE
8
BLACK
6
CONTINUOUS
10
4.4529357086614176
20
-4.1710811417322837
11
4.4529357086614176
21
-4.1692731889763781
0
LINE
8
BLACK
6
CONTINUOUS
10
4.4529357086614176
20
-4.1692731889763781
11
4.4542141338582679
21
-4.1679947637795278
0
LINE
8
BLACK
6
CONTINUOUS
10
4.4542141338582679
20
-4.1679947637795278
11
4.4551181102362207
21
-4.1678149606299213
0
LINE
8
BLACK
6
CONTINUOUS
10
4.4551181102362207
20
-4.1678149606299213
11
4.4858267716535432
21
-4.1678149606299213
0
LINE
8
BLACK
6
CONTINUOUS
10
4.4858267716535432
20
-4.1678149606299213
11
4.486730748031496
21
-4.1679947637795278
0
LINE
8
BLACK
6
CONTINUOUS
10
4.53279374015748
20
-4.1081522440944882
11
4.5340721653543303
21
-4.1094306692913385
0
LINE
8
BLACK
6
CONTINUOUS
10
4.5340721653543303
20
-4.1094306692913385
11
4.5342519685039369
21
-4.1103346456692913
0
LINE
8
BLACK
6
CONTINUOUS
10
4.5342519685039369
20
-4.1103346456692913
11
4.5342519685039369
21
-4.1701771653543309
0
LINE
8
BLACK
6
CONTINUOUS
10
4.5342519685039369
20
-4.1701771653543309
11
4.5340721653543303
21
-4.1710811417322837
0
LINE
8
BLACK
6
CONTINUOUS
10
4.5340721653543303
20
-4.1710811417322837
11
4.53279374015748
21
-4.172359566929134
0
LINE
8
BLACK
6
CONTINUOUS
10
4.53279374015748
20
-4.172359566929134
11
4.5318897637795272
21
-4.1725393700787397
0
LINE
8
BLACK
6
CONTINUOUS
10
4.5318897637795272
20
-4.1725393700787397
11
4.5299212598425198
21
-4.1725393700787397
0
LINE
8
BLACK
6
CONTINUOUS
10
4.5299212598425198
20
-4.1725393700787397
11
4.529017283464567
21
-4.172359566929134
0
LINE
8
BLACK
6
CONTINUOUS
10
4.529017283464567
20
-4.172359566929134
11
4.5277388582677167
21
-4.1710811417322837
0
LINE
8
BLACK
6
CONTINUOUS
10
4.5277388582677167
20
-4.1710811417322837
11
4.5277388582677167
21
-4.1692731889763781
0
LINE
8
BLACK
6
CONTINUOUS
10
4.5277388582677167
20
-4.1692731889763781
11
4.529017283464567
21
-4.1679947637795278
0
LINE
8
BLACK
6
CONTINUOUS
10
4.529017283464567
20
-4.1679947637795278
11
4.5295275590551176
21
-4.1678932677165355
0
LINE
8
BLACK
6
CONTINUOUS
10
4.5295275590551176
20
-4.1678932677165355
11
4.5295275590551176
21
-4.1126968503937009
0
LINE
8
BLACK
6
CONTINUOUS
10
4.5295275590551176
20
-4.1126968503937009
11
4.4925196850393698
21
-4.1126968503937009
0
LINE
8
BLACK
6
CONTINUOUS
10
4.4925196850393698
20
-4.1126968503937009
11
4.491615708661417
21
-4.1125170472440944
0
LINE
8
BLACK
6
CONTINUOUS
10
4.491615708661417
20
-4.1125170472440944
11
4.4903372834645667
21
-4.1112386220472441
0
LINE
8
BLACK
6
CONTINUOUS
10
4.4903372834645667
20
-4.1112386220472441
11
4.4903372834645667
21
-4.1094306692913385
0
LINE
8
BLACK
6
CONTINUOUS
10
4.4903372834645667
20
-4.1094306692913385
11
4.491615708661417
21
-4.1081522440944882
0
LINE
8
BLACK
6
CONTINUOUS
10
4.491615708661417
20
-4.1081522440944882
11
4.4925196850393698
21
-4.1079724409448817
0
LINE
8
BLACK
6
CONTINUOUS
10
4.4925196850393698
20
-4.1079724409448817
11
4.5318897637795272
21
-4.1079724409448817
0
LINE
8
BLACK
6
CONTINUOUS
10
4.5318897637795272
20
-4.1079724409448817
11
4.53279374015748
21
-4.1081522440944882
0
LINE
8
BLACK
6
CONTINUOUS
10
3.9768882283464566
20
-4.1042152362204725
11
3.9781666535433069
21
-4.1054936614173227
0
LINE
8
BLACK
6
CONTINUOUS
10
3.9781666535433069
20
-4.1054936614173227
11
3.9781666535433069
21
-4.1073016141732284
0
LINE
8
BLACK
6
CONTINUOUS
10
3.9781666535433069
20
-4.1073016141732284
11
3.9768882283464566
21
-4.1085800393700787
0
LINE
8
BLACK
6
CONTINUOUS
10
3.9768882283464566
20
-4.1085800393700787
11
3.9759842519685038
21
-4.1087598425196852
0
LINE
8
BLACK
6
CONTINUOUS
10
3.9759842519685038
20
-4.1087598425196852
11
3.938976377952756
21
-4.1087598425196852
0
LINE
8
BLACK
6
CONTINUOUS
10
3.938976377952756
20
-4.1087598425196852
11
3.938976377952756
21
-4.1639562598425197
0
LINE
8
BLACK
6
CONTINUOUS
10
3.938976377952756
20
-4.1639562598425197
11
3.9394866535433071
21
-4.1640577559055121
0
LINE
8
BLACK
6
CONTINUOUS
10
3.9394866535433071
20
-4.1640577559055121
11
3.9407650787401574
21
-4.1653361811023624
0
LINE
8
BLACK
6
CONTINUOUS
10
3.9407650787401574
20
-4.1653361811023624
11
3.9407650787401574
21
-4.167144133858268
0
LINE
8
BLACK
6
CONTINUOUS
10
3.9407650787401574
20
-4.167144133858268
11
3.9394866535433071
21
-4.1684225590551183
0
LINE
8
BLACK
6
CONTINUOUS
10
3.9394866535433071
20
-4.1684225590551183
11
3.9385826771653543
21
-4.1686023622047239
0
LINE
8
BLACK
6
CONTINUOUS
10
3.9385826771653543
20
-4.1686023622047239
11
3.9366141732283464
21
-4.1686023622047239
0
LINE
8
BLACK
6
CONTINUOUS
10
3.9366141732283464
20
-4.1686023622047239
11
3.9357101968503936
21
-4.1684225590551183
0
LINE
8
BLACK
6
CONTINUOUS
10
3.9357101968503936
20
-4.1684225590551183
11
3.9344317716535433
21
-4.167144133858268
0
LINE
8
BLACK
6
CONTINUOUS
10
3.9344317716535433
20
-4.167144133858268
11
3.9342519685039368
21
-4.1662401574803152
0
LINE
8
BLACK
6
CONTINUOUS
10
3.9342519685039368
20
-4.1662401574803152
11
3.9342519685039368
21
-4.1063976377952756
0
LINE
8
BLACK
6
CONTINUOUS
10
3.9342519685039368
20
-4.1063976377952756
11
3.9344317716535433
21
-4.1054936614173227
0
LINE
8
BLACK
6
CONTINUOUS
10
3.9344317716535433
20
-4.1054936614173227
11
3.9357101968503936
21
-4.1042152362204725
0
LINE
8
BLACK
6
CONTINUOUS
10
3.9357101968503936
20
-4.1042152362204725
11
3.9366141732283464
21
-4.1040354330708659
0
LINE
8
BLACK
6
CONTINUOUS
10
3.9366141732283464
20
-4.1040354330708659
11
3.9759842519685038
21
-4.1040354330708659
0
LINE
8
BLACK
6
CONTINUOUS
10
3.9759842519685038
20
-4.1040354330708659
11
3.9768882283464566
21
-4.1042152362204725
0
LINE
8
BLACK
6
CONTINUOUS
10
4.0142898031496062
20
-4.1640577559055121
11
4.0155682283464564
21
-4.1653361811023624
0
LINE
8
BLACK
6
CONTINUOUS
10
4.0155682283464564
20
-4.1653361811023624
11
4.0155682283464564
21
-4.167144133858268
0
LINE
8
BLACK
6
CONTINUOUS
10
4.0155682283464564
20
-4.167144133858268
11
4.0142898031496062
21
-4.1684225590551183
0
LINE
8
BLACK
6
CONTINUOUS
10
4.0142898031496062
20
-4.1684225590551183
11
4.0133858267716533
21
-4.1686023622047239
0
LINE
8
BLACK
6
CONTINUOUS
10
4.0133858267716533
20
-4.1686023622047239
11
3.9826771653543305
21
-4.1686023622047239
0
LINE
8
BLACK
6
CONTINUOUS
10
3.9826771653543305
20
-4.1686023622047239
11
3.9817731889763777
21
-4.1684225590551183
0
LINE
8
BLACK
6
CONTINUOUS
10
3.9817731889763777
20
-4.1684225590551183
11
3.9804947637795274
21
-4.167144133858268
0
LINE
8
BLACK
6
CONTINUOUS
10
3.9804947637795274
20
-4.167144133858268
11
3.9804947637795274
21
-4.1653361811023624
0
LINE
8
BLACK
6
CONTINUOUS
10
3.9804947637795274
20
-4.1653361811023624
11
3.9817731889763777
21
-4.1640577559055121
0
LINE
8
BLACK
6
CONTINUOUS
10
3.9817731889763777
20
-4.1640577559055121
11
3.9826771653543305
21
-4.1638779527559056
0
LINE
8
BLACK
6
CONTINUOUS
10
3.9826771653543305
20
-4.1638779527559056
11
4.0133858267716533
21
-4.1638779527559056
0
LINE
8
BLACK
6
CONTINUOUS
10
4.0133858267716533
20
-4.1638779527559056
11
4.0142898031496062
21
-4.1640577559055121
0
LINE
8
BLACK
6
CONTINUOUS
10
4.0680698425196846
20
-4.0985522047244096
11
4.0681678346456689
21
-4.0985927952755903
0
LINE
8
BLACK
6
CONTINUOUS
10
4.0681678346456689
20
-4.0985927952755903
11
4.0682736614173232
21
-4.0986003149606303
0
LINE
8
BLACK
6
CONTINUOUS
10
4.0682736614173232
20
-4.0986003149606303
11
4.0688142913385823
21
-4.0988072047244097
0
LINE
8
BLACK
6
CONTINUOUS
10
4.0688142913385823
20
-4.0988072047244097
11
4.0725638188976374
21
-4.1006819685039373
0
LINE
8
BLACK
6
CONTINUOUS
10
4.0725638188976374
20
-4.1006819685039373
11
4.072811692913386
21
-4.1008379921259843
0
LINE
8
BLACK
6
CONTINUOUS
10
4.072811692913386
20
-4.1008379921259843
11
4.0728837401574802
21
-4.1008678346456691
0
LINE
8
BLACK
6
CONTINUOUS
10
4.0728837401574802
20
-4.1008678346456691
11
4.0729647637795274
21
-4.100934330708661
0
LINE
8
BLACK
6
CONTINUOUS
10
4.0729647637795274
20
-4.100934330708661
11
4.0730537007874013
21
-4.1009903149606295
0
LINE
8
BLACK
6
CONTINUOUS
10
4.0730537007874013
20
-4.1009903149606295
11
4.073104842519685
21
-4.1010492913385823
0
LINE
8
BLACK
6
CONTINUOUS
10
4.073104842519685
20
-4.1010492913385823
11
4.073331181102362
21
-4.1012350393700787
0
LINE
8
BLACK
6
CONTINUOUS
10
4.073331181102362
20
-4.1012350393700787
11
4.0752059842519683
21
-4.1031098031496063
0
LINE
8
BLACK
6
CONTINUOUS
10
4.0752059842519683
20
-4.1031098031496063
11
4.0753917322834647
21
-4.1033361417322833
0
LINE
8
BLACK
6
CONTINUOUS
10
4.0753917322834647
20
-4.1033361417322833
11
4.0754507874015751
21
-4.1033873622047246
0
LINE
8
BLACK
6
CONTINUOUS
10
4.0754507874015751
20
-4.1033873622047246
11
4.0755067716535436
21
-4.1034762992125984
0
LINE
8
BLACK
6
CONTINUOUS
10
4.0755067716535436
20
-4.1034762992125984
11
4.0755732283464567
21
-4.1035572834645668
0
LINE
8
BLACK
6
CONTINUOUS
10
4.0755732283464567
20
-4.1035572834645668
11
4.0756030314960627
21
-4.1036292125984248
0
LINE
8
BLACK
6
CONTINUOUS
10
4.0756030314960627
20
-4.1036292125984248
11
4.0757591338582673
21
-4.1038772440944884
0
LINE
8
BLACK
6
CONTINUOUS
10
4.0757591338582673
20
-4.1038772440944884
11
4.0776338976377948
21
-4.1076267716535435
0
LINE
8
BLACK
6
CONTINUOUS
10
4.0776338976377948
20
-4.1076267716535435
11
4.0778407874015743
21
-4.1081673622047239
0
LINE
8
BLACK
6
CONTINUOUS
10
4.0778407874015743
20
-4.1081673622047239
11
4.0778483070866143
21
-4.1082732283464569
0
LINE
8
BLACK
6
CONTINUOUS
10
4.0778483070866143
20
-4.1082732283464569
11
4.0778888976377949
21
-4.1083712204724412
0
LINE
8
BLACK
6
CONTINUOUS
10
4.0778888976377949
20
-4.1083712204724412
11
4.0779456299212598
21
-4.1089472834645671
0
LINE
8
BLACK
6
CONTINUOUS
10
4.0779456299212598
20
-4.1089472834645671
11
4.0779456299212598
21
-4.1183211023622048
0
LINE
8
BLACK
6
CONTINUOUS
10
4.0779456299212598
20
-4.1183211023622048
11
4.0778888976377949
21
-4.1188971653543307
0
LINE
8
BLACK
6
CONTINUOUS
10
4.0778888976377949
20
-4.1188971653543307
11
4.0778483070866143
21
-4.1189951181102362
0
LINE
8
BLACK
6
CONTINUOUS
10
4.0778483070866143
20
-4.1189951181102362
11
4.0778407874015743
21
-4.1191010236220471
0
LINE
8
BLACK
6
CONTINUOUS
10
4.0778407874015743
20
-4.1191010236220471
11
4.0776338976377948
21
-4.1196416141732284
0
LINE
8
BLACK
6
CONTINUOUS
10
4.0776338976377948
20
-4.1196416141732284
11
4.0757591338582673
21
-4.1233911417322835
0
LINE
8
BLACK
6
CONTINUOUS
10
4.0757591338582673
20
-4.1233911417322835
11
4.0756030314960627
21
-4.1236391338582674
0
LINE
8
BLACK
6
CONTINUOUS
10
4.0756030314960627
20
-4.1236391338582674
11
4.0755732283464567
21
-4.1237111023622051
0
LINE
8
BLACK
6
CONTINUOUS
10
4.0755732283464567
20
-4.1237111023622051
11
4.0755067716535436
21
-4.1237920472440948
0
LINE
8
BLACK
6
CONTINUOUS
10
4.0755067716535436
20
-4.1237920472440948
11
4.0754507874015751
21
-4.1238810236220473
0
LINE
8
BLACK
6
CONTINUOUS
10
4.0754507874015751
20
-4.1238810236220473
11
4.0753917322834647
21
-4.1239322047244089
0
LINE
8
BLACK
6
CONTINUOUS
10
4.0753917322834647
20
-4.1239322047244089
11
4.0752059842519683
21
-4.1241585826771656
0
LINE
8
BLACK
6
CONTINUOUS
10
4.0752059842519683
20
-4.1241585826771656
11
4.073331181102362
21
-4.1260333464566932
0
LINE
8
BLACK
6
CONTINUOUS
10
4.073331181102362
20
-4.1260333464566932
11
4.0728837401574802
21
-4.1264005511811019
0
LINE
8
BLACK
6
CONTINUOUS
10
4.0728837401574802
20
-4.1264005511811019
11
4.071819330708661
21
-4.1268414173228347
0
LINE
8
BLACK
6
CONTINUOUS
10
4.071819330708661
20
-4.1268414173228347
11
4.070667244094488
21
-4.1268414173228347
0
LINE
8
BLACK
6
CONTINUOUS
10
4.070667244094488
20
-4.1268414173228347
11
4.0696028346456696
21
-4.1264005118110232
0
LINE
8
BLACK
6
CONTINUOUS
10
4.0696028346456696
20
-4.1264005118110232
11
4.0687881496062994
21
-4.1255858267716539
0
LINE
8
BLACK
6
CONTINUOUS
10
4.0687881496062994
20
-4.1255858267716539
11
4.0683472834645666
21
-4.1245214173228346
0
LINE
8
BLACK
6
CONTINUOUS
10
4.0683472834645666
20
-4.1245214173228346
11
4.0683472834645666
21
-4.1233693307086616
0
LINE
8
BLACK
6
CONTINUOUS
10
4.0683472834645666
20
-4.1233693307086616
11
4.0687881889763782
21
-4.1223049212598424
0
LINE
8
BLACK
6
CONTINUOUS
10
4.0687881889763782
20
-4.1223049212598424
11
4.0691554330708657
21
-4.1218574409448818
0
LINE
8
BLACK
6
CONTINUOUS
10
4.0691554330708657
20
-4.1218574409448818
11
4.0706913779527554
21
-4.1203214960629921
0
LINE
8
BLACK
6
CONTINUOUS
10
4.0706913779527554
20
-4.1203214960629921
11
4.0720401181102357
21
-4.1176240551181102
0
LINE
8
BLACK
6
CONTINUOUS
10
4.0720401181102357
20
-4.1176240551181102
11
4.0720401181102357
21
-4.1096443307086616
0
LINE
8
BLACK
6
CONTINUOUS
10
4.0720401181102357
20
-4.1096443307086616
11
4.0706913779527554
21
-4.106946850393701
0
LINE
8
BLACK
6
CONTINUOUS
10
4.0706913779527554
20
-4.106946850393701
11
4.0694942125984248
21
-4.1057497244094483
0
LINE
8
BLACK
6
CONTINUOUS
10
4.0694942125984248
20
-4.1057497244094483
11
4.0667967322834642
21
-4.104400984251968
0
LINE
8
BLACK
6
CONTINUOUS
10
4.0667967322834642
20
-4.104400984251968
11
4.0605385433070866
21
-4.104400984251968
0
LINE
8
BLACK
6
CONTINUOUS
10
4.0605385433070866
20
-4.104400984251968
11
4.0616312204724405
21
-4.1054936614173227
0
LINE
8
BLACK
6
CONTINUOUS
10
4.0616312204724405
20
-4.1054936614173227
11
4.061811023622047
21
-4.1063976377952756
0
LINE
8
BLACK
6
CONTINUOUS
10
4.061811023622047
20
-4.1063976377952756
11
4.061811023622047
21
-4.1368226377952757
0
LINE
8
BLACK
6
CONTINUOUS
10
4.061811023622047
20
-4.1368226377952757
11
4.0663351574803146
21
-4.1379537007874019
0
LINE
8
BLACK
6
CONTINUOUS
10
4.0663351574803146
20
-4.1379537007874019
11
4.0663776377952754
21
-4.1379688582677163
0
LINE
8
BLACK
6
CONTINUOUS
10
4.0663776377952754
20
-4.1379688582677163
11
4.0663988976377956
21
-4.1379703937007877
0
LINE
8
BLACK
6
CONTINUOUS
10
4.0663988976377956
20
-4.1379703937007877
11
4.0666383070866141
21
-4.1380620078740158
0
LINE
8
BLACK
6
CONTINUOUS
10
4.0666383070866141
20
-4.1380620078740158
11
4.0668802755905507
21
-4.1381484645669291
0
LINE
8
BLACK
6
CONTINUOUS
10
4.0668802755905507
20
-4.1381484645669291
11
4.0668974015748027
21
-4.138161141732283
0
LINE
8
BLACK
6
CONTINUOUS
10
4.0668974015748027
20
-4.138161141732283
11
4.0669395275590547
21
-4.1381772834645671
0
LINE
8
BLACK
6
CONTINUOUS
10
4.0669395275590547
20
-4.1381772834645671
11
4.0706890551181099
21
-4.1400520472440947
0
LINE
8
BLACK
6
CONTINUOUS
10
4.0706890551181099
20
-4.1400520472440947
11
4.0709369291338584
21
-4.1402080708661417
0
LINE
8
BLACK
6
CONTINUOUS
10
4.0709369291338584
20
-4.1402080708661417
11
4.0710089763779527
21
-4.1402379133858265
0
LINE
8
BLACK
6
CONTINUOUS
10
4.0710089763779527
20
-4.1402379133858265
11
4.0710899999999999
21
-4.1403044094488184
0
LINE
8
BLACK
6
CONTINUOUS
10
4.0710899999999999
20
-4.1403044094488184
11
4.0711789370078737
21
-4.1403603937007869
0
LINE
8
BLACK
6
CONTINUOUS
10
4.0711789370078737
20
-4.1403603937007869
11
4.0712300787401574
21
-4.1404193700787397
0
LINE
8
BLACK
6
CONTINUOUS
10
4.0712300787401574
20
-4.1404193700787397
11
4.0714564566929132
21
-4.1406051574803149
0
LINE
8
BLACK
6
CONTINUOUS
10
4.0714564566929132
20
-4.1406051574803149
11
4.0752060236220471
21
-4.14435468503937
0
LINE
8
BLACK
6
CONTINUOUS
10
4.0752060236220471
20
-4.14435468503937
11
4.0755732677165355
21
-4.1448021259842518
0
LINE
8
BLACK
6
CONTINUOUS
10
4.0755732677165355
20
-4.1448021259842518
11
4.0756138582677162
21
-4.1449001574803148
0
LINE
8
BLACK
6
CONTINUOUS
10
4.0756138582677162
20
-4.1449001574803148
11
4.0756833464566924
21
-4.1449802755905507
0
LINE
8
BLACK
6
CONTINUOUS
10
4.0756833464566924
20
-4.1449802755905507
11
4.0759193307086612
21
-4.1455088582677169
0
LINE
8
BLACK
6
CONTINUOUS
10
4.0759193307086612
20
-4.1455088582677169
11
4.0777940944881887
21
-4.1511331102362208
0
LINE
8
BLACK
6
CONTINUOUS
10
4.0777940944881887
20
-4.1511331102362208
11
4.0778590157480314
21
-4.1514187401574798
0
LINE
8
BLACK
6
CONTINUOUS
10
4.0778590157480314
20
-4.1514187401574798
11
4.0778888976377949
21
-4.1514908267716537
0
LINE
8
BLACK
6
CONTINUOUS
10
4.0778888976377949
20
-4.1514908267716537
11
4.0778991732283467
21
-4.1515952755905507
0
LINE
8
BLACK
6
CONTINUOUS
10
4.0778991732283467
20
-4.1515952755905507
11
4.0779224409448815
21
-4.1516975590551182
0
LINE
8
BLACK
6
CONTINUOUS
10
4.0779224409448815
20
-4.1516975590551182
11
4.0779168897637792
21
-4.151775275590551
0
LINE
8
BLACK
6
CONTINUOUS
10
4.0779168897637792
20
-4.151775275590551
11
4.0779456299212598
21
-4.1520668897637796
0
LINE
8
BLACK
6
CONTINUOUS
10
4.0779456299212598
20
-4.1520668897637796
11
4.0779456299212598
21
-4.1614407086614174
0
LINE
8
BLACK
6
CONTINUOUS
10
4.0779456299212598
20
-4.1614407086614174
11
4.0778888976377949
21
-4.1620167716535432
0
LINE
8
BLACK
6
CONTINUOUS
10
4.0778888976377949
20
-4.1620167716535432
11
4.0774479921259843
21
-4.1630811811023625
0
LINE
8
BLACK
6
CONTINUOUS
10
4.0774479921259843
20
-4.1630811811023625
11
4.0766333464566928
21
-4.163895826771653
0
LINE
8
BLACK
6
CONTINUOUS
10
4.0766333464566928
20
-4.163895826771653
11
4.0755689370078736
21
-4.1643367322834646
0
LINE
8
BLACK
6
CONTINUOUS
10
4.0755689370078736
20
-4.1643367322834646
11
4.0749928740157477
21
-4.1643934645669294
0
LINE
8
BLACK
6
CONTINUOUS
10
4.0749928740157477
20
-4.1643934645669294
11
4.061811023622047
21
-4.1643934645669294
0
LINE
8
BLACK
6
CONTINUOUS
10
4.061811023622047
20
-4.1643934645669294
11
4.061811023622047
21
-4.1662401574803152
0
LINE
8
BLACK
6
CONTINUOUS
10
4.061811023622047
20
-4.1662401574803152
11
4.0616312204724405
21
-4.167144133858268
0
LINE
8
BLACK
6
CONTINUOUS
10
4.0616312204724405
20
-4.167144133858268
11
4.0603527952755902
21
-4.1684225590551183
0
LINE
8
BLACK
6
CONTINUOUS
10
4.0603527952755902
20
-4.1684225590551183
11
4.0594488188976374
21
-4.1686023622047239
0
LINE
8
BLACK
6
CONTINUOUS
10
4.0594488188976374
20
-4.1686023622047239
11
4.05748031496063
21
-4.1686023622047239
0
LINE
8
BLACK
6
CONTINUOUS
10
4.05748031496063
20
-4.1686023622047239
11
4.0565763385826772
21
-4.1684225590551183
0
LINE
8
BLACK
6
CONTINUOUS
10
4.0565763385826772
20
-4.1684225590551183
11
4.0552979133858269
21
-4.167144133858268
0
LINE
8
BLACK
6
CONTINUOUS
10
4.0552979133858269
20
-4.167144133858268
11
4.0552979133858269
21
-4.1653361811023624
0
LINE
8
BLACK
6
CONTINUOUS
10
4.0552979133858269
20
-4.1653361811023624
11
4.0562406299212599
21
-4.1643934645669294
0
LINE
8
BLACK
6
CONTINUOUS
10
4.0562406299212599
20
-4.1643934645669294
11
4.0356227952755903
21
-4.1643934645669294
0
LINE
8
BLACK
6
CONTINUOUS
10
4.0356227952755903
20
-4.1643934645669294
11
4.0350467322834644
21
-4.1643367322834646
0
LINE
8
BLACK
6
CONTINUOUS
10
4.0350467322834644
20
-4.1643367322834646
11
4.0339823228346452
21
-4.163895826771653
0
LINE
8
BLACK
6
CONTINUOUS
10
4.0339823228346452
20
-4.163895826771653
11
4.0331676771653546
21
-4.1630811811023625
0
LINE
8
BLACK
6
CONTINUOUS
10
4.0331676771653546
20
-4.1630811811023625
11
4.0327267716535431
21
-4.1620167716535432
0
LINE
8
BLACK
6
CONTINUOUS
10
4.0327267716535431
20
-4.1620167716535432
11
4.0326700393700783
21
-4.1614407086614174
0
LINE
8
BLACK
6
CONTINUOUS
10
4.0326700393700783
20
-4.1614407086614174
11
4.0326700393700783
21
-4.1520668897637796
0
LINE
8
BLACK
6
CONTINUOUS
10
4.0326700393700783
20
-4.1520668897637796
11
4.0326987401574801
21
-4.1517753149606298
0
LINE
8
BLACK
6
CONTINUOUS
10
4.0326987401574801
20
-4.1517753149606298
11
4.0326932283464565
21
-4.1516975984251969
0
LINE
8
BLACK
6
CONTINUOUS
10
4.0326932283464565
20
-4.1516975984251969
11
4.0327164566929135
21
-4.1515953149606295
0
LINE
8
BLACK
6
CONTINUOUS
10
4.0327164566929135
20
-4.1515953149606295
11
4.0327267716535431
21
-4.1514908267716537
0
LINE
8
BLACK
6
CONTINUOUS
10
4.0327267716535431
20
-4.1514908267716537
11
4.0327566141732278
21
-4.1514187007874011
0
LINE
8
BLACK
6
CONTINUOUS
10
4.0327566141732278
20
-4.1514187007874011
11
4.0328215748031493
21
-4.1511331496062995
0
LINE
8
BLACK
6
CONTINUOUS
10
4.0328215748031493
20
-4.1511331496062995
11
4.0346963385826768
21
-4.1455088582677169
0
LINE
8
BLACK
6
CONTINUOUS
10
4.0346963385826768
20
-4.1455088582677169
11
4.0349323228346456
21
-4.1449803149606295
0
LINE
8
BLACK
6
CONTINUOUS
10
4.0349323228346456
20
-4.1449803149606295
11
4.0350018110236219
21
-4.1449001574803148
0
LINE
8
BLACK
6
CONTINUOUS
10
4.0350018110236219
20
-4.1449001574803148
11
4.0350424409448822
21
-4.1448021259842518
0
LINE
8
BLACK
6
CONTINUOUS
10
4.0350424409448822
20
-4.1448021259842518
11
4.0354096456692909
21
-4.14435468503937
0
LINE
8
BLACK
6
CONTINUOUS
10
4.0354096456692909
20
-4.14435468503937
11
4.0391591732283461
21
-4.1406051574803149
0
LINE
8
BLACK
6
CONTINUOUS
10
4.0391591732283461
20
-4.1406051574803149
11
4.0393855511811019
21
-4.1404192913385822
0
LINE
8
BLACK
6
CONTINUOUS
10
4.0393855511811019
20
-4.1404192913385822
11
4.0394366929133856
21
-4.1403603937007869
0
LINE
8
BLACK
6
CONTINUOUS
10
4.0394366929133856
20
-4.1403603937007869
11
4.0395254330708656
21
-4.1403044881889759
0
LINE
8
BLACK
6
CONTINUOUS
10
4.0395254330708656
20
-4.1403044881889759
11
4.0396066141732279
21
-4.1402379133858265
0
LINE
8
BLACK
6
CONTINUOUS
10
4.0396066141732279
20
-4.1402379133858265
11
4.0396787401574805
21
-4.140208031496063
0
LINE
8
BLACK
6
CONTINUOUS
10
4.0396787401574805
20
-4.140208031496063
11
4.0399265748031494
21
-4.1400520472440947
0
LINE
8
BLACK
6
CONTINUOUS
10
4.0399265748031494
20
-4.1400520472440947
11
4.0436761023622045
21
-4.1381772834645671
0
LINE
8
BLACK
6
CONTINUOUS
10
4.0436761023622045
20
-4.1381772834645671
11
4.0437181889763778
21
-4.138161141732283
0
LINE
8
BLACK
6
CONTINUOUS
10
4.0437181889763778
20
-4.138161141732283
11
4.0437353543307086
21
-4.1381484645669291
0
LINE
8
BLACK
6
CONTINUOUS
10
4.0437353543307086
20
-4.1381484645669291
11
4.0439769291338585
21
-4.138062125984252
0
LINE
8
BLACK
6
CONTINUOUS
10
4.0439769291338585
20
-4.138062125984252
11
4.0442166929133858
21
-4.1379703937007877
0
LINE
8
BLACK
6
CONTINUOUS
10
4.0442166929133858
20
-4.1379703937007877
11
4.0442379527559051
21
-4.1379688582677163
0
LINE
8
BLACK
6
CONTINUOUS
10
4.0442379527559051
20
-4.1379688582677163
11
4.0442804724409447
21
-4.1379537007874019
0
LINE
8
BLACK
6
CONTINUOUS
10
4.0442804724409447
20
-4.1379537007874019
11
4.0517795275590549
21
-4.1360789370078743
0
LINE
8
BLACK
6
CONTINUOUS
10
4.0517795275590549
20
-4.1360789370078743
11
4.0518793700787397
21
-4.1360641338582678
0
LINE
8
BLACK
6
CONTINUOUS
10
4.0518793700787397
20
-4.1360641338582678
11
4.0519196062992124
21
-4.1360475196850395
0
LINE
8
BLACK
6
CONTINUOUS
10
4.0519196062992124
20
-4.1360475196850395
11
4.0521366141732287
21
-4.136026141732283
0
LINE
8
BLACK
6
CONTINUOUS
10
4.0521366141732287
20
-4.136026141732283
11
4.0523521259842523
21
-4.1359942913385828
0
LINE
8
BLACK
6
CONTINUOUS
10
4.0523521259842523
20
-4.1359942913385828
11
4.052395118110236
21
-4.1360006692913389
0
LINE
8
BLACK
6
CONTINUOUS
10
4.052395118110236
20
-4.1360006692913389
11
4.0524956692913383
21
-4.1359907874015747
0
LINE
8
BLACK
6
CONTINUOUS
10
4.0524956692913383
20
-4.1359907874015747
11
4.0570866141732287
21
-4.1359907874015747
0
LINE
8
BLACK
6
CONTINUOUS
10
4.0570866141732287
20
-4.1359907874015747
11
4.0570866141732287
21
-4.1250083070866141
0
LINE
8
BLACK
6
CONTINUOUS
10
4.0570866141732287
20
-4.1250083070866141
11
4.0569906299212599
21
-4.1251872047244094
0
LINE
8
BLACK
6
CONTINUOUS
10
4.0569906299212599
20
-4.1251872047244094
11
4.0568255511811024
21
-4.1255858267716539
0
LINE
8
BLACK
6
CONTINUOUS
10
4.0568255511811024
20
-4.1255858267716539
11
4.056720393700787
21
-4.1256909448818897
0
LINE
8
BLACK
6
CONTINUOUS
10
4.056720393700787
20
-4.1256909448818897
11
4.0566501181102366
21
-4.1258220078740155
0
LINE
8
BLACK
6
CONTINUOUS
10
4.0566501181102366
20
-4.1258220078740155
11
4.056315905511811
21
-4.1260954330708657
0
LINE
8
BLACK
6
CONTINUOUS
10
4.056315905511811
20
-4.1260954330708657
11
4.0560108661417322
21
-4.1264005118110232
0
LINE
8
BLACK
6
CONTINUOUS
10
4.0560108661417322
20
-4.1264005118110232
11
4.0558735826771652
21
-4.1264573622047243
0
LINE
8
BLACK
6
CONTINUOUS
10
4.0558735826771652
20
-4.1264573622047243
11
4.0557584645669289
21
-4.1265515748031492
0
LINE
8
BLACK
6
CONTINUOUS
10
4.0557584645669289
20
-4.1265515748031492
11
4.0553450393700787
21
-4.1266762992125985
0
LINE
8
BLACK
6
CONTINUOUS
10
4.0553450393700787
20
-4.1266762992125985
11
4.054946456692913
21
-4.1268414173228347
0
LINE
8
BLACK
6
CONTINUOUS
10
4.054946456692913
20
-4.1268414173228347
11
4.0547978346456688
21
-4.1268414173228347
0
LINE
8
BLACK
6
CONTINUOUS
10
4.0547978346456688
20
-4.1268414173228347
11
4.0546554724409445
21
-4.1268843700787397
0
LINE
8
BLACK
6
CONTINUOUS
10
4.0546554724409445
20
-4.1268843700787397
11
4.0540766141732281
21
-4.126883503937008
0
LINE
8
BLACK
6
CONTINUOUS
10
4.0540766141732281
20
-4.126883503937008
11
4.0353289763779525
21
-4.1250087401574804
0
LINE
8
BLACK
6
CONTINUOUS
10
4.0353289763779525
20
-4.1250087401574804
11
4.03511905511811
21
-4.1249666535433072
0
LINE
8
BLACK
6
CONTINUOUS
10
4.03511905511811
20
-4.1249666535433072
11
4.0350467322834644
21
-4.1249666535433072
0
LINE
8
BLACK
6
CONTINUOUS
10
4.0350467322834644
20
-4.1249666535433072
11
4.0349788976377949
21
-4.1249385433070866
0
LINE
8
BLACK
6
CONTINUOUS
10
4.0349788976377949
20
-4.1249385433070866
11
4.0347614173228346
21
-4.1248949606299208
0
LINE
8
BLACK
6
CONTINUOUS
10
4.0347614173228346
20
-4.1248949606299208
11
4.0343811023622047
21
-4.1246909055118106
0
LINE
8
BLACK
6
CONTINUOUS
10
4.0343811023622047
20
-4.1246909055118106
11
4.0339823228346452
21
-4.1245257480314956
0
LINE
8
BLACK
6
CONTINUOUS
10
4.0339823228346452
20
-4.1245257480314956
11
4.0338771259842519
21
-4.1244205511811023
0
LINE
8
BLACK
6
CONTINUOUS
10
4.0338771259842519
20
-4.1244205511811023
11
4.0337461811023623
21
-4.1243503149606298
0
LINE
8
BLACK
6
CONTINUOUS
10
4.0337461811023623
20
-4.1243503149606298
11
4.0334729133858263
21
-4.1240163385826767
0
LINE
8
BLACK
6
CONTINUOUS
10
4.0334729133858263
20
-4.1240163385826767
11
4.0331676771653546
21
-4.1237111023622051
0
LINE
8
BLACK
6
CONTINUOUS
10
4.0331676771653546
20
-4.1237111023622051
11
4.0331107480314961
21
-4.1235737401574806
0
LINE
8
BLACK
6
CONTINUOUS
10
4.0331107480314961
20
-4.1235737401574806
11
4.0330166141732287
21
-4.123458661417323
0
LINE
8
BLACK
6
CONTINUOUS
10
4.0330166141732287
20
-4.123458661417323
11
4.0328918897637793
21
-4.1230453543307082
0
LINE
8
BLACK
6
CONTINUOUS
10
4.0328918897637793
20
-4.1230453543307082
11
4.0327267716535431
21
-4.1226466929133858
0
LINE
8
BLACK
6
CONTINUOUS
10
4.0327267716535431
20
-4.1226466929133858
11
4.032705
21
-4.1224259842519686
0
LINE
8
BLACK
6
CONTINUOUS
10
4.032705
20
-4.1224259842519686
11
4.0326838188976373
21
-4.1223556692913386
0
LINE
8
BLACK
6
CONTINUOUS
10
4.0326838188976373
20
-4.1223556692913386
11
4.0326909842519685
21
-4.1222836614173231
0
LINE
8
BLACK
6
CONTINUOUS
10
4.0326909842519685
20
-4.1222836614173231
11
4.0326700393700783
21
-4.1220706299212599
0
LINE
8
BLACK
6
CONTINUOUS
10
4.0326700393700783
20
-4.1220706299212599
11
4.0326700393700783
21
-4.1087598425196852
0
LINE
8
BLACK
6
CONTINUOUS
10
4.0326700393700783
20
-4.1087598425196852
11
4.02007874015748
21
-4.1087598425196852
0
LINE
8
BLACK
6
CONTINUOUS
10
4.02007874015748
20
-4.1087598425196852
11
4.0191747637795272
21
-4.1085800393700787
0
LINE
8
BLACK
6
CONTINUOUS
10
4.0191747637795272
20
-4.1085800393700787
11
4.0178963385826769
21
-4.1073016141732284
0
LINE
8
BLACK
6
CONTINUOUS
10
4.0178963385826769
20
-4.1073016141732284
11
4.0178963385826769
21
-4.1054936614173227
0
LINE
8
BLACK
6
CONTINUOUS
10
4.0178963385826769
20
-4.1054936614173227
11
4.0191747637795272
21
-4.1042152362204725
0
LINE
8
BLACK
6
CONTINUOUS
10
4.0191747637795272
20
-4.1042152362204725
11
4.02007874015748
21
-4.1040354330708659
0
LINE
8
BLACK
6
CONTINUOUS
10
4.02007874015748
20
-4.1040354330708659
11
4.0326700393700783
21
-4.1040354330708659
0
LINE
8
BLACK
6
CONTINUOUS
10
4.0326700393700783
20
-4.1040354330708659
11
4.0326700393700783
21
-4.1033229921259844
0
LINE
8
BLACK
6
CONTINUOUS
10
4.0326700393700783
20
-4.1033229921259844
11
4.0327267716535431
21
-4.1027469291338585
0
LINE
8
BLACK
6
CONTINUOUS
10
4.0327267716535431
20
-4.1027469291338585
11
4.0331676771653546
21
-4.1016825196850393
0
LINE
8
BLACK
6
CONTINUOUS
10
4.0331676771653546
20
-4.1016825196850393
11
4.0339823228346452
21
-4.1008678740157478
0
LINE
8
BLACK
6
CONTINUOUS
10
4.0339823228346452
20
-4.1008678740157478
11
4.0350467322834644
21
-4.1004269685039372
0
LINE
8
BLACK
6
CONTINUOUS
10
4.0350467322834644
20
-4.1004269685039372
11
4.0361988582677162
21
-4.1004269685039372
0
LINE
8
BLACK
6
CONTINUOUS
10
4.0361988582677162
20
-4.1004269685039372
11
4.0372632677165354
21
-4.1008678740157478
0
LINE
8
BLACK
6
CONTINUOUS
10
4.0372632677165354
20
-4.1008678740157478
11
4.0380779133858269
21
-4.1016825196850393
0
LINE
8
BLACK
6
CONTINUOUS
10
4.0380779133858269
20
-4.1016825196850393
11
4.0385188188976375
21
-4.1027469291338585
0
LINE
8
BLACK
6
CONTINUOUS
10
4.0385188188976375
20
-4.1027469291338585
11
4.0385755511811023
21
-4.1033229921259844
0
LINE
8
BLACK
6
CONTINUOUS
10
4.0385755511811023
20
-4.1033229921259844
11
4.0385755511811023
21
-4.1040354330708659
0
LINE
8
BLACK
6
CONTINUOUS
10
4.0385755511811023
20
-4.1040354330708659
11
4.049775551181102
21
-4.1040354330708659
0
LINE
8
BLACK
6
CONTINUOUS
10
4.049775551181102
20
-4.1040354330708659
11
4.0498546456692912
21
-4.1038772440944884
0
LINE
8
BLACK
6
CONTINUOUS
10
4.0498546456692912
20
-4.1038772440944884
11
4.050010708661417
21
-4.1036292125984248
0
LINE
8
BLACK
6
CONTINUOUS
10
4.050010708661417
20
-4.1036292125984248
11
4.0500405511811026
21
-4.1035572834645668
0
LINE
8
BLACK
6
CONTINUOUS
10
4.0500405511811026
20
-4.1035572834645668
11
4.0501070078740158
21
-4.1034762992125984
0
LINE
8
BLACK
6
CONTINUOUS
10
4.0501070078740158
20
-4.1034762992125984
11
4.0501629921259843
21
-4.1033873622047246
0
LINE
8
BLACK
6
CONTINUOUS
10
4.0501629921259843
20
-4.1033873622047246
11
4.0502219685039371
21
-4.1033361811023621
0
LINE
8
BLACK
6
CONTINUOUS
10
4.0502219685039371
20
-4.1033361811023621
11
4.0504077559055114
21
-4.103109842519685
0
LINE
8
BLACK
6
CONTINUOUS
10
4.0504077559055114
20
-4.103109842519685
11
4.0522825196850389
21
-4.1012350787401575
0
LINE
8
BLACK
6
CONTINUOUS
10
4.0522825196850389
20
-4.1012350787401575
11
4.052508858267716
21
-4.1010492913385823
0
LINE
8
BLACK
6
CONTINUOUS
10
4.052508858267716
20
-4.1010492913385823
11
4.0525600393700785
21
-4.1009903149606295
0
LINE
8
BLACK
6
CONTINUOUS
10
4.0525600393700785
20
-4.1009903149606295
11
4.0526489763779523
21
-4.100934330708661
0
LINE
8
BLACK
6
CONTINUOUS
10
4.0526489763779523
20
-4.100934330708661
11
4.0527299606299207
21
-4.1008678740157478
0
LINE
8
BLACK
6
CONTINUOUS
10
4.0527299606299207
20
-4.1008678740157478
11
4.0528018897637796
21
-4.1008380314960631
0
LINE
8
BLACK
6
CONTINUOUS
10
4.0528018897637796
20
-4.1008380314960631
11
4.0530499212598423
21
-4.1006819685039373
0
LINE
8
BLACK
6
CONTINUOUS
10
4.0530499212598423
20
-4.1006819685039373
11
4.0567994488188974
21
-4.0988072047244097
0
LINE
8
BLACK
6
CONTINUOUS
10
4.0567994488188974
20
-4.0988072047244097
11
4.0573400393700787
21
-4.0986003149606303
0
LINE
8
BLACK
6
CONTINUOUS
10
4.0573400393700787
20
-4.0986003149606303
11
4.0574459055118108
21
-4.0985927559055115
0
LINE
8
BLACK
6
CONTINUOUS
10
4.0574459055118108
20
-4.0985927559055115
11
4.0575438976377951
21
-4.0985522047244096
0
LINE
8
BLACK
6
CONTINUOUS
10
4.0575438976377951
20
-4.0985522047244096
11
4.058119960629921
21
-4.0984954724409448
0
LINE
8
BLACK
6
CONTINUOUS
10
4.058119960629921
20
-4.0984954724409448
11
4.0674937795275588
21
-4.0984954724409448
0
LINE
8
BLACK
6
CONTINUOUS
10
4.0674937795275588
20
-4.0984954724409448
11
4.0680698425196846
21
-4.0985522047244096
0
LINE
8
BLACK
6
CONTINUOUS
10
4.061811023622047
20
-4.1584879527559053
11
4.0720401181102357
21
-4.1584879527559053
0
LINE
8
BLACK
6
CONTINUOUS
10
4.0720401181102357
20
-4.1584879527559053
11
4.0720401181102357
21
-4.1525460236220475
0
LINE
8
BLACK
6
CONTINUOUS
10
4.0720401181102357
20
-4.1525460236220475
11
4.070537322834646
21
-4.1480376377952757
0
LINE
8
BLACK
6
CONTINUOUS
10
4.070537322834646
20
-4.1480376377952757
11
4.0676194488188973
21
-4.1451198031496066
0
LINE
8
BLACK
6
CONTINUOUS
10
4.0676194488188973
20
-4.1451198031496066
11
4.0645884645669295
21
-4.1436042913385824
0
LINE
8
BLACK
6
CONTINUOUS
10
4.0645884645669295
20
-4.1436042913385824
11
4.061811023622047
21
-4.1429099212598421
0
LINE
8
BLACK
6
CONTINUOUS
10
4.061811023622047
20
-4.1429099212598421
11
4.061811023622047
21
-4.1584879527559053
0
LINE
8
BLACK
6
CONTINUOUS
10
4.0460271653543307
20
-4.1436042913385824
11
4.042996181102362
21
-4.1451198031496066
0
LINE
8
BLACK
6
CONTINUOUS
10
4.042996181102362
20
-4.1451198031496066
11
4.0400783464566929
21
-4.1480375984251969
0
LINE
8
BLACK
6
CONTINUOUS
10
4.0400783464566929
20
-4.1480375984251969
11
4.0385755511811023
21
-4.1525460236220475
0
LINE
8
BLACK
6
CONTINUOUS
10
4.0385755511811023
20
-4.1525460236220475
11
4.0385755511811023
21
-4.1584879527559053
0
LINE
8
BLACK
6
CONTINUOUS
10
4.0385755511811023
20
-4.1584879527559053
11
4.0570866141732287
21
-4.1584879527559053
0
LINE
8
BLACK
6
CONTINUOUS
10
4.0570866141732287
20
-4.1584879527559053
11
4.0570866141732287
21
-4.1418962992125987
0
LINE
8
BLACK
6
CONTINUOUS
10
4.0570866141732287
20
-4.1418962992125987
11
4.0528592125984249
21
-4.1418962992125987
0
LINE
8
BLACK
6
CONTINUOUS
10
4.0528592125984249
20
-4.1418962992125987
11
4.0460271653543307
21
-4.1436042913385824
0
LINE
8
BLACK
6
CONTINUOUS
10
4.054015905511811
20
-4.1087598425196852
11
4.0535736614173228
21
-4.1096443307086616
0
LINE
8
BLACK
6
CONTINUOUS
10
4.0535736614173228
20
-4.1096443307086616
11
4.0535736614173228
21
-4.1176240551181102
0
LINE
8
BLACK
6
CONTINUOUS
10
4.0535736614173228
20
-4.1176240551181102
11
4.0549224015748031
21
-4.1203215354330709
0
LINE
8
BLACK
6
CONTINUOUS
10
4.0549224015748031
20
-4.1203215354330709
11
4.0564583464566928
21
-4.1218574803149606
0
LINE
8
BLACK
6
CONTINUOUS
10
4.0564583464566928
20
-4.1218574803149606
11
4.0568255511811024
21
-4.1223049212598424
0
LINE
8
BLACK
6
CONTINUOUS
10
4.0568255511811024
20
-4.1223049212598424
11
4.0568824409448814
21
-4.1224422440944881
0
LINE
8
BLACK
6
CONTINUOUS
10
4.0568824409448814
20
-4.1224422440944881
11
4.0569766141732284
21
-4.1225573622047245
0
LINE
8
BLACK
6
CONTINUOUS
10
4.0569766141732284
20
-4.1225573622047245
11
4.0570866141732287
21
-4.1229219291338586
0
LINE
8
BLACK
6
CONTINUOUS
10
4.0570866141732287
20
-4.1229219291338586
11
4.0570866141732287
21
-4.1087598425196852
0
LINE
8
BLACK
6
CONTINUOUS
10
4.0570866141732287
20
-4.1087598425196852
11
4.054015905511811
21
-4.1087598425196852
0
LINE
8
BLACK
6
CONTINUOUS
10
4.0385755511811023
20
-4.1087598425196852
11
4.0385755511811023
21
-4.1193983858267718
0
LINE
8
BLACK
6
CONTINUOUS
10
4.0385755511811023
20
-4.1193983858267718
11
4.048346811023622
21
-4.1203755118110239
0
LINE
8
BLACK
6
CONTINUOUS
10
4.048346811023622
20
-4.1203755118110239
11
4.0479798818897637
21
-4.1196416141732284
0
LINE
8
BLACK
6
CONTINUOUS
10
4.0479798818897637
20
-4.1196416141732284
11
4.0477729921259842
21
-4.1191009842519684
0
LINE
8
BLACK
6
CONTINUOUS
10
4.0477729921259842
20
-4.1191009842519684
11
4.0477654724409451
21
-4.118995157480315
0
LINE
8
BLACK
6
CONTINUOUS
10
4.0477654724409451
20
-4.118995157480315
11
4.0477248818897635
21
-4.1188971653543307
0
LINE
8
BLACK
6
CONTINUOUS
10
4.0477248818897635
20
-4.1188971653543307
11
4.0476681496062987
21
-4.1183211023622048
0
LINE
8
BLACK
6
CONTINUOUS
10
4.0476681496062987
20
-4.1183211023622048
11
4.0476681496062987
21
-4.1089472834645671
0
LINE
8
BLACK
6
CONTINUOUS
10
4.0476681496062987
20
-4.1089472834645671
11
4.0476866141732284
21
-4.1087598425196852
0
LINE
8
BLACK
6
CONTINUOUS
10
4.0476866141732284
20
-4.1087598425196852
11
4.0385755511811023
21
-4.1087598425196852
0
LINE
8
BLACK
6
CONTINUOUS
10
3.9046771653543306
20
-4.1399376771653547
11
3.9047201968503935
21
-4.1399312992125985
0
LINE
8
BLACK
6
CONTINUOUS
10
3.9047201968503935
20
-4.1399312992125985
11
3.9049356692913384
21
-4.1399631496062987
0
LINE
8
BLACK
6
CONTINUOUS
10
3.9049356692913384
20
-4.1399631496062987
11
3.9051527165354329
21
-4.1399845275590552
0
LINE
8
BLACK
6
CONTINUOUS
10
3.9051527165354329
20
-4.1399845275590552
11
3.9051929133858265
21
-4.1400011417322835
0
LINE
8
BLACK
6
CONTINUOUS
10
3.9051929133858265
20
-4.1400011417322835
11
3.9052927952755905
21
-4.1400159448818901
0
LINE
8
BLACK
6
CONTINUOUS
10
3.9052927952755905
20
-4.1400159448818901
11
3.9127918503937007
21
-4.1418907086614176
0
LINE
8
BLACK
6
CONTINUOUS
10
3.9127918503937007
20
-4.1418907086614176
11
3.9128343307086615
21
-4.1419058661417321
0
LINE
8
BLACK
6
CONTINUOUS
10
3.9128343307086615
20
-4.1419058661417321
11
3.9128555905511808
21
-4.1419074015748034
0
LINE
8
BLACK
6
CONTINUOUS
10
3.9128555905511808
20
-4.1419074015748034
11
3.9130949999999998
21
-4.1419990157480315
0
LINE
8
BLACK
6
CONTINUOUS
10
3.9130949999999998
20
-4.1419990157480315
11
3.9133369685039368
21
-4.1420854724409448
0
LINE
8
BLACK
6
CONTINUOUS
10
3.9133369685039368
20
-4.1420854724409448
11
3.9133540944881888
21
-4.1420981496062987
0
LINE
8
BLACK
6
CONTINUOUS
10
3.9133540944881888
20
-4.1420981496062987
11
3.9133962204724408
21
-4.1421142913385829
0
LINE
8
BLACK
6
CONTINUOUS
10
3.9133962204724408
20
-4.1421142913385829
11
3.917145748031496
21
-4.1439890551181104
0
LINE
8
BLACK
6
CONTINUOUS
10
3.917145748031496
20
-4.1439890551181104
11
3.9173936220472441
21
-4.1441450787401575
0
LINE
8
BLACK
6
CONTINUOUS
10
3.9173936220472441
20
-4.1441450787401575
11
3.9174656692913383
21
-4.1441749212598422
0
LINE
8
BLACK
6
CONTINUOUS
10
3.9174656692913383
20
-4.1441749212598422
11
3.9175466929133855
21
-4.1442414173228341
0
LINE
8
BLACK
6
CONTINUOUS
10
3.9175466929133855
20
-4.1442414173228341
11
3.9176356299212598
21
-4.1442974015748026
0
LINE
8
BLACK
6
CONTINUOUS
10
3.9176356299212598
20
-4.1442974015748026
11
3.9176867716535431
21
-4.1443563779527555
0
LINE
8
BLACK
6
CONTINUOUS
10
3.9176867716535431
20
-4.1443563779527555
11
3.9179131496062993
21
-4.1445421653543306
0
LINE
8
BLACK
6
CONTINUOUS
10
3.9179131496062993
20
-4.1445421653543306
11
3.9216627165354332
21
-4.1482916929133857
0
LINE
8
BLACK
6
CONTINUOUS
10
3.9216627165354332
20
-4.1482916929133857
11
3.9220299606299212
21
-4.1487391338582675
0
LINE
8
BLACK
6
CONTINUOUS
10
3.9220299606299212
20
-4.1487391338582675
11
3.9220705511811023
21
-4.1488371653543306
0
LINE
8
BLACK
6
CONTINUOUS
10
3.9220705511811023
20
-4.1488371653543306
11
3.9221400393700785
21
-4.1489172834645665
0
LINE
8
BLACK
6
CONTINUOUS
10
3.9221400393700785
20
-4.1489172834645665
11
3.9223760236220473
21
-4.1494458661417326
0
LINE
8
BLACK
6
CONTINUOUS
10
3.9223760236220473
20
-4.1494458661417326
11
3.9242507874015748
21
-4.1550701181102365
0
LINE
8
BLACK
6
CONTINUOUS
10
3.9242507874015748
20
-4.1550701181102365
11
3.9243157086614171
21
-4.1553557480314955
0
LINE
8
BLACK
6
CONTINUOUS
10
3.9243157086614171
20
-4.1553557480314955
11
3.924345590551181
21
-4.1554278346456694
0
LINE
8
BLACK
6
CONTINUOUS
10
3.924345590551181
20
-4.1554278346456694
11
3.9243558661417324
21
-4.1555322834645665
0
LINE
8
BLACK
6
CONTINUOUS
10
3.9243558661417324
20
-4.1555322834645665
11
3.9243791338582676
21
-4.1556345669291339
0
LINE
8
BLACK
6
CONTINUOUS
10
3.9243791338582676
20
-4.1556345669291339
11
3.9243735826771653
21
-4.1557122834645668
0
LINE
8
BLACK
6
CONTINUOUS
10
3.9243735826771653
20
-4.1557122834645668
11
3.9244023228346454
21
-4.1560038976377953
0
LINE
8
BLACK
6
CONTINUOUS
10
3.9244023228346454
20
-4.1560038976377953
11
3.9244023228346454
21
-4.1653777165354331
0
LINE
8
BLACK
6
CONTINUOUS
10
3.9244023228346454
20
-4.1653777165354331
11
3.924345590551181
21
-4.165953779527559
0
LINE
8
BLACK
6
CONTINUOUS
10
3.924345590551181
20
-4.165953779527559
11
3.92390468503937
21
-4.1670181889763782
0
LINE
8
BLACK
6
CONTINUOUS
10
3.92390468503937
20
-4.1670181889763782
11
3.9230900393700785
21
-4.1678328346456688
0
LINE
8
BLACK
6
CONTINUOUS
10
3.9230900393700785
20
-4.1678328346456688
11
3.9220256299212597
21
-4.1682737401574803
0
LINE
8
BLACK
6
CONTINUOUS
10
3.9220256299212597
20
-4.1682737401574803
11
3.9214495669291338
21
-4.1683304724409451
0
LINE
8
BLACK
6
CONTINUOUS
10
3.9214495669291338
20
-4.1683304724409451
11
3.8820794881889764
21
-4.1683304724409451
0
LINE
8
BLACK
6
CONTINUOUS
10
3.8820794881889764
20
-4.1683304724409451
11
3.8815034251968501
21
-4.1682737401574803
0
LINE
8
BLACK
6
CONTINUOUS
10
3.8815034251968501
20
-4.1682737401574803
11
3.8804390157480313
21
-4.1678328346456688
0
LINE
8
BLACK
6
CONTINUOUS
10
3.8804390157480313
20
-4.1678328346456688
11
3.8796243700787403
21
-4.1670181889763782
0
LINE
8
BLACK
6
CONTINUOUS
10
3.8796243700787403
20
-4.1670181889763782
11
3.8791834645669292
21
-4.165953779527559
0
LINE
8
BLACK
6
CONTINUOUS
10
3.8791834645669292
20
-4.165953779527559
11
3.8791267322834644
21
-4.1653777165354331
0
LINE
8
BLACK
6
CONTINUOUS
10
3.8791267322834644
20
-4.1653777165354331
11
3.8791267322834644
21
-4.1560038976377953
0
LINE
8
BLACK
6
CONTINUOUS
10
3.8791267322834644
20
-4.1560038976377953
11
3.8791554330708662
21
-4.1557123228346455
0
LINE
8
BLACK
6
CONTINUOUS
10
3.8791554330708662
20
-4.1557123228346455
11
3.8791499212598426
21
-4.1556346062992127
0
LINE
8
BLACK
6
CONTINUOUS
10
3.8791499212598426
20
-4.1556346062992127
11
3.8791731496062991
21
-4.1555323228346452
0
LINE
8
BLACK
6
CONTINUOUS
10
3.8791731496062991
20
-4.1555323228346452
11
3.8791834645669292
21
-4.1554278346456694
0
LINE
8
BLACK
6
CONTINUOUS
10
3.8791834645669292
20
-4.1554278346456694
11
3.8792133070866139
21
-4.1553557086614168
0
LINE
8
BLACK
6
CONTINUOUS
10
3.8792133070866139
20
-4.1553557086614168
11
3.8792782677165354
21
-4.1550701574803153
0
LINE
8
BLACK
6
CONTINUOUS
10
3.8792782677165354
20
-4.1550701574803153
11
3.8811530314960629
21
-4.1494458661417326
0
LINE
8
BLACK
6
CONTINUOUS
10
3.8811530314960629
20
-4.1494458661417326
11
3.8813890157480313
21
-4.1489173228346452
0
LINE
8
BLACK
6
CONTINUOUS
10
3.8813890157480313
20
-4.1489173228346452
11
3.881458503937008
21
-4.1488371653543306
0
LINE
8
BLACK
6
CONTINUOUS
10
3.881458503937008
20
-4.1488371653543306
11
3.8814991338582678
21
-4.1487391338582675
0
LINE
8
BLACK
6
CONTINUOUS
10
3.8814991338582678
20
-4.1487391338582675
11
3.881866338582677
21
-4.1482916929133857
0
LINE
8
BLACK
6
CONTINUOUS
10
3.881866338582677
20
-4.1482916929133857
11
3.8856158661417322
21
-4.1445421653543306
0
LINE
8
BLACK
6
CONTINUOUS
10
3.8856158661417322
20
-4.1445421653543306
11
3.885842244094488
21
-4.144356299212598
0
LINE
8
BLACK
6
CONTINUOUS
10
3.885842244094488
20
-4.144356299212598
11
3.8858933858267717
21
-4.1442974015748026
0
LINE
8
BLACK
6
CONTINUOUS
10
3.8858933858267717
20
-4.1442974015748026
11
3.8859821259842517
21
-4.1442414960629916
0
LINE
8
BLACK
6
CONTINUOUS
10
3.8859821259842517
20
-4.1442414960629916
11
3.886063307086614
21
-4.1441749212598422
0
LINE
8
BLACK
6
CONTINUOUS
10
3.886063307086614
20
-4.1441749212598422
11
3.8861354330708662
21
-4.1441450393700787
0
LINE
8
BLACK
6
CONTINUOUS
10
3.8861354330708662
20
-4.1441450393700787
11
3.8863832677165355
21
-4.1439890551181104
0
LINE
8
BLACK
6
CONTINUOUS
10
3.8863832677165355
20
-4.1439890551181104
11
3.8901327952755906
21
-4.1421142913385829
0
LINE
8
BLACK
6
CONTINUOUS
10
3.8901327952755906
20
-4.1421142913385829
11
3.8901748818897639
21
-4.1420981496062987
0
LINE
8
BLACK
6
CONTINUOUS
10
3.8901748818897639
20
-4.1420981496062987
11
3.8901920472440943
21
-4.1420854724409448
0
LINE
8
BLACK
6
CONTINUOUS
10
3.8901920472440943
20
-4.1420854724409448
11
3.8904336220472442
21
-4.1419991338582678
0
LINE
8
BLACK
6
CONTINUOUS
10
3.8904336220472442
20
-4.1419991338582678
11
3.8906733858267715
21
-4.1419074015748034
0
LINE
8
BLACK
6
CONTINUOUS
10
3.8906733858267715
20
-4.1419074015748034
11
3.8906946456692912
21
-4.1419058661417321
0
LINE
8
BLACK
6
CONTINUOUS
10
3.8906946456692912
20
-4.1419058661417321
11
3.8907371653543308
21
-4.1418907086614176
0
LINE
8
BLACK
6
CONTINUOUS
10
3.8907371653543308
20
-4.1418907086614176
11
3.898236220472441
21
-4.1400159448818901
0
LINE
8
BLACK
6
CONTINUOUS
10
3.898236220472441
20
-4.1400159448818901
11
3.8983360629921258
21
-4.1400011417322835
0
LINE
8
BLACK
6
CONTINUOUS
10
3.8983360629921258
20
-4.1400011417322835
11
3.8983762992125985
21
-4.1399845275590552
0
LINE
8
BLACK
6
CONTINUOUS
10
3.8983762992125985
20
-4.1399845275590552
11
3.8985933070866139
21
-4.1399631496062987
0
LINE
8
BLACK
6
CONTINUOUS
10
3.8985933070866139
20
-4.1399631496062987
11
3.8988088188976375
21
-4.1399312992125985
0
LINE
8
BLACK
6
CONTINUOUS
10
3.8988088188976375
20
-4.1399312992125985
11
3.8988518110236221
21
-4.1399376771653547
0
LINE
8
BLACK
6
CONTINUOUS
10
3.8988518110236221
20
-4.1399376771653547
11
3.8989523622047244
21
-4.1399277952755904
0
LINE
8
BLACK
6
CONTINUOUS
10
3.8989523622047244
20
-4.1399277952755904
11
3.9045766535433071
21
-4.1399277952755904
0
LINE
8
BLACK
6
CONTINUOUS
10
3.9045766535433071
20
-4.1399277952755904
11
3.9046771653543306
21
-4.1399376771653547
0
LINE
8
BLACK
6
CONTINUOUS
10
3.8924838582677164
20
-4.1475412992125982
11
3.8894528740157481
21
-4.1490568110236223
0
LINE
8
BLACK
6
CONTINUOUS
10
3.8894528740157481
20
-4.1490568110236223
11
3.8865350393700786
21
-4.1519746062992127
0
LINE
8
BLACK
6
CONTINUOUS
10
3.8865350393700786
20
-4.1519746062992127
11
3.885032244094488
21
-4.1564830314960632
0
LINE
8
BLACK
6
CONTINUOUS
10
3.885032244094488
20
-4.1564830314960632
11
3.885032244094488
21
-4.1624249606299211
0
LINE
8
BLACK
6
CONTINUOUS
10
3.885032244094488
20
-4.1624249606299211
11
3.9184968110236218
21
-4.1624249606299211
0
LINE
8
BLACK
6
CONTINUOUS
10
3.9184968110236218
20
-4.1624249606299211
11
3.9184968110236218
21
-4.1564830314960632
0
LINE
8
BLACK
6
CONTINUOUS
10
3.9184968110236218
20
-4.1564830314960632
11
3.9169940157480312
21
-4.1519746456692914
0
LINE
8
BLACK
6
CONTINUOUS
10
3.9169940157480312
20
-4.1519746456692914
11
3.9140761417322834
21
-4.1490568110236223
0
LINE
8
BLACK
6
CONTINUOUS
10
3.9140761417322834
20
-4.1490568110236223
11
3.9110451574803147
21
-4.1475412992125982
0
LINE
8
BLACK
6
CONTINUOUS
10
3.9110451574803147
20
-4.1475412992125982
11
3.9042131102362205
21
-4.1458333070866145
0
LINE
8
BLACK
6
CONTINUOUS
10
3.9042131102362205
20
-4.1458333070866145
11
3.899315905511811
21
-4.1458333070866145
0
LINE
8
BLACK
6
CONTINUOUS
10
3.899315905511811
20
-4.1458333070866145
11
3.8924838582677164
21
-4.1475412992125982
0
LINE
8
BLACK
6
CONTINUOUS
10
4.130431535433071
20
-4.1002782283464567
11
4.1317099606299212
21
-4.101556653543307
0
LINE
8
BLACK
6
CONTINUOUS
10
4.1317099606299212
20
-4.101556653543307
11
4.1317099606299212
21
-4.1033646062992126
0
LINE
8
BLACK
6
CONTINUOUS
10
4.1317099606299212
20
-4.1033646062992126
11
4.130431535433071
21
-4.1046430314960629
0
LINE
8
BLACK
6
CONTINUOUS
10
4.130431535433071
20
-4.1046430314960629
11
4.1295275590551181
21
-4.1048228346456694
0
LINE
8
BLACK
6
CONTINUOUS
10
4.1295275590551181
20
-4.1048228346456694
11
4.0925196850393704
21
-4.1048228346456694
0
LINE
8
BLACK
6
CONTINUOUS
10
4.0925196850393704
20
-4.1048228346456694
11
4.0925196850393704
21
-4.160019251968504
0
LINE
8
BLACK
6
CONTINUOUS
10
4.0925196850393704
20
-4.160019251968504
11
4.093029960629921
21
-4.1601207480314963
0
LINE
8
BLACK
6
CONTINUOUS
10
4.093029960629921
20
-4.1601207480314963
11
4.0943083858267713
21
-4.1613991732283466
0
LINE
8
BLACK
6
CONTINUOUS
10
4.0943083858267713
20
-4.1613991732283466
11
4.0943083858267713
21
-4.1632071259842522
0
LINE
8
BLACK
6
CONTINUOUS
10
4.0943083858267713
20
-4.1632071259842522
11
4.093029960629921
21
-4.1644855511811025
0
LINE
8
BLACK
6
CONTINUOUS
10
4.093029960629921
20
-4.1644855511811025
11
4.0921259842519682
21
-4.1646653543307082
0
LINE
8
BLACK
6
CONTINUOUS
10
4.0921259842519682
20
-4.1646653543307082
11
4.0901574803149607
21
-4.1646653543307082
0
LINE
8
BLACK
6
CONTINUOUS
10
4.0901574803149607
20
-4.1646653543307082
11
4.0892535039370079
21
-4.1644855511811025
0
LINE
8
BLACK
6
CONTINUOUS
10
4.0892535039370079
20
-4.1644855511811025
11
4.0879750787401576
21
-4.1632071259842522
0
LINE
8
BLACK
6
CONTINUOUS
10
4.0879750787401576
20
-4.1632071259842522
11
4.0877952755905511
21
-4.1623031496062994
0
LINE
8
BLACK
6
CONTINUOUS
10
4.0877952755905511
20
-4.1623031496062994
11
4.0877952755905511
21
-4.1024606299212598
0
LINE
8
BLACK
6
CONTINUOUS
10
4.0877952755905511
20
-4.1024606299212598
11
4.0879750787401576
21
-4.101556653543307
0
LINE
8
BLACK
6
CONTINUOUS
10
4.0879750787401576
20
-4.101556653543307
11
4.0892535039370079
21
-4.1002782283464567
0
LINE
8
BLACK
6
CONTINUOUS
10
4.0892535039370079
20
-4.1002782283464567
11
4.0901574803149607
21
-4.1000984251968502
0
LINE
8
BLACK
6
CONTINUOUS
10
4.0901574803149607
20
-4.1000984251968502
11
4.1295275590551181
21
-4.1000984251968502
0
LINE
8
BLACK
6
CONTINUOUS
10
4.1295275590551181
20
-4.1000984251968502
11
4.130431535433071
21
-4.1002782283464567
0
LINE
8
BLACK
6
CONTINUOUS
10
4.1678331102362201
20
-4.1601207480314963
11
4.1691115354330703
21
-4.1613991732283466
0
LINE
8
BLACK
6
CONTINUOUS
10
4.1691115354330703
20
-4.1613991732283466
11
4.1691115354330703
21
-4.1632071259842522
0
LINE
8
BLACK
6
CONTINUOUS
10
4.1691115354330703
20
-4.1632071259842522
11
4.1678331102362201
21
-4.1644855511811025
0
LINE
8
BLACK
6
CONTINUOUS
10
4.1678331102362201
20
-4.1644855511811025
11
4.1669291338582672
21
-4.1646653543307082
0
LINE
8
BLACK
6
CONTINUOUS
10
4.1669291338582672
20
-4.1646653543307082
11
4.1362204724409448
21
-4.1646653543307082
0
LINE
8
BLACK
6
CONTINUOUS
10
4.1362204724409448
20
-4.1646653543307082
11
4.135316496062992
21
-4.1644855511811025
0
LINE
8
BLACK
6
CONTINUOUS
10
4.135316496062992
20
-4.1644855511811025
11
4.1340380708661417
21
-4.1632071259842522
0
LINE
8
BLACK
6
CONTINUOUS
10
4.1340380708661417
20
-4.1632071259842522
11
4.1340380708661417
21
-4.1613991732283466
0
LINE
8
BLACK
6
CONTINUOUS
10
4.1340380708661417
20
-4.1613991732283466
11
4.135316496062992
21
-4.1601207480314963
0
LINE
8
BLACK
6
CONTINUOUS
10
4.135316496062992
20
-4.1601207480314963
11
4.1362204724409448
21
-4.1599409448818898
0
LINE
8
BLACK
6
CONTINUOUS
10
4.1362204724409448
20
-4.1599409448818898
11
4.1669291338582672
21
-4.1599409448818898
0
LINE
8
BLACK
6
CONTINUOUS
10
4.1669291338582672
20
-4.1599409448818898
11
4.1678331102362201
21
-4.1601207480314963
0
LINE
8
BLACK
6
CONTINUOUS
10
4.213896102362205
20
-4.1002782283464567
11
4.2151745275590553
21
-4.101556653543307
0
LINE
8
BLACK
6
CONTINUOUS
10
4.2151745275590553
20
-4.101556653543307
11
4.2153543307086609
21
-4.1024606299212598
0
LINE
8
BLACK
6
CONTINUOUS
10
4.2153543307086609
20
-4.1024606299212598
11
4.2153543307086609
21
-4.1623031496062994
0
LINE
8
BLACK
6
CONTINUOUS
10
4.2153543307086609
20
-4.1623031496062994
11
4.2151745275590553
21
-4.1632071259842522
0
LINE
8
BLACK
6
CONTINUOUS
10
4.2151745275590553
20
-4.1632071259842522
11
4.213896102362205
21
-4.1644855511811025
0
LINE
8
BLACK
6
CONTINUOUS
10
4.213896102362205
20
-4.1644855511811025
11
4.2129921259842522
21
-4.1646653543307082
0
LINE
8
BLACK
6
CONTINUOUS
10
4.2129921259842522
20
-4.1646653543307082
11
4.2110236220472439
21
-4.1646653543307082
0
LINE
8
BLACK
6
CONTINUOUS
10
4.2110236220472439
20
-4.1646653543307082
11
4.2101196456692911
21
-4.1644855511811025
0
LINE
8
BLACK
6
CONTINUOUS
10
4.2101196456692911
20
-4.1644855511811025
11
4.2088412204724408
21
-4.1632071259842522
0
LINE
8
BLACK
6
CONTINUOUS
10
4.2088412204724408
20
-4.1632071259842522
11
4.2088412204724408
21
-4.1613991732283466
0
LINE
8
BLACK
6
CONTINUOUS
10
4.2088412204724408
20
-4.1613991732283466
11
4.2101196456692911
21
-4.1601207480314963
0
LINE
8
BLACK
6
CONTINUOUS
10
4.2101196456692911
20
-4.1601207480314963
11
4.2106299212598426
21
-4.160019251968504
0
LINE
8
BLACK
6
CONTINUOUS
10
4.2106299212598426
20
-4.160019251968504
11
4.2106299212598426
21
-4.1048228346456694
0
LINE
8
BLACK
6
CONTINUOUS
10
4.2106299212598426
20
-4.1048228346456694
11
4.1736220472440948
21
-4.1048228346456694
0
LINE
8
BLACK
6
CONTINUOUS
10
4.1736220472440948
20
-4.1048228346456694
11
4.172718070866142
21
-4.1046430314960629
0
LINE
8
BLACK
6
CONTINUOUS
10
4.172718070866142
20
-4.1046430314960629
11
4.1714396456692908
21
-4.1033646062992126
0
LINE
8
BLACK
6
CONTINUOUS
10
4.1714396456692908
20
-4.1033646062992126
11
4.1714396456692908
21
-4.101556653543307
0
LINE
8
BLACK
6
CONTINUOUS
10
4.1714396456692908
20
-4.101556653543307
11
4.172718070866142
21
-4.1002782283464567
0
LINE
8
BLACK
6
CONTINUOUS
10
4.172718070866142
20
-4.1002782283464567
11
4.1736220472440948
21
-4.1000984251968502
0
LINE
8
BLACK
6
CONTINUOUS
10
4.1736220472440948
20
-4.1000984251968502
11
4.2129921259842522
21
-4.1000984251968502
0
LINE
8
BLACK
6
CONTINUOUS
10
4.2129921259842522
20
-4.1000984251968502
11
4.213896102362205
21
-4.1002782283464567
0
LINE
8
BLACK
6
CONTINUOUS
10
3.9099666535433069
20
-4.1010553543307084
11
3.9107812992125983
21
-4.1018699999999999
0
LINE
8
BLACK
6
CONTINUOUS
10
3.9107812992125983
20
-4.1018699999999999
11
3.9112222047244094
21
-4.1029344094488192
0
LINE
8
BLACK
6
CONTINUOUS
10
3.9112222047244094
20
-4.1029344094488192
11
3.9112789370078738
21
-4.103510472440945
0
LINE
8
BLACK
6
CONTINUOUS
10
3.9112789370078738
20
-4.103510472440945
11
3.9112789370078738
21
-4.1061820078740157
0
LINE
8
BLACK
6
CONTINUOUS
10
3.9112789370078738
20
-4.1061820078740157
11
3.9214495669291338
21
-4.1061820078740157
0
LINE
8
BLACK
6
CONTINUOUS
10
3.9214495669291338
20
-4.1061820078740157
11
3.9220256299212597
21
-4.1062387401574805
0
LINE
8
BLACK
6
CONTINUOUS
10
3.9220256299212597
20
-4.1062387401574805
11
3.9230900393700785
21
-4.1066796456692911
0
LINE
8
BLACK
6
CONTINUOUS
10
3.9230900393700785
20
-4.1066796456692911
11
3.92390468503937
21
-4.1074942913385826
0
LINE
8
BLACK
6
CONTINUOUS
10
3.92390468503937
20
-4.1074942913385826
11
3.924345590551181
21
-4.1085587007874018
0
LINE
8
BLACK
6
CONTINUOUS
10
3.924345590551181
20
-4.1085587007874018
11
3.924345590551181
21
-4.1097108267716536
0
LINE
8
BLACK
6
CONTINUOUS
10
3.924345590551181
20
-4.1097108267716536
11
3.92390468503937
21
-4.1107752362204719
0
LINE
8
BLACK
6
CONTINUOUS
10
3.92390468503937
20
-4.1107752362204719
11
3.9230900393700785
21
-4.1115898818897634
0
LINE
8
BLACK
6
CONTINUOUS
10
3.9230900393700785
20
-4.1115898818897634
11
3.9220256299212597
21
-4.1120307874015749
0
LINE
8
BLACK
6
CONTINUOUS
10
3.9220256299212597
20
-4.1120307874015749
11
3.9214495669291338
21
-4.1120875196850397
0
LINE
8
BLACK
6
CONTINUOUS
10
3.9214495669291338
20
-4.1120875196850397
11
3.9112789370078738
21
-4.1120875196850397
0
LINE
8
BLACK
6
CONTINUOUS
10
3.9112789370078738
20
-4.1120875196850397
11
3.9112789370078738
21
-4.1278824015748032
0
LINE
8
BLACK
6
CONTINUOUS
10
3.9112789370078738
20
-4.1278824015748032
11
3.9112501968503937
21
-4.1281739370078743
0
LINE
8
BLACK
6
CONTINUOUS
10
3.9112501968503937
20
-4.1281739370078743
11
3.911255748031496
21
-4.1282516929133859
0
LINE
8
BLACK
6
CONTINUOUS
10
3.911255748031496
20
-4.1282516929133859
11
3.9112370078740155
21
-4.1283077952755907
0
LINE
8
BLACK
6
CONTINUOUS
10
3.9112370078740155
20
-4.1283077952755907
11
3.9112222047244094
21
-4.1284584645669291
0
LINE
8
BLACK
6
CONTINUOUS
10
3.9112222047244094
20
-4.1284584645669291
11
3.911041023622047
21
-4.1288958267716538
0
LINE
8
BLACK
6
CONTINUOUS
10
3.911041023622047
20
-4.1288958267716538
11
3.9108914173228344
21
-4.1293446850393698
0
LINE
8
BLACK
6
CONTINUOUS
10
3.9108914173228344
20
-4.1293446850393698
11
3.9108218897637794
21
-4.1294248031496066
0
LINE
8
BLACK
6
CONTINUOUS
10
3.9108218897637794
20
-4.1294248031496066
11
3.9107812992125983
21
-4.1295228740157484
0
LINE
8
BLACK
6
CONTINUOUS
10
3.9107812992125983
20
-4.1295228740157484
11
3.9104465354330706
21
-4.1298575984251968
0
LINE
8
BLACK
6
CONTINUOUS
10
3.9104465354330706
20
-4.1298575984251968
11
3.9101365354330708
21
-4.1302150787401573
0
LINE
8
BLACK
6
CONTINUOUS
10
3.9101365354330708
20
-4.1302150787401573
11
3.9100416535433071
21
-4.1302624803149603
0
LINE
8
BLACK
6
CONTINUOUS
10
3.9100416535433071
20
-4.1302624803149603
11
3.9099666535433069
21
-4.1303375196850389
0
LINE
8
BLACK
6
CONTINUOUS
10
3.9099666535433069
20
-4.1303375196850389
11
3.9095291732283464
21
-4.1305187007874018
0
LINE
8
BLACK
6
CONTINUOUS
10
3.9095291732283464
20
-4.1305187007874018
11
3.9091060629921257
21
-4.1307302755905511
0
LINE
8
BLACK
6
CONTINUOUS
10
3.9091060629921257
20
-4.1307302755905511
11
3.9090003149606298
21
-4.1307377559055114
0
LINE
8
BLACK
6
CONTINUOUS
10
3.9090003149606298
20
-4.1307377559055114
11
3.9089022440944881
21
-4.1307784251968505
0
LINE
8
BLACK
6
CONTINUOUS
10
3.9089022440944881
20
-4.1307784251968505
11
3.9084287007874017
21
-4.1307784251968505
0
LINE
8
BLACK
6
CONTINUOUS
10
3.9084287007874017
20
-4.1307784251968505
11
3.9079568503937008
21
-4.1308119685039371
0
LINE
8
BLACK
6
CONTINUOUS
10
3.9079568503937008
20
-4.1308119685039371
11
3.9078093307086612
21
-4.1307784251968505
0
LINE
8
BLACK
6
CONTINUOUS
10
3.9078093307086612
20
-4.1307784251968505
11
3.9077501181102363
21
-4.1307784251968505
0
LINE
8
BLACK
6
CONTINUOUS
10
3.9077501181102363
20
-4.1307784251968505
11
3.9076780314960629
21
-4.130748543307087
0
LINE
8
BLACK
6
CONTINUOUS
10
3.9076780314960629
20
-4.130748543307087
11
3.9073924015748029
21
-4.1306836220472443
0
LINE
8
BLACK
6
CONTINUOUS
10
3.9073924015748029
20
-4.1306836220472443
11
3.8792709842519684
21
-4.1213098031496065
0
LINE
8
BLACK
6
CONTINUOUS
10
3.8792709842519684
20
-4.1213098031496065
11
3.8787424015748031
21
-4.1210738188976377
0
LINE
8
BLACK
6
CONTINUOUS
10
3.8787424015748031
20
-4.1210738188976377
11
3.8778720472440944
21
-4.1203189370078741
0
LINE
8
BLACK
6
CONTINUOUS
10
3.8778720472440944
20
-4.1203189370078741
11
3.8773568503937006
21
-4.1192885039370077
0
LINE
8
BLACK
6
CONTINUOUS
10
3.8773568503937006
20
-4.1192885039370077
11
3.877275157480315
21
-4.1181392913385828
0
LINE
8
BLACK
6
CONTINUOUS
10
3.877275157480315
20
-4.1181392913385828
11
3.8776394881889762
21
-4.1170462598425193
0
LINE
8
BLACK
6
CONTINUOUS
10
3.8776394881889762
20
-4.1170462598425193
11
3.8783943700787402
21
-4.1161759055118106
0
LINE
8
BLACK
6
CONTINUOUS
10
3.8783943700787402
20
-4.1161759055118106
11
3.8794248031496061
21
-4.1156607086614176
0
LINE
8
BLACK
6
CONTINUOUS
10
3.8794248031496061
20
-4.1156607086614176
11
3.8805740157480315
21
-4.1155790157480316
0
LINE
8
BLACK
6
CONTINUOUS
10
3.8805740157480315
20
-4.1155790157480316
11
3.8811384645669289
21
-4.1157073622047244
0
LINE
8
BLACK
6
CONTINUOUS
10
3.8811384645669289
20
-4.1157073622047244
11
3.9053734251968502
21
-4.1237856692913386
0
LINE
8
BLACK
6
CONTINUOUS
10
3.9053734251968502
20
-4.1237856692913386
11
3.9053734251968502
21
-4.1120875196850397
0
LINE
8
BLACK
6
CONTINUOUS
10
3.9053734251968502
20
-4.1120875196850397
11
3.8952028346456693
21
-4.1120875196850397
0
LINE
8
BLACK
6
CONTINUOUS
10
3.8952028346456693
20
-4.1120875196850397
11
3.8946267716535434
21
-4.1120307874015749
0
LINE
8
BLACK
6
CONTINUOUS
10
3.8946267716535434
20
-4.1120307874015749
11
3.8935623622047242
21
-4.1115898818897634
0
LINE
8
BLACK
6
CONTINUOUS
10
3.8935623622047242
20
-4.1115898818897634
11
3.8927477165354332
21
-4.1107752362204719
0
LINE
8
BLACK
6
CONTINUOUS
10
3.8927477165354332
20
-4.1107752362204719
11
3.8923068110236221
21
-4.1097108267716536
0
LINE
8
BLACK
6
CONTINUOUS
10
3.8923068110236221
20
-4.1097108267716536
11
3.8923068110236221
21
-4.1085587007874018
0
LINE
8
BLACK
6
CONTINUOUS
10
3.8923068110236221
20
-4.1085587007874018
11
3.8927477165354332
21
-4.1074942913385826
0
LINE
8
BLACK
6
CONTINUOUS
10
3.8927477165354332
20
-4.1074942913385826
11
3.8935623622047242
21
-4.1066796456692911
0
LINE
8
BLACK
6
CONTINUOUS
10
3.8935623622047242
20
-4.1066796456692911
11
3.8946267716535434
21
-4.1062387401574805
0
LINE
8
BLACK
6
CONTINUOUS
10
3.8946267716535434
20
-4.1062387401574805
11
3.8952028346456693
21
-4.1061820078740157
0
LINE
8
BLACK
6
CONTINUOUS
10
3.8952028346456693
20
-4.1061820078740157
11
3.9053734251968502
21
-4.1061820078740157
0
LINE
8
BLACK
6
CONTINUOUS
10
3.9053734251968502
20
-4.1061820078740157
11
3.9053734251968502
21
-4.103510472440945
0
LINE
8
BLACK
6
CONTINUOUS
10
3.9053734251968502
20
-4.103510472440945
11
3.905430157480315
21
-4.1029344094488192
0
LINE
8
BLACK
6
CONTINUOUS
10
3.905430157480315
20
-4.1029344094488192
11
3.9058710629921261
21
-4.1018699999999999
0
LINE
8
BLACK
6
CONTINUOUS
10
3.9058710629921261
20
-4.1018699999999999
11
3.9066857086614171
21
-4.1010553543307084
0
LINE
8
BLACK
6
CONTINUOUS
10
3.9066857086614171
20
-4.1010553543307084
11
3.9077501181102363
21
-4.1006144488188978
0
LINE
8
BLACK
6
CONTINUOUS
10
3.9077501181102363
20
-4.1006144488188978
11
3.9089022440944881
21
-4.1006144488188978
0
LINE
8
BLACK
6
CONTINUOUS
10
3.9089022440944881
20
-4.1006144488188978
11
3.9099666535433069
21
-4.1010553543307084
0
LINE
8
BLACK
6
CONTINUOUS
10
2.3705893700787399
20
-4.0205370078740152
11
2.3714040157480314
21
-4.0213516535433067
0
LINE
8
BLACK
6
CONTINUOUS
10
2.3714040157480314
20
-4.0213516535433067
11
2.3718449212598425
21
-4.022416062992126
0
LINE
8
BLACK
6
CONTINUOUS
10
2.3718449212598425
20
-4.022416062992126
11
2.3719016535433068
21
-4.0229921259842518
0
LINE
8
BLACK
6
CONTINUOUS
10
2.3719016535433068
20
-4.0229921259842518
11
2.3719016535433068
21
-4.0829921259842523
0
LINE
8
BLACK
6
CONTINUOUS
10
2.3719016535433068
20
-4.0829921259842523
11
2.3718449212598425
21
-4.0835681889763782
0
LINE
8
BLACK
6
CONTINUOUS
10
2.3718449212598425
20
-4.0835681889763782
11
2.3714040157480314
21
-4.0846325984251965
0
LINE
8
BLACK
6
CONTINUOUS
10
2.3714040157480314
20
-4.0846325984251965
11
2.3705893700787399
21
-4.085447244094488
0
LINE
8
BLACK
6
CONTINUOUS
10
2.3705893700787399
20
-4.085447244094488
11
2.3695249606299211
21
-4.0858881496062995
0
LINE
8
BLACK
6
CONTINUOUS
10
2.3695249606299211
20
-4.0858881496062995
11
2.3683728346456694
21
-4.0858881496062995
0
LINE
8
BLACK
6
CONTINUOUS
10
2.3683728346456694
20
-4.0858881496062995
11
2.3673084251968501
21
-4.085447244094488
0
LINE
8
BLACK
6
CONTINUOUS
10
2.3673084251968501
20
-4.085447244094488
11
2.3664937795275591
21
-4.0846325984251965
0
LINE
8
BLACK
6
CONTINUOUS
10
2.3664937795275591
20
-4.0846325984251965
11
2.366052874015748
21
-4.0835681889763782
0
LINE
8
BLACK
6
CONTINUOUS
10
2.366052874015748
20
-4.0835681889763782
11
2.3659961417322832
21
-4.0829921259842523
0
LINE
8
BLACK
6
CONTINUOUS
10
2.3659961417322832
20
-4.0829921259842523
11
2.3659961417322832
21
-4.0229921259842518
0
LINE
8
BLACK
6
CONTINUOUS
10
2.3659961417322832
20
-4.0229921259842518
11
2.366052874015748
21
-4.022416062992126
0
LINE
8
BLACK
6
CONTINUOUS
10
2.366052874015748
20
-4.022416062992126
11
2.3664937795275591
21
-4.0213516535433067
0
LINE
8
BLACK
6
CONTINUOUS
10
2.3664937795275591
20
-4.0213516535433067
11
2.3673084251968501
21
-4.0205370078740152
0
LINE
8
BLACK
6
CONTINUOUS
10
2.3673084251968501
20
-4.0205370078740152
11
2.3683728346456694
21
-4.0200961023622046
0
LINE
8
BLACK
6
CONTINUOUS
10
2.3683728346456694
20
-4.0200961023622046
11
2.3695249606299211
21
-4.0200961023622046
0
LINE
8
BLACK
6
CONTINUOUS
10
2.3695249606299211
20
-4.0200961023622046
11
2.3705893700787399
21
-4.0205370078740152
0
LINE
8
BLACK
6
CONTINUOUS
10
2.49058937007874
20
-4.0205370078740152
11
2.4914040157480315
21
-4.0213516535433067
0
LINE
8
BLACK
6
CONTINUOUS
10
2.4914040157480315
20
-4.0213516535433067
11
2.4918449212598426
21
-4.022416062992126
0
LINE
8
BLACK
6
CONTINUOUS
10
2.4918449212598426
20
-4.022416062992126
11
2.4919016535433069
21
-4.0229921259842518
0
LINE
8
BLACK
6
CONTINUOUS
10
2.4919016535433069
20
-4.0229921259842518
11
2.4919016535433069
21
-4.0829921259842523
0
LINE
8
BLACK
6
CONTINUOUS
10
2.4919016535433069
20
-4.0829921259842523
11
2.4918449212598426
21
-4.0835681889763782
0
LINE
8
BLACK
6
CONTINUOUS
10
2.4918449212598426
20
-4.0835681889763782
11
2.4914040157480315
21
-4.0846325984251965
0
LINE
8
BLACK
6
CONTINUOUS
10
2.4914040157480315
20
-4.0846325984251965
11
2.49058937007874
21
-4.085447244094488
0
LINE
8
BLACK
6
CONTINUOUS
10
2.49058937007874
20
-4.085447244094488
11
2.4895249606299212
21
-4.0858881496062995
0
LINE
8
BLACK
6
CONTINUOUS
10
2.4895249606299212
20
-4.0858881496062995
11
2.4883728346456691
21
-4.0858881496062995
0
LINE
8
BLACK
6
CONTINUOUS
10
2.4883728346456691
20
-4.0858881496062995
11
2.4873084251968502
21
-4.085447244094488
0
LINE
8
BLACK
6
CONTINUOUS
10
2.4873084251968502
20
-4.085447244094488
11
2.4864937795275588
21
-4.0846325984251965
0
LINE
8
BLACK
6
CONTINUOUS
10
2.4864937795275588
20
-4.0846325984251965
11
2.4860528740157481
21
-4.0835681889763782
0
LINE
8
BLACK
6
CONTINUOUS
10
2.4860528740157481
20
-4.0835681889763782
11
2.4859961417322833
21
-4.0829921259842523
0
LINE
8
BLACK
6
CONTINUOUS
10
2.4859961417322833
20
-4.0829921259842523
11
2.4859961417322833
21
-4.0229921259842518
0
LINE
8
BLACK
6
CONTINUOUS
10
2.4859961417322833
20
-4.0229921259842518
11
2.4860528740157481
21
-4.022416062992126
0
LINE
8
BLACK
6
CONTINUOUS
10
2.4860528740157481
20
-4.022416062992126
11
2.4864937795275588
21
-4.0213516535433067
0
LINE
8
BLACK
6
CONTINUOUS
10
2.4864937795275588
20
-4.0213516535433067
11
2.4873084251968502
21
-4.0205370078740152
0
LINE
8
BLACK
6
CONTINUOUS
10
2.4873084251968502
20
-4.0205370078740152
11
2.4883728346456691
21
-4.0200961023622046
0
LINE
8
BLACK
6
CONTINUOUS
10
2.4883728346456691
20
-4.0200961023622046
11
2.4895249606299212
21
-4.0200961023622046
0
LINE
8
BLACK
6
CONTINUOUS
10
2.4895249606299212
20
-4.0200961023622046
11
2.49058937007874
21
-4.0205370078740152
0
LINE
8
BLACK
6
CONTINUOUS
10
2.4448528740157478
20
-4.0808097244094483
11
2.4461312992125985
21
-4.0820881496062995
0
LINE
8
BLACK
6
CONTINUOUS
10
2.4461312992125985
20
-4.0820881496062995
11
2.4461312992125985
21
-4.0838961023622042
0
LINE
8
BLACK
6
CONTINUOUS
10
2.4461312992125985
20
-4.0838961023622042
11
2.4448528740157478
21
-4.0851745275590554
0
LINE
8
BLACK
6
CONTINUOUS
10
2.4448528740157478
20
-4.0851745275590554
11
2.4439488976377954
21
-4.0853543307086611
0
LINE
8
BLACK
6
CONTINUOUS
10
2.4439488976377954
20
-4.0853543307086611
11
2.4139488976377952
21
-4.0853543307086611
0
LINE
8
BLACK
6
CONTINUOUS
10
2.4139488976377952
20
-4.0853543307086611
11
2.4130449212598424
21
-4.0851745275590554
0
LINE
8
BLACK
6
CONTINUOUS
10
2.4130449212598424
20
-4.0851745275590554
11
2.4117664960629921
21
-4.0838961023622042
0
LINE
8
BLACK
6
CONTINUOUS
10
2.4117664960629921
20
-4.0838961023622042
11
2.4117664960629921
21
-4.0820881496062995
0
LINE
8
BLACK
6
CONTINUOUS
10
2.4117664960629921
20
-4.0820881496062995
11
2.4130449212598424
21
-4.0808097244094483
0
LINE
8
BLACK
6
CONTINUOUS
10
2.4130449212598424
20
-4.0808097244094483
11
2.4139488976377952
21
-4.0806299212598427
0
LINE
8
BLACK
6
CONTINUOUS
10
2.4139488976377952
20
-4.0806299212598427
11
2.4439488976377954
21
-4.0806299212598427
0
LINE
8
BLACK
6
CONTINUOUS
10
2.4439488976377954
20
-4.0806299212598427
11
2.4448528740157478
21
-4.0808097244094483
0
LINE
8
BLACK
6
CONTINUOUS
10
2.4448528740157478
20
-4.0208097244094487
11
2.4461312992125985
21
-4.022088149606299
0
LINE
8
BLACK
6
CONTINUOUS
10
2.4461312992125985
20
-4.022088149606299
11
2.4461312992125985
21
-4.0238961023622046
0
LINE
8
BLACK
6
CONTINUOUS
10
2.4461312992125985
20
-4.0238961023622046
11
2.4448528740157478
21
-4.0251745275590549
0
LINE
8
BLACK
6
CONTINUOUS
10
2.4448528740157478
20
-4.0251745275590549
11
2.4439488976377954
21
-4.0253543307086614
0
LINE
8
BLACK
6
CONTINUOUS
10
2.4439488976377954
20
-4.0253543307086614
11
2.4139488976377952
21
-4.0253543307086614
0
LINE
8
BLACK
6
CONTINUOUS
10
2.4139488976377952
20
-4.0253543307086614
11
2.4130449212598424
21
-4.0251745275590549
0
LINE
8
BLACK
6
CONTINUOUS
10
2.4130449212598424
20
-4.0251745275590549
11
2.4117664960629921
21
-4.0238961023622046
0
LINE
8
BLACK
6
CONTINUOUS
10
2.4117664960629921
20
-4.0238961023622046
11
2.4117664960629921
21
-4.022088149606299
0
LINE
8
BLACK
6
CONTINUOUS
10
2.4117664960629921
20
-4.022088149606299
11
2.4130449212598424
21
-4.0208097244094487
0
LINE
8
BLACK
6
CONTINUOUS
10
2.4130449212598424
20
-4.0208097244094487
11
2.4139488976377952
21
-4.0206299212598422
0
LINE
8
BLACK
6
CONTINUOUS
10
2.4139488976377952
20
-4.0206299212598422
11
2.4439488976377954
21
-4.0206299212598422
0
LINE
8
BLACK
6
CONTINUOUS
10
2.4439488976377954
20
-4.0206299212598422
11
2.4448528740157478
21
-4.0208097244094487
0
LINE
8
BLACK
6
CONTINUOUS
10
2.3705893700787399
20
-3.9152614173228346
11
2.3714040157480314
21
-3.9160760629921261
0
LINE
8
BLACK
6
CONTINUOUS
10
2.3714040157480314
20
-3.9160760629921261
11
2.3718449212598425
21
-3.9171404724409449
0
LINE
8
BLACK
6
CONTINUOUS
10
2.3718449212598425
20
-3.9171404724409449
11
2.3719016535433068
21
-3.9177165354330707
0
LINE
8
BLACK
6
CONTINUOUS
10
2.3719016535433068
20
-3.9177165354330707
11
2.3719016535433068
21
-3.9777165354330708
0
LINE
8
BLACK
6
CONTINUOUS
10
2.3719016535433068
20
-3.9777165354330708
11
2.3718449212598425
21
-3.9782925984251967
0
LINE
8
BLACK
6
CONTINUOUS
10
2.3718449212598425
20
-3.9782925984251967
11
2.3714040157480314
21
-3.9793570078740155
0
LINE
8
BLACK
6
CONTINUOUS
10
2.3714040157480314
20
-3.9793570078740155
11
2.3705893700787399
21
-3.9801716535433069
0
LINE
8
BLACK
6
CONTINUOUS
10
2.3705893700787399
20
-3.9801716535433069
11
2.3695249606299211
21
-3.980612559055118
0
LINE
8
BLACK
6
CONTINUOUS
10
2.3695249606299211
20
-3.980612559055118
11
2.3683728346456694
21
-3.980612559055118
0
LINE
8
BLACK
6
CONTINUOUS
10
2.3683728346456694
20
-3.980612559055118
11
2.3673084251968501
21
-3.9801716535433069
0
LINE
8
BLACK
6
CONTINUOUS
10
2.3673084251968501
20
-3.9801716535433069
11
2.3664937795275591
21
-3.9793570078740155
0
LINE
8
BLACK
6
CONTINUOUS
10
2.3664937795275591
20
-3.9793570078740155
11
2.366052874015748
21
-3.9782925984251967
0
LINE
8
BLACK
6
CONTINUOUS
10
2.366052874015748
20
-3.9782925984251967
11
2.3659961417322832
21
-3.9777165354330708
0
LINE
8
BLACK
6
CONTINUOUS
10
2.3659961417322832
20
-3.9777165354330708
11
2.3659961417322832
21
-3.9177165354330707
0
LINE
8
BLACK
6
CONTINUOUS
10
2.3659961417322832
20
-3.9177165354330707
11
2.366052874015748
21
-3.9171404724409449
0
LINE
8
BLACK
6
CONTINUOUS
10
2.366052874015748
20
-3.9171404724409449
11
2.3664937795275591
21
-3.9160760629921261
0
LINE
8
BLACK
6
CONTINUOUS
10
2.3664937795275591
20
-3.9160760629921261
11
2.3673084251968501
21
-3.9152614173228346
0
LINE
8
BLACK
6
CONTINUOUS
10
2.3673084251968501
20
-3.9152614173228346
11
2.3683728346456694
21
-3.9148205118110235
0
LINE
8
BLACK
6
CONTINUOUS
10
2.3683728346456694
20
-3.9148205118110235
11
2.3695249606299211
21
-3.9148205118110235
0
LINE
8
BLACK
6
CONTINUOUS
10
2.3695249606299211
20
-3.9148205118110235
11
2.3705893700787399
21
-3.9152614173228346
0
LINE
8
BLACK
6
CONTINUOUS
10
2.49058937007874
20
-3.9152614173228346
11
2.4914040157480315
21
-3.9160760629921261
0
LINE
8
BLACK
6
CONTINUOUS
10
2.4914040157480315
20
-3.9160760629921261
11
2.4918449212598426
21
-3.9171404724409449
0
LINE
8
BLACK
6
CONTINUOUS
10
2.4918449212598426
20
-3.9171404724409449
11
2.4919016535433069
21
-3.9177165354330707
0
LINE
8
BLACK
6
CONTINUOUS
10
2.4919016535433069
20
-3.9177165354330707
11
2.4919016535433069
21
-3.9777165354330708
0
LINE
8
BLACK
6
CONTINUOUS
10
2.4919016535433069
20
-3.9777165354330708
11
2.4918449212598426
21
-3.9782925984251967
0
LINE
8
BLACK
6
CONTINUOUS
10
2.4918449212598426
20
-3.9782925984251967
11
2.4914040157480315
21
-3.9793570078740155
0
LINE
8
BLACK
6
CONTINUOUS
10
2.4914040157480315
20
-3.9793570078740155
11
2.49058937007874
21
-3.9801716535433069
0
LINE
8
BLACK
6
CONTINUOUS
10
2.49058937007874
20
-3.9801716535433069
11
2.4895249606299212
21
-3.980612559055118
0
LINE
8
BLACK
6
CONTINUOUS
10
2.4895249606299212
20
-3.980612559055118
11
2.4883728346456691
21
-3.980612559055118
0
LINE
8
BLACK
6
CONTINUOUS
10
2.4883728346456691
20
-3.980612559055118
11
2.4873084251968502
21
-3.9801716535433069
0
LINE
8
BLACK
6
CONTINUOUS
10
2.4873084251968502
20
-3.9801716535433069
11
2.4864937795275588
21
-3.9793570078740155
0
LINE
8
BLACK
6
CONTINUOUS
10
2.4864937795275588
20
-3.9793570078740155
11
2.4860528740157481
21
-3.9782925984251967
0
LINE
8
BLACK
6
CONTINUOUS
10
2.4860528740157481
20
-3.9782925984251967
11
2.4859961417322833
21
-3.9777165354330708
0
LINE
8
BLACK
6
CONTINUOUS
10
2.4859961417322833
20
-3.9777165354330708
11
2.4859961417322833
21
-3.9177165354330707
0
LINE
8
BLACK
6
CONTINUOUS
10
2.4859961417322833
20
-3.9177165354330707
11
2.4860528740157481
21
-3.9171404724409449
0
LINE
8
BLACK
6
CONTINUOUS
10
2.4860528740157481
20
-3.9171404724409449
11
2.4864937795275588
21
-3.9160760629921261
0
LINE
8
BLACK
6
CONTINUOUS
10
2.4864937795275588
20
-3.9160760629921261
11
2.4873084251968502
21
-3.9152614173228346
0
LINE
8
BLACK
6
CONTINUOUS
10
2.4873084251968502
20
-3.9152614173228346
11
2.4883728346456691
21
-3.9148205118110235
0
LINE
8
BLACK
6
CONTINUOUS
10
2.4883728346456691
20
-3.9148205118110235
11
2.4895249606299212
21
-3.9148205118110235
0
LINE
8
BLACK
6
CONTINUOUS
10
2.4895249606299212
20
-3.9148205118110235
11
2.49058937007874
21
-3.9152614173228346
0
LINE
8
BLACK
6
CONTINUOUS
10
2.4448528740157478
20
-3.9755341338582677
11
2.4461312992125985
21
-3.976812559055118
0
LINE
8
BLACK
6
CONTINUOUS
10
2.4461312992125985
20
-3.976812559055118
11
2.4461312992125985
21
-3.9786205118110236
0
LINE
8
BLACK
6
CONTINUOUS
10
2.4461312992125985
20
-3.9786205118110236
11
2.4448528740157478
21
-3.9798989370078739
0
LINE
8
BLACK
6
CONTINUOUS
10
2.4448528740157478
20
-3.9798989370078739
11
2.4439488976377954
21
-3.9800787401574804
0
LINE
8
BLACK
6
CONTINUOUS
10
2.4439488976377954
20
-3.9800787401574804
11
2.4139488976377952
21
-3.9800787401574804
0
LINE
8
BLACK
6
CONTINUOUS
10
2.4139488976377952
20
-3.9800787401574804
11
2.4130449212598424
21
-3.9798989370078739
0
LINE
8
BLACK
6
CONTINUOUS
10
2.4130449212598424
20
-3.9798989370078739
11
2.4117664960629921
21
-3.9786205118110236
0
LINE
8
BLACK
6
CONTINUOUS
10
2.4117664960629921
20
-3.9786205118110236
11
2.4117664960629921
21
-3.976812559055118
0
LINE
8
BLACK
6
CONTINUOUS
10
2.4117664960629921
20
-3.976812559055118
11
2.4130449212598424
21
-3.9755341338582677
0
LINE
8
BLACK
6
CONTINUOUS
10
2.4130449212598424
20
-3.9755341338582677
11
2.4139488976377952
21
-3.9753543307086612
0
LINE
8
BLACK
6
CONTINUOUS
10
2.4139488976377952
20
-3.9753543307086612
11
2.4439488976377954
21
-3.9753543307086612
0
LINE
8
BLACK
6
CONTINUOUS
10
2.4439488976377954
20
-3.9753543307086612
11
2.4448528740157478
21
-3.9755341338582677
0
LINE
8
BLACK
6
CONTINUOUS
10
2.4448528740157478
20
-3.9155341338582677
11
2.4461312992125985
21
-3.9168125590551179
0
LINE
8
BLACK
6
CONTINUOUS
10
2.4461312992125985
20
-3.9168125590551179
11
2.4461312992125985
21
-3.9186205118110236
0
LINE
8
BLACK
6
CONTINUOUS
10
2.4461312992125985
20
-3.9186205118110236
11
2.4448528740157478
21
-3.9198989370078738
0
LINE
8
BLACK
6
CONTINUOUS
10
2.4448528740157478
20
-3.9198989370078738
11
2.4439488976377954
21
-3.9200787401574804
0
LINE
8
BLACK
6
CONTINUOUS
10
2.4439488976377954
20
-3.9200787401574804
11
2.4139488976377952
21
-3.9200787401574804
0
LINE
8
BLACK
6
CONTINUOUS
10
2.4139488976377952
20
-3.9200787401574804
11
2.4130449212598424
21
-3.9198989370078738
0
LINE
8
BLACK
6
CONTINUOUS
10
2.4130449212598424
20
-3.9198989370078738
11
2.4117664960629921
21
-3.9186205118110236
0
LINE
8
BLACK
6
CONTINUOUS
10
2.4117664960629921
20
-3.9186205118110236
11
2.4117664960629921
21
-3.9168125590551179
0
LINE
8
BLACK
6
CONTINUOUS
10
2.4117664960629921
20
-3.9168125590551179
11
2.4130449212598424
21
-3.9155341338582677
0
LINE
8
BLACK
6
CONTINUOUS
10
2.4130449212598424
20
-3.9155341338582677
11
2.4139488976377952
21
-3.9153543307086611
0
LINE
8
BLACK
6
CONTINUOUS
10
2.4139488976377952
20
-3.9153543307086611
11
2.4439488976377954
21
-3.9153543307086611
0
LINE
8
BLACK
6
CONTINUOUS
10
2.4439488976377954
20
-3.9153543307086611
11
2.4448528740157478
21
-3.9155341338582677
0
LINE
8
BLACK
6
CONTINUOUS
10
3.96527405511811
20
-3.4757703543307086
11
3.9665524803149603
21
-3.4770487795275589
0
LINE
8
BLACK
6
CONTINUOUS
10
3.9665524803149603
20
-3.4770487795275589
11
3.9665524803149603
21
-3.4788567322834645
0
LINE
8
BLACK
6
CONTINUOUS
10
3.9665524803149603
20
-3.4788567322834645
11
3.96527405511811
21
-3.4801351574803148
0
LINE
8
BLACK
6
CONTINUOUS
10
3.96527405511811
20
-3.4801351574803148
11
3.9643700787401572
21
-3.4803149606299213
0
LINE
8
BLACK
6
CONTINUOUS
10
3.9643700787401572
20
-3.4803149606299213
11
3.9566929133858268
21
-3.4803149606299213
0
LINE
8
BLACK
6
CONTINUOUS
10
3.9566929133858268
20
-3.4803149606299213
11
3.9566929133858268
21
-3.6099351181102359
0
LINE
8
BLACK
6
CONTINUOUS
10
3.9566929133858268
20
-3.6099351181102359
11
3.9703340157480316
21
-3.6144821653543304
0
LINE
8
BLACK
6
CONTINUOUS
10
3.9703340157480316
20
-3.6144821653543304
11
3.9703340157480316
21
-3.6027840157480315
0
LINE
8
BLACK
6
CONTINUOUS
10
3.9703340157480316
20
-3.6027840157480315
11
3.9601634251968503
21
-3.6027840157480315
0
LINE
8
BLACK
6
CONTINUOUS
10
3.9601634251968503
20
-3.6027840157480315
11
3.9595873622047244
21
-3.6027272834645667
0
LINE
8
BLACK
6
CONTINUOUS
10
3.9595873622047244
20
-3.6027272834645667
11
3.9585229527559056
21
-3.6022863779527556
0
LINE
8
BLACK
6
CONTINUOUS
10
3.9585229527559056
20
-3.6022863779527556
11
3.9577083070866141
21
-3.6014717322834646
0
LINE
8
BLACK
6
CONTINUOUS
10
3.9577083070866141
20
-3.6014717322834646
11
3.9572674015748031
21
-3.6004073228346454
0
LINE
8
BLACK
6
CONTINUOUS
10
3.9572674015748031
20
-3.6004073228346454
11
3.9572674015748031
21
-3.5992551968503936
0
LINE
8
BLACK
6
CONTINUOUS
10
3.9572674015748031
20
-3.5992551968503936
11
3.9577083070866141
21
-3.5981907874015748
0
LINE
8
BLACK
6
CONTINUOUS
10
3.9577083070866141
20
-3.5981907874015748
11
3.9585229527559056
21
-3.5973761417322834
0
LINE
8
BLACK
6
CONTINUOUS
10
3.9585229527559056
20
-3.5973761417322834
11
3.9595873622047244
21
-3.5969352362204723
0
LINE
8
BLACK
6
CONTINUOUS
10
3.9595873622047244
20
-3.5969352362204723
11
3.9601634251968503
21
-3.5968785039370079
0
LINE
8
BLACK
6
CONTINUOUS
10
3.9601634251968503
20
-3.5968785039370079
11
3.9703340157480316
21
-3.5968785039370079
0
LINE
8
BLACK
6
CONTINUOUS
10
3.9703340157480316
20
-3.5968785039370079
11
3.9703340157480316
21
-3.5942069685039368
0
LINE
8
BLACK
6
CONTINUOUS
10
3.9703340157480316
20
-3.5942069685039368
11
3.9703907480314959
21
-3.593630905511811
0
LINE
8
BLACK
6
CONTINUOUS
10
3.9703907480314959
20
-3.593630905511811
11
3.970831653543307
21
-3.5925664960629922
0
LINE
8
BLACK
6
CONTINUOUS
10
3.970831653543307
20
-3.5925664960629922
11
3.9716462992125985
21
-3.5917518503937007
0
LINE
8
BLACK
6
CONTINUOUS
10
3.9716462992125985
20
-3.5917518503937007
11
3.9727107086614173
21
-3.5913109448818896
0
LINE
8
BLACK
6
CONTINUOUS
10
3.9727107086614173
20
-3.5913109448818896
11
3.973862834645669
21
-3.5913109448818896
0
LINE
8
BLACK
6
CONTINUOUS
10
3.973862834645669
20
-3.5913109448818896
11
3.9749272440944883
21
-3.5917518503937007
0
LINE
8
BLACK
6
CONTINUOUS
10
3.9749272440944883
20
-3.5917518503937007
11
3.9757418897637793
21
-3.5925664960629922
0
LINE
8
BLACK
6
CONTINUOUS
10
3.9757418897637793
20
-3.5925664960629922
11
3.9761827952755904
21
-3.593630905511811
0
LINE
8
BLACK
6
CONTINUOUS
10
3.9761827952755904
20
-3.593630905511811
11
3.9762395275590552
21
-3.5942069685039368
0
LINE
8
BLACK
6
CONTINUOUS
10
3.9762395275590552
20
-3.5942069685039368
11
3.9762395275590552
21
-3.5968785039370079
0
LINE
8
BLACK
6
CONTINUOUS
10
3.9762395275590552
20
-3.5968785039370079
11
3.9864101574803148
21
-3.5968785039370079
0
LINE
8
BLACK
6
CONTINUOUS
10
3.9864101574803148
20
-3.5968785039370079
11
3.9869862204724407
21
-3.5969352362204723
0
LINE
8
BLACK
6
CONTINUOUS
10
3.9869862204724407
20
-3.5969352362204723
11
3.9880506299212599
21
-3.5973761417322834
0
LINE
8
BLACK
6
CONTINUOUS
10
3.9880506299212599
20
-3.5973761417322834
11
3.9888652755905509
21
-3.5981907874015748
0
LINE
8
BLACK
6
CONTINUOUS
10
3.9888652755905509
20
-3.5981907874015748
11
3.989306181102362
21
-3.5992551968503936
0
LINE
8
BLACK
6
CONTINUOUS
10
3.989306181102362
20
-3.5992551968503936
11
3.989306181102362
21
-3.6004073228346454
0
LINE
8
BLACK
6
CONTINUOUS
10
3.989306181102362
20
-3.6004073228346454
11
3.9888652755905509
21
-3.6014717322834646
0
LINE
8
BLACK
6
CONTINUOUS
10
3.9888652755905509
20
-3.6014717322834646
11
3.9880506299212599
21
-3.6022863779527556
0
LINE
8
BLACK
6
CONTINUOUS
10
3.9880506299212599
20
-3.6022863779527556
11
3.9869862204724407
21
-3.6027272834645667
0
LINE
8
BLACK
6
CONTINUOUS
10
3.9869862204724407
20
-3.6027272834645667
11
3.9864101574803148
21
-3.6027840157480315
0
LINE
8
BLACK
6
CONTINUOUS
10
3.9864101574803148
20
-3.6027840157480315
11
3.9762395275590552
21
-3.6027840157480315
0
LINE
8
BLACK
6
CONTINUOUS
10
3.9762395275590552
20
-3.6027840157480315
11
3.9762395275590552
21
-3.6185788976377951
0
LINE
8
BLACK
6
CONTINUOUS
10
3.9762395275590552
20
-3.6185788976377951
11
3.9762107874015746
21
-3.6188704330708661
0
LINE
8
BLACK
6
CONTINUOUS
10
3.9762107874015746
20
-3.6188704330708661
11
3.976216338582677
21
-3.6189481889763777
0
LINE
8
BLACK
6
CONTINUOUS
10
3.976216338582677
20
-3.6189481889763777
11
3.9761975984251969
21
-3.6190042913385825
0
LINE
8
BLACK
6
CONTINUOUS
10
3.9761975984251969
20
-3.6190042913385825
11
3.9761827952755904
21
-3.6191549606299214
0
LINE
8
BLACK
6
CONTINUOUS
10
3.9761827952755904
20
-3.6191549606299214
11
3.9760016141732284
21
-3.6195923228346456
0
LINE
8
BLACK
6
CONTINUOUS
10
3.9760016141732284
20
-3.6195923228346456
11
3.9758520078740158
21
-3.6200411811023621
0
LINE
8
BLACK
6
CONTINUOUS
10
3.9758520078740158
20
-3.6200411811023621
11
3.9757824803149604
21
-3.6201212992125984
0
LINE
8
BLACK
6
CONTINUOUS
10
3.9757824803149604
20
-3.6201212992125984
11
3.9757418897637793
21
-3.6202193700787402
0
LINE
8
BLACK
6
CONTINUOUS
10
3.9757418897637793
20
-3.6202193700787402
11
3.9754071259842521
21
-3.6205540944881891
0
LINE
8
BLACK
6
CONTINUOUS
10
3.9754071259842521
20
-3.6205540944881891
11
3.9750971259842518
21
-3.6209115748031495
0
LINE
8
BLACK
6
CONTINUOUS
10
3.9750971259842518
20
-3.6209115748031495
11
3.9750022440944881
21
-3.6209589763779526
0
LINE
8
BLACK
6
CONTINUOUS
10
3.9750022440944881
20
-3.6209589763779526
11
3.9749272440944883
21
-3.6210340157480316
0
LINE
8
BLACK
6
CONTINUOUS
10
3.9749272440944883
20
-3.6210340157480316
11
3.9744897637795273
21
-3.6212151968503936
0
LINE
8
BLACK
6
CONTINUOUS
10
3.9744897637795273
20
-3.6212151968503936
11
3.9740666535433071
21
-3.6214267716535433
0
LINE
8
BLACK
6
CONTINUOUS
10
3.9740666535433071
20
-3.6214267716535433
11
3.9739609055118108
21
-3.6214342519685037
0
LINE
8
BLACK
6
CONTINUOUS
10
3.9739609055118108
20
-3.6214342519685037
11
3.973862834645669
21
-3.6214749212598423
0
LINE
8
BLACK
6
CONTINUOUS
10
3.973862834645669
20
-3.6214749212598423
11
3.9733892913385827
21
-3.6214749212598423
0
LINE
8
BLACK
6
CONTINUOUS
10
3.9733892913385827
20
-3.6214749212598423
11
3.9729174409448818
21
-3.6215084645669289
0
LINE
8
BLACK
6
CONTINUOUS
10
3.9729174409448818
20
-3.6215084645669289
11
3.9727699212598426
21
-3.6214749212598423
0
LINE
8
BLACK
6
CONTINUOUS
10
3.9727699212598426
20
-3.6214749212598423
11
3.9727107086614173
21
-3.6214749212598423
0
LINE
8
BLACK
6
CONTINUOUS
10
3.9727107086614173
20
-3.6214749212598423
11
3.9726386220472438
21
-3.6214450393700788
0
LINE
8
BLACK
6
CONTINUOUS
10
3.9726386220472438
20
-3.6214450393700788
11
3.9723529921259844
21
-3.6213801181102361
0
LINE
8
BLACK
6
CONTINUOUS
10
3.9723529921259844
20
-3.6213801181102361
11
3.9566929133858268
21
-3.6161600787401573
0
LINE
8
BLACK
6
CONTINUOUS
10
3.9566929133858268
20
-3.6161600787401573
11
3.9566929133858268
21
-3.6324990551181102
0
LINE
8
BLACK
6
CONTINUOUS
10
3.9566929133858268
20
-3.6324990551181102
11
3.9789110629921258
21
-3.6324990551181102
0
LINE
8
BLACK
6
CONTINUOUS
10
3.9789110629921258
20
-3.6324990551181102
11
3.9794871259842517
21
-3.6325557874015746
0
LINE
8
BLACK
6
CONTINUOUS
10
3.9794871259842517
20
-3.6325557874015746
11
3.979585118110236
21
-3.6325963779527557
0
LINE
8
BLACK
6
CONTINUOUS
10
3.979585118110236
20
-3.6325963779527557
11
3.9796909448818898
21
-3.6326038976377952
0
LINE
8
BLACK
6
CONTINUOUS
10
3.9796909448818898
20
-3.6326038976377952
11
3.9802315748031494
21
-3.6328107874015747
0
LINE
8
BLACK
6
CONTINUOUS
10
3.9802315748031494
20
-3.6328107874015747
11
3.9839811023622045
21
-3.6346855511811023
0
LINE
8
BLACK
6
CONTINUOUS
10
3.9839811023622045
20
-3.6346855511811023
11
3.9842289763779526
21
-3.6348415748031497
0
LINE
8
BLACK
6
CONTINUOUS
10
3.9842289763779526
20
-3.6348415748031497
11
3.9843010236220473
21
-3.6348714173228345
0
LINE
8
BLACK
6
CONTINUOUS
10
3.9843010236220473
20
-3.6348714173228345
11
3.9843820472440945
21
-3.6349379133858268
0
LINE
8
BLACK
6
CONTINUOUS
10
3.9843820472440945
20
-3.6349379133858268
11
3.9844709842519683
21
-3.6349938976377953
0
LINE
8
BLACK
6
CONTINUOUS
10
3.9844709842519683
20
-3.6349938976377953
11
3.984522125984252
21
-3.6350528740157482
0
LINE
8
BLACK
6
CONTINUOUS
10
3.984522125984252
20
-3.6350528740157482
11
3.9847484645669291
21
-3.6352386220472441
0
LINE
8
BLACK
6
CONTINUOUS
10
3.9847484645669291
20
-3.6352386220472441
11
3.9866232677165354
21
-3.6371133858267717
0
LINE
8
BLACK
6
CONTINUOUS
10
3.9866232677165354
20
-3.6371133858267717
11
3.9868090157480314
21
-3.6373397244094487
0
LINE
8
BLACK
6
CONTINUOUS
10
3.9868090157480314
20
-3.6373397244094487
11
3.9868680708661417
21
-3.6373909448818895
0
LINE
8
BLACK
6
CONTINUOUS
10
3.9868680708661417
20
-3.6373909448818895
11
3.9869240551181102
21
-3.6374798818897638
0
LINE
8
BLACK
6
CONTINUOUS
10
3.9869240551181102
20
-3.6374798818897638
11
3.9869905118110234
21
-3.6375608661417322
0
LINE
8
BLACK
6
CONTINUOUS
10
3.9869905118110234
20
-3.6375608661417322
11
3.9870203149606298
21
-3.6376327952755902
0
LINE
8
BLACK
6
CONTINUOUS
10
3.9870203149606298
20
-3.6376327952755902
11
3.9871764173228343
21
-3.6378808267716534
0
LINE
8
BLACK
6
CONTINUOUS
10
3.9871764173228343
20
-3.6378808267716534
11
3.9890511811023619
21
-3.6416303543307085
0
LINE
8
BLACK
6
CONTINUOUS
10
3.9890511811023619
20
-3.6416303543307085
11
3.9892580708661418
21
-3.6421709448818897
0
LINE
8
BLACK
6
CONTINUOUS
10
3.9892580708661418
20
-3.6421709448818897
11
3.9892655905511809
21
-3.6422768110236219
0
LINE
8
BLACK
6
CONTINUOUS
10
3.9892655905511809
20
-3.6422768110236219
11
3.989306181102362
21
-3.6423748031496062
0
LINE
8
BLACK
6
CONTINUOUS
10
3.989306181102362
20
-3.6423748031496062
11
3.9893629133858268
21
-3.642950866141732
0
LINE
8
BLACK
6
CONTINUOUS
10
3.9893629133858268
20
-3.642950866141732
11
3.9893629133858268
21
-3.6504499212598422
0
LINE
8
BLACK
6
CONTINUOUS
10
3.9893629133858268
20
-3.6504499212598422
11
3.989306181102362
21
-3.6510259842519686
0
LINE
8
BLACK
6
CONTINUOUS
10
3.989306181102362
20
-3.6510259842519686
11
3.9892655905511809
21
-3.6511239370078741
0
LINE
8
BLACK
6
CONTINUOUS
10
3.9892655905511809
20
-3.6511239370078741
11
3.9892580708661418
21
-3.651229842519685
0
LINE
8
BLACK
6
CONTINUOUS
10
3.9892580708661418
20
-3.651229842519685
11
3.9890511811023619
21
-3.6517704330708662
0
LINE
8
BLACK
6
CONTINUOUS
10
3.9890511811023619
20
-3.6517704330708662
11
3.9871764173228343
21
-3.6555199606299213
0
LINE
8
BLACK
6
CONTINUOUS
10
3.9871764173228343
20
-3.6555199606299213
11
3.9870203149606298
21
-3.6557679527559053
0
LINE
8
BLACK
6
CONTINUOUS
10
3.9870203149606298
20
-3.6557679527559053
11
3.9869905118110234
21
-3.6558399212598425
0
LINE
8
BLACK
6
CONTINUOUS
10
3.9869905118110234
20
-3.6558399212598425
11
3.9869240551181102
21
-3.6559208661417322
0
LINE
8
BLACK
6
CONTINUOUS
10
3.9869240551181102
20
-3.6559208661417322
11
3.9868680708661417
21
-3.6560098425196847
0
LINE
8
BLACK
6
CONTINUOUS
10
3.9868680708661417
20
-3.6560098425196847
11
3.9868090157480314
21
-3.6560610236220472
0
LINE
8
BLACK
6
CONTINUOUS
10
3.9868090157480314
20
-3.6560610236220472
11
3.9866232677165354
21
-3.656287401574803
0
LINE
8
BLACK
6
CONTINUOUS
10
3.9866232677165354
20
-3.656287401574803
11
3.9847484645669291
21
-3.6581621653543306
0
LINE
8
BLACK
6
CONTINUOUS
10
3.9847484645669291
20
-3.6581621653543306
11
3.984522125984252
21
-3.6583478740157478
0
LINE
8
BLACK
6
CONTINUOUS
10
3.984522125984252
20
-3.6583478740157478
11
3.9844709842519683
21
-3.6584068897637794
0
LINE
8
BLACK
6
CONTINUOUS
10
3.9844709842519683
20
-3.6584068897637794
11
3.9843820472440945
21
-3.6584628346456691
0
LINE
8
BLACK
6
CONTINUOUS
10
3.9843820472440945
20
-3.6584628346456691
11
3.9843010236220473
21
-3.6585293700787402
0
LINE
8
BLACK
6
CONTINUOUS
10
3.9843010236220473
20
-3.6585293700787402
11
3.9842289763779526
21
-3.6585591732283462
0
LINE
8
BLACK
6
CONTINUOUS
10
3.9842289763779526
20
-3.6585591732283462
11
3.9839811023622045
21
-3.6587152362204725
0
LINE
8
BLACK
6
CONTINUOUS
10
3.9839811023622045
20
-3.6587152362204725
11
3.9802315748031494
21
-3.66059
0
LINE
8
BLACK
6
CONTINUOUS
10
3.9802315748031494
20
-3.66059
11
3.9796909448818898
21
-3.6607968897637795
0
LINE
8
BLACK
6
CONTINUOUS
10
3.9796909448818898
20
-3.6607968897637795
11
3.979585118110236
21
-3.6608043700787403
0
LINE
8
BLACK
6
CONTINUOUS
10
3.979585118110236
20
-3.6608043700787403
11
3.9794871259842517
21
-3.6608450000000001
0
LINE
8
BLACK
6
CONTINUOUS
10
3.9794871259842517
20
-3.6608450000000001
11
3.9789110629921258
21
-3.6609017322834645
0
LINE
8
BLACK
6
CONTINUOUS
10
3.9789110629921258
20
-3.6609017322834645
11
3.9566929133858268
21
-3.6609017322834645
0
LINE
8
BLACK
6
CONTINUOUS
10
3.9566929133858268
20
-3.6609017322834645
11
3.9566929133858268
21
-3.7795275590551181
0
LINE
8
BLACK
6
CONTINUOUS
10
3.9566929133858268
20
-3.7795275590551181
11
3.9643700787401572
21
-3.7795275590551181
0
LINE
8
BLACK
6
CONTINUOUS
10
3.9643700787401572
20
-3.7795275590551181
11
3.96527405511811
21
-3.7797073622047241
0
LINE
8
BLACK
6
CONTINUOUS
10
3.96527405511811
20
-3.7797073622047241
11
3.9665524803149603
21
-3.7809857874015749
0
LINE
8
BLACK
6
CONTINUOUS
10
3.9665524803149603
20
-3.7809857874015749
11
3.9665524803149603
21
-3.78279374015748
0
LINE
8
BLACK
6
CONTINUOUS
10
3.9665524803149603
20
-3.78279374015748
11
3.96527405511811
21
-3.7840721653543308
0
LINE
8
BLACK
6
CONTINUOUS
10
3.96527405511811
20
-3.7840721653543308
11
3.9643700787401572
21
-3.7842519685039369
0
LINE
8
BLACK
6
CONTINUOUS
10
3.9643700787401572
20
-3.7842519685039369
11
3.9543307086614172
21
-3.7842519685039369
0
LINE
8
BLACK
6
CONTINUOUS
10
3.9543307086614172
20
-3.7842519685039369
11
3.9534267322834644
21
-3.7840721653543308
0
LINE
8
BLACK
6
CONTINUOUS
10
3.9534267322834644
20
-3.7840721653543308
11
3.9521483070866141
21
-3.78279374015748
0
LINE
8
BLACK
6
CONTINUOUS
10
3.9521483070866141
20
-3.78279374015748
11
3.9519685039370076
21
-3.7818897637795277
0
LINE
8
BLACK
6
CONTINUOUS
10
3.9519685039370076
20
-3.7818897637795277
11
3.9519685039370076
21
-3.6609017322834645
0
LINE
8
BLACK
6
CONTINUOUS
10
3.9519685039370076
20
-3.6609017322834645
11
3.9470400787401574
21
-3.6609017322834645
0
LINE
8
BLACK
6
CONTINUOUS
10
3.9470400787401574
20
-3.6609017322834645
11
3.9464640157480315
21
-3.6608450000000001
0
LINE
8
BLACK
6
CONTINUOUS
10
3.9464640157480315
20
-3.6608450000000001
11
3.9453996062992127
21
-3.660404094488189
0
LINE
8
BLACK
6
CONTINUOUS
10
3.9453996062992127
20
-3.660404094488189
11
3.9445849606299213
21
-3.6595894488188976
0
LINE
8
BLACK
6
CONTINUOUS
10
3.9445849606299213
20
-3.6595894488188976
11
3.9441440551181102
21
-3.6585250393700788
0
LINE
8
BLACK
6
CONTINUOUS
10
3.9441440551181102
20
-3.6585250393700788
11
3.9441440551181102
21
-3.6573729133858266
0
LINE
8
BLACK
6
CONTINUOUS
10
3.9441440551181102
20
-3.6573729133858266
11
3.9445849606299213
21
-3.6563085039370078
0
LINE
8
BLACK
6
CONTINUOUS
10
3.9445849606299213
20
-3.6563085039370078
11
3.9453996062992127
21
-3.6554938582677163
0
LINE
8
BLACK
6
CONTINUOUS
10
3.9453996062992127
20
-3.6554938582677163
11
3.9464640157480315
21
-3.6550529527559052
0
LINE
8
BLACK
6
CONTINUOUS
10
3.9464640157480315
20
-3.6550529527559052
11
3.9470400787401574
21
-3.6549962204724409
0
LINE
8
BLACK
6
CONTINUOUS
10
3.9470400787401574
20
-3.6549962204724409
11
3.9519685039370076
21
-3.6549962204724409
0
LINE
8
BLACK
6
CONTINUOUS
10
3.9519685039370076
20
-3.6549962204724409
11
3.9519685039370076
21
-3.6384045669291338
0
LINE
8
BLACK
6
CONTINUOUS
10
3.9519685039370076
20
-3.6384045669291338
11
3.9470400787401574
21
-3.6384045669291338
0
LINE
8
BLACK
6
CONTINUOUS
10
3.9470400787401574
20
-3.6384045669291338
11
3.9464640157480315
21
-3.638347834645669
0
LINE
8
BLACK
6
CONTINUOUS
10
3.9464640157480315
20
-3.638347834645669
11
3.9453996062992127
21
-3.6379069291338584
0
LINE
8
BLACK
6
CONTINUOUS
10
3.9453996062992127
20
-3.6379069291338584
11
3.9445849606299213
21
-3.6370922834645669
0
LINE
8
BLACK
6
CONTINUOUS
10
3.9445849606299213
20
-3.6370922834645669
11
3.9441440551181102
21
-3.6360278740157481
0
LINE
8
BLACK
6
CONTINUOUS
10
3.9441440551181102
20
-3.6360278740157481
11
3.9441440551181102
21
-3.6348757480314959
0
LINE
8
BLACK
6
CONTINUOUS
10
3.9441440551181102
20
-3.6348757480314959
11
3.9445849606299213
21
-3.6338113385826771
0
LINE
8
BLACK
6
CONTINUOUS
10
3.9445849606299213
20
-3.6338113385826771
11
3.9453996062992127
21
-3.6329966929133857
0
LINE
8
BLACK
6
CONTINUOUS
10
3.9453996062992127
20
-3.6329966929133857
11
3.9464640157480315
21
-3.6325557874015746
0
LINE
8
BLACK
6
CONTINUOUS
10
3.9464640157480315
20
-3.6325557874015746
11
3.9470400787401574
21
-3.6324990551181102
0
LINE
8
BLACK
6
CONTINUOUS
10
3.9470400787401574
20
-3.6324990551181102
11
3.9519685039370076
21
-3.6324990551181102
0
LINE
8
BLACK
6
CONTINUOUS
10
3.9519685039370076
20
-3.6324990551181102
11
3.9519685039370076
21
-3.6145852755905512
0
LINE
8
BLACK
6
CONTINUOUS
10
3.9519685039370076
20
-3.6145852755905512
11
3.9442315748031493
21
-3.6120062992125983
0
LINE
8
BLACK
6
CONTINUOUS
10
3.9442315748031493
20
-3.6120062992125983
11
3.9437029921259841
21
-3.6117703149606299
0
LINE
8
BLACK
6
CONTINUOUS
10
3.9437029921259841
20
-3.6117703149606299
11
3.9428326377952754
21
-3.6110154330708659
0
LINE
8
BLACK
6
CONTINUOUS
10
3.9428326377952754
20
-3.6110154330708659
11
3.942317440944882
21
-3.609985
0
LINE
8
BLACK
6
CONTINUOUS
10
3.942317440944882
20
-3.609985
11
3.942235748031496
21
-3.6088357874015746
0
LINE
8
BLACK
6
CONTINUOUS
10
3.942235748031496
20
-3.6088357874015746
11
3.9426000787401576
21
-3.6077427559055115
0
LINE
8
BLACK
6
CONTINUOUS
10
3.9426000787401576
20
-3.6077427559055115
11
3.9433549606299212
21
-3.6068724015748033
0
LINE
8
BLACK
6
CONTINUOUS
10
3.9433549606299212
20
-3.6068724015748033
11
3.9443853937007871
21
-3.6063572047244095
0
LINE
8
BLACK
6
CONTINUOUS
10
3.9443853937007871
20
-3.6063572047244095
11
3.9455346062992125
21
-3.6062755118110235
0
LINE
8
BLACK
6
CONTINUOUS
10
3.9455346062992125
20
-3.6062755118110235
11
3.9460990551181103
21
-3.6064038582677163
0
LINE
8
BLACK
6
CONTINUOUS
10
3.9460990551181103
20
-3.6064038582677163
11
3.9519685039370076
21
-3.6083603149606298
0
LINE
8
BLACK
6
CONTINUOUS
10
3.9519685039370076
20
-3.6083603149606298
11
3.9519685039370076
21
-3.4779527559055117
0
LINE
8
BLACK
6
CONTINUOUS
10
3.9519685039370076
20
-3.4779527559055117
11
3.9521483070866141
21
-3.4770487795275589
0
LINE
8
BLACK
6
CONTINUOUS
10
3.9521483070866141
20
-3.4770487795275589
11
3.9534267322834644
21
-3.4757703543307086
0
LINE
8
BLACK
6
CONTINUOUS
10
3.9534267322834644
20
-3.4757703543307086
11
3.9543307086614172
21
-3.4755905511811025
0
LINE
8
BLACK
6
CONTINUOUS
10
3.9543307086614172
20
-3.4755905511811025
11
3.9643700787401572
21
-3.4755905511811025
0
LINE
8
BLACK
6
CONTINUOUS
10
3.9643700787401572
20
-3.4755905511811025
11
3.96527405511811
21
-3.4757703543307086
0
LINE
8
BLACK
6
CONTINUOUS
10
3.9566929133858268
20
-3.6549962204724409
11
3.9782140157480312
21
-3.6549962204724409
0
LINE
8
BLACK
6
CONTINUOUS
10
3.9782140157480312
20
-3.6549962204724409
11
3.9809114960629919
21
-3.6536474409448818
0
LINE
8
BLACK
6
CONTINUOUS
10
3.9809114960629919
20
-3.6536474409448818
11
3.9821086614173229
21
-3.65245031496063
0
LINE
8
BLACK
6
CONTINUOUS
10
3.9821086614173229
20
-3.65245031496063
11
3.9834574015748032
21
-3.6497528740157481
0
LINE
8
BLACK
6
CONTINUOUS
10
3.9834574015748032
20
-3.6497528740157481
11
3.9834574015748032
21
-3.6436479133858266
0
LINE
8
BLACK
6
CONTINUOUS
10
3.9834574015748032
20
-3.6436479133858266
11
3.9821086614173229
21
-3.640950433070866
0
LINE
8
BLACK
6
CONTINUOUS
10
3.9821086614173229
20
-3.640950433070866
11
3.9809114960629919
21
-3.6397533070866142
0
LINE
8
BLACK
6
CONTINUOUS
10
3.9809114960629919
20
-3.6397533070866142
11
3.9782140157480312
21
-3.6384045669291338
0
LINE
8
BLACK
6
CONTINUOUS
10
3.9782140157480312
20
-3.6384045669291338
11
3.9566929133858268
21
-3.6384045669291338
0
LINE
8
BLACK
6
CONTINUOUS
10
3.9566929133858268
20
-3.6384045669291338
11
3.9566929133858268
21
-3.6549962204724409
0
LINE
8
BLACK
6
CONTINUOUS
10
4.3694079133858263
20
-3.4757703543307086
11
4.3706863385826766
21
-3.4770487795275589
0
LINE
8
BLACK
6
CONTINUOUS
10
4.3706863385826766
20
-3.4770487795275589
11
4.3708661417322832
21
-3.4779527559055117
0
LINE
8
BLACK
6
CONTINUOUS
10
4.3708661417322832
20
-3.4779527559055117
11
4.3708661417322832
21
-3.7818897637795277
0
LINE
8
BLACK
6
CONTINUOUS
10
4.3708661417322832
20
-3.7818897637795277
11
4.3706863385826766
21
-3.78279374015748
0
LINE
8
BLACK
6
CONTINUOUS
10
4.3706863385826766
20
-3.78279374015748
11
4.3694079133858263
21
-3.7840721653543308
0
LINE
8
BLACK
6
CONTINUOUS
10
4.3694079133858263
20
-3.7840721653543308
11
4.3685039370078735
21
-3.7842519685039369
0
LINE
8
BLACK
6
CONTINUOUS
10
4.3685039370078735
20
-3.7842519685039369
11
4.3584645669291335
21
-3.7842519685039369
0
LINE
8
BLACK
6
CONTINUOUS
10
4.3584645669291335
20
-3.7842519685039369
11
4.3575605905511807
21
-3.7840721653543308
0
LINE
8
BLACK
6
CONTINUOUS
10
4.3575605905511807
20
-3.7840721653543308
11
4.3562821653543304
21
-3.78279374015748
0
LINE
8
BLACK
6
CONTINUOUS
10
4.3562821653543304
20
-3.78279374015748
11
4.3562821653543304
21
-3.7809857874015749
0
LINE
8
BLACK
6
CONTINUOUS
10
4.3562821653543304
20
-3.7809857874015749
11
4.3575605905511807
21
-3.7797073622047241
0
LINE
8
BLACK
6
CONTINUOUS
10
4.3575605905511807
20
-3.7797073622047241
11
4.3584645669291335
21
-3.7795275590551181
0
LINE
8
BLACK
6
CONTINUOUS
10
4.3584645669291335
20
-3.7795275590551181
11
4.3661417322834648
21
-3.7795275590551181
0
LINE
8
BLACK
6
CONTINUOUS
10
4.3661417322834648
20
-3.7795275590551181
11
4.3661417322834648
21
-3.4803149606299213
0
LINE
8
BLACK
6
CONTINUOUS
10
4.3661417322834648
20
-3.4803149606299213
11
4.3584645669291335
21
-3.4803149606299213
0
LINE
8
BLACK
6
CONTINUOUS
10
4.3584645669291335
20
-3.4803149606299213
11
4.3575605905511807
21
-3.4801351574803148
0
LINE
8
BLACK
6
CONTINUOUS
10
4.3575605905511807
20
-3.4801351574803148
11
4.3562821653543304
21
-3.4788567322834645
0
LINE
8
BLACK
6
CONTINUOUS
10
4.3562821653543304
20
-3.4788567322834645
11
4.3562821653543304
21
-3.4770487795275589
0
LINE
8
BLACK
6
CONTINUOUS
10
4.3562821653543304
20
-3.4770487795275589
11
4.3575605905511807
21
-3.4757703543307086
0
LINE
8
BLACK
6
CONTINUOUS
10
4.3575605905511807
20
-3.4757703543307086
11
4.3584645669291335
21
-3.4755905511811025
0
LINE
8
BLACK
6
CONTINUOUS
10
4.3584645669291335
20
-3.4755905511811025
11
4.3685039370078735
21
-3.4755905511811025
0
LINE
8
BLACK
6
CONTINUOUS
10
4.3685039370078735
20
-3.4755905511811025
11
4.3694079133858263
21
-3.4757703543307086
0
LINE
8
BLACK
6
CONTINUOUS
10
3.5322031889763781
20
-3.4738018503937007
11
3.5334816141732284
21
-3.475080275590551
0
LINE
8
BLACK
6
CONTINUOUS
10
3.5334816141732284
20
-3.475080275590551
11
3.5334816141732284
21
-3.4768882283464566
0
LINE
8
BLACK
6
CONTINUOUS
10
3.5334816141732284
20
-3.4768882283464566
11
3.5322031889763781
21
-3.4781666535433069
0
LINE
8
BLACK
6
CONTINUOUS
10
3.5322031889763781
20
-3.4781666535433069
11
3.5312992125984253
21
-3.4783464566929134
0
LINE
8
BLACK
6
CONTINUOUS
10
3.5312992125984253
20
-3.4783464566929134
11
3.5236220472440944
21
-3.4783464566929134
0
LINE
8
BLACK
6
CONTINUOUS
10
3.5236220472440944
20
-3.4783464566929134
11
3.5236220472440944
21
-3.7775590551181102
0
LINE
8
BLACK
6
CONTINUOUS
10
3.5236220472440944
20
-3.7775590551181102
11
3.5312992125984253
21
-3.7775590551181102
0
LINE
8
BLACK
6
CONTINUOUS
10
3.5312992125984253
20
-3.7775590551181102
11
3.5322031889763781
21
-3.7777388582677163
0
LINE
8
BLACK
6
CONTINUOUS
10
3.5322031889763781
20
-3.7777388582677163
11
3.5334816141732284
21
-3.779017283464567
0
LINE
8
BLACK
6
CONTINUOUS
10
3.5334816141732284
20
-3.779017283464567
11
3.5334816141732284
21
-3.7808252362204722
0
LINE
8
BLACK
6
CONTINUOUS
10
3.5334816141732284
20
-3.7808252362204722
11
3.5322031889763781
21
-3.7821036614173229
0
LINE
8
BLACK
6
CONTINUOUS
10
3.5322031889763781
20
-3.7821036614173229
11
3.5312992125984253
21
-3.782283464566929
0
LINE
8
BLACK
6
CONTINUOUS
10
3.5312992125984253
20
-3.782283464566929
11
3.5212598425196848
21
-3.782283464566929
0
LINE
8
BLACK
6
CONTINUOUS
10
3.5212598425196848
20
-3.782283464566929
11
3.520355866141732
21
-3.7821036614173229
0
LINE
8
BLACK
6
CONTINUOUS
10
3.520355866141732
20
-3.7821036614173229
11
3.5190774409448817
21
-3.7808252362204722
0
LINE
8
BLACK
6
CONTINUOUS
10
3.5190774409448817
20
-3.7808252362204722
11
3.5188976377952756
21
-3.7799212598425198
0
LINE
8
BLACK
6
CONTINUOUS
10
3.5188976377952756
20
-3.7799212598425198
11
3.5188976377952756
21
-3.4759842519685038
0
LINE
8
BLACK
6
CONTINUOUS
10
3.5188976377952756
20
-3.4759842519685038
11
3.5190774409448817
21
-3.475080275590551
0
LINE
8
BLACK
6
CONTINUOUS
10
3.5190774409448817
20
-3.475080275590551
11
3.520355866141732
21
-3.4738018503937007
0
LINE
8
BLACK
6
CONTINUOUS
10
3.520355866141732
20
-3.4738018503937007
11
3.5212598425196848
21
-3.4736220472440946
0
LINE
8
BLACK
6
CONTINUOUS
10
3.5212598425196848
20
-3.4736220472440946
11
3.5312992125984253
21
-3.4736220472440946
0
LINE
8
BLACK
6
CONTINUOUS
10
3.5312992125984253
20
-3.4736220472440946
11
3.5322031889763781
21
-3.4738018503937007
0
LINE
8
BLACK
6
CONTINUOUS
10
3.9363370472440944
20
-3.4738018503937007
11
3.9376154724409447
21
-3.475080275590551
0
LINE
8
BLACK
6
CONTINUOUS
10
3.9376154724409447
20
-3.475080275590551
11
3.9377952755905512
21
-3.4759842519685038
0
LINE
8
BLACK
6
CONTINUOUS
10
3.9377952755905512
20
-3.4759842519685038
11
3.9377952755905512
21
-3.7799212598425198
0
LINE
8
BLACK
6
CONTINUOUS
10
3.9377952755905512
20
-3.7799212598425198
11
3.9376154724409447
21
-3.7808252362204722
0
LINE
8
BLACK
6
CONTINUOUS
10
3.9376154724409447
20
-3.7808252362204722
11
3.9363370472440944
21
-3.7821036614173229
0
LINE
8
BLACK
6
CONTINUOUS
10
3.9363370472440944
20
-3.7821036614173229
11
3.9354330708661416
21
-3.782283464566929
0
LINE
8
BLACK
6
CONTINUOUS
10
3.9354330708661416
20
-3.782283464566929
11
3.9253937007874016
21
-3.782283464566929
0
LINE
8
BLACK
6
CONTINUOUS
10
3.9253937007874016
20
-3.782283464566929
11
3.9244897244094488
21
-3.7821036614173229
0
LINE
8
BLACK
6
CONTINUOUS
10
3.9244897244094488
20
-3.7821036614173229
11
3.9232112992125985
21
-3.7808252362204722
0
LINE
8
BLACK
6
CONTINUOUS
10
3.9232112992125985
20
-3.7808252362204722
11
3.9232112992125985
21
-3.779017283464567
0
LINE
8
BLACK
6
CONTINUOUS
10
3.9232112992125985
20
-3.779017283464567
11
3.9244897244094488
21
-3.7777388582677163
0
LINE
8
BLACK
6
CONTINUOUS
10
3.9244897244094488
20
-3.7777388582677163
11
3.9253937007874016
21
-3.7775590551181102
0
LINE
8
BLACK
6
CONTINUOUS
10
3.9253937007874016
20
-3.7775590551181102
11
3.9330708661417324
21
-3.7775590551181102
0
LINE
8
BLACK
6
CONTINUOUS
10
3.9330708661417324
20
-3.7775590551181102
11
3.9330708661417324
21
-3.4783464566929134
0
LINE
8
BLACK
6
CONTINUOUS
10
3.9330708661417324
20
-3.4783464566929134
11
3.9253937007874016
21
-3.4783464566929134
0
LINE
8
BLACK
6
CONTINUOUS
10
3.9253937007874016
20
-3.4783464566929134
11
3.9244897244094488
21
-3.4781666535433069
0
LINE
8
BLACK
6
CONTINUOUS
10
3.9244897244094488
20
-3.4781666535433069
11
3.9232112992125985
21
-3.4768882283464566
0
LINE
8
BLACK
6
CONTINUOUS
10
3.9232112992125985
20
-3.4768882283464566
11
3.9232112992125985
21
-3.475080275590551
0
LINE
8
BLACK
6
CONTINUOUS
10
3.9232112992125985
20
-3.475080275590551
11
3.9244897244094488
21
-3.4738018503937007
0
LINE
8
BLACK
6
CONTINUOUS
10
3.9244897244094488
20
-3.4738018503937007
11
3.9253937007874016
21
-3.4736220472440946
0
LINE
8
BLACK
6
CONTINUOUS
10
3.9253937007874016
20
-3.4736220472440946
11
3.9354330708661416
21
-3.4736220472440946
0
LINE
8
BLACK
6
CONTINUOUS
10
3.9354330708661416
20
-3.4736220472440946
11
3.9363370472440944
21
-3.4738018503937007
0
LINE
8
BLACK
6
CONTINUOUS
10
4.3965732677165352
20
-3.4738018503937007
11
4.3978516929133855
21
-3.475080275590551
0
LINE
8
BLACK
6
CONTINUOUS
10
4.3978516929133855
20
-3.475080275590551
11
4.3978516929133855
21
-3.4768882283464566
0
LINE
8
BLACK
6
CONTINUOUS
10
4.3978516929133855
20
-3.4768882283464566
11
4.3965732677165352
21
-3.4781666535433069
0
LINE
8
BLACK
6
CONTINUOUS
10
4.3965732677165352
20
-3.4781666535433069
11
4.3956692913385824
21
-3.4783464566929134
0
LINE
8
BLACK
6
CONTINUOUS
10
4.3956692913385824
20
-3.4783464566929134
11
4.387992125984252
21
-3.4783464566929134
0
LINE
8
BLACK
6
CONTINUOUS
10
4.387992125984252
20
-3.4783464566929134
11
4.387992125984252
21
-3.6141287401574802
0
LINE
8
BLACK
6
CONTINUOUS
10
4.387992125984252
20
-3.6141287401574802
11
4.3906971259842518
21
-3.6159320866141731
0
LINE
8
BLACK
6
CONTINUOUS
10
4.3906971259842518
20
-3.6159320866141731
11
4.3936142913385829
21
-3.6166613779527559
0
LINE
8
BLACK
6
CONTINUOUS
10
4.3936142913385829
20
-3.6166613779527559
11
4.3924680314960627
21
-3.6143688582677163
0
LINE
8
BLACK
6
CONTINUOUS
10
4.3924680314960627
20
-3.6143688582677163
11
4.3922611417322832
21
-3.6138282283464567
0
LINE
8
BLACK
6
CONTINUOUS
10
4.3922611417322832
20
-3.6138282283464567
11
4.3922536220472441
21
-3.6137224015748033
0
LINE
8
BLACK
6
CONTINUOUS
10
4.3922536220472441
20
-3.6137224015748033
11
4.3922130314960626
21
-3.613624409448819
0
LINE
8
BLACK
6
CONTINUOUS
10
4.3922130314960626
20
-3.613624409448819
11
4.3921562992125986
21
-3.6130483464566927
0
LINE
8
BLACK
6
CONTINUOUS
10
4.3921562992125986
20
-3.6130483464566927
11
4.3921562992125986
21
-3.6055492913385825
0
LINE
8
BLACK
6
CONTINUOUS
10
4.3921562992125986
20
-3.6055492913385825
11
4.3922130314960626
21
-3.6049732283464566
0
LINE
8
BLACK
6
CONTINUOUS
10
4.3922130314960626
20
-3.6049732283464566
11
4.3922536220472441
21
-3.6048751968503936
0
LINE
8
BLACK
6
CONTINUOUS
10
4.3922536220472441
20
-3.6048751968503936
11
4.3922611417322832
21
-3.604769409448819
0
LINE
8
BLACK
6
CONTINUOUS
10
4.3922611417322832
20
-3.604769409448819
11
4.3924680314960627
21
-3.6042287795275589
0
LINE
8
BLACK
6
CONTINUOUS
10
4.3924680314960627
20
-3.6042287795275589
11
4.3943427952755902
21
-3.6004792519685038
0
LINE
8
BLACK
6
CONTINUOUS
10
4.3943427952755902
20
-3.6004792519685038
11
4.394498858267716
21
-3.6002312204724407
0
LINE
8
BLACK
6
CONTINUOUS
10
4.394498858267716
20
-3.6002312204724407
11
4.3945287007874017
21
-3.6001592913385827
0
LINE
8
BLACK
6
CONTINUOUS
10
4.3945287007874017
20
-3.6001592913385827
11
4.3945951574803148
21
-3.6000783070866142
0
LINE
8
BLACK
6
CONTINUOUS
10
4.3945951574803148
20
-3.6000783070866142
11
4.3946511417322833
21
-3.59998937007874
0
LINE
8
BLACK
6
CONTINUOUS
10
4.3946511417322833
20
-3.59998937007874
11
4.3947101181102362
21
-3.599938188976378
0
LINE
8
BLACK
6
CONTINUOUS
10
4.3947101181102362
20
-3.599938188976378
11
4.3948959055118113
21
-3.5997118503937009
0
LINE
8
BLACK
6
CONTINUOUS
10
4.3948959055118113
20
-3.5997118503937009
11
4.3967706692913389
21
-3.5978370866141733
0
LINE
8
BLACK
6
CONTINUOUS
10
4.3967706692913389
20
-3.5978370866141733
11
4.3969970078740159
21
-3.5976512992125982
0
LINE
8
BLACK
6
CONTINUOUS
10
4.3969970078740159
20
-3.5976512992125982
11
4.3970481889763775
21
-3.5975923228346458
0
LINE
8
BLACK
6
CONTINUOUS
10
4.3970481889763775
20
-3.5975923228346458
11
4.3971371259842522
21
-3.5975363385826773
0
LINE
8
BLACK
6
CONTINUOUS
10
4.3971371259842522
20
-3.5975363385826773
11
4.3972181102362207
21
-3.5974698818897637
0
LINE
8
BLACK
6
CONTINUOUS
10
4.3972181102362207
20
-3.5974698818897637
11
4.3972900393700787
21
-3.5974400393700785
0
LINE
8
BLACK
6
CONTINUOUS
10
4.3972900393700787
20
-3.5974400393700785
11
4.3975380708661413
21
-3.5972839763779527
0
LINE
8
BLACK
6
CONTINUOUS
10
4.3975380708661413
20
-3.5972839763779527
11
4.4012875984251965
21
-3.5954092125984252
0
LINE
8
BLACK
6
CONTINUOUS
10
4.4012875984251965
20
-3.5954092125984252
11
4.4018281889763777
21
-3.5952023228346457
0
LINE
8
BLACK
6
CONTINUOUS
10
4.4018281889763777
20
-3.5952023228346457
11
4.4019340551181099
21
-3.5951947637795274
0
LINE
8
BLACK
6
CONTINUOUS
10
4.4019340551181099
20
-3.5951947637795274
11
4.4020320472440941
21
-3.595154212598425
0
LINE
8
BLACK
6
CONTINUOUS
10
4.4020320472440941
20
-3.595154212598425
11
4.40260811023622
21
-3.5950974803149607
0
LINE
8
BLACK
6
CONTINUOUS
10
4.40260811023622
20
-3.5950974803149607
11
4.4119819291338578
21
-3.5950974803149607
0
LINE
8
BLACK
6
CONTINUOUS
10
4.4119819291338578
20
-3.5950974803149607
11
4.4125579921259845
21
-3.595154212598425
0
LINE
8
BLACK
6
CONTINUOUS
10
4.4125579921259845
20
-3.595154212598425
11
4.4126559842519688
21
-3.5951948031496062
0
LINE
8
BLACK
6
CONTINUOUS
10
4.4126559842519688
20
-3.5951948031496062
11
4.4127618110236222
21
-3.5952023228346457
0
LINE
8
BLACK
6
CONTINUOUS
10
4.4127618110236222
20
-3.5952023228346457
11
4.4133024409448822
21
-3.5954092125984252
0
LINE
8
BLACK
6
CONTINUOUS
10
4.4133024409448822
20
-3.5954092125984252
11
4.4170519685039373
21
-3.5972839763779527
0
LINE
8
BLACK
6
CONTINUOUS
10
4.4170519685039373
20
-3.5972839763779527
11
4.417299842519685
21
-3.5974399999999997
0
LINE
8
BLACK
6
CONTINUOUS
10
4.417299842519685
20
-3.5974399999999997
11
4.4173718897637793
21
-3.5974698425196849
0
LINE
8
BLACK
6
CONTINUOUS
10
4.4173718897637793
20
-3.5974698425196849
11
4.4174529133858265
21
-3.5975363385826773
0
LINE
8
BLACK
6
CONTINUOUS
10
4.4174529133858265
20
-3.5975363385826773
11
4.4175418503937003
21
-3.5975923228346458
0
LINE
8
BLACK
6
CONTINUOUS
10
4.4175418503937003
20
-3.5975923228346458
11
4.417592992125984
21
-3.5976512992125982
0
LINE
8
BLACK
6
CONTINUOUS
10
4.417592992125984
20
-3.5976512992125982
11
4.4178193307086611
21
-3.5978370472440946
0
LINE
8
BLACK
6
CONTINUOUS
10
4.4178193307086611
20
-3.5978370472440946
11
4.4196941338582674
21
-3.5997118110236221
0
LINE
8
BLACK
6
CONTINUOUS
10
4.4196941338582674
20
-3.5997118110236221
11
4.4198798818897638
21
-3.5999381496062992
0
LINE
8
BLACK
6
CONTINUOUS
10
4.4198798818897638
20
-3.5999381496062992
11
4.4199389370078741
21
-3.59998937007874
0
LINE
8
BLACK
6
CONTINUOUS
10
4.4199389370078741
20
-3.59998937007874
11
4.4199949212598426
21
-3.6000783070866142
0
LINE
8
BLACK
6
CONTINUOUS
10
4.4199949212598426
20
-3.6000783070866142
11
4.4200613779527558
21
-3.6001592913385827
0
LINE
8
BLACK
6
CONTINUOUS
10
4.4200613779527558
20
-3.6001592913385827
11
4.4200911811023618
21
-3.6002312204724407
0
LINE
8
BLACK
6
CONTINUOUS
10
4.4200911811023618
20
-3.6002312204724407
11
4.4202472834645672
21
-3.6004792519685038
0
LINE
8
BLACK
6
CONTINUOUS
10
4.4202472834645672
20
-3.6004792519685038
11
4.4221220472440947
21
-3.6042287795275589
0
LINE
8
BLACK
6
CONTINUOUS
10
4.4221220472440947
20
-3.6042287795275589
11
4.4223289370078742
21
-3.6047693700787402
0
LINE
8
BLACK
6
CONTINUOUS
10
4.4223289370078742
20
-3.6047693700787402
11
4.4223364566929133
21
-3.6048752362204723
0
LINE
8
BLACK
6
CONTINUOUS
10
4.4223364566929133
20
-3.6048752362204723
11
4.422377047244094
21
-3.6049732283464566
0
LINE
8
BLACK
6
CONTINUOUS
10
4.422377047244094
20
-3.6049732283464566
11
4.4224337795275588
21
-3.6055492913385825
0
LINE
8
BLACK
6
CONTINUOUS
10
4.4224337795275588
20
-3.6055492913385825
11
4.4224337795275588
21
-3.6130483464566927
0
LINE
8
BLACK
6
CONTINUOUS
10
4.4224337795275588
20
-3.6130483464566927
11
4.422377047244094
21
-3.613624409448819
0
LINE
8
BLACK
6
CONTINUOUS
10
4.422377047244094
20
-3.613624409448819
11
4.4223364566929133
21
-3.6137223622047245
0
LINE
8
BLACK
6
CONTINUOUS
10
4.4223364566929133
20
-3.6137223622047245
11
4.4223289370078742
21
-3.6138282677165354
0
LINE
8
BLACK
6
CONTINUOUS
10
4.4223289370078742
20
-3.6138282677165354
11
4.4221220472440947
21
-3.6143688582677163
0
LINE
8
BLACK
6
CONTINUOUS
10
4.4221220472440947
20
-3.6143688582677163
11
4.4202472834645672
21
-3.6181183858267714
0
LINE
8
BLACK
6
CONTINUOUS
10
4.4202472834645672
20
-3.6181183858267714
11
4.4200911811023618
21
-3.6183663779527557
0
LINE
8
BLACK
6
CONTINUOUS
10
4.4200911811023618
20
-3.6183663779527557
11
4.4200613779527558
21
-3.6184383464566929
0
LINE
8
BLACK
6
CONTINUOUS
10
4.4200613779527558
20
-3.6184383464566929
11
4.4199949212598426
21
-3.6185192913385826
0
LINE
8
BLACK
6
CONTINUOUS
10
4.4199949212598426
20
-3.6185192913385826
11
4.4199389370078741
21
-3.6186082677165352
0
LINE
8
BLACK
6
CONTINUOUS
10
4.4199389370078741
20
-3.6186082677165352
11
4.4198798818897638
21
-3.6186594488188977
0
LINE
8
BLACK
6
CONTINUOUS
10
4.4198798818897638
20
-3.6186594488188977
11
4.4196941338582674
21
-3.6188858267716535
0
LINE
8
BLACK
6
CONTINUOUS
10
4.4196941338582674
20
-3.6188858267716535
11
4.4178193307086611
21
-3.620760590551181
0
LINE
8
BLACK
6
CONTINUOUS
10
4.4178193307086611
20
-3.620760590551181
11
4.417592992125984
21
-3.6209462992125983
0
LINE
8
BLACK
6
CONTINUOUS
10
4.417592992125984
20
-3.6209462992125983
11
4.4175418503937003
21
-3.6210053149606298
0
LINE
8
BLACK
6
CONTINUOUS
10
4.4175418503937003
20
-3.6210053149606298
11
4.4174529133858265
21
-3.6210612598425196
0
LINE
8
BLACK
6
CONTINUOUS
10
4.4174529133858265
20
-3.6210612598425196
11
4.4173718897637793
21
-3.6211277952755903
0
LINE
8
BLACK
6
CONTINUOUS
10
4.4173718897637793
20
-3.6211277952755903
11
4.417299842519685
21
-3.6211575984251967
0
LINE
8
BLACK
6
CONTINUOUS
10
4.417299842519685
20
-3.6211575984251967
11
4.4170519685039373
21
-3.6213136614173229
0
LINE
8
BLACK
6
CONTINUOUS
10
4.4170519685039373
20
-3.6213136614173229
11
4.4133024409448822
21
-3.6231884251968505
0
LINE
8
BLACK
6
CONTINUOUS
10
4.4133024409448822
20
-3.6231884251968505
11
4.4127618110236222
21
-3.6233953149606299
0
LINE
8
BLACK
6
CONTINUOUS
10
4.4127618110236222
20
-3.6233953149606299
11
4.4126559842519688
21
-3.6234027952755903
0
LINE
8
BLACK
6
CONTINUOUS
10
4.4126559842519688
20
-3.6234027952755903
11
4.4125579921259845
21
-3.6234434251968501
0
LINE
8
BLACK
6
CONTINUOUS
10
4.4125579921259845
20
-3.6234434251968501
11
4.4119819291338578
21
-3.623500157480315
0
LINE
8
BLACK
6
CONTINUOUS
10
4.4119819291338578
20
-3.623500157480315
11
4.3969838188976373
21
-3.623500157480315
0
LINE
8
BLACK
6
CONTINUOUS
10
4.3969838188976373
20
-3.623500157480315
11
4.396883267716535
21
-3.6234902362204724
0
LINE
8
BLACK
6
CONTINUOUS
10
4.396883267716535
20
-3.6234902362204724
11
4.3968402755905514
21
-3.6234966535433069
0
LINE
8
BLACK
6
CONTINUOUS
10
4.3968402755905514
20
-3.6234966535433069
11
4.3966247637795277
21
-3.6234647637795274
0
LINE
8
BLACK
6
CONTINUOUS
10
4.3966247637795277
20
-3.6234647637795274
11
4.3964077559055115
21
-3.6234434251968501
0
LINE
8
BLACK
6
CONTINUOUS
10
4.3964077559055115
20
-3.6234434251968501
11
4.3963675196850396
21
-3.6234267716535431
0
LINE
8
BLACK
6
CONTINUOUS
10
4.3963675196850396
20
-3.6234267716535431
11
4.3962676771653539
21
-3.6234120078740157
0
LINE
8
BLACK
6
CONTINUOUS
10
4.3962676771653539
20
-3.6234120078740157
11
4.3887686220472437
21
-3.6215372440944882
0
LINE
8
BLACK
6
CONTINUOUS
10
4.3887686220472437
20
-3.6215372440944882
11
4.3884290944881892
21
-3.6214159055118111
0
LINE
8
BLACK
6
CONTINUOUS
10
4.3884290944881892
20
-3.6214159055118111
11
4.3883576771653541
21
-3.6214018110236221
0
LINE
8
BLACK
6
CONTINUOUS
10
4.3883576771653541
20
-3.6214018110236221
11
4.3882928740157476
21
-3.621367244094488
0
LINE
8
BLACK
6
CONTINUOUS
10
4.3882928740157476
20
-3.621367244094488
11
4.3882235039370077
21
-3.6213424803149605
0
LINE
8
BLACK
6
CONTINUOUS
10
4.3882235039370077
20
-3.6213424803149605
11
4.3881647637795274
21
-3.6212989370078739
0
LINE
8
BLACK
6
CONTINUOUS
10
4.3881647637795274
20
-3.6212989370078739
11
4.387992125984252
21
-3.6212068897637795
0
LINE
8
BLACK
6
CONTINUOUS
10
4.387992125984252
20
-3.6212068897637795
11
4.387992125984252
21
-3.6344675590551181
0
LINE
8
BLACK
6
CONTINUOUS
10
4.387992125984252
20
-3.6344675590551181
11
4.4119819291338578
21
-3.6344675590551181
0
LINE
8
BLACK
6
CONTINUOUS
10
4.4119819291338578
20
-3.6344675590551181
11
4.4125579921259845
21
-3.6345242913385825
0
LINE
8
BLACK
6
CONTINUOUS
10
4.4125579921259845
20
-3.6345242913385825
11
4.4126559842519688
21
-3.6345648818897636
0
LINE
8
BLACK
6
CONTINUOUS
10
4.4126559842519688
20
-3.6345648818897636
11
4.4127618110236222
21
-3.6345724015748031
0
LINE
8
BLACK
6
CONTINUOUS
10
4.4127618110236222
20
-3.6345724015748031
11
4.4133024409448822
21
-3.6347792913385826
0
LINE
8
BLACK
6
CONTINUOUS
10
4.4133024409448822
20
-3.6347792913385826
11
4.4170519685039373
21
-3.6366540551181101
0
LINE
8
BLACK
6
CONTINUOUS
10
4.4170519685039373
20
-3.6366540551181101
11
4.417299842519685
21
-3.6368100787401576
0
LINE
8
BLACK
6
CONTINUOUS
10
4.417299842519685
20
-3.6368100787401576
11
4.4173718897637793
21
-3.6368399212598423
0
LINE
8
BLACK
6
CONTINUOUS
10
4.4173718897637793
20
-3.6368399212598423
11
4.4174529133858265
21
-3.6369064173228347
0
LINE
8
BLACK
6
CONTINUOUS
10
4.4174529133858265
20
-3.6369064173228347
11
4.4175418503937003
21
-3.6369624015748032
0
LINE
8
BLACK
6
CONTINUOUS
10
4.4175418503937003
20
-3.6369624015748032
11
4.417592992125984
21
-3.637021377952756
0
LINE
8
BLACK
6
CONTINUOUS
10
4.417592992125984
20
-3.637021377952756
11
4.4178193307086611
21
-3.637207125984252
0
LINE
8
BLACK
6
CONTINUOUS
10
4.4178193307086611
20
-3.637207125984252
11
4.4196941338582674
21
-3.6390818897637796
0
LINE
8
BLACK
6
CONTINUOUS
10
4.4196941338582674
20
-3.6390818897637796
11
4.4198798818897638
21
-3.6393082283464566
0
LINE
8
BLACK
6
CONTINUOUS
10
4.4198798818897638
20
-3.6393082283464566
11
4.4199389370078741
21
-3.6393594488188974
0
LINE
8
BLACK
6
CONTINUOUS
10
4.4199389370078741
20
-3.6393594488188974
11
4.4199949212598426
21
-3.6394483858267717
0
LINE
8
BLACK
6
CONTINUOUS
10
4.4199949212598426
20
-3.6394483858267717
11
4.4200613779527558
21
-3.6395293700787401
0
LINE
8
BLACK
6
CONTINUOUS
10
4.4200613779527558
20
-3.6395293700787401
11
4.4200911811023618
21
-3.6396012992125986
0
LINE
8
BLACK
6
CONTINUOUS
10
4.4200911811023618
20
-3.6396012992125986
11
4.4202472834645672
21
-3.6398493307086612
0
LINE
8
BLACK
6
CONTINUOUS
10
4.4202472834645672
20
-3.6398493307086612
11
4.4221220472440947
21
-3.6435988582677163
0
LINE
8
BLACK
6
CONTINUOUS
10
4.4221220472440947
20
-3.6435988582677163
11
4.4223289370078742
21
-3.6441394488188976
0
LINE
8
BLACK
6
CONTINUOUS
10
4.4223289370078742
20
-3.6441394488188976
11
4.4223364566929133
21
-3.6442453149606298
0
LINE
8
BLACK
6
CONTINUOUS
10
4.4223364566929133
20
-3.6442453149606298
11
4.422377047244094
21
-3.644343307086614
0
LINE
8
BLACK
6
CONTINUOUS
10
4.422377047244094
20
-3.644343307086614
11
4.4224337795275588
21
-3.6449193700787399
0
LINE
8
BLACK
6
CONTINUOUS
10
4.4224337795275588
20
-3.6449193700787399
11
4.4224337795275588
21
-3.6524184251968501
0
LINE
8
BLACK
6
CONTINUOUS
10
4.4224337795275588
20
-3.6524184251968501
11
4.422377047244094
21
-3.6529944881889764
0
LINE
8
BLACK
6
CONTINUOUS
10
4.422377047244094
20
-3.6529944881889764
11
4.4223364566929133
21
-3.6530924409448819
0
LINE
8
BLACK
6
CONTINUOUS
10
4.4223364566929133
20
-3.6530924409448819
11
4.4223289370078742
21
-3.6531983464566928
0
LINE
8
BLACK
6
CONTINUOUS
10
4.4223289370078742
20
-3.6531983464566928
11
4.4221220472440947
21
-3.6537389370078741
0
LINE
8
BLACK
6
CONTINUOUS
10
4.4221220472440947
20
-3.6537389370078741
11
4.4202472834645672
21
-3.6574884645669292
0
LINE
8
BLACK
6
CONTINUOUS
10
4.4202472834645672
20
-3.6574884645669292
11
4.4200911811023618
21
-3.6577364566929131
0
LINE
8
BLACK
6
CONTINUOUS
10
4.4200911811023618
20
-3.6577364566929131
11
4.4200613779527558
21
-3.6578084251968503
0
LINE
8
BLACK
6
CONTINUOUS
10
4.4200613779527558
20
-3.6578084251968503
11
4.4199949212598426
21
-3.65788937007874
0
LINE
8
BLACK
6
CONTINUOUS
10
4.4199949212598426
20
-3.65788937007874
11
4.4199389370078741
21
-3.6579783464566926
0
LINE
8
BLACK
6
CONTINUOUS
10
4.4199389370078741
20
-3.6579783464566926
11
4.4198798818897638
21
-3.6580295275590551
0
LINE
8
BLACK
6
CONTINUOUS
10
4.4198798818897638
20
-3.6580295275590551
11
4.4196941338582674
21
-3.6582559055118109
0
LINE
8
BLACK
6
CONTINUOUS
10
4.4196941338582674
20
-3.6582559055118109
11
4.4178193307086611
21
-3.6601306692913385
0
LINE
8
BLACK
6
CONTINUOUS
10
4.4178193307086611
20
-3.6601306692913385
11
4.417592992125984
21
-3.6603163779527557
0
LINE
8
BLACK
6
CONTINUOUS
10
4.417592992125984
20
-3.6603163779527557
11
4.4175418503937003
21
-3.6603753937007872
0
LINE
8
BLACK
6
CONTINUOUS
10
4.4175418503937003
20
-3.6603753937007872
11
4.4174529133858265
21
-3.660431338582677
0
LINE
8
BLACK
6
CONTINUOUS
10
4.4174529133858265
20
-3.660431338582677
11
4.4173718897637793
21
-3.6604978740157481
0
LINE
8
BLACK
6
CONTINUOUS
10
4.4173718897637793
20
-3.6604978740157481
11
4.417299842519685
21
-3.6605276771653541
0
LINE
8
BLACK
6
CONTINUOUS
10
4.417299842519685
20
-3.6605276771653541
11
4.4170519685039373
21
-3.6606837401574803
0
LINE
8
BLACK
6
CONTINUOUS
10
4.4170519685039373
20
-3.6606837401574803
11
4.4133024409448822
21
-3.6625585039370079
0
LINE
8
BLACK
6
CONTINUOUS
10
4.4133024409448822
20
-3.6625585039370079
11
4.4127618110236222
21
-3.6627653937007874
0
LINE
8
BLACK
6
CONTINUOUS
10
4.4127618110236222
20
-3.6627653937007874
11
4.4126559842519688
21
-3.6627728740157481
0
LINE
8
BLACK
6
CONTINUOUS
10
4.4126559842519688
20
-3.6627728740157481
11
4.4125579921259845
21
-3.662813503937008
0
LINE
8
BLACK
6
CONTINUOUS
10
4.4125579921259845
20
-3.662813503937008
11
4.4119819291338578
21
-3.6628702362204724
0
LINE
8
BLACK
6
CONTINUOUS
10
4.4119819291338578
20
-3.6628702362204724
11
4.387992125984252
21
-3.6628702362204724
0
LINE
8
BLACK
6
CONTINUOUS
10
4.387992125984252
20
-3.6628702362204724
11
4.387992125984252
21
-3.7775590551181102
0
LINE
8
BLACK
6
CONTINUOUS
10
4.387992125984252
20
-3.7775590551181102
11
4.3956692913385824
21
-3.7775590551181102
0
LINE
8
BLACK
6
CONTINUOUS
10
4.3956692913385824
20
-3.7775590551181102
11
4.3965732677165352
21
-3.7777388582677163
0
LINE
8
BLACK
6
CONTINUOUS
10
4.3965732677165352
20
-3.7777388582677163
11
4.3978516929133855
21
-3.779017283464567
0
LINE
8
BLACK
6
CONTINUOUS
10
4.3978516929133855
20
-3.779017283464567
11
4.3978516929133855
21
-3.7808252362204722
0
LINE
8
BLACK
6
CONTINUOUS
10
4.3978516929133855
20
-3.7808252362204722
11
4.3965732677165352
21
-3.7821036614173229
0
LINE
8
BLACK
6
CONTINUOUS
10
4.3965732677165352
20
-3.7821036614173229
11
4.3956692913385824
21
-3.782283464566929
0
LINE
8
BLACK
6
CONTINUOUS
10
4.3956692913385824
20
-3.782283464566929
11
4.3856299212598424
21
-3.782283464566929
0
LINE
8
BLACK
6
CONTINUOUS
10
4.3856299212598424
20
-3.782283464566929
11
4.3847259448818896
21
-3.7821036614173229
0
LINE
8
BLACK
6
CONTINUOUS
10
4.3847259448818896
20
-3.7821036614173229
11
4.3834475196850393
21
-3.7808252362204722
0
LINE
8
BLACK
6
CONTINUOUS
10
4.3834475196850393
20
-3.7808252362204722
11
4.3832677165354328
21
-3.7799212598425198
0
LINE
8
BLACK
6
CONTINUOUS
10
4.3832677165354328
20
-3.7799212598425198
11
4.3832677165354328
21
-3.6628702362204724
0
LINE
8
BLACK
6
CONTINUOUS
10
4.3832677165354328
20
-3.6628702362204724
11
4.3801109448818893
21
-3.6628702362204724
0
LINE
8
BLACK
6
CONTINUOUS
10
4.3801109448818893
20
-3.6628702362204724
11
4.3795348818897635
21
-3.662813503937008
0
LINE
8
BLACK
6
CONTINUOUS
10
4.3795348818897635
20
-3.662813503937008
11
4.3784704724409451
21
-3.6623725984251969
0
LINE
8
BLACK
6
CONTINUOUS
10
4.3784704724409451
20
-3.6623725984251969
11
4.3776558267716537
21
-3.6615579527559055
0
LINE
8
BLACK
6
CONTINUOUS
10
4.3776558267716537
20
-3.6615579527559055
11
4.3772149212598421
21
-3.6604935433070867
0
LINE
8
BLACK
6
CONTINUOUS
10
4.3772149212598421
20
-3.6604935433070867
11
4.3772149212598421
21
-3.6593414173228345
0
LINE
8
BLACK
6
CONTINUOUS
10
4.3772149212598421
20
-3.6593414173228345
11
4.3776558267716537
21
-3.6582770078740157
0
LINE
8
BLACK
6
CONTINUOUS
10
4.3776558267716537
20
-3.6582770078740157
11
4.3784704724409451
21
-3.6574623622047242
0
LINE
8
BLACK
6
CONTINUOUS
10
4.3784704724409451
20
-3.6574623622047242
11
4.3795348818897635
21
-3.6570214566929131
0
LINE
8
BLACK
6
CONTINUOUS
10
4.3795348818897635
20
-3.6570214566929131
11
4.3801109448818893
21
-3.6569647244094488
0
LINE
8
BLACK
6
CONTINUOUS
10
4.3801109448818893
20
-3.6569647244094488
11
4.3832677165354328
21
-3.6569647244094488
0
LINE
8
BLACK
6
CONTINUOUS
10
4.3832677165354328
20
-3.6569647244094488
11
4.3832677165354328
21
-3.6403730708661417
0
LINE
8
BLACK
6
CONTINUOUS
10
4.3832677165354328
20
-3.6403730708661417
11
4.3801109448818893
21
-3.6403730708661417
0
LINE
8
BLACK
6
CONTINUOUS
10
4.3801109448818893
20
-3.6403730708661417
11
4.3795348818897635
21
-3.6403163385826769
0
LINE
8
BLACK
6
CONTINUOUS
10
4.3795348818897635
20
-3.6403163385826769
11
4.3784704724409451
21
-3.6398754330708663
0
LINE
8
BLACK
6
CONTINUOUS
10
4.3784704724409451
20
-3.6398754330708663
11
4.3776558267716537
21
-3.6390607874015748
0
LINE
8
BLACK
6
CONTINUOUS
10
4.3776558267716537
20
-3.6390607874015748
11
4.3772149212598421
21
-3.637996377952756
0
LINE
8
BLACK
6
CONTINUOUS
10
4.3772149212598421
20
-3.637996377952756
11
4.3772149212598421
21
-3.6368442519685038
0
LINE
8
BLACK
6
CONTINUOUS
10
4.3772149212598421
20
-3.6368442519685038
11
4.3776558267716537
21
-3.635779842519685
0
LINE
8
BLACK
6
CONTINUOUS
10
4.3776558267716537
20
-3.635779842519685
11
4.3784704724409451
21
-3.6349651968503935
0
LINE
8
BLACK
6
CONTINUOUS
10
4.3784704724409451
20
-3.6349651968503935
11
4.3795348818897635
21
-3.6345242913385825
0
LINE
8
BLACK
6
CONTINUOUS
10
4.3795348818897635
20
-3.6345242913385825
11
4.3801109448818893
21
-3.6344675590551181
0
LINE
8
BLACK
6
CONTINUOUS
10
4.3801109448818893
20
-3.6344675590551181
11
4.3832677165354328
21
-3.6344675590551181
0
LINE
8
BLACK
6
CONTINUOUS
10
4.3832677165354328
20
-3.6344675590551181
11
4.3832677165354328
21
-3.6180766929133856
0
LINE
8
BLACK
6
CONTINUOUS
10
4.3832677165354328
20
-3.6180766929133856
11
4.3822225590551183
21
-3.6173799606299211
0
LINE
8
BLACK
6
CONTINUOUS
10
4.3822225590551183
20
-3.6173799606299211
11
4.3822208661417319
21
-3.6173785826771652
0
LINE
8
BLACK
6
CONTINUOUS
10
4.3822208661417319
20
-3.6173785826771652
11
4.3822200000000002
21
-3.6173782283464564
0
LINE
8
BLACK
6
CONTINUOUS
10
4.3822200000000002
20
-3.6173782283464564
11
4.3820046850393704
21
-3.6172014960629921
0
LINE
8
BLACK
6
CONTINUOUS
10
4.3820046850393704
20
-3.6172014960629921
11
4.3817747244094489
21
-3.6170131889763777
0
LINE
8
BLACK
6
CONTINUOUS
10
4.3817747244094489
20
-3.6170131889763777
11
4.3817741338582676
21
-3.6170123228346456
0
LINE
8
BLACK
6
CONTINUOUS
10
4.3817741338582676
20
-3.6170123228346456
11
4.3817725590551184
21
-3.6170110236220472
0
LINE
8
BLACK
6
CONTINUOUS
10
4.3817725590551184
20
-3.6170110236220472
11
4.3798977952755909
21
-3.6151362598425196
0
LINE
8
BLACK
6
CONTINUOUS
10
4.3798977952755909
20
-3.6151362598425196
11
4.3797120078740157
21
-3.6149098818897638
0
LINE
8
BLACK
6
CONTINUOUS
10
4.3797120078740157
20
-3.6149098818897638
11
4.3796530314960629
21
-3.6148587401574801
0
LINE
8
BLACK
6
CONTINUOUS
10
4.3796530314960629
20
-3.6148587401574801
11
4.3795970472440944
21
-3.6147697637795275
0
LINE
8
BLACK
6
CONTINUOUS
10
4.3795970472440944
20
-3.6147697637795275
11
4.3795305905511812
21
-3.6146888188976378
0
LINE
8
BLACK
6
CONTINUOUS
10
4.3795305905511812
20
-3.6146888188976378
11
4.3795007480314956
21
-3.6146168503937006
0
LINE
8
BLACK
6
CONTINUOUS
10
4.3795007480314956
20
-3.6146168503937006
11
4.3793446850393698
21
-3.6143688582677163
0
LINE
8
BLACK
6
CONTINUOUS
10
4.3793446850393698
20
-3.6143688582677163
11
4.3774699212598422
21
-3.6106193307086611
0
LINE
8
BLACK
6
CONTINUOUS
10
4.3774699212598422
20
-3.6106193307086611
11
4.3772630314960628
21
-3.6100787007874016
0
LINE
8
BLACK
6
CONTINUOUS
10
4.3772630314960628
20
-3.6100787007874016
11
4.3772555118110237
21
-3.6099728740157477
0
LINE
8
BLACK
6
CONTINUOUS
10
4.3772555118110237
20
-3.6099728740157477
11
4.3772149212598421
21
-3.6098748818897639
0
LINE
8
BLACK
6
CONTINUOUS
10
4.3772149212598421
20
-3.6098748818897639
11
4.3771581889763782
21
-3.6092988188976376
0
LINE
8
BLACK
6
CONTINUOUS
10
4.3771581889763782
20
-3.6092988188976376
11
4.3771581889763782
21
-3.6017997637795274
0
LINE
8
BLACK
6
CONTINUOUS
10
4.3771581889763782
20
-3.6017997637795274
11
4.3772149212598421
21
-3.6012237007874015
0
LINE
8
BLACK
6
CONTINUOUS
10
4.3772149212598421
20
-3.6012237007874015
11
4.3776558267716537
21
-3.6001592913385827
0
LINE
8
BLACK
6
CONTINUOUS
10
4.3776558267716537
20
-3.6001592913385827
11
4.3784704724409451
21
-3.5993446456692912
0
LINE
8
BLACK
6
CONTINUOUS
10
4.3784704724409451
20
-3.5993446456692912
11
4.3795348818897635
21
-3.5989037401574802
0
LINE
8
BLACK
6
CONTINUOUS
10
4.3795348818897635
20
-3.5989037401574802
11
4.3806870078740152
21
-3.5989037401574802
0
LINE
8
BLACK
6
CONTINUOUS
10
4.3806870078740152
20
-3.5989037401574802
11
4.3817514173228345
21
-3.5993446456692912
0
LINE
8
BLACK
6
CONTINUOUS
10
4.3817514173228345
20
-3.5993446456692912
11
4.3825660629921259
21
-3.6001592913385827
0
LINE
8
BLACK
6
CONTINUOUS
10
4.3825660629921259
20
-3.6001592913385827
11
4.3830069685039366
21
-3.6012237007874015
0
LINE
8
BLACK
6
CONTINUOUS
10
4.3830069685039366
20
-3.6012237007874015
11
4.3830637007874014
21
-3.6017997637795274
0
LINE
8
BLACK
6
CONTINUOUS
10
4.3830637007874014
20
-3.6017997637795274
11
4.3830637007874014
21
-3.608601771653543
0
LINE
8
BLACK
6
CONTINUOUS
10
4.3830637007874014
20
-3.608601771653543
11
4.3832677165354328
21
-3.6090098031496063
0
LINE
8
BLACK
6
CONTINUOUS
10
4.3832677165354328
20
-3.6090098031496063
11
4.3832677165354328
21
-3.4759842519685038
0
LINE
8
BLACK
6
CONTINUOUS
10
4.3832677165354328
20
-3.4759842519685038
11
4.3834475196850393
21
-3.475080275590551
0
LINE
8
BLACK
6
CONTINUOUS
10
4.3834475196850393
20
-3.475080275590551
11
4.3847259448818896
21
-3.4738018503937007
0
LINE
8
BLACK
6
CONTINUOUS
10
4.3847259448818896
20
-3.4738018503937007
11
4.3856299212598424
21
-3.4736220472440946
0
LINE
8
BLACK
6
CONTINUOUS
10
4.3856299212598424
20
-3.4736220472440946
11
4.3956692913385824
21
-3.4736220472440946
0
LINE
8
BLACK
6
CONTINUOUS
10
4.3956692913385824
20
-3.4736220472440946
11
4.3965732677165352
21
-3.4738018503937007
0
LINE
8
BLACK
6
CONTINUOUS
10
4.387992125984252
20
-3.6569647244094488
11
4.4112848818897641
21
-3.6569647244094488
0
LINE
8
BLACK
6
CONTINUOUS
10
4.4112848818897641
20
-3.6569647244094488
11
4.4139823622047247
21
-3.6556159448818897
0
LINE
8
BLACK
6
CONTINUOUS
10
4.4139823622047247
20
-3.6556159448818897
11
4.4151795275590553
21
-3.6544188188976379
0
LINE
8
BLACK
6
CONTINUOUS
10
4.4151795275590553
20
-3.6544188188976379
11
4.4165282677165356
21
-3.651721377952756
0
LINE
8
BLACK
6
CONTINUOUS
10
4.4165282677165356
20
-3.651721377952756
11
4.4165282677165356
21
-3.6456164173228345
0
LINE
8
BLACK
6
CONTINUOUS
10
4.4165282677165356
20
-3.6456164173228345
11
4.4151795275590553
21
-3.6429189370078738
0
LINE
8
BLACK
6
CONTINUOUS
10
4.4151795275590553
20
-3.6429189370078738
11
4.4139823622047247
21
-3.641721811023622
0
LINE
8
BLACK
6
CONTINUOUS
10
4.4139823622047247
20
-3.641721811023622
11
4.4112848818897641
21
-3.6403730708661417
0
LINE
8
BLACK
6
CONTINUOUS
10
4.4112848818897641
20
-3.6403730708661417
11
4.387992125984252
21
-3.6403730708661417
0
LINE
8
BLACK
6
CONTINUOUS
10
4.387992125984252
20
-3.6403730708661417
11
4.387992125984252
21
-3.6569647244094488
0
LINE
8
BLACK
6
CONTINUOUS
10
4.4006076771653539
20
-3.6023517322834646
11
4.3994105511811021
21
-3.6035488582677164
0
LINE
8
BLACK
6
CONTINUOUS
10
4.3994105511811021
20
-3.6035488582677164
11
4.3980618110236218
21
-3.6062463385826771
0
LINE
8
BLACK
6
CONTINUOUS
10
4.3980618110236218
20
-3.6062463385826771
11
4.3980618110236218
21
-3.6123512992125981
0
LINE
8
BLACK
6
CONTINUOUS
10
4.3980618110236218
20
-3.6123512992125981
11
4.3994105511811021
21
-3.6150487795275588
0
LINE
8
BLACK
6
CONTINUOUS
10
4.3994105511811021
20
-3.6150487795275588
11
4.4006076771653539
21
-3.616245905511811
0
LINE
8
BLACK
6
CONTINUOUS
10
4.4006076771653539
20
-3.616245905511811
11
4.4033051574803146
21
-3.6175946456692913
0
LINE
8
BLACK
6
CONTINUOUS
10
4.4033051574803146
20
-3.6175946456692913
11
4.4112848818897641
21
-3.6175946456692913
0
LINE
8
BLACK
6
CONTINUOUS
10
4.4112848818897641
20
-3.6175946456692913
11
4.4139823622047247
21
-3.6162458661417323
0
LINE
8
BLACK
6
CONTINUOUS
10
4.4139823622047247
20
-3.6162458661417323
11
4.4151795275590553
21
-3.61504874015748
0
LINE
8
BLACK
6
CONTINUOUS
10
4.4151795275590553
20
-3.61504874015748
11
4.4165282677165356
21
-3.6123512992125981
0
LINE
8
BLACK
6
CONTINUOUS
10
4.4165282677165356
20
-3.6123512992125981
11
4.4165282677165356
21
-3.6062463385826771
0
LINE
8
BLACK
6
CONTINUOUS
10
4.4165282677165356
20
-3.6062463385826771
11
4.4151795275590553
21
-3.6035488582677164
0
LINE
8
BLACK
6
CONTINUOUS
10
4.4151795275590553
20
-3.6035488582677164
11
4.4139823622047247
21
-3.6023517322834646
0
LINE
8
BLACK
6
CONTINUOUS
10
4.4139823622047247
20
-3.6023517322834646
11
4.4112848818897641
21
-3.6010029921259843
0
LINE
8
BLACK
6
CONTINUOUS
10
4.4112848818897641
20
-3.6010029921259843
11
4.4033051574803146
21
-3.6010029921259843
0
LINE
8
BLACK
6
CONTINUOUS
10
4.4033051574803146
20
-3.6010029921259843
11
4.4006076771653539
21
-3.6023517322834646
0
LINE
8
BLACK
6
CONTINUOUS
10
4.8007071259842515
20
-3.4738018503937007
11
4.8019855511811018
21
-3.475080275590551
0
LINE
8
BLACK
6
CONTINUOUS
10
4.8019855511811018
20
-3.475080275590551
11
4.8021653543307083
21
-3.4759842519685038
0
LINE
8
BLACK
6
CONTINUOUS
10
4.8021653543307083
20
-3.4759842519685038
11
4.8021653543307083
21
-3.7799212598425198
0
LINE
8
BLACK
6
CONTINUOUS
10
4.8021653543307083
20
-3.7799212598425198
11
4.8019855511811018
21
-3.7808252362204722
0
LINE
8
BLACK
6
CONTINUOUS
10
4.8019855511811018
20
-3.7808252362204722
11
4.8007071259842515
21
-3.7821036614173229
0
LINE
8
BLACK
6
CONTINUOUS
10
4.8007071259842515
20
-3.7821036614173229
11
4.7998031496062987
21
-3.782283464566929
0
LINE
8
BLACK
6
CONTINUOUS
10
4.7998031496062987
20
-3.782283464566929
11
4.7897637795275587
21
-3.782283464566929
0
LINE
8
BLACK
6
CONTINUOUS
10
4.7897637795275587
20
-3.782283464566929
11
4.7888598031496059
21
-3.7821036614173229
0
LINE
8
BLACK
6
CONTINUOUS
10
4.7888598031496059
20
-3.7821036614173229
11
4.7875813779527556
21
-3.7808252362204722
0
LINE
8
BLACK
6
CONTINUOUS
10
4.7875813779527556
20
-3.7808252362204722
11
4.7875813779527556
21
-3.779017283464567
0
LINE
8
BLACK
6
CONTINUOUS
10
4.7875813779527556
20
-3.779017283464567
11
4.7888598031496059
21
-3.7777388582677163
0
LINE
8
BLACK
6
CONTINUOUS
10
4.7888598031496059
20
-3.7777388582677163
11
4.7897637795275587
21
-3.7775590551181102
0
LINE
8
BLACK
6
CONTINUOUS
10
4.7897637795275587
20
-3.7775590551181102
11
4.79744094488189
21
-3.7775590551181102
0
LINE
8
BLACK
6
CONTINUOUS
10
4.79744094488189
20
-3.7775590551181102
11
4.79744094488189
21
-3.4783464566929134
0
LINE
8
BLACK
6
CONTINUOUS
10
4.79744094488189
20
-3.4783464566929134
11
4.7897637795275587
21
-3.4783464566929134
0
LINE
8
BLACK
6
CONTINUOUS
10
4.7897637795275587
20
-3.4783464566929134
11
4.7888598031496059
21
-3.4781666535433069
0
LINE
8
BLACK
6
CONTINUOUS
10
4.7888598031496059
20
-3.4781666535433069
11
4.7875813779527556
21
-3.4768882283464566
0
LINE
8
BLACK
6
CONTINUOUS
10
4.7875813779527556
20
-3.4768882283464566
11
4.7875813779527556
21
-3.475080275590551
0
LINE
8
BLACK
6
CONTINUOUS
10
4.7875813779527556
20
-3.475080275590551
11
4.7888598031496059
21
-3.4738018503937007
0
LINE
8
BLACK
6
CONTINUOUS
10
4.7888598031496059
20
-3.4738018503937007
11
4.7897637795275587
21
-3.4736220472440946
0
LINE
8
BLACK
6
CONTINUOUS
10
4.7897637795275587
20
-3.4736220472440946
11
4.7998031496062987
21
-3.4736220472440946
0
LINE
8
BLACK
6
CONTINUOUS
10
4.7998031496062987
20
-3.4736220472440946
11
4.8007071259842515
21
-3.4738018503937007
0
LINE
8
BLACK
6
CONTINUOUS
10
3.0816338976377953
20
-3.7430383070866142
11
3.0827859448818895
21
-3.7430523622047245
0
LINE
8
BLACK
6
CONTINUOUS
10
3.0827859448818895
20
-3.7430523622047245
11
3.0838448818897639
21
-3.743506181102362
0
LINE
8
BLACK
6
CONTINUOUS
10
3.0838448818897639
20
-3.743506181102362
11
3.0846495669291336
21
-3.7443307086614173
0
LINE
8
BLACK
6
CONTINUOUS
10
3.0846495669291336
20
-3.7443307086614173
11
3.0849161811023622
21
-3.7448445275590552
0
LINE
8
BLACK
6
CONTINUOUS
10
3.0849161811023622
20
-3.7448445275590552
11
3.0872347637795277
21
-3.7506410236220473
0
LINE
8
BLACK
6
CONTINUOUS
10
3.0872347637795277
20
-3.7506410236220473
11
3.0916515354330709
21
-3.7473284645669289
0
LINE
8
BLACK
6
CONTINUOUS
10
3.0916515354330709
20
-3.7473284645669289
11
3.0921464173228346
21
-3.7470282283464567
0
LINE
8
BLACK
6
CONTINUOUS
10
3.0921464173228346
20
-3.7470282283464567
11
3.0932624803149604
21
-3.7467422834645667
0
LINE
8
BLACK
6
CONTINUOUS
10
3.0932624803149604
20
-3.7467422834645667
11
3.0944029921259841
21
-3.7469052362204724
0
LINE
8
BLACK
6
CONTINUOUS
10
3.0944029921259841
20
-3.7469052362204724
11
3.0953943700787403
21
-3.7474922047244092
0
LINE
8
BLACK
6
CONTINUOUS
10
3.0953943700787403
20
-3.7474922047244092
11
3.0960856299212596
21
-3.748413897637795
0
LINE
8
BLACK
6
CONTINUOUS
10
3.0960856299212596
20
-3.748413897637795
11
3.0963715748031495
21
-3.7495299606299213
0
LINE
8
BLACK
6
CONTINUOUS
10
3.0963715748031495
20
-3.7495299606299213
11
3.0962086220472442
21
-3.750670472440945
0
LINE
8
BLACK
6
CONTINUOUS
10
3.0962086220472442
20
-3.750670472440945
11
3.095621653543307
21
-3.7516618503937007
0
LINE
8
BLACK
6
CONTINUOUS
10
3.095621653543307
20
-3.7516618503937007
11
3.0951948425196849
21
-3.7520528740157482
0
LINE
8
BLACK
6
CONTINUOUS
10
3.0951948425196849
20
-3.7520528740157482
11
3.0908453937007874
21
-3.7553149606299212
0
LINE
8
BLACK
6
CONTINUOUS
10
3.0908453937007874
20
-3.7553149606299212
11
3.0951948425196849
21
-3.7585770472440942
0
LINE
8
BLACK
6
CONTINUOUS
10
3.0951948425196849
20
-3.7585770472440942
11
3.095621653543307
21
-3.7589680708661417
0
LINE
8
BLACK
6
CONTINUOUS
10
3.095621653543307
20
-3.7589680708661417
11
3.0962086220472442
21
-3.7599594488188974
0
LINE
8
BLACK
6
CONTINUOUS
10
3.0962086220472442
20
-3.7599594488188974
11
3.0963715748031495
21
-3.7610999606299211
0
LINE
8
BLACK
6
CONTINUOUS
10
3.0963715748031495
20
-3.7610999606299211
11
3.0960856299212596
21
-3.762216023622047
0
LINE
8
BLACK
6
CONTINUOUS
10
3.0960856299212596
20
-3.762216023622047
11
3.0953943700787403
21
-3.7631377165354332
0
LINE
8
BLACK
6
CONTINUOUS
10
3.0953943700787403
20
-3.7631377165354332
11
3.0944029921259841
21
-3.76372468503937
0
LINE
8
BLACK
6
CONTINUOUS
10
3.0944029921259841
20
-3.76372468503937
11
3.0932624803149604
21
-3.7638876377952757
0
LINE
8
BLACK
6
CONTINUOUS
10
3.0932624803149604
20
-3.7638876377952757
11
3.0921464173228346
21
-3.7636016929133858
0
LINE
8
BLACK
6
CONTINUOUS
10
3.0921464173228346
20
-3.7636016929133858
11
3.0916515354330709
21
-3.7633014566929135
0
LINE
8
BLACK
6
CONTINUOUS
10
3.0916515354330709
20
-3.7633014566929135
11
3.0872347637795277
21
-3.7599888582677163
0
LINE
8
BLACK
6
CONTINUOUS
10
3.0872347637795277
20
-3.7599888582677163
11
3.0849161811023622
21
-3.7657853937007872
0
LINE
8
BLACK
6
CONTINUOUS
10
3.0849161811023622
20
-3.7657853937007872
11
3.0846495669291336
21
-3.7662992125984252
0
LINE
8
BLACK
6
CONTINUOUS
10
3.0846495669291336
20
-3.7662992125984252
11
3.0838448818897639
21
-3.7671237401574804
0
LINE
8
BLACK
6
CONTINUOUS
10
3.0838448818897639
20
-3.7671237401574804
11
3.0827859448818895
21
-3.7675775590551179
0
LINE
8
BLACK
6
CONTINUOUS
10
3.0827859448818895
20
-3.7675775590551179
11
3.0816338976377953
21
-3.7675916141732282
0
LINE
8
BLACK
6
CONTINUOUS
10
3.0816338976377953
20
-3.7675916141732282
11
3.0805641732283462
21
-3.7671637401574802
0
LINE
8
BLACK
6
CONTINUOUS
10
3.0805641732283462
20
-3.7671637401574802
11
3.0797396456692914
21
-3.7663590551181101
0
LINE
8
BLACK
6
CONTINUOUS
10
3.0797396456692914
20
-3.7663590551181101
11
3.0792858267716534
21
-3.7653001181102361
0
LINE
8
BLACK
6
CONTINUOUS
10
3.0792858267716534
20
-3.7653001181102361
11
3.0792717716535432
21
-3.7641480708661414
0
LINE
8
BLACK
6
CONTINUOUS
10
3.0792717716535432
20
-3.7641480708661414
11
3.079433031496063
21
-3.7635921653543307
0
LINE
8
BLACK
6
CONTINUOUS
10
3.079433031496063
20
-3.7635921653543307
11
3.0815627952755906
21
-3.7582677165354328
0
LINE
8
BLACK
6
CONTINUOUS
10
3.0815627952755906
20
-3.7582677165354328
11
3.0765503149606297
21
-3.7582677165354328
0
LINE
8
BLACK
6
CONTINUOUS
10
3.0765503149606297
20
-3.7582677165354328
11
3.0759742519685038
21
-3.7582109842519684
0
LINE
8
BLACK
6
CONTINUOUS
10
3.0759742519685038
20
-3.7582109842519684
11
3.074909842519685
21
-3.7577700787401573
0
LINE
8
BLACK
6
CONTINUOUS
10
3.074909842519685
20
-3.7577700787401573
11
3.0740951968503936
21
-3.7569554330708659
0
LINE
8
BLACK
6
CONTINUOUS
10
3.0740951968503936
20
-3.7569554330708659
11
3.0736542913385825
21
-3.7558910236220471
0
LINE
8
BLACK
6
CONTINUOUS
10
3.0736542913385825
20
-3.7558910236220471
11
3.0736542913385825
21
-3.7547388976377953
0
LINE
8
BLACK
6
CONTINUOUS
10
3.0736542913385825
20
-3.7547388976377953
11
3.0740951968503936
21
-3.7536744881889761
0
LINE
8
BLACK
6
CONTINUOUS
10
3.0740951968503936
20
-3.7536744881889761
11
3.074909842519685
21
-3.7528598425196851
0
LINE
8
BLACK
6
CONTINUOUS
10
3.074909842519685
20
-3.7528598425196851
11
3.0759742519685038
21
-3.752418937007874
0
LINE
8
BLACK
6
CONTINUOUS
10
3.0759742519685038
20
-3.752418937007874
11
3.0765503149606297
21
-3.7523622047244092
0
LINE
8
BLACK
6
CONTINUOUS
10
3.0765503149606297
20
-3.7523622047244092
11
3.0815627952755906
21
-3.7523622047244092
0
LINE
8
BLACK
6
CONTINUOUS
10
3.0815627952755906
20
-3.7523622047244092
11
3.079433031496063
21
-3.7470377559055117
0
LINE
8
BLACK
6
CONTINUOUS
10
3.079433031496063
20
-3.7470377559055117
11
3.0792717716535432
21
-3.7464818503937005
0
LINE
8
BLACK
6
CONTINUOUS
10
3.0792717716535432
20
-3.7464818503937005
11
3.0792858267716534
21
-3.7453298031496063
0
LINE
8
BLACK
6
CONTINUOUS
10
3.0792858267716534
20
-3.7453298031496063
11
3.0797396456692914
21
-3.7442708661417323
0
LINE
8
BLACK
6
CONTINUOUS
10
3.0797396456692914
20
-3.7442708661417323
11
3.0805641732283462
21
-3.7434661811023622
0
LINE
8
BLACK
6
CONTINUOUS
10
3.0805641732283462
20
-3.7434661811023622
11
3.0816338976377953
21
-3.7430383070866142
0
LINE
8
BLACK
6
CONTINUOUS
10
3.2723635433070863
20
-3.5750489370078737
11
3.2731912598425197
21
-3.5758766535433071
0
LINE
8
BLACK
6
CONTINUOUS
10
3.2731912598425197
20
-3.5758766535433071
11
3.2736392125984253
21
-3.5769580708661417
0
LINE
8
BLACK
6
CONTINUOUS
10
3.2736392125984253
20
-3.5769580708661417
11
3.2736968503937005
21
-3.577543346456693
0
LINE
8
BLACK
6
CONTINUOUS
10
3.2736968503937005
20
-3.577543346456693
11
3.2736968503937005
21
-3.7295433464566927
0
LINE
8
BLACK
6
CONTINUOUS
10
3.2736968503937005
20
-3.7295433464566927
11
3.2736392125984253
21
-3.730128622047244
0
LINE
8
BLACK
6
CONTINUOUS
10
3.2736392125984253
20
-3.730128622047244
11
3.2731912598425197
21
-3.7312100393700787
0
LINE
8
BLACK
6
CONTINUOUS
10
3.2731912598425197
20
-3.7312100393700787
11
3.2723635433070863
21
-3.7320377559055116
0
LINE
8
BLACK
6
CONTINUOUS
10
3.2723635433070863
20
-3.7320377559055116
11
3.2712821259842517
21
-3.7324857086614172
0
LINE
8
BLACK
6
CONTINUOUS
10
3.2712821259842517
20
-3.7324857086614172
11
3.2701115748031495
21
-3.7324857086614172
0
LINE
8
BLACK
6
CONTINUOUS
10
3.2701115748031495
20
-3.7324857086614172
11
3.2690301574803149
21
-3.7320377559055116
0
LINE
8
BLACK
6
CONTINUOUS
10
3.2690301574803149
20
-3.7320377559055116
11
3.268202440944882
21
-3.7312100393700787
0
LINE
8
BLACK
6
CONTINUOUS
10
3.268202440944882
20
-3.7312100393700787
11
3.2677544881889764
21
-3.730128622047244
0
LINE
8
BLACK
6
CONTINUOUS
10
3.2677544881889764
20
-3.730128622047244
11
3.2676968503937007
21
-3.7295433464566927
0
LINE
8
BLACK
6
CONTINUOUS
10
3.2676968503937007
20
-3.7295433464566927
11
3.2676968503937007
21
-3.577543346456693
0
LINE
8
BLACK
6
CONTINUOUS
10
3.2676968503937007
20
-3.577543346456693
11
3.2677544881889764
21
-3.5769580708661417
0
LINE
8
BLACK
6
CONTINUOUS
10
3.2677544881889764
20
-3.5769580708661417
11
3.268202440944882
21
-3.5758766535433071
0
LINE
8
BLACK
6
CONTINUOUS
10
3.268202440944882
20
-3.5758766535433071
11
3.2690301574803149
21
-3.5750489370078737
0
LINE
8
BLACK
6
CONTINUOUS
10
3.2690301574803149
20
-3.5750489370078737
11
3.2701115748031495
21
-3.5746009842519686
0
LINE
8
BLACK
6
CONTINUOUS
10
3.2701115748031495
20
-3.5746009842519686
11
3.2712821259842517
21
-3.5746009842519686
0
LINE
8
BLACK
6
CONTINUOUS
10
3.2712821259842517
20
-3.5746009842519686
11
3.2723635433070863
21
-3.5750489370078737
0
LINE
8
BLACK
6
CONTINUOUS
10
3.0463315354330707
20
-3.6890922047244095
11
3.0473959448818895
21
-3.6895331102362205
0
LINE
8
BLACK
6
CONTINUOUS
10
3.0473959448818895
20
-3.6895331102362205
11
3.0482105905511809
21
-3.6903477559055116
0
LINE
8
BLACK
6
CONTINUOUS
10
3.0482105905511809
20
-3.6903477559055116
11
3.048651496062992
21
-3.6914121653543308
0
LINE
8
BLACK
6
CONTINUOUS
10
3.048651496062992
20
-3.6914121653543308
11
3.048651496062992
21
-3.6925642913385825
0
LINE
8
BLACK
6
CONTINUOUS
10
3.048651496062992
20
-3.6925642913385825
11
3.0482105905511809
21
-3.6936287007874014
0
LINE
8
BLACK
6
CONTINUOUS
10
3.0482105905511809
20
-3.6936287007874014
11
3.0473959448818895
21
-3.6944433464566928
0
LINE
8
BLACK
6
CONTINUOUS
10
3.0473959448818895
20
-3.6944433464566928
11
3.0463315354330707
21
-3.6948842519685039
0
LINE
8
BLACK
6
CONTINUOUS
10
3.0463315354330707
20
-3.6948842519685039
11
3.0457554724409448
21
-3.6949409842519683
0
LINE
8
BLACK
6
CONTINUOUS
10
3.0457554724409448
20
-3.6949409842519683
11
2.9857554724409447
21
-3.6949409842519683
0
LINE
8
BLACK
6
CONTINUOUS
10
2.9857554724409447
20
-3.6949409842519683
11
2.9851794094488189
21
-3.6948842519685039
0
LINE
8
BLACK
6
CONTINUOUS
10
2.9851794094488189
20
-3.6948842519685039
11
2.9841150000000001
21
-3.6944433464566928
0
LINE
8
BLACK
6
CONTINUOUS
10
2.9841150000000001
20
-3.6944433464566928
11
2.9833003543307086
21
-3.6936287007874014
0
LINE
8
BLACK
6
CONTINUOUS
10
2.9833003543307086
20
-3.6936287007874014
11
2.9828594488188975
21
-3.6925642913385825
0
LINE
8
BLACK
6
CONTINUOUS
10
2.9828594488188975
20
-3.6925642913385825
11
2.9828594488188975
21
-3.6914121653543308
0
LINE
8
BLACK
6
CONTINUOUS
10
2.9828594488188975
20
-3.6914121653543308
11
2.9833003543307086
21
-3.6903477559055116
0
LINE
8
BLACK
6
CONTINUOUS
10
2.9833003543307086
20
-3.6903477559055116
11
2.9841150000000001
21
-3.6895331102362205
0
LINE
8
BLACK
6
CONTINUOUS
10
2.9841150000000001
20
-3.6895331102362205
11
2.9851794094488189
21
-3.6890922047244095
0
LINE
8
BLACK
6
CONTINUOUS
10
2.9851794094488189
20
-3.6890922047244095
11
2.9857554724409447
21
-3.6890354724409447
0
LINE
8
BLACK
6
CONTINUOUS
10
2.9857554724409447
20
-3.6890354724409447
11
3.0457554724409448
21
-3.6890354724409447
0
LINE
8
BLACK
6
CONTINUOUS
10
3.0457554724409448
20
-3.6890354724409447
11
3.0463315354330707
21
-3.6890922047244095
0
LINE
8
BLACK
6
CONTINUOUS
10
3.1861800787401573
20
-3.6581463779527557
11
3.1862780708661416
21
-3.6581869685039368
0
LINE
8
BLACK
6
CONTINUOUS
10
3.1862780708661416
20
-3.6581869685039368
11
3.1863838976377954
21
-3.6581944881889763
0
LINE
8
BLACK
6
CONTINUOUS
10
3.1863838976377954
20
-3.6581944881889763
11
3.186924527559055
21
-3.6584013779527558
0
LINE
8
BLACK
6
CONTINUOUS
10
3.186924527559055
20
-3.6584013779527558
11
3.1906740551181101
21
-3.6602761417322833
0
LINE
8
BLACK
6
CONTINUOUS
10
3.1906740551181101
20
-3.6602761417322833
11
3.1909219291338582
21
-3.6604321653543308
0
LINE
8
BLACK
6
CONTINUOUS
10
3.1909219291338582
20
-3.6604321653543308
11
3.1909939763779529
21
-3.6604620078740155
0
LINE
8
BLACK
6
CONTINUOUS
10
3.1909939763779529
20
-3.6604620078740155
11
3.1910750000000001
21
-3.6605285039370079
0
LINE
8
BLACK
6
CONTINUOUS
10
3.1910750000000001
20
-3.6605285039370079
11
3.1911639370078739
21
-3.6605844881889764
0
LINE
8
BLACK
6
CONTINUOUS
10
3.1911639370078739
20
-3.6605844881889764
11
3.1912150787401572
21
-3.6606434645669292
0
LINE
8
BLACK
6
CONTINUOUS
10
3.1912150787401572
20
-3.6606434645669292
11
3.1914414173228347
21
-3.6608292125984252
0
LINE
8
BLACK
6
CONTINUOUS
10
3.1914414173228347
20
-3.6608292125984252
11
3.193316220472441
21
-3.6627039763779528
0
LINE
8
BLACK
6
CONTINUOUS
10
3.193316220472441
20
-3.6627039763779528
11
3.193501968503937
21
-3.6629303149606298
0
LINE
8
BLACK
6
CONTINUOUS
10
3.193501968503937
20
-3.6629303149606298
11
3.1935610236220473
21
-3.6629815354330706
0
LINE
8
BLACK
6
CONTINUOUS
10
3.1935610236220473
20
-3.6629815354330706
11
3.1936170078740158
21
-3.6630704724409449
0
LINE
8
BLACK
6
CONTINUOUS
10
3.1936170078740158
20
-3.6630704724409449
11
3.193683464566929
21
-3.6631514566929133
0
LINE
8
BLACK
6
CONTINUOUS
10
3.193683464566929
20
-3.6631514566929133
11
3.1937132677165354
21
-3.6632233858267718
0
LINE
8
BLACK
6
CONTINUOUS
10
3.1937132677165354
20
-3.6632233858267718
11
3.1938693700787399
21
-3.6634714173228344
0
LINE
8
BLACK
6
CONTINUOUS
10
3.1938693700787399
20
-3.6634714173228344
11
3.1957441338582675
21
-3.6672209448818895
0
LINE
8
BLACK
6
CONTINUOUS
10
3.1957441338582675
20
-3.6672209448818895
11
3.195951023622047
21
-3.6677615354330708
0
LINE
8
BLACK
6
CONTINUOUS
10
3.195951023622047
20
-3.6677615354330708
11
3.1959585433070865
21
-3.667867401574803
0
LINE
8
BLACK
6
CONTINUOUS
10
3.1959585433070865
20
-3.667867401574803
11
3.1959991338582676
21
-3.6679653937007872
0
LINE
8
BLACK
6
CONTINUOUS
10
3.1959991338582676
20
-3.6679653937007872
11
3.1960558661417324
21
-3.6685414566929131
0
LINE
8
BLACK
6
CONTINUOUS
10
3.1960558661417324
20
-3.6685414566929131
11
3.1960558661417324
21
-3.6760405118110238
0
LINE
8
BLACK
6
CONTINUOUS
10
3.1960558661417324
20
-3.6760405118110238
11
3.1959991338582676
21
-3.6766165748031496
0
LINE
8
BLACK
6
CONTINUOUS
10
3.1959991338582676
20
-3.6766165748031496
11
3.1959585433070865
21
-3.6767145275590551
0
LINE
8
BLACK
6
CONTINUOUS
10
3.1959585433070865
20
-3.6767145275590551
11
3.195951023622047
21
-3.676820433070866
0
LINE
8
BLACK
6
CONTINUOUS
10
3.195951023622047
20
-3.676820433070866
11
3.1957441338582675
21
-3.6773610236220473
0
LINE
8
BLACK
6
CONTINUOUS
10
3.1957441338582675
20
-3.6773610236220473
11
3.1938693700787399
21
-3.6811105511811024
0
LINE
8
BLACK
6
CONTINUOUS
10
3.1938693700787399
20
-3.6811105511811024
11
3.1937132677165354
21
-3.6813585433070863
0
LINE
8
BLACK
6
CONTINUOUS
10
3.1937132677165354
20
-3.6813585433070863
11
3.193683464566929
21
-3.6814305118110235
0
LINE
8
BLACK
6
CONTINUOUS
10
3.193683464566929
20
-3.6814305118110235
11
3.1936170078740158
21
-3.6815114566929132
0
LINE
8
BLACK
6
CONTINUOUS
10
3.1936170078740158
20
-3.6815114566929132
11
3.1935610236220473
21
-3.6816004330708663
0
LINE
8
BLACK
6
CONTINUOUS
10
3.1935610236220473
20
-3.6816004330708663
11
3.193501968503937
21
-3.6816516141732283
0
LINE
8
BLACK
6
CONTINUOUS
10
3.193501968503937
20
-3.6816516141732283
11
3.193316220472441
21
-3.6818779921259841
0
LINE
8
BLACK
6
CONTINUOUS
10
3.193316220472441
20
-3.6818779921259841
11
3.1914414173228347
21
-3.6837527559055117
0
LINE
8
BLACK
6
CONTINUOUS
10
3.1914414173228347
20
-3.6837527559055117
11
3.1912150787401572
21
-3.6839384645669289
0
LINE
8
BLACK
6
CONTINUOUS
10
3.1912150787401572
20
-3.6839384645669289
11
3.1911639370078739
21
-3.6839974803149604
0
LINE
8
BLACK
6
CONTINUOUS
10
3.1911639370078739
20
-3.6839974803149604
11
3.1910750000000001
21
-3.6840534251968502
0
LINE
8
BLACK
6
CONTINUOUS
10
3.1910750000000001
20
-3.6840534251968502
11
3.1909939763779529
21
-3.6841199606299213
0
LINE
8
BLACK
6
CONTINUOUS
10
3.1909939763779529
20
-3.6841199606299213
11
3.1909219291338582
21
-3.6841497637795273
0
LINE
8
BLACK
6
CONTINUOUS
10
3.1909219291338582
20
-3.6841497637795273
11
3.1906740551181101
21
-3.6843058267716535
0
LINE
8
BLACK
6
CONTINUOUS
10
3.1906740551181101
20
-3.6843058267716535
11
3.186924527559055
21
-3.6861805905511811
0
LINE
8
BLACK
6
CONTINUOUS
10
3.186924527559055
20
-3.6861805905511811
11
3.1863838976377954
21
-3.6863874803149606
0
LINE
8
BLACK
6
CONTINUOUS
10
3.1863838976377954
20
-3.6863874803149606
11
3.1862780708661416
21
-3.6863949606299213
0
LINE
8
BLACK
6
CONTINUOUS
10
3.1862780708661416
20
-3.6863949606299213
11
3.1861800787401573
21
-3.6864355905511812
0
LINE
8
BLACK
6
CONTINUOUS
10
3.1861800787401573
20
-3.6864355905511812
11
3.1856040157480314
21
-3.6864923228346456
0
LINE
8
BLACK
6
CONTINUOUS
10
3.1856040157480314
20
-3.6864923228346456
11
3.153733031496063
21
-3.6864923228346456
0
LINE
8
BLACK
6
CONTINUOUS
10
3.153733031496063
20
-3.6864923228346456
11
3.1531569685039371
21
-3.6864355905511812
0
LINE
8
BLACK
6
CONTINUOUS
10
3.1531569685039371
20
-3.6864355905511812
11
3.1520925590551179
21
-3.6859946850393701
0
LINE
8
BLACK
6
CONTINUOUS
10
3.1520925590551179
20
-3.6859946850393701
11
3.1512779133858269
21
-3.6851800393700787
0
LINE
8
BLACK
6
CONTINUOUS
10
3.1512779133858269
20
-3.6851800393700787
11
3.1508370078740158
21
-3.6841156299212598
0
LINE
8
BLACK
6
CONTINUOUS
10
3.1508370078740158
20
-3.6841156299212598
11
3.1508370078740158
21
-3.6829635039370077
0
LINE
8
BLACK
6
CONTINUOUS
10
3.1508370078740158
20
-3.6829635039370077
11
3.1512779133858269
21
-3.6818990944881889
0
LINE
8
BLACK
6
CONTINUOUS
10
3.1512779133858269
20
-3.6818990944881889
11
3.1520925590551179
21
-3.6810844488188974
0
LINE
8
BLACK
6
CONTINUOUS
10
3.1520925590551179
20
-3.6810844488188974
11
3.1531569685039371
21
-3.6806435433070863
0
LINE
8
BLACK
6
CONTINUOUS
10
3.1531569685039371
20
-3.6806435433070863
11
3.153733031496063
21
-3.680586811023622
0
LINE
8
BLACK
6
CONTINUOUS
10
3.153733031496063
20
-3.680586811023622
11
3.1849069685039368
21
-3.680586811023622
0
LINE
8
BLACK
6
CONTINUOUS
10
3.1849069685039368
20
-3.680586811023622
11
3.1876044488188975
21
-3.6792380314960629
0
LINE
8
BLACK
6
CONTINUOUS
10
3.1876044488188975
20
-3.6792380314960629
11
3.1888016141732285
21
-3.6780409055118111
0
LINE
8
BLACK
6
CONTINUOUS
10
3.1888016141732285
20
-3.6780409055118111
11
3.1901503543307084
21
-3.6753434645669292
0
LINE
8
BLACK
6
CONTINUOUS
10
3.1901503543307084
20
-3.6753434645669292
11
3.1901503543307084
21
-3.6692385039370077
0
LINE
8
BLACK
6
CONTINUOUS
10
3.1901503543307084
20
-3.6692385039370077
11
3.1888016141732285
21
-3.666541023622047
0
LINE
8
BLACK
6
CONTINUOUS
10
3.1888016141732285
20
-3.666541023622047
11
3.1876044488188975
21
-3.6653438976377952
0
LINE
8
BLACK
6
CONTINUOUS
10
3.1876044488188975
20
-3.6653438976377952
11
3.1849069685039368
21
-3.6639951574803149
0
LINE
8
BLACK
6
CONTINUOUS
10
3.1849069685039368
20
-3.6639951574803149
11
3.153733031496063
21
-3.6639951574803149
0
LINE
8
BLACK
6
CONTINUOUS
10
3.153733031496063
20
-3.6639951574803149
11
3.1531569685039371
21
-3.6639384251968501
0
LINE
8
BLACK
6
CONTINUOUS
10
3.1531569685039371
20
-3.6639384251968501
11
3.1520925590551179
21
-3.6634975196850394
0
LINE
8
BLACK
6
CONTINUOUS
10
3.1520925590551179
20
-3.6634975196850394
11
3.1512779133858269
21
-3.662682874015748
0
LINE
8
BLACK
6
CONTINUOUS
10
3.1512779133858269
20
-3.662682874015748
11
3.1508370078740158
21
-3.6616184645669292
0
LINE
8
BLACK
6
CONTINUOUS
10
3.1508370078740158
20
-3.6616184645669292
11
3.1508370078740158
21
-3.660466338582677
0
LINE
8
BLACK
6
CONTINUOUS
10
3.1508370078740158
20
-3.660466338582677
11
3.1512779133858269
21
-3.6594019291338582
0
LINE
8
BLACK
6
CONTINUOUS
10
3.1512779133858269
20
-3.6594019291338582
11
3.1520925590551179
21
-3.6585872834645667
0
LINE
8
BLACK
6
CONTINUOUS
10
3.1520925590551179
20
-3.6585872834645667
11
3.1531569685039371
21
-3.6581463779527557
0
LINE
8
BLACK
6
CONTINUOUS
10
3.1531569685039371
20
-3.6581463779527557
11
3.153733031496063
21
-3.6580896456692913
0
LINE
8
BLACK
6
CONTINUOUS
10
3.153733031496063
20
-3.6580896456692913
11
3.1856040157480314
21
-3.6580896456692913
0
LINE
8
BLACK
6
CONTINUOUS
10
3.1856040157480314
20
-3.6580896456692913
11
3.1861800787401573
21
-3.6581463779527557
0
LINE
8
BLACK
6
CONTINUOUS
10
4.8438572047244097
20
-3.6325557874015746
11
4.843955196850394
21
-3.6325963779527557
0
LINE
8
BLACK
6
CONTINUOUS
10
4.843955196850394
20
-3.6325963779527557
11
4.8440610236220474
21
-3.6326038976377952
0
LINE
8
BLACK
6
CONTINUOUS
10
4.8440610236220474
20
-3.6326038976377952
11
4.8446016535433074
21
-3.6328107874015747
0
LINE
8
BLACK
6
CONTINUOUS
10
4.8446016535433074
20
-3.6328107874015747
11
4.8483511811023625
21
-3.6346855511811023
0
LINE
8
BLACK
6
CONTINUOUS
10
4.8483511811023625
20
-3.6346855511811023
11
4.8485990551181102
21
-3.6348415748031497
0
LINE
8
BLACK
6
CONTINUOUS
10
4.8485990551181102
20
-3.6348415748031497
11
4.8486711023622044
21
-3.6348714173228345
0
LINE
8
BLACK
6
CONTINUOUS
10
4.8486711023622044
20
-3.6348714173228345
11
4.8487521259842516
21
-3.6349379133858268
0
LINE
8
BLACK
6
CONTINUOUS
10
4.8487521259842516
20
-3.6349379133858268
11
4.8488410629921255
21
-3.6349938976377953
0
LINE
8
BLACK
6
CONTINUOUS
10
4.8488410629921255
20
-3.6349938976377953
11
4.8488922047244092
21
-3.6350528740157482
0
LINE
8
BLACK
6
CONTINUOUS
10
4.8488922047244092
20
-3.6350528740157482
11
4.8491185433070862
21
-3.6352386220472441
0
LINE
8
BLACK
6
CONTINUOUS
10
4.8491185433070862
20
-3.6352386220472441
11
4.8509933464566926
21
-3.6371133858267717
0
LINE
8
BLACK
6
CONTINUOUS
10
4.8509933464566926
20
-3.6371133858267717
11
4.851179094488189
21
-3.6373397244094487
0
LINE
8
BLACK
6
CONTINUOUS
10
4.851179094488189
20
-3.6373397244094487
11
4.8512381496062993
21
-3.6373909448818895
0
LINE
8
BLACK
6
CONTINUOUS
10
4.8512381496062993
20
-3.6373909448818895
11
4.8512941338582678
21
-3.6374798818897638
0
LINE
8
BLACK
6
CONTINUOUS
10
4.8512941338582678
20
-3.6374798818897638
11
4.851360590551181
21
-3.6375608661417322
0
LINE
8
BLACK
6
CONTINUOUS
10
4.851360590551181
20
-3.6375608661417322
11
4.851390393700787
21
-3.6376327952755902
0
LINE
8
BLACK
6
CONTINUOUS
10
4.851390393700787
20
-3.6376327952755902
11
4.8515464960629924
21
-3.6378808267716534
0
LINE
8
BLACK
6
CONTINUOUS
10
4.8515464960629924
20
-3.6378808267716534
11
4.8534212598425199
21
-3.6416303543307085
0
LINE
8
BLACK
6
CONTINUOUS
10
4.8534212598425199
20
-3.6416303543307085
11
4.8536281496062994
21
-3.6421709448818897
0
LINE
8
BLACK
6
CONTINUOUS
10
4.8536281496062994
20
-3.6421709448818897
11
4.8536356692913385
21
-3.6422768110236219
0
LINE
8
BLACK
6
CONTINUOUS
10
4.8536356692913385
20
-3.6422768110236219
11
4.8536762598425192
21
-3.6423748031496062
0
LINE
8
BLACK
6
CONTINUOUS
10
4.8536762598425192
20
-3.6423748031496062
11
4.853732992125984
21
-3.642950866141732
0
LINE
8
BLACK
6
CONTINUOUS
10
4.853732992125984
20
-3.642950866141732
11
4.853732992125984
21
-3.6504499212598422
0
LINE
8
BLACK
6
CONTINUOUS
10
4.853732992125984
20
-3.6504499212598422
11
4.8536762598425192
21
-3.6510259842519686
0
LINE
8
BLACK
6
CONTINUOUS
10
4.8536762598425192
20
-3.6510259842519686
11
4.8536356692913385
21
-3.6511239370078741
0
LINE
8
BLACK
6
CONTINUOUS
10
4.8536356692913385
20
-3.6511239370078741
11
4.8536281496062994
21
-3.651229842519685
0
LINE
8
BLACK
6
CONTINUOUS
10
4.8536281496062994
20
-3.651229842519685
11
4.8534212598425199
21
-3.6517704330708662
0
LINE
8
BLACK
6
CONTINUOUS
10
4.8534212598425199
20
-3.6517704330708662
11
4.8515464960629924
21
-3.6555199606299213
0
LINE
8
BLACK
6
CONTINUOUS
10
4.8515464960629924
20
-3.6555199606299213
11
4.851390393700787
21
-3.6557679527559053
0
LINE
8
BLACK
6
CONTINUOUS
10
4.851390393700787
20
-3.6557679527559053
11
4.851360590551181
21
-3.6558399212598425
0
LINE
8
BLACK
6
CONTINUOUS
10
4.851360590551181
20
-3.6558399212598425
11
4.8512941338582678
21
-3.6559208661417322
0
LINE
8
BLACK
6
CONTINUOUS
10
4.8512941338582678
20
-3.6559208661417322
11
4.8512381496062993
21
-3.6560098425196847
0
LINE
8
BLACK
6
CONTINUOUS
10
4.8512381496062993
20
-3.6560098425196847
11
4.851179094488189
21
-3.6560610236220472
0
LINE
8
BLACK
6
CONTINUOUS
10
4.851179094488189
20
-3.6560610236220472
11
4.8509933464566926
21
-3.656287401574803
0
LINE
8
BLACK
6
CONTINUOUS
10
4.8509933464566926
20
-3.656287401574803
11
4.8491185433070862
21
-3.6581621653543306
0
LINE
8
BLACK
6
CONTINUOUS
10
4.8491185433070862
20
-3.6581621653543306
11
4.8488922047244092
21
-3.6583478740157478
0
LINE
8
BLACK
6
CONTINUOUS
10
4.8488922047244092
20
-3.6583478740157478
11
4.8488410629921255
21
-3.6584068897637794
0
LINE
8
BLACK
6
CONTINUOUS
10
4.8488410629921255
20
-3.6584068897637794
11
4.8487521259842516
21
-3.6584628346456691
0
LINE
8
BLACK
6
CONTINUOUS
10
4.8487521259842516
20
-3.6584628346456691
11
4.8486711023622044
21
-3.6585293700787402
0
LINE
8
BLACK
6
CONTINUOUS
10
4.8486711023622044
20
-3.6585293700787402
11
4.8485990551181102
21
-3.6585591732283462
0
LINE
8
BLACK
6
CONTINUOUS
10
4.8485990551181102
20
-3.6585591732283462
11
4.8483511811023625
21
-3.6587152362204725
0
LINE
8
BLACK
6
CONTINUOUS
10
4.8483511811023625
20
-3.6587152362204725
11
4.8446016535433074
21
-3.66059
0
LINE
8
BLACK
6
CONTINUOUS
10
4.8446016535433074
20
-3.66059
11
4.8440610236220474
21
-3.6607968897637795
0
LINE
8
BLACK
6
CONTINUOUS
10
4.8440610236220474
20
-3.6607968897637795
11
4.843955196850394
21
-3.6608043700787403
0
LINE
8
BLACK
6
CONTINUOUS
10
4.843955196850394
20
-3.6608043700787403
11
4.8438572047244097
21
-3.6608450000000001
0
LINE
8
BLACK
6
CONTINUOUS
10
4.8438572047244097
20
-3.6608450000000001
11
4.843281141732283
21
-3.6609017322834645
0
LINE
8
BLACK
6
CONTINUOUS
10
4.843281141732283
20
-3.6609017322834645
11
4.8114101574803145
21
-3.6609017322834645
0
LINE
8
BLACK
6
CONTINUOUS
10
4.8114101574803145
20
-3.6609017322834645
11
4.8108340944881887
21
-3.6608450000000001
0
LINE
8
BLACK
6
CONTINUOUS
10
4.8108340944881887
20
-3.6608450000000001
11
4.8097696850393703
21
-3.660404094488189
0
LINE
8
BLACK
6
CONTINUOUS
10
4.8097696850393703
20
-3.660404094488189
11
4.8089550393700788
21
-3.6595894488188976
0
LINE
8
BLACK
6
CONTINUOUS
10
4.8089550393700788
20
-3.6595894488188976
11
4.8085141338582673
21
-3.6585250393700788
0
LINE
8
BLACK
6
CONTINUOUS
10
4.8085141338582673
20
-3.6585250393700788
11
4.8085141338582673
21
-3.6573729133858266
0
LINE
8
BLACK
6
CONTINUOUS
10
4.8085141338582673
20
-3.6573729133858266
11
4.8089550393700788
21
-3.6563085039370078
0
LINE
8
BLACK
6
CONTINUOUS
10
4.8089550393700788
20
-3.6563085039370078
11
4.8097696850393703
21
-3.6554938582677163
0
LINE
8
BLACK
6
CONTINUOUS
10
4.8097696850393703
20
-3.6554938582677163
11
4.8108340944881887
21
-3.6550529527559052
0
LINE
8
BLACK
6
CONTINUOUS
10
4.8108340944881887
20
-3.6550529527559052
11
4.8114101574803145
21
-3.6549962204724409
0
LINE
8
BLACK
6
CONTINUOUS
10
4.8114101574803145
20
-3.6549962204724409
11
4.8425840944881893
21
-3.6549962204724409
0
LINE
8
BLACK
6
CONTINUOUS
10
4.8425840944881893
20
-3.6549962204724409
11
4.8452815748031499
21
-3.6536474409448818
0
LINE
8
BLACK
6
CONTINUOUS
10
4.8452815748031499
20
-3.6536474409448818
11
4.8464787401574805
21
-3.65245031496063
0
LINE
8
BLACK
6
CONTINUOUS
10
4.8464787401574805
20
-3.65245031496063
11
4.8478274803149608
21
-3.6497528740157481
0
LINE
8
BLACK
6
CONTINUOUS
10
4.8478274803149608
20
-3.6497528740157481
11
4.8478274803149608
21
-3.6436479133858266
0
LINE
8
BLACK
6
CONTINUOUS
10
4.8478274803149608
20
-3.6436479133858266
11
4.8464787401574805
21
-3.640950433070866
0
LINE
8
BLACK
6
CONTINUOUS
10
4.8464787401574805
20
-3.640950433070866
11
4.8452815748031499
21
-3.6397533070866142
0
LINE
8
BLACK
6
CONTINUOUS
10
4.8452815748031499
20
-3.6397533070866142
11
4.8425840944881893
21
-3.6384045669291338
0
LINE
8
BLACK
6
CONTINUOUS
10
4.8425840944881893
20
-3.6384045669291338
11
4.8114101574803145
21
-3.6384045669291338
0
LINE
8
BLACK
6
CONTINUOUS
10
4.8114101574803145
20
-3.6384045669291338
11
4.8108340944881887
21
-3.638347834645669
0
LINE
8
BLACK
6
CONTINUOUS
10
4.8108340944881887
20
-3.638347834645669
11
4.8097696850393703
21
-3.6379069291338584
0
LINE
8
BLACK
6
CONTINUOUS
10
4.8097696850393703
20
-3.6379069291338584
11
4.8089550393700788
21
-3.6370922834645669
0
LINE
8
BLACK
6
CONTINUOUS
10
4.8089550393700788
20
-3.6370922834645669
11
4.8085141338582673
21
-3.6360278740157481
0
LINE
8
BLACK
6
CONTINUOUS
10
4.8085141338582673
20
-3.6360278740157481
11
4.8085141338582673
21
-3.6348757480314959
0
LINE
8
BLACK
6
CONTINUOUS
10
4.8085141338582673
20
-3.6348757480314959
11
4.8089550393700788
21
-3.6338113385826771
0
LINE
8
BLACK
6
CONTINUOUS
10
4.8089550393700788
20
-3.6338113385826771
11
4.8097696850393703
21
-3.6329966929133857
0
LINE
8
BLACK
6
CONTINUOUS
10
4.8097696850393703
20
-3.6329966929133857
11
4.8108340944881887
21
-3.6325557874015746
0
LINE
8
BLACK
6
CONTINUOUS
10
4.8108340944881887
20
-3.6325557874015746
11
4.8114101574803145
21
-3.6324990551181102
0
LINE
8
BLACK
6
CONTINUOUS
10
4.8114101574803145
20
-3.6324990551181102
11
4.843281141732283
21
-3.6324990551181102
0
LINE
8
BLACK
6
CONTINUOUS
10
4.843281141732283
20
-3.6324990551181102
11
4.8438572047244097
21
-3.6325557874015746
0
LINE
8
BLACK
6
CONTINUOUS
10
2.9879378740157478
20
-3.6160842519685037
11
2.9881176771653544
21
-3.6169882283464565
0
LINE
8
BLACK
6
CONTINUOUS
10
2.9881176771653544
20
-3.6169882283464565
11
2.9881176771653544
21
-3.6469882283464568
0
LINE
8
BLACK
6
CONTINUOUS
10
2.9881176771653544
20
-3.6469882283464568
11
2.9879378740157478
21
-3.6478922047244096
0
LINE
8
BLACK
6
CONTINUOUS
10
2.9879378740157478
20
-3.6478922047244096
11
2.9866594488188976
21
-3.6491706299212598
0
LINE
8
BLACK
6
CONTINUOUS
10
2.9866594488188976
20
-3.6491706299212598
11
2.9848514960629919
21
-3.6491706299212598
0
LINE
8
BLACK
6
CONTINUOUS
10
2.9848514960629919
20
-3.6491706299212598
11
2.9835730708661417
21
-3.6478922047244096
0
LINE
8
BLACK
6
CONTINUOUS
10
2.9835730708661417
20
-3.6478922047244096
11
2.9833932677165356
21
-3.6469882283464568
0
LINE
8
BLACK
6
CONTINUOUS
10
2.9833932677165356
20
-3.6469882283464568
11
2.9833932677165356
21
-3.6169882283464565
0
LINE
8
BLACK
6
CONTINUOUS
10
2.9833932677165356
20
-3.6169882283464565
11
2.9835730708661417
21
-3.6160842519685037
0
LINE
8
BLACK
6
CONTINUOUS
10
2.9835730708661417
20
-3.6160842519685037
11
2.9848514960629919
21
-3.6148058267716534
0
LINE
8
BLACK
6
CONTINUOUS
10
2.9848514960629919
20
-3.6148058267716534
11
2.9866594488188976
21
-3.6148058267716534
0
LINE
8
BLACK
6
CONTINUOUS
10
2.9866594488188976
20
-3.6148058267716534
11
2.9879378740157478
21
-3.6160842519685037
0
LINE
8
BLACK
6
CONTINUOUS
10
3.0479378740157479
20
-3.6160842519685037
11
3.0481176771653544
21
-3.6169882283464565
0
LINE
8
BLACK
6
CONTINUOUS
10
3.0481176771653544
20
-3.6169882283464565
11
3.0481176771653544
21
-3.6469882283464568
0
LINE
8
BLACK
6
CONTINUOUS
10
3.0481176771653544
20
-3.6469882283464568
11
3.0479378740157479
21
-3.6478922047244096
0
LINE
8
BLACK
6
CONTINUOUS
10
3.0479378740157479
20
-3.6478922047244096
11
3.0466594488188976
21
-3.6491706299212598
0
LINE
8
BLACK
6
CONTINUOUS
10
3.0466594488188976
20
-3.6491706299212598
11
3.044851496062992
21
-3.6491706299212598
0
LINE
8
BLACK
6
CONTINUOUS
10
3.044851496062992
20
-3.6491706299212598
11
3.0435730708661417
21
-3.6478922047244096
0
LINE
8
BLACK
6
CONTINUOUS
10
3.0435730708661417
20
-3.6478922047244096
11
3.0433932677165352
21
-3.6469882283464568
0
LINE
8
BLACK
6
CONTINUOUS
10
3.0433932677165352
20
-3.6469882283464568
11
3.0433932677165352
21
-3.6169882283464565
0
LINE
8
BLACK
6
CONTINUOUS
10
3.0433932677165352
20
-3.6169882283464565
11
3.0435730708661417
21
-3.6160842519685037
0
LINE
8
BLACK
6
CONTINUOUS
10
3.0435730708661417
20
-3.6160842519685037
11
3.044851496062992
21
-3.6148058267716534
0
LINE
8
BLACK
6
CONTINUOUS
10
3.044851496062992
20
-3.6148058267716534
11
3.0466594488188976
21
-3.6148058267716534
0
LINE
8
BLACK
6
CONTINUOUS
10
3.0466594488188976
20
-3.6148058267716534
11
3.0479378740157479
21
-3.6160842519685037
0
LINE
8
BLACK
6
CONTINUOUS
10
3.1537505905511809
20
-3.6169015354330707
11
3.1543090944881889
21
-3.6169015354330707
0
LINE
8
BLACK
6
CONTINUOUS
10
3.1543090944881889
20
-3.6169015354330707
11
3.1543260236220472
21
-3.6169085433070864
0
LINE
8
BLACK
6
CONTINUOUS
10
3.1543260236220472
20
-3.6169085433070864
11
3.1543443307086614
21
-3.616908779527559
0
LINE
8
BLACK
6
CONTINUOUS
10
3.1543443307086614
20
-3.616908779527559
11
3.1548961811023619
21
-3.6170835433070865
0
LINE
8
BLACK
6
CONTINUOUS
10
3.1548961811023619
20
-3.6170835433070865
11
3.1942662598425198
21
-3.6339564173228345
0
LINE
8
BLACK
6
CONTINUOUS
10
3.1942662598425198
20
-3.6339564173228345
11
3.1947733858267715
21
-3.6342354724409449
0
LINE
8
BLACK
6
CONTINUOUS
10
3.1947733858267715
20
-3.6342354724409449
11
3.1955780314960629
21
-3.6350600393700785
0
LINE
8
BLACK
6
CONTINUOUS
10
3.1955780314960629
20
-3.6350600393700785
11
3.1960059055118109
21
-3.6361297244094488
0
LINE
8
BLACK
6
CONTINUOUS
10
3.1960059055118109
20
-3.6361297244094488
11
3.1959918897637793
21
-3.6372817322834643
0
LINE
8
BLACK
6
CONTINUOUS
10
3.1959918897637793
20
-3.6372817322834643
11
3.1955380314960631
21
-3.6383407086614175
0
LINE
8
BLACK
6
CONTINUOUS
10
3.1955380314960631
20
-3.6383407086614175
11
3.1947135039370078
21
-3.6391453937007872
0
LINE
8
BLACK
6
CONTINUOUS
10
3.1947135039370078
20
-3.6391453937007872
11
3.1936438188976379
21
-3.6395732677165356
0
LINE
8
BLACK
6
CONTINUOUS
10
3.1936438188976379
20
-3.6395732677165356
11
3.1924917716535433
21
-3.6395592125984253
0
LINE
8
BLACK
6
CONTINUOUS
10
3.1924917716535433
20
-3.6395592125984253
11
3.191939960629921
21
-3.6393844488188973
0
LINE
8
BLACK
6
CONTINUOUS
10
3.191939960629921
20
-3.6393844488188973
11
3.1566857874015746
21
-3.6242755118110237
0
LINE
8
BLACK
6
CONTINUOUS
10
3.1566857874015746
20
-3.6242755118110237
11
3.1566857874015746
21
-3.6460442519685037
0
LINE
8
BLACK
6
CONTINUOUS
10
3.1566857874015746
20
-3.6460442519685037
11
3.1566290551181102
21
-3.64662031496063
0
LINE
8
BLACK
6
CONTINUOUS
10
3.1566290551181102
20
-3.64662031496063
11
3.1561881496062991
21
-3.6476847244094488
0
LINE
8
BLACK
6
CONTINUOUS
10
3.1561881496062991
20
-3.6476847244094488
11
3.1553735039370077
21
-3.6484993700787403
0
LINE
8
BLACK
6
CONTINUOUS
10
3.1553735039370077
20
-3.6484993700787403
11
3.1543090944881889
21
-3.6489402755905509
0
LINE
8
BLACK
6
CONTINUOUS
10
3.1543090944881889
20
-3.6489402755905509
11
3.1531569685039371
21
-3.6489402755905509
0
LINE
8
BLACK
6
CONTINUOUS
10
3.1531569685039371
20
-3.6489402755905509
11
3.1520925590551179
21
-3.6484993700787403
0
LINE
8
BLACK
6
CONTINUOUS
10
3.1520925590551179
20
-3.6484993700787403
11
3.1512779133858269
21
-3.6476847244094488
0
LINE
8
BLACK
6
CONTINUOUS
10
3.1512779133858269
20
-3.6476847244094488
11
3.1508370078740158
21
-3.64662031496063
0
LINE
8
BLACK
6
CONTINUOUS
10
3.1508370078740158
20
-3.64662031496063
11
3.150780275590551
21
-3.6460442519685037
0
LINE
8
BLACK
6
CONTINUOUS
10
3.150780275590551
20
-3.6460442519685037
11
3.150780275590551
21
-3.6197975590551179
0
LINE
8
BLACK
6
CONTINUOUS
10
3.150780275590551
20
-3.6197975590551179
11
3.1508370078740158
21
-3.619221496062992
0
LINE
8
BLACK
6
CONTINUOUS
10
3.1508370078740158
20
-3.619221496062992
11
3.1508440157480315
21
-3.619204527559055
0
LINE
8
BLACK
6
CONTINUOUS
10
3.1508440157480315
20
-3.619204527559055
11
3.150844251968504
21
-3.6191862598425195
0
LINE
8
BLACK
6
CONTINUOUS
10
3.150844251968504
20
-3.6191862598425195
11
3.1510642519685037
21
-3.6186728346456691
0
LINE
8
BLACK
6
CONTINUOUS
10
3.1510642519685037
20
-3.6186728346456691
11
3.1512779133858269
21
-3.6181570866141732
0
LINE
8
BLACK
6
CONTINUOUS
10
3.1512779133858269
20
-3.6181570866141732
11
3.1512908267716533
21
-3.6181441338582676
0
LINE
8
BLACK
6
CONTINUOUS
10
3.1512908267716533
20
-3.6181441338582676
11
3.1512980708661416
21
-3.6181272834645668
0
LINE
8
BLACK
6
CONTINUOUS
10
3.1512980708661416
20
-3.6181272834645668
11
3.1516980708661415
21
-3.6177368897637794
0
LINE
8
BLACK
6
CONTINUOUS
10
3.1516980708661415
20
-3.6177368897637794
11
3.1520925590551179
21
-3.6173424409448818
0
LINE
8
BLACK
6
CONTINUOUS
10
3.1520925590551179
20
-3.6173424409448818
11
3.1521094881889762
21
-3.6173353937007873
0
LINE
8
BLACK
6
CONTINUOUS
10
3.1521094881889762
20
-3.6173353937007873
11
3.1521226377952756
21
-3.6173225984251967
0
LINE
8
BLACK
6
CONTINUOUS
10
3.1521226377952756
20
-3.6173225984251967
11
3.1526416141732283
21
-3.6171149606299213
0
LINE
8
BLACK
6
CONTINUOUS
10
3.1526416141732283
20
-3.6171149606299213
11
3.1531569685039371
21
-3.6169015354330707
0
LINE
8
BLACK
6
CONTINUOUS
10
3.1531569685039371
20
-3.6169015354330707
11
3.1531753149606296
21
-3.6169015354330707
0
LINE
8
BLACK
6
CONTINUOUS
10
3.1531753149606296
20
-3.6169015354330707
11
3.1531923228346455
21
-3.6168947244094487
0
LINE
8
BLACK
6
CONTINUOUS
10
3.1531923228346455
20
-3.6168947244094487
11
3.1537505905511809
21
-3.6169015354330707
0
LINE
8
BLACK
6
CONTINUOUS
10
4.8438572047244097
20
-3.5931857086614172
11
4.843955196850394
21
-3.5932262992125983
0
LINE
8
BLACK
6
CONTINUOUS
10
4.843955196850394
20
-3.5932262992125983
11
4.8440610236220474
21
-3.5932338188976378
0
LINE
8
BLACK
6
CONTINUOUS
10
4.8440610236220474
20
-3.5932338188976378
11
4.8446016535433074
21
-3.5934407086614173
0
LINE
8
BLACK
6
CONTINUOUS
10
4.8446016535433074
20
-3.5934407086614173
11
4.8483511811023625
21
-3.5953154724409448
0
LINE
8
BLACK
6
CONTINUOUS
10
4.8483511811023625
20
-3.5953154724409448
11
4.8485990551181102
21
-3.5954714960629919
0
LINE
8
BLACK
6
CONTINUOUS
10
4.8485990551181102
20
-3.5954714960629919
11
4.8486711023622044
21
-3.5955013385826771
0
LINE
8
BLACK
6
CONTINUOUS
10
4.8486711023622044
20
-3.5955013385826771
11
4.8487521259842516
21
-3.5955678346456694
0
LINE
8
BLACK
6
CONTINUOUS
10
4.8487521259842516
20
-3.5955678346456694
11
4.8488410629921255
21
-3.5956238188976375
0
LINE
8
BLACK
6
CONTINUOUS
10
4.8488410629921255
20
-3.5956238188976375
11
4.8488922047244092
21
-3.5956827952755903
0
LINE
8
BLACK
6
CONTINUOUS
10
4.8488922047244092
20
-3.5956827952755903
11
4.8491185433070862
21
-3.5958685433070867
0
LINE
8
BLACK
6
CONTINUOUS
10
4.8491185433070862
20
-3.5958685433070867
11
4.8509933464566926
21
-3.5977433070866143
0
LINE
8
BLACK
6
CONTINUOUS
10
4.8509933464566926
20
-3.5977433070866143
11
4.851179094488189
21
-3.5979696456692913
0
LINE
8
BLACK
6
CONTINUOUS
10
4.851179094488189
20
-3.5979696456692913
11
4.8512381496062993
21
-3.5980208661417321
0
LINE
8
BLACK
6
CONTINUOUS
10
4.8512381496062993
20
-3.5980208661417321
11
4.8512941338582678
21
-3.5981098031496064
0
LINE
8
BLACK
6
CONTINUOUS
10
4.8512941338582678
20
-3.5981098031496064
11
4.851360590551181
21
-3.5981907874015748
0
LINE
8
BLACK
6
CONTINUOUS
10
4.851360590551181
20
-3.5981907874015748
11
4.851390393700787
21
-3.5982627165354328
0
LINE
8
BLACK
6
CONTINUOUS
10
4.851390393700787
20
-3.5982627165354328
11
4.8515464960629924
21
-3.598510748031496
0
LINE
8
BLACK
6
CONTINUOUS
10
4.8515464960629924
20
-3.598510748031496
11
4.8534212598425199
21
-3.6022602755905511
0
LINE
8
BLACK
6
CONTINUOUS
10
4.8534212598425199
20
-3.6022602755905511
11
4.8536281496062994
21
-3.6028008661417323
0
LINE
8
BLACK
6
CONTINUOUS
10
4.8536281496062994
20
-3.6028008661417323
11
4.8536356692913385
21
-3.6029067322834645
0
LINE
8
BLACK
6
CONTINUOUS
10
4.8536356692913385
20
-3.6029067322834645
11
4.8536762598425192
21
-3.6030047244094487
0
LINE
8
BLACK
6
CONTINUOUS
10
4.8536762598425192
20
-3.6030047244094487
11
4.853732992125984
21
-3.6035807874015746
0
LINE
8
BLACK
6
CONTINUOUS
10
4.853732992125984
20
-3.6035807874015746
11
4.853732992125984
21
-3.6129546062992124
0
LINE
8
BLACK
6
CONTINUOUS
10
4.853732992125984
20
-3.6129546062992124
11
4.8536762598425192
21
-3.6135306692913387
0
LINE
8
BLACK
6
CONTINUOUS
10
4.8536762598425192
20
-3.6135306692913387
11
4.8536356692913385
21
-3.6136286220472442
0
LINE
8
BLACK
6
CONTINUOUS
10
4.8536356692913385
20
-3.6136286220472442
11
4.8536281496062994
21
-3.6137345275590551
0
LINE
8
BLACK
6
CONTINUOUS
10
4.8536281496062994
20
-3.6137345275590551
11
4.8534212598425199
21
-3.6142751181102359
0
LINE
8
BLACK
6
CONTINUOUS
10
4.8534212598425199
20
-3.6142751181102359
11
4.8515464960629924
21
-3.6180246456692911
0
LINE
8
BLACK
6
CONTINUOUS
10
4.8515464960629924
20
-3.6180246456692911
11
4.851390393700787
21
-3.6182726377952754
0
LINE
8
BLACK
6
CONTINUOUS
10
4.851390393700787
20
-3.6182726377952754
11
4.851360590551181
21
-3.6183446062992126
0
LINE
8
BLACK
6
CONTINUOUS
10
4.851360590551181
20
-3.6183446062992126
11
4.8512941338582678
21
-3.6184255511811023
0
LINE
8
BLACK
6
CONTINUOUS
10
4.8512941338582678
20
-3.6184255511811023
11
4.8512381496062993
21
-3.6185145275590549
0
LINE
8
BLACK
6
CONTINUOUS
10
4.8512381496062993
20
-3.6185145275590549
11
4.851179094488189
21
-3.6185657086614174
0
LINE
8
BLACK
6
CONTINUOUS
10
4.851179094488189
20
-3.6185657086614174
11
4.8509933464566926
21
-3.6187920866141732
0
LINE
8
BLACK
6
CONTINUOUS
10
4.8509933464566926
20
-3.6187920866141732
11
4.8491185433070862
21
-3.6206668503937007
0
LINE
8
BLACK
6
CONTINUOUS
10
4.8491185433070862
20
-3.6206668503937007
11
4.8486711023622044
21
-3.6210340551181099
0
LINE
8
BLACK
6
CONTINUOUS
10
4.8486711023622044
20
-3.6210340551181099
11
4.8476066929133861
21
-3.6214749212598423
0
LINE
8
BLACK
6
CONTINUOUS
10
4.8476066929133861
20
-3.6214749212598423
11
4.8464546062992122
21
-3.6214749212598423
0
LINE
8
BLACK
6
CONTINUOUS
10
4.8464546062992122
20
-3.6214749212598423
11
4.8453901968503938
21
-3.6210340157480316
0
LINE
8
BLACK
6
CONTINUOUS
10
4.8453901968503938
20
-3.6210340157480316
11
4.8445755118110236
21
-3.6202193307086614
0
LINE
8
BLACK
6
CONTINUOUS
10
4.8445755118110236
20
-3.6202193307086614
11
4.8441346456692909
21
-3.6191549212598426
0
LINE
8
BLACK
6
CONTINUOUS
10
4.8441346456692909
20
-3.6191549212598426
11
4.8441346456692909
21
-3.6180028346456692
0
LINE
8
BLACK
6
CONTINUOUS
10
4.8441346456692909
20
-3.6180028346456692
11
4.8445755511811024
21
-3.6169384251968504
0
LINE
8
BLACK
6
CONTINUOUS
10
4.8445755511811024
20
-3.6169384251968504
11
4.8449427952755908
21
-3.6164909448818898
0
LINE
8
BLACK
6
CONTINUOUS
10
4.8449427952755908
20
-3.6164909448818898
11
4.8464787401574805
21
-3.6149549999999997
0
LINE
8
BLACK
6
CONTINUOUS
10
4.8464787401574805
20
-3.6149549999999997
11
4.8478274803149608
21
-3.6122575590551183
0
LINE
8
BLACK
6
CONTINUOUS
10
4.8478274803149608
20
-3.6122575590551183
11
4.8478274803149608
21
-3.6042778346456692
0
LINE
8
BLACK
6
CONTINUOUS
10
4.8478274803149608
20
-3.6042778346456692
11
4.8464787401574805
21
-3.6015803543307086
0
LINE
8
BLACK
6
CONTINUOUS
10
4.8464787401574805
20
-3.6015803543307086
11
4.8452815748031499
21
-3.6003832283464567
0
LINE
8
BLACK
6
CONTINUOUS
10
4.8452815748031499
20
-3.6003832283464567
11
4.8425840944881893
21
-3.5990344881889764
0
LINE
8
BLACK
6
CONTINUOUS
10
4.8425840944881893
20
-3.5990344881889764
11
4.8346043700787398
21
-3.5990344881889764
0
LINE
8
BLACK
6
CONTINUOUS
10
4.8346043700787398
20
-3.5990344881889764
11
4.8319068897637791
21
-3.6003832283464567
0
LINE
8
BLACK
6
CONTINUOUS
10
4.8319068897637791
20
-3.6003832283464567
11
4.8307097637795273
21
-3.6015803543307086
0
LINE
8
BLACK
6
CONTINUOUS
10
4.8307097637795273
20
-3.6015803543307086
11
4.829361023622047
21
-3.6042778346456692
0
LINE
8
BLACK
6
CONTINUOUS
10
4.829361023622047
20
-3.6042778346456692
11
4.829361023622047
21
-3.6122575590551183
0
LINE
8
BLACK
6
CONTINUOUS
10
4.829361023622047
20
-3.6122575590551183
11
4.8307097637795273
21
-3.6149550393700784
0
LINE
8
BLACK
6
CONTINUOUS
10
4.8307097637795273
20
-3.6149550393700784
11
4.832245708661417
21
-3.6164909842519686
0
LINE
8
BLACK
6
CONTINUOUS
10
4.832245708661417
20
-3.6164909842519686
11
4.8326129133858267
21
-3.6169384251968504
0
LINE
8
BLACK
6
CONTINUOUS
10
4.8326129133858267
20
-3.6169384251968504
11
4.8326698031496065
21
-3.6170757480314961
0
LINE
8
BLACK
6
CONTINUOUS
10
4.8326698031496065
20
-3.6170757480314961
11
4.8327639763779526
21
-3.617190866141732
0
LINE
8
BLACK
6
CONTINUOUS
10
4.8327639763779526
20
-3.617190866141732
11
4.8328886614173223
21
-3.6176041338582676
0
LINE
8
BLACK
6
CONTINUOUS
10
4.8328886614173223
20
-3.6176041338582676
11
4.8330538188976373
21
-3.6180028346456692
0
LINE
8
BLACK
6
CONTINUOUS
10
4.8330538188976373
20
-3.6180028346456692
11
4.8330538188976373
21
-3.6181514960629921
0
LINE
8
BLACK
6
CONTINUOUS
10
4.8330538188976373
20
-3.6181514960629921
11
4.8330967716535431
21
-3.6182938582677164
0
LINE
8
BLACK
6
CONTINUOUS
10
4.8330967716535431
20
-3.6182938582677164
11
4.8330538188976373
21
-3.6187233464566928
0
LINE
8
BLACK
6
CONTINUOUS
10
4.8330538188976373
20
-3.6187233464566928
11
4.8330538188976373
21
-3.6191549212598426
0
LINE
8
BLACK
6
CONTINUOUS
10
4.8330538188976373
20
-3.6191549212598426
11
4.8329968897637796
21
-3.6192922440944879
0
LINE
8
BLACK
6
CONTINUOUS
10
4.8329968897637796
20
-3.6192922440944879
11
4.8329821259842518
21
-3.6194402755905513
0
LINE
8
BLACK
6
CONTINUOUS
10
4.8329821259842518
20
-3.6194402755905513
11
4.8327779921259841
21
-3.6198207086614174
0
LINE
8
BLACK
6
CONTINUOUS
10
4.8327779921259841
20
-3.6198207086614174
11
4.8326129133858267
21
-3.6202193307086614
0
LINE
8
BLACK
6
CONTINUOUS
10
4.8326129133858267
20
-3.6202193307086614
11
4.8325077559055121
21
-3.6203244488188977
0
LINE
8
BLACK
6
CONTINUOUS
10
4.8325077559055121
20
-3.6203244488188977
11
4.8324374803149608
21
-3.6204555118110235
0
LINE
8
BLACK
6
CONTINUOUS
10
4.8324374803149608
20
-3.6204555118110235
11
4.8321032677165352
21
-3.6207289370078741
0
LINE
8
BLACK
6
CONTINUOUS
10
4.8321032677165352
20
-3.6207289370078741
11
4.8317982283464564
21
-3.6210340157480316
0
LINE
8
BLACK
6
CONTINUOUS
10
4.8317982283464564
20
-3.6210340157480316
11
4.8316609448818895
21
-3.6210908661417323
0
LINE
8
BLACK
6
CONTINUOUS
10
4.8316609448818895
20
-3.6210908661417323
11
4.8315458267716531
21
-3.6211850787401576
0
LINE
8
BLACK
6
CONTINUOUS
10
4.8315458267716531
20
-3.6211850787401576
11
4.8311324015748029
21
-3.621309803149606
0
LINE
8
BLACK
6
CONTINUOUS
10
4.8311324015748029
20
-3.621309803149606
11
4.8307338188976381
21
-3.6214749212598423
0
LINE
8
BLACK
6
CONTINUOUS
10
4.8307338188976381
20
-3.6214749212598423
11
4.8305851968503939
21
-3.6214749212598423
0
LINE
8
BLACK
6
CONTINUOUS
10
4.8305851968503939
20
-3.6214749212598423
11
4.8304428346456696
21
-3.6215178740157481
0
LINE
8
BLACK
6
CONTINUOUS
10
4.8304428346456696
20
-3.6215178740157481
11
4.8298639763779523
21
-3.6215170078740155
0
LINE
8
BLACK
6
CONTINUOUS
10
4.8298639763779523
20
-3.6215170078740155
11
4.8111163385826767
21
-3.619642244094488
0
LINE
8
BLACK
6
CONTINUOUS
10
4.8111163385826767
20
-3.619642244094488
11
4.8109064173228342
21
-3.6196001574803147
0
LINE
8
BLACK
6
CONTINUOUS
10
4.8109064173228342
20
-3.6196001574803147
11
4.8108340944881887
21
-3.6196001574803147
0
LINE
8
BLACK
6
CONTINUOUS
10
4.8108340944881887
20
-3.6196001574803147
11
4.8107662598425192
21
-3.6195720472440942
0
LINE
8
BLACK
6
CONTINUOUS
10
4.8107662598425192
20
-3.6195720472440942
11
4.8105487795275588
21
-3.6195284645669292
0
LINE
8
BLACK
6
CONTINUOUS
10
4.8105487795275588
20
-3.6195284645669292
11
4.8101684645669289
21
-3.6193244094488186
0
LINE
8
BLACK
6
CONTINUOUS
10
4.8101684645669289
20
-3.6193244094488186
11
4.8097696850393703
21
-3.6191592519685041
0
LINE
8
BLACK
6
CONTINUOUS
10
4.8097696850393703
20
-3.6191592519685041
11
4.8096644881889761
21
-3.6190540551181103
0
LINE
8
BLACK
6
CONTINUOUS
10
4.8096644881889761
20
-3.6190540551181103
11
4.8095335433070865
21
-3.6189838188976378
0
LINE
8
BLACK
6
CONTINUOUS
10
4.8095335433070865
20
-3.6189838188976378
11
4.8092602755905514
21
-3.6186498425196851
0
LINE
8
BLACK
6
CONTINUOUS
10
4.8092602755905514
20
-3.6186498425196851
11
4.8089550393700788
21
-3.6183446062992126
0
LINE
8
BLACK
6
CONTINUOUS
10
4.8089550393700788
20
-3.6183446062992126
11
4.8088981102362203
21
-3.6182072440944881
0
LINE
8
BLACK
6
CONTINUOUS
10
4.8088981102362203
20
-3.6182072440944881
11
4.8088039763779529
21
-3.6180921653543305
0
LINE
8
BLACK
6
CONTINUOUS
10
4.8088039763779529
20
-3.6180921653543305
11
4.8086792519685035
21
-3.6176788582677166
0
LINE
8
BLACK
6
CONTINUOUS
10
4.8086792519685035
20
-3.6176788582677166
11
4.8085141338582673
21
-3.6172801968503938
0
LINE
8
BLACK
6
CONTINUOUS
10
4.8085141338582673
20
-3.6172801968503938
11
4.8084923622047242
21
-3.6170594881889762
0
LINE
8
BLACK
6
CONTINUOUS
10
4.8084923622047242
20
-3.6170594881889762
11
4.8084711811023624
21
-3.6169891732283466
0
LINE
8
BLACK
6
CONTINUOUS
10
4.8084711811023624
20
-3.6169891732283466
11
4.8084783464566927
21
-3.6169171653543306
0
LINE
8
BLACK
6
CONTINUOUS
10
4.8084783464566927
20
-3.6169171653543306
11
4.8084574015748034
21
-3.6167041338582675
0
LINE
8
BLACK
6
CONTINUOUS
10
4.8084574015748034
20
-3.6167041338582675
11
4.8084574015748034
21
-3.5979564960629919
0
LINE
8
BLACK
6
CONTINUOUS
10
4.8084574015748034
20
-3.5979564960629919
11
4.8085141338582673
21
-3.5973804330708661
0
LINE
8
BLACK
6
CONTINUOUS
10
4.8085141338582673
20
-3.5973804330708661
11
4.8089550393700788
21
-3.5963160236220473
0
LINE
8
BLACK
6
CONTINUOUS
10
4.8089550393700788
20
-3.5963160236220473
11
4.8097696850393703
21
-3.5955013779527558
0
LINE
8
BLACK
6
CONTINUOUS
10
4.8097696850393703
20
-3.5955013779527558
11
4.8108340944881887
21
-3.5950604724409447
0
LINE
8
BLACK
6
CONTINUOUS
10
4.8108340944881887
20
-3.5950604724409447
11
4.8119862204724404
21
-3.5950604724409447
0
LINE
8
BLACK
6
CONTINUOUS
10
4.8119862204724404
20
-3.5950604724409447
11
4.8130506299212596
21
-3.5955013779527558
0
LINE
8
BLACK
6
CONTINUOUS
10
4.8130506299212596
20
-3.5955013779527558
11
4.8138652755905511
21
-3.5963160236220473
0
LINE
8
BLACK
6
CONTINUOUS
10
4.8138652755905511
20
-3.5963160236220473
11
4.8143061811023617
21
-3.5973804330708661
0
LINE
8
BLACK
6
CONTINUOUS
10
4.8143061811023617
20
-3.5973804330708661
11
4.8143629133858266
21
-3.5979564960629919
0
LINE
8
BLACK
6
CONTINUOUS
10
4.8143629133858266
20
-3.5979564960629919
11
4.8143629133858266
21
-3.6140318897637793
0
LINE
8
BLACK
6
CONTINUOUS
10
4.8143629133858266
20
-3.6140318897637793
11
4.8241341732283463
21
-3.6150090157480315
0
LINE
8
BLACK
6
CONTINUOUS
10
4.8241341732283463
20
-3.6150090157480315
11
4.8237672440944879
21
-3.6142751181102359
0
LINE
8
BLACK
6
CONTINUOUS
10
4.8237672440944879
20
-3.6142751181102359
11
4.8235603543307084
21
-3.6137344881889764
0
LINE
8
BLACK
6
CONTINUOUS
10
4.8235603543307084
20
-3.6137344881889764
11
4.8235528346456693
21
-3.613628661417323
0
LINE
8
BLACK
6
CONTINUOUS
10
4.8235528346456693
20
-3.613628661417323
11
4.8235122440944878
21
-3.6135306692913387
0
LINE
8
BLACK
6
CONTINUOUS
10
4.8235122440944878
20
-3.6135306692913387
11
4.8234555118110238
21
-3.6129546062992124
0
LINE
8
BLACK
6
CONTINUOUS
10
4.8234555118110238
20
-3.6129546062992124
11
4.8234555118110238
21
-3.6035807874015746
0
LINE
8
BLACK
6
CONTINUOUS
10
4.8234555118110238
20
-3.6035807874015746
11
4.8235122440944878
21
-3.6030047244094487
0
LINE
8
BLACK
6
CONTINUOUS
10
4.8235122440944878
20
-3.6030047244094487
11
4.8235528346456693
21
-3.6029066929133857
0
LINE
8
BLACK
6
CONTINUOUS
10
4.8235528346456693
20
-3.6029066929133857
11
4.8235603543307084
21
-3.6028009055118111
0
LINE
8
BLACK
6
CONTINUOUS
10
4.8235603543307084
20
-3.6028009055118111
11
4.8237672440944879
21
-3.6022602755905511
0
LINE
8
BLACK
6
CONTINUOUS
10
4.8237672440944879
20
-3.6022602755905511
11
4.8256420078740154
21
-3.598510748031496
0
LINE
8
BLACK
6
CONTINUOUS
10
4.8256420078740154
20
-3.598510748031496
11
4.8257980708661412
21
-3.5982627165354328
0
LINE
8
BLACK
6
CONTINUOUS
10
4.8257980708661412
20
-3.5982627165354328
11
4.8258279133858268
21
-3.5981907874015748
0
LINE
8
BLACK
6
CONTINUOUS
10
4.8258279133858268
20
-3.5981907874015748
11
4.82589437007874
21
-3.5981098031496064
0
LINE
8
BLACK
6
CONTINUOUS
10
4.82589437007874
20
-3.5981098031496064
11
4.8259503543307085
21
-3.5980208661417321
0
LINE
8
BLACK
6
CONTINUOUS
10
4.8259503543307085
20
-3.5980208661417321
11
4.8260093307086613
21
-3.5979696850393701
0
LINE
8
BLACK
6
CONTINUOUS
10
4.8260093307086613
20
-3.5979696850393701
11
4.8261951181102365
21
-3.597743346456693
0
LINE
8
BLACK
6
CONTINUOUS
10
4.8261951181102365
20
-3.597743346456693
11
4.828069881889764
21
-3.5958685826771655
0
LINE
8
BLACK
6
CONTINUOUS
10
4.828069881889764
20
-3.5958685826771655
11
4.8282962204724411
21
-3.5956827952755903
0
LINE
8
BLACK
6
CONTINUOUS
10
4.8282962204724411
20
-3.5956827952755903
11
4.8283474015748027
21
-3.5956238188976375
0
LINE
8
BLACK
6
CONTINUOUS
10
4.8283474015748027
20
-3.5956238188976375
11
4.8284363385826774
21
-3.5955678346456694
0
LINE
8
BLACK
6
CONTINUOUS
10
4.8284363385826774
20
-3.5955678346456694
11
4.8285173228346459
21
-3.5955013779527558
0
LINE
8
BLACK
6
CONTINUOUS
10
4.8285173228346459
20
-3.5955013779527558
11
4.8285892519685039
21
-3.5954715354330706
0
LINE
8
BLACK
6
CONTINUOUS
10
4.8285892519685039
20
-3.5954715354330706
11
4.8288372834645665
21
-3.5953154724409448
0
LINE
8
BLACK
6
CONTINUOUS
10
4.8288372834645665
20
-3.5953154724409448
11
4.8325868110236216
21
-3.5934407086614173
0
LINE
8
BLACK
6
CONTINUOUS
10
4.8325868110236216
20
-3.5934407086614173
11
4.8331274015748029
21
-3.5932338188976378
0
LINE
8
BLACK
6
CONTINUOUS
10
4.8331274015748029
20
-3.5932338188976378
11
4.8332332677165351
21
-3.5932262598425195
0
LINE
8
BLACK
6
CONTINUOUS
10
4.8332332677165351
20
-3.5932262598425195
11
4.8333312598425193
21
-3.5931857086614172
0
LINE
8
BLACK
6
CONTINUOUS
10
4.8333312598425193
20
-3.5931857086614172
11
4.8339073228346452
21
-3.5931289763779528
0
LINE
8
BLACK
6
CONTINUOUS
10
4.8339073228346452
20
-3.5931289763779528
11
4.843281141732283
21
-3.5931289763779528
0
LINE
8
BLACK
6
CONTINUOUS
10
4.843281141732283
20
-3.5931289763779528
11
4.8438572047244097
21
-3.5931857086614172
0
LINE
8
BLACK
6
CONTINUOUS
10
3.0463315354330707
20
-3.5690922047244094
11
3.0473959448818895
21
-3.5695331102362204
0
LINE
8
BLACK
6
CONTINUOUS
10
3.0473959448818895
20
-3.5695331102362204
11
3.0482105905511809
21
-3.5703477559055119
0
LINE
8
BLACK
6
CONTINUOUS
10
3.0482105905511809
20
-3.5703477559055119
11
3.048651496062992
21
-3.5714121653543307
0
LINE
8
BLACK
6
CONTINUOUS
10
3.048651496062992
20
-3.5714121653543307
11
3.048651496062992
21
-3.5725642913385824
0
LINE
8
BLACK
6
CONTINUOUS
10
3.048651496062992
20
-3.5725642913385824
11
3.0482105905511809
21
-3.5736287007874017
0
LINE
8
BLACK
6
CONTINUOUS
10
3.0482105905511809
20
-3.5736287007874017
11
3.0473959448818895
21
-3.5744433464566927
0
LINE
8
BLACK
6
CONTINUOUS
10
3.0473959448818895
20
-3.5744433464566927
11
3.0463315354330707
21
-3.5748842519685038
0
LINE
8
BLACK
6
CONTINUOUS
10
3.0463315354330707
20
-3.5748842519685038
11
3.0457554724409448
21
-3.5749409842519686
0
LINE
8
BLACK
6
CONTINUOUS
10
3.0457554724409448
20
-3.5749409842519686
11
2.9857554724409447
21
-3.5749409842519686
0
LINE
8
BLACK
6
CONTINUOUS
10
2.9857554724409447
20
-3.5749409842519686
11
2.9851794094488189
21
-3.5748842519685038
0
LINE
8
BLACK
6
CONTINUOUS
10
2.9851794094488189
20
-3.5748842519685038
11
2.9841150000000001
21
-3.5744433464566927
0
LINE
8
BLACK
6
CONTINUOUS
10
2.9841150000000001
20
-3.5744433464566927
11
2.9833003543307086
21
-3.5736287007874017
0
LINE
8
BLACK
6
CONTINUOUS
10
2.9833003543307086
20
-3.5736287007874017
11
2.9828594488188975
21
-3.5725642913385824
0
LINE
8
BLACK
6
CONTINUOUS
10
2.9828594488188975
20
-3.5725642913385824
11
2.9828594488188975
21
-3.5714121653543307
0
LINE
8
BLACK
6
CONTINUOUS
10
2.9828594488188975
20
-3.5714121653543307
11
2.9833003543307086
21
-3.5703477559055119
0
LINE
8
BLACK
6
CONTINUOUS
10
2.9833003543307086
20
-3.5703477559055119
11
2.9841150000000001
21
-3.5695331102362204
0
LINE
8
BLACK
6
CONTINUOUS
10
2.9841150000000001
20
-3.5695331102362204
11
2.9851794094488189
21
-3.5690922047244094
0
LINE
8
BLACK
6
CONTINUOUS
10
2.9851794094488189
20
-3.5690922047244094
11
2.9857554724409447
21
-3.569035472440945
0
LINE
8
BLACK
6
CONTINUOUS
10
2.9857554724409447
20
-3.569035472440945
11
3.0457554724409448
21
-3.569035472440945
0
LINE
8
BLACK
6
CONTINUOUS
10
3.0457554724409448
20
-3.569035472440945
11
3.0463315354330707
21
-3.5690922047244094
0
LINE
8
BLACK
6
CONTINUOUS
10
4.3790792913385825
20
-3.4320800393700788
11
4.3795275590551181
21
-3.4334645669291337
0
LINE
8
BLACK
6
CONTINUOUS
10
4.3795275590551181
20
-3.4334645669291337
11
4.3795275590551181
21
-3.4602362204724408
0
LINE
8
BLACK
6
CONTINUOUS
10
4.3795275590551181
20
-3.4602362204724408
11
4.3788356692913384
21
-3.4619065354330707
0
LINE
8
BLACK
6
CONTINUOUS
10
4.3788356692913384
20
-3.4619065354330707
11
4.3771653543307085
21
-3.4625984251968505
0
LINE
8
BLACK
6
CONTINUOUS
10
4.3771653543307085
20
-3.4625984251968505
11
4.3757808267716536
21
-3.4621501181102361
0
LINE
8
BLACK
6
CONTINUOUS
10
4.3757808267716536
20
-3.4621501181102361
11
4.3572768897637797
21
-3.448764251968504
0
LINE
8
BLACK
6
CONTINUOUS
10
4.3572768897637797
20
-3.448764251968504
11
4.3563290551181097
21
-3.44722468503937
0
LINE
8
BLACK
6
CONTINUOUS
10
4.3563290551181097
20
-3.44722468503937
11
4.3567475196850394
21
-3.4454658267716534
0
LINE
8
BLACK
6
CONTINUOUS
10
4.3567475196850394
20
-3.4454658267716534
11
4.3572768897637797
21
-3.4449364173228347
0
LINE
8
BLACK
6
CONTINUOUS
10
4.3572768897637797
20
-3.4449364173228347
11
4.3757808267716536
21
-3.4315506299212597
0
LINE
8
BLACK
6
CONTINUOUS
10
4.3757808267716536
20
-3.4315506299212597
11
4.3775396850393697
21
-3.4311322047244093
0
LINE
8
BLACK
6
CONTINUOUS
10
4.3775396850393697
20
-3.4311322047244093
11
4.3790792913385825
21
-3.4320800393700788
0
LINE
8
BLACK
6
CONTINUOUS
10
3.9460084251968501
20
-3.4301115354330709
11
3.9464566929133857
21
-3.4314960629921258
0
LINE
8
BLACK
6
CONTINUOUS
10
3.9464566929133857
20
-3.4314960629921258
11
3.9464566929133857
21
-3.458267716535433
0
LINE
8
BLACK
6
CONTINUOUS
10
3.9464566929133857
20
-3.458267716535433
11
3.9457648031496064
21
-3.4599380314960628
0
LINE
8
BLACK
6
CONTINUOUS
10
3.9457648031496064
20
-3.4599380314960628
11
3.9440944881889761
21
-3.4606299212598426
0
LINE
8
BLACK
6
CONTINUOUS
10
3.9440944881889761
20
-3.4606299212598426
11
3.9427099606299212
21
-3.4601816141732282
0
LINE
8
BLACK
6
CONTINUOUS
10
3.9427099606299212
20
-3.4601816141732282
11
3.9242060236220473
21
-3.4467957480314961
0
LINE
8
BLACK
6
CONTINUOUS
10
3.9242060236220473
20
-3.4467957480314961
11
3.9232581889763778
21
-3.4452561811023621
0
LINE
8
BLACK
6
CONTINUOUS
10
3.9232581889763778
20
-3.4452561811023621
11
3.923676653543307
21
-3.4434973228346455
0
LINE
8
BLACK
6
CONTINUOUS
10
3.923676653543307
20
-3.4434973228346455
11
3.9242060236220473
21
-3.4429679133858269
0
LINE
8
BLACK
6
CONTINUOUS
10
3.9242060236220473
20
-3.4429679133858269
11
3.9427099606299212
21
-3.4295821259842518
0
LINE
8
BLACK
6
CONTINUOUS
10
3.9427099606299212
20
-3.4295821259842518
11
3.9444688188976378
21
-3.4291637007874014
0
LINE
8
BLACK
6
CONTINUOUS
10
3.9444688188976378
20
-3.4291637007874014
11
3.9460084251968501
21
-3.4301115354330709
0
LINE
8
BLACK
6
CONTINUOUS
10
4.8103785039370077
20
-3.4301115354330709
11
4.8108267716535433
21
-3.4314960629921258
0
LINE
8
BLACK
6
CONTINUOUS
10
4.8108267716535433
20
-3.4314960629921258
11
4.8108267716535433
21
-3.458267716535433
0
LINE
8
BLACK
6
CONTINUOUS
10
4.8108267716535433
20
-3.458267716535433
11
4.8101348818897636
21
-3.4599380314960628
0
LINE
8
BLACK
6
CONTINUOUS
10
4.8101348818897636
20
-3.4599380314960628
11
4.8084645669291337
21
-3.4606299212598426
0
LINE
8
BLACK
6
CONTINUOUS
10
4.8084645669291337
20
-3.4606299212598426
11
4.8070800393700788
21
-3.4601816141732282
0
LINE
8
BLACK
6
CONTINUOUS
10
4.8070800393700788
20
-3.4601816141732282
11
4.7885761023622049
21
-3.4467957480314961
0
LINE
8
BLACK
6
CONTINUOUS
10
4.7885761023622049
20
-3.4467957480314961
11
4.7876282677165349
21
-3.4452561811023621
0
LINE
8
BLACK
6
CONTINUOUS
10
4.7876282677165349
20
-3.4452561811023621
11
4.7880467322834646
21
-3.4434973228346455
0
LINE
8
BLACK
6
CONTINUOUS
10
4.7880467322834646
20
-3.4434973228346455
11
4.7885761023622049
21
-3.4429679133858269
0
LINE
8
BLACK
6
CONTINUOUS
10
4.7885761023622049
20
-3.4429679133858269
11
4.8070800393700788
21
-3.4295821259842518
0
LINE
8
BLACK
6
CONTINUOUS
10
4.8070800393700788
20
-3.4295821259842518
11
4.8088388976377949
21
-3.4291637007874014
0
LINE
8
BLACK
6
CONTINUOUS
10
4.8088388976377949
20
-3.4291637007874014
11
4.8103785039370077
21
-3.4301115354330709
0
LINE
8
BLACK
6
CONTINUOUS
10
4.1853674803149605
20
-3.345372401574803
11
4.186182125984252
21
-3.3461870472440944
0
LINE
8
BLACK
6
CONTINUOUS
10
4.186182125984252
20
-3.3461870472440944
11
4.1866230314960626
21
-3.3472514566929132
0
LINE
8
BLACK
6
CONTINUOUS
10
4.1866230314960626
20
-3.3472514566929132
11
4.1866797637795274
21
-3.3478275196850391
0
LINE
8
BLACK
6
CONTINUOUS
10
4.1866797637795274
20
-3.3478275196850391
11
4.1866797637795274
21
-3.3759489763779529
0
LINE
8
BLACK
6
CONTINUOUS
10
4.1866797637795274
20
-3.3759489763779529
11
4.1866510236220469
21
-3.3762405511811022
0
LINE
8
BLACK
6
CONTINUOUS
10
4.1866510236220469
20
-3.3762405511811022
11
4.1866565748031492
21
-3.3763183070866143
0
LINE
8
BLACK
6
CONTINUOUS
10
4.1866565748031492
20
-3.3763183070866143
11
4.1866333070866144
21
-3.3764205511811021
0
LINE
8
BLACK
6
CONTINUOUS
10
4.1866333070866144
20
-3.3764205511811021
11
4.1866230314960626
21
-3.3765250393700788
0
LINE
8
BLACK
6
CONTINUOUS
10
4.1866230314960626
20
-3.3765250393700788
11
4.1865931496062991
21
-3.376597086614173
0
LINE
8
BLACK
6
CONTINUOUS
10
4.1865931496062991
20
-3.376597086614173
11
4.1865282283464564
21
-3.3768827559055117
0
LINE
8
BLACK
6
CONTINUOUS
10
4.1865282283464564
20
-3.3768827559055117
11
4.1846534645669289
21
-3.3825070078740156
0
LINE
8
BLACK
6
CONTINUOUS
10
4.1846534645669289
20
-3.3825070078740156
11
4.184417480314961
21
-3.3830355905511809
0
LINE
8
BLACK
6
CONTINUOUS
10
4.184417480314961
20
-3.3830355905511809
11
4.1843479527559051
21
-3.3831157086614172
0
LINE
8
BLACK
6
CONTINUOUS
10
4.1843479527559051
20
-3.3831157086614172
11
4.1843074015748032
21
-3.3832137007874015
0
LINE
8
BLACK
6
CONTINUOUS
10
4.1843074015748032
20
-3.3832137007874015
11
4.1839401968503935
21
-3.3836611417322833
0
LINE
8
BLACK
6
CONTINUOUS
10
4.1839401968503935
20
-3.3836611417322833
11
4.1801906299212597
21
-3.3874107480314959
0
LINE
8
BLACK
6
CONTINUOUS
10
4.1801906299212597
20
-3.3874107480314959
11
4.1797431889763779
21
-3.3877779527559055
0
LINE
8
BLACK
6
CONTINUOUS
10
4.1797431889763779
20
-3.3877779527559055
11
4.1796451181102361
21
-3.3878185433070866
0
LINE
8
BLACK
6
CONTINUOUS
10
4.1796451181102361
20
-3.3878185433070866
11
4.1795650000000002
21
-3.3878880708661416
0
LINE
8
BLACK
6
CONTINUOUS
10
4.1795650000000002
20
-3.3878880708661416
11
4.1790364566929137
21
-3.38812405511811
0
LINE
8
BLACK
6
CONTINUOUS
10
4.1790364566929137
20
-3.38812405511811
11
4.173412165354331
21
-3.3899988188976375
0
LINE
8
BLACK
6
CONTINUOUS
10
4.173412165354331
20
-3.3899988188976375
11
4.1731265748031499
21
-3.3900637401574802
0
LINE
8
BLACK
6
CONTINUOUS
10
4.1731265748031499
20
-3.3900637401574802
11
4.173054488188976
21
-3.3900936220472442
0
LINE
8
BLACK
6
CONTINUOUS
10
4.173054488188976
20
-3.3900936220472442
11
4.1729499606299214
21
-3.3901038976377951
0
LINE
8
BLACK
6
CONTINUOUS
10
4.1729499606299214
20
-3.3901038976377951
11
4.1728477165354327
21
-3.3901271653543308
0
LINE
8
BLACK
6
CONTINUOUS
10
4.1728477165354327
20
-3.3901271653543308
11
4.1727699606299211
21
-3.3901216141732284
0
LINE
8
BLACK
6
CONTINUOUS
10
4.1727699606299211
20
-3.3901216141732284
11
4.1724784251968501
21
-3.3901503543307085
0
LINE
8
BLACK
6
CONTINUOUS
10
4.1724784251968501
20
-3.3901503543307085
11
4.168728897637795
21
-3.3901503543307085
0
LINE
8
BLACK
6
CONTINUOUS
10
4.168728897637795
20
-3.3901503543307085
11
4.1681528346456691
21
-3.3900936220472442
0
LINE
8
BLACK
6
CONTINUOUS
10
4.1681528346456691
20
-3.3900936220472442
11
4.1670884251968507
21
-3.3896527165354331
0
LINE
8
BLACK
6
CONTINUOUS
10
4.1670884251968507
20
-3.3896527165354331
11
4.1662737795275593
21
-3.3888380708661416
0
LINE
8
BLACK
6
CONTINUOUS
10
4.1662737795275593
20
-3.3888380708661416
11
4.1658328740157478
21
-3.3877736614173228
0
LINE
8
BLACK
6
CONTINUOUS
10
4.1658328740157478
20
-3.3877736614173228
11
4.1658328740157478
21
-3.3866215354330707
0
LINE
8
BLACK
6
CONTINUOUS
10
4.1658328740157478
20
-3.3866215354330707
11
4.1662737795275593
21
-3.3855571259842518
0
LINE
8
BLACK
6
CONTINUOUS
10
4.1662737795275593
20
-3.3855571259842518
11
4.1670884251968507
21
-3.3847424803149604
0
LINE
8
BLACK
6
CONTINUOUS
10
4.1670884251968507
20
-3.3847424803149604
11
4.1681528346456691
21
-3.3843015748031497
0
LINE
8
BLACK
6
CONTINUOUS
10
4.1681528346456691
20
-3.3843015748031497
11
4.168728897637795
21
-3.3842448425196849
0
LINE
8
BLACK
6
CONTINUOUS
10
4.168728897637795
20
-3.3842448425196849
11
4.1719992913385822
21
-3.3842448425196849
0
LINE
8
BLACK
6
CONTINUOUS
10
4.1719992913385822
20
-3.3842448425196849
11
4.176507677165354
21
-3.3827420078740156
0
LINE
8
BLACK
6
CONTINUOUS
10
4.176507677165354
20
-3.3827420078740156
11
4.1792714173228349
21
-3.3799782283464568
0
LINE
8
BLACK
6
CONTINUOUS
10
4.1792714173228349
20
-3.3799782283464568
11
4.1807742519685043
21
-3.375469842519685
0
LINE
8
BLACK
6
CONTINUOUS
10
4.1807742519685043
20
-3.375469842519685
11
4.1807742519685043
21
-3.3478275196850391
0
LINE
8
BLACK
6
CONTINUOUS
10
4.1807742519685043
20
-3.3478275196850391
11
4.1808309842519682
21
-3.3472514566929132
0
LINE
8
BLACK
6
CONTINUOUS
10
4.1808309842519682
20
-3.3472514566929132
11
4.1812718897637797
21
-3.3461870472440944
0
LINE
8
BLACK
6
CONTINUOUS
10
4.1812718897637797
20
-3.3461870472440944
11
4.1820865354330712
21
-3.345372401574803
0
LINE
8
BLACK
6
CONTINUOUS
10
4.1820865354330712
20
-3.345372401574803
11
4.1831509448818895
21
-3.3449314960629919
0
LINE
8
BLACK
6
CONTINUOUS
10
4.1831509448818895
20
-3.3449314960629919
11
4.1843030708661413
21
-3.3449314960629919
0
LINE
8
BLACK
6
CONTINUOUS
10
4.1843030708661413
20
-3.3449314960629919
11
4.1853674803149605
21
-3.345372401574803
0
LINE
8
BLACK
6
CONTINUOUS
10
4.2555441732283468
20
-3.3449314960629919
11
4.255642165354331
21
-3.344972086614173
0
LINE
8
BLACK
6
CONTINUOUS
10
4.255642165354331
20
-3.344972086614173
11
4.2557479921259844
21
-3.3449796062992125
0
LINE
8
BLACK
6
CONTINUOUS
10
4.2557479921259844
20
-3.3449796062992125
11
4.2562886220472436
21
-3.345186496062992
0
LINE
8
BLACK
6
CONTINUOUS
10
4.2562886220472436
20
-3.345186496062992
11
4.2600381496062987
21
-3.3470612598425196
0
LINE
8
BLACK
6
CONTINUOUS
10
4.2600381496062987
20
-3.3470612598425196
11
4.2602861417322835
21
-3.3472173228346458
0
LINE
8
BLACK
6
CONTINUOUS
10
4.2602861417322835
20
-3.3472173228346458
11
4.2603581102362202
21
-3.3472471653543305
0
LINE
8
BLACK
6
CONTINUOUS
10
4.2603581102362202
20
-3.3472471653543305
11
4.2604390551181099
21
-3.3473136220472441
0
LINE
8
BLACK
6
CONTINUOUS
10
4.2604390551181099
20
-3.3473136220472441
11
4.2605280314960625
21
-3.3473696062992127
0
LINE
8
BLACK
6
CONTINUOUS
10
4.2605280314960625
20
-3.3473696062992127
11
4.2605791732283462
21
-3.3474285826771655
0
LINE
8
BLACK
6
CONTINUOUS
10
4.2605791732283462
20
-3.3474285826771655
11
4.260805551181102
21
-3.3476143700787402
0
LINE
8
BLACK
6
CONTINUOUS
10
4.260805551181102
20
-3.3476143700787402
11
4.2626803149606296
21
-3.3494891338582677
0
LINE
8
BLACK
6
CONTINUOUS
10
4.2626803149606296
20
-3.3494891338582677
11
4.262866062992126
21
-3.3497154724409448
0
LINE
8
BLACK
6
CONTINUOUS
10
4.262866062992126
20
-3.3497154724409448
11
4.2629250787401576
21
-3.3497666535433068
0
LINE
8
BLACK
6
CONTINUOUS
10
4.2629250787401576
20
-3.3497666535433068
11
4.2629810236220473
21
-3.3498555905511811
0
LINE
8
BLACK
6
CONTINUOUS
10
4.2629810236220473
20
-3.3498555905511811
11
4.2630475196850393
21
-3.3499365748031495
0
LINE
8
BLACK
6
CONTINUOUS
10
4.2630475196850393
20
-3.3499365748031495
11
4.2630773228346452
21
-3.350008503937008
0
LINE
8
BLACK
6
CONTINUOUS
10
4.2630773228346452
20
-3.350008503937008
11
4.2632334251968507
21
-3.3502565354330707
0
LINE
8
BLACK
6
CONTINUOUS
10
4.2632334251968507
20
-3.3502565354330707
11
4.2651081889763782
21
-3.3540060629921258
0
LINE
8
BLACK
6
CONTINUOUS
10
4.2651081889763782
20
-3.3540060629921258
11
4.2653150787401577
21
-3.3545466535433071
0
LINE
8
BLACK
6
CONTINUOUS
10
4.2653150787401577
20
-3.3545466535433071
11
4.2653225984251968
21
-3.3546525196850392
0
LINE
8
BLACK
6
CONTINUOUS
10
4.2653225984251968
20
-3.3546525196850392
11
4.2653631889763775
21
-3.3547505118110235
0
LINE
8
BLACK
6
CONTINUOUS
10
4.2653631889763775
20
-3.3547505118110235
11
4.2654199212598423
21
-3.3553265748031493
0
LINE
8
BLACK
6
CONTINUOUS
10
4.2654199212598423
20
-3.3553265748031493
11
4.2654199212598423
21
-3.3590761023622044
0
LINE
8
BLACK
6
CONTINUOUS
10
4.2654199212598423
20
-3.3590761023622044
11
4.2653911811023617
21
-3.3593676771653542
0
LINE
8
BLACK
6
CONTINUOUS
10
4.2653911811023617
20
-3.3593676771653542
11
4.2653967322834641
21
-3.3594454330708658
0
LINE
8
BLACK
6
CONTINUOUS
10
4.2653967322834641
20
-3.3594454330708658
11
4.2653734645669292
21
-3.3595476771653541
0
LINE
8
BLACK
6
CONTINUOUS
10
4.2653734645669292
20
-3.3595476771653541
11
4.2653631889763775
21
-3.3596521653543308
0
LINE
8
BLACK
6
CONTINUOUS
10
4.2653631889763775
20
-3.3596521653543308
11
4.265333307086614
21
-3.359724212598425
0
LINE
8
BLACK
6
CONTINUOUS
10
4.265333307086614
20
-3.359724212598425
11
4.2652683858267713
21
-3.3600098818897637
0
LINE
8
BLACK
6
CONTINUOUS
10
4.2652683858267713
20
-3.3600098818897637
11
4.2633936220472437
21
-3.3656341338582676
0
LINE
8
BLACK
6
CONTINUOUS
10
4.2633936220472437
20
-3.3656341338582676
11
4.2631576377952758
21
-3.3661627165354329
0
LINE
8
BLACK
6
CONTINUOUS
10
4.2631576377952758
20
-3.3661627165354329
11
4.2630881496062996
21
-3.3662427952755904
0
LINE
8
BLACK
6
CONTINUOUS
10
4.2630881496062996
20
-3.3662427952755904
11
4.263047559055118
21
-3.3663408661417322
0
LINE
8
BLACK
6
CONTINUOUS
10
4.263047559055118
20
-3.3663408661417322
11
4.2626803149606296
21
-3.366788307086614
0
LINE
8
BLACK
6
CONTINUOUS
10
4.2626803149606296
20
-3.366788307086614
11
4.2452238188976379
21
-3.3842448425196849
0
LINE
8
BLACK
6
CONTINUOUS
10
4.2452238188976379
20
-3.3842448425196849
11
4.2624671653543302
21
-3.3842448425196849
0
LINE
8
BLACK
6
CONTINUOUS
10
4.2624671653543302
20
-3.3842448425196849
11
4.263043228346457
21
-3.3843015748031497
0
LINE
8
BLACK
6
CONTINUOUS
10
4.263043228346457
20
-3.3843015748031497
11
4.2641076377952754
21
-3.3847424803149604
0
LINE
8
BLACK
6
CONTINUOUS
10
4.2641076377952754
20
-3.3847424803149604
11
4.2649222834645668
21
-3.3855571259842518
0
LINE
8
BLACK
6
CONTINUOUS
10
4.2649222834645668
20
-3.3855571259842518
11
4.2653631889763775
21
-3.3866215354330707
0
LINE
8
BLACK
6
CONTINUOUS
10
4.2653631889763775
20
-3.3866215354330707
11
4.2653631889763775
21
-3.3877736614173228
0
LINE
8
BLACK
6
CONTINUOUS
10
4.2653631889763775
20
-3.3877736614173228
11
4.2649222834645668
21
-3.3888380708661416
0
LINE
8
BLACK
6
CONTINUOUS
10
4.2649222834645668
20
-3.3888380708661416
11
4.2641076377952754
21
-3.3896527165354331
0
LINE
8
BLACK
6
CONTINUOUS
10
4.2641076377952754
20
-3.3896527165354331
11
4.263043228346457
21
-3.3900936220472442
0
LINE
8
BLACK
6
CONTINUOUS
10
4.263043228346457
20
-3.3900936220472442
11
4.2624671653543302
21
-3.3901503543307085
0
LINE
8
BLACK
6
CONTINUOUS
10
4.2624671653543302
20
-3.3901503543307085
11
4.238095236220472
21
-3.3901503543307085
0
LINE
8
BLACK
6
CONTINUOUS
10
4.238095236220472
20
-3.3901503543307085
11
4.2375191732283461
21
-3.3900936220472442
0
LINE
8
BLACK
6
CONTINUOUS
10
4.2375191732283461
20
-3.3900936220472442
11
4.2364547637795278
21
-3.3896527165354331
0
LINE
8
BLACK
6
CONTINUOUS
10
4.2364547637795278
20
-3.3896527165354331
11
4.2356401181102363
21
-3.3888380708661416
0
LINE
8
BLACK
6
CONTINUOUS
10
4.2356401181102363
20
-3.3888380708661416
11
4.2351992125984248
21
-3.3877736614173228
0
LINE
8
BLACK
6
CONTINUOUS
10
4.2351992125984248
20
-3.3877736614173228
11
4.2351992125984248
21
-3.3866215354330707
0
LINE
8
BLACK
6
CONTINUOUS
10
4.2351992125984248
20
-3.3866215354330707
11
4.2356401181102363
21
-3.3855571259842518
0
LINE
8
BLACK
6
CONTINUOUS
10
4.2356401181102363
20
-3.3855571259842518
11
4.236007322834646
21
-3.38510968503937
0
LINE
8
BLACK
6
CONTINUOUS
10
4.236007322834646
20
-3.38510968503937
11
4.2580115748031497
21
-3.3631053543307088
0
LINE
8
BLACK
6
CONTINUOUS
10
4.2580115748031497
20
-3.3631053543307088
11
4.2595144094488191
21
-3.358596968503937
0
LINE
8
BLACK
6
CONTINUOUS
10
4.2595144094488191
20
-3.358596968503937
11
4.2595144094488191
21
-3.3560236220472439
0
LINE
8
BLACK
6
CONTINUOUS
10
4.2595144094488191
20
-3.3560236220472439
11
4.2581656692913388
21
-3.3533261417322833
0
LINE
8
BLACK
6
CONTINUOUS
10
4.2581656692913388
20
-3.3533261417322833
11
4.256968543307087
21
-3.3521290157480315
0
LINE
8
BLACK
6
CONTINUOUS
10
4.256968543307087
20
-3.3521290157480315
11
4.2542710629921263
21
-3.3507802755905511
0
LINE
8
BLACK
6
CONTINUOUS
10
4.2542710629921263
20
-3.3507802755905511
11
4.2462913385826768
21
-3.3507802755905511
0
LINE
8
BLACK
6
CONTINUOUS
10
4.2462913385826768
20
-3.3507802755905511
11
4.2435938582677162
21
-3.3521290157480315
0
LINE
8
BLACK
6
CONTINUOUS
10
4.2435938582677162
20
-3.3521290157480315
11
4.2420579133858265
21
-3.3536649606299211
0
LINE
8
BLACK
6
CONTINUOUS
10
4.2420579133858265
20
-3.3536649606299211
11
4.2416104724409447
21
-3.3540321653543308
0
LINE
8
BLACK
6
CONTINUOUS
10
4.2416104724409447
20
-3.3540321653543308
11
4.2405460236220476
21
-3.3544730708661414
0
LINE
8
BLACK
6
CONTINUOUS
10
4.2405460236220476
20
-3.3544730708661414
11
4.2393939763779525
21
-3.3544730708661414
0
LINE
8
BLACK
6
CONTINUOUS
10
4.2393939763779525
20
-3.3544730708661414
11
4.2383295275590553
21
-3.3540321653543308
0
LINE
8
BLACK
6
CONTINUOUS
10
4.2383295275590553
20
-3.3540321653543308
11
4.2375148818897639
21
-3.3532175196850393
0
LINE
8
BLACK
6
CONTINUOUS
10
4.2375148818897639
20
-3.3532175196850393
11
4.2370739763779524
21
-3.3521530708661418
0
LINE
8
BLACK
6
CONTINUOUS
10
4.2370739763779524
20
-3.3521530708661418
11
4.2370739763779524
21
-3.3510010236220471
0
LINE
8
BLACK
6
CONTINUOUS
10
4.2370739763779524
20
-3.3510010236220471
11
4.2375148818897639
21
-3.3499365748031495
0
LINE
8
BLACK
6
CONTINUOUS
10
4.2375148818897639
20
-3.3499365748031495
11
4.2378820866141735
21
-3.3494891338582677
0
LINE
8
BLACK
6
CONTINUOUS
10
4.2378820866141735
20
-3.3494891338582677
11
4.2397568503937011
21
-3.3476143700787402
0
LINE
8
BLACK
6
CONTINUOUS
10
4.2397568503937011
20
-3.3476143700787402
11
4.2399831889763782
21
-3.3474285826771655
0
LINE
8
BLACK
6
CONTINUOUS
10
4.2399831889763782
20
-3.3474285826771655
11
4.2400343700787397
21
-3.3473696062992127
0
LINE
8
BLACK
6
CONTINUOUS
10
4.2400343700787397
20
-3.3473696062992127
11
4.2401233070866144
21
-3.3473136220472441
0
LINE
8
BLACK
6
CONTINUOUS
10
4.2401233070866144
20
-3.3473136220472441
11
4.2402042913385829
21
-3.3472471653543305
0
LINE
8
BLACK
6
CONTINUOUS
10
4.2402042913385829
20
-3.3472471653543305
11
4.2402762204724409
21
-3.3472173228346458
0
LINE
8
BLACK
6
CONTINUOUS
10
4.2402762204724409
20
-3.3472173228346458
11
4.2405242519685036
21
-3.3470612598425196
0
LINE
8
BLACK
6
CONTINUOUS
10
4.2405242519685036
20
-3.3470612598425196
11
4.2442737795275587
21
-3.345186496062992
0
LINE
8
BLACK
6
CONTINUOUS
10
4.2442737795275587
20
-3.345186496062992
11
4.24481437007874
21
-3.3449796062992125
0
LINE
8
BLACK
6
CONTINUOUS
10
4.24481437007874
20
-3.3449796062992125
11
4.2449202362204721
21
-3.3449720472440942
0
LINE
8
BLACK
6
CONTINUOUS
10
4.2449202362204721
20
-3.3449720472440942
11
4.2450182283464564
21
-3.3449314960629919
0
LINE
8
BLACK
6
CONTINUOUS
10
4.2450182283464564
20
-3.3449314960629919
11
4.2455942913385822
21
-3.3448747637795275
0
LINE
8
BLACK
6
CONTINUOUS
10
4.2455942913385822
20
-3.3448747637795275
11
4.25496811023622
21
-3.3448747637795275
0
LINE
8
BLACK
6
CONTINUOUS
10
4.25496811023622
20
-3.3448747637795275
11
4.2555441732283468
21
-3.3449314960629919
0
LINE
8
BLACK
6
CONTINUOUS
10
4.218048858267716
20
-3.3449314960629919
11
4.2181468503937003
21
-3.344972086614173
0
LINE
8
BLACK
6
CONTINUOUS
10
4.2181468503937003
20
-3.344972086614173
11
4.2182526771653546
21
-3.3449796062992125
0
LINE
8
BLACK
6
CONTINUOUS
10
4.2182526771653546
20
-3.3449796062992125
11
4.2187933070866137
21
-3.345186496062992
0
LINE
8
BLACK
6
CONTINUOUS
10
4.2187933070866137
20
-3.345186496062992
11
4.2225428346456688
21
-3.3470612598425196
0
LINE
8
BLACK
6
CONTINUOUS
10
4.2225428346456688
20
-3.3470612598425196
11
4.2227908267716536
21
-3.3472173228346458
0
LINE
8
BLACK
6
CONTINUOUS
10
4.2227908267716536
20
-3.3472173228346458
11
4.2228627952755904
21
-3.3472471653543305
0
LINE
8
BLACK
6
CONTINUOUS
10
4.2228627952755904
20
-3.3472471653543305
11
4.2229437401574801
21
-3.3473136220472441
0
LINE
8
BLACK
6
CONTINUOUS
10
4.2229437401574801
20
-3.3473136220472441
11
4.2230327165354327
21
-3.3473696062992127
0
LINE
8
BLACK
6
CONTINUOUS
10
4.2230327165354327
20
-3.3473696062992127
11
4.2230838582677164
21
-3.3474285826771655
0
LINE
8
BLACK
6
CONTINUOUS
10
4.2230838582677164
20
-3.3474285826771655
11
4.2233102362204722
21
-3.3476143700787402
0
LINE
8
BLACK
6
CONTINUOUS
10
4.2233102362204722
20
-3.3476143700787402
11
4.2251849999999997
21
-3.3494891338582677
0
LINE
8
BLACK
6
CONTINUOUS
10
4.2251849999999997
20
-3.3494891338582677
11
4.2253707480314961
21
-3.3497154724409448
0
LINE
8
BLACK
6
CONTINUOUS
10
4.2253707480314961
20
-3.3497154724409448
11
4.2254297637795277
21
-3.3497666535433068
0
LINE
8
BLACK
6
CONTINUOUS
10
4.2254297637795277
20
-3.3497666535433068
11
4.2254857086614175
21
-3.3498555905511811
0
LINE
8
BLACK
6
CONTINUOUS
10
4.2254857086614175
20
-3.3498555905511811
11
4.2255522047244094
21
-3.3499365748031495
0
LINE
8
BLACK
6
CONTINUOUS
10
4.2255522047244094
20
-3.3499365748031495
11
4.2255820078740154
21
-3.350008503937008
0
LINE
8
BLACK
6
CONTINUOUS
10
4.2255820078740154
20
-3.350008503937008
11
4.2257381102362208
21
-3.3502565354330707
0
LINE
8
BLACK
6
CONTINUOUS
10
4.2257381102362208
20
-3.3502565354330707
11
4.2276128740157484
21
-3.3540060629921258
0
LINE
8
BLACK
6
CONTINUOUS
10
4.2276128740157484
20
-3.3540060629921258
11
4.2278197637795278
21
-3.3545466535433071
0
LINE
8
BLACK
6
CONTINUOUS
10
4.2278197637795278
20
-3.3545466535433071
11
4.2278272834645669
21
-3.3546525196850392
0
LINE
8
BLACK
6
CONTINUOUS
10
4.2278272834645669
20
-3.3546525196850392
11
4.2278678740157476
21
-3.3547505118110235
0
LINE
8
BLACK
6
CONTINUOUS
10
4.2278678740157476
20
-3.3547505118110235
11
4.2279246062992124
21
-3.3553265748031493
0
LINE
8
BLACK
6
CONTINUOUS
10
4.2279246062992124
20
-3.3553265748031493
11
4.2279246062992124
21
-3.360950866141732
0
LINE
8
BLACK
6
CONTINUOUS
10
4.2279246062992124
20
-3.360950866141732
11
4.2278678740157476
21
-3.3615269291338583
0
LINE
8
BLACK
6
CONTINUOUS
10
4.2278678740157476
20
-3.3615269291338583
11
4.2278272834645669
21
-3.3616248818897638
0
LINE
8
BLACK
6
CONTINUOUS
10
4.2278272834645669
20
-3.3616248818897638
11
4.2278197637795278
21
-3.3617307874015747
0
LINE
8
BLACK
6
CONTINUOUS
10
4.2278197637795278
20
-3.3617307874015747
11
4.2276128740157484
21
-3.362271377952756
0
LINE
8
BLACK
6
CONTINUOUS
10
4.2276128740157484
20
-3.362271377952756
11
4.2257381102362208
21
-3.3660209055118111
0
LINE
8
BLACK
6
CONTINUOUS
10
4.2257381102362208
20
-3.3660209055118111
11
4.2255820078740154
21
-3.366268897637795
0
LINE
8
BLACK
6
CONTINUOUS
10
4.2255820078740154
20
-3.366268897637795
11
4.2255522047244094
21
-3.3663408661417322
0
LINE
8
BLACK
6
CONTINUOUS
10
4.2255522047244094
20
-3.3663408661417322
11
4.2254857086614175
21
-3.3664218110236219
0
LINE
8
BLACK
6
CONTINUOUS
10
4.2254857086614175
20
-3.3664218110236219
11
4.2254297637795277
21
-3.3665107874015749
0
LINE
8
BLACK
6
CONTINUOUS
10
4.2254297637795277
20
-3.3665107874015749
11
4.2253707480314961
21
-3.3665619291338582
0
LINE
8
BLACK
6
CONTINUOUS
10
4.2253707480314961
20
-3.3665619291338582
11
4.2251849999999997
21
-3.366788307086614
0
LINE
8
BLACK
6
CONTINUOUS
10
4.2251849999999997
20
-3.366788307086614
11
4.2233102362204722
21
-3.3686630708661416
0
LINE
8
BLACK
6
CONTINUOUS
10
4.2233102362204722
20
-3.3686630708661416
11
4.2230838582677164
21
-3.3688488188976375
0
LINE
8
BLACK
6
CONTINUOUS
10
4.2230838582677164
20
-3.3688488188976375
11
4.2230327165354327
21
-3.3689078346456691
0
LINE
8
BLACK
6
CONTINUOUS
10
4.2230327165354327
20
-3.3689078346456691
11
4.2229437401574801
21
-3.3689637795275589
0
LINE
8
BLACK
6
CONTINUOUS
10
4.2229437401574801
20
-3.3689637795275589
11
4.2228627952755904
21
-3.3690302755905512
0
LINE
8
BLACK
6
CONTINUOUS
10
4.2228627952755904
20
-3.3690302755905512
11
4.2227908267716536
21
-3.3690600787401572
0
LINE
8
BLACK
6
CONTINUOUS
10
4.2227908267716536
20
-3.3690600787401572
11
4.2225428346456688
21
-3.3692161811023622
0
LINE
8
BLACK
6
CONTINUOUS
10
4.2225428346456688
20
-3.3692161811023622
11
4.2187933070866137
21
-3.3710909448818898
0
LINE
8
BLACK
6
CONTINUOUS
10
4.2187933070866137
20
-3.3710909448818898
11
4.2182526771653546
21
-3.3712978346456692
0
LINE
8
BLACK
6
CONTINUOUS
10
4.2182526771653546
20
-3.3712978346456692
11
4.2181468503937003
21
-3.37130531496063
0
LINE
8
BLACK
6
CONTINUOUS
10
4.2181468503937003
20
-3.37130531496063
11
4.218048858267716
21
-3.3713459448818899
0
LINE
8
BLACK
6
CONTINUOUS
10
4.218048858267716
20
-3.3713459448818899
11
4.2174727952755902
21
-3.3714026771653542
0
LINE
8
BLACK
6
CONTINUOUS
10
4.2174727952755902
20
-3.3714026771653542
11
4.2054274409448817
21
-3.3714026771653542
0
LINE
8
BLACK
6
CONTINUOUS
10
4.2054274409448817
20
-3.3714026771653542
11
4.2054274409448817
21
-3.387197598425197
0
LINE
8
BLACK
6
CONTINUOUS
10
4.2054274409448817
20
-3.387197598425197
11
4.2053707086614169
21
-3.3877736614173228
0
LINE
8
BLACK
6
CONTINUOUS
10
4.2053707086614169
20
-3.3877736614173228
11
4.2049298031496063
21
-3.3888380708661416
0
LINE
8
BLACK
6
CONTINUOUS
10
4.2049298031496063
20
-3.3888380708661416
11
4.2041151574803148
21
-3.3896527165354331
0
LINE
8
BLACK
6
CONTINUOUS
10
4.2041151574803148
20
-3.3896527165354331
11
4.2030507480314956
21
-3.3900936220472442
0
LINE
8
BLACK
6
CONTINUOUS
10
4.2030507480314956
20
-3.3900936220472442
11
4.2018986220472438
21
-3.3900936220472442
0
LINE
8
BLACK
6
CONTINUOUS
10
4.2018986220472438
20
-3.3900936220472442
11
4.2008342125984255
21
-3.3896527165354331
0
LINE
8
BLACK
6
CONTINUOUS
10
4.2008342125984255
20
-3.3896527165354331
11
4.200019566929134
21
-3.3888380708661416
0
LINE
8
BLACK
6
CONTINUOUS
10
4.200019566929134
20
-3.3888380708661416
11
4.1995786614173225
21
-3.3877736614173228
0
LINE
8
BLACK
6
CONTINUOUS
10
4.1995786614173225
20
-3.3877736614173228
11
4.1995219291338586
21
-3.387197598425197
0
LINE
8
BLACK
6
CONTINUOUS
10
4.1995219291338586
20
-3.387197598425197
11
4.1995219291338586
21
-3.3478275196850391
0
LINE
8
BLACK
6
CONTINUOUS
10
4.1995219291338586
20
-3.3478275196850391
11
4.1995786614173225
21
-3.3472514566929132
0
LINE
8
BLACK
6
CONTINUOUS
10
4.1995786614173225
20
-3.3472514566929132
11
4.200019566929134
21
-3.3461870472440944
0
LINE
8
BLACK
6
CONTINUOUS
10
4.200019566929134
20
-3.3461870472440944
11
4.2008342125984255
21
-3.345372401574803
0
LINE
8
BLACK
6
CONTINUOUS
10
4.2008342125984255
20
-3.345372401574803
11
4.2018986220472438
21
-3.3449314960629919
0
LINE
8
BLACK
6
CONTINUOUS
10
4.2018986220472438
20
-3.3449314960629919
11
4.2024746850393697
21
-3.3448747637795275
0
LINE
8
BLACK
6
CONTINUOUS
10
4.2024746850393697
20
-3.3448747637795275
11
4.2174727952755902
21
-3.3448747637795275
0
LINE
8
BLACK
6
CONTINUOUS
10
4.2174727952755902
20
-3.3448747637795275
11
4.218048858267716
21
-3.3449314960629919
0
LINE
8
BLACK
6
CONTINUOUS
10
4.2054274409448817
20
-3.3654971653543306
11
4.2167757480314956
21
-3.3654971653543306
0
LINE
8
BLACK
6
CONTINUOUS
10
4.2167757480314956
20
-3.3654971653543306
11
4.2194732283464562
21
-3.3641484251968503
0
LINE
8
BLACK
6
CONTINUOUS
10
4.2194732283464562
20
-3.3641484251968503
11
4.2206703543307089
21
-3.3629512992125985
0
LINE
8
BLACK
6
CONTINUOUS
10
4.2206703543307089
20
-3.3629512992125985
11
4.2220190944881892
21
-3.3602538188976379
0
LINE
8
BLACK
6
CONTINUOUS
10
4.2220190944881892
20
-3.3602538188976379
11
4.2220190944881892
21
-3.3560236220472439
0
LINE
8
BLACK
6
CONTINUOUS
10
4.2220190944881892
20
-3.3560236220472439
11
4.2206703543307089
21
-3.3533261417322833
0
LINE
8
BLACK
6
CONTINUOUS
10
4.2206703543307089
20
-3.3533261417322833
11
4.2194732283464562
21
-3.3521290157480315
0
LINE
8
BLACK
6
CONTINUOUS
10
4.2194732283464562
20
-3.3521290157480315
11
4.2167757480314956
21
-3.3507802755905511
0
LINE
8
BLACK
6
CONTINUOUS
10
4.2167757480314956
20
-3.3507802755905511
11
4.2054274409448817
21
-3.3507802755905511
0
LINE
8
BLACK
6
CONTINUOUS
10
4.2054274409448817
20
-3.3507802755905511
11
4.2054274409448817
21
-3.3654971653543306
0
LINE
8
BLACK
6
CONTINUOUS
10
4.6959303937007872
20
-3.3503126377952754
11
4.6969948031496065
21
-3.3507535433070865
0
LINE
8
BLACK
6
CONTINUOUS
10
4.6969948031496065
20
-3.3507535433070865
11
4.6978094488188979
21
-3.351568188976378
0
LINE
8
BLACK
6
CONTINUOUS
10
4.6978094488188979
20
-3.351568188976378
11
4.6982503543307086
21
-3.3526325984251968
0
LINE
8
BLACK
6
CONTINUOUS
10
4.6982503543307086
20
-3.3526325984251968
11
4.6982503543307086
21
-3.3537847244094485
0
LINE
8
BLACK
6
CONTINUOUS
10
4.6982503543307086
20
-3.3537847244094485
11
4.6978094488188979
21
-3.3548491338582678
0
LINE
8
BLACK
6
CONTINUOUS
10
4.6978094488188979
20
-3.3548491338582678
11
4.6969948031496065
21
-3.3556637795275588
0
LINE
8
BLACK
6
CONTINUOUS
10
4.6969948031496065
20
-3.3556637795275588
11
4.6959303937007872
21
-3.3561046850393699
0
LINE
8
BLACK
6
CONTINUOUS
10
4.6959303937007872
20
-3.3561046850393699
11
4.6953543307086614
21
-3.3561614173228347
0
LINE
8
BLACK
6
CONTINUOUS
10
4.6953543307086614
20
-3.3561614173228347
11
4.6353543307086609
21
-3.3561614173228347
0
LINE
8
BLACK
6
CONTINUOUS
10
4.6353543307086609
20
-3.3561614173228347
11
4.634778267716535
21
-3.3561046850393699
0
LINE
8
BLACK
6
CONTINUOUS
10
4.634778267716535
20
-3.3561046850393699
11
4.6337138582677166
21
-3.3556637795275588
0
LINE
8
BLACK
6
CONTINUOUS
10
4.6337138582677166
20
-3.3556637795275588
11
4.6328992125984252
21
-3.3548491338582678
0
LINE
8
BLACK
6
CONTINUOUS
10
4.6328992125984252
20
-3.3548491338582678
11
4.6324583070866137
21
-3.3537847244094485
0
LINE
8
BLACK
6
CONTINUOUS
10
4.6324583070866137
20
-3.3537847244094485
11
4.6324583070866137
21
-3.3526325984251968
0
LINE
8
BLACK
6
CONTINUOUS
10
4.6324583070866137
20
-3.3526325984251968
11
4.6328992125984252
21
-3.351568188976378
0
LINE
8
BLACK
6
CONTINUOUS
10
4.6328992125984252
20
-3.351568188976378
11
4.6337138582677166
21
-3.3507535433070865
0
LINE
8
BLACK
6
CONTINUOUS
10
4.6337138582677166
20
-3.3507535433070865
11
4.634778267716535
21
-3.3503126377952754
0
LINE
8
BLACK
6
CONTINUOUS
10
4.634778267716535
20
-3.3503126377952754
11
4.6353543307086609
21
-3.3502559055118111
0
LINE
8
BLACK
6
CONTINUOUS
10
4.6353543307086609
20
-3.3502559055118111
11
4.6953543307086614
21
-3.3502559055118111
0
LINE
8
BLACK
6
CONTINUOUS
10
4.6953543307086614
20
-3.3502559055118111
11
4.6959303937007872
21
-3.3503126377952754
0
LINE
8
BLACK
6
CONTINUOUS
10
3.6880563779527558
20
-3.3306275984251967
11
3.6891207874015746
21
-3.3310685039370078
0
LINE
8
BLACK
6
CONTINUOUS
10
3.6891207874015746
20
-3.3310685039370078
11
3.689935433070866
21
-3.3318831496062993
0
LINE
8
BLACK
6
CONTINUOUS
10
3.689935433070866
20
-3.3318831496062993
11
3.6903763385826771
21
-3.3329475590551181
0
LINE
8
BLACK
6
CONTINUOUS
10
3.6903763385826771
20
-3.3329475590551181
11
3.6903763385826771
21
-3.3340996850393698
0
LINE
8
BLACK
6
CONTINUOUS
10
3.6903763385826771
20
-3.3340996850393698
11
3.689935433070866
21
-3.3351640944881891
0
LINE
8
BLACK
6
CONTINUOUS
10
3.689935433070866
20
-3.3351640944881891
11
3.6891207874015746
21
-3.3359787401574801
0
LINE
8
BLACK
6
CONTINUOUS
10
3.6891207874015746
20
-3.3359787401574801
11
3.6880563779527558
21
-3.3364196456692912
0
LINE
8
BLACK
6
CONTINUOUS
10
3.6880563779527558
20
-3.3364196456692912
11
3.6874803149606299
21
-3.336476377952756
0
LINE
8
BLACK
6
CONTINUOUS
10
3.6874803149606299
20
-3.336476377952756
11
3.6274803149606298
21
-3.336476377952756
0
LINE
8
BLACK
6
CONTINUOUS
10
3.6274803149606298
20
-3.336476377952756
11
3.626904251968504
21
-3.3364196456692912
0
LINE
8
BLACK
6
CONTINUOUS
10
3.626904251968504
20
-3.3364196456692912
11
3.6258398425196852
21
-3.3359787401574801
0
LINE
8
BLACK
6
CONTINUOUS
10
3.6258398425196852
20
-3.3359787401574801
11
3.6250251968503937
21
-3.3351640944881891
0
LINE
8
BLACK
6
CONTINUOUS
10
3.6250251968503937
20
-3.3351640944881891
11
3.6245842913385826
21
-3.3340996850393698
0
LINE
8
BLACK
6
CONTINUOUS
10
3.6245842913385826
20
-3.3340996850393698
11
3.6245842913385826
21
-3.3329475590551181
0
LINE
8
BLACK
6
CONTINUOUS
10
3.6245842913385826
20
-3.3329475590551181
11
3.6250251968503937
21
-3.3318831496062993
0
LINE
8
BLACK
6
CONTINUOUS
10
3.6250251968503937
20
-3.3318831496062993
11
3.6258398425196852
21
-3.3310685039370078
0
LINE
8
BLACK
6
CONTINUOUS
10
3.6258398425196852
20
-3.3310685039370078
11
3.626904251968504
21
-3.3306275984251967
0
LINE
8
BLACK
6
CONTINUOUS
10
3.626904251968504
20
-3.3306275984251967
11
3.6274803149606298
21
-3.3305708661417324
0
LINE
8
BLACK
6
CONTINUOUS
10
3.6274803149606298
20
-3.3305708661417324
11
3.6874803149606299
21
-3.3305708661417324
0
LINE
8
BLACK
6
CONTINUOUS
10
3.6874803149606299
20
-3.3305708661417324
11
3.6880563779527558
21
-3.3306275984251967
0
LINE
8
BLACK
6
CONTINUOUS
10
4.2730485039370079
20
-3.2746865748031495
11
4.2732283070866144
21
-3.2755905511811023
0
LINE
8
BLACK
6
CONTINUOUS
10
4.2732283070866144
20
-3.2755905511811023
11
4.2732283464566931
21
-3.3299212598425196
0
LINE
8
BLACK
6
CONTINUOUS
10
4.2732283464566931
20
-3.3299212598425196
11
4.2730485433070866
21
-3.3308251968503937
0
LINE
8
BLACK
6
CONTINUOUS
10
4.2730485433070866
20
-3.3308251968503937
11
4.2730485433070866
21
-3.3308252362204724
0
LINE
8
BLACK
6
CONTINUOUS
10
4.2730485433070866
20
-3.3308252362204724
11
4.2717701181102363
21
-3.3321036614173227
0
LINE
8
BLACK
6
CONTINUOUS
10
4.2717701181102363
20
-3.3321036614173227
11
4.2708661417322835
21
-3.3322834645669293
0
LINE
8
BLACK
6
CONTINUOUS
10
4.2708661417322835
20
-3.3322834645669293
11
4.2165354330708658
21
-3.3322834251968505
0
LINE
8
BLACK
6
CONTINUOUS
10
4.2165354330708658
20
-3.3322834251968505
11
4.2156314566929129
21
-3.332103622047244
0
LINE
8
BLACK
6
CONTINUOUS
10
4.2156314566929129
20
-3.332103622047244
11
4.2143530314960627
21
-3.3308251968503937
0
LINE
8
BLACK
6
CONTINUOUS
10
4.2143530314960627
20
-3.3308251968503937
11
4.2143530314960627
21
-3.3290172440944881
0
LINE
8
BLACK
6
CONTINUOUS
10
4.2143530314960627
20
-3.3290172440944881
11
4.2156314566929129
21
-3.3277388188976378
0
LINE
8
BLACK
6
CONTINUOUS
10
4.2156314566929129
20
-3.3277388188976378
11
4.2165354330708658
21
-3.3275590157480313
0
LINE
8
BLACK
6
CONTINUOUS
10
4.2165354330708658
20
-3.3275590157480313
11
4.2685038976377951
21
-3.3275590157480313
0
LINE
8
BLACK
6
CONTINUOUS
10
4.2685038976377951
20
-3.3275590157480313
11
4.2685038976377951
21
-3.2755905511811023
0
LINE
8
BLACK
6
CONTINUOUS
10
4.2685038976377951
20
-3.2755905511811023
11
4.2686837007874017
21
-3.2746865748031495
0
LINE
8
BLACK
6
CONTINUOUS
10
4.2686837007874017
20
-3.2746865748031495
11
4.269962125984252
21
-3.2734081496062992
0
LINE
8
BLACK
6
CONTINUOUS
10
4.269962125984252
20
-3.2734081496062992
11
4.2717700787401576
21
-3.2734081496062992
0
LINE
8
BLACK
6
CONTINUOUS
10
4.2717700787401576
20
-3.2734081496062992
11
4.2730485039370079
21
-3.2746865748031495
0
LINE
8
BLACK
6
CONTINUOUS
10
4.137190236220472
20
-3.1226944881889764
11
4.1382546456692912
21
-3.1231353937007875
0
LINE
8
BLACK
6
CONTINUOUS
10
4.1382546456692912
20
-3.1231353937007875
11
4.1390692913385827
21
-3.1239500393700785
0
LINE
8
BLACK
6
CONTINUOUS
10
4.1390692913385827
20
-3.1239500393700785
11
4.1395101968503933
21
-3.1250144488188978
0
LINE
8
BLACK
6
CONTINUOUS
10
4.1395101968503933
20
-3.1250144488188978
11
4.1395669291338582
21
-3.1255905118110237
0
LINE
8
BLACK
6
CONTINUOUS
10
4.1395669291338582
20
-3.1255905118110237
11
4.1395669291338582
21
-3.3255905118110234
0
LINE
8
BLACK
6
CONTINUOUS
10
4.1395669291338582
20
-3.3255905118110234
11
4.1395101968503933
21
-3.3261665748031497
0
LINE
8
BLACK
6
CONTINUOUS
10
4.1395101968503933
20
-3.3261665748031497
11
4.1390692913385827
21
-3.3272309842519685
0
LINE
8
BLACK
6
CONTINUOUS
10
4.1390692913385827
20
-3.3272309842519685
11
4.1382546456692912
21
-3.32804562992126
0
LINE
8
BLACK
6
CONTINUOUS
10
4.1382546456692912
20
-3.32804562992126
11
4.137190236220472
21
-3.3284865354330706
0
LINE
8
BLACK
6
CONTINUOUS
10
4.137190236220472
20
-3.3284865354330706
11
4.1366141732283461
21
-3.3285432677165354
0
LINE
8
BLACK
6
CONTINUOUS
10
4.1366141732283461
20
-3.3285432677165354
11
4.0466141732283463
21
-3.3285432677165354
0
LINE
8
BLACK
6
CONTINUOUS
10
4.0466141732283463
20
-3.3285432677165354
11
4.0460381102362204
21
-3.3284865354330706
0
LINE
8
BLACK
6
CONTINUOUS
10
4.0460381102362204
20
-3.3284865354330706
11
4.0449737007874011
21
-3.32804562992126
0
LINE
8
BLACK
6
CONTINUOUS
10
4.0449737007874011
20
-3.32804562992126
11
4.0441590551181106
21
-3.3272309842519685
0
LINE
8
BLACK
6
CONTINUOUS
10
4.0441590551181106
20
-3.3272309842519685
11
4.0437181496062991
21
-3.3261665748031497
0
LINE
8
BLACK
6
CONTINUOUS
10
4.0437181496062991
20
-3.3261665748031497
11
4.0437181496062991
21
-3.3250144488188975
0
LINE
8
BLACK
6
CONTINUOUS
10
4.0437181496062991
20
-3.3250144488188975
11
4.0441590551181106
21
-3.3239500393700787
0
LINE
8
BLACK
6
CONTINUOUS
10
4.0441590551181106
20
-3.3239500393700787
11
4.0449737007874011
21
-3.3231353937007873
0
LINE
8
BLACK
6
CONTINUOUS
10
4.0449737007874011
20
-3.3231353937007873
11
4.0460381102362204
21
-3.3226944881889762
0
LINE
8
BLACK
6
CONTINUOUS
10
4.0460381102362204
20
-3.3226944881889762
11
4.0466141732283463
21
-3.3226377559055118
0
LINE
8
BLACK
6
CONTINUOUS
10
4.0466141732283463
20
-3.3226377559055118
11
4.133661417322835
21
-3.3226377559055118
0
LINE
8
BLACK
6
CONTINUOUS
10
4.133661417322835
20
-3.3226377559055118
11
4.133661417322835
21
-3.1285432677165352
0
LINE
8
BLACK
6
CONTINUOUS
10
4.133661417322835
20
-3.1285432677165352
11
4.0466141732283463
21
-3.1285432677165352
0
LINE
8
BLACK
6
CONTINUOUS
10
4.0466141732283463
20
-3.1285432677165352
11
4.0460381102362204
21
-3.1284865354330709
0
LINE
8
BLACK
6
CONTINUOUS
10
4.0460381102362204
20
-3.1284865354330709
11
4.0449737007874011
21
-3.1280456299212598
0
LINE
8
BLACK
6
CONTINUOUS
10
4.0449737007874011
20
-3.1280456299212598
11
4.0441590551181106
21
-3.1272309842519683
0
LINE
8
BLACK
6
CONTINUOUS
10
4.0441590551181106
20
-3.1272309842519683
11
4.0437181496062991
21
-3.1261665748031495
0
LINE
8
BLACK
6
CONTINUOUS
10
4.0437181496062991
20
-3.1261665748031495
11
4.0437181496062991
21
-3.1250144488188978
0
LINE
8
BLACK
6
CONTINUOUS
10
4.0437181496062991
20
-3.1250144488188978
11
4.0441590551181106
21
-3.1239500393700785
0
LINE
8
BLACK
6
CONTINUOUS
10
4.0441590551181106
20
-3.1239500393700785
11
4.0449737007874011
21
-3.1231353937007875
0
LINE
8
BLACK
6
CONTINUOUS
10
4.0449737007874011
20
-3.1231353937007875
11
4.0460381102362204
21
-3.1226944881889764
0
LINE
8
BLACK
6
CONTINUOUS
10
4.0460381102362204
20
-3.1226944881889764
11
4.0466141732283463
21
-3.1226377559055116
0
LINE
8
BLACK
6
CONTINUOUS
10
4.0466141732283463
20
-3.1226377559055116
11
4.1366141732283461
21
-3.1226377559055116
0
LINE
8
BLACK
6
CONTINUOUS
10
4.1366141732283461
20
-3.1226377559055116
11
4.137190236220472
21
-3.1226944881889764
0
LINE
8
BLACK
6
CONTINUOUS
10
4.6375367322834649
20
-3.2773046850393701
11
4.6377165354330705
21
-3.2782086614173229
0
LINE
8
BLACK
6
CONTINUOUS
10
4.6377165354330705
20
-3.2782086614173229
11
4.6377165354330705
21
-3.3082086614173227
0
LINE
8
BLACK
6
CONTINUOUS
10
4.6377165354330705
20
-3.3082086614173227
11
4.6375367322834649
21
-3.3091126377952755
0
LINE
8
BLACK
6
CONTINUOUS
10
4.6375367322834649
20
-3.3091126377952755
11
4.6362583070866137
21
-3.3103910629921258
0
LINE
8
BLACK
6
CONTINUOUS
10
4.6362583070866137
20
-3.3103910629921258
11
4.634450354330709
21
-3.3103910629921258
0
LINE
8
BLACK
6
CONTINUOUS
10
4.634450354330709
20
-3.3103910629921258
11
4.6331719291338578
21
-3.3091126377952755
0
LINE
8
BLACK
6
CONTINUOUS
10
4.6331719291338578
20
-3.3091126377952755
11
4.6329921259842521
21
-3.3082086614173227
0
LINE
8
BLACK
6
CONTINUOUS
10
4.6329921259842521
20
-3.3082086614173227
11
4.6329921259842521
21
-3.2782086614173229
0
LINE
8
BLACK
6
CONTINUOUS
10
4.6329921259842521
20
-3.2782086614173229
11
4.6331719291338578
21
-3.2773046850393701
0
LINE
8
BLACK
6
CONTINUOUS
10
4.6331719291338578
20
-3.2773046850393701
11
4.634450354330709
21
-3.2760262598425198
0
LINE
8
BLACK
6
CONTINUOUS
10
4.634450354330709
20
-3.2760262598425198
11
4.6362583070866137
21
-3.2760262598425198
0
LINE
8
BLACK
6
CONTINUOUS
10
4.6362583070866137
20
-3.2760262598425198
11
4.6375367322834649
21
-3.2773046850393701
0
LINE
8
BLACK
6
CONTINUOUS
10
4.6975367322834645
20
-3.2773046850393701
11
4.697716535433071
21
-3.2782086614173229
0
LINE
8
BLACK
6
CONTINUOUS
10
4.697716535433071
20
-3.2782086614173229
11
4.697716535433071
21
-3.3082086614173227
0
LINE
8
BLACK
6
CONTINUOUS
10
4.697716535433071
20
-3.3082086614173227
11
4.6975367322834645
21
-3.3091126377952755
0
LINE
8
BLACK
6
CONTINUOUS
10
4.6975367322834645
20
-3.3091126377952755
11
4.6962583070866142
21
-3.3103910629921258
0
LINE
8
BLACK
6
CONTINUOUS
10
4.6962583070866142
20
-3.3103910629921258
11
4.6944503543307086
21
-3.3103910629921258
0
LINE
8
BLACK
6
CONTINUOUS
10
4.6944503543307086
20
-3.3103910629921258
11
4.6931719291338583
21
-3.3091126377952755
0
LINE
8
BLACK
6
CONTINUOUS
10
4.6931719291338583
20
-3.3091126377952755
11
4.6929921259842518
21
-3.3082086614173227
0
LINE
8
BLACK
6
CONTINUOUS
10
4.6929921259842518
20
-3.3082086614173227
11
4.6929921259842518
21
-3.2782086614173229
0
LINE
8
BLACK
6
CONTINUOUS
10
4.6929921259842518
20
-3.2782086614173229
11
4.6931719291338583
21
-3.2773046850393701
0
LINE
8
BLACK
6
CONTINUOUS
10
4.6931719291338583
20
-3.2773046850393701
11
4.6944503543307086
21
-3.2760262598425198
0
LINE
8
BLACK
6
CONTINUOUS
10
4.6944503543307086
20
-3.2760262598425198
11
4.6962583070866142
21
-3.2760262598425198
0
LINE
8
BLACK
6
CONTINUOUS
10
4.6962583070866142
20
-3.2760262598425198
11
4.6975367322834645
21
-3.2773046850393701
0
LINE
8
BLACK
6
CONTINUOUS
10
3.6296627165354329
20
-3.2576196456692914
11
3.6298425196850395
21
-3.2585236220472442
0
LINE
8
BLACK
6
CONTINUOUS
10
3.6298425196850395
20
-3.2585236220472442
11
3.6298425196850395
21
-3.288523622047244
0
LINE
8
BLACK
6
CONTINUOUS
10
3.6298425196850395
20
-3.288523622047244
11
3.6296627165354329
21
-3.2894275984251968
0
LINE
8
BLACK
6
CONTINUOUS
10
3.6296627165354329
20
-3.2894275984251968
11
3.6283842913385826
21
-3.2907060236220471
0
LINE
8
BLACK
6
CONTINUOUS
10
3.6283842913385826
20
-3.2907060236220471
11
3.626576338582677
21
-3.2907060236220471
0
LINE
8
BLACK
6
CONTINUOUS
10
3.626576338582677
20
-3.2907060236220471
11
3.6252979133858267
21
-3.2894275984251968
0
LINE
8
BLACK
6
CONTINUOUS
10
3.6252979133858267
20
-3.2894275984251968
11
3.6251181102362202
21
-3.288523622047244
0
LINE
8
BLACK
6
CONTINUOUS
10
3.6251181102362202
20
-3.288523622047244
11
3.6251181102362202
21
-3.2585236220472442
0
LINE
8
BLACK
6
CONTINUOUS
10
3.6251181102362202
20
-3.2585236220472442
11
3.6252979133858267
21
-3.2576196456692914
0
LINE
8
BLACK
6
CONTINUOUS
10
3.6252979133858267
20
-3.2576196456692914
11
3.626576338582677
21
-3.2563412204724407
0
LINE
8
BLACK
6
CONTINUOUS
10
3.626576338582677
20
-3.2563412204724407
11
3.6283842913385826
21
-3.2563412204724407
0
LINE
8
BLACK
6
CONTINUOUS
10
3.6283842913385826
20
-3.2563412204724407
11
3.6296627165354329
21
-3.2576196456692914
0
LINE
8
BLACK
6
CONTINUOUS
10
3.689662716535433
20
-3.2576196456692914
11
3.6898425196850391
21
-3.2585236220472442
0
LINE
8
BLACK
6
CONTINUOUS
10
3.6898425196850391
20
-3.2585236220472442
11
3.6898425196850391
21
-3.288523622047244
0
LINE
8
BLACK
6
CONTINUOUS
10
3.6898425196850391
20
-3.288523622047244
11
3.689662716535433
21
-3.2894275984251968
0
LINE
8
BLACK
6
CONTINUOUS
10
3.689662716535433
20
-3.2894275984251968
11
3.6883842913385827
21
-3.2907060236220471
0
LINE
8
BLACK
6
CONTINUOUS
10
3.6883842913385827
20
-3.2907060236220471
11
3.6865763385826771
21
-3.2907060236220471
0
LINE
8
BLACK
6
CONTINUOUS
10
3.6865763385826771
20
-3.2907060236220471
11
3.6852979133858268
21
-3.2894275984251968
0
LINE
8
BLACK
6
CONTINUOUS
10
3.6852979133858268
20
-3.2894275984251968
11
3.6851181102362203
21
-3.288523622047244
0
LINE
8
BLACK
6
CONTINUOUS
10
3.6851181102362203
20
-3.288523622047244
11
3.6851181102362203
21
-3.2585236220472442
0
LINE
8
BLACK
6
CONTINUOUS
10
3.6851181102362203
20
-3.2585236220472442
11
3.6852979133858268
21
-3.2576196456692914
0
LINE
8
BLACK
6
CONTINUOUS
10
3.6852979133858268
20
-3.2576196456692914
11
3.6865763385826771
21
-3.2563412204724407
0
LINE
8
BLACK
6
CONTINUOUS
10
3.6865763385826771
20
-3.2563412204724407
11
3.6883842913385827
21
-3.2563412204724407
0
LINE
8
BLACK
6
CONTINUOUS
10
3.6883842913385827
20
-3.2563412204724407
11
3.689662716535433
21
-3.2576196456692914
0
LINE
8
BLACK
6
CONTINUOUS
10
4.6959303937007872
20
-3.2303126377952753
11
4.6969948031496065
21
-3.2307535433070864
0
LINE
8
BLACK
6
CONTINUOUS
10
4.6969948031496065
20
-3.2307535433070864
11
4.6978094488188979
21
-3.2315681889763779
0
LINE
8
BLACK
6
CONTINUOUS
10
4.6978094488188979
20
-3.2315681889763779
11
4.6982503543307086
21
-3.2326325984251967
0
LINE
8
BLACK
6
CONTINUOUS
10
4.6982503543307086
20
-3.2326325984251967
11
4.6982503543307086
21
-3.2337847244094489
0
LINE
8
BLACK
6
CONTINUOUS
10
4.6982503543307086
20
-3.2337847244094489
11
4.6978094488188979
21
-3.2348491338582677
0
LINE
8
BLACK
6
CONTINUOUS
10
4.6978094488188979
20
-3.2348491338582677
11
4.6969948031496065
21
-3.2356637795275591
0
LINE
8
BLACK
6
CONTINUOUS
10
4.6969948031496065
20
-3.2356637795275591
11
4.6959303937007872
21
-3.2361046850393702
0
LINE
8
BLACK
6
CONTINUOUS
10
4.6959303937007872
20
-3.2361046850393702
11
4.6953543307086614
21
-3.2361614173228346
0
LINE
8
BLACK
6
CONTINUOUS
10
4.6953543307086614
20
-3.2361614173228346
11
4.6353543307086609
21
-3.2361614173228346
0
LINE
8
BLACK
6
CONTINUOUS
10
4.6353543307086609
20
-3.2361614173228346
11
4.634778267716535
21
-3.2361046850393702
0
LINE
8
BLACK
6
CONTINUOUS
10
4.634778267716535
20
-3.2361046850393702
11
4.6337138582677166
21
-3.2356637795275591
0
LINE
8
BLACK
6
CONTINUOUS
10
4.6337138582677166
20
-3.2356637795275591
11
4.6328992125984252
21
-3.2348491338582677
0
LINE
8
BLACK
6
CONTINUOUS
10
4.6328992125984252
20
-3.2348491338582677
11
4.6324583070866137
21
-3.2337847244094489
0
LINE
8
BLACK
6
CONTINUOUS
10
4.6324583070866137
20
-3.2337847244094489
11
4.6324583070866137
21
-3.2326325984251967
0
LINE
8
BLACK
6
CONTINUOUS
10
4.6324583070866137
20
-3.2326325984251967
11
4.6328992125984252
21
-3.2315681889763779
0
LINE
8
BLACK
6
CONTINUOUS
10
4.6328992125984252
20
-3.2315681889763779
11
4.6337138582677166
21
-3.2307535433070864
0
LINE
8
BLACK
6
CONTINUOUS
10
4.6337138582677166
20
-3.2307535433070864
11
4.634778267716535
21
-3.2303126377952753
0
LINE
8
BLACK
6
CONTINUOUS
10
4.634778267716535
20
-3.2303126377952753
11
4.6353543307086609
21
-3.230255905511811
0
LINE
8
BLACK
6
CONTINUOUS
10
4.6353543307086609
20
-3.230255905511811
11
4.6953543307086614
21
-3.230255905511811
0
LINE
8
BLACK
6
CONTINUOUS
10
4.6953543307086614
20
-3.230255905511811
11
4.6959303937007872
21
-3.2303126377952753
0
LINE
8
BLACK
6
CONTINUOUS
10
4.2717701181102363
20
-3.0190774409448817
11
4.2730485433070866
21
-3.020355866141732
0
LINE
8
BLACK
6
CONTINUOUS
10
4.2730485433070866
20
-3.020355866141732
11
4.2732283464566931
21
-3.0212598425196848
0
LINE
8
BLACK
6
CONTINUOUS
10
4.2732283464566931
20
-3.0212598425196848
11
4.2732283464566931
21
-3.2255905511811025
0
LINE
8
BLACK
6
CONTINUOUS
10
4.2732283464566931
20
-3.2255905511811025
11
4.2730485433070866
21
-3.2264945275590549
0
LINE
8
BLACK
6
CONTINUOUS
10
4.2730485433070866
20
-3.2264945275590549
11
4.2717701181102363
21
-3.2277729527559056
0
LINE
8
BLACK
6
CONTINUOUS
10
4.2717701181102363
20
-3.2277729527559056
11
4.2708661417322835
21
-3.2279527559055117
0
LINE
8
BLACK
6
CONTINUOUS
10
4.2708661417322835
20
-3.2279527559055117
11
4.1622047244094489
21
-3.2279527559055117
0
LINE
8
BLACK
6
CONTINUOUS
10
4.1622047244094489
20
-3.2279527559055117
11
4.1613007480314961
21
-3.2277729527559056
0
LINE
8
BLACK
6
CONTINUOUS
10
4.1613007480314961
20
-3.2277729527559056
11
4.1600223228346458
21
-3.2264945275590549
0
LINE
8
BLACK
6
CONTINUOUS
10
4.1600223228346458
20
-3.2264945275590549
11
4.1598425196850393
21
-3.2255905511811025
0
LINE
8
BLACK
6
CONTINUOUS
10
4.1598425196850393
20
-3.2255905511811025
11
4.1598425196850393
21
-3.0212598425196848
0
LINE
8
BLACK
6
CONTINUOUS
10
4.1598425196850393
20
-3.0212598425196848
11
4.1600223228346458
21
-3.020355866141732
0
LINE
8
BLACK
6
CONTINUOUS
10
4.1600223228346458
20
-3.020355866141732
11
4.1613007480314961
21
-3.0190774409448817
0
LINE
8
BLACK
6
CONTINUOUS
10
4.1613007480314961
20
-3.0190774409448817
11
4.1622047244094489
21
-3.0188976377952756
0
LINE
8
BLACK
6
CONTINUOUS
10
4.1622047244094489
20
-3.0188976377952756
11
4.2708661417322835
21
-3.0188976377952756
0
LINE
8
BLACK
6
CONTINUOUS
10
4.2708661417322835
20
-3.0188976377952756
11
4.2717701181102363
21
-3.0190774409448817
0
LINE
8
BLACK
6
CONTINUOUS
10
4.1645669291338585
20
-3.0236220472440944
11
4.1645669291338585
21
-3.2232283464566929
0
LINE
8
BLACK
6
CONTINUOUS
10
4.1645669291338585
20
-3.2232283464566929
11
4.2685039370078739
21
-3.2232283464566929
0
LINE
8
BLACK
6
CONTINUOUS
10
4.2685039370078739
20
-3.2232283464566929
11
4.2685039370078739
21
-3.0236220472440944
0
LINE
8
BLACK
6
CONTINUOUS
10
4.2685039370078739
20
-3.0236220472440944
11
4.1645669291338585
21
-3.0236220472440944
0
LINE
8
BLACK
6
CONTINUOUS
10
3.6880563779527558
20
-3.2106275984251966
11
3.6891207874015746
21
-3.2110685039370077
0
LINE
8
BLACK
6
CONTINUOUS
10
3.6891207874015746
20
-3.2110685039370077
11
3.689935433070866
21
-3.2118831496062992
0
LINE
8
BLACK
6
CONTINUOUS
10
3.689935433070866
20
-3.2118831496062992
11
3.6903763385826771
21
-3.212947559055118
0
LINE
8
BLACK
6
CONTINUOUS
10
3.6903763385826771
20
-3.212947559055118
11
3.6903763385826771
21
-3.2140996850393702
0
LINE
8
BLACK
6
CONTINUOUS
10
3.6903763385826771
20
-3.2140996850393702
11
3.689935433070866
21
-3.215164094488189
0
LINE
8
BLACK
6
CONTINUOUS
10
3.689935433070866
20
-3.215164094488189
11
3.6891207874015746
21
-3.2159787401574804
0
LINE
8
BLACK
6
CONTINUOUS
10
3.6891207874015746
20
-3.2159787401574804
11
3.6880563779527558
21
-3.2164196456692911
0
LINE
8
BLACK
6
CONTINUOUS
10
3.6880563779527558
20
-3.2164196456692911
11
3.6874803149606299
21
-3.2164763779527559
0
LINE
8
BLACK
6
CONTINUOUS
10
3.6874803149606299
20
-3.2164763779527559
11
3.6274803149606298
21
-3.2164763779527559
0
LINE
8
BLACK
6
CONTINUOUS
10
3.6274803149606298
20
-3.2164763779527559
11
3.626904251968504
21
-3.2164196456692911
0
LINE
8
BLACK
6
CONTINUOUS
10
3.626904251968504
20
-3.2164196456692911
11
3.6258398425196852
21
-3.2159787401574804
0
LINE
8
BLACK
6
CONTINUOUS
10
3.6258398425196852
20
-3.2159787401574804
11
3.6250251968503937
21
-3.215164094488189
0
LINE
8
BLACK
6
CONTINUOUS
10
3.6250251968503937
20
-3.215164094488189
11
3.6245842913385826
21
-3.2140996850393702
0
LINE
8
BLACK
6
CONTINUOUS
10
3.6245842913385826
20
-3.2140996850393702
11
3.6245842913385826
21
-3.212947559055118
0
LINE
8
BLACK
6
CONTINUOUS
10
3.6245842913385826
20
-3.212947559055118
11
3.6250251968503937
21
-3.2118831496062992
0
LINE
8
BLACK
6
CONTINUOUS
10
3.6250251968503937
20
-3.2118831496062992
11
3.6258398425196852
21
-3.2110685039370077
0
LINE
8
BLACK
6
CONTINUOUS
10
3.6258398425196852
20
-3.2110685039370077
11
3.626904251968504
21
-3.2106275984251966
0
LINE
8
BLACK
6
CONTINUOUS
10
3.626904251968504
20
-3.2106275984251966
11
3.6274803149606298
21
-3.2105708661417323
0
LINE
8
BLACK
6
CONTINUOUS
10
3.6274803149606298
20
-3.2105708661417323
11
3.6874803149606299
21
-3.2105708661417323
0
LINE
8
BLACK
6
CONTINUOUS
10
3.6874803149606299
20
-3.2105708661417323
11
3.6880563779527558
21
-3.2106275984251966
0
LINE
8
BLACK
6
CONTINUOUS
10
2.2481480708661419
20
-0.9594317716535433
11
2.2494264960629922
21
-0.9607101968503937
0
LINE
8
BLACK
6
CONTINUOUS
10
2.2494264960629922
20
-0.9607101968503937
11
2.2496062992125982
21
-0.9616141732283464
0
LINE
8
BLACK
6
CONTINUOUS
10
2.2496062992125982
20
-0.9616141732283464
11
2.2496062992125982
21
-2.9702755905511808
0
LINE
8
BLACK
6
CONTINUOUS
10
2.2496062992125982
20
-2.9702755905511808
11
2.2494264960629922
21
-2.9711795669291337
0
LINE
8
BLACK
6
CONTINUOUS
10
2.2494264960629922
20
-2.9711795669291337
11
2.2481480708661419
21
-2.9724579921259844
0
LINE
8
BLACK
6
CONTINUOUS
10
2.2481480708661419
20
-2.9724579921259844
11
2.2472440944881891
21
-2.9726377952755905
0
LINE
8
BLACK
6
CONTINUOUS
10
2.2472440944881891
20
-2.9726377952755905
11
2.0385826771653544
21
-2.9726377952755905
0
LINE
8
BLACK
6
CONTINUOUS
10
2.0385826771653544
20
-2.9726377952755905
11
2.0376787007874015
21
-2.9724579921259844
0
LINE
8
BLACK
6
CONTINUOUS
10
2.0376787007874015
20
-2.9724579921259844
11
2.0364002755905513
21
-2.9711795669291337
0
LINE
8
BLACK
6
CONTINUOUS
10
2.0364002755905513
20
-2.9711795669291337
11
2.0362204724409447
21
-2.9702755905511808
0
LINE
8
BLACK
6
CONTINUOUS
10
2.0362204724409447
20
-2.9702755905511808
11
2.0362204724409447
21
-1.0659448818897637
0
LINE
8
BLACK
6
CONTINUOUS
10
2.0362204724409447
20
-1.0659448818897637
11
2.0364002755905513
21
-1.0650409055118111
0
LINE
8
BLACK
6
CONTINUOUS
10
2.0364002755905513
20
-1.0650409055118111
11
2.0376787007874015
21
-1.0637624803149606
0
LINE
8
BLACK
6
CONTINUOUS
10
2.0376787007874015
20
-1.0637624803149606
11
2.0385826771653544
21
-1.0635826771653543
0
LINE
8
BLACK
6
CONTINUOUS
10
2.0385826771653544
20
-1.0635826771653543
11
2.1405511811023623
21
-1.0635826771653543
0
LINE
8
BLACK
6
CONTINUOUS
10
2.1405511811023623
20
-1.0635826771653543
11
2.1405511811023623
21
-0.9616141732283464
0
LINE
8
BLACK
6
CONTINUOUS
10
2.1405511811023623
20
-0.9616141732283464
11
2.1407309842519684
21
-0.9607101968503937
0
LINE
8
BLACK
6
CONTINUOUS
10
2.1407309842519684
20
-0.9607101968503937
11
2.1420094094488187
21
-0.9594317716535433
0
LINE
8
BLACK
6
CONTINUOUS
10
2.1420094094488187
20
-0.9594317716535433
11
2.1429133858267715
21
-0.959251968503937
0
LINE
8
BLACK
6
CONTINUOUS
10
2.1429133858267715
20
-0.959251968503937
11
2.2472440944881891
21
-0.959251968503937
0
LINE
8
BLACK
6
CONTINUOUS
10
2.2472440944881891
20
-0.959251968503937
11
2.2481480708661419
21
-0.9594317716535433
0
LINE
8
BLACK
6
CONTINUOUS
10
2.1452755905511811
20
-0.9639763779527559
11
2.1452755905511811
21
-1.0659448818897637
0
LINE
8
BLACK
6
CONTINUOUS
10
2.1452755905511811
20
-1.0659448818897637
11
2.1450957874015746
21
-1.0668488582677165
0
LINE
8
BLACK
6
CONTINUOUS
10
2.1450957874015746
20
-1.0668488582677165
11
2.1438173622047243
21
-1.068127283464567
0
LINE
8
BLACK
6
CONTINUOUS
10
2.1438173622047243
20
-1.068127283464567
11
2.1429133858267715
21
-1.0683070866141733
0
LINE
8
BLACK
6
CONTINUOUS
10
2.1429133858267715
20
-1.0683070866141733
11
2.0409448818897635
21
-1.0683070866141733
0
LINE
8
BLACK
6
CONTINUOUS
10
2.0409448818897635
20
-1.0683070866141733
11
2.0409448818897635
21
-2.9679133858267717
0
LINE
8
BLACK
6
CONTINUOUS
10
2.0409448818897635
20
-2.9679133858267717
11
2.2448818897637794
21
-2.9679133858267717
0
LINE
8
BLACK
6
CONTINUOUS
10
2.2448818897637794
20
-2.9679133858267717
11
2.2448818897637794
21
-0.9639763779527559
0
LINE
8
BLACK
6
CONTINUOUS
10
2.2448818897637794
20
-0.9639763779527559
11
2.1452755905511811
21
-0.9639763779527559
0
LINE
8
BLACK
6
CONTINUOUS
10
4.4422467716535436
20
-2.8441669291338583
11
4.4430614173228342
21
-2.8449815748031497
0
LINE
8
BLACK
6
CONTINUOUS
10
4.4430614173228342
20
-2.8449815748031497
11
4.4435023228346457
21
-2.8460459842519685
0
LINE
8
BLACK
6
CONTINUOUS
10
4.4435023228346457
20
-2.8460459842519685
11
4.4435590551181106
21
-2.8466220472440944
0
LINE
8
BLACK
6
CONTINUOUS
10
4.4435590551181106
20
-2.8466220472440944
11
4.4435590551181106
21
-2.9066220472440945
0
LINE
8
BLACK
6
CONTINUOUS
10
4.4435590551181106
20
-2.9066220472440945
11
4.4435023228346457
21
-2.9071981102362203
0
LINE
8
BLACK
6
CONTINUOUS
10
4.4435023228346457
20
-2.9071981102362203
11
4.4430614173228342
21
-2.9082625196850391
0
LINE
8
BLACK
6
CONTINUOUS
10
4.4430614173228342
20
-2.9082625196850391
11
4.4422467716535436
21
-2.9090771653543306
0
LINE
8
BLACK
6
CONTINUOUS
10
4.4422467716535436
20
-2.9090771653543306
11
4.4411823622047244
21
-2.9095180708661417
0
LINE
8
BLACK
6
CONTINUOUS
10
4.4411823622047244
20
-2.9095180708661417
11
4.4400302362204727
21
-2.9095180708661417
0
LINE
8
BLACK
6
CONTINUOUS
10
4.4400302362204727
20
-2.9095180708661417
11
4.4389658267716534
21
-2.9090771653543306
0
LINE
8
BLACK
6
CONTINUOUS
10
4.4389658267716534
20
-2.9090771653543306
11
4.438151181102362
21
-2.9082625196850391
0
LINE
8
BLACK
6
CONTINUOUS
10
4.438151181102362
20
-2.9082625196850391
11
4.4377102755905513
21
-2.9071981102362203
0
LINE
8
BLACK
6
CONTINUOUS
10
4.4377102755905513
20
-2.9071981102362203
11
4.4376535433070865
21
-2.9066220472440945
0
LINE
8
BLACK
6
CONTINUOUS
10
4.4376535433070865
20
-2.9066220472440945
11
4.4376535433070865
21
-2.8466220472440944
0
LINE
8
BLACK
6
CONTINUOUS
10
4.4376535433070865
20
-2.8466220472440944
11
4.4377102755905513
21
-2.8460459842519685
0
LINE
8
BLACK
6
CONTINUOUS
10
4.4377102755905513
20
-2.8460459842519685
11
4.438151181102362
21
-2.8449815748031497
0
LINE
8
BLACK
6
CONTINUOUS
10
4.438151181102362
20
-2.8449815748031497
11
4.4389658267716534
21
-2.8441669291338583
0
LINE
8
BLACK
6
CONTINUOUS
10
4.4389658267716534
20
-2.8441669291338583
11
4.4400302362204727
21
-2.8437260236220472
0
LINE
8
BLACK
6
CONTINUOUS
10
4.4400302362204727
20
-2.8437260236220472
11
4.4411823622047244
21
-2.8437260236220472
0
LINE
8
BLACK
6
CONTINUOUS
10
4.4411823622047244
20
-2.8437260236220472
11
4.4422467716535436
21
-2.8441669291338583
0
LINE
8
BLACK
6
CONTINUOUS
10
4.5622467716535429
20
-2.8441669291338583
11
4.5630614173228343
21
-2.8449815748031497
0
LINE
8
BLACK
6
CONTINUOUS
10
4.5630614173228343
20
-2.8449815748031497
11
4.5635023228346459
21
-2.8460459842519685
0
LINE
8
BLACK
6
CONTINUOUS
10
4.5635023228346459
20
-2.8460459842519685
11
4.5635590551181098
21
-2.8466220472440944
0
LINE
8
BLACK
6
CONTINUOUS
10
4.5635590551181098
20
-2.8466220472440944
11
4.5635590551181098
21
-2.9066220472440945
0
LINE
8
BLACK
6
CONTINUOUS
10
4.5635590551181098
20
-2.9066220472440945
11
4.5635023228346459
21
-2.9071981102362203
0
LINE
8
BLACK
6
CONTINUOUS
10
4.5635023228346459
20
-2.9071981102362203
11
4.5630614173228343
21
-2.9082625196850391
0
LINE
8
BLACK
6
CONTINUOUS
10
4.5630614173228343
20
-2.9082625196850391
11
4.5622467716535429
21
-2.9090771653543306
0
LINE
8
BLACK
6
CONTINUOUS
10
4.5622467716535429
20
-2.9090771653543306
11
4.5611823622047245
21
-2.9095180708661417
0
LINE
8
BLACK
6
CONTINUOUS
10
4.5611823622047245
20
-2.9095180708661417
11
4.5600302362204728
21
-2.9095180708661417
0
LINE
8
BLACK
6
CONTINUOUS
10
4.5600302362204728
20
-2.9095180708661417
11
4.5589658267716535
21
-2.9090771653543306
0
LINE
8
BLACK
6
CONTINUOUS
10
4.5589658267716535
20
-2.9090771653543306
11
4.5581511811023621
21
-2.9082625196850391
0
LINE
8
BLACK
6
CONTINUOUS
10
4.5581511811023621
20
-2.9082625196850391
11
4.5577102755905514
21
-2.9071981102362203
0
LINE
8
BLACK
6
CONTINUOUS
10
4.5577102755905514
20
-2.9071981102362203
11
4.5576535433070866
21
-2.9066220472440945
0
LINE
8
BLACK
6
CONTINUOUS
10
4.5576535433070866
20
-2.9066220472440945
11
4.5576535433070866
21
-2.8466220472440944
0
LINE
8
BLACK
6
CONTINUOUS
10
4.5576535433070866
20
-2.8466220472440944
11
4.5577102755905514
21
-2.8460459842519685
0
LINE
8
BLACK
6
CONTINUOUS
10
4.5577102755905514
20
-2.8460459842519685
11
4.5581511811023621
21
-2.8449815748031497
0
LINE
8
BLACK
6
CONTINUOUS
10
4.5581511811023621
20
-2.8449815748031497
11
4.5589658267716535
21
-2.8441669291338583
0
LINE
8
BLACK
6
CONTINUOUS
10
4.5589658267716535
20
-2.8441669291338583
11
4.5600302362204728
21
-2.8437260236220472
0
LINE
8
BLACK
6
CONTINUOUS
10
4.5600302362204728
20
-2.8437260236220472
11
4.5611823622047245
21
-2.8437260236220472
0
LINE
8
BLACK
6
CONTINUOUS
10
4.5611823622047245
20
-2.8437260236220472
11
4.5622467716535429
21
-2.8441669291338583
0
LINE
8
BLACK
6
CONTINUOUS
10
4.5165102755905515
20
-2.9044396456692914
11
4.5177887007874018
21
-2.9057180708661416
0
LINE
8
BLACK
6
CONTINUOUS
10
4.5177887007874018
20
-2.9057180708661416
11
4.5177887007874018
21
-2.9075260236220473
0
LINE
8
BLACK
6
CONTINUOUS
10
4.5177887007874018
20
-2.9075260236220473
11
4.5165102755905515
21
-2.9088044488188975
0
LINE
8
BLACK
6
CONTINUOUS
10
4.5165102755905515
20
-2.9088044488188975
11
4.5156062992125987
21
-2.9089842519685041
0
LINE
8
BLACK
6
CONTINUOUS
10
4.5156062992125987
20
-2.9089842519685041
11
4.4856062992125985
21
-2.9089842519685041
0
LINE
8
BLACK
6
CONTINUOUS
10
4.4856062992125985
20
-2.9089842519685041
11
4.4847023228346456
21
-2.9088044488188975
0
LINE
8
BLACK
6
CONTINUOUS
10
4.4847023228346456
20
-2.9088044488188975
11
4.4834238976377954
21
-2.9075260236220473
0
LINE
8
BLACK
6
CONTINUOUS
10
4.4834238976377954
20
-2.9075260236220473
11
4.4834238976377954
21
-2.9057180708661416
0
LINE
8
BLACK
6
CONTINUOUS
10
4.4834238976377954
20
-2.9057180708661416
11
4.4847023228346456
21
-2.9044396456692914
0
LINE
8
BLACK
6
CONTINUOUS
10
4.4847023228346456
20
-2.9044396456692914
11
4.4856062992125985
21
-2.9042598425196848
0
LINE
8
BLACK
6
CONTINUOUS
10
4.4856062992125985
20
-2.9042598425196848
11
4.5156062992125987
21
-2.9042598425196848
0
LINE
8
BLACK
6
CONTINUOUS
10
4.5156062992125987
20
-2.9042598425196848
11
4.5165102755905515
21
-2.9044396456692914
0
LINE
8
BLACK
6
CONTINUOUS
10
4.5165102755905515
20
-2.8444396456692913
11
4.5177887007874018
21
-2.8457180708661416
0
LINE
8
BLACK
6
CONTINUOUS
10
4.5177887007874018
20
-2.8457180708661416
11
4.5177887007874018
21
-2.8475260236220472
0
LINE
8
BLACK
6
CONTINUOUS
10
4.5177887007874018
20
-2.8475260236220472
11
4.5165102755905515
21
-2.8488044488188975
0
LINE
8
BLACK
6
CONTINUOUS
10
4.5165102755905515
20
-2.8488044488188975
11
4.5156062992125987
21
-2.848984251968504
0
LINE
8
BLACK
6
CONTINUOUS
10
4.5156062992125987
20
-2.848984251968504
11
4.4856062992125985
21
-2.848984251968504
0
LINE
8
BLACK
6
CONTINUOUS
10
4.4856062992125985
20
-2.848984251968504
11
4.4847023228346456
21
-2.8488044488188975
0
LINE
8
BLACK
6
CONTINUOUS
10
4.4847023228346456
20
-2.8488044488188975
11
4.4834238976377954
21
-2.8475260236220472
0
LINE
8
BLACK
6
CONTINUOUS
10
4.4834238976377954
20
-2.8475260236220472
11
4.4834238976377954
21
-2.8457180708661416
0
LINE
8
BLACK
6
CONTINUOUS
10
4.4834238976377954
20
-2.8457180708661416
11
4.4847023228346456
21
-2.8444396456692913
0
LINE
8
BLACK
6
CONTINUOUS
10
4.4847023228346456
20
-2.8444396456692913
11
4.4856062992125985
21
-2.8442598425196848
0
LINE
8
BLACK
6
CONTINUOUS
10
4.4856062992125985
20
-2.8442598425196848
11
4.5156062992125987
21
-2.8442598425196848
0
LINE
8
BLACK
6
CONTINUOUS
10
4.5156062992125987
20
-2.8442598425196848
11
4.5165102755905515
21
-2.8444396456692913
0
LINE
8
BLACK
6
CONTINUOUS
10
3.6850497244094487
20
-2.521084566929134
11
3.6851274803149607
21
-2.5210790551181104
0
LINE
8
BLACK
6
CONTINUOUS
10
3.6851274803149607
20
-2.5210790551181104
11
3.6852297244094485
21
-2.5211022834645669
0
LINE
8
BLACK
6
CONTINUOUS
10
3.6852297244094485
20
-2.5211022834645669
11
3.6853342519685039
21
-2.521112598425197
0
LINE
8
BLACK
6
CONTINUOUS
10
3.6853342519685039
20
-2.521112598425197
11
3.685406338582677
21
-2.5211424409448817
0
LINE
8
BLACK
6
CONTINUOUS
10
3.685406338582677
20
-2.5211424409448817
11
3.6856919291338581
21
-2.5212074015748032
0
LINE
8
BLACK
6
CONTINUOUS
10
3.6856919291338581
20
-2.5212074015748032
11
3.6913162204724408
21
-2.5230821653543307
0
LINE
8
BLACK
6
CONTINUOUS
10
3.6913162204724408
20
-2.5230821653543307
11
3.6918447637795273
21
-2.5233181496062991
0
LINE
8
BLACK
6
CONTINUOUS
10
3.6918447637795273
20
-2.5233181496062991
11
3.6919248818897636
21
-2.5233876377952758
0
LINE
8
BLACK
6
CONTINUOUS
10
3.6919248818897636
20
-2.5233876377952758
11
3.6920229527559054
21
-2.5234282677165352
0
LINE
8
BLACK
6
CONTINUOUS
10
3.6920229527559054
20
-2.5234282677165352
11
3.6924703937007872
21
-2.5237954724409448
0
LINE
8
BLACK
6
CONTINUOUS
10
3.6924703937007872
20
-2.5237954724409448
11
3.6943451574803148
21
-2.5256702362204724
0
LINE
8
BLACK
6
CONTINUOUS
10
3.6943451574803148
20
-2.5256702362204724
11
3.6947123622047244
21
-2.5261176771653542
0
LINE
8
BLACK
6
CONTINUOUS
10
3.6947123622047244
20
-2.5261176771653542
11
3.6951532677165355
21
-2.527182086614173
0
LINE
8
BLACK
6
CONTINUOUS
10
3.6951532677165355
20
-2.527182086614173
11
3.6951532677165355
21
-2.5283341732283464
0
LINE
8
BLACK
6
CONTINUOUS
10
3.6951532677165355
20
-2.5283341732283464
11
3.6947123622047244
21
-2.5293985826771652
0
LINE
8
BLACK
6
CONTINUOUS
10
3.6947123622047244
20
-2.5293985826771652
11
3.6938976771653542
21
-2.5302132677165354
0
LINE
8
BLACK
6
CONTINUOUS
10
3.6938976771653542
20
-2.5302132677165354
11
3.6928332677165354
21
-2.5306541732283465
0
LINE
8
BLACK
6
CONTINUOUS
10
3.6928332677165354
20
-2.5306541732283465
11
3.691681181102362
21
-2.5306541732283465
0
LINE
8
BLACK
6
CONTINUOUS
10
3.691681181102362
20
-2.5306541732283465
11
3.6906167716535432
21
-2.5302132677165354
0
LINE
8
BLACK
6
CONTINUOUS
10
3.6906167716535432
20
-2.5302132677165354
11
3.6901693307086614
21
-2.5298460629921258
0
LINE
8
BLACK
6
CONTINUOUS
10
3.6901693307086614
20
-2.5298460629921258
11
3.688787440944882
21
-2.5284641732283464
0
LINE
8
BLACK
6
CONTINUOUS
10
3.688787440944882
20
-2.5284641732283464
11
3.6842790551181102
21
-2.5269613779527558
0
LINE
8
BLACK
6
CONTINUOUS
10
3.6842790551181102
20
-2.5269613779527558
11
3.6814877952755904
21
-2.5269613779527558
0
LINE
8
BLACK
6
CONTINUOUS
10
3.6814877952755904
20
-2.5269613779527558
11
3.6769794094488186
21
-2.5284641732283464
0
LINE
8
BLACK
6
CONTINUOUS
10
3.6769794094488186
20
-2.5284641732283464
11
3.6740615748031495
21
-2.5313820078740159
0
LINE
8
BLACK
6
CONTINUOUS
10
3.6740615748031495
20
-2.5313820078740159
11
3.6725460629921258
21
-2.5344129921259841
0
LINE
8
BLACK
6
CONTINUOUS
10
3.6725460629921258
20
-2.5344129921259841
11
3.6708380708661417
21
-2.5412450393700787
0
LINE
8
BLACK
6
CONTINUOUS
10
3.6708380708661417
20
-2.5412450393700787
11
3.6708380708661417
21
-2.5461422440944883
0
LINE
8
BLACK
6
CONTINUOUS
10
3.6708380708661417
20
-2.5461422440944883
11
3.6725460629921258
21
-2.5529742913385824
0
LINE
8
BLACK
6
CONTINUOUS
10
3.6725460629921258
20
-2.5529742913385824
11
3.6740615748031495
21
-2.5560052755905511
0
LINE
8
BLACK
6
CONTINUOUS
10
3.6740615748031495
20
-2.5560052755905511
11
3.6769794094488186
21
-2.558923149606299
0
LINE
8
BLACK
6
CONTINUOUS
10
3.6769794094488186
20
-2.558923149606299
11
3.6814877952755904
21
-2.5604259448818896
0
LINE
8
BLACK
6
CONTINUOUS
10
3.6814877952755904
20
-2.5604259448818896
11
3.6842790551181102
21
-2.5604259448818896
0
LINE
8
BLACK
6
CONTINUOUS
10
3.6842790551181102
20
-2.5604259448818896
11
3.688787440944882
21
-2.5589231102362202
0
LINE
8
BLACK
6
CONTINUOUS
10
3.688787440944882
20
-2.5589231102362202
11
3.6901692913385826
21
-2.5575412598425196
0
LINE
8
BLACK
6
CONTINUOUS
10
3.6901692913385826
20
-2.5575412598425196
11
3.6906167716535432
21
-2.5571740157480316
0
LINE
8
BLACK
6
CONTINUOUS
10
3.6906167716535432
20
-2.5571740157480316
11
3.691681181102362
21
-2.5567331102362205
0
LINE
8
BLACK
6
CONTINUOUS
10
3.691681181102362
20
-2.5567331102362205
11
3.6928332677165354
21
-2.5567331102362205
0
LINE
8
BLACK
6
CONTINUOUS
10
3.6928332677165354
20
-2.5567331102362205
11
3.6938976771653542
21
-2.5571739763779529
0
LINE
8
BLACK
6
CONTINUOUS
10
3.6938976771653542
20
-2.5571739763779529
11
3.6947123622047244
21
-2.5579886614173226
0
LINE
8
BLACK
6
CONTINUOUS
10
3.6947123622047244
20
-2.5579886614173226
11
3.6951532677165355
21
-2.5590530708661419
0
LINE
8
BLACK
6
CONTINUOUS
10
3.6951532677165355
20
-2.5590530708661419
11
3.6951532677165355
21
-2.5602051574803149
0
LINE
8
BLACK
6
CONTINUOUS
10
3.6951532677165355
20
-2.5602051574803149
11
3.6947124015748032
21
-2.5612695669291337
0
LINE
8
BLACK
6
CONTINUOUS
10
3.6947124015748032
20
-2.5612695669291337
11
3.6943451574803148
21
-2.5617170472440942
0
LINE
8
BLACK
6
CONTINUOUS
10
3.6943451574803148
20
-2.5617170472440942
11
3.692470433070866
21
-2.5635918110236218
0
LINE
8
BLACK
6
CONTINUOUS
10
3.692470433070866
20
-2.5635918110236218
11
3.6920229527559054
21
-2.5639590551181102
0
LINE
8
BLACK
6
CONTINUOUS
10
3.6920229527559054
20
-2.5639590551181102
11
3.6919248818897636
21
-2.5639996456692913
0
LINE
8
BLACK
6
CONTINUOUS
10
3.6919248818897636
20
-2.5639996456692913
11
3.6918447637795273
21
-2.5640691732283463
0
LINE
8
BLACK
6
CONTINUOUS
10
3.6918447637795273
20
-2.5640691732283463
11
3.6913162204724408
21
-2.5643051574803151
0
LINE
8
BLACK
6
CONTINUOUS
10
3.6913162204724408
20
-2.5643051574803151
11
3.6856919291338581
21
-2.5661799212598426
0
LINE
8
BLACK
6
CONTINUOUS
10
3.6856919291338581
20
-2.5661799212598426
11
3.685406338582677
21
-2.5662448425196849
0
LINE
8
BLACK
6
CONTINUOUS
10
3.685406338582677
20
-2.5662448425196849
11
3.6853342519685039
21
-2.5662747244094488
0
LINE
8
BLACK
6
CONTINUOUS
10
3.6853342519685039
20
-2.5662747244094488
11
3.6852297244094485
21
-2.5662850000000001
0
LINE
8
BLACK
6
CONTINUOUS
10
3.6852297244094485
20
-2.5662850000000001
11
3.6851274803149607
21
-2.5663082677165354
0
LINE
8
BLACK
6
CONTINUOUS
10
3.6851274803149607
20
-2.5663082677165354
11
3.6850497244094487
21
-2.5663027165354331
0
LINE
8
BLACK
6
CONTINUOUS
10
3.6850497244094487
20
-2.5663027165354331
11
3.6847581889763781
21
-2.5663314566929132
0
LINE
8
BLACK
6
CONTINUOUS
10
3.6847581889763781
20
-2.5663314566929132
11
3.681008661417323
21
-2.5663314566929132
0
LINE
8
BLACK
6
CONTINUOUS
10
3.681008661417323
20
-2.5663314566929132
11
3.6807170472440944
21
-2.5663027165354331
0
LINE
8
BLACK
6
CONTINUOUS
10
3.6807170472440944
20
-2.5663027165354331
11
3.6806393307086611
21
-2.5663082677165354
0
LINE
8
BLACK
6
CONTINUOUS
10
3.6806393307086611
20
-2.5663082677165354
11
3.6805370472440946
21
-2.5662850000000001
0
LINE
8
BLACK
6
CONTINUOUS
10
3.6805370472440946
20
-2.5662850000000001
11
3.6804325984251967
21
-2.5662747244094488
0
LINE
8
BLACK
6
CONTINUOUS
10
3.6804325984251967
20
-2.5662747244094488
11
3.6803605118110236
21
-2.5662448425196849
0
LINE
8
BLACK
6
CONTINUOUS
10
3.6803605118110236
20
-2.5662448425196849
11
3.6800748818897637
21
-2.5661799212598426
0
LINE
8
BLACK
6
CONTINUOUS
10
3.6800748818897637
20
-2.5661799212598426
11
3.6744506299212598
21
-2.5643051574803151
0
LINE
8
BLACK
6
CONTINUOUS
10
3.6744506299212598
20
-2.5643051574803151
11
3.6739220472440945
21
-2.5640691732283463
0
LINE
8
BLACK
6
CONTINUOUS
10
3.6739220472440945
20
-2.5640691732283463
11
3.6738419291338582
21
-2.56399968503937
0
LINE
8
BLACK
6
CONTINUOUS
10
3.6738419291338582
20
-2.56399968503937
11
3.6737438976377952
21
-2.5639590944881889
0
LINE
8
BLACK
6
CONTINUOUS
10
3.6737438976377952
20
-2.5639590944881889
11
3.6732964566929134
21
-2.5635918503937005
0
LINE
8
BLACK
6
CONTINUOUS
10
3.6732964566929134
20
-2.5635918503937005
11
3.6695469291338583
21
-2.5598422834645667
0
LINE
8
BLACK
6
CONTINUOUS
10
3.6695469291338583
20
-2.5598422834645667
11
3.6693611417322836
21
-2.5596159055118108
0
LINE
8
BLACK
6
CONTINUOUS
10
3.6693611417322836
20
-2.5596159055118108
11
3.6693021653543307
21
-2.5595647637795276
0
LINE
8
BLACK
6
CONTINUOUS
10
3.6693021653543307
20
-2.5595647637795276
11
3.6692461811023622
21
-2.5594758267716533
0
LINE
8
BLACK
6
CONTINUOUS
10
3.6692461811023622
20
-2.5594758267716533
11
3.6691796850393699
21
-2.5593948031496061
0
LINE
8
BLACK
6
CONTINUOUS
10
3.6691796850393699
20
-2.5593948031496061
11
3.6691498425196851
21
-2.5593227559055118
0
LINE
8
BLACK
6
CONTINUOUS
10
3.6691498425196851
20
-2.5593227559055118
11
3.6689938188976376
21
-2.5590748818897637
0
LINE
8
BLACK
6
CONTINUOUS
10
3.6689938188976376
20
-2.5590748818897637
11
3.6671190551181101
21
-2.5553253543307086
0
LINE
8
BLACK
6
CONTINUOUS
10
3.6671190551181101
20
-2.5553253543307086
11
3.6671029133858268
21
-2.5552832283464566
0
LINE
8
BLACK
6
CONTINUOUS
10
3.6671029133858268
20
-2.5552832283464566
11
3.6670902362204725
21
-2.5552661023622045
0
LINE
8
BLACK
6
CONTINUOUS
10
3.6670902362204725
20
-2.5552661023622045
11
3.6670037795275592
21
-2.5550241338582675
0
LINE
8
BLACK
6
CONTINUOUS
10
3.6670037795275592
20
-2.5550241338582675
11
3.6669121653543306
21
-2.5547847244094486
0
LINE
8
BLACK
6
CONTINUOUS
10
3.6669121653543306
20
-2.5547847244094486
11
3.6669106299212597
21
-2.5547634645669293
0
LINE
8
BLACK
6
CONTINUOUS
10
3.6669106299212597
20
-2.5547634645669293
11
3.6668954724409448
21
-2.5547209842519685
0
LINE
8
BLACK
6
CONTINUOUS
10
3.6668954724409448
20
-2.5547209842519685
11
3.6650207086614173
21
-2.5472219291338583
0
LINE
8
BLACK
6
CONTINUOUS
10
3.6650207086614173
20
-2.5472219291338583
11
3.6650059055118112
21
-2.5471220472440943
0
LINE
8
BLACK
6
CONTINUOUS
10
3.6650059055118112
20
-2.5471220472440943
11
3.6649892913385824
21
-2.5470818503937007
0
LINE
8
BLACK
6
CONTINUOUS
10
3.6649892913385824
20
-2.5470818503937007
11
3.6649679133858268
21
-2.5468648031496062
0
LINE
8
BLACK
6
CONTINUOUS
10
3.6649679133858268
20
-2.5468648031496062
11
3.6649360629921257
21
-2.5466493307086613
0
LINE
8
BLACK
6
CONTINUOUS
10
3.6649360629921257
20
-2.5466493307086613
11
3.6649424409448819
21
-2.5466062992125984
0
LINE
8
BLACK
6
CONTINUOUS
10
3.6649424409448819
20
-2.5466062992125984
11
3.6649325590551181
21
-2.5465057874015748
0
LINE
8
BLACK
6
CONTINUOUS
10
3.6649325590551181
20
-2.5465057874015748
11
3.6649325590551181
21
-2.5408814960629922
0
LINE
8
BLACK
6
CONTINUOUS
10
3.6649325590551181
20
-2.5408814960629922
11
3.6649424409448819
21
-2.5407809448818899
0
LINE
8
BLACK
6
CONTINUOUS
10
3.6649424409448819
20
-2.5407809448818899
11
3.6649360629921257
21
-2.5407379527559053
0
LINE
8
BLACK
6
CONTINUOUS
10
3.6649360629921257
20
-2.5407379527559053
11
3.6649679133858268
21
-2.5405224409448817
0
LINE
8
BLACK
6
CONTINUOUS
10
3.6649679133858268
20
-2.5405224409448817
11
3.6649892913385824
21
-2.5403054330708659
0
LINE
8
BLACK
6
CONTINUOUS
10
3.6649892913385824
20
-2.5403054330708659
11
3.6650059055118112
21
-2.5402651968503935
0
LINE
8
BLACK
6
CONTINUOUS
10
3.6650059055118112
20
-2.5402651968503935
11
3.6650207086614173
21
-2.5401653543307088
0
LINE
8
BLACK
6
CONTINUOUS
10
3.6650207086614173
20
-2.5401653543307088
11
3.6668954724409448
21
-2.5326662992125986
0
LINE
8
BLACK
6
CONTINUOUS
10
3.6668954724409448
20
-2.5326662992125986
11
3.6669106299212597
21
-2.532623779527559
0
LINE
8
BLACK
6
CONTINUOUS
10
3.6669106299212597
20
-2.532623779527559
11
3.6669121653543306
21
-2.532602559055118
0
LINE
8
BLACK
6
CONTINUOUS
10
3.6669121653543306
20
-2.532602559055118
11
3.6670041732283463
21
-2.5323620866141732
0
LINE
8
BLACK
6
CONTINUOUS
10
3.6670041732283463
20
-2.5323620866141732
11
3.6670902362204725
21
-2.5321211811023621
0
LINE
8
BLACK
6
CONTINUOUS
10
3.6670902362204725
20
-2.5321211811023621
11
3.6671029133858268
21
-2.5321040157480312
0
LINE
8
BLACK
6
CONTINUOUS
10
3.6671029133858268
20
-2.5321040157480312
11
3.6671190551181101
21
-2.5320619291338584
0
LINE
8
BLACK
6
CONTINUOUS
10
3.6671190551181101
20
-2.5320619291338584
11
3.6689938188976376
21
-2.5283124015748033
0
LINE
8
BLACK
6
CONTINUOUS
10
3.6689938188976376
20
-2.5283124015748033
11
3.6691498818897639
21
-2.5280643700787402
0
LINE
8
BLACK
6
CONTINUOUS
10
3.6691498818897639
20
-2.5280643700787402
11
3.6691797244094486
21
-2.5279924409448817
0
LINE
8
BLACK
6
CONTINUOUS
10
3.6691797244094486
20
-2.5279924409448817
11
3.6692461811023622
21
-2.5279114566929133
0
LINE
8
BLACK
6
CONTINUOUS
10
3.6692461811023622
20
-2.5279114566929133
11
3.6693021653543307
21
-2.5278225196850395
0
LINE
8
BLACK
6
CONTINUOUS
10
3.6693021653543307
20
-2.5278225196850395
11
3.6693611417322836
21
-2.527771338582677
0
LINE
8
BLACK
6
CONTINUOUS
10
3.6693611417322836
20
-2.527771338582677
11
3.6695469291338583
21
-2.5275449999999999
0
LINE
8
BLACK
6
CONTINUOUS
10
3.6695469291338583
20
-2.5275449999999999
11
3.6732964566929134
21
-2.5237954724409448
0
LINE
8
BLACK
6
CONTINUOUS
10
3.6732964566929134
20
-2.5237954724409448
11
3.6737438976377952
21
-2.5234282283464564
0
LINE
8
BLACK
6
CONTINUOUS
10
3.6737438976377952
20
-2.5234282283464564
11
3.6738419291338582
21
-2.523387598425197
0
LINE
8
BLACK
6
CONTINUOUS
10
3.6738419291338582
20
-2.523387598425197
11
3.6739220472440945
21
-2.5233181496062991
0
LINE
8
BLACK
6
CONTINUOUS
10
3.6739220472440945
20
-2.5233181496062991
11
3.6744506299212598
21
-2.5230821653543307
0
LINE
8
BLACK
6
CONTINUOUS
10
3.6744506299212598
20
-2.5230821653543307
11
3.6800748818897637
21
-2.5212074015748032
0
LINE
8
BLACK
6
CONTINUOUS
10
3.6800748818897637
20
-2.5212074015748032
11
3.6803605118110236
21
-2.5211424409448817
0
LINE
8
BLACK
6
CONTINUOUS
10
3.6803605118110236
20
-2.5211424409448817
11
3.6804325984251967
21
-2.521112598425197
0
LINE
8
BLACK
6
CONTINUOUS
10
3.6804325984251967
20
-2.521112598425197
11
3.6805370472440946
21
-2.5211022834645669
0
LINE
8
BLACK
6
CONTINUOUS
10
3.6805370472440946
20
-2.5211022834645669
11
3.6806393307086611
21
-2.5210790551181104
0
LINE
8
BLACK
6
CONTINUOUS
10
3.6806393307086611
20
-2.5210790551181104
11
3.6807170472440944
21
-2.521084566929134
0
LINE
8
BLACK
6
CONTINUOUS
10
3.6807170472440944
20
-2.521084566929134
11
3.681008661417323
21
-2.5210558661417322
0
LINE
8
BLACK
6
CONTINUOUS
10
3.681008661417323
20
-2.5210558661417322
11
3.6847581889763781
21
-2.5210558661417322
0
LINE
8
BLACK
6
CONTINUOUS
10
3.6847581889763781
20
-2.5210558661417322
11
3.6850497244094487
21
-2.521084566929134
0
LINE
8
BLACK
6
CONTINUOUS
10
3.7187876377952755
20
-2.521112598425197
11
3.7190800393700787
21
-2.521112598425197
0
LINE
8
BLACK
6
CONTINUOUS
10
3.7190800393700787
20
-2.521112598425197
11
3.7193472834645669
21
-2.5212233070866139
0
LINE
8
BLACK
6
CONTINUOUS
10
3.7193472834645669
20
-2.5212233070866139
11
3.7196311023622046
21
-2.5212794488188974
0
LINE
8
BLACK
6
CONTINUOUS
10
3.7196311023622046
20
-2.5212794488188974
11
3.71987437007874
21
-2.5214416141732281
0
LINE
8
BLACK
6
CONTINUOUS
10
3.71987437007874
20
-2.5214416141732281
11
3.7201444488188975
21
-2.5215535039370076
0
LINE
8
BLACK
6
CONTINUOUS
10
3.7201444488188975
20
-2.5215535039370076
11
3.7203488976377952
21
-2.5217579527559053
0
LINE
8
BLACK
6
CONTINUOUS
10
3.7203488976377952
20
-2.5217579527559053
11
3.7205897244094488
21
-2.521918503937008
0
LINE
8
BLACK
6
CONTINUOUS
10
3.7205897244094488
20
-2.521918503937008
11
3.720752440944882
21
-2.5221614960629921
0
LINE
8
BLACK
6
CONTINUOUS
10
3.720752440944882
20
-2.5221614960629921
11
3.720959094488189
21
-2.5223681496062991
0
LINE
8
BLACK
6
CONTINUOUS
10
3.720959094488189
20
-2.5223681496062991
11
3.7210697637795276
21
-2.5226353543307085
0
LINE
8
BLACK
6
CONTINUOUS
10
3.7210697637795276
20
-2.5226353543307085
11
3.7212307874015749
21
-2.5228757874015746
0
LINE
8
BLACK
6
CONTINUOUS
10
3.7212307874015749
20
-2.5228757874015746
11
3.7212881102362205
21
-2.5231624409448816
0
LINE
8
BLACK
6
CONTINUOUS
10
3.7212881102362205
20
-2.5231624409448816
11
3.7214
21
-2.5234325590551179
0
LINE
8
BLACK
6
CONTINUOUS
10
3.7214
20
-2.5234325590551179
11
3.7214561023622048
21
-2.5240024803149606
0
LINE
8
BLACK
6
CONTINUOUS
10
3.7214561023622048
20
-2.5240024803149606
11
3.7214567322834644
21
-2.5240055118110236
0
LINE
8
BLACK
6
CONTINUOUS
10
3.7214567322834644
20
-2.5240055118110236
11
3.7214564960629919
21
-2.5240065354330707
0
LINE
8
BLACK
6
CONTINUOUS
10
3.7214564960629919
20
-2.5240065354330707
11
3.7214567322834644
21
-2.5240086220472442
0
LINE
8
BLACK
6
CONTINUOUS
10
3.7214567322834644
20
-2.5240086220472442
11
3.7214567322834644
21
-2.5604259448818896
0
LINE
8
BLACK
6
CONTINUOUS
10
3.7214567322834644
20
-2.5604259448818896
11
3.7297525590551182
21
-2.5604259448818896
0
LINE
8
BLACK
6
CONTINUOUS
10
3.7297525590551182
20
-2.5604259448818896
11
3.730328622047244
21
-2.5604826771653544
0
LINE
8
BLACK
6
CONTINUOUS
10
3.730328622047244
20
-2.5604826771653544
11
3.7313930314960628
21
-2.5609235826771655
0
LINE
8
BLACK
6
CONTINUOUS
10
3.7313930314960628
20
-2.5609235826771655
11
3.7322076771653543
21
-2.5617382283464565
0
LINE
8
BLACK
6
CONTINUOUS
10
3.7322076771653543
20
-2.5617382283464565
11
3.7326485826771654
21
-2.5628026377952757
0
LINE
8
BLACK
6
CONTINUOUS
10
3.7326485826771654
20
-2.5628026377952757
11
3.7326485826771654
21
-2.5639547637795275
0
LINE
8
BLACK
6
CONTINUOUS
10
3.7326485826771654
20
-2.5639547637795275
11
3.7322076771653543
21
-2.5650191732283463
0
LINE
8
BLACK
6
CONTINUOUS
10
3.7322076771653543
20
-2.5650191732283463
11
3.7313930314960628
21
-2.5658338188976377
0
LINE
8
BLACK
6
CONTINUOUS
10
3.7313930314960628
20
-2.5658338188976377
11
3.730328622047244
21
-2.5662747244094488
0
LINE
8
BLACK
6
CONTINUOUS
10
3.730328622047244
20
-2.5662747244094488
11
3.7297525590551182
21
-2.5663314566929132
0
LINE
8
BLACK
6
CONTINUOUS
10
3.7297525590551182
20
-2.5663314566929132
11
3.7072553937007875
21
-2.5663314566929132
0
LINE
8
BLACK
6
CONTINUOUS
10
3.7072553937007875
20
-2.5663314566929132
11
3.7066793307086612
21
-2.5662747244094488
0
LINE
8
BLACK
6
CONTINUOUS
10
3.7066793307086612
20
-2.5662747244094488
11
3.7056149212598424
21
-2.5658338188976377
0
LINE
8
BLACK
6
CONTINUOUS
10
3.7056149212598424
20
-2.5658338188976377
11
3.7048002755905509
21
-2.5650191732283463
0
LINE
8
BLACK
6
CONTINUOUS
10
3.7048002755905509
20
-2.5650191732283463
11
3.7043593700787403
21
-2.5639547637795275
0
LINE
8
BLACK
6
CONTINUOUS
10
3.7043593700787403
20
-2.5639547637795275
11
3.7043593700787403
21
-2.5628026377952757
0
LINE
8
BLACK
6
CONTINUOUS
10
3.7043593700787403
20
-2.5628026377952757
11
3.7048002755905509
21
-2.5617382283464565
0
LINE
8
BLACK
6
CONTINUOUS
10
3.7048002755905509
20
-2.5617382283464565
11
3.7056149212598424
21
-2.5609235826771655
0
LINE
8
BLACK
6
CONTINUOUS
10
3.7056149212598424
20
-2.5609235826771655
11
3.7066793307086612
21
-2.5604826771653544
0
LINE
8
BLACK
6
CONTINUOUS
10
3.7066793307086612
20
-2.5604826771653544
11
3.7072553937007875
21
-2.5604259448818896
0
LINE
8
BLACK
6
CONTINUOUS
10
3.7072553937007875
20
-2.5604259448818896
11
3.7155512204724408
21
-2.5604259448818896
0
LINE
8
BLACK
6
CONTINUOUS
10
3.7155512204724408
20
-2.5604259448818896
11
3.7155512204724408
21
-2.5330119685039367
0
LINE
8
BLACK
6
CONTINUOUS
10
3.7155512204724408
20
-2.5330119685039367
11
3.7130928346456691
21
-2.5354703543307084
0
LINE
8
BLACK
6
CONTINUOUS
10
3.7130928346456691
20
-2.5354703543307084
11
3.7128664566929133
21
-2.5356561023622048
0
LINE
8
BLACK
6
CONTINUOUS
10
3.7128664566929133
20
-2.5356561023622048
11
3.71281531496063
21
-2.535715118110236
0
LINE
8
BLACK
6
CONTINUOUS
10
3.71281531496063
20
-2.535715118110236
11
3.712726338582677
21
-2.5357710629921257
0
LINE
8
BLACK
6
CONTINUOUS
10
3.712726338582677
20
-2.5357710629921257
11
3.7126453937007873
21
-2.5358375590551181
0
LINE
8
BLACK
6
CONTINUOUS
10
3.7126453937007873
20
-2.5358375590551181
11
3.7125734251968505
21
-2.5358673622047245
0
LINE
8
BLACK
6
CONTINUOUS
10
3.7125734251968505
20
-2.5358673622047245
11
3.7123254330708662
21
-2.5360234645669291
0
LINE
8
BLACK
6
CONTINUOUS
10
3.7123254330708662
20
-2.5360234645669291
11
3.708575905511811
21
-2.5378982283464566
0
LINE
8
BLACK
6
CONTINUOUS
10
3.708575905511811
20
-2.5378982283464566
11
3.708035275590551
21
-2.5381051181102361
0
LINE
8
BLACK
6
CONTINUOUS
10
3.708035275590551
20
-2.5381051181102361
11
3.7068860629921261
21
-2.5381867716535433
0
LINE
8
BLACK
6
CONTINUOUS
10
3.7068860629921261
20
-2.5381867716535433
11
3.7057931102362205
21
-2.5378224409448817
0
LINE
8
BLACK
6
CONTINUOUS
10
3.7057931102362205
20
-2.5378224409448817
11
3.704922716535433
21
-2.5370675984251969
0
LINE
8
BLACK
6
CONTINUOUS
10
3.704922716535433
20
-2.5370675984251969
11
3.7044074803149605
21
-2.536037086614173
0
LINE
8
BLACK
6
CONTINUOUS
10
3.7044074803149605
20
-2.536037086614173
11
3.7043258267716537
21
-2.5348878740157481
0
LINE
8
BLACK
6
CONTINUOUS
10
3.7043258267716537
20
-2.5348878740157481
11
3.7046901574803148
21
-2.5337949212598425
0
LINE
8
BLACK
6
CONTINUOUS
10
3.7046901574803148
20
-2.5337949212598425
11
3.7054450000000001
21
-2.5329245275590551
0
LINE
8
BLACK
6
CONTINUOUS
10
3.7054450000000001
20
-2.5329245275590551
11
3.7059348818897635
21
-2.532616181102362
0
LINE
8
BLACK
6
CONTINUOUS
10
3.7059348818897635
20
-2.532616181102362
11
3.7092558267716536
21
-2.5309557086614172
0
LINE
8
BLACK
6
CONTINUOUS
10
3.7092558267716536
20
-2.5309557086614172
11
3.7124597244094488
21
-2.5277518110236219
0
LINE
8
BLACK
6
CONTINUOUS
10
3.7124597244094488
20
-2.5277518110236219
11
3.716047125984252
21
-2.5223707086614171
0
LINE
8
BLACK
6
CONTINUOUS
10
3.716047125984252
20
-2.5223707086614171
11
3.7160484645669292
21
-2.5223690157480316
0
LINE
8
BLACK
6
CONTINUOUS
10
3.7160484645669292
20
-2.5223690157480316
11
3.7160488582677162
21
-2.5223681496062991
0
LINE
8
BLACK
6
CONTINUOUS
10
3.7160488582677162
20
-2.5223681496062991
11
3.7160508661417322
21
-2.5223661023622048
0
LINE
8
BLACK
6
CONTINUOUS
10
3.7160508661417322
20
-2.5223661023622048
11
3.7164138976377954
21
-2.5219228740157478
0
LINE
8
BLACK
6
CONTINUOUS
10
3.7164138976377954
20
-2.5219228740157478
11
3.7166567716535432
21
-2.5217601968503938
0
LINE
8
BLACK
6
CONTINUOUS
10
3.7166567716535432
20
-2.5217601968503938
11
3.7168635039370077
21
-2.5215535039370076
0
LINE
8
BLACK
6
CONTINUOUS
10
3.7168635039370077
20
-2.5215535039370076
11
3.7171307874015747
21
-2.5214427559055119
0
LINE
8
BLACK
6
CONTINUOUS
10
3.7171307874015747
20
-2.5214427559055119
11
3.717371181102362
21
-2.5212818110236221
0
LINE
8
BLACK
6
CONTINUOUS
10
3.717371181102362
20
-2.5212818110236221
11
3.7176577952755903
21
-2.5212244488188977
0
LINE
8
BLACK
6
CONTINUOUS
10
3.7176577952755903
20
-2.5212244488188977
11
3.7179279133858265
21
-2.521112598425197
0
LINE
8
BLACK
6
CONTINUOUS
10
3.7179279133858265
20
-2.521112598425197
11
3.7182172047244095
21
-2.521112598425197
0
LINE
8
BLACK
6
CONTINUOUS
10
3.7182172047244095
20
-2.521112598425197
11
3.7185008661417323
21
-2.5210558661417322
0
LINE
8
BLACK
6
CONTINUOUS
10
3.7185008661417323
20
-2.5210558661417322
11
3.7187876377952755
21
-2.521112598425197
0
LINE
8
BLACK
6
CONTINUOUS
10
4.5385012992125979
20
-2.5095290944881889
11
4.5386811023622045
21
-2.5104330708661418
0
LINE
8
BLACK
6
CONTINUOUS
10
4.5386811023622045
20
-2.5104330708661418
11
4.5386811023622045
21
-2.5498031496062992
0
LINE
8
BLACK
6
CONTINUOUS
10
4.5386811023622045
20
-2.5498031496062992
11
4.5385012992125979
21
-2.550707125984252
0
LINE
8
BLACK
6
CONTINUOUS
10
4.5385012992125979
20
-2.550707125984252
11
4.5372228740157476
21
-2.5519855511811023
0
LINE
8
BLACK
6
CONTINUOUS
10
4.5372228740157476
20
-2.5519855511811023
11
4.5363188976377948
21
-2.5521653543307088
0
LINE
8
BLACK
6
CONTINUOUS
10
4.5363188976377948
20
-2.5521653543307088
11
4.4764763779527561
21
-2.5521653543307088
0
LINE
8
BLACK
6
CONTINUOUS
10
4.4764763779527561
20
-2.5521653543307088
11
4.4755724015748033
21
-2.5519855511811023
0
LINE
8
BLACK
6
CONTINUOUS
10
4.4755724015748033
20
-2.5519855511811023
11
4.474293976377953
21
-2.550707125984252
0
LINE
8
BLACK
6
CONTINUOUS
10
4.474293976377953
20
-2.550707125984252
11
4.4741141732283465
21
-2.5498031496062992
0
LINE
8
BLACK
6
CONTINUOUS
10
4.4741141732283465
20
-2.5498031496062992
11
4.4741141732283465
21
-2.5478346456692913
0
LINE
8
BLACK
6
CONTINUOUS
10
4.4741141732283465
20
-2.5478346456692913
11
4.474293976377953
21
-2.5469306692913385
0
LINE
8
BLACK
6
CONTINUOUS
10
4.474293976377953
20
-2.5469306692913385
11
4.4755724015748033
21
-2.5456522440944882
0
LINE
8
BLACK
6
CONTINUOUS
10
4.4755724015748033
20
-2.5456522440944882
11
4.4773803543307089
21
-2.5456522440944882
0
LINE
8
BLACK
6
CONTINUOUS
10
4.4773803543307089
20
-2.5456522440944882
11
4.4786587795275592
21
-2.5469306692913385
0
LINE
8
BLACK
6
CONTINUOUS
10
4.4786587795275592
20
-2.5469306692913385
11
4.4787602755905507
21
-2.5474409448818895
0
LINE
8
BLACK
6
CONTINUOUS
10
4.4787602755905507
20
-2.5474409448818895
11
4.5339566929133861
21
-2.5474409448818895
0
LINE
8
BLACK
6
CONTINUOUS
10
4.5339566929133861
20
-2.5474409448818895
11
4.5339566929133861
21
-2.5104330708661418
0
LINE
8
BLACK
6
CONTINUOUS
10
4.5339566929133861
20
-2.5104330708661418
11
4.5341364960629917
21
-2.5095290944881889
0
LINE
8
BLACK
6
CONTINUOUS
10
4.5341364960629917
20
-2.5095290944881889
11
4.535414921259842
21
-2.5082506692913387
0
LINE
8
BLACK
6
CONTINUOUS
10
4.535414921259842
20
-2.5082506692913387
11
4.5372228740157476
21
-2.5082506692913387
0
LINE
8
BLACK
6
CONTINUOUS
10
4.5372228740157476
20
-2.5082506692913387
11
4.5385012992125979
21
-2.5095290944881889
0
LINE
8
BLACK
6
CONTINUOUS
10
4.4786587795275592
20
-2.4721275196850394
11
4.4788385826771648
21
-2.4730314960629922
0
LINE
8
BLACK
6
CONTINUOUS
10
4.4788385826771648
20
-2.4730314960629922
11
4.4788385826771648
21
-2.5037401574803151
0
LINE
8
BLACK
6
CONTINUOUS
10
4.4788385826771648
20
-2.5037401574803151
11
4.4786587795275592
21
-2.5046441338582675
0
LINE
8
BLACK
6
CONTINUOUS
10
4.4786587795275592
20
-2.5046441338582675
11
4.4773803543307089
21
-2.5059225590551182
0
LINE
8
BLACK
6
CONTINUOUS
10
4.4773803543307089
20
-2.5059225590551182
11
4.4755724015748033
21
-2.5059225590551182
0
LINE
8
BLACK
6
CONTINUOUS
10
4.4755724015748033
20
-2.5059225590551182
11
4.474293976377953
21
-2.5046441338582675
0
LINE
8
BLACK
6
CONTINUOUS
10
4.474293976377953
20
-2.5046441338582675
11
4.4741141732283465
21
-2.5037401574803151
0
LINE
8
BLACK
6
CONTINUOUS
10
4.4741141732283465
20
-2.5037401574803151
11
4.4741141732283465
21
-2.4730314960629922
0
LINE
8
BLACK
6
CONTINUOUS
10
4.4741141732283465
20
-2.4730314960629922
11
4.474293976377953
21
-2.4721275196850394
0
LINE
8
BLACK
6
CONTINUOUS
10
4.474293976377953
20
-2.4721275196850394
11
4.4755724015748033
21
-2.4708490944881891
0
LINE
8
BLACK
6
CONTINUOUS
10
4.4755724015748033
20
-2.4708490944881891
11
4.4773803543307089
21
-2.4708490944881891
0
LINE
8
BLACK
6
CONTINUOUS
10
4.4773803543307089
20
-2.4708490944881891
11
4.4786587795275592
21
-2.4721275196850394
0
LINE
8
BLACK
6
CONTINUOUS
10
3.7229658661417324
20
-2.175993779527559
11
3.7388053937007872
21
-2.1791444488188976
0
LINE
8
BLACK
6
CONTINUOUS
10
3.7388053937007872
20
-2.1791444488188976
11
3.7542598425196849
21
-2.1838325196850392
0
LINE
8
BLACK
6
CONTINUOUS
10
3.7542598425196849
20
-2.1838325196850392
11
3.76918031496063
21
-2.1900127952755906
0
LINE
8
BLACK
6
CONTINUOUS
10
3.76918031496063
20
-2.1900127952755906
11
3.7834231889763781
21
-2.1976257480314958
0
LINE
8
BLACK
6
CONTINUOUS
10
3.7834231889763781
20
-2.1976257480314958
11
3.7968512992125985
21
-2.206598149606299
0
LINE
8
BLACK
6
CONTINUOUS
10
3.7968512992125985
20
-2.206598149606299
11
3.8093352755905512
21
-2.2168434645669293
0
LINE
8
BLACK
6
CONTINUOUS
10
3.8093352755905512
20
-2.2168434645669293
11
3.8207549606299214
21
-2.228263149606299
0
LINE
8
BLACK
6
CONTINUOUS
10
3.8207549606299214
20
-2.228263149606299
11
3.8310002755905512
21
-2.2407471259842517
0
LINE
8
BLACK
6
CONTINUOUS
10
3.8310002755905512
20
-2.2407471259842517
11
3.8399726771653544
21
-2.2541752362204726
0
LINE
8
BLACK
6
CONTINUOUS
10
3.8399726771653544
20
-2.2541752362204726
11
3.8475856299212596
21
-2.2684181102362206
0
LINE
8
BLACK
6
CONTINUOUS
10
3.8475856299212596
20
-2.2684181102362206
11
3.853765905511811
21
-2.2833385826771653
0
LINE
8
BLACK
6
CONTINUOUS
10
3.853765905511811
20
-2.2833385826771653
11
3.8584539763779526
21
-2.298793031496063
0
LINE
8
BLACK
6
CONTINUOUS
10
3.8584539763779526
20
-2.298793031496063
11
3.8616046456692912
21
-2.3146325590551182
0
LINE
8
BLACK
6
CONTINUOUS
10
3.8616046456692912
20
-2.3146325590551182
11
3.8631875984251969
21
-2.3307046062992125
0
LINE
8
BLACK
6
CONTINUOUS
10
3.8631875984251969
20
-2.3307046062992125
11
3.8631875984251969
21
-2.3468544488188976
0
LINE
8
BLACK
6
CONTINUOUS
10
3.8631875984251969
20
-2.3468544488188976
11
3.8616046456692912
21
-2.3629264960629919
0
LINE
8
BLACK
6
CONTINUOUS
10
3.8616046456692912
20
-2.3629264960629919
11
3.8584539763779526
21
-2.3787660236220471
0
LINE
8
BLACK
6
CONTINUOUS
10
3.8584539763779526
20
-2.3787660236220471
11
3.853765905511811
21
-2.3942204724409448
0
LINE
8
BLACK
6
CONTINUOUS
10
3.853765905511811
20
-2.3942204724409448
11
3.8475856299212596
21
-2.4091409448818899
0
LINE
8
BLACK
6
CONTINUOUS
10
3.8475856299212596
20
-2.4091409448818899
11
3.8399726771653544
21
-2.4233838188976375
0
LINE
8
BLACK
6
CONTINUOUS
10
3.8399726771653544
20
-2.4233838188976375
11
3.8310002755905512
21
-2.4368119291338584
0
LINE
8
BLACK
6
CONTINUOUS
10
3.8310002755905512
20
-2.4368119291338584
11
3.8207549606299214
21
-2.4492959055118111
0
LINE
8
BLACK
6
CONTINUOUS
10
3.8207549606299214
20
-2.4492959055118111
11
3.8093352755905512
21
-2.4607155905511808
0
LINE
8
BLACK
6
CONTINUOUS
10
3.8093352755905512
20
-2.4607155905511808
11
3.7968512992125985
21
-2.4709609055118111
0
LINE
8
BLACK
6
CONTINUOUS
10
3.7968512992125985
20
-2.4709609055118111
11
3.7834231889763781
21
-2.4799333070866143
0
LINE
8
BLACK
6
CONTINUOUS
10
3.7834231889763781
20
-2.4799333070866143
11
3.76918031496063
21
-2.4875462598425195
0
LINE
8
BLACK
6
CONTINUOUS
10
3.76918031496063
20
-2.4875462598425195
11
3.7542598425196849
21
-2.4937265354330709
0
LINE
8
BLACK
6
CONTINUOUS
10
3.7542598425196849
20
-2.4937265354330709
11
3.7388053937007872
21
-2.4984146062992125
0
LINE
8
BLACK
6
CONTINUOUS
10
3.7388053937007872
20
-2.4984146062992125
11
3.7229658661417324
21
-2.5015652755905511
0
LINE
8
BLACK
6
CONTINUOUS
10
3.7229658661417324
20
-2.5015652755905511
11
3.7068938188976377
21
-2.5031482283464568
0
LINE
8
BLACK
6
CONTINUOUS
10
3.7068938188976377
20
-2.5031482283464568
11
3.6907439763779526
21
-2.5031482283464568
0
LINE
8
BLACK
6
CONTINUOUS
10
3.6907439763779526
20
-2.5031482283464568
11
3.6746719291338583
21
-2.5015652755905511
0
LINE
8
BLACK
6
CONTINUOUS
10
3.6746719291338583
20
-2.5015652755905511
11
3.6588324015748031
21
-2.4984146062992125
0
LINE
8
BLACK
6
CONTINUOUS
10
3.6588324015748031
20
-2.4984146062992125
11
3.6433779527559054
21
-2.4937265354330709
0
LINE
8
BLACK
6
CONTINUOUS
10
3.6433779527559054
20
-2.4937265354330709
11
3.6284574803149607
21
-2.4875462598425195
0
LINE
8
BLACK
6
CONTINUOUS
10
3.6284574803149607
20
-2.4875462598425195
11
3.6142146062992127
21
-2.4799333070866143
0
LINE
8
BLACK
6
CONTINUOUS
10
3.6142146062992127
20
-2.4799333070866143
11
3.6007864960629918
21
-2.4709609055118111
0
LINE
8
BLACK
6
CONTINUOUS
10
3.6007864960629918
20
-2.4709609055118111
11
3.5883025196850391
21
-2.4607155905511808
0
LINE
8
BLACK
6
CONTINUOUS
10
3.5883025196850391
20
-2.4607155905511808
11
3.5768828346456694
21
-2.4492959055118111
0
LINE
8
BLACK
6
CONTINUOUS
10
3.5768828346456694
20
-2.4492959055118111
11
3.5666375196850395
21
-2.4368119291338584
0
LINE
8
BLACK
6
CONTINUOUS
10
3.5666375196850395
20
-2.4368119291338584
11
3.5576651181102363
21
-2.4233838188976375
0
LINE
8
BLACK
6
CONTINUOUS
10
3.5576651181102363
20
-2.4233838188976375
11
3.5500521653543307
21
-2.4091409448818899
0
LINE
8
BLACK
6
CONTINUOUS
10
3.5500521653543307
20
-2.4091409448818899
11
3.5438718897637793
21
-2.3942204724409448
0
LINE
8
BLACK
6
CONTINUOUS
10
3.5438718897637793
20
-2.3942204724409448
11
3.5391838188976377
21
-2.3787660236220471
0
LINE
8
BLACK
6
CONTINUOUS
10
3.5391838188976377
20
-2.3787660236220471
11
3.5360331496062991
21
-2.3629264960629919
0
LINE
8
BLACK
6
CONTINUOUS
10
3.5360331496062991
20
-2.3629264960629919
11
3.5344501968503934
21
-2.3468544488188976
0
LINE
8
BLACK
6
CONTINUOUS
10
3.5344501968503934
20
-2.3468544488188976
11
3.5344501968503934
21
-2.3309269685039369
0
LINE
8
BLACK
6
CONTINUOUS
10
3.5344501968503934
20
-2.3309269685039369
11
3.5344501968503934
21
-2.3307046062992125
0
LINE
8
BLACK
6
CONTINUOUS
10
3.5344501968503934
20
-2.3307046062992125
11
3.5360331496062991
21
-2.3146325590551182
0
LINE
8
BLACK
6
CONTINUOUS
10
3.5360331496062991
20
-2.3146325590551182
11
3.5391838188976377
21
-2.298793031496063
0
LINE
8
BLACK
6
CONTINUOUS
10
3.5391838188976377
20
-2.298793031496063
11
3.5438718897637793
21
-2.2833385826771653
0
LINE
8
BLACK
6
CONTINUOUS
10
3.5438718897637793
20
-2.2833385826771653
11
3.5500521653543307
21
-2.2684181102362206
0
LINE
8
BLACK
6
CONTINUOUS
10
3.5500521653543307
20
-2.2684181102362206
11
3.5576651181102363
21
-2.2541752362204726
0
LINE
8
BLACK
6
CONTINUOUS
10
3.5576651181102363
20
-2.2541752362204726
11
3.5666375196850395
21
-2.2407471259842517
0
LINE
8
BLACK
6
CONTINUOUS
10
3.5666375196850395
20
-2.2407471259842517
11
3.5768828346456694
21
-2.228263149606299
0
LINE
8
BLACK
6
CONTINUOUS
10
3.5768828346456694
20
-2.228263149606299
11
3.5883025196850391
21
-2.2168434645669293
0
LINE
8
BLACK
6
CONTINUOUS
10
3.5883025196850391
20
-2.2168434645669293
11
3.6007864960629918
21
-2.206598149606299
0
LINE
8
BLACK
6
CONTINUOUS
10
3.6007864960629918
20
-2.206598149606299
11
3.6142146062992127
21
-2.1976257480314958
0
LINE
8
BLACK
6
CONTINUOUS
10
3.6142146062992127
20
-2.1976257480314958
11
3.6284574803149607
21
-2.1900127952755906
0
LINE
8
BLACK
6
CONTINUOUS
10
3.6284574803149607
20
-2.1900127952755906
11
3.6433779527559054
21
-2.1838325196850392
0
LINE
8
BLACK
6
CONTINUOUS
10
3.6433779527559054
20
-2.1838325196850392
11
3.6588324015748031
21
-2.1791444488188976
0
LINE
8
BLACK
6
CONTINUOUS
10
3.6588324015748031
20
-2.1791444488188976
11
3.6746719291338583
21
-2.175993779527559
0
LINE
8
BLACK
6
CONTINUOUS
10
3.6746719291338583
20
-2.175993779527559
11
3.6907439763779526
21
-2.1744108267716533
0
LINE
8
BLACK
6
CONTINUOUS
10
3.6907439763779526
20
-2.1744108267716533
11
3.7068938188976377
21
-2.1744108267716533
0
LINE
8
BLACK
6
CONTINUOUS
10
3.7068938188976377
20
-2.1744108267716533
11
3.7229658661417324
21
-2.175993779527559
0
LINE
8
BLACK
6
CONTINUOUS
10
3.7011811023622045
20
-2.4986220472440945
11
3.7066714566929133
21
-2.4986220472440945
0
LINE
8
BLACK
6
CONTINUOUS
10
3.7066714566929133
20
-2.4986220472440945
11
3.7223009448818898
21
-2.4970826771653543
0
LINE
8
BLACK
6
CONTINUOUS
10
3.7223009448818898
20
-2.4970826771653543
11
3.7377042913385825
21
-2.4940187401574803
0
LINE
8
BLACK
6
CONTINUOUS
10
3.7377042913385825
20
-2.4940187401574803
11
3.752733149606299
21
-2.489459803149606
0
LINE
8
BLACK
6
CONTINUOUS
10
3.752733149606299
20
-2.489459803149606
11
3.7672427952755903
21
-2.4834496850393699
0
LINE
8
BLACK
6
CONTINUOUS
10
3.7672427952755903
20
-2.4834496850393699
11
3.7810934645669292
21
-2.476046377952756
0
LINE
8
BLACK
6
CONTINUOUS
10
3.7810934645669292
20
-2.476046377952756
11
3.7941518110236219
21
-2.4673210629921258
0
LINE
8
BLACK
6
CONTINUOUS
10
3.7941518110236219
20
-2.4673210629921258
11
3.8062920078740157
21
-2.457357834645669
0
LINE
8
BLACK
6
CONTINUOUS
10
3.8062920078740157
20
-2.457357834645669
11
3.8173972047244096
21
-2.4462526377952756
0
LINE
8
BLACK
6
CONTINUOUS
10
3.8173972047244096
20
-2.4462526377952756
11
3.8273604330708659
21
-2.4341124409448818
0
LINE
8
BLACK
6
CONTINUOUS
10
3.8273604330708659
20
-2.4341124409448818
11
3.836085748031496
21
-2.4210540944881891
0
LINE
8
BLACK
6
CONTINUOUS
10
3.836085748031496
20
-2.4210540944881891
11
3.84348905511811
21
-2.4072034251968502
0
LINE
8
BLACK
6
CONTINUOUS
10
3.84348905511811
20
-2.4072034251968502
11
3.8494991732283466
21
-2.3926937795275589
0
LINE
8
BLACK
6
CONTINUOUS
10
3.8494991732283466
20
-2.3926937795275589
11
3.8540581102362204
21
-2.3776649212598424
0
LINE
8
BLACK
6
CONTINUOUS
10
3.8540581102362204
20
-2.3776649212598424
11
3.8571220472440944
21
-2.3622615748031497
0
LINE
8
BLACK
6
CONTINUOUS
10
3.8571220472440944
20
-2.3622615748031497
11
3.8586614173228346
21
-2.3466320866141732
0
LINE
8
BLACK
6
CONTINUOUS
10
3.8586614173228346
20
-2.3466320866141732
11
3.8586614173228346
21
-2.3309269685039369
0
LINE
8
BLACK
6
CONTINUOUS
10
3.8586614173228346
20
-2.3309269685039369
11
3.8571220472440944
21
-2.3152974803149604
0
LINE
8
BLACK
6
CONTINUOUS
10
3.8571220472440944
20
-2.3152974803149604
11
3.8540581102362204
21
-2.2998941338582677
0
LINE
8
BLACK
6
CONTINUOUS
10
3.8540581102362204
20
-2.2998941338582677
11
3.8494991732283466
21
-2.2848652755905512
0
LINE
8
BLACK
6
CONTINUOUS
10
3.8494991732283466
20
-2.2848652755905512
11
3.84348905511811
21
-2.2703556299212599
0
LINE
8
BLACK
6
CONTINUOUS
10
3.84348905511811
20
-2.2703556299212599
11
3.836085748031496
21
-2.256504960629921
0
LINE
8
BLACK
6
CONTINUOUS
10
3.836085748031496
20
-2.256504960629921
11
3.8273604330708659
21
-2.2434466141732283
0
LINE
8
BLACK
6
CONTINUOUS
10
3.8273604330708659
20
-2.2434466141732283
11
3.8173972047244096
21
-2.2313064173228345
0
LINE
8
BLACK
6
CONTINUOUS
10
3.8173972047244096
20
-2.2313064173228345
11
3.8062920078740157
21
-2.2202012204724411
0
LINE
8
BLACK
6
CONTINUOUS
10
3.8062920078740157
20
-2.2202012204724411
11
3.7941518110236219
21
-2.2102379921259843
0
LINE
8
BLACK
6
CONTINUOUS
10
3.7941518110236219
20
-2.2102379921259843
11
3.7810934645669292
21
-2.2015126771653541
0
LINE
8
BLACK
6
CONTINUOUS
10
3.7810934645669292
20
-2.2015126771653541
11
3.7672427952755903
21
-2.1941093700787402
0
LINE
8
BLACK
6
CONTINUOUS
10
3.7672427952755903
20
-2.1941093700787402
11
3.752733149606299
21
-2.1880992519685041
0
LINE
8
BLACK
6
CONTINUOUS
10
3.752733149606299
20
-2.1880992519685041
11
3.7377042913385825
21
-2.1835403149606298
0
LINE
8
BLACK
6
CONTINUOUS
10
3.7377042913385825
20
-2.1835403149606298
11
3.7223009448818898
21
-2.1804763779527558
0
LINE
8
BLACK
6
CONTINUOUS
10
3.7223009448818898
20
-2.1804763779527558
11
3.7066714566929133
21
-2.1789370078740156
0
LINE
8
BLACK
6
CONTINUOUS
10
3.7066714566929133
20
-2.1789370078740156
11
3.7011811023622045
21
-2.1789370078740156
0
LINE
8
BLACK
6
CONTINUOUS
10
3.7011811023622045
20
-2.1789370078740156
11
3.7011811023622045
21
-2.4986220472440945
0
LINE
8
BLACK
6
CONTINUOUS
10
3.5957859055118111
20
-2.3000170078740156
11
3.5957858661417323
21
-2.3000170472440944
0
LINE
8
BLACK
6
CONTINUOUS
10
3.5957858661417323
20
-2.3000170472440944
11
3.5939779133858267
21
-2.3000170472440944
0
LINE
8
BLACK
6
CONTINUOUS
10
3.5939779133858267
20
-2.3000170472440944
11
3.5924031102362206
21
-2.3000170472440944
0
LINE
8
BLACK
6
CONTINUOUS
10
3.5924031102362206
20
-2.3000170472440944
11
3.5909449212598425
21
-2.3000170472440944
0
LINE
8
BLACK
6
CONTINUOUS
10
3.5909449212598425
20
-2.3000170472440944
11
3.5909449212598425
21
-2.3775420078740157
0
LINE
8
BLACK
6
CONTINUOUS
10
3.5909449212598425
20
-2.3775420078740157
11
3.5910614173228343
21
-2.3775420078740157
0
LINE
8
BLACK
6
CONTINUOUS
10
3.5910614173228343
20
-2.3775420078740157
11
3.5926362598425197
21
-2.3775420078740157
0
LINE
8
BLACK
6
CONTINUOUS
10
3.5926362598425197
20
-2.3775420078740157
11
3.5942110629921258
21
-2.3775420078740157
0
LINE
8
BLACK
6
CONTINUOUS
10
3.5942110629921258
20
-2.3775420078740157
11
3.5957858661417323
21
-2.3775420078740157
0
LINE
8
BLACK
6
CONTINUOUS
10
3.5957858661417323
20
-2.3775420078740157
11
3.5957859055118111
21
-2.3775420472440945
0
LINE
8
BLACK
6
CONTINUOUS
10
3.5957859055118111
20
-2.3775420472440945
11
3.5971274803149607
21
-2.3775420472440945
0
LINE
8
BLACK
6
CONTINUOUS
10
3.5971274803149607
20
-2.3775420472440945
11
3.5971275196850394
21
-2.3775420078740157
0
LINE
8
BLACK
6
CONTINUOUS
10
3.5971275196850394
20
-2.3775420078740157
11
3.5989354724409446
21
-2.3775420078740157
0
LINE
8
BLACK
6
CONTINUOUS
10
3.5989354724409446
20
-2.3775420078740157
11
3.6005102755905511
21
-2.3775420078740157
0
LINE
8
BLACK
6
CONTINUOUS
10
3.6005102755905511
20
-2.3775420078740157
11
3.6020850787401573
21
-2.3775420078740157
0
LINE
8
BLACK
6
CONTINUOUS
10
3.6020850787401573
20
-2.3775420078740157
11
3.6036599212598426
21
-2.3775420078740157
0
LINE
8
BLACK
6
CONTINUOUS
10
3.6036599212598426
20
-2.3775420078740157
11
3.6052346850393699
21
-2.3775420078740157
0
LINE
8
BLACK
6
CONTINUOUS
10
3.6052346850393699
20
-2.3775420078740157
11
3.6068094881889765
21
-2.3775420078740157
0
LINE
8
BLACK
6
CONTINUOUS
10
3.6068094881889765
20
-2.3775420078740157
11
3.6083842519685039
21
-2.3775420078740157
0
LINE
8
BLACK
6
CONTINUOUS
10
3.6083842519685039
20
-2.3775420078740157
11
3.6099590944881887
21
-2.3775420078740157
0
LINE
8
BLACK
6
CONTINUOUS
10
3.6099590944881887
20
-2.3775420078740157
11
3.6115338976377953
21
-2.3775420078740157
0
LINE
8
BLACK
6
CONTINUOUS
10
3.6115338976377953
20
-2.3775420078740157
11
3.6131087007874014
21
-2.3775420078740157
0
LINE
8
BLACK
6
CONTINUOUS
10
3.6131087007874014
20
-2.3775420078740157
11
3.6131087401574802
21
-2.3775420472440945
0
LINE
8
BLACK
6
CONTINUOUS
10
3.6131087401574802
20
-2.3775420472440945
11
3.6144503149606297
21
-2.3775420472440945
0
LINE
8
BLACK
6
CONTINUOUS
10
3.6144503149606297
20
-2.3775420472440945
11
3.6144503543307085
21
-2.3775420078740157
0
LINE
8
BLACK
6
CONTINUOUS
10
3.6144503543307085
20
-2.3775420078740157
11
3.6162583070866141
21
-2.3775420078740157
0
LINE
8
BLACK
6
CONTINUOUS
10
3.6162583070866141
20
-2.3775420078740157
11
3.6178331102362202
21
-2.3775420078740157
0
LINE
8
BLACK
6
CONTINUOUS
10
3.6178331102362202
20
-2.3775420078740157
11
3.6194079133858268
21
-2.3775420078740157
0
LINE
8
BLACK
6
CONTINUOUS
10
3.6194079133858268
20
-2.3775420078740157
11
3.6209827559055117
21
-2.3775420078740157
0
LINE
8
BLACK
6
CONTINUOUS
10
3.6209827559055117
20
-2.3775420078740157
11
3.6225575196850395
21
-2.3775420078740157
0
LINE
8
BLACK
6
CONTINUOUS
10
3.6225575196850395
20
-2.3775420078740157
11
3.6241323228346456
21
-2.3775420078740157
0
LINE
8
BLACK
6
CONTINUOUS
10
3.6241323228346456
20
-2.3775420078740157
11
3.625707086614173
21
-2.3775420078740157
0
LINE
8
BLACK
6
CONTINUOUS
10
3.625707086614173
20
-2.3775420078740157
11
3.6272819291338583
21
-2.3775420078740157
0
LINE
8
BLACK
6
CONTINUOUS
10
3.6272819291338583
20
-2.3775420078740157
11
3.6288567322834644
21
-2.3775420078740157
0
LINE
8
BLACK
6
CONTINUOUS
10
3.6288567322834644
20
-2.3775420078740157
11
3.630431535433071
21
-2.3775420078740157
0
LINE
8
BLACK
6
CONTINUOUS
10
3.630431535433071
20
-2.3775420078740157
11
3.6304315748031497
21
-2.3775420472440945
0
LINE
8
BLACK
6
CONTINUOUS
10
3.6304315748031497
20
-2.3775420472440945
11
3.6317731496062993
21
-2.3775420472440945
0
LINE
8
BLACK
6
CONTINUOUS
10
3.6317731496062993
20
-2.3775420472440945
11
3.631773188976378
21
-2.3775420078740157
0
LINE
8
BLACK
6
CONTINUOUS
10
3.631773188976378
20
-2.3775420078740157
11
3.6335811417322832
21
-2.3775420078740157
0
LINE
8
BLACK
6
CONTINUOUS
10
3.6335811417322832
20
-2.3775420078740157
11
3.6351559448818898
21
-2.3775420078740157
0
LINE
8
BLACK
6
CONTINUOUS
10
3.6351559448818898
20
-2.3775420078740157
11
3.6367307480314959
21
-2.3775420078740157
0
LINE
8
BLACK
6
CONTINUOUS
10
3.6367307480314959
20
-2.3775420078740157
11
3.6383055905511812
21
-2.3775420078740157
0
LINE
8
BLACK
6
CONTINUOUS
10
3.6383055905511812
20
-2.3775420078740157
11
3.6398803543307086
21
-2.3775420078740157
0
LINE
8
BLACK
6
CONTINUOUS
10
3.6398803543307086
20
-2.3775420078740157
11
3.6414551574803147
21
-2.3775420078740157
0
LINE
8
BLACK
6
CONTINUOUS
10
3.6414551574803147
20
-2.3775420078740157
11
3.6430299212598425
21
-2.3775420078740157
0
LINE
8
BLACK
6
CONTINUOUS
10
3.6430299212598425
20
-2.3775420078740157
11
3.6446048031496061
21
-2.3775420078740157
0
LINE
8
BLACK
6
CONTINUOUS
10
3.6446048031496061
20
-2.3775420078740157
11
3.6461795669291339
21
-2.3775420078740157
0
LINE
8
BLACK
6
CONTINUOUS
10
3.6461795669291339
20
-2.3775420078740157
11
3.64775437007874
21
-2.3775420078740157
0
LINE
8
BLACK
6
CONTINUOUS
10
3.64775437007874
20
-2.3775420078740157
11
3.6477544094488188
21
-2.3775420472440945
0
LINE
8
BLACK
6
CONTINUOUS
10
3.6477544094488188
20
-2.3775420472440945
11
3.6490959842519683
21
-2.3775420472440945
0
LINE
8
BLACK
6
CONTINUOUS
10
3.6490959842519683
20
-2.3775420472440945
11
3.6490960236220471
21
-2.3775420078740157
0
LINE
8
BLACK
6
CONTINUOUS
10
3.6490960236220471
20
-2.3775420078740157
11
3.6509039763779527
21
-2.3775420078740157
0
LINE
8
BLACK
6
CONTINUOUS
10
3.6509039763779527
20
-2.3775420078740157
11
3.6524787795275588
21
-2.3775420078740157
0
LINE
8
BLACK
6
CONTINUOUS
10
3.6524787795275588
20
-2.3775420078740157
11
3.6540535826771654
21
-2.3775420078740157
0
LINE
8
BLACK
6
CONTINUOUS
10
3.6540535826771654
20
-2.3775420078740157
11
3.6540536220472442
21
-2.3775420472440945
0
LINE
8
BLACK
6
CONTINUOUS
10
3.6540536220472442
20
-2.3775420472440945
11
3.6553951968503937
21
-2.3775420472440945
0
LINE
8
BLACK
6
CONTINUOUS
10
3.6553951968503937
20
-2.3775420472440945
11
3.6553952362204725
21
-2.3775420078740157
0
LINE
8
BLACK
6
CONTINUOUS
10
3.6553952362204725
20
-2.3775420078740157
11
3.6572031889763781
21
-2.3775420078740157
0
LINE
8
BLACK
6
CONTINUOUS
10
3.6572031889763781
20
-2.3775420078740157
11
3.6587779921259842
21
-2.3775420078740157
0
LINE
8
BLACK
6
CONTINUOUS
10
3.6587779921259842
20
-2.3775420078740157
11
3.6603527952755903
21
-2.3775420078740157
0
LINE
8
BLACK
6
CONTINUOUS
10
3.6603527952755903
20
-2.3775420078740157
11
3.6619276377952756
21
-2.3775420078740157
0
LINE
8
BLACK
6
CONTINUOUS
10
3.6619276377952756
20
-2.3775420078740157
11
3.663502401574803
21
-2.3775420078740157
0
LINE
8
BLACK
6
CONTINUOUS
10
3.663502401574803
20
-2.3775420078740157
11
3.6650772047244096
21
-2.3775420078740157
0
LINE
8
BLACK
6
CONTINUOUS
10
3.6650772047244096
20
-2.3775420078740157
11
3.6666519685039369
21
-2.3775420078740157
0
LINE
8
BLACK
6
CONTINUOUS
10
3.6666519685039369
20
-2.3775420078740157
11
3.6682268110236218
21
-2.3775420078740157
0
LINE
8
BLACK
6
CONTINUOUS
10
3.6682268110236218
20
-2.3775420078740157
11
3.6696850393700786
21
-2.3775420078740157
0
LINE
8
BLACK
6
CONTINUOUS
10
3.6696850393700786
20
-2.3775420078740157
11
3.6696850393700786
21
-2.3000170472440944
0
LINE
8
BLACK
6
CONTINUOUS
10
3.6696850393700786
20
-2.3000170472440944
11
3.6695684645669289
21
-2.3000170472440944
0
LINE
8
BLACK
6
CONTINUOUS
10
3.6695684645669289
20
-2.3000170472440944
11
3.6679936614173227
21
-2.3000170472440944
0
LINE
8
BLACK
6
CONTINUOUS
10
3.6679936614173227
20
-2.3000170472440944
11
3.6664188582677166
21
-2.3000170472440944
0
LINE
8
BLACK
6
CONTINUOUS
10
3.6664188582677166
20
-2.3000170472440944
11
3.6648440157480313
21
-2.3000170472440944
0
LINE
8
BLACK
6
CONTINUOUS
10
3.6648440157480313
20
-2.3000170472440944
11
3.6632692519685039
21
-2.3000170472440944
0
LINE
8
BLACK
6
CONTINUOUS
10
3.6632692519685039
20
-2.3000170472440944
11
3.6616944488188974
21
-2.3000170472440944
0
LINE
8
BLACK
6
CONTINUOUS
10
3.6616944488188974
20
-2.3000170472440944
11
3.66011968503937
21
-2.3000170472440944
0
LINE
8
BLACK
6
CONTINUOUS
10
3.66011968503937
20
-2.3000170472440944
11
3.6585448425196851
21
-2.3000170472440944
0
LINE
8
BLACK
6
CONTINUOUS
10
3.6585448425196851
20
-2.3000170472440944
11
3.6569700393700786
21
-2.3000170472440944
0
LINE
8
BLACK
6
CONTINUOUS
10
3.6569700393700786
20
-2.3000170472440944
11
3.6553952362204725
21
-2.3000170472440944
0
LINE
8
BLACK
6
CONTINUOUS
10
3.6553952362204725
20
-2.3000170472440944
11
3.6553951968503937
21
-2.3000170078740156
0
LINE
8
BLACK
6
CONTINUOUS
10
3.6553951968503937
20
-2.3000170078740156
11
3.6540536220472442
21
-2.3000170078740156
0
LINE
8
BLACK
6
CONTINUOUS
10
3.6540536220472442
20
-2.3000170078740156
11
3.6540535826771654
21
-2.3000170472440944
0
LINE
8
BLACK
6
CONTINUOUS
10
3.6540535826771654
20
-2.3000170472440944
11
3.6522456299212598
21
-2.3000170472440944
0
LINE
8
BLACK
6
CONTINUOUS
10
3.6522456299212598
20
-2.3000170472440944
11
3.6506708267716537
21
-2.3000170472440944
0
LINE
8
BLACK
6
CONTINUOUS
10
3.6506708267716537
20
-2.3000170472440944
11
3.6490960236220471
21
-2.3000170472440944
0
LINE
8
BLACK
6
CONTINUOUS
10
3.6490960236220471
20
-2.3000170472440944
11
3.6490959842519683
21
-2.3000170078740156
0
LINE
8
BLACK
6
CONTINUOUS
10
3.6490959842519683
20
-2.3000170078740156
11
3.6477544094488188
21
-2.3000170078740156
0
LINE
8
BLACK
6
CONTINUOUS
10
3.6477544094488188
20
-2.3000170078740156
11
3.64775437007874
21
-2.3000170472440944
0
LINE
8
BLACK
6
CONTINUOUS
10
3.64775437007874
20
-2.3000170472440944
11
3.6459464173228344
21
-2.3000170472440944
0
LINE
8
BLACK
6
CONTINUOUS
10
3.6459464173228344
20
-2.3000170472440944
11
3.6443716141732283
21
-2.3000170472440944
0
LINE
8
BLACK
6
CONTINUOUS
10
3.6443716141732283
20
-2.3000170472440944
11
3.6427968503937005
21
-2.3000170472440944
0
LINE
8
BLACK
6
CONTINUOUS
10
3.6427968503937005
20
-2.3000170472440944
11
3.6412219685039369
21
-2.3000170472440944
0
LINE
8
BLACK
6
CONTINUOUS
10
3.6412219685039369
20
-2.3000170472440944
11
3.6396472047244095
21
-2.3000170472440944
0
LINE
8
BLACK
6
CONTINUOUS
10
3.6396472047244095
20
-2.3000170472440944
11
3.6380724015748029
21
-2.3000170472440944
0
LINE
8
BLACK
6
CONTINUOUS
10
3.6380724015748029
20
-2.3000170472440944
11
3.6364976377952756
21
-2.3000170472440944
0
LINE
8
BLACK
6
CONTINUOUS
10
3.6364976377952756
20
-2.3000170472440944
11
3.6349227952755903
21
-2.3000170472440944
0
LINE
8
BLACK
6
CONTINUOUS
10
3.6349227952755903
20
-2.3000170472440944
11
3.6333479921259841
21
-2.3000170472440944
0
LINE
8
BLACK
6
CONTINUOUS
10
3.6333479921259841
20
-2.3000170472440944
11
3.631773188976378
21
-2.3000170472440944
0
LINE
8
BLACK
6
CONTINUOUS
10
3.631773188976378
20
-2.3000170472440944
11
3.6317731496062993
21
-2.3000170078740156
0
LINE
8
BLACK
6
CONTINUOUS
10
3.6317731496062993
20
-2.3000170078740156
11
3.6304315748031497
21
-2.3000170078740156
0
LINE
8
BLACK
6
CONTINUOUS
10
3.6304315748031497
20
-2.3000170078740156
11
3.630431535433071
21
-2.3000170472440944
0
LINE
8
BLACK
6
CONTINUOUS
10
3.630431535433071
20
-2.3000170472440944
11
3.6286235826771653
21
-2.3000170472440944
0
LINE
8
BLACK
6
CONTINUOUS
10
3.6286235826771653
20
-2.3000170472440944
11
3.6270487795275588
21
-2.3000170472440944
0
LINE
8
BLACK
6
CONTINUOUS
10
3.6270487795275588
20
-2.3000170472440944
11
3.6254739763779527
21
-2.3000170472440944
0
LINE
8
BLACK
6
CONTINUOUS
10
3.6254739763779527
20
-2.3000170472440944
11
3.6238991338582678
21
-2.3000170472440944
0
LINE
8
BLACK
6
CONTINUOUS
10
3.6238991338582678
20
-2.3000170472440944
11
3.62232437007874
21
-2.3000170472440944
0
LINE
8
BLACK
6
CONTINUOUS
10
3.62232437007874
20
-2.3000170472440944
11
3.6207495669291339
21
-2.3000170472440944
0
LINE
8
BLACK
6
CONTINUOUS
10
3.6207495669291339
20
-2.3000170472440944
11
3.619174803149606
21
-2.3000170472440944
0
LINE
8
BLACK
6
CONTINUOUS
10
3.619174803149606
20
-2.3000170472440944
11
3.6175999606299212
21
-2.3000170472440944
0
LINE
8
BLACK
6
CONTINUOUS
10
3.6175999606299212
20
-2.3000170472440944
11
3.6160251574803151
21
-2.3000170472440944
0
LINE
8
BLACK
6
CONTINUOUS
10
3.6160251574803151
20
-2.3000170472440944
11
3.6144503543307085
21
-2.3000170472440944
0
LINE
8
BLACK
6
CONTINUOUS
10
3.6144503543307085
20
-2.3000170472440944
11
3.6144503149606297
21
-2.3000170078740156
0
LINE
8
BLACK
6
CONTINUOUS
10
3.6144503149606297
20
-2.3000170078740156
11
3.6131087401574802
21
-2.3000170078740156
0
LINE
8
BLACK
6
CONTINUOUS
10
3.6131087401574802
20
-2.3000170078740156
11
3.6131087007874014
21
-2.3000170472440944
0
LINE
8
BLACK
6
CONTINUOUS
10
3.6131087007874014
20
-2.3000170472440944
11
3.6113007480314958
21
-2.3000170472440944
0
LINE
8
BLACK
6
CONTINUOUS
10
3.6113007480314958
20
-2.3000170472440944
11
3.6097259448818897
21
-2.3000170472440944
0
LINE
8
BLACK
6
CONTINUOUS
10
3.6097259448818897
20
-2.3000170472440944
11
3.6081511417322836
21
-2.3000170472440944
0
LINE
8
BLACK
6
CONTINUOUS
10
3.6081511417322836
20
-2.3000170472440944
11
3.6065762992125983
21
-2.3000170472440944
0
LINE
8
BLACK
6
CONTINUOUS
10
3.6065762992125983
20
-2.3000170472440944
11
3.6050015354330709
21
-2.3000170472440944
0
LINE
8
BLACK
6
CONTINUOUS
10
3.6050015354330709
20
-2.3000170472440944
11
3.6034267322834643
21
-2.3000170472440944
0
LINE
8
BLACK
6
CONTINUOUS
10
3.6034267322834643
20
-2.3000170472440944
11
3.601851968503937
21
-2.3000170472440944
0
LINE
8
BLACK
6
CONTINUOUS
10
3.601851968503937
20
-2.3000170472440944
11
3.6002771259842521
21
-2.3000170472440944
0
LINE
8
BLACK
6
CONTINUOUS
10
3.6002771259842521
20
-2.3000170472440944
11
3.5987023228346455
21
-2.3000170472440944
0
LINE
8
BLACK
6
CONTINUOUS
10
3.5987023228346455
20
-2.3000170472440944
11
3.5971275196850394
21
-2.3000170472440944
0
LINE
8
BLACK
6
CONTINUOUS
10
3.5971275196850394
20
-2.3000170472440944
11
3.5971274803149607
21
-2.3000170078740156
0
LINE
8
BLACK
6
CONTINUOUS
10
3.5971274803149607
20
-2.3000170078740156
11
3.5957859055118111
21
-2.3000170078740156
0
LINE
8
BLACK
6
CONTINUOUS
10
4.456605905511811
20
-2.4715148031496064
11
4.4571269291338584
21
-2.4720358267716533
0
LINE
8
BLACK
6
CONTINUOUS
10
4.4571269291338584
20
-2.4720358267716533
11
4.466575748031496
21
-2.4850279527559054
0
LINE
8
BLACK
6
CONTINUOUS
10
4.466575748031496
20
-2.4850279527559054
11
4.4669986614173229
21
-2.4867857480314961
0
LINE
8
BLACK
6
CONTINUOUS
10
4.4669986614173229
20
-2.4867857480314961
11
4.4660547244094486
21
-2.4883277165354332
0
LINE
8
BLACK
6
CONTINUOUS
10
4.4660547244094486
20
-2.4883277165354332
11
4.4646653543307089
21
-2.4887795275590552
0
LINE
8
BLACK
6
CONTINUOUS
10
4.4646653543307089
20
-2.4887795275590552
11
4.4457677165354328
21
-2.4887795275590552
0
LINE
8
BLACK
6
CONTINUOUS
10
4.4457677165354328
20
-2.4887795275590552
11
4.4440974015748029
21
-2.4880876377952754
0
LINE
8
BLACK
6
CONTINUOUS
10
4.4440974015748029
20
-2.4880876377952754
11
4.4434055118110232
21
-2.4864173228346456
0
LINE
8
BLACK
6
CONTINUOUS
10
4.4434055118110232
20
-2.4864173228346456
11
4.4438573228346456
21
-2.4850279527559054
0
LINE
8
BLACK
6
CONTINUOUS
10
4.4438573228346456
20
-2.4850279527559054
11
4.4533061417322832
21
-2.4720358267716533
0
LINE
8
BLACK
6
CONTINUOUS
10
4.4533061417322832
20
-2.4720358267716533
11
4.4548481102362203
21
-2.4710918897637795
0
LINE
8
BLACK
6
CONTINUOUS
10
4.4548481102362203
20
-2.4710918897637795
11
4.456605905511811
21
-2.4715148031496064
0
LINE
8
BLACK
6
CONTINUOUS
10
4.5372228740157476
20
-2.4247861023622046
11
4.5385012992125979
21
-2.4260645275590549
0
LINE
8
BLACK
6
CONTINUOUS
10
4.5385012992125979
20
-2.4260645275590549
11
4.5386811023622045
21
-2.4269685039370077
0
LINE
8
BLACK
6
CONTINUOUS
10
4.5386811023622045
20
-2.4269685039370077
11
4.5386811023622045
21
-2.4663385826771651
0
LINE
8
BLACK
6
CONTINUOUS
10
4.5386811023622045
20
-2.4663385826771651
11
4.5385012992125979
21
-2.4672425590551179
0
LINE
8
BLACK
6
CONTINUOUS
10
4.5385012992125979
20
-2.4672425590551179
11
4.5372228740157476
21
-2.4685209842519686
0
LINE
8
BLACK
6
CONTINUOUS
10
4.5372228740157476
20
-2.4685209842519686
11
4.535414921259842
21
-2.4685209842519686
0
LINE
8
BLACK
6
CONTINUOUS
10
4.535414921259842
20
-2.4685209842519686
11
4.5341364960629917
21
-2.4672425590551179
0
LINE
8
BLACK
6
CONTINUOUS
10
4.5341364960629917
20
-2.4672425590551179
11
4.5339566929133861
21
-2.4663385826771651
0
LINE
8
BLACK
6
CONTINUOUS
10
4.5339566929133861
20
-2.4663385826771651
11
4.5339566929133861
21
-2.4293307086614173
0
LINE
8
BLACK
6
CONTINUOUS
10
4.5339566929133861
20
-2.4293307086614173
11
4.4787602755905507
21
-2.4293307086614173
0
LINE
8
BLACK
6
CONTINUOUS
10
4.4787602755905507
20
-2.4293307086614173
11
4.4786587795275592
21
-2.4298409842519684
0
LINE
8
BLACK
6
CONTINUOUS
10
4.4786587795275592
20
-2.4298409842519684
11
4.4773803543307089
21
-2.4311194094488187
0
LINE
8
BLACK
6
CONTINUOUS
10
4.4773803543307089
20
-2.4311194094488187
11
4.4755724015748033
21
-2.4311194094488187
0
LINE
8
BLACK
6
CONTINUOUS
10
4.4755724015748033
20
-2.4311194094488187
11
4.474293976377953
21
-2.4298409842519684
0
LINE
8
BLACK
6
CONTINUOUS
10
4.474293976377953
20
-2.4298409842519684
11
4.4741141732283465
21
-2.4289370078740156
0
LINE
8
BLACK
6
CONTINUOUS
10
4.4741141732283465
20
-2.4289370078740156
11
4.4741141732283465
21
-2.4269685039370077
0
LINE
8
BLACK
6
CONTINUOUS
10
4.4741141732283465
20
-2.4269685039370077
11
4.474293976377953
21
-2.4260645275590549
0
LINE
8
BLACK
6
CONTINUOUS
10
4.474293976377953
20
-2.4260645275590549
11
4.4755724015748033
21
-2.4247861023622046
0
LINE
8
BLACK
6
CONTINUOUS
10
4.4755724015748033
20
-2.4247861023622046
11
4.4764763779527561
21
-2.4246062992125985
0
LINE
8
BLACK
6
CONTINUOUS
10
4.4764763779527561
20
-2.4246062992125985
11
4.5363188976377948
21
-2.4246062992125985
0
LINE
8
BLACK
6
CONTINUOUS
10
4.5363188976377948
20
-2.4246062992125985
11
4.5372228740157476
21
-2.4247861023622046
0
LINE
8
BLACK
6
CONTINUOUS
10
4.2752034645669292
20
-2.3830960629921258
11
4.2760181102362207
21
-2.3839107086614173
0
LINE
8
BLACK
6
CONTINUOUS
10
4.2760181102362207
20
-2.3839107086614173
11
4.2764590157480313
21
-2.3849751181102361
0
LINE
8
BLACK
6
CONTINUOUS
10
4.2764590157480313
20
-2.3849751181102361
11
4.2765157480314961
21
-2.385551181102362
0
LINE
8
BLACK
6
CONTINUOUS
10
4.2765157480314961
20
-2.385551181102362
11
4.2765157480314961
21
-2.445551181102362
0
LINE
8
BLACK
6
CONTINUOUS
10
4.2765157480314961
20
-2.445551181102362
11
4.2764590157480313
21
-2.4461272440944883
0
LINE
8
BLACK
6
CONTINUOUS
10
4.2764590157480313
20
-2.4461272440944883
11
4.2760181102362207
21
-2.4471916535433071
0
LINE
8
BLACK
6
CONTINUOUS
10
4.2760181102362207
20
-2.4471916535433071
11
4.2752034645669292
21
-2.4480062992125982
0
LINE
8
BLACK
6
CONTINUOUS
10
4.2752034645669292
20
-2.4480062992125982
11
4.27413905511811
21
-2.4484472047244092
0
LINE
8
BLACK
6
CONTINUOUS
10
4.27413905511811
20
-2.4484472047244092
11
4.2729869291338582
21
-2.4484472047244092
0
LINE
8
BLACK
6
CONTINUOUS
10
4.2729869291338582
20
-2.4484472047244092
11
4.271922519685039
21
-2.4480062992125982
0
LINE
8
BLACK
6
CONTINUOUS
10
4.271922519685039
20
-2.4480062992125982
11
4.2711078740157475
21
-2.4471916535433071
0
LINE
8
BLACK
6
CONTINUOUS
10
4.2711078740157475
20
-2.4471916535433071
11
4.2706669685039369
21
-2.4461272440944883
0
LINE
8
BLACK
6
CONTINUOUS
10
4.2706669685039369
20
-2.4461272440944883
11
4.2706102362204721
21
-2.445551181102362
0
LINE
8
BLACK
6
CONTINUOUS
10
4.2706102362204721
20
-2.445551181102362
11
4.2706102362204721
21
-2.385551181102362
0
LINE
8
BLACK
6
CONTINUOUS
10
4.2706102362204721
20
-2.385551181102362
11
4.2706669685039369
21
-2.3849751181102361
0
LINE
8
BLACK
6
CONTINUOUS
10
4.2706669685039369
20
-2.3849751181102361
11
4.2711078740157475
21
-2.3839107086614173
0
LINE
8
BLACK
6
CONTINUOUS
10
4.2711078740157475
20
-2.3839107086614173
11
4.271922519685039
21
-2.3830960629921258
0
LINE
8
BLACK
6
CONTINUOUS
10
4.271922519685039
20
-2.3830960629921258
11
4.2729869291338582
21
-2.3826551574803148
0
LINE
8
BLACK
6
CONTINUOUS
10
4.2729869291338582
20
-2.3826551574803148
11
4.27413905511811
21
-2.3826551574803148
0
LINE
8
BLACK
6
CONTINUOUS
10
4.27413905511811
20
-2.3826551574803148
11
4.2752034645669292
21
-2.3830960629921258
0
LINE
8
BLACK
6
CONTINUOUS
10
4.3952034645669293
20
-2.3830960629921258
11
4.3960181102362208
21
-2.3839107086614173
0
LINE
8
BLACK
6
CONTINUOUS
10
4.3960181102362208
20
-2.3839107086614173
11
4.3964590157480314
21
-2.3849751181102361
0
LINE
8
BLACK
6
CONTINUOUS
10
4.3964590157480314
20
-2.3849751181102361
11
4.3965157480314963
21
-2.385551181102362
0
LINE
8
BLACK
6
CONTINUOUS
10
4.3965157480314963
20
-2.385551181102362
11
4.3965157480314963
21
-2.445551181102362
0
LINE
8
BLACK
6
CONTINUOUS
10
4.3965157480314963
20
-2.445551181102362
11
4.3964590157480314
21
-2.4461272440944883
0
LINE
8
BLACK
6
CONTINUOUS
10
4.3964590157480314
20
-2.4461272440944883
11
4.3960181102362208
21
-2.4471916535433071
0
LINE
8
BLACK
6
CONTINUOUS
10
4.3960181102362208
20
-2.4471916535433071
11
4.3952034645669293
21
-2.4480062992125982
0
LINE
8
BLACK
6
CONTINUOUS
10
4.3952034645669293
20
-2.4480062992125982
11
4.3941390551181101
21
-2.4484472047244092
0
LINE
8
BLACK
6
CONTINUOUS
10
4.3941390551181101
20
-2.4484472047244092
11
4.3929869291338584
21
-2.4484472047244092
0
LINE
8
BLACK
6
CONTINUOUS
10
4.3929869291338584
20
-2.4484472047244092
11
4.3919225196850391
21
-2.4480062992125982
0
LINE
8
BLACK
6
CONTINUOUS
10
4.3919225196850391
20
-2.4480062992125982
11
4.3911078740157476
21
-2.4471916535433071
0
LINE
8
BLACK
6
CONTINUOUS
10
4.3911078740157476
20
-2.4471916535433071
11
4.390666968503937
21
-2.4461272440944883
0
LINE
8
BLACK
6
CONTINUOUS
10
4.390666968503937
20
-2.4461272440944883
11
4.3906102362204722
21
-2.445551181102362
0
LINE
8
BLACK
6
CONTINUOUS
10
4.3906102362204722
20
-2.445551181102362
11
4.3906102362204722
21
-2.385551181102362
0
LINE
8
BLACK
6
CONTINUOUS
10
4.3906102362204722
20
-2.385551181102362
11
4.390666968503937
21
-2.3849751181102361
0
LINE
8
BLACK
6
CONTINUOUS
10
4.390666968503937
20
-2.3849751181102361
11
4.3911078740157476
21
-2.3839107086614173
0
LINE
8
BLACK
6
CONTINUOUS
10
4.3911078740157476
20
-2.3839107086614173
11
4.3919225196850391
21
-2.3830960629921258
0
LINE
8
BLACK
6
CONTINUOUS
10
4.3919225196850391
20
-2.3830960629921258
11
4.3929869291338584
21
-2.3826551574803148
0
LINE
8
BLACK
6
CONTINUOUS
10
4.3929869291338584
20
-2.3826551574803148
11
4.3941390551181101
21
-2.3826551574803148
0
LINE
8
BLACK
6
CONTINUOUS
10
4.3941390551181101
20
-2.3826551574803148
11
4.3952034645669293
21
-2.3830960629921258
0
LINE
8
BLACK
6
CONTINUOUS
10
4.3494669685039371
20
-2.4433687795275589
11
4.3507453937007874
21
-2.4446472047244092
0
LINE
8
BLACK
6
CONTINUOUS
10
4.3507453937007874
20
-2.4446472047244092
11
4.3507453937007874
21
-2.4464551574803148
0
LINE
8
BLACK
6
CONTINUOUS
10
4.3507453937007874
20
-2.4464551574803148
11
4.3494669685039371
21
-2.4477335826771651
0
LINE
8
BLACK
6
CONTINUOUS
10
4.3494669685039371
20
-2.4477335826771651
11
4.3485629921259843
21
-2.4479133858267716
0
LINE
8
BLACK
6
CONTINUOUS
10
4.3485629921259843
20
-2.4479133858267716
11
4.318562992125984
21
-2.4479133858267716
0
LINE
8
BLACK
6
CONTINUOUS
10
4.318562992125984
20
-2.4479133858267716
11
4.3176590157480312
21
-2.4477335826771651
0
LINE
8
BLACK
6
CONTINUOUS
10
4.3176590157480312
20
-2.4477335826771651
11
4.316380590551181
21
-2.4464551574803148
0
LINE
8
BLACK
6
CONTINUOUS
10
4.316380590551181
20
-2.4464551574803148
11
4.316380590551181
21
-2.4446472047244092
0
LINE
8
BLACK
6
CONTINUOUS
10
4.316380590551181
20
-2.4446472047244092
11
4.3176590157480312
21
-2.4433687795275589
0
LINE
8
BLACK
6
CONTINUOUS
10
4.3176590157480312
20
-2.4433687795275589
11
4.318562992125984
21
-2.4431889763779528
0
LINE
8
BLACK
6
CONTINUOUS
10
4.318562992125984
20
-2.4431889763779528
11
4.3485629921259843
21
-2.4431889763779528
0
LINE
8
BLACK
6
CONTINUOUS
10
4.3485629921259843
20
-2.4431889763779528
11
4.3494669685039371
21
-2.4433687795275589
0
LINE
8
BLACK
6
CONTINUOUS
10
3.8588634251968501
20
-2.4132692519685039
11
3.8590432283464566
21
-2.4141732283464568
0
LINE
8
BLACK
6
CONTINUOUS
10
3.8590432283464566
20
-2.4141732283464568
11
3.8590432283464566
21
-2.4275590551181101
0
LINE
8
BLACK
6
CONTINUOUS
10
3.8590432283464566
20
-2.4275590551181101
11
3.87242905511811
21
-2.4275590551181101
0
LINE
8
BLACK
6
CONTINUOUS
10
3.87242905511811
20
-2.4275590551181101
11
3.8733330314960628
21
-2.4277388582677166
0
LINE
8
BLACK
6
CONTINUOUS
10
3.8733330314960628
20
-2.4277388582677166
11
3.8746114566929135
21
-2.4290172834645669
0
LINE
8
BLACK
6
CONTINUOUS
10
3.8746114566929135
20
-2.4290172834645669
11
3.8746114566929135
21
-2.4308252362204725
0
LINE
8
BLACK
6
CONTINUOUS
10
3.8746114566929135
20
-2.4308252362204725
11
3.8733330314960628
21
-2.4321036614173228
0
LINE
8
BLACK
6
CONTINUOUS
10
3.8733330314960628
20
-2.4321036614173228
11
3.87242905511811
21
-2.4322834645669289
0
LINE
8
BLACK
6
CONTINUOUS
10
3.87242905511811
20
-2.4322834645669289
11
3.8590432283464566
21
-2.4322834645669289
0
LINE
8
BLACK
6
CONTINUOUS
10
3.8590432283464566
20
-2.4322834645669289
11
3.8590432283464566
21
-2.4456692913385827
0
LINE
8
BLACK
6
CONTINUOUS
10
3.8590432283464566
20
-2.4456692913385827
11
3.8588634251968501
21
-2.4465732677165355
0
LINE
8
BLACK
6
CONTINUOUS
10
3.8588634251968501
20
-2.4465732677165355
11
3.8575849999999998
21
-2.4478516929133858
0
LINE
8
BLACK
6
CONTINUOUS
10
3.8575849999999998
20
-2.4478516929133858
11
3.8557770472440942
21
-2.4478516929133858
0
LINE
8
BLACK
6
CONTINUOUS
10
3.8557770472440942
20
-2.4478516929133858
11
3.8544986220472439
21
-2.4465732677165355
0
LINE
8
BLACK
6
CONTINUOUS
10
3.8544986220472439
20
-2.4465732677165355
11
3.8543188188976378
21
-2.4456692913385827
0
LINE
8
BLACK
6
CONTINUOUS
10
3.8543188188976378
20
-2.4456692913385827
11
3.8543188188976378
21
-2.4322834645669289
0
LINE
8
BLACK
6
CONTINUOUS
10
3.8543188188976378
20
-2.4322834645669289
11
3.840932992125984
21
-2.4322834645669289
0
LINE
8
BLACK
6
CONTINUOUS
10
3.840932992125984
20
-2.4322834645669289
11
3.8400290157480312
21
-2.4321036614173228
0
LINE
8
BLACK
6
CONTINUOUS
10
3.8400290157480312
20
-2.4321036614173228
11
3.838750590551181
21
-2.4308252362204725
0
LINE
8
BLACK
6
CONTINUOUS
10
3.838750590551181
20
-2.4308252362204725
11
3.838750590551181
21
-2.4290172834645669
0
LINE
8
BLACK
6
CONTINUOUS
10
3.838750590551181
20
-2.4290172834645669
11
3.8400290157480312
21
-2.4277388582677166
0
LINE
8
BLACK
6
CONTINUOUS
10
3.8400290157480312
20
-2.4277388582677166
11
3.840932992125984
21
-2.4275590551181101
0
LINE
8
BLACK
6
CONTINUOUS
10
3.840932992125984
20
-2.4275590551181101
11
3.8543188188976378
21
-2.4275590551181101
0
LINE
8
BLACK
6
CONTINUOUS
10
3.8543188188976378
20
-2.4275590551181101
11
3.8543188188976378
21
-2.4141732283464568
0
LINE
8
BLACK
6
CONTINUOUS
10
3.8543188188976378
20
-2.4141732283464568
11
3.8544986220472439
21
-2.4132692519685039
0
LINE
8
BLACK
6
CONTINUOUS
10
3.8544986220472439
20
-2.4132692519685039
11
3.8557770472440942
21
-2.4119908267716537
0
LINE
8
BLACK
6
CONTINUOUS
10
3.8557770472440942
20
-2.4119908267716537
11
3.8575849999999998
21
-2.4119908267716537
0
LINE
8
BLACK
6
CONTINUOUS
10
3.8575849999999998
20
-2.4119908267716537
11
3.8588634251968501
21
-2.4132692519685039
0
LINE
8
BLACK
6
CONTINUOUS
10
4.1053792125984252
20
-2.4253126377952756
11
4.1064436220472436
21
-2.4257535433070867
0
LINE
8
BLACK
6
CONTINUOUS
10
4.1064436220472436
20
-2.4257535433070867
11
4.107258267716535
21
-2.4265681889763777
0
LINE
8
BLACK
6
CONTINUOUS
10
4.107258267716535
20
-2.4265681889763777
11
4.1076991732283465
21
-2.427632598425197
0
LINE
8
BLACK
6
CONTINUOUS
10
4.1076991732283465
20
-2.427632598425197
11
4.1076991732283465
21
-2.4287847244094487
0
LINE
8
BLACK
6
CONTINUOUS
10
4.1076991732283465
20
-2.4287847244094487
11
4.107258267716535
21
-2.4298491338582675
0
LINE
8
BLACK
6
CONTINUOUS
10
4.107258267716535
20
-2.4298491338582675
11
4.1064436220472436
21
-2.430663779527559
0
LINE
8
BLACK
6
CONTINUOUS
10
4.1064436220472436
20
-2.430663779527559
11
4.1053792125984252
21
-2.4311046850393701
0
LINE
8
BLACK
6
CONTINUOUS
10
4.1053792125984252
20
-2.4311046850393701
11
4.1048031496062993
21
-2.4311614173228344
0
LINE
8
BLACK
6
CONTINUOUS
10
4.1048031496062993
20
-2.4311614173228344
11
4.0448031496062988
21
-2.4311614173228344
0
LINE
8
BLACK
6
CONTINUOUS
10
4.0448031496062988
20
-2.4311614173228344
11
4.044227086614173
21
-2.4311046850393701
0
LINE
8
BLACK
6
CONTINUOUS
10
4.044227086614173
20
-2.4311046850393701
11
4.0431626771653546
21
-2.430663779527559
0
LINE
8
BLACK
6
CONTINUOUS
10
4.0431626771653546
20
-2.430663779527559
11
4.0423480314960631
21
-2.4298491338582675
0
LINE
8
BLACK
6
CONTINUOUS
10
4.0423480314960631
20
-2.4298491338582675
11
4.0419071259842516
21
-2.4287847244094487
0
LINE
8
BLACK
6
CONTINUOUS
10
4.0419071259842516
20
-2.4287847244094487
11
4.0419071259842516
21
-2.427632598425197
0
LINE
8
BLACK
6
CONTINUOUS
10
4.0419071259842516
20
-2.427632598425197
11
4.0423480314960631
21
-2.4265681889763777
0
LINE
8
BLACK
6
CONTINUOUS
10
4.0423480314960631
20
-2.4265681889763777
11
4.0431626771653546
21
-2.4257535433070867
0
LINE
8
BLACK
6
CONTINUOUS
10
4.0431626771653546
20
-2.4257535433070867
11
4.044227086614173
21
-2.4253126377952756
0
LINE
8
BLACK
6
CONTINUOUS
10
4.044227086614173
20
-2.4253126377952756
11
4.0448031496062988
21
-2.4252559055118108
0
LINE
8
BLACK
6
CONTINUOUS
10
4.0448031496062988
20
-2.4252559055118108
11
4.1048031496062993
21
-2.4252559055118108
0
LINE
8
BLACK
6
CONTINUOUS
10
4.1048031496062993
20
-2.4252559055118108
11
4.1053792125984252
21
-2.4253126377952756
0
LINE
8
BLACK
6
CONTINUOUS
10
4.4919755511811026
20
-2.3695377952755905
11
4.4920735433070869
21
-2.3695783858267716
0
LINE
8
BLACK
6
CONTINUOUS
10
4.4920735433070869
20
-2.3695783858267716
11
4.4921793700787402
21
-2.3695859055118111
0
LINE
8
BLACK
6
CONTINUOUS
10
4.4921793700787402
20
-2.3695859055118111
11
4.4927200000000003
21
-2.3697927952755906
0
LINE
8
BLACK
6
CONTINUOUS
10
4.4927200000000003
20
-2.3697927952755906
11
4.4964695275590554
21
-2.3716675590551182
0
LINE
8
BLACK
6
CONTINUOUS
10
4.4964695275590554
20
-2.3716675590551182
11
4.4967175196850393
21
-2.371823622047244
0
LINE
8
BLACK
6
CONTINUOUS
10
4.4967175196850393
20
-2.371823622047244
11
4.4967894881889761
21
-2.3718534645669291
0
LINE
8
BLACK
6
CONTINUOUS
10
4.4967894881889761
20
-2.3718534645669291
11
4.4968704330708658
21
-2.3719199212598423
0
LINE
8
BLACK
6
CONTINUOUS
10
4.4968704330708658
20
-2.3719199212598423
11
4.4969594094488192
21
-2.3719759055118108
0
LINE
8
BLACK
6
CONTINUOUS
10
4.4969594094488192
20
-2.3719759055118108
11
4.497010551181102
21
-2.3720348818897636
0
LINE
8
BLACK
6
CONTINUOUS
10
4.497010551181102
20
-2.3720348818897636
11
4.4972369291338579
21
-2.3722206692913383
0
LINE
8
BLACK
6
CONTINUOUS
10
4.4972369291338579
20
-2.3722206692913383
11
4.500986456692913
21
-2.3759701968503935
0
LINE
8
BLACK
6
CONTINUOUS
10
4.500986456692913
20
-2.3759701968503935
11
4.5013537007874014
21
-2.3764176377952757
0
LINE
8
BLACK
6
CONTINUOUS
10
4.5013537007874014
20
-2.3764176377952757
11
4.5014377165354329
21
-2.3766205118110237
0
LINE
8
BLACK
6
CONTINUOUS
10
4.5014377165354329
20
-2.3766205118110237
11
4.5015683858267712
21
-2.3767968503937009
0
LINE
8
BLACK
6
CONTINUOUS
10
4.5015683858267712
20
-2.3767968503937009
11
4.5017631496062993
21
-2.377341968503937
0
LINE
8
BLACK
6
CONTINUOUS
10
4.5017631496062993
20
-2.377341968503937
11
4.5036379133858269
21
-2.3848410236220472
0
LINE
8
BLACK
6
CONTINUOUS
10
4.5036379133858269
20
-2.3848410236220472
11
4.5036526771653547
21
-2.3849408661417324
0
LINE
8
BLACK
6
CONTINUOUS
10
4.5036526771653547
20
-2.3849408661417324
11
4.5036693307086617
21
-2.3849811023622047
0
LINE
8
BLACK
6
CONTINUOUS
10
4.5036693307086617
20
-2.3849811023622047
11
4.5036906692913385
21
-2.3851981102362205
0
LINE
8
BLACK
6
CONTINUOUS
10
4.5036906692913385
20
-2.3851981102362205
11
4.5037225590551184
21
-2.3854136220472442
0
LINE
8
BLACK
6
CONTINUOUS
10
4.5037225590551184
20
-2.3854136220472442
11
4.5037161417322835
21
-2.3854566141732283
0
LINE
8
BLACK
6
CONTINUOUS
10
4.5037161417322835
20
-2.3854566141732283
11
4.5037260629921256
21
-2.3855571653543306
0
LINE
8
BLACK
6
CONTINUOUS
10
4.5037260629921256
20
-2.3855571653543306
11
4.5037260629921256
21
-2.3986805118110235
0
LINE
8
BLACK
6
CONTINUOUS
10
4.5037260629921256
20
-2.3986805118110235
11
4.5037161417322835
21
-2.398781023622047
0
LINE
8
BLACK
6
CONTINUOUS
10
4.5037161417322835
20
-2.398781023622047
11
4.5037225590551184
21
-2.3988240551181104
0
LINE
8
BLACK
6
CONTINUOUS
10
4.5037225590551184
20
-2.3988240551181104
11
4.5036906692913385
21
-2.3990395275590553
0
LINE
8
BLACK
6
CONTINUOUS
10
4.5036906692913385
20
-2.3990395275590553
11
4.5036693307086617
21
-2.3992565748031494
0
LINE
8
BLACK
6
CONTINUOUS
10
4.5036693307086617
20
-2.3992565748031494
11
4.5036526771653547
21
-2.3992967716535434
0
LINE
8
BLACK
6
CONTINUOUS
10
4.5036526771653547
20
-2.3992967716535434
11
4.5036379133858269
21
-2.3993966535433069
0
LINE
8
BLACK
6
CONTINUOUS
10
4.5036379133858269
20
-2.3993966535433069
11
4.5017631496062993
21
-2.4068957086614171
0
LINE
8
BLACK
6
CONTINUOUS
10
4.5017631496062993
20
-2.4068957086614171
11
4.5015683858267712
21
-2.4074408267716536
0
LINE
8
BLACK
6
CONTINUOUS
10
4.5015683858267712
20
-2.4074408267716536
11
4.5014376771653541
21
-2.4076171653543308
0
LINE
8
BLACK
6
CONTINUOUS
10
4.5014376771653541
20
-2.4076171653543308
11
4.5013537007874014
21
-2.4078200000000001
0
LINE
8
BLACK
6
CONTINUOUS
10
4.5013537007874014
20
-2.4078200000000001
11
4.5009864960629917
21
-2.4082674409448819
0
LINE
8
BLACK
6
CONTINUOUS
10
4.5009864960629917
20
-2.4082674409448819
11
4.499324803149606
21
-2.4099290944881888
0
LINE
8
BLACK
6
CONTINUOUS
10
4.499324803149606
20
-2.4099290944881888
11
4.5006476377952751
21
-2.4112519291338583
0
LINE
8
BLACK
6
CONTINUOUS
10
4.5006476377952751
20
-2.4112519291338583
11
4.5039685826771656
21
-2.4129124015748031
0
LINE
8
BLACK
6
CONTINUOUS
10
4.5039685826771656
20
-2.4129124015748031
11
4.5044584645669294
21
-2.4132207480314962
0
LINE
8
BLACK
6
CONTINUOUS
10
4.5044584645669294
20
-2.4132207480314962
11
4.5052133070866143
21
-2.4140911417322832
0
LINE
8
BLACK
6
CONTINUOUS
10
4.5052133070866143
20
-2.4140911417322832
11
4.5055776377952759
21
-2.4151840944881888
0
LINE
8
BLACK
6
CONTINUOUS
10
4.5055776377952759
20
-2.4151840944881888
11
4.5054959842519686
21
-2.4163333070866142
0
LINE
8
BLACK
6
CONTINUOUS
10
4.5054959842519686
20
-2.4163333070866142
11
4.5049807086614173
21
-2.4173638188976376
0
LINE
8
BLACK
6
CONTINUOUS
10
4.5049807086614173
20
-2.4173638188976376
11
4.5041103543307086
21
-2.4181186614173229
0
LINE
8
BLACK
6
CONTINUOUS
10
4.5041103543307086
20
-2.4181186614173229
11
4.5030173622047247
21
-2.4184829921259841
0
LINE
8
BLACK
6
CONTINUOUS
10
4.5030173622047247
20
-2.4184829921259841
11
4.5018681496062989
21
-2.4184013385826773
0
LINE
8
BLACK
6
CONTINUOUS
10
4.5018681496062989
20
-2.4184013385826773
11
4.5013275590551176
21
-2.4181944488188978
0
LINE
8
BLACK
6
CONTINUOUS
10
4.5013275590551176
20
-2.4181944488188978
11
4.4975780314960625
21
-2.4163196850393702
0
LINE
8
BLACK
6
CONTINUOUS
10
4.4975780314960625
20
-2.4163196850393702
11
4.4973301968503936
21
-2.4161636614173227
0
LINE
8
BLACK
6
CONTINUOUS
10
4.4973301968503936
20
-2.4161636614173227
11
4.4972580708661418
21
-2.4161338188976376
0
LINE
8
BLACK
6
CONTINUOUS
10
4.4972580708661418
20
-2.4161338188976376
11
4.4971768897637796
21
-2.4160672047244094
0
LINE
8
BLACK
6
CONTINUOUS
10
4.4971768897637796
20
-2.4160672047244094
11
4.4970881496062995
21
-2.4160113385826771
0
LINE
8
BLACK
6
CONTINUOUS
10
4.4970881496062995
20
-2.4160113385826771
11
4.4970370078740158
21
-2.4159524015748031
0
LINE
8
BLACK
6
CONTINUOUS
10
4.4970370078740158
20
-2.4159524015748031
11
4.49681062992126
21
-2.4157665748031496
0
LINE
8
BLACK
6
CONTINUOUS
10
4.49681062992126
20
-2.4157665748031496
11
4.4945659842519685
21
-2.4135219291338581
0
LINE
8
BLACK
6
CONTINUOUS
10
4.4945659842519685
20
-2.4135219291338581
11
4.4927200000000003
21
-2.4144449212598427
0
LINE
8
BLACK
6
CONTINUOUS
10
4.4927200000000003
20
-2.4144449212598427
11
4.4921793700787402
21
-2.4146518110236221
0
LINE
8
BLACK
6
CONTINUOUS
10
4.4921793700787402
20
-2.4146518110236221
11
4.4920735433070869
21
-2.4146592913385825
0
LINE
8
BLACK
6
CONTINUOUS
10
4.4920735433070869
20
-2.4146592913385825
11
4.4919755511811026
21
-2.4146999212598423
0
LINE
8
BLACK
6
CONTINUOUS
10
4.4919755511811026
20
-2.4146999212598423
11
4.4913994881889767
21
-2.4147566535433072
0
LINE
8
BLACK
6
CONTINUOUS
10
4.4913994881889767
20
-2.4147566535433072
11
4.4839004330708656
21
-2.4147566535433072
0
LINE
8
BLACK
6
CONTINUOUS
10
4.4839004330708656
20
-2.4147566535433072
11
4.4833243700787397
21
-2.4146999212598423
0
LINE
8
BLACK
6
CONTINUOUS
10
4.4833243700787397
20
-2.4146999212598423
11
4.4832263779527555
21
-2.4146593307086612
0
LINE
8
BLACK
6
CONTINUOUS
10
4.4832263779527555
20
-2.4146593307086612
11
4.4831205118110233
21
-2.4146518110236221
0
LINE
8
BLACK
6
CONTINUOUS
10
4.4831205118110233
20
-2.4146518110236221
11
4.4825799212598421
21
-2.4144449212598427
0
LINE
8
BLACK
6
CONTINUOUS
10
4.4825799212598421
20
-2.4144449212598427
11
4.4788303937007869
21
-2.4125701574803151
0
LINE
8
BLACK
6
CONTINUOUS
10
4.4788303937007869
20
-2.4125701574803151
11
4.478582559055118
21
-2.4124141338582676
0
LINE
8
BLACK
6
CONTINUOUS
10
4.478582559055118
20
-2.4124141338582676
11
4.4785104330708663
21
-2.4123842913385825
0
LINE
8
BLACK
6
CONTINUOUS
10
4.4785104330708663
20
-2.4123842913385825
11
4.4784292519685041
21
-2.4123176771653543
0
LINE
8
BLACK
6
CONTINUOUS
10
4.4784292519685041
20
-2.4123176771653543
11
4.4783405118110231
21
-2.412261811023622
0
LINE
8
BLACK
6
CONTINUOUS
10
4.4783405118110231
20
-2.412261811023622
11
4.4782893700787403
21
-2.412202874015748
0
LINE
8
BLACK
6
CONTINUOUS
10
4.4782893700787403
20
-2.412202874015748
11
4.4780629921259845
21
-2.4120170472440945
0
LINE
8
BLACK
6
CONTINUOUS
10
4.4780629921259845
20
-2.4120170472440945
11
4.4743134645669294
21
-2.4082674803149606
0
LINE
8
BLACK
6
CONTINUOUS
10
4.4743134645669294
20
-2.4082674803149606
11
4.4739462204724409
21
-2.4078200000000001
0
LINE
8
BLACK
6
CONTINUOUS
10
4.4739462204724409
20
-2.4078200000000001
11
4.4738622047244094
21
-2.4076171653543308
0
LINE
8
BLACK
6
CONTINUOUS
10
4.4738622047244094
20
-2.4076171653543308
11
4.4737315354330711
21
-2.4074408267716536
0
LINE
8
BLACK
6
CONTINUOUS
10
4.4737315354330711
20
-2.4074408267716536
11
4.473536771653543
21
-2.4068957086614171
0
LINE
8
BLACK
6
CONTINUOUS
10
4.473536771653543
20
-2.4068957086614171
11
4.4716620078740155
21
-2.3993966535433069
0
LINE
8
BLACK
6
CONTINUOUS
10
4.4716620078740155
20
-2.3993966535433069
11
4.4716472047244089
21
-2.3992967716535434
0
LINE
8
BLACK
6
CONTINUOUS
10
4.4716472047244089
20
-2.3992967716535434
11
4.4716305905511806
21
-2.3992565748031494
0
LINE
8
BLACK
6
CONTINUOUS
10
4.4716305905511806
20
-2.3992565748031494
11
4.471609212598425
21
-2.3990395275590553
0
LINE
8
BLACK
6
CONTINUOUS
10
4.471609212598425
20
-2.3990395275590553
11
4.4715773622047239
21
-2.3988240551181104
0
LINE
8
BLACK
6
CONTINUOUS
10
4.4715773622047239
20
-2.3988240551181104
11
4.4715837401574801
21
-2.398781023622047
0
LINE
8
BLACK
6
CONTINUOUS
10
4.4715837401574801
20
-2.398781023622047
11
4.4715738582677167
21
-2.3986805118110235
0
LINE
8
BLACK
6
CONTINUOUS
10
4.4715738582677167
20
-2.3986805118110235
11
4.4715738582677167
21
-2.3855571653543306
0
LINE
8
BLACK
6
CONTINUOUS
10
4.4715738582677167
20
-2.3855571653543306
11
4.4715837401574801
21
-2.3854566141732283
0
LINE
8
BLACK
6
CONTINUOUS
10
4.4715837401574801
20
-2.3854566141732283
11
4.4715773622047239
21
-2.3854136220472442
0
LINE
8
BLACK
6
CONTINUOUS
10
4.4715773622047239
20
-2.3854136220472442
11
4.471609212598425
21
-2.3851981102362205
0
LINE
8
BLACK
6
CONTINUOUS
10
4.471609212598425
20
-2.3851981102362205
11
4.4716305905511806
21
-2.3849811023622047
0
LINE
8
BLACK
6
CONTINUOUS
10
4.4716305905511806
20
-2.3849811023622047
11
4.4716472047244089
21
-2.3849408661417324
0
LINE
8
BLACK
6
CONTINUOUS
10
4.4716472047244089
20
-2.3849408661417324
11
4.4716620078740155
21
-2.3848410236220472
0
LINE
8
BLACK
6
CONTINUOUS
10
4.4716620078740155
20
-2.3848410236220472
11
4.473536771653543
21
-2.377341968503937
0
LINE
8
BLACK
6
CONTINUOUS
10
4.473536771653543
20
-2.377341968503937
11
4.4737315354330711
21
-2.3767968503937009
0
LINE
8
BLACK
6
CONTINUOUS
10
4.4737315354330711
20
-2.3767968503937009
11
4.4738622440944882
21
-2.3766203937007875
0
LINE
8
BLACK
6
CONTINUOUS
10
4.4738622440944882
20
-2.3766203937007875
11
4.4739462598425197
21
-2.3764176377952757
0
LINE
8
BLACK
6
CONTINUOUS
10
4.4739462598425197
20
-2.3764176377952757
11
4.4743134645669294
21
-2.3759701968503935
0
LINE
8
BLACK
6
CONTINUOUS
10
4.4743134645669294
20
-2.3759701968503935
11
4.4780629921259845
21
-2.3722206692913383
0
LINE
8
BLACK
6
CONTINUOUS
10
4.4780629921259845
20
-2.3722206692913383
11
4.4782893700787403
21
-2.3720348031496061
0
LINE
8
BLACK
6
CONTINUOUS
10
4.4782893700787403
20
-2.3720348031496061
11
4.4783405118110231
21
-2.3719759055118108
0
LINE
8
BLACK
6
CONTINUOUS
10
4.4783405118110231
20
-2.3719759055118108
11
4.4784292519685041
21
-2.3719199999999998
0
LINE
8
BLACK
6
CONTINUOUS
10
4.4784292519685041
20
-2.3719199999999998
11
4.4785104330708663
21
-2.3718534251968504
0
LINE
8
BLACK
6
CONTINUOUS
10
4.4785104330708663
20
-2.3718534251968504
11
4.478582559055118
21
-2.3718235433070864
0
LINE
8
BLACK
6
CONTINUOUS
10
4.478582559055118
20
-2.3718235433070864
11
4.4788303937007869
21
-2.3716675590551182
0
LINE
8
BLACK
6
CONTINUOUS
10
4.4788303937007869
20
-2.3716675590551182
11
4.4825799212598421
21
-2.3697927952755906
0
LINE
8
BLACK
6
CONTINUOUS
10
4.4825799212598421
20
-2.3697927952755906
11
4.4831205118110233
21
-2.3695859055118111
0
LINE
8
BLACK
6
CONTINUOUS
10
4.4831205118110233
20
-2.3695859055118111
11
4.4832263779527555
21
-2.3695783464566929
0
LINE
8
BLACK
6
CONTINUOUS
10
4.4832263779527555
20
-2.3695783464566929
11
4.4833243700787397
21
-2.3695377952755905
0
LINE
8
BLACK
6
CONTINUOUS
10
4.4833243700787397
20
-2.3695377952755905
11
4.4839004330708656
21
-2.3694810629921261
0
LINE
8
BLACK
6
CONTINUOUS
10
4.4839004330708656
20
-2.3694810629921261
11
4.4913994881889767
21
-2.3694810629921261
0
LINE
8
BLACK
6
CONTINUOUS
10
4.4913994881889767
20
-2.3694810629921261
11
4.4919755511811026
21
-2.3695377952755905
0
LINE
8
BLACK
6
CONTINUOUS
10
4.4818999999999996
20
-2.3767353149606301
11
4.4790675984251971
21
-2.3795676771653542
0
LINE
8
BLACK
6
CONTINUOUS
10
4.4790675984251971
20
-2.3795676771653542
11
4.4774793700787399
21
-2.3859207086614171
0
LINE
8
BLACK
6
CONTINUOUS
10
4.4774793700787399
20
-2.3859207086614171
11
4.4774793700787399
21
-2.3983169685039369
0
LINE
8
BLACK
6
CONTINUOUS
10
4.4774793700787399
20
-2.3983169685039369
11
4.4790675984251971
21
-2.4046699606299211
0
LINE
8
BLACK
6
CONTINUOUS
10
4.4790675984251971
20
-2.4046699606299211
11
4.4818999999999996
21
-2.4075024015748032
0
LINE
8
BLACK
6
CONTINUOUS
10
4.4818999999999996
20
-2.4075024015748032
11
4.4845974803149602
21
-2.4088511417322835
0
LINE
8
BLACK
6
CONTINUOUS
10
4.4845974803149602
20
-2.4088511417322835
11
4.4898952362204723
21
-2.4088511417322835
0
LINE
8
BLACK
6
CONTINUOUS
10
4.4898952362204723
20
-2.4088511417322835
11
4.4877755905511814
21
-2.4067314960629922
0
LINE
8
BLACK
6
CONTINUOUS
10
4.4877755905511814
20
-2.4067314960629922
11
4.4850781496062995
21
-2.4053827952755906
0
LINE
8
BLACK
6
CONTINUOUS
10
4.4850781496062995
20
-2.4053827952755906
11
4.4820256692913381
21
-2.4053827952755906
0
LINE
8
BLACK
6
CONTINUOUS
10
4.4820256692913381
20
-2.4053827952755906
11
4.4814496062992122
21
-2.4053260629921258
0
LINE
8
BLACK
6
CONTINUOUS
10
4.4814496062992122
20
-2.4053260629921258
11
4.4803851968503938
21
-2.4048851574803147
0
LINE
8
BLACK
6
CONTINUOUS
10
4.4803851968503938
20
-2.4048851574803147
11
4.4795705511811024
21
-2.4040705118110237
0
LINE
8
BLACK
6
CONTINUOUS
10
4.4795705511811024
20
-2.4040705118110237
11
4.4791296456692908
21
-2.4030061023622045
0
LINE
8
BLACK
6
CONTINUOUS
10
4.4791296456692908
20
-2.4030061023622045
11
4.4791296456692908
21
-2.4018539763779527
0
LINE
8
BLACK
6
CONTINUOUS
10
4.4791296456692908
20
-2.4018539763779527
11
4.4795705511811024
21
-2.4007895669291339
0
LINE
8
BLACK
6
CONTINUOUS
10
4.4795705511811024
20
-2.4007895669291339
11
4.4803851968503938
21
-2.3999749212598425
0
LINE
8
BLACK
6
CONTINUOUS
10
4.4803851968503938
20
-2.3999749212598425
11
4.4814496062992122
21
-2.3995340157480314
0
LINE
8
BLACK
6
CONTINUOUS
10
4.4814496062992122
20
-2.3995340157480314
11
4.4820256692913381
21
-2.399477283464567
0
LINE
8
BLACK
6
CONTINUOUS
10
4.4820256692913381
20
-2.399477283464567
11
4.4857751968503932
21
-2.399477283464567
0
LINE
8
BLACK
6
CONTINUOUS
10
4.4857751968503932
20
-2.399477283464567
11
4.4863512598425199
21
-2.3995340157480314
0
LINE
8
BLACK
6
CONTINUOUS
10
4.4863512598425199
20
-2.3995340157480314
11
4.4864492519685042
21
-2.3995746062992125
0
LINE
8
BLACK
6
CONTINUOUS
10
4.4864492519685042
20
-2.3995746062992125
11
4.4865550787401576
21
-2.399582125984252
0
LINE
8
BLACK
6
CONTINUOUS
10
4.4865550787401576
20
-2.399582125984252
11
4.4870957086614176
21
-2.3997890157480315
0
LINE
8
BLACK
6
CONTINUOUS
10
4.4870957086614176
20
-2.3997890157480315
11
4.4908452362204727
21
-2.4016637795275591
0
LINE
8
BLACK
6
CONTINUOUS
10
4.4908452362204727
20
-2.4016637795275591
11
4.4910932283464566
21
-2.4018198425196848
0
LINE
8
BLACK
6
CONTINUOUS
10
4.4910932283464566
20
-2.4018198425196848
11
4.4911651968503934
21
-2.40184968503937
0
LINE
8
BLACK
6
CONTINUOUS
10
4.4911651968503934
20
-2.40184968503937
11
4.4912461417322831
21
-2.4019161417322836
0
LINE
8
BLACK
6
CONTINUOUS
10
4.4912461417322831
20
-2.4019161417322836
11
4.4913351181102366
21
-2.4019721259842517
0
LINE
8
BLACK
6
CONTINUOUS
10
4.4913351181102366
20
-2.4019721259842517
11
4.4913862598425194
21
-2.4020311023622045
0
LINE
8
BLACK
6
CONTINUOUS
10
4.4913862598425194
20
-2.4020311023622045
11
4.4916126377952752
21
-2.4022168897637797
0
LINE
8
BLACK
6
CONTINUOUS
10
4.4916126377952752
20
-2.4022168897637797
11
4.4951489763779531
21
-2.4057532677165354
0
LINE
8
BLACK
6
CONTINUOUS
10
4.4951489763779531
20
-2.4057532677165354
11
4.4962322834645665
21
-2.4046699606299211
0
LINE
8
BLACK
6
CONTINUOUS
10
4.4962322834645665
20
-2.4046699606299211
11
4.4978205511811025
21
-2.3983169685039369
0
LINE
8
BLACK
6
CONTINUOUS
10
4.4978205511811025
20
-2.3983169685039369
11
4.4978205511811025
21
-2.3859207086614171
0
LINE
8
BLACK
6
CONTINUOUS
10
4.4978205511811025
20
-2.3859207086614171
11
4.4962322834645665
21
-2.3795676771653542
0
LINE
8
BLACK
6
CONTINUOUS
10
4.4962322834645665
20
-2.3795676771653542
11
4.4933999212598428
21
-2.3767353149606301
0
LINE
8
BLACK
6
CONTINUOUS
10
4.4933999212598428
20
-2.3767353149606301
11
4.4907024409448821
21
-2.3753865748031497
0
LINE
8
BLACK
6
CONTINUOUS
10
4.4907024409448821
20
-2.3753865748031497
11
4.4845974803149602
21
-2.3753865748031497
0
LINE
8
BLACK
6
CONTINUOUS
10
4.4845974803149602
20
-2.3753865748031497
11
4.4818999999999996
21
-2.3767353149606301
0
LINE
8
BLACK
6
CONTINUOUS
10
4.5273037007874013
20
-2.3695377952755905
11
4.5275961023622049
21
-2.3695377952755905
0
LINE
8
BLACK
6
CONTINUOUS
10
4.5275961023622049
20
-2.3695377952755905
11
4.5278633464566926
21
-2.3696485039370079
0
LINE
8
BLACK
6
CONTINUOUS
10
4.5278633464566926
20
-2.3696485039370079
11
4.5281471653543308
21
-2.3697046456692914
0
LINE
8
BLACK
6
CONTINUOUS
10
4.5281471653543308
20
-2.3697046456692914
11
4.5283904330708662
21
-2.3698668110236221
0
LINE
8
BLACK
6
CONTINUOUS
10
4.5283904330708662
20
-2.3698668110236221
11
4.5286605118110232
21
-2.3699787007874016
0
LINE
8
BLACK
6
CONTINUOUS
10
4.5286605118110232
20
-2.3699787007874016
11
4.5288649606299209
21
-2.3701831496062993
0
LINE
8
BLACK
6
CONTINUOUS
10
4.5288649606299209
20
-2.3701831496062993
11
4.5291057874015745
21
-2.3703437007874015
0
LINE
8
BLACK
6
CONTINUOUS
10
4.5291057874015745
20
-2.3703437007874015
11
4.5292685039370078
21
-2.3705866929133856
0
LINE
8
BLACK
6
CONTINUOUS
10
4.5292685039370078
20
-2.3705866929133856
11
4.5294751574803147
21
-2.370793346456693
0
LINE
8
BLACK
6
CONTINUOUS
10
4.5294751574803147
20
-2.370793346456693
11
4.5295858267716538
21
-2.3710605511811025
0
LINE
8
BLACK
6
CONTINUOUS
10
4.5295858267716538
20
-2.3710605511811025
11
4.5297468503937006
21
-2.3713009842519686
0
LINE
8
BLACK
6
CONTINUOUS
10
4.5297468503937006
20
-2.3713009842519686
11
4.5298041732283467
21
-2.3715876377952756
0
LINE
8
BLACK
6
CONTINUOUS
10
4.5298041732283467
20
-2.3715876377952756
11
4.5299160629921262
21
-2.3718577559055118
0
LINE
8
BLACK
6
CONTINUOUS
10
4.5299160629921262
20
-2.3718577559055118
11
4.529972165354331
21
-2.3724276771653541
0
LINE
8
BLACK
6
CONTINUOUS
10
4.529972165354331
20
-2.3724276771653541
11
4.5299727952755902
21
-2.3724307086614171
0
LINE
8
BLACK
6
CONTINUOUS
10
4.5299727952755902
20
-2.3724307086614171
11
4.5299725590551176
21
-2.3724317322834647
0
LINE
8
BLACK
6
CONTINUOUS
10
4.5299725590551176
20
-2.3724317322834647
11
4.5299727952755902
21
-2.3724338188976377
0
LINE
8
BLACK
6
CONTINUOUS
10
4.5299727952755902
20
-2.3724338188976377
11
4.5299727952755902
21
-2.4088511417322835
0
LINE
8
BLACK
6
CONTINUOUS
10
4.5299727952755902
20
-2.4088511417322835
11
4.5382686220472443
21
-2.4088511417322835
0
LINE
8
BLACK
6
CONTINUOUS
10
4.5382686220472443
20
-2.4088511417322835
11
4.5388446850393702
21
-2.4089078740157479
0
LINE
8
BLACK
6
CONTINUOUS
10
4.5388446850393702
20
-2.4089078740157479
11
4.5399090944881886
21
-2.409348779527559
0
LINE
8
BLACK
6
CONTINUOUS
10
4.5399090944881886
20
-2.409348779527559
11
4.54072374015748
21
-2.4101634251968505
0
LINE
8
BLACK
6
CONTINUOUS
10
4.54072374015748
20
-2.4101634251968505
11
4.5411646456692916
21
-2.4112278346456693
0
LINE
8
BLACK
6
CONTINUOUS
10
4.5411646456692916
20
-2.4112278346456693
11
4.5411646456692916
21
-2.412379960629921
0
LINE
8
BLACK
6
CONTINUOUS
10
4.5411646456692916
20
-2.412379960629921
11
4.54072374015748
21
-2.4134443700787402
0
LINE
8
BLACK
6
CONTINUOUS
10
4.54072374015748
20
-2.4134443700787402
11
4.5399090944881886
21
-2.4142590157480313
0
LINE
8
BLACK
6
CONTINUOUS
10
4.5399090944881886
20
-2.4142590157480313
11
4.5388446850393702
21
-2.4146999212598423
0
LINE
8
BLACK
6
CONTINUOUS
10
4.5388446850393702
20
-2.4146999212598423
11
4.5382686220472443
21
-2.4147566535433072
0
LINE
8
BLACK
6
CONTINUOUS
10
4.5382686220472443
20
-2.4147566535433072
11
4.5157714566929137
21
-2.4147566535433072
0
LINE
8
BLACK
6
CONTINUOUS
10
4.5157714566929137
20
-2.4147566535433072
11
4.5151953937007869
21
-2.4146999212598423
0
LINE
8
BLACK
6
CONTINUOUS
10
4.5151953937007869
20
-2.4146999212598423
11
4.5141309842519686
21
-2.4142590157480313
0
LINE
8
BLACK
6
CONTINUOUS
10
4.5141309842519686
20
-2.4142590157480313
11
4.5133163385826771
21
-2.4134443700787402
0
LINE
8
BLACK
6
CONTINUOUS
10
4.5133163385826771
20
-2.4134443700787402
11
4.5128754330708665
21
-2.412379960629921
0
LINE
8
BLACK
6
CONTINUOUS
10
4.5128754330708665
20
-2.412379960629921
11
4.5128754330708665
21
-2.4112278346456693
0
LINE
8
BLACK
6
CONTINUOUS
10
4.5128754330708665
20
-2.4112278346456693
11
4.5133163385826771
21
-2.4101634251968505
0
LINE
8
BLACK
6
CONTINUOUS
10
4.5133163385826771
20
-2.4101634251968505
11
4.5141309842519686
21
-2.409348779527559
0
LINE
8
BLACK
6
CONTINUOUS
10
4.5141309842519686
20
-2.409348779527559
11
4.5151953937007869
21
-2.4089078740157479
0
LINE
8
BLACK
6
CONTINUOUS
10
4.5151953937007869
20
-2.4089078740157479
11
4.5157714566929137
21
-2.4088511417322835
0
LINE
8
BLACK
6
CONTINUOUS
10
4.5157714566929137
20
-2.4088511417322835
11
4.524067283464567
21
-2.4088511417322835
0
LINE
8
BLACK
6
CONTINUOUS
10
4.524067283464567
20
-2.4088511417322835
11
4.524067283464567
21
-2.3814371653543307
0
LINE
8
BLACK
6
CONTINUOUS
10
4.524067283464567
20
-2.3814371653543307
11
4.5216088976377948
21
-2.3838955511811024
0
LINE
8
BLACK
6
CONTINUOUS
10
4.5216088976377948
20
-2.3838955511811024
11
4.521382519685039
21
-2.3840812992125984
0
LINE
8
BLACK
6
CONTINUOUS
10
4.521382519685039
20
-2.3840812992125984
11
4.5213313779527562
21
-2.3841403149606299
0
LINE
8
BLACK
6
CONTINUOUS
10
4.5213313779527562
20
-2.3841403149606299
11
4.5212424015748027
21
-2.3841962598425197
0
LINE
8
BLACK
6
CONTINUOUS
10
4.5212424015748027
20
-2.3841962598425197
11
4.521161456692913
21
-2.3842627559055116
0
LINE
8
BLACK
6
CONTINUOUS
10
4.521161456692913
20
-2.3842627559055116
11
4.5210894881889763
21
-2.3842925590551181
0
LINE
8
BLACK
6
CONTINUOUS
10
4.5210894881889763
20
-2.3842925590551181
11
4.5208414960629923
21
-2.3844486614173226
0
LINE
8
BLACK
6
CONTINUOUS
10
4.5208414960629923
20
-2.3844486614173226
11
4.5170919685039372
21
-2.3863234251968501
0
LINE
8
BLACK
6
CONTINUOUS
10
4.5170919685039372
20
-2.3863234251968501
11
4.5165513385826772
21
-2.3865303149606301
0
LINE
8
BLACK
6
CONTINUOUS
10
4.5165513385826772
20
-2.3865303149606301
11
4.5154021259842523
21
-2.3866119685039369
0
LINE
8
BLACK
6
CONTINUOUS
10
4.5154021259842523
20
-2.3866119685039369
11
4.5143091732283462
21
-2.3862476377952757
0
LINE
8
BLACK
6
CONTINUOUS
10
4.5143091732283462
20
-2.3862476377952757
11
4.5134387795275588
21
-2.3854927952755904
0
LINE
8
BLACK
6
CONTINUOUS
10
4.5134387795275588
20
-2.3854927952755904
11
4.5129235433070862
21
-2.384462283464567
0
LINE
8
BLACK
6
CONTINUOUS
10
4.5129235433070862
20
-2.384462283464567
11
4.5128418897637799
21
-2.3833130708661416
0
LINE
8
BLACK
6
CONTINUOUS
10
4.5128418897637799
20
-2.3833130708661416
11
4.5132062204724406
21
-2.382220118110236
0
LINE
8
BLACK
6
CONTINUOUS
10
4.5132062204724406
20
-2.382220118110236
11
4.5139610629921263
21
-2.3813497244094486
0
LINE
8
BLACK
6
CONTINUOUS
10
4.5139610629921263
20
-2.3813497244094486
11
4.5144509448818892
21
-2.3810413779527559
0
LINE
8
BLACK
6
CONTINUOUS
10
4.5144509448818892
20
-2.3810413779527559
11
4.5177718897637797
21
-2.3793809055118111
0
LINE
8
BLACK
6
CONTINUOUS
10
4.5177718897637797
20
-2.3793809055118111
11
4.520975787401575
21
-2.3761770078740159
0
LINE
8
BLACK
6
CONTINUOUS
10
4.520975787401575
20
-2.3761770078740159
11
4.5245631889763782
21
-2.3707959055118111
0
LINE
8
BLACK
6
CONTINUOUS
10
4.5245631889763782
20
-2.3707959055118111
11
4.5245645275590549
21
-2.3707942125984252
0
LINE
8
BLACK
6
CONTINUOUS
10
4.5245645275590549
20
-2.3707942125984252
11
4.5245649212598424
21
-2.370793346456693
0
LINE
8
BLACK
6
CONTINUOUS
10
4.5245649212598424
20
-2.370793346456693
11
4.5245669291338579
21
-2.3707912992125983
0
LINE
8
BLACK
6
CONTINUOUS
10
4.5245669291338579
20
-2.3707912992125983
11
4.5249299606299216
21
-2.3703480708661417
0
LINE
8
BLACK
6
CONTINUOUS
10
4.5249299606299216
20
-2.3703480708661417
11
4.5251728346456694
21
-2.3701853937007873
0
LINE
8
BLACK
6
CONTINUOUS
10
4.5251728346456694
20
-2.3701853937007873
11
4.5253795669291339
21
-2.3699787007874016
0
LINE
8
BLACK
6
CONTINUOUS
10
4.5253795669291339
20
-2.3699787007874016
11
4.5256468503937004
21
-2.3698679527559054
0
LINE
8
BLACK
6
CONTINUOUS
10
4.5256468503937004
20
-2.3698679527559054
11
4.5258872440944877
21
-2.3697070078740157
0
LINE
8
BLACK
6
CONTINUOUS
10
4.5258872440944877
20
-2.3697070078740157
11
4.5261738582677165
21
-2.3696496456692913
0
LINE
8
BLACK
6
CONTINUOUS
10
4.5261738582677165
20
-2.3696496456692913
11
4.5264439763779523
21
-2.3695377952755905
0
LINE
8
BLACK
6
CONTINUOUS
10
4.5264439763779523
20
-2.3695377952755905
11
4.5267332677165353
21
-2.3695377952755905
0
LINE
8
BLACK
6
CONTINUOUS
10
4.5267332677165353
20
-2.3695377952755905
11
4.5270169291338584
21
-2.3694810629921261
0
LINE
8
BLACK
6
CONTINUOUS
10
4.5270169291338584
20
-2.3694810629921261
11
4.5273037007874013
21
-2.3695377952755905
0
LINE
8
BLACK
6
CONTINUOUS
10
4.0264945275590547
20
-2.1865971259842518
11
4.0277729527559059
21
-2.1878755511811021
0
LINE
8
BLACK
6
CONTINUOUS
10
4.0277729527559059
20
-2.1878755511811021
11
4.0279527559055115
21
-2.1887795275590549
0
LINE
8
BLACK
6
CONTINUOUS
10
4.0279527559055115
20
-2.1887795275590549
11
4.0279527559055115
21
-2.4057086614173229
0
LINE
8
BLACK
6
CONTINUOUS
10
4.0279527559055115
20
-2.4057086614173229
11
4.0277729527559059
21
-2.4066126377952757
0
LINE
8
BLACK
6
CONTINUOUS
10
4.0277729527559059
20
-2.4066126377952757
11
4.0264945275590547
21
-2.407891062992126
0
LINE
8
BLACK
6
CONTINUOUS
10
4.0264945275590547
20
-2.407891062992126
11
4.02468657480315
21
-2.407891062992126
0
LINE
8
BLACK
6
CONTINUOUS
10
4.02468657480315
20
-2.407891062992126
11
4.0234081496062988
21
-2.4066126377952757
0
LINE
8
BLACK
6
CONTINUOUS
10
4.0234081496062988
20
-2.4066126377952757
11
4.0232283464566931
21
-2.4057086614173229
0
LINE
8
BLACK
6
CONTINUOUS
10
4.0232283464566931
20
-2.4057086614173229
11
4.0232283464566931
21
-2.1911417322834645
0
LINE
8
BLACK
6
CONTINUOUS
10
4.0232283464566931
20
-2.1911417322834645
11
3.898031496062992
21
-2.1911417322834645
0
LINE
8
BLACK
6
CONTINUOUS
10
3.898031496062992
20
-2.1911417322834645
11
3.898031496062992
21
-2.4057086614173229
0
LINE
8
BLACK
6
CONTINUOUS
10
3.898031496062992
20
-2.4057086614173229
11
3.897851692913386
21
-2.4066126377952757
0
LINE
8
BLACK
6
CONTINUOUS
10
3.897851692913386
20
-2.4066126377952757
11
3.8965732677165352
21
-2.407891062992126
0
LINE
8
BLACK
6
CONTINUOUS
10
3.8965732677165352
20
-2.407891062992126
11
3.8947653149606301
21
-2.407891062992126
0
LINE
8
BLACK
6
CONTINUOUS
10
3.8947653149606301
20
-2.407891062992126
11
3.8934868897637793
21
-2.4066126377952757
0
LINE
8
BLACK
6
CONTINUOUS
10
3.8934868897637793
20
-2.4066126377952757
11
3.8933070866141732
21
-2.4057086614173229
0
LINE
8
BLACK
6
CONTINUOUS
10
3.8933070866141732
20
-2.4057086614173229
11
3.8933070866141732
21
-2.1887795275590549
0
LINE
8
BLACK
6
CONTINUOUS
10
3.8933070866141732
20
-2.1887795275590549
11
3.8934868897637793
21
-2.1878755511811021
0
LINE
8
BLACK
6
CONTINUOUS
10
3.8934868897637793
20
-2.1878755511811021
11
3.8947653149606301
21
-2.1865971259842518
0
LINE
8
BLACK
6
CONTINUOUS
10
3.8947653149606301
20
-2.1865971259842518
11
3.8956692913385824
21
-2.1864173228346457
0
LINE
8
BLACK
6
CONTINUOUS
10
3.8956692913385824
20
-2.1864173228346457
11
4.0255905511811019
21
-2.1864173228346457
0
LINE
8
BLACK
6
CONTINUOUS
10
4.0255905511811019
20
-2.1864173228346457
11
4.0264945275590547
21
-2.1865971259842518
0
LINE
8
BLACK
6
CONTINUOUS
10
4.3494669685039371
20
-2.3833687795275589
11
4.3507453937007874
21
-2.3846472047244096
0
LINE
8
BLACK
6
CONTINUOUS
10
4.3507453937007874
20
-2.3846472047244096
11
4.3507453937007874
21
-2.3864551574803148
0
LINE
8
BLACK
6
CONTINUOUS
10
4.3507453937007874
20
-2.3864551574803148
11
4.3494669685039371
21
-2.3877335826771655
0
LINE
8
BLACK
6
CONTINUOUS
10
4.3494669685039371
20
-2.3877335826771655
11
4.3485629921259843
21
-2.3879133858267716
0
LINE
8
BLACK
6
CONTINUOUS
10
4.3485629921259843
20
-2.3879133858267716
11
4.318562992125984
21
-2.3879133858267716
0
LINE
8
BLACK
6
CONTINUOUS
10
4.318562992125984
20
-2.3879133858267716
11
4.3176590157480312
21
-2.3877335826771655
0
LINE
8
BLACK
6
CONTINUOUS
10
4.3176590157480312
20
-2.3877335826771655
11
4.316380590551181
21
-2.3864551574803148
0
LINE
8
BLACK
6
CONTINUOUS
10
4.316380590551181
20
-2.3864551574803148
11
4.316380590551181
21
-2.3846472047244096
0
LINE
8
BLACK
6
CONTINUOUS
10
4.316380590551181
20
-2.3846472047244096
11
4.3176590157480312
21
-2.3833687795275589
0
LINE
8
BLACK
6
CONTINUOUS
10
4.3176590157480312
20
-2.3833687795275589
11
4.318562992125984
21
-2.3831889763779528
0
LINE
8
BLACK
6
CONTINUOUS
10
4.318562992125984
20
-2.3831889763779528
11
4.3485629921259843
21
-2.3831889763779528
0
LINE
8
BLACK
6
CONTINUOUS
10
4.3485629921259843
20
-2.3831889763779528
11
4.3494669685039371
21
-2.3833687795275589
0
LINE
8
BLACK
6
CONTINUOUS
10
4.0601889763779528
20
-2.3305872834645669
11
4.0602320078740153
21
-2.3305809055118112
0
LINE
8
BLACK
6
CONTINUOUS
10
4.0602320078740153
20
-2.3305809055118112
11
4.0604474803149602
21
-2.3306127559055119
0
LINE
8
BLACK
6
CONTINUOUS
10
4.0604474803149602
20
-2.3306127559055119
11
4.0606645275590552
21
-2.3306341338582675
0
LINE
8
BLACK
6
CONTINUOUS
10
4.0606645275590552
20
-2.3306341338582675
11
4.0607047244094483
21
-2.3306507480314962
0
LINE
8
BLACK
6
CONTINUOUS
10
4.0607047244094483
20
-2.3306507480314962
11
4.0608046062992127
21
-2.3306655511811023
0
LINE
8
BLACK
6
CONTINUOUS
10
4.0608046062992127
20
-2.3306655511811023
11
4.0683036614173229
21
-2.3325403149606299
0
LINE
8
BLACK
6
CONTINUOUS
10
4.0683036614173229
20
-2.3325403149606299
11
4.0683461417322837
21
-2.3325554724409447
0
LINE
8
BLACK
6
CONTINUOUS
10
4.0683461417322837
20
-2.3325554724409447
11
4.068367401574803
21
-2.3325570078740157
0
LINE
8
BLACK
6
CONTINUOUS
10
4.068367401574803
20
-2.3325570078740157
11
4.0686068110236215
21
-2.3326486220472442
0
LINE
8
BLACK
6
CONTINUOUS
10
4.0686068110236215
20
-2.3326486220472442
11
4.068848779527559
21
-2.3327350787401575
0
LINE
8
BLACK
6
CONTINUOUS
10
4.068848779527559
20
-2.3327350787401575
11
4.068865905511811
21
-2.3327477559055119
0
LINE
8
BLACK
6
CONTINUOUS
10
4.068865905511811
20
-2.3327477559055119
11
4.0689080314960631
21
-2.3327638976377951
0
LINE
8
BLACK
6
CONTINUOUS
10
4.0689080314960631
20
-2.3327638976377951
11
4.0726575590551182
21
-2.3346386614173227
0
LINE
8
BLACK
6
CONTINUOUS
10
4.0726575590551182
20
-2.3346386614173227
11
4.0729054330708658
21
-2.3347946850393702
0
LINE
8
BLACK
6
CONTINUOUS
10
4.0729054330708658
20
-2.3347946850393702
11
4.0729774803149601
21
-2.3348245275590549
0
LINE
8
BLACK
6
CONTINUOUS
10
4.0729774803149601
20
-2.3348245275590549
11
4.0730585039370082
21
-2.3348910236220473
0
LINE
8
BLACK
6
CONTINUOUS
10
4.0730585039370082
20
-2.3348910236220473
11
4.073147440944882
21
-2.3349470078740158
0
LINE
8
BLACK
6
CONTINUOUS
10
4.073147440944882
20
-2.3349470078740158
11
4.0731985826771648
21
-2.3350059842519686
0
LINE
8
BLACK
6
CONTINUOUS
10
4.0731985826771648
20
-2.3350059842519686
11
4.0734249606299215
21
-2.3351917716535433
0
LINE
8
BLACK
6
CONTINUOUS
10
4.0734249606299215
20
-2.3351917716535433
11
4.0771745275590554
21
-2.3389412992125984
0
LINE
8
BLACK
6
CONTINUOUS
10
4.0771745275590554
20
-2.3389412992125984
11
4.0775417716535429
21
-2.3393887401574802
0
LINE
8
BLACK
6
CONTINUOUS
10
4.0775417716535429
20
-2.3393887401574802
11
4.0775823622047245
21
-2.3394867716535432
0
LINE
8
BLACK
6
CONTINUOUS
10
4.0775823622047245
20
-2.3394867716535432
11
4.0776518503937007
21
-2.3395668897637796
0
LINE
8
BLACK
6
CONTINUOUS
10
4.0776518503937007
20
-2.3395668897637796
11
4.0778878346456695
21
-2.3400954724409448
0
LINE
8
BLACK
6
CONTINUOUS
10
4.0778878346456695
20
-2.3400954724409448
11
4.0797625984251971
21
-2.3457197244094488
0
LINE
8
BLACK
6
CONTINUOUS
10
4.0797625984251971
20
-2.3457197244094488
11
4.0798275196850389
21
-2.3460053543307087
0
LINE
8
BLACK
6
CONTINUOUS
10
4.0798275196850389
20
-2.3460053543307087
11
4.0798574015748033
21
-2.3460774409448817
0
LINE
8
BLACK
6
CONTINUOUS
10
4.0798574015748033
20
-2.3460774409448817
11
4.0798676771653541
21
-2.3461818897637796
0
LINE
8
BLACK
6
CONTINUOUS
10
4.0798676771653541
20
-2.3461818897637796
11
4.0798909448818899
21
-2.3462841732283466
0
LINE
8
BLACK
6
CONTINUOUS
10
4.0798909448818899
20
-2.3462841732283466
11
4.0798853937007875
21
-2.3463618897637795
0
LINE
8
BLACK
6
CONTINUOUS
10
4.0798853937007875
20
-2.3463618897637795
11
4.0799141338582681
21
-2.346653503937008
0
LINE
8
BLACK
6
CONTINUOUS
10
4.0799141338582681
20
-2.346653503937008
11
4.0799141338582681
21
-2.3560273228346458
0
LINE
8
BLACK
6
CONTINUOUS
10
4.0799141338582681
20
-2.3560273228346458
11
4.0798574015748033
21
-2.3566033858267716
0
LINE
8
BLACK
6
CONTINUOUS
10
4.0798574015748033
20
-2.3566033858267716
11
4.0794164960629917
21
-2.3576677952755904
0
LINE
8
BLACK
6
CONTINUOUS
10
4.0794164960629917
20
-2.3576677952755904
11
4.0786018503937003
21
-2.3584824409448819
0
LINE
8
BLACK
6
CONTINUOUS
10
4.0786018503937003
20
-2.3584824409448819
11
4.0775374409448819
21
-2.358923346456693
0
LINE
8
BLACK
6
CONTINUOUS
10
4.0775374409448819
20
-2.358923346456693
11
4.076961377952756
21
-2.3589800787401574
0
LINE
8
BLACK
6
CONTINUOUS
10
4.076961377952756
20
-2.3589800787401574
11
4.0471653543307085
21
-2.3589800787401574
0
LINE
8
BLACK
6
CONTINUOUS
10
4.0471653543307085
20
-2.3589800787401574
11
4.0471653543307085
21
-2.3832086614173229
0
LINE
8
BLACK
6
CONTINUOUS
10
4.0471653543307085
20
-2.3832086614173229
11
4.0469855511811019
21
-2.3841126377952757
0
LINE
8
BLACK
6
CONTINUOUS
10
4.0469855511811019
20
-2.3841126377952757
11
4.0457071259842516
21
-2.385391062992126
0
LINE
8
BLACK
6
CONTINUOUS
10
4.0457071259842516
20
-2.385391062992126
11
4.043899173228346
21
-2.385391062992126
0
LINE
8
BLACK
6
CONTINUOUS
10
4.043899173228346
20
-2.385391062992126
11
4.0426207480314957
21
-2.3841126377952757
0
LINE
8
BLACK
6
CONTINUOUS
10
4.0426207480314957
20
-2.3841126377952757
11
4.0424409448818901
21
-2.3832086614173229
0
LINE
8
BLACK
6
CONTINUOUS
10
4.0424409448818901
20
-2.3832086614173229
11
4.0424409448818901
21
-2.3589800787401574
0
LINE
8
BLACK
6
CONTINUOUS
10
4.0424409448818901
20
-2.3589800787401574
11
4.0375912992125986
21
-2.3589800787401574
0
LINE
8
BLACK
6
CONTINUOUS
10
4.0375912992125986
20
-2.3589800787401574
11
4.0370152362204728
21
-2.358923346456693
0
LINE
8
BLACK
6
CONTINUOUS
10
4.0370152362204728
20
-2.358923346456693
11
4.0359508267716535
21
-2.3584824409448819
0
LINE
8
BLACK
6
CONTINUOUS
10
4.0359508267716535
20
-2.3584824409448819
11
4.0351361811023621
21
-2.3576677952755904
0
LINE
8
BLACK
6
CONTINUOUS
10
4.0351361811023621
20
-2.3576677952755904
11
4.0346952755905514
21
-2.3566033858267716
0
LINE
8
BLACK
6
CONTINUOUS
10
4.0346952755905514
20
-2.3566033858267716
11
4.0346385433070866
21
-2.3560273228346458
0
LINE
8
BLACK
6
CONTINUOUS
10
4.0346385433070866
20
-2.3560273228346458
11
4.0346385433070866
21
-2.346653503937008
0
LINE
8
BLACK
6
CONTINUOUS
10
4.0346385433070866
20
-2.346653503937008
11
4.0346672440944884
21
-2.3463619291338582
0
LINE
8
BLACK
6
CONTINUOUS
10
4.0346672440944884
20
-2.3463619291338582
11
4.0346617322834648
21
-2.3462842125984253
0
LINE
8
BLACK
6
CONTINUOUS
10
4.0346617322834648
20
-2.3462842125984253
11
4.0346849606299209
21
-2.3461819291338584
0
LINE
8
BLACK
6
CONTINUOUS
10
4.0346849606299209
20
-2.3461819291338584
11
4.0346952755905514
21
-2.3460774409448817
0
LINE
8
BLACK
6
CONTINUOUS
10
4.0346952755905514
20
-2.3460774409448817
11
4.0347251181102362
21
-2.3460053149606299
0
LINE
8
BLACK
6
CONTINUOUS
10
4.0347251181102362
20
-2.3460053149606299
11
4.0347900787401576
21
-2.3457197637795275
0
LINE
8
BLACK
6
CONTINUOUS
10
4.0347900787401576
20
-2.3457197637795275
11
4.0366648425196852
21
-2.3400954724409448
0
LINE
8
BLACK
6
CONTINUOUS
10
4.0366648425196852
20
-2.3400954724409448
11
4.0369008267716531
21
-2.3395669291338583
0
LINE
8
BLACK
6
CONTINUOUS
10
4.0369008267716531
20
-2.3395669291338583
11
4.0369703149606302
21
-2.3394867716535432
0
LINE
8
BLACK
6
CONTINUOUS
10
4.0369703149606302
20
-2.3394867716535432
11
4.0370109448818896
21
-2.3393887401574802
0
LINE
8
BLACK
6
CONTINUOUS
10
4.0370109448818896
20
-2.3393887401574802
11
4.0373781496062993
21
-2.3389412992125984
0
LINE
8
BLACK
6
CONTINUOUS
10
4.0373781496062993
20
-2.3389412992125984
11
4.0411276771653544
21
-2.3351917716535433
0
LINE
8
BLACK
6
CONTINUOUS
10
4.0411276771653544
20
-2.3351917716535433
11
4.0413540551181102
21
-2.3350059055118111
0
LINE
8
BLACK
6
CONTINUOUS
10
4.0413540551181102
20
-2.3350059055118111
11
4.0414051968503939
21
-2.3349470078740158
0
LINE
8
BLACK
6
CONTINUOUS
10
4.0414051968503939
20
-2.3349470078740158
11
4.041493937007874
21
-2.3348911023622048
0
LINE
8
BLACK
6
CONTINUOUS
10
4.041493937007874
20
-2.3348911023622048
11
4.0415751181102362
21
-2.3348245275590549
0
LINE
8
BLACK
6
CONTINUOUS
10
4.0415751181102362
20
-2.3348245275590549
11
4.0416472440944879
21
-2.3347946456692914
0
LINE
8
BLACK
6
CONTINUOUS
10
4.0416472440944879
20
-2.3347946456692914
11
4.0418950787401577
21
-2.3346386614173227
0
LINE
8
BLACK
6
CONTINUOUS
10
4.0418950787401577
20
-2.3346386614173227
11
4.0456446062992129
21
-2.3327638976377951
0
LINE
8
BLACK
6
CONTINUOUS
10
4.0456446062992129
20
-2.3327638976377951
11
4.0456866929133861
21
-2.3327477559055119
0
LINE
8
BLACK
6
CONTINUOUS
10
4.0456866929133861
20
-2.3327477559055119
11
4.0457038582677161
21
-2.3327350787401575
0
LINE
8
BLACK
6
CONTINUOUS
10
4.0457038582677161
20
-2.3327350787401575
11
4.045945433070866
21
-2.3326487401574805
0
LINE
8
BLACK
6
CONTINUOUS
10
4.045945433070866
20
-2.3326487401574805
11
4.0461851968503932
21
-2.3325570078740157
0
LINE
8
BLACK
6
CONTINUOUS
10
4.0461851968503932
20
-2.3325570078740157
11
4.0462064566929135
21
-2.3325554724409447
0
LINE
8
BLACK
6
CONTINUOUS
10
4.0462064566929135
20
-2.3325554724409447
11
4.046248976377953
21
-2.3325403149606299
0
LINE
8
BLACK
6
CONTINUOUS
10
4.046248976377953
20
-2.3325403149606299
11
4.0537480314960632
21
-2.3306655511811023
0
LINE
8
BLACK
6
CONTINUOUS
10
4.0537480314960632
20
-2.3306655511811023
11
4.053847874015748
21
-2.3306507480314962
0
LINE
8
BLACK
6
CONTINUOUS
10
4.053847874015748
20
-2.3306507480314962
11
4.0538881102362208
21
-2.3306341338582675
0
LINE
8
BLACK
6
CONTINUOUS
10
4.0538881102362208
20
-2.3306341338582675
11
4.0541051181102361
21
-2.3306127559055119
0
LINE
8
BLACK
6
CONTINUOUS
10
4.0541051181102361
20
-2.3306127559055119
11
4.0543206299212597
21
-2.3305809055118112
0
LINE
8
BLACK
6
CONTINUOUS
10
4.0543206299212597
20
-2.3305809055118112
11
4.0543636220472443
21
-2.3305872834645669
0
LINE
8
BLACK
6
CONTINUOUS
10
4.0543636220472443
20
-2.3305872834645669
11
4.0544641732283466
21
-2.3305774015748031
0
LINE
8
BLACK
6
CONTINUOUS
10
4.0544641732283466
20
-2.3305774015748031
11
4.0600884645669293
21
-2.3305774015748031
0
LINE
8
BLACK
6
CONTINUOUS
10
4.0600884645669293
20
-2.3305774015748031
11
4.0601889763779528
21
-2.3305872834645669
0
LINE
8
BLACK
6
CONTINUOUS
10
4.0479956692913381
20
-2.3381909055118109
11
4.0449646850393703
21
-2.3397064173228346
0
LINE
8
BLACK
6
CONTINUOUS
10
4.0449646850393703
20
-2.3397064173228346
11
4.0420468503937004
21
-2.3426242125984253
0
LINE
8
BLACK
6
CONTINUOUS
10
4.0420468503937004
20
-2.3426242125984253
11
4.0405440551181098
21
-2.3471326377952755
0
LINE
8
BLACK
6
CONTINUOUS
10
4.0405440551181098
20
-2.3471326377952755
11
4.0405440551181098
21
-2.3530745669291337
0
LINE
8
BLACK
6
CONTINUOUS
10
4.0405440551181098
20
-2.3530745669291337
11
4.0424675984251968
21
-2.3530745669291337
0
LINE
8
BLACK
6
CONTINUOUS
10
4.0424675984251968
20
-2.3530745669291337
11
4.0426207480314957
21
-2.3523046850393698
0
LINE
8
BLACK
6
CONTINUOUS
10
4.0426207480314957
20
-2.3523046850393698
11
4.043899173228346
21
-2.3510262598425196
0
LINE
8
BLACK
6
CONTINUOUS
10
4.043899173228346
20
-2.3510262598425196
11
4.0457071259842516
21
-2.3510262598425196
0
LINE
8
BLACK
6
CONTINUOUS
10
4.0457071259842516
20
-2.3510262598425196
11
4.0469855511811019
21
-2.3523046850393698
0
LINE
8
BLACK
6
CONTINUOUS
10
4.0469855511811019
20
-2.3523046850393698
11
4.0471387007874018
21
-2.3530745669291337
0
LINE
8
BLACK
6
CONTINUOUS
10
4.0471387007874018
20
-2.3530745669291337
11
4.074008622047244
21
-2.3530745669291337
0
LINE
8
BLACK
6
CONTINUOUS
10
4.074008622047244
20
-2.3530745669291337
11
4.074008622047244
21
-2.3471326377952755
0
LINE
8
BLACK
6
CONTINUOUS
10
4.074008622047244
20
-2.3471326377952755
11
4.0725058267716534
21
-2.3426242519685041
0
LINE
8
BLACK
6
CONTINUOUS
10
4.0725058267716534
20
-2.3426242519685041
11
4.0695879527559056
21
-2.3397064173228346
0
LINE
8
BLACK
6
CONTINUOUS
10
4.0695879527559056
20
-2.3397064173228346
11
4.0665569685039369
21
-2.3381909055118109
0
LINE
8
BLACK
6
CONTINUOUS
10
4.0665569685039369
20
-2.3381909055118109
11
4.0597249212598427
21
-2.3364829133858267
0
LINE
8
BLACK
6
CONTINUOUS
10
4.0597249212598427
20
-2.3364829133858267
11
4.0548277165354332
21
-2.3364829133858267
0
LINE
8
BLACK
6
CONTINUOUS
10
4.0548277165354332
20
-2.3364829133858267
11
4.0479956692913381
21
-2.3381909055118109
0
LINE
8
BLACK
6
CONTINUOUS
10
4.1069855511811024
20
-2.3523046850393698
11
4.107165354330709
21
-2.3532086614173227
0
LINE
8
BLACK
6
CONTINUOUS
10
4.107165354330709
20
-2.3532086614173227
11
4.107165354330709
21
-2.3832086614173229
0
LINE
8
BLACK
6
CONTINUOUS
10
4.107165354330709
20
-2.3832086614173229
11
4.1069855511811024
21
-2.3841126377952757
0
LINE
8
BLACK
6
CONTINUOUS
10
4.1069855511811024
20
-2.3841126377952757
11
4.1057071259842521
21
-2.385391062992126
0
LINE
8
BLACK
6
CONTINUOUS
10
4.1057071259842521
20
-2.385391062992126
11
4.1038991732283465
21
-2.385391062992126
0
LINE
8
BLACK
6
CONTINUOUS
10
4.1038991732283465
20
-2.385391062992126
11
4.1026207480314962
21
-2.3841126377952757
0
LINE
8
BLACK
6
CONTINUOUS
10
4.1026207480314962
20
-2.3841126377952757
11
4.1024409448818897
21
-2.3832086614173229
0
LINE
8
BLACK
6
CONTINUOUS
10
4.1024409448818897
20
-2.3832086614173229
11
4.1024409448818897
21
-2.3532086614173227
0
LINE
8
BLACK
6
CONTINUOUS
10
4.1024409448818897
20
-2.3532086614173227
11
4.1026207480314962
21
-2.3523046850393698
0
LINE
8
BLACK
6
CONTINUOUS
10
4.1026207480314962
20
-2.3523046850393698
11
4.1038991732283465
21
-2.3510262598425196
0
LINE
8
BLACK
6
CONTINUOUS
10
4.1038991732283465
20
-2.3510262598425196
11
4.1057071259842521
21
-2.3510262598425196
0
LINE
8
BLACK
6
CONTINUOUS
10
4.1057071259842521
20
-2.3510262598425196
11
4.1069855511811024
21
-2.3523046850393698
0
LINE
8
BLACK
6
CONTINUOUS
10
4.0786018503937003
20
-2.2935797244094487
11
4.0794164960629917
21
-2.2943943700787401
0
LINE
8
BLACK
6
CONTINUOUS
10
4.0794164960629917
20
-2.2943943700787401
11
4.0798574015748033
21
-2.2954587795275589
0
LINE
8
BLACK
6
CONTINUOUS
10
4.0798574015748033
20
-2.2954587795275589
11
4.0799141338582681
21
-2.2960348425196848
0
LINE
8
BLACK
6
CONTINUOUS
10
4.0799141338582681
20
-2.2960348425196848
11
4.0799141338582681
21
-2.3052559055118111
0
LINE
8
BLACK
6
CONTINUOUS
10
4.0799141338582681
20
-2.3052559055118111
11
4.1048031496062993
21
-2.3052559055118111
0
LINE
8
BLACK
6
CONTINUOUS
10
4.1048031496062993
20
-2.3052559055118111
11
4.1053792125984252
21
-2.3053126377952755
0
LINE
8
BLACK
6
CONTINUOUS
10
4.1053792125984252
20
-2.3053126377952755
11
4.1064436220472436
21
-2.3057535433070866
0
LINE
8
BLACK
6
CONTINUOUS
10
4.1064436220472436
20
-2.3057535433070866
11
4.107258267716535
21
-2.3065681889763781
0
LINE
8
BLACK
6
CONTINUOUS
10
4.107258267716535
20
-2.3065681889763781
11
4.1076991732283465
21
-2.3076325984251969
0
LINE
8
BLACK
6
CONTINUOUS
10
4.1076991732283465
20
-2.3076325984251969
11
4.1076991732283465
21
-2.3087847244094486
0
LINE
8
BLACK
6
CONTINUOUS
10
4.1076991732283465
20
-2.3087847244094486
11
4.107258267716535
21
-2.3098491338582678
0
LINE
8
BLACK
6
CONTINUOUS
10
4.107258267716535
20
-2.3098491338582678
11
4.1064436220472436
21
-2.3106637795275589
0
LINE
8
BLACK
6
CONTINUOUS
10
4.1064436220472436
20
-2.3106637795275589
11
4.1053792125984252
21
-2.3111046850393699
0
LINE
8
BLACK
6
CONTINUOUS
10
4.1053792125984252
20
-2.3111046850393699
11
4.1048031496062993
21
-2.3111614173228348
0
LINE
8
BLACK
6
CONTINUOUS
10
4.1048031496062993
20
-2.3111614173228348
11
4.0799141338582681
21
-2.3111614173228348
0
LINE
8
BLACK
6
CONTINUOUS
10
4.0799141338582681
20
-2.3111614173228348
11
4.0799141338582681
21
-2.3185320078740155
0
LINE
8
BLACK
6
CONTINUOUS
10
4.0799141338582681
20
-2.3185320078740155
11
4.0798574015748033
21
-2.3191080708661418
0
LINE
8
BLACK
6
CONTINUOUS
10
4.0798574015748033
20
-2.3191080708661418
11
4.0794164960629917
21
-2.3201724803149606
0
LINE
8
BLACK
6
CONTINUOUS
10
4.0794164960629917
20
-2.3201724803149606
11
4.0786018503937003
21
-2.3209871259842521
0
LINE
8
BLACK
6
CONTINUOUS
10
4.0786018503937003
20
-2.3209871259842521
11
4.0775374409448819
21
-2.3214280314960631
0
LINE
8
BLACK
6
CONTINUOUS
10
4.0775374409448819
20
-2.3214280314960631
11
4.0763853149606302
21
-2.3214280314960631
0
LINE
8
BLACK
6
CONTINUOUS
10
4.0763853149606302
20
-2.3214280314960631
11
4.0753209055118109
21
-2.3209871259842521
0
LINE
8
BLACK
6
CONTINUOUS
10
4.0753209055118109
20
-2.3209871259842521
11
4.0745062598425195
21
-2.3201724803149606
0
LINE
8
BLACK
6
CONTINUOUS
10
4.0745062598425195
20
-2.3201724803149606
11
4.0740653543307088
21
-2.3191080708661418
0
LINE
8
BLACK
6
CONTINUOUS
10
4.0740653543307088
20
-2.3191080708661418
11
4.074008622047244
21
-2.3185320078740155
0
LINE
8
BLACK
6
CONTINUOUS
10
4.074008622047244
20
-2.3185320078740155
11
4.074008622047244
21
-2.3111614173228348
0
LINE
8
BLACK
6
CONTINUOUS
10
4.074008622047244
20
-2.3111614173228348
11
4.0475198818897633
21
-2.3111614173228348
0
LINE
8
BLACK
6
CONTINUOUS
10
4.0475198818897633
20
-2.3111614173228348
11
4.0490530314960633
21
-2.3126945669291339
0
LINE
8
BLACK
6
CONTINUOUS
10
4.0490530314960633
20
-2.3126945669291339
11
4.0492388582677163
21
-2.3129209448818897
0
LINE
8
BLACK
6
CONTINUOUS
10
4.0492388582677163
20
-2.3129209448818897
11
4.0492977952755904
21
-2.312972086614173
0
LINE
8
BLACK
6
CONTINUOUS
10
4.0492977952755904
20
-2.312972086614173
11
4.0493536614173227
21
-2.3130608267716535
0
LINE
8
BLACK
6
CONTINUOUS
10
4.0493536614173227
20
-2.3130608267716535
11
4.0494202755905508
21
-2.3131420078740157
0
LINE
8
BLACK
6
CONTINUOUS
10
4.0494202755905508
20
-2.3131420078740157
11
4.0494501181102365
21
-2.3132141338582675
0
LINE
8
BLACK
6
CONTINUOUS
10
4.0494501181102365
20
-2.3132141338582675
11
4.0496061417322835
21
-2.3134619685039368
0
LINE
8
BLACK
6
CONTINUOUS
10
4.0496061417322835
20
-2.3134619685039368
11
4.0514809055118111
21
-2.3172114960629919
0
LINE
8
BLACK
6
CONTINUOUS
10
4.0514809055118111
20
-2.3172114960629919
11
4.0516877952755905
21
-2.3177520866141732
0
LINE
8
BLACK
6
CONTINUOUS
10
4.0516877952755905
20
-2.3177520866141732
11
4.0517694488188978
21
-2.3189012992125986
0
LINE
8
BLACK
6
CONTINUOUS
10
4.0517694488188978
20
-2.3189012992125986
11
4.0514051181102362
21
-2.3199942913385825
0
LINE
8
BLACK
6
CONTINUOUS
10
4.0514051181102362
20
-2.3199942913385825
11
4.0506502755905514
21
-2.3208646456692912
0
LINE
8
BLACK
6
CONTINUOUS
10
4.0506502755905514
20
-2.3208646456692912
11
4.0496197637795275
21
-2.3213799212598425
0
LINE
8
BLACK
6
CONTINUOUS
10
4.0496197637795275
20
-2.3213799212598425
11
4.0484705511811026
21
-2.3214615748031497
0
LINE
8
BLACK
6
CONTINUOUS
10
4.0484705511811026
20
-2.3214615748031497
11
4.0473775984251965
21
-2.3210972440944881
0
LINE
8
BLACK
6
CONTINUOUS
10
4.0473775984251965
20
-2.3210972440944881
11
4.0465072047244091
21
-2.3203424015748033
0
LINE
8
BLACK
6
CONTINUOUS
10
4.0465072047244091
20
-2.3203424015748033
11
4.0461988582677169
21
-2.3198525196850395
0
LINE
8
BLACK
6
CONTINUOUS
10
4.0461988582677169
20
-2.3198525196850395
11
4.0445383858267716
21
-2.3165315748031494
0
LINE
8
BLACK
6
CONTINUOUS
10
4.0445383858267716
20
-2.3165315748031494
11
4.0413344094488188
21
-2.3133275984251966
0
LINE
8
BLACK
6
CONTINUOUS
10
4.0413344094488188
20
-2.3133275984251966
11
4.0359533858267715
21
-2.309740275590551
0
LINE
8
BLACK
6
CONTINUOUS
10
4.0359533858267715
20
-2.309740275590551
11
4.0359516929133861
21
-2.3097388976377951
0
LINE
8
BLACK
6
CONTINUOUS
10
4.0359516929133861
20
-2.3097388976377951
11
4.0359508267716535
21
-2.3097385433070867
0
LINE
8
BLACK
6
CONTINUOUS
10
4.0359508267716535
20
-2.3097385433070867
11
4.0359487795275593
21
-2.309736496062992
0
LINE
8
BLACK
6
CONTINUOUS
10
4.0359487795275593
20
-2.309736496062992
11
4.0355055511811022
21
-2.309373503937008
0
LINE
8
BLACK
6
CONTINUOUS
10
4.0355055511811022
20
-2.309373503937008
11
4.0353428740157478
21
-2.309130590551181
0
LINE
8
BLACK
6
CONTINUOUS
10
4.0353428740157478
20
-2.309130590551181
11
4.0351361811023621
21
-2.3089238976377953
0
LINE
8
BLACK
6
CONTINUOUS
10
4.0351361811023621
20
-2.3089238976377953
11
4.0350254330708664
21
-2.3086565748031496
0
LINE
8
BLACK
6
CONTINUOUS
10
4.0350254330708664
20
-2.3086565748031496
11
4.0348644881889761
21
-2.308416220472441
0
LINE
8
BLACK
6
CONTINUOUS
10
4.0348644881889761
20
-2.308416220472441
11
4.0348071259842522
21
-2.308129566929134
0
LINE
8
BLACK
6
CONTINUOUS
10
4.0348071259842522
20
-2.308129566929134
11
4.0346952755905514
21
-2.3078594881889765
0
LINE
8
BLACK
6
CONTINUOUS
10
4.0346952755905514
20
-2.3078594881889765
11
4.0346952755905514
21
-2.3075701574803147
0
LINE
8
BLACK
6
CONTINUOUS
10
4.0346952755905514
20
-2.3075701574803147
11
4.0346385433070866
21
-2.3072865354330707
0
LINE
8
BLACK
6
CONTINUOUS
10
4.0346385433070866
20
-2.3072865354330707
11
4.0346952755905514
21
-2.3069997244094487
0
LINE
8
BLACK
6
CONTINUOUS
10
4.0346952755905514
20
-2.3069997244094487
11
4.0346952755905514
21
-2.3067073622047243
0
LINE
8
BLACK
6
CONTINUOUS
10
4.0346952755905514
20
-2.3067073622047243
11
4.0348059842519683
21
-2.3064400787401573
0
LINE
8
BLACK
6
CONTINUOUS
10
4.0348059842519683
20
-2.3064400787401573
11
4.0348621259842519
21
-2.3061562992125983
0
LINE
8
BLACK
6
CONTINUOUS
10
4.0348621259842519
20
-2.3061562992125983
11
4.0350242913385825
21
-2.305913031496063
0
LINE
8
BLACK
6
CONTINUOUS
10
4.0350242913385825
20
-2.305913031496063
11
4.0351361811023621
21
-2.3056429527559055
0
LINE
8
BLACK
6
CONTINUOUS
10
4.0351361811023621
20
-2.3056429527559055
11
4.0353407086614173
21
-2.3054383858267715
0
LINE
8
BLACK
6
CONTINUOUS
10
4.0353407086614173
20
-2.3054383858267715
11
4.0355012204724412
21
-2.3051976771653542
0
LINE
8
BLACK
6
CONTINUOUS
10
4.0355012204724412
20
-2.3051976771653542
11
4.035744094488189
21
-2.3050350000000002
0
LINE
8
BLACK
6
CONTINUOUS
10
4.035744094488189
20
-2.3050350000000002
11
4.0359508267716535
21
-2.304828307086614
0
LINE
8
BLACK
6
CONTINUOUS
10
4.0359508267716535
20
-2.304828307086614
11
4.03621811023622
21
-2.3047175590551179
0
LINE
8
BLACK
6
CONTINUOUS
10
4.03621811023622
20
-2.3047175590551179
11
4.0364585039370082
21
-2.3045566141732281
0
LINE
8
BLACK
6
CONTINUOUS
10
4.0364585039370082
20
-2.3045566141732281
11
4.0367451181102361
21
-2.3044992519685037
0
LINE
8
BLACK
6
CONTINUOUS
10
4.0367451181102361
20
-2.3044992519685037
11
4.0370152362204728
21
-2.3043874015748029
0
LINE
8
BLACK
6
CONTINUOUS
10
4.0370152362204728
20
-2.3043874015748029
11
4.037585157480315
21
-2.3043312598425199
0
LINE
8
BLACK
6
CONTINUOUS
10
4.037585157480315
20
-2.3043312598425199
11
4.0375881889763781
21
-2.3043306692913386
0
LINE
8
BLACK
6
CONTINUOUS
10
4.0375881889763781
20
-2.3043306692913386
11
4.0375892125984247
21
-2.3043308661417323
0
LINE
8
BLACK
6
CONTINUOUS
10
4.0375892125984247
20
-2.3043308661417323
11
4.0375912992125986
21
-2.3043306692913386
0
LINE
8
BLACK
6
CONTINUOUS
10
4.0375912992125986
20
-2.3043306692913386
11
4.074008622047244
21
-2.3043306692913386
0
LINE
8
BLACK
6
CONTINUOUS
10
4.074008622047244
20
-2.3043306692913386
11
4.074008622047244
21
-2.2960348425196848
0
LINE
8
BLACK
6
CONTINUOUS
10
4.074008622047244
20
-2.2960348425196848
11
4.0740653543307088
21
-2.2954587795275589
0
LINE
8
BLACK
6
CONTINUOUS
10
4.0740653543307088
20
-2.2954587795275589
11
4.0745062598425195
21
-2.2943943700787401
0
LINE
8
BLACK
6
CONTINUOUS
10
4.0745062598425195
20
-2.2943943700787401
11
4.0753209055118109
21
-2.2935797244094487
0
LINE
8
BLACK
6
CONTINUOUS
10
4.0753209055118109
20
-2.2935797244094487
11
4.0763853149606302
21
-2.2931388188976376
0
LINE
8
BLACK
6
CONTINUOUS
10
4.0763853149606302
20
-2.2931388188976376
11
4.0775374409448819
21
-2.2931388188976376
0
LINE
8
BLACK
6
CONTINUOUS
10
4.0775374409448819
20
-2.2931388188976376
11
4.0786018503937003
21
-2.2935797244094487
0
LINE
8
BLACK
6
CONTINUOUS
10
5.0417389370078736
20
-2.1960881889763777
11
5.042553582677165
21
-2.1969028346456692
0
LINE
8
BLACK
6
CONTINUOUS
10
5.042553582677165
20
-2.1969028346456692
11
5.0429944881889766
21
-2.197967244094488
0
LINE
8
BLACK
6
CONTINUOUS
10
5.0429944881889766
20
-2.197967244094488
11
5.0430512204724405
21
-2.1985433070866143
0
LINE
8
BLACK
6
CONTINUOUS
10
5.0430512204724405
20
-2.1985433070866143
11
5.0430512204724405
21
-2.2585433070866143
0
LINE
8
BLACK
6
CONTINUOUS
10
5.0430512204724405
20
-2.2585433070866143
11
5.0429944881889766
21
-2.2591193700787402
0
LINE
8
BLACK
6
CONTINUOUS
10
5.0429944881889766
20
-2.2591193700787402
11
5.042553582677165
21
-2.260183779527559
0
LINE
8
BLACK
6
CONTINUOUS
10
5.042553582677165
20
-2.260183779527559
11
5.0417389370078736
21
-2.2609984251968505
0
LINE
8
BLACK
6
CONTINUOUS
10
5.0417389370078736
20
-2.2609984251968505
11
5.0406745275590552
21
-2.2614393307086615
0
LINE
8
BLACK
6
CONTINUOUS
10
5.0406745275590552
20
-2.2614393307086615
11
5.0395224015748035
21
-2.2614393307086615
0
LINE
8
BLACK
6
CONTINUOUS
10
5.0395224015748035
20
-2.2614393307086615
11
5.0384579921259842
21
-2.2609984251968505
0
LINE
8
BLACK
6
CONTINUOUS
10
5.0384579921259842
20
-2.2609984251968505
11
5.0376433464566928
21
-2.260183779527559
0
LINE
8
BLACK
6
CONTINUOUS
10
5.0376433464566928
20
-2.260183779527559
11
5.0372024409448821
21
-2.2591193700787402
0
LINE
8
BLACK
6
CONTINUOUS
10
5.0372024409448821
20
-2.2591193700787402
11
5.0371457086614173
21
-2.2585433070866143
0
LINE
8
BLACK
6
CONTINUOUS
10
5.0371457086614173
20
-2.2585433070866143
11
5.0371457086614173
21
-2.1985433070866143
0
LINE
8
BLACK
6
CONTINUOUS
10
5.0371457086614173
20
-2.1985433070866143
11
5.0372024409448821
21
-2.197967244094488
0
LINE
8
BLACK
6
CONTINUOUS
10
5.0372024409448821
20
-2.197967244094488
11
5.0376433464566928
21
-2.1969028346456692
0
LINE
8
BLACK
6
CONTINUOUS
10
5.0376433464566928
20
-2.1969028346456692
11
5.0384579921259842
21
-2.1960881889763777
0
LINE
8
BLACK
6
CONTINUOUS
10
5.0384579921259842
20
-2.1960881889763777
11
5.0395224015748035
21
-2.1956472834645671
0
LINE
8
BLACK
6
CONTINUOUS
10
5.0395224015748035
20
-2.1956472834645671
11
5.0406745275590552
21
-2.1956472834645671
0
LINE
8
BLACK
6
CONTINUOUS
10
5.0406745275590552
20
-2.1956472834645671
11
5.0417389370078736
21
-2.1960881889763777
0
LINE
8
BLACK
6
CONTINUOUS
10
5.1617389370078737
20
-2.1960881889763777
11
5.1625535826771651
21
-2.1969028346456692
0
LINE
8
BLACK
6
CONTINUOUS
10
5.1625535826771651
20
-2.1969028346456692
11
5.1629944881889767
21
-2.197967244094488
0
LINE
8
BLACK
6
CONTINUOUS
10
5.1629944881889767
20
-2.197967244094488
11
5.1630512204724406
21
-2.1985433070866143
0
LINE
8
BLACK
6
CONTINUOUS
10
5.1630512204724406
20
-2.1985433070866143
11
5.1630512204724406
21
-2.2585433070866143
0
LINE
8
BLACK
6
CONTINUOUS
10
5.1630512204724406
20
-2.2585433070866143
11
5.1629944881889767
21
-2.2591193700787402
0
LINE
8
BLACK
6
CONTINUOUS
10
5.1629944881889767
20
-2.2591193700787402
11
5.1625535826771651
21
-2.260183779527559
0
LINE
8
BLACK
6
CONTINUOUS
10
5.1625535826771651
20
-2.260183779527559
11
5.1617389370078737
21
-2.2609984251968505
0
LINE
8
BLACK
6
CONTINUOUS
10
5.1617389370078737
20
-2.2609984251968505
11
5.1606745275590553
21
-2.2614393307086615
0
LINE
8
BLACK
6
CONTINUOUS
10
5.1606745275590553
20
-2.2614393307086615
11
5.1595224015748027
21
-2.2614393307086615
0
LINE
8
BLACK
6
CONTINUOUS
10
5.1595224015748027
20
-2.2614393307086615
11
5.1584579921259843
21
-2.2609984251968505
0
LINE
8
BLACK
6
CONTINUOUS
10
5.1584579921259843
20
-2.2609984251968505
11
5.1576433464566929
21
-2.260183779527559
0
LINE
8
BLACK
6
CONTINUOUS
10
5.1576433464566929
20
-2.260183779527559
11
5.1572024409448813
21
-2.2591193700787402
0
LINE
8
BLACK
6
CONTINUOUS
10
5.1572024409448813
20
-2.2591193700787402
11
5.1571457086614174
21
-2.2585433070866143
0
LINE
8
BLACK
6
CONTINUOUS
10
5.1571457086614174
20
-2.2585433070866143
11
5.1571457086614174
21
-2.1985433070866143
0
LINE
8
BLACK
6
CONTINUOUS
10
5.1571457086614174
20
-2.1985433070866143
11
5.1572024409448813
21
-2.197967244094488
0
LINE
8
BLACK
6
CONTINUOUS
10
5.1572024409448813
20
-2.197967244094488
11
5.1576433464566929
21
-2.1969028346456692
0
LINE
8
BLACK
6
CONTINUOUS
10
5.1576433464566929
20
-2.1969028346456692
11
5.1584579921259843
21
-2.1960881889763777
0
LINE
8
BLACK
6
CONTINUOUS
10
5.1584579921259843
20
-2.1960881889763777
11
5.1595224015748027
21
-2.1956472834645671
0
LINE
8
BLACK
6
CONTINUOUS
10
5.1595224015748027
20
-2.1956472834645671
11
5.1606745275590553
21
-2.1956472834645671
0
LINE
8
BLACK
6
CONTINUOUS
10
5.1606745275590553
20
-2.1956472834645671
11
5.1617389370078737
21
-2.1960881889763777
0
LINE
8
BLACK
6
CONTINUOUS
10
5.1160024409448814
20
-2.2563609055118108
11
5.1172808661417326
21
-2.2576393307086615
0
LINE
8
BLACK
6
CONTINUOUS
10
5.1172808661417326
20
-2.2576393307086615
11
5.1172808661417326
21
-2.2594472834645667
0
LINE
8
BLACK
6
CONTINUOUS
10
5.1172808661417326
20
-2.2594472834645667
11
5.1160024409448814
21
-2.2607257086614174
0
LINE
8
BLACK
6
CONTINUOUS
10
5.1160024409448814
20
-2.2607257086614174
11
5.1150984645669286
21
-2.2609055118110235
0
LINE
8
BLACK
6
CONTINUOUS
10
5.1150984645669286
20
-2.2609055118110235
11
5.0850984645669293
21
-2.2609055118110235
0
LINE
8
BLACK
6
CONTINUOUS
10
5.0850984645669293
20
-2.2609055118110235
11
5.0841944881889765
21
-2.2607257086614174
0
LINE
8
BLACK
6
CONTINUOUS
10
5.0841944881889765
20
-2.2607257086614174
11
5.0829160629921262
21
-2.2594472834645667
0
LINE
8
BLACK
6
CONTINUOUS
10
5.0829160629921262
20
-2.2594472834645667
11
5.0829160629921262
21
-2.2576393307086615
0
LINE
8
BLACK
6
CONTINUOUS
10
5.0829160629921262
20
-2.2576393307086615
11
5.0841944881889765
21
-2.2563609055118108
0
LINE
8
BLACK
6
CONTINUOUS
10
5.0841944881889765
20
-2.2563609055118108
11
5.0850984645669293
21
-2.2561811023622047
0
LINE
8
BLACK
6
CONTINUOUS
10
5.0850984645669293
20
-2.2561811023622047
11
5.1150984645669286
21
-2.2561811023622047
0
LINE
8
BLACK
6
CONTINUOUS
10
5.1150984645669286
20
-2.2561811023622047
11
5.1160024409448814
21
-2.2563609055118108
0
LINE
8
BLACK
6
CONTINUOUS
10
5.1160024409448814
20
-2.1963609055118112
11
5.1172808661417326
21
-2.1976393307086615
0
LINE
8
BLACK
6
CONTINUOUS
10
5.1172808661417326
20
-2.1976393307086615
11
5.1172808661417326
21
-2.1994472834645671
0
LINE
8
BLACK
6
CONTINUOUS
10
5.1172808661417326
20
-2.1994472834645671
11
5.1160024409448814
21
-2.2007257086614174
0
LINE
8
BLACK
6
CONTINUOUS
10
5.1160024409448814
20
-2.2007257086614174
11
5.1150984645669286
21
-2.2009055118110235
0
LINE
8
BLACK
6
CONTINUOUS
10
5.1150984645669286
20
-2.2009055118110235
11
5.0850984645669293
21
-2.2009055118110235
0
LINE
8
BLACK
6
CONTINUOUS
10
5.0850984645669293
20
-2.2009055118110235
11
5.0841944881889765
21
-2.2007257086614174
0
LINE
8
BLACK
6
CONTINUOUS
10
5.0841944881889765
20
-2.2007257086614174
11
5.0829160629921262
21
-2.1994472834645671
0
LINE
8
BLACK
6
CONTINUOUS
10
5.0829160629921262
20
-2.1994472834645671
11
5.0829160629921262
21
-2.1976393307086615
0
LINE
8
BLACK
6
CONTINUOUS
10
5.0829160629921262
20
-2.1976393307086615
11
5.0841944881889765
21
-2.1963609055118112
0
LINE
8
BLACK
6
CONTINUOUS
10
5.0841944881889765
20
-2.1963609055118112
11
5.0850984645669293
21
-2.1961811023622047
0
LINE
8
BLACK
6
CONTINUOUS
10
5.0850984645669293
20
-2.1961811023622047
11
5.1150984645669286
21
-2.1961811023622047
0
LINE
8
BLACK
6
CONTINUOUS
10
5.1150984645669286
20
-2.1961811023622047
11
5.1160024409448814
21
-2.1963609055118112
0
LINE
8
BLACK
6
CONTINUOUS
10
4.1723083464566928
20
-2.1615331102362205
11
4.173372755905512
21
-2.1619740157480316
0
LINE
8
BLACK
6
CONTINUOUS
10
4.173372755905512
20
-2.1619740157480316
11
4.1741874015748026
21
-2.1627886614173226
0
LINE
8
BLACK
6
CONTINUOUS
10
4.1741874015748026
20
-2.1627886614173226
11
4.1746283070866141
21
-2.1638530708661419
0
LINE
8
BLACK
6
CONTINUOUS
10
4.1746283070866141
20
-2.1638530708661419
11
4.1746283070866141
21
-2.1650051968503936
0
LINE
8
BLACK
6
CONTINUOUS
10
4.1746283070866141
20
-2.1650051968503936
11
4.1741874015748026
21
-2.1660696062992124
0
LINE
8
BLACK
6
CONTINUOUS
10
4.1741874015748026
20
-2.1660696062992124
11
4.173372755905512
21
-2.1668842519685039
0
LINE
8
BLACK
6
CONTINUOUS
10
4.173372755905512
20
-2.1668842519685039
11
4.1723083464566928
21
-2.167325157480315
0
LINE
8
BLACK
6
CONTINUOUS
10
4.1723083464566928
20
-2.167325157480315
11
4.1717322834645669
21
-2.1673818897637793
0
LINE
8
BLACK
6
CONTINUOUS
10
4.1717322834645669
20
-2.1673818897637793
11
4.1117322834645664
21
-2.1673818897637793
0
LINE
8
BLACK
6
CONTINUOUS
10
4.1117322834645664
20
-2.1673818897637793
11
4.1111562204724406
21
-2.167325157480315
0
LINE
8
BLACK
6
CONTINUOUS
10
4.1111562204724406
20
-2.167325157480315
11
4.1100918110236222
21
-2.1668842519685039
0
LINE
8
BLACK
6
CONTINUOUS
10
4.1100918110236222
20
-2.1668842519685039
11
4.1092771653543307
21
-2.1660696062992124
0
LINE
8
BLACK
6
CONTINUOUS
10
4.1092771653543307
20
-2.1660696062992124
11
4.1088362598425192
21
-2.1650051968503936
0
LINE
8
BLACK
6
CONTINUOUS
10
4.1088362598425192
20
-2.1650051968503936
11
4.1088362598425192
21
-2.1638530708661419
0
LINE
8
BLACK
6
CONTINUOUS
10
4.1088362598425192
20
-2.1638530708661419
11
4.1092771653543307
21
-2.1627886614173226
0
LINE
8
BLACK
6
CONTINUOUS
10
4.1092771653543307
20
-2.1627886614173226
11
4.1100918110236222
21
-2.1619740157480316
0
LINE
8
BLACK
6
CONTINUOUS
10
4.1100918110236222
20
-2.1619740157480316
11
4.1111562204724406
21
-2.1615331102362205
0
LINE
8
BLACK
6
CONTINUOUS
10
4.1111562204724406
20
-2.1615331102362205
11
4.1117322834645664
21
-2.1614763779527557
0
LINE
8
BLACK
6
CONTINUOUS
10
4.1117322834645664
20
-2.1614763779527557
11
4.1717322834645669
21
-2.1614763779527557
0
LINE
8
BLACK
6
CONTINUOUS
10
4.1717322834645669
20
-2.1614763779527557
11
4.1723083464566928
21
-2.1615331102362205
0
LINE
8
BLACK
6
CONTINUOUS
10
4.422163818897638
20
-2.1436837401574804
11
4.422930157480315
21
-2.1441958267716537
0
LINE
8
BLACK
6
CONTINUOUS
10
4.422930157480315
20
-2.1441958267716537
11
4.4347411811023623
21
-2.1560068503937009
0
LINE
8
BLACK
6
CONTINUOUS
10
4.4347411811023623
20
-2.1560068503937009
11
4.4352532677165355
21
-2.1567731889763779
0
LINE
8
BLACK
6
CONTINUOUS
10
4.4352532677165355
20
-2.1567731889763779
11
4.4352532677165355
21
-2.1585811417322835
0
LINE
8
BLACK
6
CONTINUOUS
10
4.4352532677165355
20
-2.1585811417322835
11
4.4339748425196852
21
-2.1598595669291338
0
LINE
8
BLACK
6
CONTINUOUS
10
4.4339748425196852
20
-2.1598595669291338
11
4.4330708661417324
21
-2.1600393700787399
0
LINE
8
BLACK
6
CONTINUOUS
10
4.4330708661417324
20
-2.1600393700787399
11
4.409448818897638
21
-2.1600393700787399
0
LINE
8
BLACK
6
CONTINUOUS
10
4.409448818897638
20
-2.1600393700787399
11
4.4085448425196851
21
-2.1598595669291338
0
LINE
8
BLACK
6
CONTINUOUS
10
4.4085448425196851
20
-2.1598595669291338
11
4.4072664173228349
21
-2.1585811417322835
0
LINE
8
BLACK
6
CONTINUOUS
10
4.4072664173228349
20
-2.1585811417322835
11
4.4072664173228349
21
-2.1567731889763779
0
LINE
8
BLACK
6
CONTINUOUS
10
4.4072664173228349
20
-2.1567731889763779
11
4.4077785039370081
21
-2.1560068503937009
0
LINE
8
BLACK
6
CONTINUOUS
10
4.4077785039370081
20
-2.1560068503937009
11
4.4195895275590553
21
-2.1441958267716537
0
LINE
8
BLACK
6
CONTINUOUS
10
4.4195895275590553
20
-2.1441958267716537
11
4.4203558661417324
21
-2.1436837401574804
0
LINE
8
BLACK
6
CONTINUOUS
10
4.4203558661417324
20
-2.1436837401574804
11
4.422163818897638
21
-2.1436837401574804
0
LINE
8
BLACK
6
CONTINUOUS
10
4.4151516535433073
20
-2.1553149606299211
11
4.4273680314960631
21
-2.1553149606299211
0
LINE
8
BLACK
6
CONTINUOUS
10
4.4273680314960631
20
-2.1553149606299211
11
4.4212598425196852
21
-2.1492067716535432
0
LINE
8
BLACK
6
CONTINUOUS
10
4.4212598425196852
20
-2.1492067716535432
11
4.4151516535433073
21
-2.1553149606299211
0
LINE
8
BLACK
6
CONTINUOUS
10
4.5245260236220473
20
-2.0570695669291337
11
4.5246403937007873
21
-2.0571839370078742
0
LINE
8
BLACK
6
CONTINUOUS
10
4.5246403937007873
20
-2.0571839370078742
11
4.5274909055118107
21
-2.0574646850393701
0
LINE
8
BLACK
6
CONTINUOUS
10
4.5274909055118107
20
-2.0574646850393701
11
4.5331038976377949
21
-2.0591674015748032
0
LINE
8
BLACK
6
CONTINUOUS
10
4.5331038976377949
20
-2.0591674015748032
11
4.5382768897637797
21
-2.0619324015748033
0
LINE
8
BLACK
6
CONTINUOUS
10
4.5382768897637797
20
-2.0619324015748033
11
4.5428110629921257
21
-2.0656535039370079
0
LINE
8
BLACK
6
CONTINUOUS
10
4.5428110629921257
20
-2.0656535039370079
11
4.5465321653543302
21
-2.0701876771653542
0
LINE
8
BLACK
6
CONTINUOUS
10
4.5465321653543302
20
-2.0701876771653542
11
4.5492971653543304
21
-2.0753606692913387
0
LINE
8
BLACK
6
CONTINUOUS
10
4.5492971653543304
20
-2.0753606692913387
11
4.5509998818897639
21
-2.0809736614173229
0
LINE
8
BLACK
6
CONTINUOUS
10
4.5509998818897639
20
-2.0809736614173229
11
4.5515748031496059
21
-2.0868110236220474
0
LINE
8
BLACK
6
CONTINUOUS
10
4.5515748031496059
20
-2.0868110236220474
11
4.5515748031496059
21
-2.1104330708661418
0
LINE
8
BLACK
6
CONTINUOUS
10
4.5515748031496059
20
-2.1104330708661418
11
4.5509998818897639
21
-2.1162704330708659
0
LINE
8
BLACK
6
CONTINUOUS
10
4.5509998818897639
20
-2.1162704330708659
11
4.5492971653543304
21
-2.1218834251968501
0
LINE
8
BLACK
6
CONTINUOUS
10
4.5492971653543304
20
-2.1218834251968501
11
4.5465321653543302
21
-2.1270564173228346
0
LINE
8
BLACK
6
CONTINUOUS
10
4.5465321653543302
20
-2.1270564173228346
11
4.5428110629921257
21
-2.1315905905511809
0
LINE
8
BLACK
6
CONTINUOUS
10
4.5428110629921257
20
-2.1315905905511809
11
4.5382768897637797
21
-2.135311692913386
0
LINE
8
BLACK
6
CONTINUOUS
10
4.5382768897637797
20
-2.135311692913386
11
4.5331038976377949
21
-2.1380766929133856
0
LINE
8
BLACK
6
CONTINUOUS
10
4.5331038976377949
20
-2.1380766929133856
11
4.5274909055118107
21
-2.1397794094488187
0
LINE
8
BLACK
6
CONTINUOUS
10
4.5274909055118107
20
-2.1397794094488187
11
4.5246403937007873
21
-2.1400601181102363
0
LINE
8
BLACK
6
CONTINUOUS
10
4.5246403937007873
20
-2.1400601181102363
11
4.5245260236220473
21
-2.1401745275590551
0
LINE
8
BLACK
6
CONTINUOUS
10
4.5245260236220473
20
-2.1401745275590551
11
4.5236220472440944
21
-2.1403543307086612
0
LINE
8
BLACK
6
CONTINUOUS
10
4.5236220472440944
20
-2.1403543307086612
11
4.5216535433070861
21
-2.1403543307086612
0
LINE
8
BLACK
6
CONTINUOUS
10
4.5216535433070861
20
-2.1403543307086612
11
4.4153543307086611
21
-2.1403543307086612
0
LINE
8
BLACK
6
CONTINUOUS
10
4.4153543307086611
20
-2.1403543307086612
11
4.4133858267716537
21
-2.1403543307086612
0
LINE
8
BLACK
6
CONTINUOUS
10
4.4133858267716537
20
-2.1403543307086612
11
4.4124818503937009
21
-2.1401745275590551
0
LINE
8
BLACK
6
CONTINUOUS
10
4.4124818503937009
20
-2.1401745275590551
11
4.4123674409448821
21
-2.1400601181102363
0
LINE
8
BLACK
6
CONTINUOUS
10
4.4123674409448821
20
-2.1400601181102363
11
4.4095169685039366
21
-2.1397794094488187
0
LINE
8
BLACK
6
CONTINUOUS
10
4.4095169685039366
20
-2.1397794094488187
11
4.4039039763779524
21
-2.1380766929133856
0
LINE
8
BLACK
6
CONTINUOUS
10
4.4039039763779524
20
-2.1380766929133856
11
4.3987309842519684
21
-2.135311692913386
0
LINE
8
BLACK
6
CONTINUOUS
10
4.3987309842519684
20
-2.135311692913386
11
4.3941968110236216
21
-2.1315905905511809
0
LINE
8
BLACK
6
CONTINUOUS
10
4.3941968110236216
20
-2.1315905905511809
11
4.390475708661417
21
-2.1270564173228346
0
LINE
8
BLACK
6
CONTINUOUS
10
4.390475708661417
20
-2.1270564173228346
11
4.3877107086614169
21
-2.1218834251968501
0
LINE
8
BLACK
6
CONTINUOUS
10
4.3877107086614169
20
-2.1218834251968501
11
4.3860079921259842
21
-2.1162704330708659
0
LINE
8
BLACK
6
CONTINUOUS
10
4.3860079921259842
20
-2.1162704330708659
11
4.3854330708661413
21
-2.1104330708661418
0
LINE
8
BLACK
6
CONTINUOUS
10
4.3854330708661413
20
-2.1104330708661418
11
4.3854330708661413
21
-2.0868110236220474
0
LINE
8
BLACK
6
CONTINUOUS
10
4.3854330708661413
20
-2.0868110236220474
11
4.3860079921259842
21
-2.0809736614173229
0
LINE
8
BLACK
6
CONTINUOUS
10
4.3860079921259842
20
-2.0809736614173229
11
4.3877107086614169
21
-2.0753606692913387
0
LINE
8
BLACK
6
CONTINUOUS
10
4.3877107086614169
20
-2.0753606692913387
11
4.390475708661417
21
-2.0701876771653542
0
LINE
8
BLACK
6
CONTINUOUS
10
4.390475708661417
20
-2.0701876771653542
11
4.3941968110236216
21
-2.0656535039370079
0
LINE
8
BLACK
6
CONTINUOUS
10
4.3941968110236216
20
-2.0656535039370079
11
4.3987309842519684
21
-2.0619324015748033
0
LINE
8
BLACK
6
CONTINUOUS
10
4.3987309842519684
20
-2.0619324015748033
11
4.4039039763779524
21
-2.0591674015748032
0
LINE
8
BLACK
6
CONTINUOUS
10
4.4039039763779524
20
-2.0591674015748032
11
4.4095169685039366
21
-2.0574646850393701
0
LINE
8
BLACK
6
CONTINUOUS
10
4.4095169685039366
20
-2.0574646850393701
11
4.4123674409448821
21
-2.0571839370078742
0
LINE
8
BLACK
6
CONTINUOUS
10
4.4123674409448821
20
-2.0571839370078742
11
4.4124818503937009
21
-2.0570695669291337
0
LINE
8
BLACK
6
CONTINUOUS
10
4.4124818503937009
20
-2.0570695669291337
11
4.4133858267716537
21
-2.0568897637795276
0
LINE
8
BLACK
6
CONTINUOUS
10
4.4133858267716537
20
-2.0568897637795276
11
4.5236220472440944
21
-2.0568897637795276
0
LINE
8
BLACK
6
CONTINUOUS
10
4.5236220472440944
20
-2.0568897637795276
11
4.5245260236220473
21
-2.0570695669291337
0
LINE
8
BLACK
6
CONTINUOUS
10
4.4153543307086611
20
-2.0616141732283464
11
4.41251531496063
21
-2.0616141732283464
0
LINE
8
BLACK
6
CONTINUOUS
10
4.41251531496063
20
-2.0616141732283464
11
4.4069796850393699
21
-2.0628776377952756
0
LINE
8
BLACK
6
CONTINUOUS
10
4.4069796850393699
20
-2.0628776377952756
11
4.4018639763779523
21
-2.0653412204724408
0
LINE
8
BLACK
6
CONTINUOUS
10
4.4018639763779523
20
-2.0653412204724408
11
4.3974247244094489
21
-2.0688814173228347
0
LINE
8
BLACK
6
CONTINUOUS
10
4.3974247244094489
20
-2.0688814173228347
11
4.393884527559055
21
-2.0733206692913386
0
LINE
8
BLACK
6
CONTINUOUS
10
4.393884527559055
20
-2.0733206692913386
11
4.3914209448818893
21
-2.0784363779527557
0
LINE
8
BLACK
6
CONTINUOUS
10
4.3914209448818893
20
-2.0784363779527557
11
4.3901574803149606
21
-2.0839720078740158
0
LINE
8
BLACK
6
CONTINUOUS
10
4.3901574803149606
20
-2.0839720078740158
11
4.3901574803149606
21
-2.0868110236220474
0
LINE
8
BLACK
6
CONTINUOUS
10
4.3901574803149606
20
-2.0868110236220474
11
4.3901574803149606
21
-2.1104330708661418
0
LINE
8
BLACK
6
CONTINUOUS
10
4.3901574803149606
20
-2.1104330708661418
11
4.3901574803149606
21
-2.113272086614173
0
LINE
8
BLACK
6
CONTINUOUS
10
4.3901574803149606
20
-2.113272086614173
11
4.3914209448818893
21
-2.1188077165354331
0
LINE
8
BLACK
6
CONTINUOUS
10
4.3914209448818893
20
-2.1188077165354331
11
4.393884527559055
21
-2.1239234251968502
0
LINE
8
BLACK
6
CONTINUOUS
10
4.393884527559055
20
-2.1239234251968502
11
4.3974247244094489
21
-2.1283626771653541
0
LINE
8
BLACK
6
CONTINUOUS
10
4.3974247244094489
20
-2.1283626771653541
11
4.4018639763779523
21
-2.131902874015748
0
LINE
8
BLACK
6
CONTINUOUS
10
4.4018639763779523
20
-2.131902874015748
11
4.4069796850393699
21
-2.1343664566929132
0
LINE
8
BLACK
6
CONTINUOUS
10
4.4069796850393699
20
-2.1343664566929132
11
4.41251531496063
21
-2.1356299212598424
0
LINE
8
BLACK
6
CONTINUOUS
10
4.41251531496063
20
-2.1356299212598424
11
4.4133858267716537
21
-2.1356299212598424
0
LINE
8
BLACK
6
CONTINUOUS
10
4.4133858267716537
20
-2.1356299212598424
11
4.5236220472440944
21
-2.1356299212598424
0
LINE
8
BLACK
6
CONTINUOUS
10
4.5236220472440944
20
-2.1356299212598424
11
4.5244925590551182
21
-2.1356299212598424
0
LINE
8
BLACK
6
CONTINUOUS
10
4.5244925590551182
20
-2.1356299212598424
11
4.5300281889763783
21
-2.1343664566929132
0
LINE
8
BLACK
6
CONTINUOUS
10
4.5300281889763783
20
-2.1343664566929132
11
4.5351438976377949
21
-2.131902874015748
0
LINE
8
BLACK
6
CONTINUOUS
10
4.5351438976377949
20
-2.131902874015748
11
4.5395831496062993
21
-2.1283626771653541
0
LINE
8
BLACK
6
CONTINUOUS
10
4.5395831496062993
20
-2.1283626771653541
11
4.5431233464566931
21
-2.1239234251968502
0
LINE
8
BLACK
6
CONTINUOUS
10
4.5431233464566931
20
-2.1239234251968502
11
4.545586929133858
21
-2.1188077165354331
0
LINE
8
BLACK
6
CONTINUOUS
10
4.545586929133858
20
-2.1188077165354331
11
4.5468503937007876
21
-2.113272086614173
0
LINE
8
BLACK
6
CONTINUOUS
10
4.5468503937007876
20
-2.113272086614173
11
4.5468503937007876
21
-2.1104330708661418
0
LINE
8
BLACK
6
CONTINUOUS
10
4.5468503937007876
20
-2.1104330708661418
11
4.5468503937007876
21
-2.0868110236220474
0
LINE
8
BLACK
6
CONTINUOUS
10
4.5468503937007876
20
-2.0868110236220474
11
4.5468503937007876
21
-2.0839720078740158
0
LINE
8
BLACK
6
CONTINUOUS
10
4.5468503937007876
20
-2.0839720078740158
11
4.545586929133858
21
-2.0784363779527557
0
LINE
8
BLACK
6
CONTINUOUS
10
4.545586929133858
20
-2.0784363779527557
11
4.5431233464566931
21
-2.0733206692913386
0
LINE
8
BLACK
6
CONTINUOUS
10
4.5431233464566931
20
-2.0733206692913386
11
4.5395831496062993
21
-2.0688814173228347
0
LINE
8
BLACK
6
CONTINUOUS
10
4.5395831496062993
20
-2.0688814173228347
11
4.5351438976377949
21
-2.0653412204724408
0
LINE
8
BLACK
6
CONTINUOUS
10
4.5351438976377949
20
-2.0653412204724408
11
4.5300281889763783
21
-2.0628776377952756
0
LINE
8
BLACK
6
CONTINUOUS
10
4.5300281889763783
20
-2.0628776377952756
11
4.5244925590551182
21
-2.0616141732283464
0
LINE
8
BLACK
6
CONTINUOUS
10
4.5244925590551182
20
-2.0616141732283464
11
4.5216535433070861
21
-2.0616141732283464
0
LINE
8
BLACK
6
CONTINUOUS
10
4.5216535433070861
20
-2.0616141732283464
11
4.4153543307086611
21
-2.0616141732283464
0
LINE
8
BLACK
6
CONTINUOUS
10
4.1139146850393704
20
-2.0885251574803148
11
4.1140944881889761
21
-2.0894291338582676
0
LINE
8
BLACK
6
CONTINUOUS
10
4.1140944881889761
20
-2.0894291338582676
11
4.1140944881889761
21
-2.1194291338582678
0
LINE
8
BLACK
6
CONTINUOUS
10
4.1140944881889761
20
-2.1194291338582678
11
4.1139146850393704
21
-2.1203331102362206
0
LINE
8
BLACK
6
CONTINUOUS
10
4.1139146850393704
20
-2.1203331102362206
11
4.1126362598425192
21
-2.1216115354330709
0
LINE
8
BLACK
6
CONTINUOUS
10
4.1126362598425192
20
-2.1216115354330709
11
4.1108283070866145
21
-2.1216115354330709
0
LINE
8
BLACK
6
CONTINUOUS
10
4.1108283070866145
20
-2.1216115354330709
11
4.1095498818897633
21
-2.1203331102362206
0
LINE
8
BLACK
6
CONTINUOUS
10
4.1095498818897633
20
-2.1203331102362206
11
4.1093700787401577
21
-2.1194291338582678
0
LINE
8
BLACK
6
CONTINUOUS
10
4.1093700787401577
20
-2.1194291338582678
11
4.1093700787401577
21
-2.0894291338582676
0
LINE
8
BLACK
6
CONTINUOUS
10
4.1093700787401577
20
-2.0894291338582676
11
4.1095498818897633
21
-2.0885251574803148
0
LINE
8
BLACK
6
CONTINUOUS
10
4.1095498818897633
20
-2.0885251574803148
11
4.1108283070866145
21
-2.0872467322834645
0
LINE
8
BLACK
6
CONTINUOUS
10
4.1108283070866145
20
-2.0872467322834645
11
4.1126362598425192
21
-2.0872467322834645
0
LINE
8
BLACK
6
CONTINUOUS
10
4.1126362598425192
20
-2.0872467322834645
11
4.1139146850393704
21
-2.0885251574803148
0
LINE
8
BLACK
6
CONTINUOUS
10
4.17391468503937
20
-2.0885251574803148
11
4.1740944881889765
21
-2.0894291338582676
0
LINE
8
BLACK
6
CONTINUOUS
10
4.1740944881889765
20
-2.0894291338582676
11
4.1740944881889765
21
-2.1194291338582678
0
LINE
8
BLACK
6
CONTINUOUS
10
4.1740944881889765
20
-2.1194291338582678
11
4.17391468503937
21
-2.1203331102362206
0
LINE
8
BLACK
6
CONTINUOUS
10
4.17391468503937
20
-2.1203331102362206
11
4.1726362598425197
21
-2.1216115354330709
0
LINE
8
BLACK
6
CONTINUOUS
10
4.1726362598425197
20
-2.1216115354330709
11
4.1708283070866141
21
-2.1216115354330709
0
LINE
8
BLACK
6
CONTINUOUS
10
4.1708283070866141
20
-2.1216115354330709
11
4.1695498818897638
21
-2.1203331102362206
0
LINE
8
BLACK
6
CONTINUOUS
10
4.1695498818897638
20
-2.1203331102362206
11
4.1693700787401573
21
-2.1194291338582678
0
LINE
8
BLACK
6
CONTINUOUS
10
4.1693700787401573
20
-2.1194291338582678
11
4.1693700787401573
21
-2.0894291338582676
0
LINE
8
BLACK
6
CONTINUOUS
10
4.1693700787401573
20
-2.0894291338582676
11
4.1695498818897638
21
-2.0885251574803148
0
LINE
8
BLACK
6
CONTINUOUS
10
4.1695498818897638
20
-2.0885251574803148
11
4.1708283070866141
21
-2.0872467322834645
0
LINE
8
BLACK
6
CONTINUOUS
10
4.1708283070866141
20
-2.0872467322834645
11
4.1726362598425197
21
-2.0872467322834645
0
LINE
8
BLACK
6
CONTINUOUS
10
4.1726362598425197
20
-2.0872467322834645
11
4.17391468503937
21
-2.0885251574803148
0
LINE
8
BLACK
6
CONTINUOUS
10
2.9009697637795275
20
-1.5591118503937007
11
2.9020341732283463
21
-1.5595527559055118
0
LINE
8
BLACK
6
CONTINUOUS
10
2.9020341732283463
20
-1.5595527559055118
11
2.9028488188976378
21
-1.560367401574803
0
LINE
8
BLACK
6
CONTINUOUS
10
2.9028488188976378
20
-1.560367401574803
11
2.9032897244094489
21
-1.5614318110236221
0
LINE
8
BLACK
6
CONTINUOUS
10
2.9032897244094489
20
-1.5614318110236221
11
2.9033464566929132
21
-1.5620078740157479
0
LINE
8
BLACK
6
CONTINUOUS
10
2.9033464566929132
20
-1.5620078740157479
11
2.9033464566929132
21
-2.0620078740157481
0
LINE
8
BLACK
6
CONTINUOUS
10
2.9033464566929132
20
-2.0620078740157481
11
2.9032897244094489
21
-2.062583937007874
0
LINE
8
BLACK
6
CONTINUOUS
10
2.9032897244094489
20
-2.062583937007874
11
2.9028488188976378
21
-2.0636483464566928
0
LINE
8
BLACK
6
CONTINUOUS
10
2.9028488188976378
20
-2.0636483464566928
11
2.9020341732283463
21
-2.0644629921259843
0
LINE
8
BLACK
6
CONTINUOUS
10
2.9020341732283463
20
-2.0644629921259843
11
2.9009697637795275
21
-2.0649038976377954
0
LINE
8
BLACK
6
CONTINUOUS
10
2.9009697637795275
20
-2.0649038976377954
11
2.9003937007874017
21
-2.0649606299212597
0
LINE
8
BLACK
6
CONTINUOUS
10
2.9003937007874017
20
-2.0649606299212597
11
2.7003937007874015
21
-2.0649606299212597
0
LINE
8
BLACK
6
CONTINUOUS
10
2.7003937007874015
20
-2.0649606299212597
11
2.6998176377952756
21
-2.0649038976377954
0
LINE
8
BLACK
6
CONTINUOUS
10
2.6998176377952756
20
-2.0649038976377954
11
2.6987532283464568
21
-2.0644629921259843
0
LINE
8
BLACK
6
CONTINUOUS
10
2.6987532283464568
20
-2.0644629921259843
11
2.6979385826771654
21
-2.0636483464566928
0
LINE
8
BLACK
6
CONTINUOUS
10
2.6979385826771654
20
-2.0636483464566928
11
2.6974976771653543
21
-2.062583937007874
0
LINE
8
BLACK
6
CONTINUOUS
10
2.6974976771653543
20
-2.062583937007874
11
2.6974409448818899
21
-2.0620078740157481
0
LINE
8
BLACK
6
CONTINUOUS
10
2.6974409448818899
20
-2.0620078740157481
11
2.6974409448818899
21
-1.5620078740157479
0
LINE
8
BLACK
6
CONTINUOUS
10
2.6974409448818899
20
-1.5620078740157479
11
2.6974976771653543
21
-1.5614318110236221
0
LINE
8
BLACK
6
CONTINUOUS
10
2.6974976771653543
20
-1.5614318110236221
11
2.6979385826771654
21
-1.560367401574803
0
LINE
8
BLACK
6
CONTINUOUS
10
2.6979385826771654
20
-1.560367401574803
11
2.6987532283464568
21
-1.5595527559055118
0
LINE
8
BLACK
6
CONTINUOUS
10
2.6987532283464568
20
-1.5595527559055118
11
2.6998176377952756
21
-1.5591118503937007
0
LINE
8
BLACK
6
CONTINUOUS
10
2.6998176377952756
20
-1.5591118503937007
11
2.7003937007874015
21
-1.5590551181102361
0
LINE
8
BLACK
6
CONTINUOUS
10
2.7003937007874015
20
-1.5590551181102361
11
2.9003937007874017
21
-1.5590551181102361
0
LINE
8
BLACK
6
CONTINUOUS
10
2.9003937007874017
20
-1.5590551181102361
11
2.9009697637795275
21
-1.5591118503937007
0
LINE
8
BLACK
6
CONTINUOUS
10
2.7033464566929135
20
-1.5649606299212597
11
2.7033464566929135
21
-2.0590551181102361
0
LINE
8
BLACK
6
CONTINUOUS
10
2.7033464566929135
20
-2.0590551181102361
11
2.8974409448818896
21
-2.0590551181102361
0
LINE
8
BLACK
6
CONTINUOUS
10
2.8974409448818896
20
-2.0590551181102361
11
2.8974409448818896
21
-1.5649606299212597
0
LINE
8
BLACK
6
CONTINUOUS
10
2.8974409448818896
20
-1.5649606299212597
11
2.7033464566929135
21
-1.5649606299212597
0
LINE
8
BLACK
6
CONTINUOUS
10
2.9815617322834647
20
-1.9695527559055117
11
2.9823763779527557
21
-1.9703674015748032
0
LINE
8
BLACK
6
CONTINUOUS
10
2.9823763779527557
20
-1.9703674015748032
11
2.9828172834645668
21
-1.971431811023622
0
LINE
8
BLACK
6
CONTINUOUS
10
2.9828172834645668
20
-1.971431811023622
11
2.9828740157480316
21
-1.9720078740157481
0
LINE
8
BLACK
6
CONTINUOUS
10
2.9828740157480316
20
-1.9720078740157481
11
2.9828740157480316
21
-2.0590551181102361
0
LINE
8
BLACK
6
CONTINUOUS
10
2.9828740157480316
20
-2.0590551181102361
11
3.1769685039370077
21
-2.0590551181102361
0
LINE
8
BLACK
6
CONTINUOUS
10
3.1769685039370077
20
-2.0590551181102361
11
3.1769685039370077
21
-1.9720078740157481
0
LINE
8
BLACK
6
CONTINUOUS
10
3.1769685039370077
20
-1.9720078740157481
11
3.1770252362204725
21
-1.971431811023622
0
LINE
8
BLACK
6
CONTINUOUS
10
3.1770252362204725
20
-1.971431811023622
11
3.1774661417322836
21
-1.9703674015748032
0
LINE
8
BLACK
6
CONTINUOUS
10
3.1774661417322836
20
-1.9703674015748032
11
3.1782807874015746
21
-1.9695527559055117
0
LINE
8
BLACK
6
CONTINUOUS
10
3.1782807874015746
20
-1.9695527559055117
11
3.1793451968503934
21
-1.9691118503937008
0
LINE
8
BLACK
6
CONTINUOUS
10
3.1793451968503934
20
-1.9691118503937008
11
3.1804973228346456
21
-1.9691118503937008
0
LINE
8
BLACK
6
CONTINUOUS
10
3.1804973228346456
20
-1.9691118503937008
11
3.1815617322834644
21
-1.9695527559055117
0
LINE
8
BLACK
6
CONTINUOUS
10
3.1815617322834644
20
-1.9695527559055117
11
3.1823763779527559
21
-1.9703674015748032
0
LINE
8
BLACK
6
CONTINUOUS
10
3.1823763779527559
20
-1.9703674015748032
11
3.1828172834645669
21
-1.971431811023622
0
LINE
8
BLACK
6
CONTINUOUS
10
3.1828172834645669
20
-1.971431811023622
11
3.1828740157480313
21
-1.9720078740157481
0
LINE
8
BLACK
6
CONTINUOUS
10
3.1828740157480313
20
-1.9720078740157481
11
3.1828740157480313
21
-2.0620078740157481
0
LINE
8
BLACK
6
CONTINUOUS
10
3.1828740157480313
20
-2.0620078740157481
11
3.1828172834645669
21
-2.062583937007874
0
LINE
8
BLACK
6
CONTINUOUS
10
3.1828172834645669
20
-2.062583937007874
11
3.1823763779527559
21
-2.0636483464566928
0
LINE
8
BLACK
6
CONTINUOUS
10
3.1823763779527559
20
-2.0636483464566928
11
3.1815617322834644
21
-2.0644629921259843
0
LINE
8
BLACK
6
CONTINUOUS
10
3.1815617322834644
20
-2.0644629921259843
11
3.1804973228346456
21
-2.0649038976377954
0
LINE
8
BLACK
6
CONTINUOUS
10
3.1804973228346456
20
-2.0649038976377954
11
3.1799212598425197
21
-2.0649606299212597
0
LINE
8
BLACK
6
CONTINUOUS
10
3.1799212598425197
20
-2.0649606299212597
11
2.9799212598425195
21
-2.0649606299212597
0
LINE
8
BLACK
6
CONTINUOUS
10
2.9799212598425195
20
-2.0649606299212597
11
2.9793451968503937
21
-2.0649038976377954
0
LINE
8
BLACK
6
CONTINUOUS
10
2.9793451968503937
20
-2.0649038976377954
11
2.9782807874015749
21
-2.0644629921259843
0
LINE
8
BLACK
6
CONTINUOUS
10
2.9782807874015749
20
-2.0644629921259843
11
2.9774661417322834
21
-2.0636483464566928
0
LINE
8
BLACK
6
CONTINUOUS
10
2.9774661417322834
20
-2.0636483464566928
11
2.9770252362204723
21
-2.062583937007874
0
LINE
8
BLACK
6
CONTINUOUS
10
2.9770252362204723
20
-2.062583937007874
11
2.976968503937008
21
-2.0620078740157481
0
LINE
8
BLACK
6
CONTINUOUS
10
2.976968503937008
20
-2.0620078740157481
11
2.976968503937008
21
-1.9720078740157481
0
LINE
8
BLACK
6
CONTINUOUS
10
2.976968503937008
20
-1.9720078740157481
11
2.9770252362204723
21
-1.971431811023622
0
LINE
8
BLACK
6
CONTINUOUS
10
2.9770252362204723
20
-1.971431811023622
11
2.9774661417322834
21
-1.9703674015748032
0
LINE
8
BLACK
6
CONTINUOUS
10
2.9774661417322834
20
-1.9703674015748032
11
2.9782807874015749
21
-1.9695527559055117
0
LINE
8
BLACK
6
CONTINUOUS
10
2.9782807874015749
20
-1.9695527559055117
11
2.9793451968503937
21
-1.9691118503937008
0
LINE
8
BLACK
6
CONTINUOUS
10
2.9793451968503937
20
-1.9691118503937008
11
2.9804973228346454
21
-1.9691118503937008
0
LINE
8
BLACK
6
CONTINUOUS
10
2.9804973228346454
20
-1.9691118503937008
11
2.9815617322834647
21
-1.9695527559055117
0
LINE
8
BLACK
6
CONTINUOUS
10
3.4749197244094487
20
-1.5684868897637796
11
3.476198149606299
21
-1.5697653149606299
0
LINE
8
BLACK
6
CONTINUOUS
10
3.476198149606299
20
-1.5697653149606299
11
3.476198149606299
21
-1.5715732677165355
0
LINE
8
BLACK
6
CONTINUOUS
10
3.476198149606299
20
-1.5715732677165355
11
3.4749197244094487
21
-1.5728516929133858
0
LINE
8
BLACK
6
CONTINUOUS
10
3.4749197244094487
20
-1.5728516929133858
11
3.4740157480314959
21
-1.5730314960629921
0
LINE
8
BLACK
6
CONTINUOUS
10
3.4740157480314959
20
-1.5730314960629921
11
3.4586614173228347
21
-1.5730314960629921
0
LINE
8
BLACK
6
CONTINUOUS
10
3.4586614173228347
20
-1.5730314960629921
11
3.4586614173228347
21
-2.0572834645669289
0
LINE
8
BLACK
6
CONTINUOUS
10
3.4586614173228347
20
-2.0572834645669289
11
3.4740157480314959
21
-2.0572834645669289
0
LINE
8
BLACK
6
CONTINUOUS
10
3.4740157480314959
20
-2.0572834645669289
11
3.4749197244094487
21
-2.0574632677165354
0
LINE
8
BLACK
6
CONTINUOUS
10
3.4749197244094487
20
-2.0574632677165354
11
3.476198149606299
21
-2.0587416929133857
0
LINE
8
BLACK
6
CONTINUOUS
10
3.476198149606299
20
-2.0587416929133857
11
3.476198149606299
21
-2.0605496456692913
0
LINE
8
BLACK
6
CONTINUOUS
10
3.476198149606299
20
-2.0605496456692913
11
3.4749197244094487
21
-2.0618280708661416
0
LINE
8
BLACK
6
CONTINUOUS
10
3.4749197244094487
20
-2.0618280708661416
11
3.4740157480314959
21
-2.0620078740157481
0
LINE
8
BLACK
6
CONTINUOUS
10
3.4740157480314959
20
-2.0620078740157481
11
3.4566929133858268
21
-2.0620078740157481
0
LINE
8
BLACK
6
CONTINUOUS
10
3.4566929133858268
20
-2.0620078740157481
11
3.455788937007874
21
-2.0618280708661416
0
LINE
8
BLACK
6
CONTINUOUS
10
3.455788937007874
20
-2.0618280708661416
11
3.4553952362204723
21
-2.0618280708661416
0
LINE
8
BLACK
6
CONTINUOUS
10
3.4553952362204723
20
-2.0618280708661416
11
3.454116811023622
21
-2.0605496456692913
0
LINE
8
BLACK
6
CONTINUOUS
10
3.454116811023622
20
-2.0605496456692913
11
3.4539370078740155
21
-2.0596456692913385
0
LINE
8
BLACK
6
CONTINUOUS
10
3.4539370078740155
20
-2.0596456692913385
11
3.4539370078740155
21
-1.5706692913385827
0
LINE
8
BLACK
6
CONTINUOUS
10
3.4539370078740155
20
-1.5706692913385827
11
3.454116811023622
21
-1.5697653149606299
0
LINE
8
BLACK
6
CONTINUOUS
10
3.454116811023622
20
-1.5697653149606299
11
3.4553952362204723
21
-1.5684868897637796
0
LINE
8
BLACK
6
CONTINUOUS
10
3.4553952362204723
20
-1.5684868897637796
11
3.4562992125984251
21
-1.5683070866141733
0
LINE
8
BLACK
6
CONTINUOUS
10
3.4562992125984251
20
-1.5683070866141733
11
3.4740157480314959
21
-1.5683070866141733
0
LINE
8
BLACK
6
CONTINUOUS
10
3.4740157480314959
20
-1.5683070866141733
11
3.4749197244094487
21
-1.5684868897637796
0
LINE
8
BLACK
6
CONTINUOUS
10
3.766258307086614
20
-2.0574632677165354
11
3.7675367322834643
21
-2.0587416929133857
0
LINE
8
BLACK
6
CONTINUOUS
10
3.7675367322834643
20
-2.0587416929133857
11
3.7675367322834643
21
-2.0605496456692913
0
LINE
8
BLACK
6
CONTINUOUS
10
3.7675367322834643
20
-2.0605496456692913
11
3.766258307086614
21
-2.0618280708661416
0
LINE
8
BLACK
6
CONTINUOUS
10
3.766258307086614
20
-2.0618280708661416
11
3.7653543307086612
21
-2.0620078740157481
0
LINE
8
BLACK
6
CONTINUOUS
10
3.7653543307086612
20
-2.0620078740157481
11
3.6992125984251967
21
-2.0620078740157481
0
LINE
8
BLACK
6
CONTINUOUS
10
3.6992125984251967
20
-2.0620078740157481
11
3.6983086220472439
21
-2.0618280708661416
0
LINE
8
BLACK
6
CONTINUOUS
10
3.6983086220472439
20
-2.0618280708661416
11
3.6970301968503936
21
-2.0605496456692913
0
LINE
8
BLACK
6
CONTINUOUS
10
3.6970301968503936
20
-2.0605496456692913
11
3.6970301968503936
21
-2.0587416929133857
0
LINE
8
BLACK
6
CONTINUOUS
10
3.6970301968503936
20
-2.0587416929133857
11
3.6983086220472439
21
-2.0574632677165354
0
LINE
8
BLACK
6
CONTINUOUS
10
3.6983086220472439
20
-2.0574632677165354
11
3.6992125984251967
21
-2.0572834645669289
0
LINE
8
BLACK
6
CONTINUOUS
10
3.6992125984251967
20
-2.0572834645669289
11
3.7653543307086612
21
-2.0572834645669289
0
LINE
8
BLACK
6
CONTINUOUS
10
3.7653543307086612
20
-2.0572834645669289
11
3.766258307086614
21
-2.0574632677165354
0
LINE
8
BLACK
6
CONTINUOUS
10
4.0957858661417319
20
-1.5684868897637796
11
4.0970642913385822
21
-1.5697653149606299
0
LINE
8
BLACK
6
CONTINUOUS
10
4.0970642913385822
20
-1.5697653149606299
11
4.0972440944881887
21
-1.5706692913385827
0
LINE
8
BLACK
6
CONTINUOUS
10
4.0972440944881887
20
-1.5706692913385827
11
4.0972440944881887
21
-2.0596456692913385
0
LINE
8
BLACK
6
CONTINUOUS
10
4.0972440944881887
20
-2.0596456692913385
11
4.0970642913385822
21
-2.0605496456692913
0
LINE
8
BLACK
6
CONTINUOUS
10
4.0970642913385822
20
-2.0605496456692913
11
4.0957858661417319
21
-2.0618280708661416
0
LINE
8
BLACK
6
CONTINUOUS
10
4.0957858661417319
20
-2.0618280708661416
11
4.0948818897637791
21
-2.0620078740157481
0
LINE
8
BLACK
6
CONTINUOUS
10
4.0948818897637791
20
-2.0620078740157481
11
4.0771653543307087
21
-2.0620078740157481
0
LINE
8
BLACK
6
CONTINUOUS
10
4.0771653543307087
20
-2.0620078740157481
11
4.0762613779527559
21
-2.0618280708661416
0
LINE
8
BLACK
6
CONTINUOUS
10
4.0762613779527559
20
-2.0618280708661416
11
4.0749829527559056
21
-2.0605496456692913
0
LINE
8
BLACK
6
CONTINUOUS
10
4.0749829527559056
20
-2.0605496456692913
11
4.0749829527559056
21
-2.0587416929133857
0
LINE
8
BLACK
6
CONTINUOUS
10
4.0749829527559056
20
-2.0587416929133857
11
4.0762613779527559
21
-2.0574632677165354
0
LINE
8
BLACK
6
CONTINUOUS
10
4.0762613779527559
20
-2.0574632677165354
11
4.0771653543307087
21
-2.0572834645669289
0
LINE
8
BLACK
6
CONTINUOUS
10
4.0771653543307087
20
-2.0572834645669289
11
4.0925196850393704
21
-2.0572834645669289
0
LINE
8
BLACK
6
CONTINUOUS
10
4.0925196850393704
20
-2.0572834645669289
11
4.0925196850393704
21
-1.5730314960629921
0
LINE
8
BLACK
6
CONTINUOUS
10
4.0925196850393704
20
-1.5730314960629921
11
4.0771653543307087
21
-1.5730314960629921
0
LINE
8
BLACK
6
CONTINUOUS
10
4.0771653543307087
20
-1.5730314960629921
11
4.0762613779527559
21
-1.5728516929133858
0
LINE
8
BLACK
6
CONTINUOUS
10
4.0762613779527559
20
-1.5728516929133858
11
4.0749829527559056
21
-1.5715732677165355
0
LINE
8
BLACK
6
CONTINUOUS
10
4.0749829527559056
20
-1.5715732677165355
11
4.0749829527559056
21
-1.5697653149606299
0
LINE
8
BLACK
6
CONTINUOUS
10
4.0749829527559056
20
-1.5697653149606299
11
4.0762613779527559
21
-1.5684868897637796
0
LINE
8
BLACK
6
CONTINUOUS
10
4.0762613779527559
20
-1.5684868897637796
11
4.0771653543307087
21
-1.5683070866141733
0
LINE
8
BLACK
6
CONTINUOUS
10
4.0771653543307087
20
-1.5683070866141733
11
4.0948818897637791
21
-1.5683070866141733
0
LINE
8
BLACK
6
CONTINUOUS
10
4.0948818897637791
20
-1.5683070866141733
11
4.0957858661417319
21
-1.5684868897637796
0
LINE
8
BLACK
6
CONTINUOUS
10
4.4373359842519688
20
-2.0038369685039368
11
4.4381506299212594
21
-2.0046516141732282
0
LINE
8
BLACK
6
CONTINUOUS
10
4.4381506299212594
20
-2.0046516141732282
11
4.4385915354330709
21
-2.005716023622047
0
LINE
8
BLACK
6
CONTINUOUS
10
4.4385915354330709
20
-2.005716023622047
11
4.4386482677165358
21
-2.0062920866141734
0
LINE
8
BLACK
6
CONTINUOUS
10
4.4386482677165358
20
-2.0062920866141734
11
4.4386482677165358
21
-2.0344135433070867
0
LINE
8
BLACK
6
CONTINUOUS
10
4.4386482677165358
20
-2.0344135433070867
11
4.4386195275590552
21
-2.034705118110236
0
LINE
8
BLACK
6
CONTINUOUS
10
4.4386195275590552
20
-2.034705118110236
11
4.4386250787401575
21
-2.0347828740157481
0
LINE
8
BLACK
6
CONTINUOUS
10
4.4386250787401575
20
-2.0347828740157481
11
4.4386018110236218
21
-2.0348851181102363
0
LINE
8
BLACK
6
CONTINUOUS
10
4.4386018110236218
20
-2.0348851181102363
11
4.4385915354330709
21
-2.0349896062992126
0
LINE
8
BLACK
6
CONTINUOUS
10
4.4385915354330709
20
-2.0349896062992126
11
4.4385616535433066
21
-2.0350616535433073
0
LINE
8
BLACK
6
CONTINUOUS
10
4.4385616535433066
20
-2.0350616535433073
11
4.4384967322834648
21
-2.0353473228346455
0
LINE
8
BLACK
6
CONTINUOUS
10
4.4384967322834648
20
-2.0353473228346455
11
4.4366219685039372
21
-2.0409715748031494
0
LINE
8
BLACK
6
CONTINUOUS
10
4.4366219685039372
20
-2.0409715748031494
11
4.4363859842519684
21
-2.0415001574803151
0
LINE
8
BLACK
6
CONTINUOUS
10
4.4363859842519684
20
-2.0415001574803151
11
4.4363164566929134
21
-2.041580275590551
0
LINE
8
BLACK
6
CONTINUOUS
10
4.4363164566929134
20
-2.041580275590551
11
4.4362759055118106
21
-2.0416782677165353
0
LINE
8
BLACK
6
CONTINUOUS
10
4.4362759055118106
20
-2.0416782677165353
11
4.4359087007874018
21
-2.0421257086614171
0
LINE
8
BLACK
6
CONTINUOUS
10
4.4359087007874018
20
-2.0421257086614171
11
4.432159133858268
21
-2.0458753149606297
0
LINE
8
BLACK
6
CONTINUOUS
10
4.432159133858268
20
-2.0458753149606297
11
4.4317116929133853
21
-2.0462425196850393
0
LINE
8
BLACK
6
CONTINUOUS
10
4.4317116929133853
20
-2.0462425196850393
11
4.4316136220472444
21
-2.0462831102362204
0
LINE
8
BLACK
6
CONTINUOUS
10
4.4316136220472444
20
-2.0462831102362204
11
4.4315335039370076
21
-2.0463526377952754
0
LINE
8
BLACK
6
CONTINUOUS
10
4.4315335039370076
20
-2.0463526377952754
11
4.4310049606299211
21
-2.0465886220472442
0
LINE
8
BLACK
6
CONTINUOUS
10
4.4310049606299211
20
-2.0465886220472442
11
4.4253806692913384
21
-2.0484633858267718
0
LINE
8
BLACK
6
CONTINUOUS
10
4.4253806692913384
20
-2.0484633858267718
11
4.4250950787401573
21
-2.048528307086614
0
LINE
8
BLACK
6
CONTINUOUS
10
4.4250950787401573
20
-2.048528307086614
11
4.4250229921259843
21
-2.048558188976378
0
LINE
8
BLACK
6
CONTINUOUS
10
4.4250229921259843
20
-2.048558188976378
11
4.4249184645669288
21
-2.0485684645669289
0
LINE
8
BLACK
6
CONTINUOUS
10
4.4249184645669288
20
-2.0485684645669289
11
4.4248162204724411
21
-2.0485917322834646
0
LINE
8
BLACK
6
CONTINUOUS
10
4.4248162204724411
20
-2.0485917322834646
11
4.4247384645669294
21
-2.0485861811023622
0
LINE
8
BLACK
6
CONTINUOUS
10
4.4247384645669294
20
-2.0485861811023622
11
4.4244469291338584
21
-2.0486149212598423
0
LINE
8
BLACK
6
CONTINUOUS
10
4.4244469291338584
20
-2.0486149212598423
11
4.4206974015748033
21
-2.0486149212598423
0
LINE
8
BLACK
6
CONTINUOUS
10
4.4206974015748033
20
-2.0486149212598423
11
4.4201213385826774
21
-2.048558188976378
0
LINE
8
BLACK
6
CONTINUOUS
10
4.4201213385826774
20
-2.048558188976378
11
4.4190569291338582
21
-2.0481172834645669
0
LINE
8
BLACK
6
CONTINUOUS
10
4.4190569291338582
20
-2.0481172834645669
11
4.4182422834645667
21
-2.0473026377952754
0
LINE
8
BLACK
6
CONTINUOUS
10
4.4182422834645667
20
-2.0473026377952754
11
4.4178013779527561
21
-2.0462382283464566
0
LINE
8
BLACK
6
CONTINUOUS
10
4.4178013779527561
20
-2.0462382283464566
11
4.4178013779527561
21
-2.0450861023622049
0
LINE
8
BLACK
6
CONTINUOUS
10
4.4178013779527561
20
-2.0450861023622049
11
4.4182422834645667
21
-2.0440216929133856
0
LINE
8
BLACK
6
CONTINUOUS
10
4.4182422834645667
20
-2.0440216929133856
11
4.4190569291338582
21
-2.0432070472440946
0
LINE
8
BLACK
6
CONTINUOUS
10
4.4190569291338582
20
-2.0432070472440946
11
4.4201213385826774
21
-2.0427661417322835
0
LINE
8
BLACK
6
CONTINUOUS
10
4.4201213385826774
20
-2.0427661417322835
11
4.4206974015748033
21
-2.0427094094488187
0
LINE
8
BLACK
6
CONTINUOUS
10
4.4206974015748033
20
-2.0427094094488187
11
4.4239677952755905
21
-2.0427094094488187
0
LINE
8
BLACK
6
CONTINUOUS
10
4.4239677952755905
20
-2.0427094094488187
11
4.4284761811023623
21
-2.0412065748031494
0
LINE
8
BLACK
6
CONTINUOUS
10
4.4284761811023623
20
-2.0412065748031494
11
4.4312399212598423
21
-2.0384427952755906
0
LINE
8
BLACK
6
CONTINUOUS
10
4.4312399212598423
20
-2.0384427952755906
11
4.4327427559055117
21
-2.0339344094488188
0
LINE
8
BLACK
6
CONTINUOUS
10
4.4327427559055117
20
-2.0339344094488188
11
4.4327427559055117
21
-2.0062920866141734
0
LINE
8
BLACK
6
CONTINUOUS
10
4.4327427559055117
20
-2.0062920866141734
11
4.4327994881889765
21
-2.005716023622047
0
LINE
8
BLACK
6
CONTINUOUS
10
4.4327994881889765
20
-2.005716023622047
11
4.4332403937007872
21
-2.0046516141732282
0
LINE
8
BLACK
6
CONTINUOUS
10
4.4332403937007872
20
-2.0046516141732282
11
4.4340550393700786
21
-2.0038369685039368
0
LINE
8
BLACK
6
CONTINUOUS
10
4.4340550393700786
20
-2.0038369685039368
11
4.4351194488188979
21
-2.0033960629921261
0
LINE
8
BLACK
6
CONTINUOUS
10
4.4351194488188979
20
-2.0033960629921261
11
4.4362715748031496
21
-2.0033960629921261
0
LINE
8
BLACK
6
CONTINUOUS
10
4.4362715748031496
20
-2.0033960629921261
11
4.4373359842519688
21
-2.0038369685039368
0
LINE
8
BLACK
6
CONTINUOUS
10
4.5034707480314964
20
-2.0033960629921261
11
4.5037631496062991
21
-2.0033960629921261
0
LINE
8
BLACK
6
CONTINUOUS
10
4.5037631496062991
20
-2.0033960629921261
11
4.5040303937007877
21
-2.0035067716535431
0
LINE
8
BLACK
6
CONTINUOUS
10
4.5040303937007877
20
-2.0035067716535431
11
4.504314212598425
21
-2.0035629133858266
0
LINE
8
BLACK
6
CONTINUOUS
10
4.504314212598425
20
-2.0035629133858266
11
4.5045574803149604
21
-2.0037250787401573
0
LINE
8
BLACK
6
CONTINUOUS
10
4.5045574803149604
20
-2.0037250787401573
11
4.5048275590551183
21
-2.0038369685039368
0
LINE
8
BLACK
6
CONTINUOUS
10
4.5048275590551183
20
-2.0038369685039368
11
4.505032007874016
21
-2.0040414173228345
0
LINE
8
BLACK
6
CONTINUOUS
10
4.505032007874016
20
-2.0040414173228345
11
4.5052728346456696
21
-2.0042019685039372
0
LINE
8
BLACK
6
CONTINUOUS
10
4.5052728346456696
20
-2.0042019685039372
11
4.5054355511811019
21
-2.0044449606299213
0
LINE
8
BLACK
6
CONTINUOUS
10
4.5054355511811019
20
-2.0044449606299213
11
4.5056422047244089
21
-2.0046516141732282
0
LINE
8
BLACK
6
CONTINUOUS
10
4.5056422047244089
20
-2.0046516141732282
11
4.505752874015748
21
-2.0049188188976377
0
LINE
8
BLACK
6
CONTINUOUS
10
4.505752874015748
20
-2.0049188188976377
11
4.5059138976377948
21
-2.0051592519685038
0
LINE
8
BLACK
6
CONTINUOUS
10
4.5059138976377948
20
-2.0051592519685038
11
4.5059712204724409
21
-2.0054459055118108
0
LINE
8
BLACK
6
CONTINUOUS
10
4.5059712204724409
20
-2.0054459055118108
11
4.5060831102362204
21
-2.005716023622047
0
LINE
8
BLACK
6
CONTINUOUS
10
4.5060831102362204
20
-2.005716023622047
11
4.5061392125984252
21
-2.0062859448818897
0
LINE
8
BLACK
6
CONTINUOUS
10
4.5061392125984252
20
-2.0062859448818897
11
4.5061398425196852
21
-2.0062889763779528
0
LINE
8
BLACK
6
CONTINUOUS
10
4.5061398425196852
20
-2.0062889763779528
11
4.5061396062992127
21
-2.0062899999999999
0
LINE
8
BLACK
6
CONTINUOUS
10
4.5061396062992127
20
-2.0062899999999999
11
4.5061398425196852
21
-2.0062920866141734
0
LINE
8
BLACK
6
CONTINUOUS
10
4.5061398425196852
20
-2.0062920866141734
11
4.5061398425196852
21
-2.0373818897637794
0
LINE
8
BLACK
6
CONTINUOUS
10
4.5061398425196852
20
-2.0373818897637794
11
4.5286811023622047
21
-2.0373818897637794
0
LINE
8
BLACK
6
CONTINUOUS
10
4.5286811023622047
20
-2.0373818897637794
11
4.5295850787401575
21
-2.037561692913386
0
LINE
8
BLACK
6
CONTINUOUS
10
4.5295850787401575
20
-2.037561692913386
11
4.5308635039370078
21
-2.0388401181102362
0
LINE
8
BLACK
6
CONTINUOUS
10
4.5308635039370078
20
-2.0388401181102362
11
4.5308635039370078
21
-2.0406480708661419
0
LINE
8
BLACK
6
CONTINUOUS
10
4.5308635039370078
20
-2.0406480708661419
11
4.5295850787401575
21
-2.0419264960629921
0
LINE
8
BLACK
6
CONTINUOUS
10
4.5295850787401575
20
-2.0419264960629921
11
4.5286811023622047
21
-2.0421062992125982
0
LINE
8
BLACK
6
CONTINUOUS
10
4.5286811023622047
20
-2.0421062992125982
11
4.5061398425196852
21
-2.0421062992125982
0
LINE
8
BLACK
6
CONTINUOUS
10
4.5061398425196852
20
-2.0421062992125982
11
4.5061398425196852
21
-2.0427094094488187
0
LINE
8
BLACK
6
CONTINUOUS
10
4.5061398425196852
20
-2.0427094094488187
11
4.5144356692913385
21
-2.0427094094488187
0
LINE
8
BLACK
6
CONTINUOUS
10
4.5144356692913385
20
-2.0427094094488187
11
4.5150117322834644
21
-2.0427661417322835
0
LINE
8
BLACK
6
CONTINUOUS
10
4.5150117322834644
20
-2.0427661417322835
11
4.5160761417322837
21
-2.0432070472440946
0
LINE
8
BLACK
6
CONTINUOUS
10
4.5160761417322837
20
-2.0432070472440946
11
4.5168907874015751
21
-2.0440216929133856
0
LINE
8
BLACK
6
CONTINUOUS
10
4.5168907874015751
20
-2.0440216929133856
11
4.5173316929133858
21
-2.0450861023622049
0
LINE
8
BLACK
6
CONTINUOUS
10
4.5173316929133858
20
-2.0450861023622049
11
4.5173316929133858
21
-2.0462382283464566
0
LINE
8
BLACK
6
CONTINUOUS
10
4.5173316929133858
20
-2.0462382283464566
11
4.5168907874015751
21
-2.0473026377952754
0
LINE
8
BLACK
6
CONTINUOUS
10
4.5168907874015751
20
-2.0473026377952754
11
4.5160761417322837
21
-2.0481172834645669
0
LINE
8
BLACK
6
CONTINUOUS
10
4.5160761417322837
20
-2.0481172834645669
11
4.5150117322834644
21
-2.048558188976378
0
LINE
8
BLACK
6
CONTINUOUS
10
4.5150117322834644
20
-2.048558188976378
11
4.5144356692913385
21
-2.0486149212598423
0
LINE
8
BLACK
6
CONTINUOUS
10
4.5144356692913385
20
-2.0486149212598423
11
4.4919385039370079
21
-2.0486149212598423
0
LINE
8
BLACK
6
CONTINUOUS
10
4.4919385039370079
20
-2.0486149212598423
11
4.491362440944882
21
-2.048558188976378
0
LINE
8
BLACK
6
CONTINUOUS
10
4.491362440944882
20
-2.048558188976378
11
4.4902980314960628
21
-2.0481172834645669
0
LINE
8
BLACK
6
CONTINUOUS
10
4.4902980314960628
20
-2.0481172834645669
11
4.4894833858267713
21
-2.0473026377952754
0
LINE
8
BLACK
6
CONTINUOUS
10
4.4894833858267713
20
-2.0473026377952754
11
4.4890424803149607
21
-2.0462382283464566
0
LINE
8
BLACK
6
CONTINUOUS
10
4.4890424803149607
20
-2.0462382283464566
11
4.4890424803149607
21
-2.0450861023622049
0
LINE
8
BLACK
6
CONTINUOUS
10
4.4890424803149607
20
-2.0450861023622049
11
4.4894833858267713
21
-2.0440216929133856
0
LINE
8
BLACK
6
CONTINUOUS
10
4.4894833858267713
20
-2.0440216929133856
11
4.4902980314960628
21
-2.0432070472440946
0
LINE
8
BLACK
6
CONTINUOUS
10
4.4902980314960628
20
-2.0432070472440946
11
4.491362440944882
21
-2.0427661417322835
0
LINE
8
BLACK
6
CONTINUOUS
10
4.491362440944882
20
-2.0427661417322835
11
4.4919385039370079
21
-2.0427094094488187
0
LINE
8
BLACK
6
CONTINUOUS
10
4.4919385039370079
20
-2.0427094094488187
11
4.5002343307086612
21
-2.0427094094488187
0
LINE
8
BLACK
6
CONTINUOUS
10
4.5002343307086612
20
-2.0427094094488187
11
4.5002343307086612
21
-2.0421062992125982
0
LINE
8
BLACK
6
CONTINUOUS
10
4.5002343307086612
20
-2.0421062992125982
11
4.4986811023622044
21
-2.0421062992125982
0
LINE
8
BLACK
6
CONTINUOUS
10
4.4986811023622044
20
-2.0421062992125982
11
4.4977771259842516
21
-2.0419264960629921
0
LINE
8
BLACK
6
CONTINUOUS
10
4.4977771259842516
20
-2.0419264960629921
11
4.4964987007874013
21
-2.0406480708661419
0
LINE
8
BLACK
6
CONTINUOUS
10
4.4964987007874013
20
-2.0406480708661419
11
4.4964987007874013
21
-2.0388401181102362
0
LINE
8
BLACK
6
CONTINUOUS
10
4.4964987007874013
20
-2.0388401181102362
11
4.4977771259842516
21
-2.037561692913386
0
LINE
8
BLACK
6
CONTINUOUS
10
4.4977771259842516
20
-2.037561692913386
11
4.4986811023622044
21
-2.0373818897637794
0
LINE
8
BLACK
6
CONTINUOUS
10
4.4986811023622044
20
-2.0373818897637794
11
4.5002343307086612
21
-2.0373818897637794
0
LINE
8
BLACK
6
CONTINUOUS
10
4.5002343307086612
20
-2.0373818897637794
11
4.5002343307086612
21
-2.0152954330708659
0
LINE
8
BLACK
6
CONTINUOUS
10
4.5002343307086612
20
-2.0152954330708659
11
4.4977759448818899
21
-2.0177538188976376
0
LINE
8
BLACK
6
CONTINUOUS
10
4.4977759448818899
20
-2.0177538188976376
11
4.4975495669291341
21
-2.017939566929134
0
LINE
8
BLACK
6
CONTINUOUS
10
4.4975495669291341
20
-2.017939566929134
11
4.4974984251968504
21
-2.0179985826771651
0
LINE
8
BLACK
6
CONTINUOUS
10
4.4974984251968504
20
-2.0179985826771651
11
4.4974094488188978
21
-2.0180545275590549
0
LINE
8
BLACK
6
CONTINUOUS
10
4.4974094488188978
20
-2.0180545275590549
11
4.4973285039370081
21
-2.0181210236220473
0
LINE
8
BLACK
6
CONTINUOUS
10
4.4973285039370081
20
-2.0181210236220473
11
4.4972565354330705
21
-2.0181508267716537
0
LINE
8
BLACK
6
CONTINUOUS
10
4.4972565354330705
20
-2.0181508267716537
11
4.4970085433070865
21
-2.0183069291338582
0
LINE
8
BLACK
6
CONTINUOUS
10
4.4970085433070865
20
-2.0183069291338582
11
4.4932590157480314
21
-2.0201816929133858
0
LINE
8
BLACK
6
CONTINUOUS
10
4.4932590157480314
20
-2.0201816929133858
11
4.4927183858267714
21
-2.0203885826771653
0
LINE
8
BLACK
6
CONTINUOUS
10
4.4927183858267714
20
-2.0203885826771653
11
4.4915691732283465
21
-2.0204702362204725
0
LINE
8
BLACK
6
CONTINUOUS
10
4.4915691732283465
20
-2.0204702362204725
11
4.4904762204724404
21
-2.0201059055118109
0
LINE
8
BLACK
6
CONTINUOUS
10
4.4904762204724404
20
-2.0201059055118109
11
4.4896058267716539
21
-2.0193510629921261
0
LINE
8
BLACK
6
CONTINUOUS
10
4.4896058267716539
20
-2.0193510629921261
11
4.4890905905511813
21
-2.0183205511811022
0
LINE
8
BLACK
6
CONTINUOUS
10
4.4890905905511813
20
-2.0183205511811022
11
4.4890089370078741
21
-2.0171713385826773
0
LINE
8
BLACK
6
CONTINUOUS
10
4.4890089370078741
20
-2.0171713385826773
11
4.4893732677165357
21
-2.0160783858267717
0
LINE
8
BLACK
6
CONTINUOUS
10
4.4893732677165357
20
-2.0160783858267717
11
4.4901281102362205
21
-2.0152079921259842
0
LINE
8
BLACK
6
CONTINUOUS
10
4.4901281102362205
20
-2.0152079921259842
11
4.4906179921259843
21
-2.0148996456692911
0
LINE
8
BLACK
6
CONTINUOUS
10
4.4906179921259843
20
-2.0148996456692911
11
4.4939389370078739
21
-2.0132391732283463
0
LINE
8
BLACK
6
CONTINUOUS
10
4.4939389370078739
20
-2.0132391732283463
11
4.4971428346456692
21
-2.0100352755905511
0
LINE
8
BLACK
6
CONTINUOUS
10
4.4971428346456692
20
-2.0100352755905511
11
4.5007302362204724
21
-2.0046541732283463
0
LINE
8
BLACK
6
CONTINUOUS
10
4.5007302362204724
20
-2.0046541732283463
11
4.5007315748031491
21
-2.0046524803149608
0
LINE
8
BLACK
6
CONTINUOUS
10
4.5007315748031491
20
-2.0046524803149608
11
4.5007319685039366
21
-2.0046516141732282
0
LINE
8
BLACK
6
CONTINUOUS
10
4.5007319685039366
20
-2.0046516141732282
11
4.500733976377953
21
-2.004649566929134
0
LINE
8
BLACK
6
CONTINUOUS
10
4.500733976377953
20
-2.004649566929134
11
4.5010970078740158
21
-2.0042063385826769
0
LINE
8
BLACK
6
CONTINUOUS
10
4.5010970078740158
20
-2.0042063385826769
11
4.5013398818897636
21
-2.0040436614173229
0
LINE
8
BLACK
6
CONTINUOUS
10
4.5013398818897636
20
-2.0040436614173229
11
4.5015466141732281
21
-2.0038369685039368
0
LINE
8
BLACK
6
CONTINUOUS
10
4.5015466141732281
20
-2.0038369685039368
11
4.5018138976377955
21
-2.0037262204724411
0
LINE
8
BLACK
6
CONTINUOUS
10
4.5018138976377955
20
-2.0037262204724411
11
4.5020542913385828
21
-2.0035652755905513
0
LINE
8
BLACK
6
CONTINUOUS
10
4.5020542913385828
20
-2.0035652755905513
11
4.5023409055118107
21
-2.0035079133858269
0
LINE
8
BLACK
6
CONTINUOUS
10
4.5023409055118107
20
-2.0035079133858269
11
4.5026110236220473
21
-2.0033960629921261
0
LINE
8
BLACK
6
CONTINUOUS
10
4.5026110236220473
20
-2.0033960629921261
11
4.5029003149606295
21
-2.0033960629921261
0
LINE
8
BLACK
6
CONTINUOUS
10
4.5029003149606295
20
-2.0033960629921261
11
4.5031839763779526
21
-2.0033393307086613
0
LINE
8
BLACK
6
CONTINUOUS
10
4.5031839763779526
20
-2.0033393307086613
11
4.5034707480314964
21
-2.0033960629921261
0
LINE
8
BLACK
6
CONTINUOUS
10
4.491101338582677
20
-1.9671030314960629
11
4.4911993307086613
21
-1.967143622047244
0
LINE
8
BLACK
6
CONTINUOUS
10
4.4911993307086613
20
-1.967143622047244
11
4.4913051574803147
21
-1.9671511417322833
0
LINE
8
BLACK
6
CONTINUOUS
10
4.4913051574803147
20
-1.9671511417322833
11
4.4918457874015747
21
-1.967358031496063
0
LINE
8
BLACK
6
CONTINUOUS
10
4.4918457874015747
20
-1.967358031496063
11
4.4955953149606298
21
-1.9692327952755906
0
LINE
8
BLACK
6
CONTINUOUS
10
4.4955953149606298
20
-1.9692327952755906
11
4.4958431889763775
21
-1.9693888188976378
0
LINE
8
BLACK
6
CONTINUOUS
10
4.4958431889763775
20
-1.9693888188976378
11
4.4959152362204726
21
-1.9694186614173228
0
LINE
8
BLACK
6
CONTINUOUS
10
4.4959152362204726
20
-1.9694186614173228
11
4.4959962598425198
21
-1.9694851574803149
0
LINE
8
BLACK
6
CONTINUOUS
10
4.4959962598425198
20
-1.9694851574803149
11
4.4960851968503937
21
-1.9695411417322835
0
LINE
8
BLACK
6
CONTINUOUS
10
4.4960851968503937
20
-1.9695411417322835
11
4.4961363385826774
21
-1.9696001181102363
0
LINE
8
BLACK
6
CONTINUOUS
10
4.4961363385826774
20
-1.9696001181102363
11
4.4963626771653544
21
-1.9697858661417322
0
LINE
8
BLACK
6
CONTINUOUS
10
4.4963626771653544
20
-1.9697858661417322
11
4.4982374803149607
21
-1.9716606299212598
0
LINE
8
BLACK
6
CONTINUOUS
10
4.4982374803149607
20
-1.9716606299212598
11
4.4984232283464562
21
-1.9718869685039369
0
LINE
8
BLACK
6
CONTINUOUS
10
4.4984232283464562
20
-1.9718869685039369
11
4.4984822834645666
21
-1.9719381889763778
0
LINE
8
BLACK
6
CONTINUOUS
10
4.4984822834645666
20
-1.9719381889763778
11
4.4985382677165351
21
-1.9720271259842519
0
LINE
8
BLACK
6
CONTINUOUS
10
4.4985382677165351
20
-1.9720271259842519
11
4.4986047244094491
21
-1.9721081102362203
0
LINE
8
BLACK
6
CONTINUOUS
10
4.4986047244094491
20
-1.9721081102362203
11
4.4986345275590551
21
-1.9721800393700788
0
LINE
8
BLACK
6
CONTINUOUS
10
4.4986345275590551
20
-1.9721800393700788
11
4.4987906299212597
21
-1.9724280708661417
0
LINE
8
BLACK
6
CONTINUOUS
10
4.4987906299212597
20
-1.9724280708661417
11
4.5006653937007872
21
-1.9761775984251968
0
LINE
8
BLACK
6
CONTINUOUS
10
4.5006653937007872
20
-1.9761775984251968
11
4.5008722834645667
21
-1.9767181889763779
0
LINE
8
BLACK
6
CONTINUOUS
10
4.5008722834645667
20
-1.9767181889763779
11
4.5008798031496058
21
-1.9768240551181102
0
LINE
8
BLACK
6
CONTINUOUS
10
4.5008798031496058
20
-1.9768240551181102
11
4.5009203937007873
21
-1.9769220472440945
0
LINE
8
BLACK
6
CONTINUOUS
10
4.5009203937007873
20
-1.9769220472440945
11
4.5009656692913387
21
-1.9773818897637794
0
LINE
8
BLACK
6
CONTINUOUS
10
4.5009656692913387
20
-1.9773818897637794
11
4.5286811023622047
21
-1.9773818897637794
0
LINE
8
BLACK
6
CONTINUOUS
10
4.5286811023622047
20
-1.9773818897637794
11
4.5295850787401575
21
-1.9775616929133857
0
LINE
8
BLACK
6
CONTINUOUS
10
4.5295850787401575
20
-1.9775616929133857
11
4.5308635039370078
21
-1.9788401181102362
0
LINE
8
BLACK
6
CONTINUOUS
10
4.5308635039370078
20
-1.9788401181102362
11
4.5308635039370078
21
-1.9806480708661416
0
LINE
8
BLACK
6
CONTINUOUS
10
4.5308635039370078
20
-1.9806480708661416
11
4.5295850787401575
21
-1.9819264960629921
0
LINE
8
BLACK
6
CONTINUOUS
10
4.5295850787401575
20
-1.9819264960629921
11
4.5286811023622047
21
-1.9821062992125984
0
LINE
8
BLACK
6
CONTINUOUS
10
4.5286811023622047
20
-1.9821062992125984
11
4.5009771259842521
21
-1.9821062992125984
0
LINE
8
BLACK
6
CONTINUOUS
10
4.5009771259842521
20
-1.9821062992125984
11
4.5009771259842521
21
-1.9849971653543306
0
LINE
8
BLACK
6
CONTINUOUS
10
4.5009771259842521
20
-1.9849971653543306
11
4.5009203937007873
21
-1.9855732283464567
0
LINE
8
BLACK
6
CONTINUOUS
10
4.5009203937007873
20
-1.9855732283464567
11
4.5008798031496058
21
-1.9856711811023622
0
LINE
8
BLACK
6
CONTINUOUS
10
4.5008798031496058
20
-1.9856711811023622
11
4.5008722834645667
21
-1.9857770866141733
0
LINE
8
BLACK
6
CONTINUOUS
10
4.5008722834645667
20
-1.9857770866141733
11
4.5006653937007872
21
-1.9863176771653543
0
LINE
8
BLACK
6
CONTINUOUS
10
4.5006653937007872
20
-1.9863176771653543
11
4.4987906299212597
21
-1.9900672047244095
0
LINE
8
BLACK
6
CONTINUOUS
10
4.4987906299212597
20
-1.9900672047244095
11
4.4986345275590551
21
-1.9903151968503936
0
LINE
8
BLACK
6
CONTINUOUS
10
4.4986345275590551
20
-1.9903151968503936
11
4.4986047244094491
21
-1.9903871653543306
0
LINE
8
BLACK
6
CONTINUOUS
10
4.4986047244094491
20
-1.9903871653543306
11
4.4985382677165351
21
-1.9904681102362205
0
LINE
8
BLACK
6
CONTINUOUS
10
4.4985382677165351
20
-1.9904681102362205
11
4.4984822834645666
21
-1.9905570866141731
0
LINE
8
BLACK
6
CONTINUOUS
10
4.4984822834645666
20
-1.9905570866141731
11
4.4984232283464562
21
-1.9906082677165353
0
LINE
8
BLACK
6
CONTINUOUS
10
4.4984232283464562
20
-1.9906082677165353
11
4.4982374803149607
21
-1.9908346456692914
0
LINE
8
BLACK
6
CONTINUOUS
10
4.4982374803149607
20
-1.9908346456692914
11
4.4963626771653544
21
-1.9927094094488189
0
LINE
8
BLACK
6
CONTINUOUS
10
4.4963626771653544
20
-1.9927094094488189
11
4.4961363385826774
21
-1.9928951181102361
0
LINE
8
BLACK
6
CONTINUOUS
10
4.4961363385826774
20
-1.9928951181102361
11
4.4960851968503937
21
-1.9929541338582677
0
LINE
8
BLACK
6
CONTINUOUS
10
4.4960851968503937
20
-1.9929541338582677
11
4.4959962598425198
21
-1.9930100787401575
0
LINE
8
BLACK
6
CONTINUOUS
10
4.4959962598425198
20
-1.9930100787401575
11
4.4959152362204726
21
-1.9930766141732283
0
LINE
8
BLACK
6
CONTINUOUS
10
4.4959152362204726
20
-1.9930766141732283
11
4.4958431889763775
21
-1.9931064173228346
0
LINE
8
BLACK
6
CONTINUOUS
10
4.4958431889763775
20
-1.9931064173228346
11
4.4955953149606298
21
-1.9932624803149606
0
LINE
8
BLACK
6
CONTINUOUS
10
4.4955953149606298
20
-1.9932624803149606
11
4.4918457874015747
21
-1.9951372440944881
0
LINE
8
BLACK
6
CONTINUOUS
10
4.4918457874015747
20
-1.9951372440944881
11
4.4913051574803147
21
-1.9953441338582676
0
LINE
8
BLACK
6
CONTINUOUS
10
4.4913051574803147
20
-1.9953441338582676
11
4.4911993307086613
21
-1.9953516141732284
0
LINE
8
BLACK
6
CONTINUOUS
10
4.4911993307086613
20
-1.9953516141732284
11
4.491101338582677
21
-1.9953922440944882
0
LINE
8
BLACK
6
CONTINUOUS
10
4.491101338582677
20
-1.9953922440944882
11
4.4905252755905511
21
-1.9954489763779528
0
LINE
8
BLACK
6
CONTINUOUS
10
4.4905252755905511
20
-1.9954489763779528
11
4.4586542913385827
21
-1.9954489763779528
0
LINE
8
BLACK
6
CONTINUOUS
10
4.4586542913385827
20
-1.9954489763779528
11
4.4580782283464568
21
-1.9953922440944882
0
LINE
8
BLACK
6
CONTINUOUS
10
4.4580782283464568
20
-1.9953922440944882
11
4.4570138188976376
21
-1.9949513385826771
0
LINE
8
BLACK
6
CONTINUOUS
10
4.4570138188976376
20
-1.9949513385826771
11
4.4566338582677165
21
-1.9945713779527559
0
LINE
8
BLACK
6
CONTINUOUS
10
4.4566338582677165
20
-1.9945713779527559
11
4.4566338582677165
21
-2.0033393307086613
0
LINE
8
BLACK
6
CONTINUOUS
10
4.4566338582677165
20
-2.0033393307086613
11
4.4694412992125985
21
-2.0033393307086613
0
LINE
8
BLACK
6
CONTINUOUS
10
4.4694412992125985
20
-2.0033393307086613
11
4.4700173622047243
21
-2.0033960629921261
0
LINE
8
BLACK
6
CONTINUOUS
10
4.4700173622047243
20
-2.0033960629921261
11
4.4701153543307086
21
-2.0034366535433072
0
LINE
8
BLACK
6
CONTINUOUS
10
4.4701153543307086
20
-2.0034366535433072
11
4.470221181102362
21
-2.0034441732283463
0
LINE
8
BLACK
6
CONTINUOUS
10
4.470221181102362
20
-2.0034441732283463
11
4.470761811023622
21
-2.0036510629921258
0
LINE
8
BLACK
6
CONTINUOUS
10
4.470761811023622
20
-2.0036510629921258
11
4.4745113385826771
21
-2.0055258267716534
0
LINE
8
BLACK
6
CONTINUOUS
10
4.4745113385826771
20
-2.0055258267716534
11
4.4747593307086611
21
-2.0056818897637796
0
LINE
8
BLACK
6
CONTINUOUS
10
4.4747593307086611
20
-2.0056818897637796
11
4.4748312992125987
21
-2.0057117322834643
0
LINE
8
BLACK
6
CONTINUOUS
10
4.4748312992125987
20
-2.0057117322834643
11
4.4749122440944884
21
-2.0057781889763779
0
LINE
8
BLACK
6
CONTINUOUS
10
4.4749122440944884
20
-2.0057781889763779
11
4.475001220472441
21
-2.0058341732283465
0
LINE
8
BLACK
6
CONTINUOUS
10
4.475001220472441
20
-2.0058341732283465
11
4.4750523622047247
21
-2.0058931496062993
0
LINE
8
BLACK
6
CONTINUOUS
10
4.4750523622047247
20
-2.0058931496062993
11
4.4752787401574805
21
-2.006078937007874
0
LINE
8
BLACK
6
CONTINUOUS
10
4.4752787401574805
20
-2.006078937007874
11
4.4771535039370081
21
-2.0079537007874015
0
LINE
8
BLACK
6
CONTINUOUS
10
4.4771535039370081
20
-2.0079537007874015
11
4.4773392519685036
21
-2.0081800393700786
0
LINE
8
BLACK
6
CONTINUOUS
10
4.4773392519685036
20
-2.0081800393700786
11
4.4773982677165352
21
-2.0082312204724411
0
LINE
8
BLACK
6
CONTINUOUS
10
4.4773982677165352
20
-2.0082312204724411
11
4.4774542125984249
21
-2.0083201574803149
0
LINE
8
BLACK
6
CONTINUOUS
10
4.4774542125984249
20
-2.0083201574803149
11
4.4775207086614168
21
-2.0084011417322833
0
LINE
8
BLACK
6
CONTINUOUS
10
4.4775207086614168
20
-2.0084011417322833
11
4.4775505118110237
21
-2.0084730708661418
0
LINE
8
BLACK
6
CONTINUOUS
10
4.4775505118110237
20
-2.0084730708661418
11
4.4777066141732282
21
-2.0087211023622045
0
LINE
8
BLACK
6
CONTINUOUS
10
4.4777066141732282
20
-2.0087211023622045
11
4.4795813779527558
21
-2.0124706299212596
0
LINE
8
BLACK
6
CONTINUOUS
10
4.4795813779527558
20
-2.0124706299212596
11
4.4797882677165353
21
-2.0130112204724409
0
LINE
8
BLACK
6
CONTINUOUS
10
4.4797882677165353
20
-2.0130112204724409
11
4.4797957874015744
21
-2.013117086614173
0
LINE
8
BLACK
6
CONTINUOUS
10
4.4797957874015744
20
-2.013117086614173
11
4.4798363779527559
21
-2.0132150787401573
0
LINE
8
BLACK
6
CONTINUOUS
10
4.4798363779527559
20
-2.0132150787401573
11
4.4798931102362207
21
-2.0137911417322836
0
LINE
8
BLACK
6
CONTINUOUS
10
4.4798931102362207
20
-2.0137911417322836
11
4.4798931102362207
21
-2.0194154330708662
0
LINE
8
BLACK
6
CONTINUOUS
10
4.4798931102362207
20
-2.0194154330708662
11
4.4798363779527559
21
-2.0199914960629921
0
LINE
8
BLACK
6
CONTINUOUS
10
4.4798363779527559
20
-2.0199914960629921
11
4.4797957874015744
21
-2.0200894488188976
0
LINE
8
BLACK
6
CONTINUOUS
10
4.4797957874015744
20
-2.0200894488188976
11
4.4797882677165353
21
-2.0201953543307085
0
LINE
8
BLACK
6
CONTINUOUS
10
4.4797882677165353
20
-2.0201953543307085
11
4.4795813779527558
21
-2.0207359448818898
0
LINE
8
BLACK
6
CONTINUOUS
10
4.4795813779527558
20
-2.0207359448818898
11
4.4777066141732282
21
-2.0244854724409449
0
LINE
8
BLACK
6
CONTINUOUS
10
4.4777066141732282
20
-2.0244854724409449
11
4.4775505118110237
21
-2.0247334645669293
0
LINE
8
BLACK
6
CONTINUOUS
10
4.4775505118110237
20
-2.0247334645669293
11
4.4775207086614168
21
-2.024805433070866
0
LINE
8
BLACK
6
CONTINUOUS
10
4.4775207086614168
20
-2.024805433070866
11
4.4774542125984249
21
-2.0248863779527557
0
LINE
8
BLACK
6
CONTINUOUS
10
4.4774542125984249
20
-2.0248863779527557
11
4.4773982677165352
21
-2.0249753543307087
0
LINE
8
BLACK
6
CONTINUOUS
10
4.4773982677165352
20
-2.0249753543307087
11
4.4773392519685036
21
-2.025026496062992
0
LINE
8
BLACK
6
CONTINUOUS
10
4.4773392519685036
20
-2.025026496062992
11
4.4771535039370081
21
-2.0252528740157478
0
LINE
8
BLACK
6
CONTINUOUS
10
4.4771535039370081
20
-2.0252528740157478
11
4.4752787401574805
21
-2.0271276377952754
0
LINE
8
BLACK
6
CONTINUOUS
10
4.4752787401574805
20
-2.0271276377952754
11
4.4750523622047247
21
-2.0273133858267718
0
LINE
8
BLACK
6
CONTINUOUS
10
4.4750523622047247
20
-2.0273133858267718
11
4.475001220472441
21
-2.0273724015748029
0
LINE
8
BLACK
6
CONTINUOUS
10
4.475001220472441
20
-2.0273724015748029
11
4.4749122440944884
21
-2.0274283464566927
0
LINE
8
BLACK
6
CONTINUOUS
10
4.4749122440944884
20
-2.0274283464566927
11
4.4748312992125987
21
-2.027494842519685
0
LINE
8
BLACK
6
CONTINUOUS
10
4.4748312992125987
20
-2.027494842519685
11
4.4747593307086611
21
-2.0275246456692915
0
LINE
8
BLACK
6
CONTINUOUS
10
4.4747593307086611
20
-2.0275246456692915
11
4.4745113385826771
21
-2.027680748031496
0
LINE
8
BLACK
6
CONTINUOUS
10
4.4745113385826771
20
-2.027680748031496
11
4.470761811023622
21
-2.0295555118110236
0
LINE
8
BLACK
6
CONTINUOUS
10
4.470761811023622
20
-2.0295555118110236
11
4.470221181102362
21
-2.029762401574803
0
LINE
8
BLACK
6
CONTINUOUS
10
4.470221181102362
20
-2.029762401574803
11
4.4701153543307086
21
-2.0297698818897638
0
LINE
8
BLACK
6
CONTINUOUS
10
4.4701153543307086
20
-2.0297698818897638
11
4.4700173622047243
21
-2.0298105118110237
0
LINE
8
BLACK
6
CONTINUOUS
10
4.4700173622047243
20
-2.0298105118110237
11
4.4694412992125985
21
-2.029867244094488
0
LINE
8
BLACK
6
CONTINUOUS
10
4.4694412992125985
20
-2.029867244094488
11
4.4573959448818901
21
-2.029867244094488
0
LINE
8
BLACK
6
CONTINUOUS
10
4.4573959448818901
20
-2.029867244094488
11
4.4573959448818901
21
-2.0456621653543308
0
LINE
8
BLACK
6
CONTINUOUS
10
4.4573959448818901
20
-2.0456621653543308
11
4.4573392125984252
21
-2.0462382283464566
0
LINE
8
BLACK
6
CONTINUOUS
10
4.4573392125984252
20
-2.0462382283464566
11
4.4568983070866137
21
-2.0473026377952754
0
LINE
8
BLACK
6
CONTINUOUS
10
4.4568983070866137
20
-2.0473026377952754
11
4.4560836614173231
21
-2.0481172834645669
0
LINE
8
BLACK
6
CONTINUOUS
10
4.4560836614173231
20
-2.0481172834645669
11
4.4550192519685039
21
-2.048558188976378
0
LINE
8
BLACK
6
CONTINUOUS
10
4.4550192519685039
20
-2.048558188976378
11
4.4538671259842522
21
-2.048558188976378
0
LINE
8
BLACK
6
CONTINUOUS
10
4.4538671259842522
20
-2.048558188976378
11
4.4528027165354329
21
-2.0481172834645669
0
LINE
8
BLACK
6
CONTINUOUS
10
4.4528027165354329
20
-2.0481172834645669
11
4.4519880708661415
21
-2.0473026377952754
0
LINE
8
BLACK
6
CONTINUOUS
10
4.4519880708661415
20
-2.0473026377952754
11
4.4515471653543308
21
-2.0462382283464566
0
LINE
8
BLACK
6
CONTINUOUS
10
4.4515471653543308
20
-2.0462382283464566
11
4.451490433070866
21
-2.0456621653543308
0
LINE
8
BLACK
6
CONTINUOUS
10
4.451490433070866
20
-2.0456621653543308
11
4.451490433070866
21
-2.0416490157480314
0
LINE
8
BLACK
6
CONTINUOUS
10
4.451490433070866
20
-2.0416490157480314
11
4.4512259842519688
21
-2.0413845669291337
0
LINE
8
BLACK
6
CONTINUOUS
10
4.4512259842519688
20
-2.0413845669291337
11
4.4507850787401573
21
-2.0403201574803149
0
LINE
8
BLACK
6
CONTINUOUS
10
4.4507850787401573
20
-2.0403201574803149
11
4.4507283464566925
21
-2.0397440944881891
0
LINE
8
BLACK
6
CONTINUOUS
10
4.4507283464566925
20
-2.0397440944881891
11
4.4507283464566925
21
-1.979744094488189
0
LINE
8
BLACK
6
CONTINUOUS
10
4.4507283464566925
20
-1.979744094488189
11
4.4507850787401573
21
-1.9791680314960629
0
LINE
8
BLACK
6
CONTINUOUS
10
4.4507850787401573
20
-1.9791680314960629
11
4.4512259842519688
21
-1.9781036220472441
0
LINE
8
BLACK
6
CONTINUOUS
10
4.4512259842519688
20
-1.9781036220472441
11
4.4520406299212594
21
-1.9772889763779526
0
LINE
8
BLACK
6
CONTINUOUS
10
4.4520406299212594
20
-1.9772889763779526
11
4.4531050393700786
21
-1.9768480708661418
0
LINE
8
BLACK
6
CONTINUOUS
10
4.4531050393700786
20
-1.9768480708661418
11
4.4542571653543304
21
-1.9768480708661418
0
LINE
8
BLACK
6
CONTINUOUS
10
4.4542571653543304
20
-1.9768480708661418
11
4.4553215748031496
21
-1.9772889763779526
0
LINE
8
BLACK
6
CONTINUOUS
10
4.4553215748031496
20
-1.9772889763779526
11
4.4561362204724411
21
-1.9781036220472441
0
LINE
8
BLACK
6
CONTINUOUS
10
4.4561362204724411
20
-1.9781036220472441
11
4.4565771259842517
21
-1.9791680314960629
0
LINE
8
BLACK
6
CONTINUOUS
10
4.4565771259842517
20
-1.9791680314960629
11
4.4566338582677165
21
-1.979744094488189
0
LINE
8
BLACK
6
CONTINUOUS
10
4.4566338582677165
20
-1.979744094488189
11
4.4566338582677165
21
-1.990421062992126
0
LINE
8
BLACK
6
CONTINUOUS
10
4.4566338582677165
20
-1.990421062992126
11
4.4570138188976376
21
-1.9900411023622047
0
LINE
8
BLACK
6
CONTINUOUS
10
4.4570138188976376
20
-1.9900411023622047
11
4.4580782283464568
21
-1.9896001968503936
0
LINE
8
BLACK
6
CONTINUOUS
10
4.4580782283464568
20
-1.9896001968503936
11
4.4586542913385827
21
-1.989543464566929
0
LINE
8
BLACK
6
CONTINUOUS
10
4.4586542913385827
20
-1.989543464566929
11
4.4898282283464566
21
-1.989543464566929
0
LINE
8
BLACK
6
CONTINUOUS
10
4.4898282283464566
20
-1.989543464566929
11
4.4925257086614172
21
-1.9881946850393701
0
LINE
8
BLACK
6
CONTINUOUS
10
4.4925257086614172
20
-1.9881946850393701
11
4.4937228740157478
21
-1.9869975590551181
0
LINE
8
BLACK
6
CONTINUOUS
10
4.4937228740157478
20
-1.9869975590551181
11
4.4950716141732281
21
-1.9843001181102362
0
LINE
8
BLACK
6
CONTINUOUS
10
4.4950716141732281
20
-1.9843001181102362
11
4.4950716141732281
21
-1.9781951574803149
0
LINE
8
BLACK
6
CONTINUOUS
10
4.4950716141732281
20
-1.9781951574803149
11
4.4937228740157478
21
-1.9754976771653543
0
LINE
8
BLACK
6
CONTINUOUS
10
4.4937228740157478
20
-1.9754976771653543
11
4.4925257086614172
21
-1.9743005511811023
0
LINE
8
BLACK
6
CONTINUOUS
10
4.4925257086614172
20
-1.9743005511811023
11
4.4898282283464566
21
-1.9729518110236219
0
LINE
8
BLACK
6
CONTINUOUS
10
4.4898282283464566
20
-1.9729518110236219
11
4.4586542913385827
21
-1.9729518110236219
0
LINE
8
BLACK
6
CONTINUOUS
10
4.4586542913385827
20
-1.9729518110236219
11
4.4580782283464568
21
-1.9728950787401573
0
LINE
8
BLACK
6
CONTINUOUS
10
4.4580782283464568
20
-1.9728950787401573
11
4.4570138188976376
21
-1.9724541732283465
0
LINE
8
BLACK
6
CONTINUOUS
10
4.4570138188976376
20
-1.9724541732283465
11
4.4561991732283461
21
-1.971639527559055
0
LINE
8
BLACK
6
CONTINUOUS
10
4.4561991732283461
20
-1.971639527559055
11
4.4557582677165355
21
-1.9705751181102362
0
LINE
8
BLACK
6
CONTINUOUS
10
4.4557582677165355
20
-1.9705751181102362
11
4.4557582677165355
21
-1.9694229921259843
0
LINE
8
BLACK
6
CONTINUOUS
10
4.4557582677165355
20
-1.9694229921259843
11
4.4561991732283461
21
-1.9683585826771652
0
LINE
8
BLACK
6
CONTINUOUS
10
4.4561991732283461
20
-1.9683585826771652
11
4.4570138188976376
21
-1.967543937007874
0
LINE
8
BLACK
6
CONTINUOUS
10
4.4570138188976376
20
-1.967543937007874
11
4.4580782283464568
21
-1.9671030314960629
0
LINE
8
BLACK
6
CONTINUOUS
10
4.4580782283464568
20
-1.9671030314960629
11
4.4586542913385827
21
-1.9670462992125983
0
LINE
8
BLACK
6
CONTINUOUS
10
4.4586542913385827
20
-1.9670462992125983
11
4.4905252755905511
21
-1.9670462992125983
0
LINE
8
BLACK
6
CONTINUOUS
10
4.4905252755905511
20
-1.9670462992125983
11
4.491101338582677
21
-1.9671030314960629
0
LINE
8
BLACK
6
CONTINUOUS
10
4.4573959448818901
20
-2.0239617322834644
11
4.4687442519685039
21
-2.0239617322834644
0
LINE
8
BLACK
6
CONTINUOUS
10
4.4687442519685039
20
-2.0239617322834644
11
4.4714417322834645
21
-2.0226129921259841
0
LINE
8
BLACK
6
CONTINUOUS
10
4.4714417322834645
20
-2.0226129921259841
11
4.4726388582677163
21
-2.0214158661417323
0
LINE
8
BLACK
6
CONTINUOUS
10
4.4726388582677163
20
-2.0214158661417323
11
4.4739875984251967
21
-2.0187183858267717
0
LINE
8
BLACK
6
CONTINUOUS
10
4.4739875984251967
20
-2.0187183858267717
11
4.4739875984251967
21
-2.0144881889763777
0
LINE
8
BLACK
6
CONTINUOUS
10
4.4739875984251967
20
-2.0144881889763777
11
4.4726388582677163
21
-2.0117907086614171
0
LINE
8
BLACK
6
CONTINUOUS
10
4.4726388582677163
20
-2.0117907086614171
11
4.4714417322834645
21
-2.0105935826771653
0
LINE
8
BLACK
6
CONTINUOUS
10
4.4714417322834645
20
-2.0105935826771653
11
4.4687442519685039
21
-2.0092448425196849
0
LINE
8
BLACK
6
CONTINUOUS
10
4.4687442519685039
20
-2.0092448425196849
11
4.4573959448818901
21
-2.0092448425196849
0
LINE
8
BLACK
6
CONTINUOUS
10
4.4573959448818901
20
-2.0092448425196849
11
4.4573959448818901
21
-2.0239617322834644
0
LINE
8
BLACK
6
CONTINUOUS
10
4.1723083464566928
20
-2.0415331102362204
11
4.173372755905512
21
-2.0419740157480315
0
LINE
8
BLACK
6
CONTINUOUS
10
4.173372755905512
20
-2.0419740157480315
11
4.1741874015748026
21
-2.042788661417323
0
LINE
8
BLACK
6
CONTINUOUS
10
4.1741874015748026
20
-2.042788661417323
11
4.1746283070866141
21
-2.0438530708661418
0
LINE
8
BLACK
6
CONTINUOUS
10
4.1746283070866141
20
-2.0438530708661418
11
4.1746283070866141
21
-2.0450051968503935
0
LINE
8
BLACK
6
CONTINUOUS
10
4.1746283070866141
20
-2.0450051968503935
11
4.1741874015748026
21
-2.0460696062992128
0
LINE
8
BLACK
6
CONTINUOUS
10
4.1741874015748026
20
-2.0460696062992128
11
4.173372755905512
21
-2.0468842519685038
0
LINE
8
BLACK
6
CONTINUOUS
10
4.173372755905512
20
-2.0468842519685038
11
4.1723083464566928
21
-2.0473251574803149
0
LINE
8
BLACK
6
CONTINUOUS
10
4.1723083464566928
20
-2.0473251574803149
11
4.1717322834645669
21
-2.0473818897637797
0
LINE
8
BLACK
6
CONTINUOUS
10
4.1717322834645669
20
-2.0473818897637797
11
4.1117322834645664
21
-2.0473818897637797
0
LINE
8
BLACK
6
CONTINUOUS
10
4.1117322834645664
20
-2.0473818897637797
11
4.1111562204724406
21
-2.0473251574803149
0
LINE
8
BLACK
6
CONTINUOUS
10
4.1111562204724406
20
-2.0473251574803149
11
4.1100918110236222
21
-2.0468842519685038
0
LINE
8
BLACK
6
CONTINUOUS
10
4.1100918110236222
20
-2.0468842519685038
11
4.1092771653543307
21
-2.0460696062992128
0
LINE
8
BLACK
6
CONTINUOUS
10
4.1092771653543307
20
-2.0460696062992128
11
4.1088362598425192
21
-2.0450051968503935
0
LINE
8
BLACK
6
CONTINUOUS
10
4.1088362598425192
20
-2.0450051968503935
11
4.1088362598425192
21
-2.0438530708661418
0
LINE
8
BLACK
6
CONTINUOUS
10
4.1088362598425192
20
-2.0438530708661418
11
4.1092771653543307
21
-2.042788661417323
0
LINE
8
BLACK
6
CONTINUOUS
10
4.1092771653543307
20
-2.042788661417323
11
4.1100918110236222
21
-2.0419740157480315
0
LINE
8
BLACK
6
CONTINUOUS
10
4.1100918110236222
20
-2.0419740157480315
11
4.1111562204724406
21
-2.0415331102362204
0
LINE
8
BLACK
6
CONTINUOUS
10
4.1111562204724406
20
-2.0415331102362204
11
4.1117322834645664
21
-2.041476377952756
0
LINE
8
BLACK
6
CONTINUOUS
10
4.1117322834645664
20
-2.041476377952756
11
4.1717322834645669
21
-2.041476377952756
0
LINE
8
BLACK
6
CONTINUOUS
10
4.1717322834645669
20
-2.041476377952756
11
4.1723083464566928
21
-2.0415331102362204
0
LINE
8
BLACK
6
CONTINUOUS
10
4.5753215748031497
20
-1.9772889763779526
11
4.5761362204724412
21
-1.9781036220472441
0
LINE
8
BLACK
6
CONTINUOUS
10
4.5761362204724412
20
-1.9781036220472441
11
4.5765771259842518
21
-1.9791680314960629
0
LINE
8
BLACK
6
CONTINUOUS
10
4.5765771259842518
20
-1.9791680314960629
11
4.5766338582677166
21
-1.979744094488189
0
LINE
8
BLACK
6
CONTINUOUS
10
4.5766338582677166
20
-1.979744094488189
11
4.5766338582677166
21
-2.0397440944881891
0
LINE
8
BLACK
6
CONTINUOUS
10
4.5766338582677166
20
-2.0397440944881891
11
4.5765771259842518
21
-2.0403201574803149
0
LINE
8
BLACK
6
CONTINUOUS
10
4.5765771259842518
20
-2.0403201574803149
11
4.5761362204724412
21
-2.0413845669291337
0
LINE
8
BLACK
6
CONTINUOUS
10
4.5761362204724412
20
-2.0413845669291337
11
4.5753215748031497
21
-2.0421992125984252
0
LINE
8
BLACK
6
CONTINUOUS
10
4.5753215748031497
20
-2.0421992125984252
11
4.5742571653543305
21
-2.0426401181102363
0
LINE
8
BLACK
6
CONTINUOUS
10
4.5742571653543305
20
-2.0426401181102363
11
4.5731050393700787
21
-2.0426401181102363
0
LINE
8
BLACK
6
CONTINUOUS
10
4.5731050393700787
20
-2.0426401181102363
11
4.5720406299212595
21
-2.0421992125984252
0
LINE
8
BLACK
6
CONTINUOUS
10
4.5720406299212595
20
-2.0421992125984252
11
4.571225984251968
21
-2.0413845669291337
0
LINE
8
BLACK
6
CONTINUOUS
10
4.571225984251968
20
-2.0413845669291337
11
4.5707850787401574
21
-2.0403201574803149
0
LINE
8
BLACK
6
CONTINUOUS
10
4.5707850787401574
20
-2.0403201574803149
11
4.5707283464566926
21
-2.0397440944881891
0
LINE
8
BLACK
6
CONTINUOUS
10
4.5707283464566926
20
-2.0397440944881891
11
4.5707283464566926
21
-1.979744094488189
0
LINE
8
BLACK
6
CONTINUOUS
10
4.5707283464566926
20
-1.979744094488189
11
4.5707850787401574
21
-1.9791680314960629
0
LINE
8
BLACK
6
CONTINUOUS
10
4.5707850787401574
20
-1.9791680314960629
11
4.571225984251968
21
-1.9781036220472441
0
LINE
8
BLACK
6
CONTINUOUS
10
4.571225984251968
20
-1.9781036220472441
11
4.5720406299212595
21
-1.9772889763779526
0
LINE
8
BLACK
6
CONTINUOUS
10
4.5720406299212595
20
-1.9772889763779526
11
4.5731050393700787
21
-1.9768480708661418
0
LINE
8
BLACK
6
CONTINUOUS
10
4.5731050393700787
20
-1.9768480708661418
11
4.5742571653543305
21
-1.9768480708661418
0
LINE
8
BLACK
6
CONTINUOUS
10
4.5742571653543305
20
-1.9768480708661418
11
4.5753215748031497
21
-1.9772889763779526
0
LINE
8
BLACK
6
CONTINUOUS
10
3.2348491338582677
20
-1.9638047244094488
11
3.2356637795275591
21
-1.9646193700787402
0
LINE
8
BLACK
6
CONTINUOUS
10
3.2356637795275591
20
-1.9646193700787402
11
3.2361046850393702
21
-1.965683779527559
0
LINE
8
BLACK
6
CONTINUOUS
10
3.2361046850393702
20
-1.965683779527559
11
3.2361614173228346
21
-1.9662598425196849
0
LINE
8
BLACK
6
CONTINUOUS
10
3.2361614173228346
20
-1.9662598425196849
11
3.2361614173228346
21
-2.0262598425196852
0
LINE
8
BLACK
6
CONTINUOUS
10
3.2361614173228346
20
-2.0262598425196852
11
3.2361046850393702
21
-2.026835905511811
0
LINE
8
BLACK
6
CONTINUOUS
10
3.2361046850393702
20
-2.026835905511811
11
3.2356637795275591
21
-2.0279003149606298
0
LINE
8
BLACK
6
CONTINUOUS
10
3.2356637795275591
20
-2.0279003149606298
11
3.2348491338582677
21
-2.0287149606299213
0
LINE
8
BLACK
6
CONTINUOUS
10
3.2348491338582677
20
-2.0287149606299213
11
3.2337847244094489
21
-2.0291558661417324
0
LINE
8
BLACK
6
CONTINUOUS
10
3.2337847244094489
20
-2.0291558661417324
11
3.2326325984251967
21
-2.0291558661417324
0
LINE
8
BLACK
6
CONTINUOUS
10
3.2326325984251967
20
-2.0291558661417324
11
3.2315681889763779
21
-2.0287149606299213
0
LINE
8
BLACK
6
CONTINUOUS
10
3.2315681889763779
20
-2.0287149606299213
11
3.2307535433070864
21
-2.0279003149606298
0
LINE
8
BLACK
6
CONTINUOUS
10
3.2307535433070864
20
-2.0279003149606298
11
3.2303126377952753
21
-2.026835905511811
0
LINE
8
BLACK
6
CONTINUOUS
10
3.2303126377952753
20
-2.026835905511811
11
3.230255905511811
21
-2.0262598425196852
0
LINE
8
BLACK
6
CONTINUOUS
10
3.230255905511811
20
-2.0262598425196852
11
3.230255905511811
21
-1.9662598425196849
0
LINE
8
BLACK
6
CONTINUOUS
10
3.230255905511811
20
-1.9662598425196849
11
3.2303126377952753
21
-1.965683779527559
0
LINE
8
BLACK
6
CONTINUOUS
10
3.2303126377952753
20
-1.965683779527559
11
3.2307535433070864
21
-1.9646193700787402
0
LINE
8
BLACK
6
CONTINUOUS
10
3.2307535433070864
20
-1.9646193700787402
11
3.2315681889763779
21
-1.9638047244094488
0
LINE
8
BLACK
6
CONTINUOUS
10
3.2315681889763779
20
-1.9638047244094488
11
3.2326325984251967
21
-1.9633638188976377
0
LINE
8
BLACK
6
CONTINUOUS
10
3.2326325984251967
20
-1.9633638188976377
11
3.2337847244094489
21
-1.9633638188976377
0
LINE
8
BLACK
6
CONTINUOUS
10
3.2337847244094489
20
-1.9633638188976377
11
3.2348491338582677
21
-1.9638047244094488
0
LINE
8
BLACK
6
CONTINUOUS
10
3.3548491338582678
20
-1.9638047244094488
11
3.3556637795275588
21
-1.9646193700787402
0
LINE
8
BLACK
6
CONTINUOUS
10
3.3556637795275588
20
-1.9646193700787402
11
3.3561046850393699
21
-1.965683779527559
0
LINE
8
BLACK
6
CONTINUOUS
10
3.3561046850393699
20
-1.965683779527559
11
3.3561614173228347
21
-1.9662598425196849
0
LINE
8
BLACK
6
CONTINUOUS
10
3.3561614173228347
20
-1.9662598425196849
11
3.3561614173228347
21
-2.0262598425196852
0
LINE
8
BLACK
6
CONTINUOUS
10
3.3561614173228347
20
-2.0262598425196852
11
3.3561046850393699
21
-2.026835905511811
0
LINE
8
BLACK
6
CONTINUOUS
10
3.3561046850393699
20
-2.026835905511811
11
3.3556637795275588
21
-2.0279003149606298
0
LINE
8
BLACK
6
CONTINUOUS
10
3.3556637795275588
20
-2.0279003149606298
11
3.3548491338582678
21
-2.0287149606299213
0
LINE
8
BLACK
6
CONTINUOUS
10
3.3548491338582678
20
-2.0287149606299213
11
3.3537847244094485
21
-2.0291558661417324
0
LINE
8
BLACK
6
CONTINUOUS
10
3.3537847244094485
20
-2.0291558661417324
11
3.3526325984251968
21
-2.0291558661417324
0
LINE
8
BLACK
6
CONTINUOUS
10
3.3526325984251968
20
-2.0291558661417324
11
3.351568188976378
21
-2.0287149606299213
0
LINE
8
BLACK
6
CONTINUOUS
10
3.351568188976378
20
-2.0287149606299213
11
3.3507535433070865
21
-2.0279003149606298
0
LINE
8
BLACK
6
CONTINUOUS
10
3.3507535433070865
20
-2.0279003149606298
11
3.3503126377952754
21
-2.026835905511811
0
LINE
8
BLACK
6
CONTINUOUS
10
3.3503126377952754
20
-2.026835905511811
11
3.3502559055118111
21
-2.0262598425196852
0
LINE
8
BLACK
6
CONTINUOUS
10
3.3502559055118111
20
-2.0262598425196852
11
3.3502559055118111
21
-1.9662598425196849
0
LINE
8
BLACK
6
CONTINUOUS
10
3.3502559055118111
20
-1.9662598425196849
11
3.3503126377952754
21
-1.965683779527559
0
LINE
8
BLACK
6
CONTINUOUS
10
3.3503126377952754
20
-1.965683779527559
11
3.3507535433070865
21
-1.9646193700787402
0
LINE
8
BLACK
6
CONTINUOUS
10
3.3507535433070865
20
-1.9646193700787402
11
3.351568188976378
21
-1.9638047244094488
0
LINE
8
BLACK
6
CONTINUOUS
10
3.351568188976378
20
-1.9638047244094488
11
3.3526325984251968
21
-1.9633638188976377
0
LINE
8
BLACK
6
CONTINUOUS
10
3.3526325984251968
20
-1.9633638188976377
11
3.3537847244094485
21
-1.9633638188976377
0
LINE
8
BLACK
6
CONTINUOUS
10
3.3537847244094485
20
-1.9633638188976377
11
3.3548491338582678
21
-1.9638047244094488
0
LINE
8
BLACK
6
CONTINUOUS
10
3.3091126377952755
20
-2.0240774409448816
11
3.3103910629921258
21
-2.0253558661417324
0
LINE
8
BLACK
6
CONTINUOUS
10
3.3103910629921258
20
-2.0253558661417324
11
3.3103910629921258
21
-2.027163818897638
0
LINE
8
BLACK
6
CONTINUOUS
10
3.3103910629921258
20
-2.027163818897638
11
3.3091126377952755
21
-2.0284422440944883
0
LINE
8
BLACK
6
CONTINUOUS
10
3.3091126377952755
20
-2.0284422440944883
11
3.3082086614173227
21
-2.0286220472440943
0
LINE
8
BLACK
6
CONTINUOUS
10
3.3082086614173227
20
-2.0286220472440943
11
3.2782086614173229
21
-2.0286220472440943
0
LINE
8
BLACK
6
CONTINUOUS
10
3.2782086614173229
20
-2.0286220472440943
11
3.2773046850393701
21
-2.0284422440944883
0
LINE
8
BLACK
6
CONTINUOUS
10
3.2773046850393701
20
-2.0284422440944883
11
3.2760262598425198
21
-2.027163818897638
0
LINE
8
BLACK
6
CONTINUOUS
10
3.2760262598425198
20
-2.027163818897638
11
3.2760262598425198
21
-2.0253558661417324
0
LINE
8
BLACK
6
CONTINUOUS
10
3.2760262598425198
20
-2.0253558661417324
11
3.2773046850393701
21
-2.0240774409448816
0
LINE
8
BLACK
6
CONTINUOUS
10
3.2773046850393701
20
-2.0240774409448816
11
3.2782086614173229
21
-2.0238976377952755
0
LINE
8
BLACK
6
CONTINUOUS
10
3.2782086614173229
20
-2.0238976377952755
11
3.3082086614173227
21
-2.0238976377952755
0
LINE
8
BLACK
6
CONTINUOUS
10
3.3082086614173227
20
-2.0238976377952755
11
3.3091126377952755
21
-2.0240774409448816
0
LINE
8
BLACK
6
CONTINUOUS
10
4.306166614173228
20
-2.0017890157480314
11
4.3072310236220472
21
-2.0022299212598424
0
LINE
8
BLACK
6
CONTINUOUS
10
4.3072310236220472
20
-2.0022299212598424
11
4.3080456692913387
21
-2.0030445669291339
0
LINE
8
BLACK
6
CONTINUOUS
10
4.3080456692913387
20
-2.0030445669291339
11
4.3084865748031493
21
-2.0041089763779527
0
LINE
8
BLACK
6
CONTINUOUS
10
4.3084865748031493
20
-2.0041089763779527
11
4.3084865748031493
21
-2.0052611023622049
0
LINE
8
BLACK
6
CONTINUOUS
10
4.3084865748031493
20
-2.0052611023622049
11
4.3080456692913387
21
-2.0063255118110237
0
LINE
8
BLACK
6
CONTINUOUS
10
4.3080456692913387
20
-2.0063255118110237
11
4.3072310236220472
21
-2.0071401574803147
0
LINE
8
BLACK
6
CONTINUOUS
10
4.3072310236220472
20
-2.0071401574803147
11
4.306166614173228
21
-2.0075810629921258
0
LINE
8
BLACK
6
CONTINUOUS
10
4.306166614173228
20
-2.0075810629921258
11
4.3055905511811021
21
-2.0076377952755906
0
LINE
8
BLACK
6
CONTINUOUS
10
4.3055905511811021
20
-2.0076377952755906
11
4.2455905511811025
21
-2.0076377952755906
0
LINE
8
BLACK
6
CONTINUOUS
10
4.2455905511811025
20
-2.0076377952755906
11
4.2450144881889766
21
-2.0075810629921258
0
LINE
8
BLACK
6
CONTINUOUS
10
4.2450144881889766
20
-2.0075810629921258
11
4.2439500787401574
21
-2.0071401574803147
0
LINE
8
BLACK
6
CONTINUOUS
10
4.2439500787401574
20
-2.0071401574803147
11
4.2431354330708659
21
-2.0063255118110237
0
LINE
8
BLACK
6
CONTINUOUS
10
4.2431354330708659
20
-2.0063255118110237
11
4.2426945275590553
21
-2.0052611023622049
0
LINE
8
BLACK
6
CONTINUOUS
10
4.2426945275590553
20
-2.0052611023622049
11
4.2426945275590553
21
-2.0041089763779527
0
LINE
8
BLACK
6
CONTINUOUS
10
4.2426945275590553
20
-2.0041089763779527
11
4.2431354330708659
21
-2.0030445669291339
0
LINE
8
BLACK
6
CONTINUOUS
10
4.2431354330708659
20
-2.0030445669291339
11
4.2439500787401574
21
-2.0022299212598424
0
LINE
8
BLACK
6
CONTINUOUS
10
4.2439500787401574
20
-2.0022299212598424
11
4.2450144881889766
21
-2.0017890157480314
0
LINE
8
BLACK
6
CONTINUOUS
10
4.2450144881889766
20
-2.0017890157480314
11
4.2455905511811025
21
-2.001732283464567
0
LINE
8
BLACK
6
CONTINUOUS
10
4.2455905511811025
20
-2.001732283464567
11
4.3055905511811021
21
-2.001732283464567
0
LINE
8
BLACK
6
CONTINUOUS
10
4.3055905511811021
20
-2.001732283464567
11
4.306166614173228
21
-2.0017890157480314
0
LINE
8
BLACK
6
CONTINUOUS
10
4.3270850787401578
20
-1.9244908267716534
11
4.3283635039370081
21
-1.9257692519685039
0
LINE
8
BLACK
6
CONTINUOUS
10
4.3283635039370081
20
-1.9257692519685039
11
4.3283635039370081
21
-1.9275772047244093
0
LINE
8
BLACK
6
CONTINUOUS
10
4.3283635039370081
20
-1.9275772047244093
11
4.3270850787401578
21
-1.9288556299212598
0
LINE
8
BLACK
6
CONTINUOUS
10
4.3270850787401578
20
-1.9288556299212598
11
4.3265748031496063
21
-1.9289570866141732
0
LINE
8
BLACK
6
CONTINUOUS
10
4.3265748031496063
20
-1.9289570866141732
11
4.3265748031496063
21
-1.9960428740157481
0
LINE
8
BLACK
6
CONTINUOUS
10
4.3265748031496063
20
-1.9960428740157481
11
4.3270850787401578
21
-1.99614437007874
0
LINE
8
BLACK
6
CONTINUOUS
10
4.3270850787401578
20
-1.99614437007874
11
4.3283635039370081
21
-1.9974227952755905
0
LINE
8
BLACK
6
CONTINUOUS
10
4.3283635039370081
20
-1.9974227952755905
11
4.3283635039370081
21
-1.9992307480314959
0
LINE
8
BLACK
6
CONTINUOUS
10
4.3283635039370081
20
-1.9992307480314959
11
4.3270850787401578
21
-2.0005091732283464
0
LINE
8
BLACK
6
CONTINUOUS
10
4.3270850787401578
20
-2.0005091732283464
11
4.326181102362205
21
-2.0006889763779525
0
LINE
8
BLACK
6
CONTINUOUS
10
4.326181102362205
20
-2.0006889763779525
11
4.3242125984251967
21
-2.0006889763779525
0
LINE
8
BLACK
6
CONTINUOUS
10
4.3242125984251967
20
-2.0006889763779525
11
4.3233086220472439
21
-2.0005091732283464
0
LINE
8
BLACK
6
CONTINUOUS
10
4.3233086220472439
20
-2.0005091732283464
11
4.3220301968503936
21
-1.9992307480314959
0
LINE
8
BLACK
6
CONTINUOUS
10
4.3220301968503936
20
-1.9992307480314959
11
4.3218503937007871
21
-1.9983267716535433
0
LINE
8
BLACK
6
CONTINUOUS
10
4.3218503937007871
20
-1.9983267716535433
11
4.3218503937007871
21
-1.9266732283464567
0
LINE
8
BLACK
6
CONTINUOUS
10
4.3218503937007871
20
-1.9266732283464567
11
4.3220301968503936
21
-1.9257692519685039
0
LINE
8
BLACK
6
CONTINUOUS
10
4.3220301968503936
20
-1.9257692519685039
11
4.3233086220472439
21
-1.9244908267716534
0
LINE
8
BLACK
6
CONTINUOUS
10
4.3233086220472439
20
-1.9244908267716534
11
4.3242125984251967
21
-1.9243110236220471
0
LINE
8
BLACK
6
CONTINUOUS
10
4.3242125984251967
20
-1.9243110236220471
11
4.326181102362205
21
-1.9243110236220471
0
LINE
8
BLACK
6
CONTINUOUS
10
4.326181102362205
20
-1.9243110236220471
11
4.3270850787401578
21
-1.9244908267716534
0
LINE
8
BLACK
6
CONTINUOUS
10
4.4018882283464569
20
-1.99614437007874
11
4.4031666535433072
21
-1.9974227952755905
0
LINE
8
BLACK
6
CONTINUOUS
10
4.4031666535433072
20
-1.9974227952755905
11
4.4031666535433072
21
-1.9992307480314959
0
LINE
8
BLACK
6
CONTINUOUS
10
4.4031666535433072
20
-1.9992307480314959
11
4.4018882283464569
21
-2.0005091732283464
0
LINE
8
BLACK
6
CONTINUOUS
10
4.4018882283464569
20
-2.0005091732283464
11
4.4009842519685041
21
-2.0006889763779525
0
LINE
8
BLACK
6
CONTINUOUS
10
4.4009842519685041
20
-2.0006889763779525
11
4.3702755905511808
21
-2.0006889763779525
0
LINE
8
BLACK
6
CONTINUOUS
10
4.3702755905511808
20
-2.0006889763779525
11
4.3693716141732279
21
-2.0005091732283464
0
LINE
8
BLACK
6
CONTINUOUS
10
4.3693716141732279
20
-2.0005091732283464
11
4.3680931889763777
21
-1.9992307480314959
0
LINE
8
BLACK
6
CONTINUOUS
10
4.3680931889763777
20
-1.9992307480314959
11
4.3680931889763777
21
-1.9974227952755905
0
LINE
8
BLACK
6
CONTINUOUS
10
4.3680931889763777
20
-1.9974227952755905
11
4.3693716141732279
21
-1.99614437007874
0
LINE
8
BLACK
6
CONTINUOUS
10
4.3693716141732279
20
-1.99614437007874
11
4.3702755905511808
21
-1.9959645669291337
0
LINE
8
BLACK
6
CONTINUOUS
10
4.3702755905511808
20
-1.9959645669291337
11
4.4009842519685041
21
-1.9959645669291337
0
LINE
8
BLACK
6
CONTINUOUS
10
4.4009842519685041
20
-1.9959645669291337
11
4.4018882283464569
21
-1.99614437007874
0
LINE
8
BLACK
6
CONTINUOUS
10
4.447951220472441
20
-1.9244908267716534
11
4.4492296456692912
21
-1.9257692519685039
0
LINE
8
BLACK
6
CONTINUOUS
10
4.4492296456692912
20
-1.9257692519685039
11
4.4494094488188978
21
-1.9266732283464567
0
LINE
8
BLACK
6
CONTINUOUS
10
4.4494094488188978
20
-1.9266732283464567
11
4.4494094488188978
21
-1.9983267716535433
0
LINE
8
BLACK
6
CONTINUOUS
10
4.4494094488188978
20
-1.9983267716535433
11
4.4492296456692912
21
-1.9992307480314959
0
LINE
8
BLACK
6
CONTINUOUS
10
4.4492296456692912
20
-1.9992307480314959
11
4.447951220472441
21
-2.0005091732283464
0
LINE
8
BLACK
6
CONTINUOUS
10
4.447951220472441
20
-2.0005091732283464
11
4.4470472440944881
21
-2.0006889763779525
0
LINE
8
BLACK
6
CONTINUOUS
10
4.4470472440944881
20
-2.0006889763779525
11
4.4450787401574798
21
-2.0006889763779525
0
LINE
8
BLACK
6
CONTINUOUS
10
4.4450787401574798
20
-2.0006889763779525
11
4.444174763779527
21
-2.0005091732283464
0
LINE
8
BLACK
6
CONTINUOUS
10
4.444174763779527
20
-2.0005091732283464
11
4.4428963385826767
21
-1.9992307480314959
0
LINE
8
BLACK
6
CONTINUOUS
10
4.4428963385826767
20
-1.9992307480314959
11
4.4428963385826767
21
-1.9974227952755905
0
LINE
8
BLACK
6
CONTINUOUS
10
4.4428963385826767
20
-1.9974227952755905
11
4.444174763779527
21
-1.99614437007874
0
LINE
8
BLACK
6
CONTINUOUS
10
4.444174763779527
20
-1.99614437007874
11
4.4446850393700785
21
-1.9960428740157481
0
LINE
8
BLACK
6
CONTINUOUS
10
4.4446850393700785
20
-1.9960428740157481
11
4.4446850393700785
21
-1.9289570866141732
0
LINE
8
BLACK
6
CONTINUOUS
10
4.4446850393700785
20
-1.9289570866141732
11
4.444174763779527
21
-1.9288556299212598
0
LINE
8
BLACK
6
CONTINUOUS
10
4.444174763779527
20
-1.9288556299212598
11
4.4428963385826767
21
-1.9275772047244093
0
LINE
8
BLACK
6
CONTINUOUS
10
4.4428963385826767
20
-1.9275772047244093
11
4.4428963385826767
21
-1.9257692519685039
0
LINE
8
BLACK
6
CONTINUOUS
10
4.4428963385826767
20
-1.9257692519685039
11
4.444174763779527
21
-1.9244908267716534
0
LINE
8
BLACK
6
CONTINUOUS
10
4.444174763779527
20
-1.9244908267716534
11
4.4450787401574798
21
-1.9243110236220471
0
LINE
8
BLACK
6
CONTINUOUS
10
4.4450787401574798
20
-1.9243110236220471
11
4.4470472440944881
21
-1.9243110236220471
0
LINE
8
BLACK
6
CONTINUOUS
10
4.4470472440944881
20
-1.9243110236220471
11
4.447951220472441
21
-1.9244908267716534
0
LINE
8
BLACK
6
CONTINUOUS
10
3.3091126377952755
20
-1.9640774409448818
11
3.3103910629921258
21
-1.9653558661417323
0
LINE
8
BLACK
6
CONTINUOUS
10
3.3103910629921258
20
-1.9653558661417323
11
3.3103910629921258
21
-1.9671638188976377
0
LINE
8
BLACK
6
CONTINUOUS
10
3.3103910629921258
20
-1.9671638188976377
11
3.3091126377952755
21
-1.9684422440944882
0
LINE
8
BLACK
6
CONTINUOUS
10
3.3091126377952755
20
-1.9684422440944882
11
3.3082086614173227
21
-1.9686220472440945
0
LINE
8
BLACK
6
CONTINUOUS
10
3.3082086614173227
20
-1.9686220472440945
11
3.2782086614173229
21
-1.9686220472440945
0
LINE
8
BLACK
6
CONTINUOUS
10
3.2782086614173229
20
-1.9686220472440945
11
3.2773046850393701
21
-1.9684422440944882
0
LINE
8
BLACK
6
CONTINUOUS
10
3.2773046850393701
20
-1.9684422440944882
11
3.2760262598425198
21
-1.9671638188976377
0
LINE
8
BLACK
6
CONTINUOUS
10
3.2760262598425198
20
-1.9671638188976377
11
3.2760262598425198
21
-1.9653558661417323
0
LINE
8
BLACK
6
CONTINUOUS
10
3.2760262598425198
20
-1.9653558661417323
11
3.2773046850393701
21
-1.9640774409448818
0
LINE
8
BLACK
6
CONTINUOUS
10
3.2773046850393701
20
-1.9640774409448818
11
3.2782086614173229
21
-1.9638976377952755
0
LINE
8
BLACK
6
CONTINUOUS
10
3.2782086614173229
20
-1.9638976377952755
11
3.3082086614173227
21
-1.9638976377952755
0
LINE
8
BLACK
6
CONTINUOUS
10
3.3082086614173227
20
-1.9638976377952755
11
3.3091126377952755
21
-1.9640774409448818
0
LINE
8
BLACK
6
CONTINUOUS
10
2.9815617322834647
20
-1.871127559055118
11
2.9823763779527557
21
-1.8719422047244094
0
LINE
8
BLACK
6
CONTINUOUS
10
2.9823763779527557
20
-1.8719422047244094
11
2.9828172834645668
21
-1.8730066141732282
0
LINE
8
BLACK
6
CONTINUOUS
10
2.9828172834645668
20
-1.8730066141732282
11
2.9828740157480316
21
-1.8735826771653543
0
LINE
8
BLACK
6
CONTINUOUS
10
2.9828740157480316
20
-1.8735826771653543
11
2.9828740157480316
21
-1.9606299212598424
0
LINE
8
BLACK
6
CONTINUOUS
10
2.9828740157480316
20
-1.9606299212598424
11
3.1769685039370077
21
-1.9606299212598424
0
LINE
8
BLACK
6
CONTINUOUS
10
3.1769685039370077
20
-1.9606299212598424
11
3.1769685039370077
21
-1.8735826771653543
0
LINE
8
BLACK
6
CONTINUOUS
10
3.1769685039370077
20
-1.8735826771653543
11
3.1770252362204725
21
-1.8730066141732282
0
LINE
8
BLACK
6
CONTINUOUS
10
3.1770252362204725
20
-1.8730066141732282
11
3.1774661417322836
21
-1.8719422047244094
0
LINE
8
BLACK
6
CONTINUOUS
10
3.1774661417322836
20
-1.8719422047244094
11
3.1782807874015746
21
-1.871127559055118
0
LINE
8
BLACK
6
CONTINUOUS
10
3.1782807874015746
20
-1.871127559055118
11
3.1793451968503934
21
-1.8706866535433071
0
LINE
8
BLACK
6
CONTINUOUS
10
3.1793451968503934
20
-1.8706866535433071
11
3.1804973228346456
21
-1.8706866535433071
0
LINE
8
BLACK
6
CONTINUOUS
10
3.1804973228346456
20
-1.8706866535433071
11
3.1815617322834644
21
-1.871127559055118
0
LINE
8
BLACK
6
CONTINUOUS
10
3.1815617322834644
20
-1.871127559055118
11
3.1823763779527559
21
-1.8719422047244094
0
LINE
8
BLACK
6
CONTINUOUS
10
3.1823763779527559
20
-1.8719422047244094
11
3.1828172834645669
21
-1.8730066141732282
0
LINE
8
BLACK
6
CONTINUOUS
10
3.1828172834645669
20
-1.8730066141732282
11
3.1828740157480313
21
-1.8735826771653543
0
LINE
8
BLACK
6
CONTINUOUS
10
3.1828740157480313
20
-1.8735826771653543
11
3.1828740157480313
21
-1.9635826771653544
0
LINE
8
BLACK
6
CONTINUOUS
10
3.1828740157480313
20
-1.9635826771653544
11
3.1828172834645669
21
-1.9641587401574803
0
LINE
8
BLACK
6
CONTINUOUS
10
3.1828172834645669
20
-1.9641587401574803
11
3.1823763779527559
21
-1.9652231496062991
0
LINE
8
BLACK
6
CONTINUOUS
10
3.1823763779527559
20
-1.9652231496062991
11
3.1815617322834644
21
-1.9660377952755905
0
LINE
8
BLACK
6
CONTINUOUS
10
3.1815617322834644
20
-1.9660377952755905
11
3.1804973228346456
21
-1.9664787007874016
0
LINE
8
BLACK
6
CONTINUOUS
10
3.1804973228346456
20
-1.9664787007874016
11
3.1799212598425197
21
-1.9665354330708662
0
LINE
8
BLACK
6
CONTINUOUS
10
3.1799212598425197
20
-1.9665354330708662
11
2.9799212598425195
21
-1.9665354330708662
0
LINE
8
BLACK
6
CONTINUOUS
10
2.9799212598425195
20
-1.9665354330708662
11
2.9793451968503937
21
-1.9664787007874016
0
LINE
8
BLACK
6
CONTINUOUS
10
2.9793451968503937
20
-1.9664787007874016
11
2.9782807874015749
21
-1.9660377952755905
0
LINE
8
BLACK
6
CONTINUOUS
10
2.9782807874015749
20
-1.9660377952755905
11
2.9774661417322834
21
-1.9652231496062991
0
LINE
8
BLACK
6
CONTINUOUS
10
2.9774661417322834
20
-1.9652231496062991
11
2.9770252362204723
21
-1.9641587401574803
0
LINE
8
BLACK
6
CONTINUOUS
10
2.9770252362204723
20
-1.9641587401574803
11
2.976968503937008
21
-1.9635826771653544
0
LINE
8
BLACK
6
CONTINUOUS
10
2.976968503937008
20
-1.9635826771653544
11
2.976968503937008
21
-1.8735826771653543
0
LINE
8
BLACK
6
CONTINUOUS
10
2.976968503937008
20
-1.8735826771653543
11
2.9770252362204723
21
-1.8730066141732282
0
LINE
8
BLACK
6
CONTINUOUS
10
2.9770252362204723
20
-1.8730066141732282
11
2.9774661417322834
21
-1.8719422047244094
0
LINE
8
BLACK
6
CONTINUOUS
10
2.9774661417322834
20
-1.8719422047244094
11
2.9782807874015749
21
-1.871127559055118
0
LINE
8
BLACK
6
CONTINUOUS
10
2.9782807874015749
20
-1.871127559055118
11
2.9793451968503937
21
-1.8706866535433071
0
LINE
8
BLACK
6
CONTINUOUS
10
2.9793451968503937
20
-1.8706866535433071
11
2.9804973228346454
21
-1.8706866535433071
0
LINE
8
BLACK
6
CONTINUOUS
10
2.9804973228346454
20
-1.8706866535433071
11
2.9815617322834647
21
-1.871127559055118
0
LINE
8
BLACK
6
CONTINUOUS
10
4.2477729527559056
20
-1.928781062992126
11
4.2479527559055121
21
-1.9296850393700786
0
LINE
8
BLACK
6
CONTINUOUS
10
4.2479527559055121
20
-1.9296850393700786
11
4.2479527559055121
21
-1.9596850393700787
0
LINE
8
BLACK
6
CONTINUOUS
10
4.2479527559055121
20
-1.9596850393700787
11
4.2477729527559056
21
-1.9605890157480315
0
LINE
8
BLACK
6
CONTINUOUS
10
4.2477729527559056
20
-1.9605890157480315
11
4.2464945275590553
21
-1.9618674409448817
0
LINE
8
BLACK
6
CONTINUOUS
10
4.2464945275590553
20
-1.9618674409448817
11
4.2446865748031497
21
-1.9618674409448817
0
LINE
8
BLACK
6
CONTINUOUS
10
4.2446865748031497
20
-1.9618674409448817
11
4.2434081496062994
21
-1.9605890157480315
0
LINE
8
BLACK
6
CONTINUOUS
10
4.2434081496062994
20
-1.9605890157480315
11
4.2432283464566929
21
-1.9596850393700787
0
LINE
8
BLACK
6
CONTINUOUS
10
4.2432283464566929
20
-1.9596850393700787
11
4.2432283464566929
21
-1.9296850393700786
0
LINE
8
BLACK
6
CONTINUOUS
10
4.2432283464566929
20
-1.9296850393700786
11
4.2434081496062994
21
-1.928781062992126
0
LINE
8
BLACK
6
CONTINUOUS
10
4.2434081496062994
20
-1.928781062992126
11
4.2446865748031497
21
-1.9275026377952755
0
LINE
8
BLACK
6
CONTINUOUS
10
4.2446865748031497
20
-1.9275026377952755
11
4.2464945275590553
21
-1.9275026377952755
0
LINE
8
BLACK
6
CONTINUOUS
10
4.2464945275590553
20
-1.9275026377952755
11
4.2477729527559056
21
-1.928781062992126
0
LINE
8
BLACK
6
CONTINUOUS
10
4.3077729527559052
20
-1.928781062992126
11
4.3079527559055117
21
-1.9296850393700786
0
LINE
8
BLACK
6
CONTINUOUS
10
4.3079527559055117
20
-1.9296850393700786
11
4.3079527559055117
21
-1.9596850393700787
0
LINE
8
BLACK
6
CONTINUOUS
10
4.3079527559055117
20
-1.9596850393700787
11
4.3077729527559052
21
-1.9605890157480315
0
LINE
8
BLACK
6
CONTINUOUS
10
4.3077729527559052
20
-1.9605890157480315
11
4.3064945275590549
21
-1.9618674409448817
0
LINE
8
BLACK
6
CONTINUOUS
10
4.3064945275590549
20
-1.9618674409448817
11
4.3046865748031493
21
-1.9618674409448817
0
LINE
8
BLACK
6
CONTINUOUS
10
4.3046865748031493
20
-1.9618674409448817
11
4.303408149606299
21
-1.9605890157480315
0
LINE
8
BLACK
6
CONTINUOUS
10
4.303408149606299
20
-1.9605890157480315
11
4.3032283464566925
21
-1.9596850393700787
0
LINE
8
BLACK
6
CONTINUOUS
10
4.3032283464566925
20
-1.9596850393700787
11
4.3032283464566925
21
-1.9296850393700786
0
LINE
8
BLACK
6
CONTINUOUS
10
4.3032283464566925
20
-1.9296850393700786
11
4.303408149606299
21
-1.928781062992126
0
LINE
8
BLACK
6
CONTINUOUS
10
4.303408149606299
20
-1.928781062992126
11
4.3046865748031493
21
-1.9275026377952755
0
LINE
8
BLACK
6
CONTINUOUS
10
4.3046865748031493
20
-1.9275026377952755
11
4.3064945275590549
21
-1.9275026377952755
0
LINE
8
BLACK
6
CONTINUOUS
10
4.3064945275590549
20
-1.9275026377952755
11
4.3077729527559052
21
-1.928781062992126
0
LINE
8
BLACK
6
CONTINUOUS
10
3.2348491338582677
20
-1.8929385826771654
11
3.2356637795275591
21
-1.8937532283464567
0
LINE
8
BLACK
6
CONTINUOUS
10
3.2356637795275591
20
-1.8937532283464567
11
3.2361046850393702
21
-1.8948176377952755
0
LINE
8
BLACK
6
CONTINUOUS
10
3.2361046850393702
20
-1.8948176377952755
11
3.2361614173228346
21
-1.8953937007874015
0
LINE
8
BLACK
6
CONTINUOUS
10
3.2361614173228346
20
-1.8953937007874015
11
3.2361614173228346
21
-1.9553937007874016
0
LINE
8
BLACK
6
CONTINUOUS
10
3.2361614173228346
20
-1.9553937007874016
11
3.2361046850393702
21
-1.9559697637795275
0
LINE
8
BLACK
6
CONTINUOUS
10
3.2361046850393702
20
-1.9559697637795275
11
3.2356637795275591
21
-1.9570341732283465
0
LINE
8
BLACK
6
CONTINUOUS
10
3.2356637795275591
20
-1.9570341732283465
11
3.2348491338582677
21
-1.9578488188976377
0
LINE
8
BLACK
6
CONTINUOUS
10
3.2348491338582677
20
-1.9578488188976377
11
3.2337847244094489
21
-1.9582897244094488
0
LINE
8
BLACK
6
CONTINUOUS
10
3.2337847244094489
20
-1.9582897244094488
11
3.2326325984251967
21
-1.9582897244094488
0
LINE
8
BLACK
6
CONTINUOUS
10
3.2326325984251967
20
-1.9582897244094488
11
3.2315681889763779
21
-1.9578488188976377
0
LINE
8
BLACK
6
CONTINUOUS
10
3.2315681889763779
20
-1.9578488188976377
11
3.2307535433070864
21
-1.9570341732283465
0
LINE
8
BLACK
6
CONTINUOUS
10
3.2307535433070864
20
-1.9570341732283465
11
3.2303126377952753
21
-1.9559697637795275
0
LINE
8
BLACK
6
CONTINUOUS
10
3.2303126377952753
20
-1.9559697637795275
11
3.230255905511811
21
-1.9553937007874016
0
LINE
8
BLACK
6
CONTINUOUS
10
3.230255905511811
20
-1.9553937007874016
11
3.230255905511811
21
-1.8953937007874015
0
LINE
8
BLACK
6
CONTINUOUS
10
3.230255905511811
20
-1.8953937007874015
11
3.2303126377952753
21
-1.8948176377952755
0
LINE
8
BLACK
6
CONTINUOUS
10
3.2303126377952753
20
-1.8948176377952755
11
3.2307535433070864
21
-1.8937532283464567
0
LINE
8
BLACK
6
CONTINUOUS
10
3.2307535433070864
20
-1.8937532283464567
11
3.2315681889763779
21
-1.8929385826771654
0
LINE
8
BLACK
6
CONTINUOUS
10
3.2315681889763779
20
-1.8929385826771654
11
3.2326325984251967
21
-1.8924976771653543
0
LINE
8
BLACK
6
CONTINUOUS
10
3.2326325984251967
20
-1.8924976771653543
11
3.2337847244094489
21
-1.8924976771653543
0
LINE
8
BLACK
6
CONTINUOUS
10
3.2337847244094489
20
-1.8924976771653543
11
3.2348491338582677
21
-1.8929385826771654
0
LINE
8
BLACK
6
CONTINUOUS
10
3.3548491338582678
20
-1.8929385826771654
11
3.3556637795275588
21
-1.8937532283464567
0
LINE
8
BLACK
6
CONTINUOUS
10
3.3556637795275588
20
-1.8937532283464567
11
3.3561046850393699
21
-1.8948176377952755
0
LINE
8
BLACK
6
CONTINUOUS
10
3.3561046850393699
20
-1.8948176377952755
11
3.3561614173228347
21
-1.8953937007874015
0
LINE
8
BLACK
6
CONTINUOUS
10
3.3561614173228347
20
-1.8953937007874015
11
3.3561614173228347
21
-1.9553937007874016
0
LINE
8
BLACK
6
CONTINUOUS
10
3.3561614173228347
20
-1.9553937007874016
11
3.3561046850393699
21
-1.9559697637795275
0
LINE
8
BLACK
6
CONTINUOUS
10
3.3561046850393699
20
-1.9559697637795275
11
3.3556637795275588
21
-1.9570341732283465
0
LINE
8
BLACK
6
CONTINUOUS
10
3.3556637795275588
20
-1.9570341732283465
11
3.3548491338582678
21
-1.9578488188976377
0
LINE
8
BLACK
6
CONTINUOUS
10
3.3548491338582678
20
-1.9578488188976377
11
3.3537847244094485
21
-1.9582897244094488
0
LINE
8
BLACK
6
CONTINUOUS
10
3.3537847244094485
20
-1.9582897244094488
11
3.3526325984251968
21
-1.9582897244094488
0
LINE
8
BLACK
6
CONTINUOUS
10
3.3526325984251968
20
-1.9582897244094488
11
3.351568188976378
21
-1.9578488188976377
0
LINE
8
BLACK
6
CONTINUOUS
10
3.351568188976378
20
-1.9578488188976377
11
3.3507535433070865
21
-1.9570341732283465
0
LINE
8
BLACK
6
CONTINUOUS
10
3.3507535433070865
20
-1.9570341732283465
11
3.3503126377952754
21
-1.9559697637795275
0
LINE
8
BLACK
6
CONTINUOUS
10
3.3503126377952754
20
-1.9559697637795275
11
3.3502559055118111
21
-1.9553937007874016
0
LINE
8
BLACK
6
CONTINUOUS
10
3.3502559055118111
20
-1.9553937007874016
11
3.3502559055118111
21
-1.8953937007874015
0
LINE
8
BLACK
6
CONTINUOUS
10
3.3502559055118111
20
-1.8953937007874015
11
3.3503126377952754
21
-1.8948176377952755
0
LINE
8
BLACK
6
CONTINUOUS
10
3.3503126377952754
20
-1.8948176377952755
11
3.3507535433070865
21
-1.8937532283464567
0
LINE
8
BLACK
6
CONTINUOUS
10
3.3507535433070865
20
-1.8937532283464567
11
3.351568188976378
21
-1.8929385826771654
0
LINE
8
BLACK
6
CONTINUOUS
10
3.351568188976378
20
-1.8929385826771654
11
3.3526325984251968
21
-1.8924976771653543
0
LINE
8
BLACK
6
CONTINUOUS
10
3.3526325984251968
20
-1.8924976771653543
11
3.3537847244094485
21
-1.8924976771653543
0
LINE
8
BLACK
6
CONTINUOUS
10
3.3537847244094485
20
-1.8924976771653543
11
3.3548491338582678
21
-1.8929385826771654
0
LINE
8
BLACK
6
CONTINUOUS
10
4.4701944094488191
20
-1.9277049212598425
11
4.4702721653543307
21
-1.9276994094488189
0
LINE
8
BLACK
6
CONTINUOUS
10
4.4702721653543307
20
-1.9276994094488189
11
4.4703744094488185
21
-1.9277226377952756
0
LINE
8
BLACK
6
CONTINUOUS
10
4.4703744094488185
20
-1.9277226377952756
11
4.4704789370078739
21
-1.9277329527559055
0
LINE
8
BLACK
6
CONTINUOUS
10
4.4704789370078739
20
-1.9277329527559055
11
4.4705510236220469
21
-1.9277627952755905
0
LINE
8
BLACK
6
CONTINUOUS
10
4.4705510236220469
20
-1.9277627952755905
11
4.4708366141732281
21
-1.9278277559055117
0
LINE
8
BLACK
6
CONTINUOUS
10
4.4708366141732281
20
-1.9278277559055117
11
4.4764609055118108
21
-1.9297025196850393
0
LINE
8
BLACK
6
CONTINUOUS
10
4.4764609055118108
20
-1.9297025196850393
11
4.4769894488188973
21
-1.9299385039370078
0
LINE
8
BLACK
6
CONTINUOUS
10
4.4769894488188973
20
-1.9299385039370078
11
4.477069566929134
21
-1.9300079921259843
0
LINE
8
BLACK
6
CONTINUOUS
10
4.477069566929134
20
-1.9300079921259843
11
4.4771676377952758
21
-1.9300486220472441
0
LINE
8
BLACK
6
CONTINUOUS
10
4.4771676377952758
20
-1.9300486220472441
11
4.4776150787401576
21
-1.9304158267716536
0
LINE
8
BLACK
6
CONTINUOUS
10
4.4776150787401576
20
-1.9304158267716536
11
4.4950716141732281
21
-1.9478723228346457
0
LINE
8
BLACK
6
CONTINUOUS
10
4.4950716141732281
20
-1.9478723228346457
11
4.4950716141732281
21
-1.9306289763779527
0
LINE
8
BLACK
6
CONTINUOUS
10
4.4950716141732281
20
-1.9306289763779527
11
4.4951283464566929
21
-1.9300529133858266
0
LINE
8
BLACK
6
CONTINUOUS
10
4.4951283464566929
20
-1.9300529133858266
11
4.4955692519685035
21
-1.9289885039370078
0
LINE
8
BLACK
6
CONTINUOUS
10
4.4955692519685035
20
-1.9289885039370078
11
4.496383897637795
21
-1.9281738582677166
0
LINE
8
BLACK
6
CONTINUOUS
10
4.496383897637795
20
-1.9281738582677166
11
4.4974483070866142
21
-1.9277329527559055
0
LINE
8
BLACK
6
CONTINUOUS
10
4.4974483070866142
20
-1.9277329527559055
11
4.498600433070866
21
-1.9277329527559055
0
LINE
8
BLACK
6
CONTINUOUS
10
4.498600433070866
20
-1.9277329527559055
11
4.4996648425196852
21
-1.9281738582677166
0
LINE
8
BLACK
6
CONTINUOUS
10
4.4996648425196852
20
-1.9281738582677166
11
4.5004794881889767
21
-1.9289885039370078
0
LINE
8
BLACK
6
CONTINUOUS
10
4.5004794881889767
20
-1.9289885039370078
11
4.5009203937007873
21
-1.9300529133858266
0
LINE
8
BLACK
6
CONTINUOUS
10
4.5009203937007873
20
-1.9300529133858266
11
4.5009771259842521
21
-1.9306289763779527
0
LINE
8
BLACK
6
CONTINUOUS
10
4.5009771259842521
20
-1.9306289763779527
11
4.5009771259842521
21
-1.9550009055118109
0
LINE
8
BLACK
6
CONTINUOUS
10
4.5009771259842521
20
-1.9550009055118109
11
4.5009203937007873
21
-1.955576968503937
0
LINE
8
BLACK
6
CONTINUOUS
10
4.5009203937007873
20
-1.955576968503937
11
4.5007912598425195
21
-1.9558887007874015
0
LINE
8
BLACK
6
CONTINUOUS
10
4.5007912598425195
20
-1.9558887007874015
11
4.5004795275590554
21
-1.9566413779527558
0
LINE
8
BLACK
6
CONTINUOUS
10
4.5004795275590554
20
-1.9566413779527558
11
4.4996648425196852
21
-1.9574560236220473
0
LINE
8
BLACK
6
CONTINUOUS
10
4.4996648425196852
20
-1.9574560236220473
11
4.498600433070866
21
-1.9578969291338582
0
LINE
8
BLACK
6
CONTINUOUS
10
4.498600433070866
20
-1.9578969291338582
11
4.497448346456693
21
-1.9578969291338582
0
LINE
8
BLACK
6
CONTINUOUS
10
4.497448346456693
20
-1.9578969291338582
11
4.4974483070866142
21
-1.9578969291338582
0
LINE
8
BLACK
6
CONTINUOUS
10
4.4974483070866142
20
-1.9578969291338582
11
4.4971365354330706
21
-1.9577677952755905
0
LINE
8
BLACK
6
CONTINUOUS
10
4.4971365354330706
20
-1.9577677952755905
11
4.496383897637795
21
-1.957456062992126
0
LINE
8
BLACK
6
CONTINUOUS
10
4.496383897637795
20
-1.957456062992126
11
4.4959364566929132
21
-1.9570888188976379
0
LINE
8
BLACK
6
CONTINUOUS
10
4.4959364566929132
20
-1.9570888188976379
11
4.4739321259842519
21
-1.9350845275590551
0
LINE
8
BLACK
6
CONTINUOUS
10
4.4739321259842519
20
-1.9350845275590551
11
4.4694237401574801
21
-1.9335817322834645
0
LINE
8
BLACK
6
CONTINUOUS
10
4.4694237401574801
20
-1.9335817322834645
11
4.4668503937007875
21
-1.9335817322834645
0
LINE
8
BLACK
6
CONTINUOUS
10
4.4668503937007875
20
-1.9335817322834645
11
4.4641529133858269
21
-1.9349304724409448
0
LINE
8
BLACK
6
CONTINUOUS
10
4.4641529133858269
20
-1.9349304724409448
11
4.4629557874015751
21
-1.9361275984251969
0
LINE
8
BLACK
6
CONTINUOUS
10
4.4629557874015751
20
-1.9361275984251969
11
4.4616070472440947
21
-1.9388250787401575
0
LINE
8
BLACK
6
CONTINUOUS
10
4.4616070472440947
20
-1.9388250787401575
11
4.4616070472440947
21
-1.9468048031496064
0
LINE
8
BLACK
6
CONTINUOUS
10
4.4616070472440947
20
-1.9468048031496064
11
4.4629557874015751
21
-1.9495022834645668
0
LINE
8
BLACK
6
CONTINUOUS
10
4.4629557874015751
20
-1.9495022834645668
11
4.4644917322834647
21
-1.9510382283464567
0
LINE
8
BLACK
6
CONTINUOUS
10
4.4644917322834647
20
-1.9510382283464567
11
4.4648589370078735
21
-1.9514856692913385
0
LINE
8
BLACK
6
CONTINUOUS
10
4.4648589370078735
20
-1.9514856692913385
11
4.465299842519685
21
-1.9525500787401575
0
LINE
8
BLACK
6
CONTINUOUS
10
4.465299842519685
20
-1.9525500787401575
11
4.465299842519685
21
-1.9537021653543307
0
LINE
8
BLACK
6
CONTINUOUS
10
4.465299842519685
20
-1.9537021653543307
11
4.4648589370078735
21
-1.9547665748031495
0
LINE
8
BLACK
6
CONTINUOUS
10
4.4648589370078735
20
-1.9547665748031495
11
4.4640442519685042
21
-1.9555812598425197
0
LINE
8
BLACK
6
CONTINUOUS
10
4.4640442519685042
20
-1.9555812598425197
11
4.4629798425196849
21
-1.9560221653543306
0
LINE
8
BLACK
6
CONTINUOUS
10
4.4629798425196849
20
-1.9560221653543306
11
4.4618277559055119
21
-1.9560221653543306
0
LINE
8
BLACK
6
CONTINUOUS
10
4.4618277559055119
20
-1.9560221653543306
11
4.4607633464566927
21
-1.9555812598425197
0
LINE
8
BLACK
6
CONTINUOUS
10
4.4607633464566927
20
-1.9555812598425197
11
4.4603159055118109
21
-1.9552140551181101
0
LINE
8
BLACK
6
CONTINUOUS
10
4.4603159055118109
20
-1.9552140551181101
11
4.4584411417322833
21
-1.9533392913385825
0
LINE
8
BLACK
6
CONTINUOUS
10
4.4584411417322833
20
-1.9533392913385825
11
4.4582553543307082
21
-1.9531129133858267
0
LINE
8
BLACK
6
CONTINUOUS
10
4.4582553543307082
20
-1.9531129133858267
11
4.4581963779527554
21
-1.9530617716535432
0
LINE
8
BLACK
6
CONTINUOUS
10
4.4581963779527554
20
-1.9530617716535432
11
4.4581403937007877
21
-1.9529727952755904
0
LINE
8
BLACK
6
CONTINUOUS
10
4.4581403937007877
20
-1.9529727952755904
11
4.4580739370078737
21
-1.9528918503937007
0
LINE
8
BLACK
6
CONTINUOUS
10
4.4580739370078737
20
-1.9528918503937007
11
4.4580440944881889
21
-1.9528198818897637
0
LINE
8
BLACK
6
CONTINUOUS
10
4.4580440944881889
20
-1.9528198818897637
11
4.4578880314960632
21
-1.9525718897637794
0
LINE
8
BLACK
6
CONTINUOUS
10
4.4578880314960632
20
-1.9525718897637794
11
4.4560132677165356
21
-1.9488223622047243
0
LINE
8
BLACK
6
CONTINUOUS
10
4.4560132677165356
20
-1.9488223622047243
11
4.4558063779527561
21
-1.9482817322834645
0
LINE
8
BLACK
6
CONTINUOUS
10
4.4558063779527561
20
-1.9482817322834645
11
4.4557988582677162
21
-1.9481759055118111
0
LINE
8
BLACK
6
CONTINUOUS
10
4.4557988582677162
20
-1.9481759055118111
11
4.4557582677165355
21
-1.9480779133858268
0
LINE
8
BLACK
6
CONTINUOUS
10
4.4557582677165355
20
-1.9480779133858268
11
4.4557015354330707
21
-1.9475018503937007
0
LINE
8
BLACK
6
CONTINUOUS
10
4.4557015354330707
20
-1.9475018503937007
11
4.4557015354330707
21
-1.9381280314960629
0
LINE
8
BLACK
6
CONTINUOUS
10
4.4557015354330707
20
-1.9381280314960629
11
4.4557582677165355
21
-1.9375519685039371
0
LINE
8
BLACK
6
CONTINUOUS
10
4.4557582677165355
20
-1.9375519685039371
11
4.4557988582677162
21
-1.937453937007874
0
LINE
8
BLACK
6
CONTINUOUS
10
4.4557988582677162
20
-1.937453937007874
11
4.4558063779527561
21
-1.9373481496062992
0
LINE
8
BLACK
6
CONTINUOUS
10
4.4558063779527561
20
-1.9373481496062992
11
4.4560132677165356
21
-1.9368075196850394
0
LINE
8
BLACK
6
CONTINUOUS
10
4.4560132677165356
20
-1.9368075196850394
11
4.4578880314960632
21
-1.9330579921259843
0
LINE
8
BLACK
6
CONTINUOUS
10
4.4578880314960632
20
-1.9330579921259843
11
4.4580440944881889
21
-1.9328099606299212
0
LINE
8
BLACK
6
CONTINUOUS
10
4.4580440944881889
20
-1.9328099606299212
11
4.4580739370078737
21
-1.9327380314960629
0
LINE
8
BLACK
6
CONTINUOUS
10
4.4580739370078737
20
-1.9327380314960629
11
4.4581403937007877
21
-1.9326570472440945
0
LINE
8
BLACK
6
CONTINUOUS
10
4.4581403937007877
20
-1.9326570472440945
11
4.4581963779527554
21
-1.9325681102362204
0
LINE
8
BLACK
6
CONTINUOUS
10
4.4581963779527554
20
-1.9325681102362204
11
4.4582553543307082
21
-1.9325169291338582
0
LINE
8
BLACK
6
CONTINUOUS
10
4.4582553543307082
20
-1.9325169291338582
11
4.4584411417322833
21
-1.9322905905511811
0
LINE
8
BLACK
6
CONTINUOUS
10
4.4584411417322833
20
-1.9322905905511811
11
4.4603159055118109
21
-1.9304158267716536
0
LINE
8
BLACK
6
CONTINUOUS
10
4.4603159055118109
20
-1.9304158267716536
11
4.460542244094488
21
-1.9302300393700786
0
LINE
8
BLACK
6
CONTINUOUS
10
4.460542244094488
20
-1.9302300393700786
11
4.4605934251968504
21
-1.930171062992126
0
LINE
8
BLACK
6
CONTINUOUS
10
4.4605934251968504
20
-1.930171062992126
11
4.4606823622047242
21
-1.9301150787401575
0
LINE
8
BLACK
6
CONTINUOUS
10
4.4606823622047242
20
-1.9301150787401575
11
4.4607633464566927
21
-1.9300486220472441
0
LINE
8
BLACK
6
CONTINUOUS
10
4.4607633464566927
20
-1.9300486220472441
11
4.4608352755905507
21
-1.930018779527559
0
LINE
8
BLACK
6
CONTINUOUS
10
4.4608352755905507
20
-1.930018779527559
11
4.4610833070866143
21
-1.929862716535433
0
LINE
8
BLACK
6
CONTINUOUS
10
4.4610833070866143
20
-1.929862716535433
11
4.4648328346456694
21
-1.9279879527559054
0
LINE
8
BLACK
6
CONTINUOUS
10
4.4648328346456694
20
-1.9279879527559054
11
4.4653734251968507
21
-1.9277810629921259
0
LINE
8
BLACK
6
CONTINUOUS
10
4.4653734251968507
20
-1.9277810629921259
11
4.4654792913385828
21
-1.9277735039370079
0
LINE
8
BLACK
6
CONTINUOUS
10
4.4654792913385828
20
-1.9277735039370079
11
4.4655772834645671
21
-1.9277329527559055
0
LINE
8
BLACK
6
CONTINUOUS
10
4.4655772834645671
20
-1.9277329527559055
11
4.4661533464566929
21
-1.9276762204724409
0
LINE
8
BLACK
6
CONTINUOUS
10
4.4661533464566929
20
-1.9276762204724409
11
4.469902874015748
21
-1.9276762204724409
0
LINE
8
BLACK
6
CONTINUOUS
10
4.469902874015748
20
-1.9276762204724409
11
4.4701944094488191
21
-1.9277049212598425
0
LINE
8
BLACK
6
CONTINUOUS
10
3.3091126377952755
20
-1.9532112992125983
11
3.3103910629921258
21
-1.9544897244094488
0
LINE
8
BLACK
6
CONTINUOUS
10
3.3103910629921258
20
-1.9544897244094488
11
3.3103910629921258
21
-1.9562976771653542
0
LINE
8
BLACK
6
CONTINUOUS
10
3.3103910629921258
20
-1.9562976771653542
11
3.3091126377952755
21
-1.9575761023622047
0
LINE
8
BLACK
6
CONTINUOUS
10
3.3091126377952755
20
-1.9575761023622047
11
3.3082086614173227
21
-1.957755905511811
0
LINE
8
BLACK
6
CONTINUOUS
10
3.3082086614173227
20
-1.957755905511811
11
3.2782086614173229
21
-1.957755905511811
0
LINE
8
BLACK
6
CONTINUOUS
10
3.2782086614173229
20
-1.957755905511811
11
3.2773046850393701
21
-1.9575761023622047
0
LINE
8
BLACK
6
CONTINUOUS
10
3.2773046850393701
20
-1.9575761023622047
11
3.2760262598425198
21
-1.9562976771653542
0
LINE
8
BLACK
6
CONTINUOUS
10
3.2760262598425198
20
-1.9562976771653542
11
3.2760262598425198
21
-1.9544897244094488
0
LINE
8
BLACK
6
CONTINUOUS
10
3.2760262598425198
20
-1.9544897244094488
11
3.2773046850393701
21
-1.9532112992125983
0
LINE
8
BLACK
6
CONTINUOUS
10
3.2773046850393701
20
-1.9532112992125983
11
3.2782086614173229
21
-1.953031496062992
0
LINE
8
BLACK
6
CONTINUOUS
10
3.2782086614173229
20
-1.953031496062992
11
3.3082086614173227
21
-1.953031496062992
0
LINE
8
BLACK
6
CONTINUOUS
10
3.3082086614173227
20
-1.953031496062992
11
3.3091126377952755
21
-1.9532112992125983
0
LINE
8
BLACK
6
CONTINUOUS
10
2.6604973228346456
20
-1.9491315354330707
11
2.6615617322834644
21
-1.9495724409448818
0
LINE
8
BLACK
6
CONTINUOUS
10
2.6615617322834644
20
-1.9495724409448818
11
2.6623763779527558
21
-1.9503870866141733
0
LINE
8
BLACK
6
CONTINUOUS
10
2.6623763779527558
20
-1.9503870866141733
11
2.6628172834645669
21
-1.9514514960629921
0
LINE
8
BLACK
6
CONTINUOUS
10
2.6628172834645669
20
-1.9514514960629921
11
2.6628172834645669
21
-1.952603622047244
0
LINE
8
BLACK
6
CONTINUOUS
10
2.6628172834645669
20
-1.952603622047244
11
2.6623763779527558
21
-1.9536680314960631
0
LINE
8
BLACK
6
CONTINUOUS
10
2.6623763779527558
20
-1.9536680314960631
11
2.6615617322834644
21
-1.9544826771653543
0
LINE
8
BLACK
6
CONTINUOUS
10
2.6615617322834644
20
-1.9544826771653543
11
2.6604973228346456
21
-1.9549235826771654
0
LINE
8
BLACK
6
CONTINUOUS
10
2.6604973228346456
20
-1.9549235826771654
11
2.6599212598425197
21
-1.95498031496063
0
LINE
8
BLACK
6
CONTINUOUS
10
2.6599212598425197
20
-1.95498031496063
11
2.5999212598425196
21
-1.95498031496063
0
LINE
8
BLACK
6
CONTINUOUS
10
2.5999212598425196
20
-1.95498031496063
11
2.5993451968503938
21
-1.9549235826771654
0
LINE
8
BLACK
6
CONTINUOUS
10
2.5993451968503938
20
-1.9549235826771654
11
2.5982807874015745
21
-1.9544826771653543
0
LINE
8
BLACK
6
CONTINUOUS
10
2.5982807874015745
20
-1.9544826771653543
11
2.5974661417322835
21
-1.9536680314960631
0
LINE
8
BLACK
6
CONTINUOUS
10
2.5974661417322835
20
-1.9536680314960631
11
2.5970252362204724
21
-1.952603622047244
0
LINE
8
BLACK
6
CONTINUOUS
10
2.5970252362204724
20
-1.952603622047244
11
2.5970252362204724
21
-1.9514514960629921
0
LINE
8
BLACK
6
CONTINUOUS
10
2.5970252362204724
20
-1.9514514960629921
11
2.5974661417322835
21
-1.9503870866141733
0
LINE
8
BLACK
6
CONTINUOUS
10
2.5974661417322835
20
-1.9503870866141733
11
2.5982807874015745
21
-1.9495724409448818
0
LINE
8
BLACK
6
CONTINUOUS
10
2.5982807874015745
20
-1.9495724409448818
11
2.5993451968503938
21
-1.9491315354330707
0
LINE
8
BLACK
6
CONTINUOUS
10
2.5993451968503938
20
-1.9491315354330707
11
2.5999212598425196
21
-1.9490748031496063
0
LINE
8
BLACK
6
CONTINUOUS
10
2.5999212598425196
20
-1.9490748031496063
11
2.6599212598425197
21
-1.9490748031496063
0
LINE
8
BLACK
6
CONTINUOUS
10
2.6599212598425197
20
-1.9490748031496063
11
2.6604973228346456
21
-1.9491315354330707
0
LINE
8
BLACK
6
CONTINUOUS
10
4.4599812598425199
20
-1.8945751968503937
11
4.4604330708661415
21
-1.8959645669291338
0
LINE
8
BLACK
6
CONTINUOUS
10
4.4604330708661415
20
-1.8959645669291338
11
4.4604330708661415
21
-1.9148622047244095
0
LINE
8
BLACK
6
CONTINUOUS
10
4.4604330708661415
20
-1.9148622047244095
11
4.4597411811023617
21
-1.9165325196850393
0
LINE
8
BLACK
6
CONTINUOUS
10
4.4597411811023617
20
-1.9165325196850393
11
4.4580708661417319
21
-1.9172244094488189
0
LINE
8
BLACK
6
CONTINUOUS
10
4.4580708661417319
20
-1.9172244094488189
11
4.4566814960629921
21
-1.9167725984251969
0
LINE
8
BLACK
6
CONTINUOUS
10
4.4566814960629921
20
-1.9167725984251969
11
4.4436893700787401
21
-1.907323779527559
0
LINE
8
BLACK
6
CONTINUOUS
10
4.4436893700787401
20
-1.907323779527559
11
4.4427454330708658
21
-1.905781811023622
0
LINE
8
BLACK
6
CONTINUOUS
10
4.4427454330708658
20
-1.905781811023622
11
4.4431683464566927
21
-1.9040240157480315
0
LINE
8
BLACK
6
CONTINUOUS
10
4.4431683464566927
20
-1.9040240157480315
11
4.4436893700787401
21
-1.9035029921259843
0
LINE
8
BLACK
6
CONTINUOUS
10
4.4436893700787401
20
-1.9035029921259843
11
4.4566814960629921
21
-1.8940541732283465
0
LINE
8
BLACK
6
CONTINUOUS
10
4.4566814960629921
20
-1.8940541732283465
11
4.4584392913385829
21
-1.8936312598425196
0
LINE
8
BLACK
6
CONTINUOUS
10
4.4584392913385829
20
-1.8936312598425196
11
4.4599812598425199
21
-1.8945751968503937
0
LINE
8
BLACK
6
CONTINUOUS
10
2.6021036614173227
20
-1.8761235826771654
11
2.6022834645669293
21
-1.877027559055118
0
LINE
8
BLACK
6
CONTINUOUS
10
2.6022834645669293
20
-1.877027559055118
11
2.6022834645669293
21
-1.907027559055118
0
LINE
8
BLACK
6
CONTINUOUS
10
2.6022834645669293
20
-1.907027559055118
11
2.6021036614173227
21
-1.9079315354330708
0
LINE
8
BLACK
6
CONTINUOUS
10
2.6021036614173227
20
-1.9079315354330708
11
2.6008252362204725
21
-1.9092099606299213
0
LINE
8
BLACK
6
CONTINUOUS
10
2.6008252362204725
20
-1.9092099606299213
11
2.5990172834645668
21
-1.9092099606299213
0
LINE
8
BLACK
6
CONTINUOUS
10
2.5990172834645668
20
-1.9092099606299213
11
2.5977388582677166
21
-1.9079315354330708
0
LINE
8
BLACK
6
CONTINUOUS
10
2.5977388582677166
20
-1.9079315354330708
11
2.59755905511811
21
-1.907027559055118
0
LINE
8
BLACK
6
CONTINUOUS
10
2.59755905511811
20
-1.907027559055118
11
2.59755905511811
21
-1.877027559055118
0
LINE
8
BLACK
6
CONTINUOUS
10
2.59755905511811
20
-1.877027559055118
11
2.5977388582677166
21
-1.8761235826771654
0
LINE
8
BLACK
6
CONTINUOUS
10
2.5977388582677166
20
-1.8761235826771654
11
2.5990172834645668
21
-1.8748451574803149
0
LINE
8
BLACK
6
CONTINUOUS
10
2.5990172834645668
20
-1.8748451574803149
11
2.6008252362204725
21
-1.8748451574803149
0
LINE
8
BLACK
6
CONTINUOUS
10
2.6008252362204725
20
-1.8748451574803149
11
2.6021036614173227
21
-1.8761235826771654
0
LINE
8
BLACK
6
CONTINUOUS
10
2.6621036614173228
20
-1.8761235826771654
11
2.6622834645669289
21
-1.877027559055118
0
LINE
8
BLACK
6
CONTINUOUS
10
2.6622834645669289
20
-1.877027559055118
11
2.6622834645669289
21
-1.907027559055118
0
LINE
8
BLACK
6
CONTINUOUS
10
2.6622834645669289
20
-1.907027559055118
11
2.6621036614173228
21
-1.9079315354330708
0
LINE
8
BLACK
6
CONTINUOUS
10
2.6621036614173228
20
-1.9079315354330708
11
2.6608252362204725
21
-1.9092099606299213
0
LINE
8
BLACK
6
CONTINUOUS
10
2.6608252362204725
20
-1.9092099606299213
11
2.6590172834645669
21
-1.9092099606299213
0
LINE
8
BLACK
6
CONTINUOUS
10
2.6590172834645669
20
-1.9092099606299213
11
2.6577388582677166
21
-1.9079315354330708
0
LINE
8
BLACK
6
CONTINUOUS
10
2.6577388582677166
20
-1.9079315354330708
11
2.6575590551181101
21
-1.907027559055118
0
LINE
8
BLACK
6
CONTINUOUS
10
2.6575590551181101
20
-1.907027559055118
11
2.6575590551181101
21
-1.877027559055118
0
LINE
8
BLACK
6
CONTINUOUS
10
2.6575590551181101
20
-1.877027559055118
11
2.6577388582677166
21
-1.8761235826771654
0
LINE
8
BLACK
6
CONTINUOUS
10
2.6577388582677166
20
-1.8761235826771654
11
2.6590172834645669
21
-1.8748451574803149
0
LINE
8
BLACK
6
CONTINUOUS
10
2.6590172834645669
20
-1.8748451574803149
11
2.6608252362204725
21
-1.8748451574803149
0
LINE
8
BLACK
6
CONTINUOUS
10
2.6608252362204725
20
-1.8748451574803149
11
2.6621036614173228
21
-1.8761235826771654
0
LINE
8
BLACK
6
CONTINUOUS
10
3.3091126377952755
20
-1.8932112992125985
11
3.3103910629921258
21
-1.8944897244094487
0
LINE
8
BLACK
6
CONTINUOUS
10
3.3103910629921258
20
-1.8944897244094487
11
3.3103910629921258
21
-1.8962976771653544
0
LINE
8
BLACK
6
CONTINUOUS
10
3.3103910629921258
20
-1.8962976771653544
11
3.3091126377952755
21
-1.8975761023622046
0
LINE
8
BLACK
6
CONTINUOUS
10
3.3091126377952755
20
-1.8975761023622046
11
3.3082086614173227
21
-1.8977559055118109
0
LINE
8
BLACK
6
CONTINUOUS
10
3.3082086614173227
20
-1.8977559055118109
11
3.2782086614173229
21
-1.8977559055118109
0
LINE
8
BLACK
6
CONTINUOUS
10
3.2782086614173229
20
-1.8977559055118109
11
3.2773046850393701
21
-1.8975761023622046
0
LINE
8
BLACK
6
CONTINUOUS
10
3.2773046850393701
20
-1.8975761023622046
11
3.2760262598425198
21
-1.8962976771653544
0
LINE
8
BLACK
6
CONTINUOUS
10
3.2760262598425198
20
-1.8962976771653544
11
3.2760262598425198
21
-1.8944897244094487
0
LINE
8
BLACK
6
CONTINUOUS
10
3.2760262598425198
20
-1.8944897244094487
11
3.2773046850393701
21
-1.8932112992125985
0
LINE
8
BLACK
6
CONTINUOUS
10
3.2773046850393701
20
-1.8932112992125985
11
3.2782086614173229
21
-1.8930314960629921
0
LINE
8
BLACK
6
CONTINUOUS
10
3.2782086614173229
20
-1.8930314960629921
11
3.3082086614173227
21
-1.8930314960629921
0
LINE
8
BLACK
6
CONTINUOUS
10
3.3082086614173227
20
-1.8930314960629921
11
3.3091126377952755
21
-1.8932112992125985
0
LINE
8
BLACK
6
CONTINUOUS
10
4.306166614173228
20
-1.8817890157480315
11
4.3072310236220472
21
-1.8822299212598426
0
LINE
8
BLACK
6
CONTINUOUS
10
4.3072310236220472
20
-1.8822299212598426
11
4.3080456692913387
21
-1.8830445669291338
0
LINE
8
BLACK
6
CONTINUOUS
10
4.3080456692913387
20
-1.8830445669291338
11
4.3084865748031493
21
-1.8841089763779526
0
LINE
8
BLACK
6
CONTINUOUS
10
4.3084865748031493
20
-1.8841089763779526
11
4.3084865748031493
21
-1.8852611023622048
0
LINE
8
BLACK
6
CONTINUOUS
10
4.3084865748031493
20
-1.8852611023622048
11
4.3080456692913387
21
-1.8863255118110236
0
LINE
8
BLACK
6
CONTINUOUS
10
4.3080456692913387
20
-1.8863255118110236
11
4.3072310236220472
21
-1.8871401574803148
0
LINE
8
BLACK
6
CONTINUOUS
10
4.3072310236220472
20
-1.8871401574803148
11
4.306166614173228
21
-1.8875810629921259
0
LINE
8
BLACK
6
CONTINUOUS
10
4.306166614173228
20
-1.8875810629921259
11
4.3055905511811021
21
-1.8876377952755905
0
LINE
8
BLACK
6
CONTINUOUS
10
4.3055905511811021
20
-1.8876377952755905
11
4.2455905511811025
21
-1.8876377952755905
0
LINE
8
BLACK
6
CONTINUOUS
10
4.2455905511811025
20
-1.8876377952755905
11
4.2450144881889766
21
-1.8875810629921259
0
LINE
8
BLACK
6
CONTINUOUS
10
4.2450144881889766
20
-1.8875810629921259
11
4.2439500787401574
21
-1.8871401574803148
0
LINE
8
BLACK
6
CONTINUOUS
10
4.2439500787401574
20
-1.8871401574803148
11
4.2431354330708659
21
-1.8863255118110236
0
LINE
8
BLACK
6
CONTINUOUS
10
4.2431354330708659
20
-1.8863255118110236
11
4.2426945275590553
21
-1.8852611023622048
0
LINE
8
BLACK
6
CONTINUOUS
10
4.2426945275590553
20
-1.8852611023622048
11
4.2426945275590553
21
-1.8841089763779526
0
LINE
8
BLACK
6
CONTINUOUS
10
4.2426945275590553
20
-1.8841089763779526
11
4.2431354330708659
21
-1.8830445669291338
0
LINE
8
BLACK
6
CONTINUOUS
10
4.2431354330708659
20
-1.8830445669291338
11
4.2439500787401574
21
-1.8822299212598426
0
LINE
8
BLACK
6
CONTINUOUS
10
4.2439500787401574
20
-1.8822299212598426
11
4.2450144881889766
21
-1.8817890157480315
0
LINE
8
BLACK
6
CONTINUOUS
10
4.2450144881889766
20
-1.8817890157480315
11
4.2455905511811025
21
-1.8817322834645669
0
LINE
8
BLACK
6
CONTINUOUS
10
4.2455905511811025
20
-1.8817322834645669
11
4.3055905511811021
21
-1.8817322834645669
0
LINE
8
BLACK
6
CONTINUOUS
10
4.3055905511811021
20
-1.8817322834645669
11
4.306166614173228
21
-1.8817890157480315
0
LINE
8
BLACK
6
CONTINUOUS
10
3.2348491338582677
20
-1.8220724409448819
11
3.2356637795275591
21
-1.8228870866141731
0
LINE
8
BLACK
6
CONTINUOUS
10
3.2356637795275591
20
-1.8228870866141731
11
3.2361046850393702
21
-1.8239514960629921
0
LINE
8
BLACK
6
CONTINUOUS
10
3.2361046850393702
20
-1.8239514960629921
11
3.2361614173228346
21
-1.824527559055118
0
LINE
8
BLACK
6
CONTINUOUS
10
3.2361614173228346
20
-1.824527559055118
11
3.2361614173228346
21
-1.884527559055118
0
LINE
8
BLACK
6
CONTINUOUS
10
3.2361614173228346
20
-1.884527559055118
11
3.2361046850393702
21
-1.8851036220472441
0
LINE
8
BLACK
6
CONTINUOUS
10
3.2361046850393702
20
-1.8851036220472441
11
3.2356637795275591
21
-1.8861680314960629
0
LINE
8
BLACK
6
CONTINUOUS
10
3.2356637795275591
20
-1.8861680314960629
11
3.2348491338582677
21
-1.8869826771653544
0
LINE
8
BLACK
6
CONTINUOUS
10
3.2348491338582677
20
-1.8869826771653544
11
3.2337847244094489
21
-1.8874235826771653
0
LINE
8
BLACK
6
CONTINUOUS
10
3.2337847244094489
20
-1.8874235826771653
11
3.2326325984251967
21
-1.8874235826771653
0
LINE
8
BLACK
6
CONTINUOUS
10
3.2326325984251967
20
-1.8874235826771653
11
3.2315681889763779
21
-1.8869826771653544
0
LINE
8
BLACK
6
CONTINUOUS
10
3.2315681889763779
20
-1.8869826771653544
11
3.2307535433070864
21
-1.8861680314960629
0
LINE
8
BLACK
6
CONTINUOUS
10
3.2307535433070864
20
-1.8861680314960629
11
3.2303126377952753
21
-1.8851036220472441
0
LINE
8
BLACK
6
CONTINUOUS
10
3.2303126377952753
20
-1.8851036220472441
11
3.230255905511811
21
-1.884527559055118
0
LINE
8
BLACK
6
CONTINUOUS
10
3.230255905511811
20
-1.884527559055118
11
3.230255905511811
21
-1.824527559055118
0
LINE
8
BLACK
6
CONTINUOUS
10
3.230255905511811
20
-1.824527559055118
11
3.2303126377952753
21
-1.8239514960629921
0
LINE
8
BLACK
6
CONTINUOUS
10
3.2303126377952753
20
-1.8239514960629921
11
3.2307535433070864
21
-1.8228870866141731
0
LINE
8
BLACK
6
CONTINUOUS
10
3.2307535433070864
20
-1.8228870866141731
11
3.2315681889763779
21
-1.8220724409448819
0
LINE
8
BLACK
6
CONTINUOUS
10
3.2315681889763779
20
-1.8220724409448819
11
3.2326325984251967
21
-1.8216315354330708
0
LINE
8
BLACK
6
CONTINUOUS
10
3.2326325984251967
20
-1.8216315354330708
11
3.2337847244094489
21
-1.8216315354330708
0
LINE
8
BLACK
6
CONTINUOUS
10
3.2337847244094489
20
-1.8216315354330708
11
3.2348491338582677
21
-1.8220724409448819
0
LINE
8
BLACK
6
CONTINUOUS
10
3.3548491338582678
20
-1.8220724409448819
11
3.3556637795275588
21
-1.8228870866141731
0
LINE
8
BLACK
6
CONTINUOUS
10
3.3556637795275588
20
-1.8228870866141731
11
3.3561046850393699
21
-1.8239514960629921
0
LINE
8
BLACK
6
CONTINUOUS
10
3.3561046850393699
20
-1.8239514960629921
11
3.3561614173228347
21
-1.824527559055118
0
LINE
8
BLACK
6
CONTINUOUS
10
3.3561614173228347
20
-1.824527559055118
11
3.3561614173228347
21
-1.884527559055118
0
LINE
8
BLACK
6
CONTINUOUS
10
3.3561614173228347
20
-1.884527559055118
11
3.3561046850393699
21
-1.8851036220472441
0
LINE
8
BLACK
6
CONTINUOUS
10
3.3561046850393699
20
-1.8851036220472441
11
3.3556637795275588
21
-1.8861680314960629
0
LINE
8
BLACK
6
CONTINUOUS
10
3.3556637795275588
20
-1.8861680314960629
11
3.3548491338582678
21
-1.8869826771653544
0
LINE
8
BLACK
6
CONTINUOUS
10
3.3548491338582678
20
-1.8869826771653544
11
3.3537847244094485
21
-1.8874235826771653
0
LINE
8
BLACK
6
CONTINUOUS
10
3.3537847244094485
20
-1.8874235826771653
11
3.3526325984251968
21
-1.8874235826771653
0
LINE
8
BLACK
6
CONTINUOUS
10
3.3526325984251968
20
-1.8874235826771653
11
3.351568188976378
21
-1.8869826771653544
0
LINE
8
BLACK
6
CONTINUOUS
10
3.351568188976378
20
-1.8869826771653544
11
3.3507535433070865
21
-1.8861680314960629
0
LINE
8
BLACK
6
CONTINUOUS
10
3.3507535433070865
20
-1.8861680314960629
11
3.3503126377952754
21
-1.8851036220472441
0
LINE
8
BLACK
6
CONTINUOUS
10
3.3503126377952754
20
-1.8851036220472441
11
3.3502559055118111
21
-1.884527559055118
0
LINE
8
BLACK
6
CONTINUOUS
10
3.3502559055118111
20
-1.884527559055118
11
3.3502559055118111
21
-1.824527559055118
0
LINE
8
BLACK
6
CONTINUOUS
10
3.3502559055118111
20
-1.824527559055118
11
3.3503126377952754
21
-1.8239514960629921
0
LINE
8
BLACK
6
CONTINUOUS
10
3.3503126377952754
20
-1.8239514960629921
11
3.3507535433070865
21
-1.8228870866141731
0
LINE
8
BLACK
6
CONTINUOUS
10
3.3507535433070865
20
-1.8228870866141731
11
3.351568188976378
21
-1.8220724409448819
0
LINE
8
BLACK
6
CONTINUOUS
10
3.351568188976378
20
-1.8220724409448819
11
3.3526325984251968
21
-1.8216315354330708
0
LINE
8
BLACK
6
CONTINUOUS
10
3.3526325984251968
20
-1.8216315354330708
11
3.3537847244094485
21
-1.8216315354330708
0
LINE
8
BLACK
6
CONTINUOUS
10
3.3537847244094485
20
-1.8216315354330708
11
3.3548491338582678
21
-1.8220724409448819
0
LINE
8
BLACK
6
CONTINUOUS
10
3.3091126377952755
20
-1.8823451574803149
11
3.3103910629921258
21
-1.8836235826771652
0
LINE
8
BLACK
6
CONTINUOUS
10
3.3103910629921258
20
-1.8836235826771652
11
3.3103910629921258
21
-1.8854315354330708
0
LINE
8
BLACK
6
CONTINUOUS
10
3.3103910629921258
20
-1.8854315354330708
11
3.3091126377952755
21
-1.8867099606299211
0
LINE
8
BLACK
6
CONTINUOUS
10
3.3091126377952755
20
-1.8867099606299211
11
3.3082086614173227
21
-1.8868897637795274
0
LINE
8
BLACK
6
CONTINUOUS
10
3.3082086614173227
20
-1.8868897637795274
11
3.2782086614173229
21
-1.8868897637795274
0
LINE
8
BLACK
6
CONTINUOUS
10
3.2782086614173229
20
-1.8868897637795274
11
3.2773046850393701
21
-1.8867099606299211
0
LINE
8
BLACK
6
CONTINUOUS
10
3.2773046850393701
20
-1.8867099606299211
11
3.2760262598425198
21
-1.8854315354330708
0
LINE
8
BLACK
6
CONTINUOUS
10
3.2760262598425198
20
-1.8854315354330708
11
3.2760262598425198
21
-1.8836235826771652
0
LINE
8
BLACK
6
CONTINUOUS
10
3.2760262598425198
20
-1.8836235826771652
11
3.2773046850393701
21
-1.8823451574803149
0
LINE
8
BLACK
6
CONTINUOUS
10
3.2773046850393701
20
-1.8823451574803149
11
3.2782086614173229
21
-1.8821653543307086
0
LINE
8
BLACK
6
CONTINUOUS
10
3.2782086614173229
20
-1.8821653543307086
11
3.3082086614173227
21
-1.8821653543307086
0
LINE
8
BLACK
6
CONTINUOUS
10
3.3082086614173227
20
-1.8821653543307086
11
3.3091126377952755
21
-1.8823451574803149
0
LINE
8
BLACK
6
CONTINUOUS
10
4.3490223622047246
20
-1.7961866141732283
11
4.3498370078740161
21
-1.7970012598425196
0
LINE
8
BLACK
6
CONTINUOUS
10
4.3498370078740161
20
-1.7970012598425196
11
4.3502779133858267
21
-1.7980656692913386
0
LINE
8
BLACK
6
CONTINUOUS
10
4.3502779133858267
20
-1.7980656692913386
11
4.3503346456692915
21
-1.7986417322834645
0
LINE
8
BLACK
6
CONTINUOUS
10
4.3503346456692915
20
-1.7986417322834645
11
4.3503346456692915
21
-1.8586417322834645
0
LINE
8
BLACK
6
CONTINUOUS
10
4.3503346456692915
20
-1.8586417322834645
11
4.3502779133858267
21
-1.8592177952755906
0
LINE
8
BLACK
6
CONTINUOUS
10
4.3502779133858267
20
-1.8592177952755906
11
4.3498370078740161
21
-1.8602822047244094
0
LINE
8
BLACK
6
CONTINUOUS
10
4.3498370078740161
20
-1.8602822047244094
11
4.3490223622047246
21
-1.8610968503937007
0
LINE
8
BLACK
6
CONTINUOUS
10
4.3490223622047246
20
-1.8610968503937007
11
4.3479579527559054
21
-1.8615377559055117
0
LINE
8
BLACK
6
CONTINUOUS
10
4.3479579527559054
20
-1.8615377559055117
11
4.3468058267716536
21
-1.8615377559055117
0
LINE
8
BLACK
6
CONTINUOUS
10
4.3468058267716536
20
-1.8615377559055117
11
4.3457414173228344
21
-1.8610968503937007
0
LINE
8
BLACK
6
CONTINUOUS
10
4.3457414173228344
20
-1.8610968503937007
11
4.3449267716535429
21
-1.8602822047244094
0
LINE
8
BLACK
6
CONTINUOUS
10
4.3449267716535429
20
-1.8602822047244094
11
4.3444858661417323
21
-1.8592177952755906
0
LINE
8
BLACK
6
CONTINUOUS
10
4.3444858661417323
20
-1.8592177952755906
11
4.3444291338582675
21
-1.8586417322834645
0
LINE
8
BLACK
6
CONTINUOUS
10
4.3444291338582675
20
-1.8586417322834645
11
4.3444291338582675
21
-1.7986417322834645
0
LINE
8
BLACK
6
CONTINUOUS
10
4.3444291338582675
20
-1.7986417322834645
11
4.3444858661417323
21
-1.7980656692913386
0
LINE
8
BLACK
6
CONTINUOUS
10
4.3444858661417323
20
-1.7980656692913386
11
4.3449267716535429
21
-1.7970012598425196
0
LINE
8
BLACK
6
CONTINUOUS
10
4.3449267716535429
20
-1.7970012598425196
11
4.3457414173228344
21
-1.7961866141732283
0
LINE
8
BLACK
6
CONTINUOUS
10
4.3457414173228344
20
-1.7961866141732283
11
4.3468058267716536
21
-1.7957457086614173
0
LINE
8
BLACK
6
CONTINUOUS
10
4.3468058267716536
20
-1.7957457086614173
11
4.3479579527559054
21
-1.7957457086614173
0
LINE
8
BLACK
6
CONTINUOUS
10
4.3479579527559054
20
-1.7957457086614173
11
4.3490223622047246
21
-1.7961866141732283
0
LINE
8
BLACK
6
CONTINUOUS
10
4.4690223622047247
20
-1.7961866141732283
11
4.4698370078740153
21
-1.7970012598425196
0
LINE
8
BLACK
6
CONTINUOUS
10
4.4698370078740153
20
-1.7970012598425196
11
4.4702779133858268
21
-1.7980656692913386
0
LINE
8
BLACK
6
CONTINUOUS
10
4.4702779133858268
20
-1.7980656692913386
11
4.4703346456692916
21
-1.7986417322834645
0
LINE
8
BLACK
6
CONTINUOUS
10
4.4703346456692916
20
-1.7986417322834645
11
4.4703346456692916
21
-1.8586417322834645
0
LINE
8
BLACK
6
CONTINUOUS
10
4.4703346456692916
20
-1.8586417322834645
11
4.4702779133858268
21
-1.8592177952755906
0
LINE
8
BLACK
6
CONTINUOUS
10
4.4702779133858268
20
-1.8592177952755906
11
4.4698370078740153
21
-1.8602822047244094
0
LINE
8
BLACK
6
CONTINUOUS
10
4.4698370078740153
20
-1.8602822047244094
11
4.4690223622047247
21
-1.8610968503937007
0
LINE
8
BLACK
6
CONTINUOUS
10
4.4690223622047247
20
-1.8610968503937007
11
4.4679579527559055
21
-1.8615377559055117
0
LINE
8
BLACK
6
CONTINUOUS
10
4.4679579527559055
20
-1.8615377559055117
11
4.4668058267716537
21
-1.8615377559055117
0
LINE
8
BLACK
6
CONTINUOUS
10
4.4668058267716537
20
-1.8615377559055117
11
4.4657414173228345
21
-1.8610968503937007
0
LINE
8
BLACK
6
CONTINUOUS
10
4.4657414173228345
20
-1.8610968503937007
11
4.464926771653543
21
-1.8602822047244094
0
LINE
8
BLACK
6
CONTINUOUS
10
4.464926771653543
20
-1.8602822047244094
11
4.4644858661417324
21
-1.8592177952755906
0
LINE
8
BLACK
6
CONTINUOUS
10
4.4644858661417324
20
-1.8592177952755906
11
4.4644291338582676
21
-1.8586417322834645
0
LINE
8
BLACK
6
CONTINUOUS
10
4.4644291338582676
20
-1.8586417322834645
11
4.4644291338582676
21
-1.7986417322834645
0
LINE
8
BLACK
6
CONTINUOUS
10
4.4644291338582676
20
-1.7986417322834645
11
4.4644858661417324
21
-1.7980656692913386
0
LINE
8
BLACK
6
CONTINUOUS
10
4.4644858661417324
20
-1.7980656692913386
11
4.464926771653543
21
-1.7970012598425196
0
LINE
8
BLACK
6
CONTINUOUS
10
4.464926771653543
20
-1.7970012598425196
11
4.4657414173228345
21
-1.7961866141732283
0
LINE
8
BLACK
6
CONTINUOUS
10
4.4657414173228345
20
-1.7961866141732283
11
4.4668058267716537
21
-1.7957457086614173
0
LINE
8
BLACK
6
CONTINUOUS
10
4.4668058267716537
20
-1.7957457086614173
11
4.4679579527559055
21
-1.7957457086614173
0
LINE
8
BLACK
6
CONTINUOUS
10
4.4679579527559055
20
-1.7957457086614173
11
4.4690223622047247
21
-1.7961866141732283
0
LINE
8
BLACK
6
CONTINUOUS
10
4.4232858661417325
20
-1.8564593307086614
11
4.4245642913385828
21
-1.8577377559055117
0
LINE
8
BLACK
6
CONTINUOUS
10
4.4245642913385828
20
-1.8577377559055117
11
4.4245642913385828
21
-1.8595457086614173
0
LINE
8
BLACK
6
CONTINUOUS
10
4.4245642913385828
20
-1.8595457086614173
11
4.4232858661417325
21
-1.8608241338582676
0
LINE
8
BLACK
6
CONTINUOUS
10
4.4232858661417325
20
-1.8608241338582676
11
4.4223818897637797
21
-1.8610039370078739
0
LINE
8
BLACK
6
CONTINUOUS
10
4.4223818897637797
20
-1.8610039370078739
11
4.3923818897637794
21
-1.8610039370078739
0
LINE
8
BLACK
6
CONTINUOUS
10
4.3923818897637794
20
-1.8610039370078739
11
4.3914779133858266
21
-1.8608241338582676
0
LINE
8
BLACK
6
CONTINUOUS
10
4.3914779133858266
20
-1.8608241338582676
11
4.3901994881889763
21
-1.8595457086614173
0
LINE
8
BLACK
6
CONTINUOUS
10
4.3901994881889763
20
-1.8595457086614173
11
4.3901994881889763
21
-1.8577377559055117
0
LINE
8
BLACK
6
CONTINUOUS
10
4.3901994881889763
20
-1.8577377559055117
11
4.3914779133858266
21
-1.8564593307086614
0
LINE
8
BLACK
6
CONTINUOUS
10
4.3914779133858266
20
-1.8564593307086614
11
4.3923818897637794
21
-1.8562795275590551
0
LINE
8
BLACK
6
CONTINUOUS
10
4.3923818897637794
20
-1.8562795275590551
11
4.4223818897637797
21
-1.8562795275590551
0
LINE
8
BLACK
6
CONTINUOUS
10
4.4223818897637797
20
-1.8562795275590551
11
4.4232858661417325
21
-1.8564593307086614
0
LINE
8
BLACK
6
CONTINUOUS
10
4.1409044881889763
20
-1.8197605118110236
11
4.1410024803149605
21
-1.8198011023622047
0
LINE
8
BLACK
6
CONTINUOUS
10
4.1410024803149605
20
-1.8198011023622047
11
4.1411083070866139
21
-1.819808622047244
0
LINE
8
BLACK
6
CONTINUOUS
10
4.1411083070866139
20
-1.819808622047244
11
4.141648937007874
21
-1.8200155118110235
0
LINE
8
BLACK
6
CONTINUOUS
10
4.141648937007874
20
-1.8200155118110235
11
4.1453984645669291
21
-1.8218902755905511
0
LINE
8
BLACK
6
CONTINUOUS
10
4.1453984645669291
20
-1.8218902755905511
11
4.1456463385826767
21
-1.8220462992125983
0
LINE
8
BLACK
6
CONTINUOUS
10
4.1456463385826767
20
-1.8220462992125983
11
4.1457183858267719
21
-1.8220761417322835
0
LINE
8
BLACK
6
CONTINUOUS
10
4.1457183858267719
20
-1.8220761417322835
11
4.1457994094488191
21
-1.8221426377952756
0
LINE
8
BLACK
6
CONTINUOUS
10
4.1457994094488191
20
-1.8221426377952756
11
4.1458883464566929
21
-1.8221986220472441
0
LINE
8
BLACK
6
CONTINUOUS
10
4.1458883464566929
20
-1.8221986220472441
11
4.1459394881889766
21
-1.8222575984251967
0
LINE
8
BLACK
6
CONTINUOUS
10
4.1459394881889766
20
-1.8222575984251967
11
4.1461658267716537
21
-1.8224433464566929
0
LINE
8
BLACK
6
CONTINUOUS
10
4.1461658267716537
20
-1.8224433464566929
11
4.14804062992126
21
-1.8243181102362205
0
LINE
8
BLACK
6
CONTINUOUS
10
4.14804062992126
20
-1.8243181102362205
11
4.1482263779527555
21
-1.8245444488188975
0
LINE
8
BLACK
6
CONTINUOUS
10
4.1482263779527555
20
-1.8245444488188975
11
4.1482854330708658
21
-1.8245956692913385
0
LINE
8
BLACK
6
CONTINUOUS
10
4.1482854330708658
20
-1.8245956692913385
11
4.1483414173228343
21
-1.8246846062992126
0
LINE
8
BLACK
6
CONTINUOUS
10
4.1483414173228343
20
-1.8246846062992126
11
4.1484078740157475
21
-1.824765590551181
0
LINE
8
BLACK
6
CONTINUOUS
10
4.1484078740157475
20
-1.824765590551181
11
4.1484376771653544
21
-1.8248375196850393
0
LINE
8
BLACK
6
CONTINUOUS
10
4.1484376771653544
20
-1.8248375196850393
11
4.1485937795275589
21
-1.8250855511811024
0
LINE
8
BLACK
6
CONTINUOUS
10
4.1485937795275589
20
-1.8250855511811024
11
4.1504685433070865
21
-1.8288350787401575
0
LINE
8
BLACK
6
CONTINUOUS
10
4.1504685433070865
20
-1.8288350787401575
11
4.1506754330708659
21
-1.8293756692913385
0
LINE
8
BLACK
6
CONTINUOUS
10
4.1506754330708659
20
-1.8293756692913385
11
4.150682952755905
21
-1.8294815354330709
0
LINE
8
BLACK
6
CONTINUOUS
10
4.150682952755905
20
-1.8294815354330709
11
4.1507235433070866
21
-1.8295795275590552
0
LINE
8
BLACK
6
CONTINUOUS
10
4.1507235433070866
20
-1.8295795275590552
11
4.1507802755905514
21
-1.830155590551181
0
LINE
8
BLACK
6
CONTINUOUS
10
4.1507802755905514
20
-1.830155590551181
11
4.1507802755905514
21
-1.8376546456692913
0
LINE
8
BLACK
6
CONTINUOUS
10
4.1507802755905514
20
-1.8376546456692913
11
4.1507235433070866
21
-1.8382307086614174
0
LINE
8
BLACK
6
CONTINUOUS
10
4.1507235433070866
20
-1.8382307086614174
11
4.150682952755905
21
-1.8383286614173229
0
LINE
8
BLACK
6
CONTINUOUS
10
4.150682952755905
20
-1.8383286614173229
11
4.1506754330708659
21
-1.8384345669291338
0
LINE
8
BLACK
6
CONTINUOUS
10
4.1506754330708659
20
-1.8384345669291338
11
4.1504685433070865
21
-1.8389751574803148
0
LINE
8
BLACK
6
CONTINUOUS
10
4.1504685433070865
20
-1.8389751574803148
11
4.1485937795275589
21
-1.8427246850393701
0
LINE
8
BLACK
6
CONTINUOUS
10
4.1485937795275589
20
-1.8427246850393701
11
4.1484376771653544
21
-1.8429726771653543
0
LINE
8
BLACK
6
CONTINUOUS
10
4.1484376771653544
20
-1.8429726771653543
11
4.1484078740157475
21
-1.8430446456692913
0
LINE
8
BLACK
6
CONTINUOUS
10
4.1484078740157475
20
-1.8430446456692913
11
4.1483414173228343
21
-1.843125590551181
0
LINE
8
BLACK
6
CONTINUOUS
10
4.1483414173228343
20
-1.843125590551181
11
4.1482854330708658
21
-1.8432145669291338
0
LINE
8
BLACK
6
CONTINUOUS
10
4.1482854330708658
20
-1.8432145669291338
11
4.1482263779527555
21
-1.843265748031496
0
LINE
8
BLACK
6
CONTINUOUS
10
4.1482263779527555
20
-1.843265748031496
11
4.14804062992126
21
-1.8434921259842518
0
LINE
8
BLACK
6
CONTINUOUS
10
4.14804062992126
20
-1.8434921259842518
11
4.1461658267716537
21
-1.8453668897637794
0
LINE
8
BLACK
6
CONTINUOUS
10
4.1461658267716537
20
-1.8453668897637794
11
4.1459394881889766
21
-1.8455525984251968
0
LINE
8
BLACK
6
CONTINUOUS
10
4.1459394881889766
20
-1.8455525984251968
11
4.1458883464566929
21
-1.8456116141732284
0
LINE
8
BLACK
6
CONTINUOUS
10
4.1458883464566929
20
-1.8456116141732284
11
4.1457994094488191
21
-1.8456675590551181
0
LINE
8
BLACK
6
CONTINUOUS
10
4.1457994094488191
20
-1.8456675590551181
11
4.1457183858267719
21
-1.845734094488189
0
LINE
8
BLACK
6
CONTINUOUS
10
4.1457183858267719
20
-1.845734094488189
11
4.1456463385826767
21
-1.8457638976377952
0
LINE
8
BLACK
6
CONTINUOUS
10
4.1456463385826767
20
-1.8457638976377952
11
4.1453984645669291
21
-1.8459199606299213
0
LINE
8
BLACK
6
CONTINUOUS
10
4.1453984645669291
20
-1.8459199606299213
11
4.141648937007874
21
-1.8477947244094488
0
LINE
8
BLACK
6
CONTINUOUS
10
4.141648937007874
20
-1.8477947244094488
11
4.1411083070866139
21
-1.8480016141732283
0
LINE
8
BLACK
6
CONTINUOUS
10
4.1411083070866139
20
-1.8480016141732283
11
4.1410024803149605
21
-1.8480090944881888
0
LINE
8
BLACK
6
CONTINUOUS
10
4.1410024803149605
20
-1.8480090944881888
11
4.1409044881889763
21
-1.8480497244094487
0
LINE
8
BLACK
6
CONTINUOUS
10
4.1409044881889763
20
-1.8480497244094487
11
4.1403284251968504
21
-1.8481064566929133
0
LINE
8
BLACK
6
CONTINUOUS
10
4.1403284251968504
20
-1.8481064566929133
11
4.108457440944882
21
-1.8481064566929133
0
LINE
8
BLACK
6
CONTINUOUS
10
4.108457440944882
20
-1.8481064566929133
11
4.1078813779527561
21
-1.8480497244094487
0
LINE
8
BLACK
6
CONTINUOUS
10
4.1078813779527561
20
-1.8480497244094487
11
4.1068169685039368
21
-1.8476088188976378
0
LINE
8
BLACK
6
CONTINUOUS
10
4.1068169685039368
20
-1.8476088188976378
11
4.1060023228346454
21
-1.8467941732283464
0
LINE
8
BLACK
6
CONTINUOUS
10
4.1060023228346454
20
-1.8467941732283464
11
4.1055614173228347
21
-1.8457297637795276
0
LINE
8
BLACK
6
CONTINUOUS
10
4.1055614173228347
20
-1.8457297637795276
11
4.1055614173228347
21
-1.8445776377952756
0
LINE
8
BLACK
6
CONTINUOUS
10
4.1055614173228347
20
-1.8445776377952756
11
4.1060023228346454
21
-1.8435132283464566
0
LINE
8
BLACK
6
CONTINUOUS
10
4.1060023228346454
20
-1.8435132283464566
11
4.1068169685039368
21
-1.8426985826771654
0
LINE
8
BLACK
6
CONTINUOUS
10
4.1068169685039368
20
-1.8426985826771654
11
4.1078813779527561
21
-1.8422576771653543
0
LINE
8
BLACK
6
CONTINUOUS
10
4.1078813779527561
20
-1.8422576771653543
11
4.108457440944882
21
-1.8422009448818897
0
LINE
8
BLACK
6
CONTINUOUS
10
4.108457440944882
20
-1.8422009448818897
11
4.1396313779527558
21
-1.8422009448818897
0
LINE
8
BLACK
6
CONTINUOUS
10
4.1396313779527558
20
-1.8422009448818897
11
4.1423288582677165
21
-1.8408521653543306
0
LINE
8
BLACK
6
CONTINUOUS
10
4.1423288582677165
20
-1.8408521653543306
11
4.143526023622047
21
-1.8396550393700788
0
LINE
8
BLACK
6
CONTINUOUS
10
4.143526023622047
20
-1.8396550393700788
11
4.1448747637795273
21
-1.8369575984251969
0
LINE
8
BLACK
6
CONTINUOUS
10
4.1448747637795273
20
-1.8369575984251969
11
4.1448747637795273
21
-1.8308526377952756
0
LINE
8
BLACK
6
CONTINUOUS
10
4.1448747637795273
20
-1.8308526377952756
11
4.143526023622047
21
-1.828155157480315
0
LINE
8
BLACK
6
CONTINUOUS
10
4.143526023622047
20
-1.828155157480315
11
4.1423288582677165
21
-1.826958031496063
0
LINE
8
BLACK
6
CONTINUOUS
10
4.1423288582677165
20
-1.826958031496063
11
4.1396313779527558
21
-1.8256092913385826
0
LINE
8
BLACK
6
CONTINUOUS
10
4.1396313779527558
20
-1.8256092913385826
11
4.108457440944882
21
-1.8256092913385826
0
LINE
8
BLACK
6
CONTINUOUS
10
4.108457440944882
20
-1.8256092913385826
11
4.1078813779527561
21
-1.825552559055118
0
LINE
8
BLACK
6
CONTINUOUS
10
4.1078813779527561
20
-1.825552559055118
11
4.1068169685039368
21
-1.825111653543307
0
LINE
8
BLACK
6
CONTINUOUS
10
4.1068169685039368
20
-1.825111653543307
11
4.1060023228346454
21
-1.8242970078740157
0
LINE
8
BLACK
6
CONTINUOUS
10
4.1060023228346454
20
-1.8242970078740157
11
4.1055614173228347
21
-1.8232325984251969
0
LINE
8
BLACK
6
CONTINUOUS
10
4.1055614173228347
20
-1.8232325984251969
11
4.1055614173228347
21
-1.8220804724409447
0
LINE
8
BLACK
6
CONTINUOUS
10
4.1055614173228347
20
-1.8220804724409447
11
4.1060023228346454
21
-1.8210160629921259
0
LINE
8
BLACK
6
CONTINUOUS
10
4.1060023228346454
20
-1.8210160629921259
11
4.1068169685039368
21
-1.8202014173228347
0
LINE
8
BLACK
6
CONTINUOUS
10
4.1068169685039368
20
-1.8202014173228347
11
4.1078813779527561
21
-1.8197605118110236
0
LINE
8
BLACK
6
CONTINUOUS
10
4.1078813779527561
20
-1.8197605118110236
11
4.108457440944882
21
-1.819703779527559
0
LINE
8
BLACK
6
CONTINUOUS
10
4.108457440944882
20
-1.819703779527559
11
4.1403284251968504
21
-1.819703779527559
0
LINE
8
BLACK
6
CONTINUOUS
10
4.1403284251968504
20
-1.819703779527559
11
4.1409044881889763
21
-1.8197605118110236
0
LINE
8
BLACK
6
CONTINUOUS
10
2.6604973228346456
20
-1.8291315354330708
11
2.6615617322834644
21
-1.8295724409448819
0
LINE
8
BLACK
6
CONTINUOUS
10
2.6615617322834644
20
-1.8295724409448819
11
2.6623763779527558
21
-1.8303870866141732
0
LINE
8
BLACK
6
CONTINUOUS
10
2.6623763779527558
20
-1.8303870866141732
11
2.6628172834645669
21
-1.8314514960629922
0
LINE
8
BLACK
6
CONTINUOUS
10
2.6628172834645669
20
-1.8314514960629922
11
2.6628172834645669
21
-1.8326036220472441
0
LINE
8
BLACK
6
CONTINUOUS
10
2.6628172834645669
20
-1.8326036220472441
11
2.6623763779527558
21
-1.8336680314960629
0
LINE
8
BLACK
6
CONTINUOUS
10
2.6623763779527558
20
-1.8336680314960629
11
2.6615617322834644
21
-1.8344826771653542
0
LINE
8
BLACK
6
CONTINUOUS
10
2.6615617322834644
20
-1.8344826771653542
11
2.6604973228346456
21
-1.8349235826771653
0
LINE
8
BLACK
6
CONTINUOUS
10
2.6604973228346456
20
-1.8349235826771653
11
2.6599212598425197
21
-1.8349803149606299
0
LINE
8
BLACK
6
CONTINUOUS
10
2.6599212598425197
20
-1.8349803149606299
11
2.5999212598425196
21
-1.8349803149606299
0
LINE
8
BLACK
6
CONTINUOUS
10
2.5999212598425196
20
-1.8349803149606299
11
2.5993451968503938
21
-1.8349235826771653
0
LINE
8
BLACK
6
CONTINUOUS
10
2.5993451968503938
20
-1.8349235826771653
11
2.5982807874015745
21
-1.8344826771653542
0
LINE
8
BLACK
6
CONTINUOUS
10
2.5982807874015745
20
-1.8344826771653542
11
2.5974661417322835
21
-1.8336680314960629
0
LINE
8
BLACK
6
CONTINUOUS
10
2.5974661417322835
20
-1.8336680314960629
11
2.5970252362204724
21
-1.8326036220472441
0
LINE
8
BLACK
6
CONTINUOUS
10
2.5970252362204724
20
-1.8326036220472441
11
2.5970252362204724
21
-1.8314514960629922
0
LINE
8
BLACK
6
CONTINUOUS
10
2.5970252362204724
20
-1.8314514960629922
11
2.5974661417322835
21
-1.8303870866141732
0
LINE
8
BLACK
6
CONTINUOUS
10
2.5974661417322835
20
-1.8303870866141732
11
2.5982807874015745
21
-1.8295724409448819
0
LINE
8
BLACK
6
CONTINUOUS
10
2.5982807874015745
20
-1.8295724409448819
11
2.5993451968503938
21
-1.8291315354330708
0
LINE
8
BLACK
6
CONTINUOUS
10
2.5993451968503938
20
-1.8291315354330708
11
2.5999212598425196
21
-1.8290748031496062
0
LINE
8
BLACK
6
CONTINUOUS
10
2.5999212598425196
20
-1.8290748031496062
11
2.6599212598425197
21
-1.8290748031496062
0
LINE
8
BLACK
6
CONTINUOUS
10
2.6599212598425197
20
-1.8290748031496062
11
2.6604973228346456
21
-1.8291315354330708
0
LINE
8
BLACK
6
CONTINUOUS
10
2.6604973228346456
20
-1.8210803543307086
11
2.6615617322834644
21
-1.8215212598425197
0
LINE
8
BLACK
6
CONTINUOUS
10
2.6615617322834644
20
-1.8215212598425197
11
2.6623763779527558
21
-1.8223359055118109
0
LINE
8
BLACK
6
CONTINUOUS
10
2.6623763779527558
20
-1.8223359055118109
11
2.6628172834645669
21
-1.8234003149606299
0
LINE
8
BLACK
6
CONTINUOUS
10
2.6628172834645669
20
-1.8234003149606299
11
2.6628172834645669
21
-1.8245524409448819
0
LINE
8
BLACK
6
CONTINUOUS
10
2.6628172834645669
20
-1.8245524409448819
11
2.6623763779527558
21
-1.8256168503937007
0
LINE
8
BLACK
6
CONTINUOUS
10
2.6623763779527558
20
-1.8256168503937007
11
2.6615617322834644
21
-1.8264314960629922
0
LINE
8
BLACK
6
CONTINUOUS
10
2.6615617322834644
20
-1.8264314960629922
11
2.6604973228346456
21
-1.826872401574803
0
LINE
8
BLACK
6
CONTINUOUS
10
2.6604973228346456
20
-1.826872401574803
11
2.6599212598425197
21
-1.8269291338582676
0
LINE
8
BLACK
6
CONTINUOUS
10
2.6599212598425197
20
-1.8269291338582676
11
2.5999212598425196
21
-1.8269291338582676
0
LINE
8
BLACK
6
CONTINUOUS
10
2.5999212598425196
20
-1.8269291338582676
11
2.5993451968503938
21
-1.826872401574803
0
LINE
8
BLACK
6
CONTINUOUS
10
2.5993451968503938
20
-1.826872401574803
11
2.5982807874015745
21
-1.8264314960629922
0
LINE
8
BLACK
6
CONTINUOUS
10
2.5982807874015745
20
-1.8264314960629922
11
2.5974661417322835
21
-1.8256168503937007
0
LINE
8
BLACK
6
CONTINUOUS
10
2.5974661417322835
20
-1.8256168503937007
11
2.5970252362204724
21
-1.8245524409448819
0
LINE
8
BLACK
6
CONTINUOUS
10
2.5970252362204724
20
-1.8245524409448819
11
2.5970252362204724
21
-1.8234003149606299
0
LINE
8
BLACK
6
CONTINUOUS
10
2.5970252362204724
20
-1.8234003149606299
11
2.5974661417322835
21
-1.8223359055118109
0
LINE
8
BLACK
6
CONTINUOUS
10
2.5974661417322835
20
-1.8223359055118109
11
2.5982807874015745
21
-1.8215212598425197
0
LINE
8
BLACK
6
CONTINUOUS
10
2.5982807874015745
20
-1.8215212598425197
11
2.5993451968503938
21
-1.8210803543307086
0
LINE
8
BLACK
6
CONTINUOUS
10
2.5993451968503938
20
-1.8210803543307086
11
2.5999212598425196
21
-1.821023622047244
0
LINE
8
BLACK
6
CONTINUOUS
10
2.5999212598425196
20
-1.821023622047244
11
2.6599212598425197
21
-1.821023622047244
0
LINE
8
BLACK
6
CONTINUOUS
10
2.6599212598425197
20
-1.821023622047244
11
2.6604973228346456
21
-1.8210803543307086
0
LINE
8
BLACK
6
CONTINUOUS
10
3.3091126377952755
20
-1.8223451574803149
11
3.3103910629921258
21
-1.8236235826771654
0
LINE
8
BLACK
6
CONTINUOUS
10
3.3103910629921258
20
-1.8236235826771654
11
3.3103910629921258
21
-1.8254315354330708
0
LINE
8
BLACK
6
CONTINUOUS
10
3.3103910629921258
20
-1.8254315354330708
11
3.3091126377952755
21
-1.8267099606299213
0
LINE
8
BLACK
6
CONTINUOUS
10
3.3091126377952755
20
-1.8267099606299213
11
3.3082086614173227
21
-1.8268897637795276
0
LINE
8
BLACK
6
CONTINUOUS
10
3.3082086614173227
20
-1.8268897637795276
11
3.2782086614173229
21
-1.8268897637795276
0
LINE
8
BLACK
6
CONTINUOUS
10
3.2782086614173229
20
-1.8268897637795276
11
3.2773046850393701
21
-1.8267099606299213
0
LINE
8
BLACK
6
CONTINUOUS
10
3.2773046850393701
20
-1.8267099606299213
11
3.2760262598425198
21
-1.8254315354330708
0
LINE
8
BLACK
6
CONTINUOUS
10
3.2760262598425198
20
-1.8254315354330708
11
3.2760262598425198
21
-1.8236235826771654
0
LINE
8
BLACK
6
CONTINUOUS
10
3.2760262598425198
20
-1.8236235826771654
11
3.2773046850393701
21
-1.8223451574803149
0
LINE
8
BLACK
6
CONTINUOUS
10
3.2773046850393701
20
-1.8223451574803149
11
3.2782086614173229
21
-1.8221653543307086
0
LINE
8
BLACK
6
CONTINUOUS
10
3.2782086614173229
20
-1.8221653543307086
11
3.3082086614173227
21
-1.8221653543307086
0
LINE
8
BLACK
6
CONTINUOUS
10
3.3082086614173227
20
-1.8221653543307086
11
3.3091126377952755
21
-1.8223451574803149
0
LINE
8
BLACK
6
CONTINUOUS
10
3.2348491338582677
20
-1.7472692913385826
11
3.2356637795275591
21
-1.748083937007874
0
LINE
8
BLACK
6
CONTINUOUS
10
3.2356637795275591
20
-1.748083937007874
11
3.2361046850393702
21
-1.7491483464566928
0
LINE
8
BLACK
6
CONTINUOUS
10
3.2361046850393702
20
-1.7491483464566928
11
3.2361614173228346
21
-1.7497244094488189
0
LINE
8
BLACK
6
CONTINUOUS
10
3.2361614173228346
20
-1.7497244094488189
11
3.2361614173228346
21
-1.809724409448819
0
LINE
8
BLACK
6
CONTINUOUS
10
3.2361614173228346
20
-1.809724409448819
11
3.2361046850393702
21
-1.8103004724409448
0
LINE
8
BLACK
6
CONTINUOUS
10
3.2361046850393702
20
-1.8103004724409448
11
3.2356637795275591
21
-1.8113648818897636
0
LINE
8
BLACK
6
CONTINUOUS
10
3.2356637795275591
20
-1.8113648818897636
11
3.2348491338582677
21
-1.8121795275590551
0
LINE
8
BLACK
6
CONTINUOUS
10
3.2348491338582677
20
-1.8121795275590551
11
3.2337847244094489
21
-1.8126204330708662
0
LINE
8
BLACK
6
CONTINUOUS
10
3.2337847244094489
20
-1.8126204330708662
11
3.2326325984251967
21
-1.8126204330708662
0
LINE
8
BLACK
6
CONTINUOUS
10
3.2326325984251967
20
-1.8126204330708662
11
3.2315681889763779
21
-1.8121795275590551
0
LINE
8
BLACK
6
CONTINUOUS
10
3.2315681889763779
20
-1.8121795275590551
11
3.2307535433070864
21
-1.8113648818897636
0
LINE
8
BLACK
6
CONTINUOUS
10
3.2307535433070864
20
-1.8113648818897636
11
3.2303126377952753
21
-1.8103004724409448
0
LINE
8
BLACK
6
CONTINUOUS
10
3.2303126377952753
20
-1.8103004724409448
11
3.230255905511811
21
-1.809724409448819
0
LINE
8
BLACK
6
CONTINUOUS
10
3.230255905511811
20
-1.809724409448819
11
3.230255905511811
21
-1.7497244094488189
0
LINE
8
BLACK
6
CONTINUOUS
10
3.230255905511811
20
-1.7497244094488189
11
3.2303126377952753
21
-1.7491483464566928
0
LINE
8
BLACK
6
CONTINUOUS
10
3.2303126377952753
20
-1.7491483464566928
11
3.2307535433070864
21
-1.748083937007874
0
LINE
8
BLACK
6
CONTINUOUS
10
3.2307535433070864
20
-1.748083937007874
11
3.2315681889763779
21
-1.7472692913385826
0
LINE
8
BLACK
6
CONTINUOUS
10
3.2315681889763779
20
-1.7472692913385826
11
3.2326325984251967
21
-1.7468283858267717
0
LINE
8
BLACK
6
CONTINUOUS
10
3.2326325984251967
20
-1.7468283858267717
11
3.2337847244094489
21
-1.7468283858267717
0
LINE
8
BLACK
6
CONTINUOUS
10
3.2337847244094489
20
-1.7468283858267717
11
3.2348491338582677
21
-1.7472692913385826
0
LINE
8
BLACK
6
CONTINUOUS
10
3.3548491338582678
20
-1.7472692913385826
11
3.3556637795275588
21
-1.748083937007874
0
LINE
8
BLACK
6
CONTINUOUS
10
3.3556637795275588
20
-1.748083937007874
11
3.3561046850393699
21
-1.7491483464566928
0
LINE
8
BLACK
6
CONTINUOUS
10
3.3561046850393699
20
-1.7491483464566928
11
3.3561614173228347
21
-1.7497244094488189
0
LINE
8
BLACK
6
CONTINUOUS
10
3.3561614173228347
20
-1.7497244094488189
11
3.3561614173228347
21
-1.809724409448819
0
LINE
8
BLACK
6
CONTINUOUS
10
3.3561614173228347
20
-1.809724409448819
11
3.3561046850393699
21
-1.8103004724409448
0
LINE
8
BLACK
6
CONTINUOUS
10
3.3561046850393699
20
-1.8103004724409448
11
3.3556637795275588
21
-1.8113648818897636
0
LINE
8
BLACK
6
CONTINUOUS
10
3.3556637795275588
20
-1.8113648818897636
11
3.3548491338582678
21
-1.8121795275590551
0
LINE
8
BLACK
6
CONTINUOUS
10
3.3548491338582678
20
-1.8121795275590551
11
3.3537847244094485
21
-1.8126204330708662
0
LINE
8
BLACK
6
CONTINUOUS
10
3.3537847244094485
20
-1.8126204330708662
11
3.3526325984251968
21
-1.8126204330708662
0
LINE
8
BLACK
6
CONTINUOUS
10
3.3526325984251968
20
-1.8126204330708662
11
3.351568188976378
21
-1.8121795275590551
0
LINE
8
BLACK
6
CONTINUOUS
10
3.351568188976378
20
-1.8121795275590551
11
3.3507535433070865
21
-1.8113648818897636
0
LINE
8
BLACK
6
CONTINUOUS
10
3.3507535433070865
20
-1.8113648818897636
11
3.3503126377952754
21
-1.8103004724409448
0
LINE
8
BLACK
6
CONTINUOUS
10
3.3503126377952754
20
-1.8103004724409448
11
3.3502559055118111
21
-1.809724409448819
0
LINE
8
BLACK
6
CONTINUOUS
10
3.3502559055118111
20
-1.809724409448819
11
3.3502559055118111
21
-1.7497244094488189
0
LINE
8
BLACK
6
CONTINUOUS
10
3.3502559055118111
20
-1.7497244094488189
11
3.3503126377952754
21
-1.7491483464566928
0
LINE
8
BLACK
6
CONTINUOUS
10
3.3503126377952754
20
-1.7491483464566928
11
3.3507535433070865
21
-1.748083937007874
0
LINE
8
BLACK
6
CONTINUOUS
10
3.3507535433070865
20
-1.748083937007874
11
3.351568188976378
21
-1.7472692913385826
0
LINE
8
BLACK
6
CONTINUOUS
10
3.351568188976378
20
-1.7472692913385826
11
3.3526325984251968
21
-1.7468283858267717
0
LINE
8
BLACK
6
CONTINUOUS
10
3.3526325984251968
20
-1.7468283858267717
11
3.3537847244094485
21
-1.7468283858267717
0
LINE
8
BLACK
6
CONTINUOUS
10
3.3537847244094485
20
-1.7468283858267717
11
3.3548491338582678
21
-1.7472692913385826
0
LINE
8
BLACK
6
CONTINUOUS
10
3.3091126377952755
20
-1.8075420078740156
11
3.3103910629921258
21
-1.8088204330708662
0
LINE
8
BLACK
6
CONTINUOUS
10
3.3103910629921258
20
-1.8088204330708662
11
3.3103910629921258
21
-1.8106283858267715
0
LINE
8
BLACK
6
CONTINUOUS
10
3.3103910629921258
20
-1.8106283858267715
11
3.3091126377952755
21
-1.8119068110236221
0
LINE
8
BLACK
6
CONTINUOUS
10
3.3091126377952755
20
-1.8119068110236221
11
3.3082086614173227
21
-1.8120866141732284
0
LINE
8
BLACK
6
CONTINUOUS
10
3.3082086614173227
20
-1.8120866141732284
11
3.2782086614173229
21
-1.8120866141732284
0
LINE
8
BLACK
6
CONTINUOUS
10
3.2782086614173229
20
-1.8120866141732284
11
3.2773046850393701
21
-1.8119068110236221
0
LINE
8
BLACK
6
CONTINUOUS
10
3.2773046850393701
20
-1.8119068110236221
11
3.2760262598425198
21
-1.8106283858267715
0
LINE
8
BLACK
6
CONTINUOUS
10
3.2760262598425198
20
-1.8106283858267715
11
3.2760262598425198
21
-1.8088204330708662
0
LINE
8
BLACK
6
CONTINUOUS
10
3.2760262598425198
20
-1.8088204330708662
11
3.2773046850393701
21
-1.8075420078740156
0
LINE
8
BLACK
6
CONTINUOUS
10
3.2773046850393701
20
-1.8075420078740156
11
3.2782086614173229
21
-1.8073622047244093
0
LINE
8
BLACK
6
CONTINUOUS
10
3.2782086614173229
20
-1.8073622047244093
11
3.3082086614173227
21
-1.8073622047244093
0
LINE
8
BLACK
6
CONTINUOUS
10
3.3082086614173227
20
-1.8073622047244093
11
3.3091126377952755
21
-1.8075420078740156
0
LINE
8
BLACK
6
CONTINUOUS
10
4.1409044881889763
20
-1.7803904330708662
11
4.1410024803149605
21
-1.7804310236220473
0
LINE
8
BLACK
6
CONTINUOUS
10
4.1410024803149605
20
-1.7804310236220473
11
4.1411083070866139
21
-1.7804385433070866
0
LINE
8
BLACK
6
CONTINUOUS
10
4.1411083070866139
20
-1.7804385433070866
11
4.141648937007874
21
-1.7806454330708661
0
LINE
8
BLACK
6
CONTINUOUS
10
4.141648937007874
20
-1.7806454330708661
11
4.1453984645669291
21
-1.7825201968503936
0
LINE
8
BLACK
6
CONTINUOUS
10
4.1453984645669291
20
-1.7825201968503936
11
4.1456463385826767
21
-1.7826762204724409
0
LINE
8
BLACK
6
CONTINUOUS
10
4.1456463385826767
20
-1.7826762204724409
11
4.1457183858267719
21
-1.7827060629921259
0
LINE
8
BLACK
6
CONTINUOUS
10
4.1457183858267719
20
-1.7827060629921259
11
4.1457994094488191
21
-1.782772559055118
0
LINE
8
BLACK
6
CONTINUOUS
10
4.1457994094488191
20
-1.782772559055118
11
4.1458883464566929
21
-1.7828285433070865
0
LINE
8
BLACK
6
CONTINUOUS
10
4.1458883464566929
20
-1.7828285433070865
11
4.1459394881889766
21
-1.7828875196850393
0
LINE
8
BLACK
6
CONTINUOUS
10
4.1459394881889766
20
-1.7828875196850393
11
4.1461658267716537
21
-1.7830732677165353
0
LINE
8
BLACK
6
CONTINUOUS
10
4.1461658267716537
20
-1.7830732677165353
11
4.14804062992126
21
-1.7849480314960628
0
LINE
8
BLACK
6
CONTINUOUS
10
4.14804062992126
20
-1.7849480314960628
11
4.1482263779527555
21
-1.7851743700787401
0
LINE
8
BLACK
6
CONTINUOUS
10
4.1482263779527555
20
-1.7851743700787401
11
4.1482854330708658
21
-1.7852255905511811
0
LINE
8
BLACK
6
CONTINUOUS
10
4.1482854330708658
20
-1.7852255905511811
11
4.1483414173228343
21
-1.7853145275590552
0
LINE
8
BLACK
6
CONTINUOUS
10
4.1483414173228343
20
-1.7853145275590552
11
4.1484078740157475
21
-1.7853955118110236
0
LINE
8
BLACK
6
CONTINUOUS
10
4.1484078740157475
20
-1.7853955118110236
11
4.1484376771653544
21
-1.7854674409448819
0
LINE
8
BLACK
6
CONTINUOUS
10
4.1484376771653544
20
-1.7854674409448819
11
4.1485937795275589
21
-1.7857154724409448
0
LINE
8
BLACK
6
CONTINUOUS
10
4.1485937795275589
20
-1.7857154724409448
11
4.1504685433070865
21
-1.7894649999999999
0
LINE
8
BLACK
6
CONTINUOUS
10
4.1504685433070865
20
-1.7894649999999999
11
4.1506754330708659
21
-1.7900055905511811
0
LINE
8
BLACK
6
CONTINUOUS
10
4.1506754330708659
20
-1.7900055905511811
11
4.150682952755905
21
-1.7901114566929133
0
LINE
8
BLACK
6
CONTINUOUS
10
4.150682952755905
20
-1.7901114566929133
11
4.1507235433070866
21
-1.7902094488188975
0
LINE
8
BLACK
6
CONTINUOUS
10
4.1507235433070866
20
-1.7902094488188975
11
4.1507802755905514
21
-1.7907855118110236
0
LINE
8
BLACK
6
CONTINUOUS
10
4.1507802755905514
20
-1.7907855118110236
11
4.1507802755905514
21
-1.802034094488189
0
LINE
8
BLACK
6
CONTINUOUS
10
4.1507802755905514
20
-1.802034094488189
11
4.1507235433070866
21
-1.8026101574803148
0
LINE
8
BLACK
6
CONTINUOUS
10
4.1507235433070866
20
-1.8026101574803148
11
4.150682952755905
21
-1.8027081102362204
0
LINE
8
BLACK
6
CONTINUOUS
10
4.150682952755905
20
-1.8027081102362204
11
4.1506754330708659
21
-1.8028140157480315
0
LINE
8
BLACK
6
CONTINUOUS
10
4.1506754330708659
20
-1.8028140157480315
11
4.1504685433070865
21
-1.8033546062992125
0
LINE
8
BLACK
6
CONTINUOUS
10
4.1504685433070865
20
-1.8033546062992125
11
4.1485937795275589
21
-1.8071041338582676
0
LINE
8
BLACK
6
CONTINUOUS
10
4.1485937795275589
20
-1.8071041338582676
11
4.1484376771653544
21
-1.807352125984252
0
LINE
8
BLACK
6
CONTINUOUS
10
4.1484376771653544
20
-1.807352125984252
11
4.1484078740157475
21
-1.807424094488189
0
LINE
8
BLACK
6
CONTINUOUS
10
4.1484078740157475
20
-1.807424094488189
11
4.1483414173228343
21
-1.8075050393700787
0
LINE
8
BLACK
6
CONTINUOUS
10
4.1483414173228343
20
-1.8075050393700787
11
4.1482854330708658
21
-1.8075940157480315
0
LINE
8
BLACK
6
CONTINUOUS
10
4.1482854330708658
20
-1.8075940157480315
11
4.1482263779527555
21
-1.8076451968503937
0
LINE
8
BLACK
6
CONTINUOUS
10
4.1482263779527555
20
-1.8076451968503937
11
4.14804062992126
21
-1.8078715748031495
0
LINE
8
BLACK
6
CONTINUOUS
10
4.14804062992126
20
-1.8078715748031495
11
4.1461658267716537
21
-1.8097463385826771
0
LINE
8
BLACK
6
CONTINUOUS
10
4.1461658267716537
20
-1.8097463385826771
11
4.1457183858267719
21
-1.8101135433070865
0
LINE
8
BLACK
6
CONTINUOUS
10
4.1457183858267719
20
-1.8101135433070865
11
4.1446539763779526
21
-1.8105544094488188
0
LINE
8
BLACK
6
CONTINUOUS
10
4.1446539763779526
20
-1.8105544094488188
11
4.1435018897637796
21
-1.8105544094488188
0
LINE
8
BLACK
6
CONTINUOUS
10
4.1435018897637796
20
-1.8105544094488188
11
4.1424374803149604
21
-1.8101135039370078
0
LINE
8
BLACK
6
CONTINUOUS
10
4.1424374803149604
20
-1.8101135039370078
11
4.1416227952755902
21
-1.8092988188976378
0
LINE
8
BLACK
6
CONTINUOUS
10
4.1416227952755902
20
-1.8092988188976378
11
4.1411819291338583
21
-1.8082344094488187
0
LINE
8
BLACK
6
CONTINUOUS
10
4.1411819291338583
20
-1.8082344094488187
11
4.1411819291338583
21
-1.8070823228346455
0
LINE
8
BLACK
6
CONTINUOUS
10
4.1411819291338583
20
-1.8070823228346455
11
4.1416228346456689
21
-1.8060179133858267
0
LINE
8
BLACK
6
CONTINUOUS
10
4.1416228346456689
20
-1.8060179133858267
11
4.1419900787401573
21
-1.8055704330708662
0
LINE
8
BLACK
6
CONTINUOUS
10
4.1419900787401573
20
-1.8055704330708662
11
4.143526023622047
21
-1.8040344881889763
0
LINE
8
BLACK
6
CONTINUOUS
10
4.143526023622047
20
-1.8040344881889763
11
4.1448747637795273
21
-1.8013370472440944
0
LINE
8
BLACK
6
CONTINUOUS
10
4.1448747637795273
20
-1.8013370472440944
11
4.1448747637795273
21
-1.791482559055118
0
LINE
8
BLACK
6
CONTINUOUS
10
4.1448747637795273
20
-1.791482559055118
11
4.143526023622047
21
-1.7887850787401574
0
LINE
8
BLACK
6
CONTINUOUS
10
4.143526023622047
20
-1.7887850787401574
11
4.1423288582677165
21
-1.7875879527559055
0
LINE
8
BLACK
6
CONTINUOUS
10
4.1423288582677165
20
-1.7875879527559055
11
4.1396313779527558
21
-1.7862392125984252
0
LINE
8
BLACK
6
CONTINUOUS
10
4.1396313779527558
20
-1.7862392125984252
11
4.1316516535433072
21
-1.7862392125984252
0
LINE
8
BLACK
6
CONTINUOUS
10
4.1316516535433072
20
-1.7862392125984252
11
4.1289541732283466
21
-1.7875879527559055
0
LINE
8
BLACK
6
CONTINUOUS
10
4.1289541732283466
20
-1.7875879527559055
11
4.1277570472440948
21
-1.7887850787401574
0
LINE
8
BLACK
6
CONTINUOUS
10
4.1277570472440948
20
-1.7887850787401574
11
4.1264083070866144
21
-1.791482559055118
0
LINE
8
BLACK
6
CONTINUOUS
10
4.1264083070866144
20
-1.791482559055118
11
4.1264083070866144
21
-1.7964098031496063
0
LINE
8
BLACK
6
CONTINUOUS
10
4.1264083070866144
20
-1.7964098031496063
11
4.126378267716535
21
-1.7967144488188975
0
LINE
8
BLACK
6
CONTINUOUS
10
4.126378267716535
20
-1.7967144488188975
11
4.1263834645669286
21
-1.7967919291338583
0
LINE
8
BLACK
6
CONTINUOUS
10
4.1263834645669286
20
-1.7967919291338583
11
4.1263653937007874
21
-1.7968452755905511
0
LINE
8
BLACK
6
CONTINUOUS
10
4.1263653937007874
20
-1.7968452755905511
11
4.1263515748031496
21
-1.7969858661417322
0
LINE
8
BLACK
6
CONTINUOUS
10
4.1263515748031496
20
-1.7969858661417322
11
4.126167952755905
21
-1.7974290551181102
0
LINE
8
BLACK
6
CONTINUOUS
10
4.126167952755905
20
-1.7974290551181102
11
4.1260143700787397
21
-1.797883307086614
0
LINE
8
BLACK
6
CONTINUOUS
10
4.1260143700787397
20
-1.797883307086614
11
4.1259487795275591
21
-1.7979582677165353
0
LINE
8
BLACK
6
CONTINUOUS
10
4.1259487795275591
20
-1.7979582677165353
11
4.1259106692913381
21
-1.7980502755905512
0
LINE
8
BLACK
6
CONTINUOUS
10
4.1259106692913381
20
-1.7980502755905512
11
4.1255716535433073
21
-1.7983892519685039
0
LINE
8
BLACK
6
CONTINUOUS
10
4.1255716535433073
20
-1.7983892519685039
11
4.1252557086614177
21
-1.7987503937007874
0
LINE
8
BLACK
6
CONTINUOUS
10
4.1252557086614177
20
-1.7987503937007874
11
4.1251663385826767
21
-1.7987945669291339
0
LINE
8
BLACK
6
CONTINUOUS
10
4.1251663385826767
20
-1.7987945669291339
11
4.1250960236220475
21
-1.7988649212598424
0
LINE
8
BLACK
6
CONTINUOUS
10
4.1250960236220475
20
-1.7988649212598424
11
4.1246530708661417
21
-1.7990483858267716
0
LINE
8
BLACK
6
CONTINUOUS
10
4.1246530708661417
20
-1.7990483858267716
11
4.1242229527559058
21
-1.7992611023622047
0
LINE
8
BLACK
6
CONTINUOUS
10
4.1242229527559058
20
-1.7992611023622047
11
4.1241235826771652
21
-1.7992677165354329
0
LINE
8
BLACK
6
CONTINUOUS
10
4.1241235826771652
20
-1.7992677165354329
11
4.1240316141732283
21
-1.7993058267716535
0
LINE
8
BLACK
6
CONTINUOUS
10
4.1240316141732283
20
-1.7993058267716535
11
4.1235518897637791
21
-1.7993058267716535
0
LINE
8
BLACK
6
CONTINUOUS
10
4.1235518897637791
20
-1.7993058267716535
11
4.1230734251968499
21
-1.799337716535433
0
LINE
8
BLACK
6
CONTINUOUS
10
4.1230734251968499
20
-1.799337716535433
11
4.1229791338582675
21
-1.7993058267716535
0
LINE
8
BLACK
6
CONTINUOUS
10
4.1229791338582675
20
-1.7993058267716535
11
4.1228794881889765
21
-1.7993058267716535
0
LINE
8
BLACK
6
CONTINUOUS
10
4.1228794881889765
20
-1.7993058267716535
11
4.1224362598425195
21
-1.7991222047244093
0
LINE
8
BLACK
6
CONTINUOUS
10
4.1224362598425195
20
-1.7991222047244093
11
4.121982047244094
21
-1.7989686220472441
0
LINE
8
BLACK
6
CONTINUOUS
10
4.121982047244094
20
-1.7989686220472441
11
4.1218671653543302
21
-1.798886496062992
0
LINE
8
BLACK
6
CONTINUOUS
10
4.1218671653543302
20
-1.798886496062992
11
4.1218150787401573
21
-1.7988649212598424
0
LINE
8
BLACK
6
CONTINUOUS
10
4.1218150787401573
20
-1.7988649212598424
11
4.1217601181102363
21
-1.7988099606299213
0
LINE
8
BLACK
6
CONTINUOUS
10
4.1217601181102363
20
-1.7988099606299213
11
4.1215111417322836
21
-1.7986319685039369
0
LINE
8
BLACK
6
CONTINUOUS
10
4.1215111417322836
20
-1.7986319685039369
11
4.111410196850394
21
-1.7897936220472441
0
LINE
8
BLACK
6
CONTINUOUS
10
4.111410196850394
20
-1.7897936220472441
11
4.111410196850394
21
-1.8076583858267716
0
LINE
8
BLACK
6
CONTINUOUS
10
4.111410196850394
20
-1.8076583858267716
11
4.1113534645669292
21
-1.8082344488188975
0
LINE
8
BLACK
6
CONTINUOUS
10
4.1113534645669292
20
-1.8082344488188975
11
4.1109125590551177
21
-1.8092988582677165
0
LINE
8
BLACK
6
CONTINUOUS
10
4.1109125590551177
20
-1.8092988582677165
11
4.1100979133858271
21
-1.8101135039370078
0
LINE
8
BLACK
6
CONTINUOUS
10
4.1100979133858271
20
-1.8101135039370078
11
4.1090335039370078
21
-1.8105544094488188
0
LINE
8
BLACK
6
CONTINUOUS
10
4.1090335039370078
20
-1.8105544094488188
11
4.1078813779527561
21
-1.8105544094488188
0
LINE
8
BLACK
6
CONTINUOUS
10
4.1078813779527561
20
-1.8105544094488188
11
4.1068169685039368
21
-1.8101135039370078
0
LINE
8
BLACK
6
CONTINUOUS
10
4.1068169685039368
20
-1.8101135039370078
11
4.1060023228346454
21
-1.8092988582677165
0
LINE
8
BLACK
6
CONTINUOUS
10
4.1060023228346454
20
-1.8092988582677165
11
4.1055614173228347
21
-1.8082344488188975
0
LINE
8
BLACK
6
CONTINUOUS
10
4.1055614173228347
20
-1.8082344488188975
11
4.1055046850393699
21
-1.8076583858267716
0
LINE
8
BLACK
6
CONTINUOUS
10
4.1055046850393699
20
-1.8076583858267716
11
4.1055046850393699
21
-1.7832864566929134
0
LINE
8
BLACK
6
CONTINUOUS
10
4.1055046850393699
20
-1.7832864566929134
11
4.1055346850393697
21
-1.7829817716535432
0
LINE
8
BLACK
6
CONTINUOUS
10
4.1055346850393697
20
-1.7829817716535432
11
4.1055295275590549
21
-1.7829043307086614
0
LINE
8
BLACK
6
CONTINUOUS
10
4.1055295275590549
20
-1.7829043307086614
11
4.1055475590551183
21
-1.7828509448818897
0
LINE
8
BLACK
6
CONTINUOUS
10
4.1055475590551183
20
-1.7828509448818897
11
4.1055614173228347
21
-1.7827103937007873
0
LINE
8
BLACK
6
CONTINUOUS
10
4.1055614173228347
20
-1.7827103937007873
11
4.1057449999999998
21
-1.7822671653543307
0
LINE
8
BLACK
6
CONTINUOUS
10
4.1057449999999998
20
-1.7822671653543307
11
4.1058986220472438
21
-1.7818129527559055
0
LINE
8
BLACK
6
CONTINUOUS
10
4.1058986220472438
20
-1.7818129527559055
11
4.1059641732283465
21
-1.7817379527559054
0
LINE
8
BLACK
6
CONTINUOUS
10
4.1059641732283465
20
-1.7817379527559054
11
4.1060023228346454
21
-1.7816459842519685
0
LINE
8
BLACK
6
CONTINUOUS
10
4.1060023228346454
20
-1.7816459842519685
11
4.1063412992125983
21
-1.7813069685039369
0
LINE
8
BLACK
6
CONTINUOUS
10
4.1063412992125983
20
-1.7813069685039369
11
4.1066572834645667
21
-1.7809458661417323
0
LINE
8
BLACK
6
CONTINUOUS
10
4.1066572834645667
20
-1.7809458661417323
11
4.1067466141732281
21
-1.7809016535433071
0
LINE
8
BLACK
6
CONTINUOUS
10
4.1067466141732281
20
-1.7809016535433071
11
4.1068169685039368
21
-1.7808313385826771
0
LINE
8
BLACK
6
CONTINUOUS
10
4.1068169685039368
20
-1.7808313385826771
11
4.1072598818897639
21
-1.7806478346456693
0
LINE
8
BLACK
6
CONTINUOUS
10
4.1072598818897639
20
-1.7806478346456693
11
4.1076900393700786
21
-1.780435157480315
0
LINE
8
BLACK
6
CONTINUOUS
10
4.1076900393700786
20
-1.780435157480315
11
4.1077893700787405
21
-1.7804285039370078
0
LINE
8
BLACK
6
CONTINUOUS
10
4.1077893700787405
20
-1.7804285039370078
11
4.1078813779527561
21
-1.7803904330708662
0
LINE
8
BLACK
6
CONTINUOUS
10
4.1078813779527561
20
-1.7803904330708662
11
4.1083611023622044
21
-1.7803904330708662
0
LINE
8
BLACK
6
CONTINUOUS
10
4.1083611023622044
20
-1.7803904330708662
11
4.1088395669291335
21
-1.7803585433070865
0
LINE
8
BLACK
6
CONTINUOUS
10
4.1088395669291335
20
-1.7803585433070865
11
4.1089338582677168
21
-1.7803904330708662
0
LINE
8
BLACK
6
CONTINUOUS
10
4.1089338582677168
20
-1.7803904330708662
11
4.1090335039370078
21
-1.7803904330708662
0
LINE
8
BLACK
6
CONTINUOUS
10
4.1090335039370078
20
-1.7803904330708662
11
4.1094766929133861
21
-1.7805740157480314
0
LINE
8
BLACK
6
CONTINUOUS
10
4.1094766929133861
20
-1.7805740157480314
11
4.1099309448818895
21
-1.7807276377952757
0
LINE
8
BLACK
6
CONTINUOUS
10
4.1099309448818895
20
-1.7807276377952757
11
4.1100457874015746
21
-1.7808097244094487
0
LINE
8
BLACK
6
CONTINUOUS
10
4.1100457874015746
20
-1.7808097244094487
11
4.1100979133858271
21
-1.7808313385826771
0
LINE
8
BLACK
6
CONTINUOUS
10
4.1100979133858271
20
-1.7808313385826771
11
4.1101528346456693
21
-1.7808862598425197
0
LINE
8
BLACK
6
CONTINUOUS
10
4.1101528346456693
20
-1.7808862598425197
11
4.1104018503937008
21
-1.7810642913385826
0
LINE
8
BLACK
6
CONTINUOUS
10
4.1104018503937008
20
-1.7810642913385826
11
4.1206108661417318
21
-1.7899971653543307
0
LINE
8
BLACK
6
CONTINUOUS
10
4.1206108661417318
20
-1.7899971653543307
11
4.1208145275590553
21
-1.7894649999999999
0
LINE
8
BLACK
6
CONTINUOUS
10
4.1208145275590553
20
-1.7894649999999999
11
4.1226892913385829
21
-1.7857154724409448
0
LINE
8
BLACK
6
CONTINUOUS
10
4.1226892913385829
20
-1.7857154724409448
11
4.1228453543307086
21
-1.7854674409448819
0
LINE
8
BLACK
6
CONTINUOUS
10
4.1228453543307086
20
-1.7854674409448819
11
4.1228751968503934
21
-1.7853955118110236
0
LINE
8
BLACK
6
CONTINUOUS
10
4.1228751968503934
20
-1.7853955118110236
11
4.1229416535433066
21
-1.7853145275590552
0
LINE
8
BLACK
6
CONTINUOUS
10
4.1229416535433066
20
-1.7853145275590552
11
4.1229976377952751
21
-1.7852255905511811
0
LINE
8
BLACK
6
CONTINUOUS
10
4.1229976377952751
20
-1.7852255905511811
11
4.1230566141732279
21
-1.7851744094488189
0
LINE
8
BLACK
6
CONTINUOUS
10
4.1230566141732279
20
-1.7851744094488189
11
4.123242401574803
21
-1.7849480708661416
0
LINE
8
BLACK
6
CONTINUOUS
10
4.123242401574803
20
-1.7849480708661416
11
4.1251171653543306
21
-1.783073307086614
0
LINE
8
BLACK
6
CONTINUOUS
10
4.1251171653543306
20
-1.783073307086614
11
4.1253435039370077
21
-1.7828875196850393
0
LINE
8
BLACK
6
CONTINUOUS
10
4.1253435039370077
20
-1.7828875196850393
11
4.1253946850393701
21
-1.7828285433070865
0
LINE
8
BLACK
6
CONTINUOUS
10
4.1253946850393701
20
-1.7828285433070865
11
4.1254836220472439
21
-1.782772559055118
0
LINE
8
BLACK
6
CONTINUOUS
10
4.1254836220472439
20
-1.782772559055118
11
4.1255646062992124
21
-1.7827061023622046
0
LINE
8
BLACK
6
CONTINUOUS
10
4.1255646062992124
20
-1.7827061023622046
11
4.1256365354330704
21
-1.7826762598425197
0
LINE
8
BLACK
6
CONTINUOUS
10
4.1256365354330704
20
-1.7826762598425197
11
4.125884566929134
21
-1.7825201968503936
0
LINE
8
BLACK
6
CONTINUOUS
10
4.125884566929134
20
-1.7825201968503936
11
4.1296340944881891
21
-1.7806454330708661
0
LINE
8
BLACK
6
CONTINUOUS
10
4.1296340944881891
20
-1.7806454330708661
11
4.1301746850393704
21
-1.7804385433070866
0
LINE
8
BLACK
6
CONTINUOUS
10
4.1301746850393704
20
-1.7804385433070866
11
4.1302805511811025
21
-1.7804309842519686
0
LINE
8
BLACK
6
CONTINUOUS
10
4.1302805511811025
20
-1.7804309842519686
11
4.1303785433070868
21
-1.7803904330708662
0
LINE
8
BLACK
6
CONTINUOUS
10
4.1303785433070868
20
-1.7803904330708662
11
4.1309546062992126
21
-1.7803337007874016
0
LINE
8
BLACK
6
CONTINUOUS
10
4.1309546062992126
20
-1.7803337007874016
11
4.1403284251968504
21
-1.7803337007874016
0
LINE
8
BLACK
6
CONTINUOUS
10
4.1403284251968504
20
-1.7803337007874016
11
4.1409044881889763
21
-1.7803904330708662
0
LINE
8
BLACK
6
CONTINUOUS
10
4.3400918897637792
20
-1.5440929133858268
11
4.3409065354330707
21
-1.544907559055118
0
LINE
8
BLACK
6
CONTINUOUS
10
4.3409065354330707
20
-1.544907559055118
11
4.3413474409448822
21
-1.545971968503937
0
LINE
8
BLACK
6
CONTINUOUS
10
4.3413474409448822
20
-1.545971968503937
11
4.3414041732283462
21
-1.5465480314960629
0
LINE
8
BLACK
6
CONTINUOUS
10
4.3414041732283462
20
-1.5465480314960629
11
4.3414041732283462
21
-1.5746694881889765
0
LINE
8
BLACK
6
CONTINUOUS
10
4.3414041732283462
20
-1.5746694881889765
11
4.3413754330708665
21
-1.574961062992126
0
LINE
8
BLACK
6
CONTINUOUS
10
4.3413754330708665
20
-1.574961062992126
11
4.3413809842519688
21
-1.5750388188976379
0
LINE
8
BLACK
6
CONTINUOUS
10
4.3413809842519688
20
-1.5750388188976379
11
4.3413577165354331
21
-1.5751410629921259
0
LINE
8
BLACK
6
CONTINUOUS
10
4.3413577165354331
20
-1.5751410629921259
11
4.3413474409448822
21
-1.5752455511811023
0
LINE
8
BLACK
6
CONTINUOUS
10
4.3413474409448822
20
-1.5752455511811023
11
4.3413175590551178
21
-1.5753175984251968
0
LINE
8
BLACK
6
CONTINUOUS
10
4.3413175590551178
20
-1.5753175984251968
11
4.3412526377952751
21
-1.5756032677165355
0
LINE
8
BLACK
6
CONTINUOUS
10
4.3412526377952751
20
-1.5756032677165355
11
4.3393778740157476
21
-1.5812275196850394
0
LINE
8
BLACK
6
CONTINUOUS
10
4.3393778740157476
20
-1.5812275196850394
11
4.3391418897637797
21
-1.5817561023622047
0
LINE
8
BLACK
6
CONTINUOUS
10
4.3391418897637797
20
-1.5817561023622047
11
4.3390723622047247
21
-1.581836220472441
0
LINE
8
BLACK
6
CONTINUOUS
10
4.3390723622047247
20
-1.581836220472441
11
4.3390318110236219
21
-1.5819342125984253
0
LINE
8
BLACK
6
CONTINUOUS
10
4.3390318110236219
20
-1.5819342125984253
11
4.3386646062992122
21
-1.5823816535433071
0
LINE
8
BLACK
6
CONTINUOUS
10
4.3386646062992122
20
-1.5823816535433071
11
4.3353179133858264
21
-1.5857283858267717
0
LINE
8
BLACK
6
CONTINUOUS
10
4.3353179133858264
20
-1.5857283858267717
11
4.3366141732283463
21
-1.5857283858267717
0
LINE
8
BLACK
6
CONTINUOUS
10
4.3366141732283463
20
-1.5857283858267717
11
4.3375181496062991
21
-1.585908188976378
0
LINE
8
BLACK
6
CONTINUOUS
10
4.3375181496062991
20
-1.585908188976378
11
4.3387965748031494
21
-1.5871866141732283
0
LINE
8
BLACK
6
CONTINUOUS
10
4.3387965748031494
20
-1.5871866141732283
11
4.3389763779527559
21
-1.5880905905511811
0
LINE
8
BLACK
6
CONTINUOUS
10
4.3389763779527559
20
-1.5880905905511811
11
4.3389763779527559
21
-1.8050197244094488
0
LINE
8
BLACK
6
CONTINUOUS
10
4.3389763779527559
20
-1.8050197244094488
11
4.3387965748031494
21
-1.8059237007874016
0
LINE
8
BLACK
6
CONTINUOUS
10
4.3387965748031494
20
-1.8059237007874016
11
4.3375181496062991
21
-1.8072021259842519
0
LINE
8
BLACK
6
CONTINUOUS
10
4.3375181496062991
20
-1.8072021259842519
11
4.3357101968503935
21
-1.8072021259842519
0
LINE
8
BLACK
6
CONTINUOUS
10
4.3357101968503935
20
-1.8072021259842519
11
4.3344317716535432
21
-1.8059237007874016
0
LINE
8
BLACK
6
CONTINUOUS
10
4.3344317716535432
20
-1.8059237007874016
11
4.3342519685039367
21
-1.8050197244094488
0
LINE
8
BLACK
6
CONTINUOUS
10
4.3342519685039367
20
-1.8050197244094488
11
4.3342519685039367
21
-1.5904527952755905
0
LINE
8
BLACK
6
CONTINUOUS
10
4.3342519685039367
20
-1.5904527952755905
11
4.2090551181102365
21
-1.5904527952755905
0
LINE
8
BLACK
6
CONTINUOUS
10
4.2090551181102365
20
-1.5904527952755905
11
4.2090551181102365
21
-1.8050197244094488
0
LINE
8
BLACK
6
CONTINUOUS
10
4.2090551181102365
20
-1.8050197244094488
11
4.2088753149606299
21
-1.8059237007874016
0
LINE
8
BLACK
6
CONTINUOUS
10
4.2088753149606299
20
-1.8059237007874016
11
4.2075968897637797
21
-1.8072021259842519
0
LINE
8
BLACK
6
CONTINUOUS
10
4.2075968897637797
20
-1.8072021259842519
11
4.205788937007874
21
-1.8072021259842519
0
LINE
8
BLACK
6
CONTINUOUS
10
4.205788937007874
20
-1.8072021259842519
11
4.2045105118110238
21
-1.8059237007874016
0
LINE
8
BLACK
6
CONTINUOUS
10
4.2045105118110238
20
-1.8059237007874016
11
4.2043307086614172
21
-1.8050197244094488
0
LINE
8
BLACK
6
CONTINUOUS
10
4.2043307086614172
20
-1.8050197244094488
11
4.2043307086614172
21
-1.5880905905511811
0
LINE
8
BLACK
6
CONTINUOUS
10
4.2043307086614172
20
-1.5880905905511811
11
4.2045105118110238
21
-1.5871866141732283
0
LINE
8
BLACK
6
CONTINUOUS
10
4.2045105118110238
20
-1.5871866141732283
11
4.205788937007874
21
-1.585908188976378
0
LINE
8
BLACK
6
CONTINUOUS
10
4.205788937007874
20
-1.585908188976378
11
4.2066929133858268
21
-1.5857283858267717
0
LINE
8
BLACK
6
CONTINUOUS
10
4.2066929133858268
20
-1.5857283858267717
11
4.3205572834645665
21
-1.5857283858267717
0
LINE
8
BLACK
6
CONTINUOUS
10
4.3205572834645665
20
-1.5857283858267717
11
4.3205572834645665
21
-1.5853420472440944
0
LINE
8
BLACK
6
CONTINUOUS
10
4.3205572834645665
20
-1.5853420472440944
11
4.320998188976378
21
-1.5842776377952756
0
LINE
8
BLACK
6
CONTINUOUS
10
4.320998188976378
20
-1.5842776377952756
11
4.3218128346456695
21
-1.5834629921259842
0
LINE
8
BLACK
6
CONTINUOUS
10
4.3218128346456695
20
-1.5834629921259842
11
4.3228772440944878
21
-1.5830220866141731
0
LINE
8
BLACK
6
CONTINUOUS
10
4.3228772440944878
20
-1.5830220866141731
11
4.3234533070866137
21
-1.5829653543307087
0
LINE
8
BLACK
6
CONTINUOUS
10
4.3234533070866137
20
-1.5829653543307087
11
4.3267237007874018
21
-1.5829653543307087
0
LINE
8
BLACK
6
CONTINUOUS
10
4.3267237007874018
20
-1.5829653543307087
11
4.3312320866141727
21
-1.5814625196850394
0
LINE
8
BLACK
6
CONTINUOUS
10
4.3312320866141727
20
-1.5814625196850394
11
4.3339958267716536
21
-1.5786987401574804
0
LINE
8
BLACK
6
CONTINUOUS
10
4.3339958267716536
20
-1.5786987401574804
11
4.335498661417323
21
-1.5741903543307085
0
LINE
8
BLACK
6
CONTINUOUS
10
4.335498661417323
20
-1.5741903543307085
11
4.335498661417323
21
-1.5465480314960629
0
LINE
8
BLACK
6
CONTINUOUS
10
4.335498661417323
20
-1.5465480314960629
11
4.3355553937007869
21
-1.545971968503937
0
LINE
8
BLACK
6
CONTINUOUS
10
4.3355553937007869
20
-1.545971968503937
11
4.3359962992125984
21
-1.544907559055118
0
LINE
8
BLACK
6
CONTINUOUS
10
4.3359962992125984
20
-1.544907559055118
11
4.3368109448818899
21
-1.5440929133858268
0
LINE
8
BLACK
6
CONTINUOUS
10
4.3368109448818899
20
-1.5440929133858268
11
4.3378753543307083
21
-1.5436520078740157
0
LINE
8
BLACK
6
CONTINUOUS
10
4.3378753543307083
20
-1.5436520078740157
11
4.3390274803149609
21
-1.5436520078740157
0
LINE
8
BLACK
6
CONTINUOUS
10
4.3390274803149609
20
-1.5436520078740157
11
4.3400918897637792
21
-1.5440929133858268
0
LINE
8
BLACK
6
CONTINUOUS
10
4.4232858661417325
20
-1.7964593307086614
11
4.4245642913385828
21
-1.7977377559055119
0
LINE
8
BLACK
6
CONTINUOUS
10
4.4245642913385828
20
-1.7977377559055119
11
4.4245642913385828
21
-1.7995457086614173
0
LINE
8
BLACK
6
CONTINUOUS
10
4.4245642913385828
20
-1.7995457086614173
11
4.4232858661417325
21
-1.8008241338582678
0
LINE
8
BLACK
6
CONTINUOUS
10
4.4232858661417325
20
-1.8008241338582678
11
4.4223818897637797
21
-1.8010039370078739
0
LINE
8
BLACK
6
CONTINUOUS
10
4.4223818897637797
20
-1.8010039370078739
11
4.3923818897637794
21
-1.8010039370078739
0
LINE
8
BLACK
6
CONTINUOUS
10
4.3923818897637794
20
-1.8010039370078739
11
4.3914779133858266
21
-1.8008241338582678
0
LINE
8
BLACK
6
CONTINUOUS
10
4.3914779133858266
20
-1.8008241338582678
11
4.3901994881889763
21
-1.7995457086614173
0
LINE
8
BLACK
6
CONTINUOUS
10
4.3901994881889763
20
-1.7995457086614173
11
4.3901994881889763
21
-1.7977377559055119
0
LINE
8
BLACK
6
CONTINUOUS
10
4.3901994881889763
20
-1.7977377559055119
11
4.3914779133858266
21
-1.7964593307086614
0
LINE
8
BLACK
6
CONTINUOUS
10
4.3914779133858266
20
-1.7964593307086614
11
4.3923818897637794
21
-1.7962795275590551
0
LINE
8
BLACK
6
CONTINUOUS
10
4.3923818897637794
20
-1.7962795275590551
11
4.4223818897637797
21
-1.7962795275590551
0
LINE
8
BLACK
6
CONTINUOUS
10
4.4223818897637797
20
-1.7962795275590551
11
4.4232858661417325
21
-1.7964593307086614
0
LINE
8
BLACK
6
CONTINUOUS
10
2.6021036614173227
20
-1.748072401574803
11
2.6022834645669293
21
-1.7489763779527558
0
LINE
8
BLACK
6
CONTINUOUS
10
2.6022834645669293
20
-1.7489763779527558
11
2.6022834645669293
21
-1.7789763779527559
0
LINE
8
BLACK
6
CONTINUOUS
10
2.6022834645669293
20
-1.7789763779527559
11
2.6021036614173227
21
-1.7798803543307087
0
LINE
8
BLACK
6
CONTINUOUS
10
2.6021036614173227
20
-1.7798803543307087
11
2.6008252362204725
21
-1.781158779527559
0
LINE
8
BLACK
6
CONTINUOUS
10
2.6008252362204725
20
-1.781158779527559
11
2.5990172834645668
21
-1.781158779527559
0
LINE
8
BLACK
6
CONTINUOUS
10
2.5990172834645668
20
-1.781158779527559
11
2.5977388582677166
21
-1.7798803543307087
0
LINE
8
BLACK
6
CONTINUOUS
10
2.5977388582677166
20
-1.7798803543307087
11
2.59755905511811
21
-1.7789763779527559
0
LINE
8
BLACK
6
CONTINUOUS
10
2.59755905511811
20
-1.7789763779527559
11
2.59755905511811
21
-1.7489763779527558
0
LINE
8
BLACK
6
CONTINUOUS
10
2.59755905511811
20
-1.7489763779527558
11
2.5977388582677166
21
-1.748072401574803
0
LINE
8
BLACK
6
CONTINUOUS
10
2.5977388582677166
20
-1.748072401574803
11
2.5990172834645668
21
-1.7467939763779528
0
LINE
8
BLACK
6
CONTINUOUS
10
2.5990172834645668
20
-1.7467939763779528
11
2.6008252362204725
21
-1.7467939763779528
0
LINE
8
BLACK
6
CONTINUOUS
10
2.6008252362204725
20
-1.7467939763779528
11
2.6021036614173227
21
-1.748072401574803
0
LINE
8
BLACK
6
CONTINUOUS
10
2.6621036614173228
20
-1.748072401574803
11
2.6622834645669289
21
-1.7489763779527558
0
LINE
8
BLACK
6
CONTINUOUS
10
2.6622834645669289
20
-1.7489763779527558
11
2.6622834645669289
21
-1.7789763779527559
0
LINE
8
BLACK
6
CONTINUOUS
10
2.6622834645669289
20
-1.7789763779527559
11
2.6621036614173228
21
-1.7798803543307087
0
LINE
8
BLACK
6
CONTINUOUS
10
2.6621036614173228
20
-1.7798803543307087
11
2.6608252362204725
21
-1.781158779527559
0
LINE
8
BLACK
6
CONTINUOUS
10
2.6608252362204725
20
-1.781158779527559
11
2.6590172834645669
21
-1.781158779527559
0
LINE
8
BLACK
6
CONTINUOUS
10
2.6590172834645669
20
-1.781158779527559
11
2.6577388582677166
21
-1.7798803543307087
0
LINE
8
BLACK
6
CONTINUOUS
10
2.6577388582677166
20
-1.7798803543307087
11
2.6575590551181101
21
-1.7789763779527559
0
LINE
8
BLACK
6
CONTINUOUS
10
2.6575590551181101
20
-1.7789763779527559
11
2.6575590551181101
21
-1.7489763779527558
0
LINE
8
BLACK
6
CONTINUOUS
10
2.6575590551181101
20
-1.7489763779527558
11
2.6577388582677166
21
-1.748072401574803
0
LINE
8
BLACK
6
CONTINUOUS
10
2.6577388582677166
20
-1.748072401574803
11
2.6590172834645669
21
-1.7467939763779528
0
LINE
8
BLACK
6
CONTINUOUS
10
2.6590172834645669
20
-1.7467939763779528
11
2.6608252362204725
21
-1.7467939763779528
0
LINE
8
BLACK
6
CONTINUOUS
10
2.6608252362204725
20
-1.7467939763779528
11
2.6621036614173228
21
-1.748072401574803
0
LINE
8
BLACK
6
CONTINUOUS
10
2.9815617322834647
20
-1.6703401574803149
11
2.9823763779527557
21
-1.6711548031496062
0
LINE
8
BLACK
6
CONTINUOUS
10
2.9823763779527557
20
-1.6711548031496062
11
2.9828172834645668
21
-1.6722192125984252
0
LINE
8
BLACK
6
CONTINUOUS
10
2.9828172834645668
20
-1.6722192125984252
11
2.9828740157480316
21
-1.6727952755905511
0
LINE
8
BLACK
6
CONTINUOUS
10
2.9828740157480316
20
-1.6727952755905511
11
2.9828740157480316
21
-1.7598425196850394
0
LINE
8
BLACK
6
CONTINUOUS
10
2.9828740157480316
20
-1.7598425196850394
11
3.1769685039370077
21
-1.7598425196850394
0
LINE
8
BLACK
6
CONTINUOUS
10
3.1769685039370077
20
-1.7598425196850394
11
3.1769685039370077
21
-1.6727952755905511
0
LINE
8
BLACK
6
CONTINUOUS
10
3.1769685039370077
20
-1.6727952755905511
11
3.1770252362204725
21
-1.6722192125984252
0
LINE
8
BLACK
6
CONTINUOUS
10
3.1770252362204725
20
-1.6722192125984252
11
3.1774661417322836
21
-1.6711548031496062
0
LINE
8
BLACK
6
CONTINUOUS
10
3.1774661417322836
20
-1.6711548031496062
11
3.1782807874015746
21
-1.6703401574803149
0
LINE
8
BLACK
6
CONTINUOUS
10
3.1782807874015746
20
-1.6703401574803149
11
3.1793451968503934
21
-1.6698992519685039
0
LINE
8
BLACK
6
CONTINUOUS
10
3.1793451968503934
20
-1.6698992519685039
11
3.1804973228346456
21
-1.6698992519685039
0
LINE
8
BLACK
6
CONTINUOUS
10
3.1804973228346456
20
-1.6698992519685039
11
3.1815617322834644
21
-1.6703401574803149
0
LINE
8
BLACK
6
CONTINUOUS
10
3.1815617322834644
20
-1.6703401574803149
11
3.1823763779527559
21
-1.6711548031496062
0
LINE
8
BLACK
6
CONTINUOUS
10
3.1823763779527559
20
-1.6711548031496062
11
3.1828172834645669
21
-1.6722192125984252
0
LINE
8
BLACK
6
CONTINUOUS
10
3.1828172834645669
20
-1.6722192125984252
11
3.1828740157480313
21
-1.6727952755905511
0
LINE
8
BLACK
6
CONTINUOUS
10
3.1828740157480313
20
-1.6727952755905511
11
3.1828740157480313
21
-1.7627952755905512
0
LINE
8
BLACK
6
CONTINUOUS
10
3.1828740157480313
20
-1.7627952755905512
11
3.1828172834645669
21
-1.763371338582677
0
LINE
8
BLACK
6
CONTINUOUS
10
3.1828172834645669
20
-1.763371338582677
11
3.1823763779527559
21
-1.7644357480314961
0
LINE
8
BLACK
6
CONTINUOUS
10
3.1823763779527559
20
-1.7644357480314961
11
3.1815617322834644
21
-1.7652503937007873
0
LINE
8
BLACK
6
CONTINUOUS
10
3.1815617322834644
20
-1.7652503937007873
11
3.1804973228346456
21
-1.7656912992125984
0
LINE
8
BLACK
6
CONTINUOUS
10
3.1804973228346456
20
-1.7656912992125984
11
3.1799212598425197
21
-1.765748031496063
0
LINE
8
BLACK
6
CONTINUOUS
10
3.1799212598425197
20
-1.765748031496063
11
2.9799212598425195
21
-1.765748031496063
0
LINE
8
BLACK
6
CONTINUOUS
10
2.9799212598425195
20
-1.765748031496063
11
2.9793451968503937
21
-1.7656912992125984
0
LINE
8
BLACK
6
CONTINUOUS
10
2.9793451968503937
20
-1.7656912992125984
11
2.9782807874015749
21
-1.7652503937007873
0
LINE
8
BLACK
6
CONTINUOUS
10
2.9782807874015749
20
-1.7652503937007873
11
2.9774661417322834
21
-1.7644357480314961
0
LINE
8
BLACK
6
CONTINUOUS
10
2.9774661417322834
20
-1.7644357480314961
11
2.9770252362204723
21
-1.763371338582677
0
LINE
8
BLACK
6
CONTINUOUS
10
2.9770252362204723
20
-1.763371338582677
11
2.976968503937008
21
-1.7627952755905512
0
LINE
8
BLACK
6
CONTINUOUS
10
2.976968503937008
20
-1.7627952755905512
11
2.976968503937008
21
-1.6727952755905511
0
LINE
8
BLACK
6
CONTINUOUS
10
2.976968503937008
20
-1.6727952755905511
11
2.9770252362204723
21
-1.6722192125984252
0
LINE
8
BLACK
6
CONTINUOUS
10
2.9770252362204723
20
-1.6722192125984252
11
2.9774661417322834
21
-1.6711548031496062
0
LINE
8
BLACK
6
CONTINUOUS
10
2.9774661417322834
20
-1.6711548031496062
11
2.9782807874015749
21
-1.6703401574803149
0
LINE
8
BLACK
6
CONTINUOUS
10
2.9782807874015749
20
-1.6703401574803149
11
2.9793451968503937
21
-1.6698992519685039
0
LINE
8
BLACK
6
CONTINUOUS
10
2.9793451968503937
20
-1.6698992519685039
11
2.9804973228346454
21
-1.6698992519685039
0
LINE
8
BLACK
6
CONTINUOUS
10
2.9804973228346454
20
-1.6698992519685039
11
2.9815617322834647
21
-1.6703401574803149
0
LINE
8
BLACK
6
CONTINUOUS
10
4.3712125984251964
20
-1.7298983464566928
11
4.3712556299212597
21
-1.7298919685039369
0
LINE
8
BLACK
6
CONTINUOUS
10
4.3712556299212597
20
-1.7298919685039369
11
4.3714711023622046
21
-1.7299238188976378
0
LINE
8
BLACK
6
CONTINUOUS
10
4.3714711023622046
20
-1.7299238188976378
11
4.3716881496062987
21
-1.7299451968503936
0
LINE
8
BLACK
6
CONTINUOUS
10
4.3716881496062987
20
-1.7299451968503936
11
4.3717283464566927
21
-1.7299618110236219
0
LINE
8
BLACK
6
CONTINUOUS
10
4.3717283464566927
20
-1.7299618110236219
11
4.3718282283464562
21
-1.7299766141732282
0
LINE
8
BLACK
6
CONTINUOUS
10
4.3718282283464562
20
-1.7299766141732282
11
4.3793272834645665
21
-1.7318513779527558
0
LINE
8
BLACK
6
CONTINUOUS
10
4.3793272834645665
20
-1.7318513779527558
11
4.3793697637795272
21
-1.7318665354330709
0
LINE
8
BLACK
6
CONTINUOUS
10
4.3793697637795272
20
-1.7318665354330709
11
4.3793910236220475
21
-1.7318680708661416
0
LINE
8
BLACK
6
CONTINUOUS
10
4.3793910236220475
20
-1.7318680708661416
11
4.379630433070866
21
-1.7319596850393701
0
LINE
8
BLACK
6
CONTINUOUS
10
4.379630433070866
20
-1.7319596850393701
11
4.3798724015748034
21
-1.7320461417322834
0
LINE
8
BLACK
6
CONTINUOUS
10
4.3798724015748034
20
-1.7320461417322834
11
4.3798895275590546
21
-1.7320588188976378
0
LINE
8
BLACK
6
CONTINUOUS
10
4.3798895275590546
20
-1.7320588188976378
11
4.3799316535433066
21
-1.7320749606299213
0
LINE
8
BLACK
6
CONTINUOUS
10
4.3799316535433066
20
-1.7320749606299213
11
4.3836811811023617
21
-1.7339497244094488
0
LINE
8
BLACK
6
CONTINUOUS
10
4.3836811811023617
20
-1.7339497244094488
11
4.3839290551181103
21
-1.7341057480314961
0
LINE
8
BLACK
6
CONTINUOUS
10
4.3839290551181103
20
-1.7341057480314961
11
4.3840011023622045
21
-1.734135590551181
0
LINE
8
BLACK
6
CONTINUOUS
10
4.3840011023622045
20
-1.734135590551181
11
4.3840821259842517
21
-1.7342020866141732
0
LINE
8
BLACK
6
CONTINUOUS
10
4.3840821259842517
20
-1.7342020866141732
11
4.3841710629921256
21
-1.7342580708661417
0
LINE
8
BLACK
6
CONTINUOUS
10
4.3841710629921256
20
-1.7342580708661417
11
4.3842222047244093
21
-1.7343170472440945
0
LINE
8
BLACK
6
CONTINUOUS
10
4.3842222047244093
20
-1.7343170472440945
11
4.3844485826771651
21
-1.7345028346456692
0
LINE
8
BLACK
6
CONTINUOUS
10
4.3844485826771651
20
-1.7345028346456692
11
4.3881981496062989
21
-1.7382523622047243
0
LINE
8
BLACK
6
CONTINUOUS
10
4.3881981496062989
20
-1.7382523622047243
11
4.3885653937007874
21
-1.7386998031496061
0
LINE
8
BLACK
6
CONTINUOUS
10
4.3885653937007874
20
-1.7386998031496061
11
4.388605984251968
21
-1.7387978346456692
0
LINE
8
BLACK
6
CONTINUOUS
10
4.388605984251968
20
-1.7387978346456692
11
4.3886754724409451
21
-1.7388779527559055
0
LINE
8
BLACK
6
CONTINUOUS
10
4.3886754724409451
20
-1.7388779527559055
11
4.388911456692913
21
-1.7394065354330708
0
LINE
8
BLACK
6
CONTINUOUS
10
4.388911456692913
20
-1.7394065354330708
11
4.3907862204724406
21
-1.7450307874015747
0
LINE
8
BLACK
6
CONTINUOUS
10
4.3907862204724406
20
-1.7450307874015747
11
4.3908511417322833
21
-1.7453164173228346
0
LINE
8
BLACK
6
CONTINUOUS
10
4.3908511417322833
20
-1.7453164173228346
11
4.3908810236220468
21
-1.7453885039370078
0
LINE
8
BLACK
6
CONTINUOUS
10
4.3908810236220468
20
-1.7453885039370078
11
4.3908912992125986
21
-1.7454929527559055
0
LINE
8
BLACK
6
CONTINUOUS
10
4.3908912992125986
20
-1.7454929527559055
11
4.3909145669291334
21
-1.7455952362204723
0
LINE
8
BLACK
6
CONTINUOUS
10
4.3909145669291334
20
-1.7455952362204723
11
4.3909090157480311
21
-1.7456729527559054
0
LINE
8
BLACK
6
CONTINUOUS
10
4.3909090157480311
20
-1.7456729527559054
11
4.3909377559055116
21
-1.7459645669291337
0
LINE
8
BLACK
6
CONTINUOUS
10
4.3909377559055116
20
-1.7459645669291337
11
4.3909377559055116
21
-1.7553383858267717
0
LINE
8
BLACK
6
CONTINUOUS
10
4.3909377559055116
20
-1.7553383858267717
11
4.3908810236220468
21
-1.7559144488188976
0
LINE
8
BLACK
6
CONTINUOUS
10
4.3908810236220468
20
-1.7559144488188976
11
4.3904401181102362
21
-1.7569788582677166
0
LINE
8
BLACK
6
CONTINUOUS
10
4.3904401181102362
20
-1.7569788582677166
11
4.3896254724409447
21
-1.7577935039370078
0
LINE
8
BLACK
6
CONTINUOUS
10
4.3896254724409447
20
-1.7577935039370078
11
4.3885610629921254
21
-1.7582344094488189
0
LINE
8
BLACK
6
CONTINUOUS
10
4.3885610629921254
20
-1.7582344094488189
11
4.3879849999999996
21
-1.7582911417322835
0
LINE
8
BLACK
6
CONTINUOUS
10
4.3879849999999996
20
-1.7582911417322835
11
4.3486149212598422
21
-1.7582911417322835
0
LINE
8
BLACK
6
CONTINUOUS
10
4.3486149212598422
20
-1.7582911417322835
11
4.3480388582677163
21
-1.7582344094488189
0
LINE
8
BLACK
6
CONTINUOUS
10
4.3480388582677163
20
-1.7582344094488189
11
4.3469744488188979
21
-1.7577935039370078
0
LINE
8
BLACK
6
CONTINUOUS
10
4.3469744488188979
20
-1.7577935039370078
11
4.3461598031496065
21
-1.7569788582677166
0
LINE
8
BLACK
6
CONTINUOUS
10
4.3461598031496065
20
-1.7569788582677166
11
4.345718897637795
21
-1.7559144488188976
0
LINE
8
BLACK
6
CONTINUOUS
10
4.345718897637795
20
-1.7559144488188976
11
4.345662165354331
21
-1.7553383858267717
0
LINE
8
BLACK
6
CONTINUOUS
10
4.345662165354331
20
-1.7553383858267717
11
4.345662165354331
21
-1.7459645669291337
0
LINE
8
BLACK
6
CONTINUOUS
10
4.345662165354331
20
-1.7459645669291337
11
4.3456908661417319
21
-1.7456729921259841
0
LINE
8
BLACK
6
CONTINUOUS
10
4.3456908661417319
20
-1.7456729921259841
11
4.3456853543307083
21
-1.7455952755905511
0
LINE
8
BLACK
6
CONTINUOUS
10
4.3456853543307083
20
-1.7455952755905511
11
4.3457085826771653
21
-1.7454929921259843
0
LINE
8
BLACK
6
CONTINUOUS
10
4.3457085826771653
20
-1.7454929921259843
11
4.345718897637795
21
-1.7453885039370078
0
LINE
8
BLACK
6
CONTINUOUS
10
4.345718897637795
20
-1.7453885039370078
11
4.3457487401574806
21
-1.7453163779527558
0
LINE
8
BLACK
6
CONTINUOUS
10
4.3457487401574806
20
-1.7453163779527558
11
4.3458137007874011
21
-1.7450308267716534
0
LINE
8
BLACK
6
CONTINUOUS
10
4.3458137007874011
20
-1.7450308267716534
11
4.3476884645669287
21
-1.7394065354330708
0
LINE
8
BLACK
6
CONTINUOUS
10
4.3476884645669287
20
-1.7394065354330708
11
4.3479244488188975
21
-1.7388779921259843
0
LINE
8
BLACK
6
CONTINUOUS
10
4.3479244488188975
20
-1.7388779921259843
11
4.3479939370078737
21
-1.7387978346456692
0
LINE
8
BLACK
6
CONTINUOUS
10
4.3479939370078737
20
-1.7387978346456692
11
4.348034566929134
21
-1.7386998031496061
0
LINE
8
BLACK
6
CONTINUOUS
10
4.348034566929134
20
-1.7386998031496061
11
4.3484017716535428
21
-1.7382523622047243
0
LINE
8
BLACK
6
CONTINUOUS
10
4.3484017716535428
20
-1.7382523622047243
11
4.3521512992125979
21
-1.7345028346456692
0
LINE
8
BLACK
6
CONTINUOUS
10
4.3521512992125979
20
-1.7345028346456692
11
4.3523776771653546
21
-1.734316968503937
0
LINE
8
BLACK
6
CONTINUOUS
10
4.3523776771653546
20
-1.734316968503937
11
4.3524288188976374
21
-1.7342580708661417
0
LINE
8
BLACK
6
CONTINUOUS
10
4.3524288188976374
20
-1.7342580708661417
11
4.3525175590551184
21
-1.7342021653543307
0
LINE
8
BLACK
6
CONTINUOUS
10
4.3525175590551184
20
-1.7342021653543307
11
4.3525987401574806
21
-1.734135590551181
0
LINE
8
BLACK
6
CONTINUOUS
10
4.3525987401574806
20
-1.734135590551181
11
4.3526708661417324
21
-1.7341057086614173
0
LINE
8
BLACK
6
CONTINUOUS
10
4.3526708661417324
20
-1.7341057086614173
11
4.3529187007874013
21
-1.7339497244094488
0
LINE
8
BLACK
6
CONTINUOUS
10
4.3529187007874013
20
-1.7339497244094488
11
4.3566682283464564
21
-1.7320749606299213
0
LINE
8
BLACK
6
CONTINUOUS
10
4.3566682283464564
20
-1.7320749606299213
11
4.3567103149606297
21
-1.7320588188976378
0
LINE
8
BLACK
6
CONTINUOUS
10
4.3567103149606297
20
-1.7320588188976378
11
4.3567274803149605
21
-1.7320461417322834
0
LINE
8
BLACK
6
CONTINUOUS
10
4.3567274803149605
20
-1.7320461417322834
11
4.3569690551181104
21
-1.7319598031496062
0
LINE
8
BLACK
6
CONTINUOUS
10
4.3569690551181104
20
-1.7319598031496062
11
4.3572088188976377
21
-1.7318680708661416
0
LINE
8
BLACK
6
CONTINUOUS
10
4.3572088188976377
20
-1.7318680708661416
11
4.357230078740157
21
-1.7318665354330709
0
LINE
8
BLACK
6
CONTINUOUS
10
4.357230078740157
20
-1.7318665354330709
11
4.3572725984251965
21
-1.7318513779527558
0
LINE
8
BLACK
6
CONTINUOUS
10
4.3572725984251965
20
-1.7318513779527558
11
4.3647716535433068
21
-1.7299766141732282
0
LINE
8
BLACK
6
CONTINUOUS
10
4.3647716535433068
20
-1.7299766141732282
11
4.3648714960629924
21
-1.7299618110236219
0
LINE
8
BLACK
6
CONTINUOUS
10
4.3648714960629924
20
-1.7299618110236219
11
4.3649117322834643
21
-1.7299451968503936
0
LINE
8
BLACK
6
CONTINUOUS
10
4.3649117322834643
20
-1.7299451968503936
11
4.3651287401574805
21
-1.7299238188976378
0
LINE
8
BLACK
6
CONTINUOUS
10
4.3651287401574805
20
-1.7299238188976378
11
4.3653442519685042
21
-1.7298919685039369
0
LINE
8
BLACK
6
CONTINUOUS
10
4.3653442519685042
20
-1.7298919685039369
11
4.3653872440944879
21
-1.7298983464566928
0
LINE
8
BLACK
6
CONTINUOUS
10
4.3653872440944879
20
-1.7298983464566928
11
4.3654877952755902
21
-1.729888464566929
0
LINE
8
BLACK
6
CONTINUOUS
10
4.3654877952755902
20
-1.729888464566929
11
4.3711120866141728
21
-1.729888464566929
0
LINE
8
BLACK
6
CONTINUOUS
10
4.3711120866141728
20
-1.729888464566929
11
4.3712125984251964
21
-1.7298983464566928
0
LINE
8
BLACK
6
CONTINUOUS
10
4.3590192913385826
20
-1.737501968503937
11
4.3559883070866139
21
-1.7390174803149605
0
LINE
8
BLACK
6
CONTINUOUS
10
4.3559883070866139
20
-1.7390174803149605
11
4.3530704724409448
21
-1.7419352755905511
0
LINE
8
BLACK
6
CONTINUOUS
10
4.3530704724409448
20
-1.7419352755905511
11
4.3515676771653542
21
-1.7464437007874016
0
LINE
8
BLACK
6
CONTINUOUS
10
4.3515676771653542
20
-1.7464437007874016
11
4.3515676771653542
21
-1.7523856299212599
0
LINE
8
BLACK
6
CONTINUOUS
10
4.3515676771653542
20
-1.7523856299212599
11
4.3850322440944884
21
-1.7523856299212599
0
LINE
8
BLACK
6
CONTINUOUS
10
4.3850322440944884
20
-1.7523856299212599
11
4.3850322440944884
21
-1.7464437007874016
0
LINE
8
BLACK
6
CONTINUOUS
10
4.3850322440944884
20
-1.7464437007874016
11
4.3835294488188978
21
-1.7419353149606298
0
LINE
8
BLACK
6
CONTINUOUS
10
4.3835294488188978
20
-1.7419353149606298
11
4.3806115748031491
21
-1.7390174803149605
0
LINE
8
BLACK
6
CONTINUOUS
10
4.3806115748031491
20
-1.7390174803149605
11
4.3775805905511813
21
-1.737501968503937
0
LINE
8
BLACK
6
CONTINUOUS
10
4.3775805905511813
20
-1.737501968503937
11
4.3707485433070863
21
-1.7357939763779526
0
LINE
8
BLACK
6
CONTINUOUS
10
4.3707485433070863
20
-1.7357939763779526
11
4.3658513385826767
21
-1.7357939763779526
0
LINE
8
BLACK
6
CONTINUOUS
10
4.3658513385826767
20
-1.7357939763779526
11
4.3590192913385826
21
-1.737501968503937
0
LINE
8
BLACK
6
CONTINUOUS
10
3.3091126377952755
20
-1.7475420078740158
11
3.3103910629921258
21
-1.7488204330708661
0
LINE
8
BLACK
6
CONTINUOUS
10
3.3103910629921258
20
-1.7488204330708661
11
3.3103910629921258
21
-1.7506283858267717
0
LINE
8
BLACK
6
CONTINUOUS
10
3.3103910629921258
20
-1.7506283858267717
11
3.3091126377952755
21
-1.751906811023622
0
LINE
8
BLACK
6
CONTINUOUS
10
3.3091126377952755
20
-1.751906811023622
11
3.3082086614173227
21
-1.7520866141732283
0
LINE
8
BLACK
6
CONTINUOUS
10
3.3082086614173227
20
-1.7520866141732283
11
3.2782086614173229
21
-1.7520866141732283
0
LINE
8
BLACK
6
CONTINUOUS
10
3.2782086614173229
20
-1.7520866141732283
11
3.2773046850393701
21
-1.751906811023622
0
LINE
8
BLACK
6
CONTINUOUS
10
3.2773046850393701
20
-1.751906811023622
11
3.2760262598425198
21
-1.7506283858267717
0
LINE
8
BLACK
6
CONTINUOUS
10
3.2760262598425198
20
-1.7506283858267717
11
3.2760262598425198
21
-1.7488204330708661
0
LINE
8
BLACK
6
CONTINUOUS
10
3.2760262598425198
20
-1.7488204330708661
11
3.2773046850393701
21
-1.7475420078740158
0
LINE
8
BLACK
6
CONTINUOUS
10
3.2773046850393701
20
-1.7475420078740158
11
3.2782086614173229
21
-1.7473622047244095
0
LINE
8
BLACK
6
CONTINUOUS
10
3.2782086614173229
20
-1.7473622047244095
11
3.3082086614173227
21
-1.7473622047244095
0
LINE
8
BLACK
6
CONTINUOUS
10
3.3082086614173227
20
-1.7473622047244095
11
3.3091126377952755
21
-1.7475420078740158
0
LINE
8
BLACK
6
CONTINUOUS
10
4.514822283464567
20
-1.7067640551181102
11
4.5156369291338585
21
-1.7075787007874015
0
LINE
8
BLACK
6
CONTINUOUS
10
4.5156369291338585
20
-1.7075787007874015
11
4.5160778346456691
21
-1.7086431102362205
0
LINE
8
BLACK
6
CONTINUOUS
10
4.5160778346456691
20
-1.7086431102362205
11
4.516134566929134
21
-1.7092191732283464
0
LINE
8
BLACK
6
CONTINUOUS
10
4.516134566929134
20
-1.7092191732283464
11
4.516134566929134
21
-1.7279668110236219
0
LINE
8
BLACK
6
CONTINUOUS
10
4.516134566929134
20
-1.7279668110236219
11
4.5160778346456691
21
-1.728542874015748
0
LINE
8
BLACK
6
CONTINUOUS
10
4.5160778346456691
20
-1.728542874015748
11
4.5156369291338585
21
-1.7296072834645668
0
LINE
8
BLACK
6
CONTINUOUS
10
4.5156369291338585
20
-1.7296072834645668
11
4.514822283464567
21
-1.7304219291338583
0
LINE
8
BLACK
6
CONTINUOUS
10
4.514822283464567
20
-1.7304219291338583
11
4.5137578740157478
21
-1.7308628346456691
0
LINE
8
BLACK
6
CONTINUOUS
10
4.5137578740157478
20
-1.7308628346456691
11
4.5131818110236219
21
-1.7309195669291337
0
LINE
8
BLACK
6
CONTINUOUS
10
4.5131818110236219
20
-1.7309195669291337
11
4.4738117322834645
21
-1.7309195669291337
0
LINE
8
BLACK
6
CONTINUOUS
10
4.4738117322834645
20
-1.7309195669291337
11
4.4732356692913386
21
-1.7308628346456691
0
LINE
8
BLACK
6
CONTINUOUS
10
4.4732356692913386
20
-1.7308628346456691
11
4.4721712598425194
21
-1.7304219291338583
0
LINE
8
BLACK
6
CONTINUOUS
10
4.4721712598425194
20
-1.7304219291338583
11
4.4713566141732279
21
-1.7296072834645668
0
LINE
8
BLACK
6
CONTINUOUS
10
4.4713566141732279
20
-1.7296072834645668
11
4.4709157086614173
21
-1.728542874015748
0
LINE
8
BLACK
6
CONTINUOUS
10
4.4709157086614173
20
-1.728542874015748
11
4.4709157086614173
21
-1.7273907480314961
0
LINE
8
BLACK
6
CONTINUOUS
10
4.4709157086614173
20
-1.7273907480314961
11
4.4713566141732279
21
-1.726326338582677
0
LINE
8
BLACK
6
CONTINUOUS
10
4.4713566141732279
20
-1.726326338582677
11
4.4721712598425194
21
-1.7255116929133858
0
LINE
8
BLACK
6
CONTINUOUS
10
4.4721712598425194
20
-1.7255116929133858
11
4.4732356692913386
21
-1.7250707874015747
0
LINE
8
BLACK
6
CONTINUOUS
10
4.4732356692913386
20
-1.7250707874015747
11
4.4738117322834645
21
-1.7250140551181101
0
LINE
8
BLACK
6
CONTINUOUS
10
4.4738117322834645
20
-1.7250140551181101
11
4.5102290551181099
21
-1.7250140551181101
0
LINE
8
BLACK
6
CONTINUOUS
10
4.5102290551181099
20
-1.7250140551181101
11
4.5102290551181099
21
-1.7092191732283464
0
LINE
8
BLACK
6
CONTINUOUS
10
4.5102290551181099
20
-1.7092191732283464
11
4.5102857874015747
21
-1.7086431102362205
0
LINE
8
BLACK
6
CONTINUOUS
10
4.5102857874015747
20
-1.7086431102362205
11
4.5107266929133853
21
-1.7075787007874015
0
LINE
8
BLACK
6
CONTINUOUS
10
4.5107266929133853
20
-1.7075787007874015
11
4.5115413385826768
21
-1.7067640551181102
0
LINE
8
BLACK
6
CONTINUOUS
10
4.5115413385826768
20
-1.7067640551181102
11
4.5126057480314961
21
-1.7063231496062992
0
LINE
8
BLACK
6
CONTINUOUS
10
4.5126057480314961
20
-1.7063231496062992
11
4.5137578740157478
21
-1.7063231496062992
0
LINE
8
BLACK
6
CONTINUOUS
10
4.5137578740157478
20
-1.7063231496062992
11
4.514822283464567
21
-1.7067640551181102
0
LINE
8
BLACK
6
CONTINUOUS
10
4.3541509055118111
20
-1.6780502362204723
11
4.3543307086614176
21
-1.6789542125984251
0
LINE
8
BLACK
6
CONTINUOUS
10
4.3543307086614176
20
-1.6789542125984251
11
4.3543307086614176
21
-1.6929362598425197
0
LINE
8
BLACK
6
CONTINUOUS
10
4.3543307086614176
20
-1.6929362598425197
11
4.3547934645669288
21
-1.6927048818897636
0
LINE
8
BLACK
6
CONTINUOUS
10
4.3547934645669288
20
-1.6927048818897636
11
4.3553340551181101
21
-1.6924979921259842
0
LINE
8
BLACK
6
CONTINUOUS
10
4.3553340551181101
20
-1.6924979921259842
11
4.3554399212598423
21
-1.6924904330708661
0
LINE
8
BLACK
6
CONTINUOUS
10
4.3554399212598423
20
-1.6924904330708661
11
4.3555379133858265
21
-1.6924498818897638
0
LINE
8
BLACK
6
CONTINUOUS
10
4.3555379133858265
20
-1.6924498818897638
11
4.3561139763779524
21
-1.6923931496062992
0
LINE
8
BLACK
6
CONTINUOUS
10
4.3561139763779524
20
-1.6923931496062992
11
4.3598635039370075
21
-1.6923931496062992
0
LINE
8
BLACK
6
CONTINUOUS
10
4.3598635039370075
20
-1.6923931496062992
11
4.3601550393700785
21
-1.6924218503937007
0
LINE
8
BLACK
6
CONTINUOUS
10
4.3601550393700785
20
-1.6924218503937007
11
4.3602327952755902
21
-1.6924163385826771
0
LINE
8
BLACK
6
CONTINUOUS
10
4.3602327952755902
20
-1.6924163385826771
11
4.3603350393700788
21
-1.6924395669291339
0
LINE
8
BLACK
6
CONTINUOUS
10
4.3603350393700788
20
-1.6924395669291339
11
4.3604395669291334
21
-1.6924498818897638
0
LINE
8
BLACK
6
CONTINUOUS
10
4.3604395669291334
20
-1.6924498818897638
11
4.3605116535433073
21
-1.6924797244094487
0
LINE
8
BLACK
6
CONTINUOUS
10
4.3605116535433073
20
-1.6924797244094487
11
4.3607972440944884
21
-1.6925446850393699
0
LINE
8
BLACK
6
CONTINUOUS
10
4.3607972440944884
20
-1.6925446850393699
11
4.3664215354330711
21
-1.6944194488188975
0
LINE
8
BLACK
6
CONTINUOUS
10
4.3664215354330711
20
-1.6944194488188975
11
4.3669500787401576
21
-1.6946554330708661
0
LINE
8
BLACK
6
CONTINUOUS
10
4.3669500787401576
20
-1.6946554330708661
11
4.3670301968503935
21
-1.6947249212598425
0
LINE
8
BLACK
6
CONTINUOUS
10
4.3670301968503935
20
-1.6947249212598425
11
4.3671282677165353
21
-1.6947655511811024
0
LINE
8
BLACK
6
CONTINUOUS
10
4.3671282677165353
20
-1.6947655511811024
11
4.3675757086614171
21
-1.6951327559055118
0
LINE
8
BLACK
6
CONTINUOUS
10
4.3675757086614171
20
-1.6951327559055118
11
4.3850322440944884
21
-1.712589251968504
0
LINE
8
BLACK
6
CONTINUOUS
10
4.3850322440944884
20
-1.712589251968504
11
4.3850322440944884
21
-1.695345905511811
0
LINE
8
BLACK
6
CONTINUOUS
10
4.3850322440944884
20
-1.695345905511811
11
4.3850889763779524
21
-1.6947698425196851
0
LINE
8
BLACK
6
CONTINUOUS
10
4.3850889763779524
20
-1.6947698425196851
11
4.3855298818897639
21
-1.6937054330708661
0
LINE
8
BLACK
6
CONTINUOUS
10
4.3855298818897639
20
-1.6937054330708661
11
4.3863445275590554
21
-1.6928907874015748
0
LINE
8
BLACK
6
CONTINUOUS
10
4.3863445275590554
20
-1.6928907874015748
11
4.3874089370078737
21
-1.6924498818897638
0
LINE
8
BLACK
6
CONTINUOUS
10
4.3874089370078737
20
-1.6924498818897638
11
4.3885610629921254
21
-1.6924498818897638
0
LINE
8
BLACK
6
CONTINUOUS
10
4.3885610629921254
20
-1.6924498818897638
11
4.3896254724409447
21
-1.6928907874015748
0
LINE
8
BLACK
6
CONTINUOUS
10
4.3896254724409447
20
-1.6928907874015748
11
4.3904401181102362
21
-1.6937054330708661
0
LINE
8
BLACK
6
CONTINUOUS
10
4.3904401181102362
20
-1.6937054330708661
11
4.3908810236220468
21
-1.6947698425196851
0
LINE
8
BLACK
6
CONTINUOUS
10
4.3908810236220468
20
-1.6947698425196851
11
4.3909377559055116
21
-1.695345905511811
0
LINE
8
BLACK
6
CONTINUOUS
10
4.3909377559055116
20
-1.695345905511811
11
4.3909377559055116
21
-1.7197178346456692
0
LINE
8
BLACK
6
CONTINUOUS
10
4.3909377559055116
20
-1.7197178346456692
11
4.3908810236220468
21
-1.7202938976377953
0
LINE
8
BLACK
6
CONTINUOUS
10
4.3908810236220468
20
-1.7202938976377953
11
4.3907518897637798
21
-1.7206056299212598
0
LINE
8
BLACK
6
CONTINUOUS
10
4.3907518897637798
20
-1.7206056299212598
11
4.3904401574803149
21
-1.7213583070866141
0
LINE
8
BLACK
6
CONTINUOUS
10
4.3904401574803149
20
-1.7213583070866141
11
4.3896254724409447
21
-1.7221729527559055
0
LINE
8
BLACK
6
CONTINUOUS
10
4.3896254724409447
20
-1.7221729527559055
11
4.3885610629921254
21
-1.7226138582677164
0
LINE
8
BLACK
6
CONTINUOUS
10
4.3885610629921254
20
-1.7226138582677164
11
4.3874089763779525
21
-1.7226138582677164
0
LINE
8
BLACK
6
CONTINUOUS
10
4.3874089763779525
20
-1.7226138582677164
11
4.3874089370078737
21
-1.7226138582677164
0
LINE
8
BLACK
6
CONTINUOUS
10
4.3874089370078737
20
-1.7226138582677164
11
4.3870971653543309
21
-1.7224847244094488
0
LINE
8
BLACK
6
CONTINUOUS
10
4.3870971653543309
20
-1.7224847244094488
11
4.3863445275590554
21
-1.7221729921259843
0
LINE
8
BLACK
6
CONTINUOUS
10
4.3863445275590554
20
-1.7221729921259843
11
4.3858970866141735
21
-1.7218057480314961
0
LINE
8
BLACK
6
CONTINUOUS
10
4.3858970866141735
20
-1.7218057480314961
11
4.3638927559055114
21
-1.6998014566929134
0
LINE
8
BLACK
6
CONTINUOUS
10
4.3638927559055114
20
-1.6998014566929134
11
4.3593843700787405
21
-1.6982986614173228
0
LINE
8
BLACK
6
CONTINUOUS
10
4.3593843700787405
20
-1.6982986614173228
11
4.356811023622047
21
-1.6982986614173228
0
LINE
8
BLACK
6
CONTINUOUS
10
4.356811023622047
20
-1.6982986614173228
11
4.3543307086614176
21
-1.6995388188976377
0
LINE
8
BLACK
6
CONTINUOUS
10
4.3543307086614176
20
-1.6995388188976377
11
4.3543307086614176
21
-1.7156335039370079
0
LINE
8
BLACK
6
CONTINUOUS
10
4.3543307086614176
20
-1.7156335039370079
11
4.3544523622047242
21
-1.7157551574803149
0
LINE
8
BLACK
6
CONTINUOUS
10
4.3544523622047242
20
-1.7157551574803149
11
4.3548195669291339
21
-1.7162025984251967
0
LINE
8
BLACK
6
CONTINUOUS
10
4.3548195669291339
20
-1.7162025984251967
11
4.3552604724409445
21
-1.7172670078740158
0
LINE
8
BLACK
6
CONTINUOUS
10
4.3552604724409445
20
-1.7172670078740158
11
4.3552604724409445
21
-1.718419094488189
0
LINE
8
BLACK
6
CONTINUOUS
10
4.3552604724409445
20
-1.718419094488189
11
4.3548195669291339
21
-1.7194835039370078
0
LINE
8
BLACK
6
CONTINUOUS
10
4.3548195669291339
20
-1.7194835039370078
11
4.3543307086614176
21
-1.7199723622047243
0
LINE
8
BLACK
6
CONTINUOUS
10
4.3543307086614176
20
-1.7199723622047243
11
4.3543307086614176
21
-1.7263608267716535
0
LINE
8
BLACK
6
CONTINUOUS
10
4.3543307086614176
20
-1.7263608267716535
11
4.3541509055118111
21
-1.7272648031496063
0
LINE
8
BLACK
6
CONTINUOUS
10
4.3541509055118111
20
-1.7272648031496063
11
4.3528724803149608
21
-1.7285432283464566
0
LINE
8
BLACK
6
CONTINUOUS
10
4.3528724803149608
20
-1.7285432283464566
11
4.3510645275590552
21
-1.7285432283464566
0
LINE
8
BLACK
6
CONTINUOUS
10
4.3510645275590552
20
-1.7285432283464566
11
4.3497861023622049
21
-1.7272648031496063
0
LINE
8
BLACK
6
CONTINUOUS
10
4.3497861023622049
20
-1.7272648031496063
11
4.3496062992125983
21
-1.7263608267716535
0
LINE
8
BLACK
6
CONTINUOUS
10
4.3496062992125983
20
-1.7263608267716535
11
4.3496062992125983
21
-1.7192607480314961
0
LINE
8
BLACK
6
CONTINUOUS
10
4.3496062992125983
20
-1.7192607480314961
11
4.3484017716535428
21
-1.718056220472441
0
LINE
8
BLACK
6
CONTINUOUS
10
4.3484017716535428
20
-1.718056220472441
11
4.3482159842519685
21
-1.717829842519685
0
LINE
8
BLACK
6
CONTINUOUS
10
4.3482159842519685
20
-1.717829842519685
11
4.3481570078740157
21
-1.7177787007874015
0
LINE
8
BLACK
6
CONTINUOUS
10
4.3481570078740157
20
-1.7177787007874015
11
4.3481010236220472
21
-1.7176897244094487
0
LINE
8
BLACK
6
CONTINUOUS
10
4.3481010236220472
20
-1.7176897244094487
11
4.348034566929134
21
-1.717608779527559
0
LINE
8
BLACK
6
CONTINUOUS
10
4.348034566929134
20
-1.717608779527559
11
4.3480047244094484
21
-1.717536811023622
0
LINE
8
BLACK
6
CONTINUOUS
10
4.3480047244094484
20
-1.717536811023622
11
4.3478486614173226
21
-1.7172888188976378
0
LINE
8
BLACK
6
CONTINUOUS
10
4.3478486614173226
20
-1.7172888188976378
11
4.3459738976377951
21
-1.7135392913385827
0
LINE
8
BLACK
6
CONTINUOUS
10
4.3459738976377951
20
-1.7135392913385827
11
4.3457670078740156
21
-1.7129986614173227
0
LINE
8
BLACK
6
CONTINUOUS
10
4.3457670078740156
20
-1.7129986614173227
11
4.3457594881889765
21
-1.7128928346456693
0
LINE
8
BLACK
6
CONTINUOUS
10
4.3457594881889765
20
-1.7128928346456693
11
4.345718897637795
21
-1.7127948425196851
0
LINE
8
BLACK
6
CONTINUOUS
10
4.345718897637795
20
-1.7127948425196851
11
4.345662165354331
21
-1.712218779527559
0
LINE
8
BLACK
6
CONTINUOUS
10
4.345662165354331
20
-1.712218779527559
11
4.345662165354331
21
-1.7028449606299212
0
LINE
8
BLACK
6
CONTINUOUS
10
4.345662165354331
20
-1.7028449606299212
11
4.345718897637795
21
-1.7022688976377953
0
LINE
8
BLACK
6
CONTINUOUS
10
4.345718897637795
20
-1.7022688976377953
11
4.3457594881889765
21
-1.7021708661417323
0
LINE
8
BLACK
6
CONTINUOUS
10
4.3457594881889765
20
-1.7021708661417323
11
4.3457670078740156
21
-1.7020650787401574
0
LINE
8
BLACK
6
CONTINUOUS
10
4.3457670078740156
20
-1.7020650787401574
11
4.3459738976377951
21
-1.7015244488188976
0
LINE
8
BLACK
6
CONTINUOUS
10
4.3459738976377951
20
-1.7015244488188976
11
4.3478486614173226
21
-1.6977749212598425
0
LINE
8
BLACK
6
CONTINUOUS
10
4.3478486614173226
20
-1.6977749212598425
11
4.3480047244094484
21
-1.6975268897637794
0
LINE
8
BLACK
6
CONTINUOUS
10
4.3480047244094484
20
-1.6975268897637794
11
4.348034566929134
21
-1.6974549606299212
0
LINE
8
BLACK
6
CONTINUOUS
10
4.348034566929134
20
-1.6974549606299212
11
4.3481010236220472
21
-1.6973739763779527
0
LINE
8
BLACK
6
CONTINUOUS
10
4.3481010236220472
20
-1.6973739763779527
11
4.3481570078740157
21
-1.6972850393700787
0
LINE
8
BLACK
6
CONTINUOUS
10
4.3481570078740157
20
-1.6972850393700787
11
4.3482159842519685
21
-1.6972338582677164
0
LINE
8
BLACK
6
CONTINUOUS
10
4.3482159842519685
20
-1.6972338582677164
11
4.3484017716535428
21
-1.6970075196850394
0
LINE
8
BLACK
6
CONTINUOUS
10
4.3484017716535428
20
-1.6970075196850394
11
4.3496062992125983
21
-1.6958029921259843
0
LINE
8
BLACK
6
CONTINUOUS
10
4.3496062992125983
20
-1.6958029921259843
11
4.3496062992125983
21
-1.6789542125984251
0
LINE
8
BLACK
6
CONTINUOUS
10
4.3496062992125983
20
-1.6789542125984251
11
4.3497861023622049
21
-1.6780502362204723
0
LINE
8
BLACK
6
CONTINUOUS
10
4.3497861023622049
20
-1.6780502362204723
11
4.3510645275590552
21
-1.676771811023622
0
LINE
8
BLACK
6
CONTINUOUS
10
4.3510645275590552
20
-1.676771811023622
11
4.3528724803149608
21
-1.676771811023622
0
LINE
8
BLACK
6
CONTINUOUS
10
4.3528724803149608
20
-1.676771811023622
11
4.3541509055118111
21
-1.6780502362204723
0
LINE
8
BLACK
6
CONTINUOUS
10
4.4612375196850396
20
-1.6780502362204723
11
4.4614173228346452
21
-1.6789542125984251
0
LINE
8
BLACK
6
CONTINUOUS
10
4.4614173228346452
20
-1.6789542125984251
11
4.4614173228346452
21
-1.7263608267716535
0
LINE
8
BLACK
6
CONTINUOUS
10
4.4614173228346452
20
-1.7263608267716535
11
4.4612375196850396
21
-1.7272648031496063
0
LINE
8
BLACK
6
CONTINUOUS
10
4.4612375196850396
20
-1.7272648031496063
11
4.4599590944881893
21
-1.7285432283464566
0
LINE
8
BLACK
6
CONTINUOUS
10
4.4599590944881893
20
-1.7285432283464566
11
4.4581511417322837
21
-1.7285432283464566
0
LINE
8
BLACK
6
CONTINUOUS
10
4.4581511417322837
20
-1.7285432283464566
11
4.4568727165354334
21
-1.7272648031496063
0
LINE
8
BLACK
6
CONTINUOUS
10
4.4568727165354334
20
-1.7272648031496063
11
4.4566929133858268
21
-1.7263608267716535
0
LINE
8
BLACK
6
CONTINUOUS
10
4.4566929133858268
20
-1.7263608267716535
11
4.4566929133858268
21
-1.6789542125984251
0
LINE
8
BLACK
6
CONTINUOUS
10
4.4566929133858268
20
-1.6789542125984251
11
4.4568727165354334
21
-1.6780502362204723
0
LINE
8
BLACK
6
CONTINUOUS
10
4.4568727165354334
20
-1.6780502362204723
11
4.4581511417322837
21
-1.676771811023622
0
LINE
8
BLACK
6
CONTINUOUS
10
4.4581511417322837
20
-1.676771811023622
11
4.4599590944881893
21
-1.676771811023622
0
LINE
8
BLACK
6
CONTINUOUS
10
4.4599590944881893
20
-1.676771811023622
11
4.4612375196850396
21
-1.6780502362204723
0
LINE
8
BLACK
6
CONTINUOUS
10
2.6604973228346456
20
-1.7010803543307087
11
2.6615617322834644
21
-1.7015212598425196
0
LINE
8
BLACK
6
CONTINUOUS
10
2.6615617322834644
20
-1.7015212598425196
11
2.6623763779527558
21
-1.702335905511811
0
LINE
8
BLACK
6
CONTINUOUS
10
2.6623763779527558
20
-1.702335905511811
11
2.6628172834645669
21
-1.7034003149606298
0
LINE
8
BLACK
6
CONTINUOUS
10
2.6628172834645669
20
-1.7034003149606298
11
2.6628172834645669
21
-1.7045524409448818
0
LINE
8
BLACK
6
CONTINUOUS
10
2.6628172834645669
20
-1.7045524409448818
11
2.6623763779527558
21
-1.7056168503937008
0
LINE
8
BLACK
6
CONTINUOUS
10
2.6623763779527558
20
-1.7056168503937008
11
2.6615617322834644
21
-1.706431496062992
0
LINE
8
BLACK
6
CONTINUOUS
10
2.6615617322834644
20
-1.706431496062992
11
2.6604973228346456
21
-1.7068724015748031
0
LINE
8
BLACK
6
CONTINUOUS
10
2.6604973228346456
20
-1.7068724015748031
11
2.6599212598425197
21
-1.7069291338582677
0
LINE
8
BLACK
6
CONTINUOUS
10
2.6599212598425197
20
-1.7069291338582677
11
2.5999212598425196
21
-1.7069291338582677
0
LINE
8
BLACK
6
CONTINUOUS
10
2.5999212598425196
20
-1.7069291338582677
11
2.5993451968503938
21
-1.7068724015748031
0
LINE
8
BLACK
6
CONTINUOUS
10
2.5993451968503938
20
-1.7068724015748031
11
2.5982807874015745
21
-1.706431496062992
0
LINE
8
BLACK
6
CONTINUOUS
10
2.5982807874015745
20
-1.706431496062992
11
2.5974661417322835
21
-1.7056168503937008
0
LINE
8
BLACK
6
CONTINUOUS
10
2.5974661417322835
20
-1.7056168503937008
11
2.5970252362204724
21
-1.7045524409448818
0
LINE
8
BLACK
6
CONTINUOUS
10
2.5970252362204724
20
-1.7045524409448818
11
2.5970252362204724
21
-1.7034003149606298
0
LINE
8
BLACK
6
CONTINUOUS
10
2.5970252362204724
20
-1.7034003149606298
11
2.5974661417322835
21
-1.702335905511811
0
LINE
8
BLACK
6
CONTINUOUS
10
2.5974661417322835
20
-1.702335905511811
11
2.5982807874015745
21
-1.7015212598425196
0
LINE
8
BLACK
6
CONTINUOUS
10
2.5982807874015745
20
-1.7015212598425196
11
2.5993451968503938
21
-1.7010803543307087
0
LINE
8
BLACK
6
CONTINUOUS
10
2.5993451968503938
20
-1.7010803543307087
11
2.5999212598425196
21
-1.7010236220472441
0
LINE
8
BLACK
6
CONTINUOUS
10
2.5999212598425196
20
-1.7010236220472441
11
2.6599212598425197
21
-1.7010236220472441
0
LINE
8
BLACK
6
CONTINUOUS
10
2.6599212598425197
20
-1.7010236220472441
11
2.6604973228346456
21
-1.7010803543307087
0
LINE
8
BLACK
6
CONTINUOUS
10
4.514822283464567
20
-1.6730182677165355
11
4.5156369291338585
21
-1.6738329133858267
0
LINE
8
BLACK
6
CONTINUOUS
10
4.5156369291338585
20
-1.6738329133858267
11
4.5160778346456691
21
-1.6748973228346455
0
LINE
8
BLACK
6
CONTINUOUS
10
4.5160778346456691
20
-1.6748973228346455
11
4.516134566929134
21
-1.6754733858267716
0
LINE
8
BLACK
6
CONTINUOUS
10
4.516134566929134
20
-1.6754733858267716
11
4.516134566929134
21
-1.6979705511811023
0
LINE
8
BLACK
6
CONTINUOUS
10
4.516134566929134
20
-1.6979705511811023
11
4.5160778346456691
21
-1.6985466141732284
0
LINE
8
BLACK
6
CONTINUOUS
10
4.5160778346456691
20
-1.6985466141732284
11
4.5156369291338585
21
-1.6996110236220472
0
LINE
8
BLACK
6
CONTINUOUS
10
4.5156369291338585
20
-1.6996110236220472
11
4.514822283464567
21
-1.7004256692913386
0
LINE
8
BLACK
6
CONTINUOUS
10
4.514822283464567
20
-1.7004256692913386
11
4.5137578740157478
21
-1.7008665748031495
0
LINE
8
BLACK
6
CONTINUOUS
10
4.5137578740157478
20
-1.7008665748031495
11
4.5126057480314961
21
-1.7008665748031495
0
LINE
8
BLACK
6
CONTINUOUS
10
4.5126057480314961
20
-1.7008665748031495
11
4.5115413385826768
21
-1.7004256692913386
0
LINE
8
BLACK
6
CONTINUOUS
10
4.5115413385826768
20
-1.7004256692913386
11
4.5107266929133853
21
-1.6996110236220472
0
LINE
8
BLACK
6
CONTINUOUS
10
4.5107266929133853
20
-1.6996110236220472
11
4.5102857874015747
21
-1.6985466141732284
0
LINE
8
BLACK
6
CONTINUOUS
10
4.5102857874015747
20
-1.6985466141732284
11
4.5102290551181099
21
-1.6979705511811023
0
LINE
8
BLACK
6
CONTINUOUS
10
4.5102290551181099
20
-1.6979705511811023
11
4.5102290551181099
21
-1.6896747244094488
0
LINE
8
BLACK
6
CONTINUOUS
10
4.5102290551181099
20
-1.6896747244094488
11
4.4828150787401571
21
-1.6896747244094488
0
LINE
8
BLACK
6
CONTINUOUS
10
4.4828150787401571
20
-1.6896747244094488
11
4.4852734645669292
21
-1.6921331102362205
0
LINE
8
BLACK
6
CONTINUOUS
10
4.4852734645669292
20
-1.6921331102362205
11
4.4854592913385822
21
-1.6923594881889763
0
LINE
8
BLACK
6
CONTINUOUS
10
4.4854592913385822
20
-1.6923594881889763
11
4.4855182283464563
21
-1.6924106299212598
0
LINE
8
BLACK
6
CONTINUOUS
10
4.4855182283464563
20
-1.6924106299212598
11
4.4855740944881886
21
-1.6924993700787401
0
LINE
8
BLACK
6
CONTINUOUS
10
4.4855740944881886
20
-1.6924993700787401
11
4.4856407086614176
21
-1.6925805511811023
0
LINE
8
BLACK
6
CONTINUOUS
10
4.4856407086614176
20
-1.6925805511811023
11
4.4856705511811024
21
-1.6926526771653543
0
LINE
8
BLACK
6
CONTINUOUS
10
4.4856705511811024
20
-1.6926526771653543
11
4.4858265748031494
21
-1.6929005118110236
0
LINE
8
BLACK
6
CONTINUOUS
10
4.4858265748031494
20
-1.6929005118110236
11
4.4877013385826769
21
-1.6966500393700787
0
LINE
8
BLACK
6
CONTINUOUS
10
4.4877013385826769
20
-1.6966500393700787
11
4.4879082283464564
21
-1.6971906299212598
0
LINE
8
BLACK
6
CONTINUOUS
10
4.4879082283464564
20
-1.6971906299212598
11
4.4879898818897637
21
-1.698339842519685
0
LINE
8
BLACK
6
CONTINUOUS
10
4.4879898818897637
20
-1.698339842519685
11
4.4876255511811021
21
-1.6994328346456693
0
LINE
8
BLACK
6
CONTINUOUS
10
4.4876255511811021
20
-1.6994328346456693
11
4.4868707086614172
21
-1.700303188976378
0
LINE
8
BLACK
6
CONTINUOUS
10
4.4868707086614172
20
-1.700303188976378
11
4.4858401968503934
21
-1.7008184645669291
0
LINE
8
BLACK
6
CONTINUOUS
10
4.4858401968503934
20
-1.7008184645669291
11
4.4846909842519684
21
-1.7009001181102361
0
LINE
8
BLACK
6
CONTINUOUS
10
4.4846909842519684
20
-1.7009001181102361
11
4.4835980314960633
21
-1.7005357874015747
0
LINE
8
BLACK
6
CONTINUOUS
10
4.4835980314960633
20
-1.7005357874015747
11
4.4827276377952758
21
-1.6997809448818897
0
LINE
8
BLACK
6
CONTINUOUS
10
4.4827276377952758
20
-1.6997809448818897
11
4.4824192913385827
21
-1.6992910629921258
0
LINE
8
BLACK
6
CONTINUOUS
10
4.4824192913385827
20
-1.6992910629921258
11
4.4807588188976375
21
-1.6959701181102362
0
LINE
8
BLACK
6
CONTINUOUS
10
4.4807588188976375
20
-1.6959701181102362
11
4.4775548425196847
21
-1.6927661417322835
0
LINE
8
BLACK
6
CONTINUOUS
10
4.4775548425196847
20
-1.6927661417322835
11
4.4721738188976374
21
-1.6891788188976378
0
LINE
8
BLACK
6
CONTINUOUS
10
4.4721738188976374
20
-1.6891788188976378
11
4.472172125984252
21
-1.6891774409448819
0
LINE
8
BLACK
6
CONTINUOUS
10
4.472172125984252
20
-1.6891774409448819
11
4.4721712598425194
21
-1.6891770866141731
0
LINE
8
BLACK
6
CONTINUOUS
10
4.4721712598425194
20
-1.6891770866141731
11
4.4721692125984251
21
-1.6891750393700786
0
LINE
8
BLACK
6
CONTINUOUS
10
4.4721692125984251
20
-1.6891750393700786
11
4.4717259842519681
21
-1.6888120472440944
0
LINE
8
BLACK
6
CONTINUOUS
10
4.4717259842519681
20
-1.6888120472440944
11
4.4715633070866136
21
-1.6885691338582676
0
LINE
8
BLACK
6
CONTINUOUS
10
4.4715633070866136
20
-1.6885691338582676
11
4.4713566141732279
21
-1.6883624409448819
0
LINE
8
BLACK
6
CONTINUOUS
10
4.4713566141732279
20
-1.6883624409448819
11
4.4712458661417323
21
-1.6880951181102362
0
LINE
8
BLACK
6
CONTINUOUS
10
4.4712458661417323
20
-1.6880951181102362
11
4.471084921259842
21
-1.6878547637795276
0
LINE
8
BLACK
6
CONTINUOUS
10
4.471084921259842
20
-1.6878547637795276
11
4.4710275590551181
21
-1.6875681102362203
0
LINE
8
BLACK
6
CONTINUOUS
10
4.4710275590551181
20
-1.6875681102362203
11
4.4709157086614173
21
-1.6872980314960631
0
LINE
8
BLACK
6
CONTINUOUS
10
4.4709157086614173
20
-1.6872980314960631
11
4.4709157086614173
21
-1.6870087007874015
0
LINE
8
BLACK
6
CONTINUOUS
10
4.4709157086614173
20
-1.6870087007874015
11
4.4708589763779525
21
-1.6867250787401575
0
LINE
8
BLACK
6
CONTINUOUS
10
4.4708589763779525
20
-1.6867250787401575
11
4.4709157086614173
21
-1.6864382677165355
0
LINE
8
BLACK
6
CONTINUOUS
10
4.4709157086614173
20
-1.6864382677165355
11
4.4709157086614173
21
-1.6861459055118111
0
LINE
8
BLACK
6
CONTINUOUS
10
4.4709157086614173
20
-1.6861459055118111
11
4.4710264173228342
21
-1.6858786220472441
0
LINE
8
BLACK
6
CONTINUOUS
10
4.4710264173228342
20
-1.6858786220472441
11
4.4710825590551178
21
-1.6855948425196849
0
LINE
8
BLACK
6
CONTINUOUS
10
4.4710825590551178
20
-1.6855948425196849
11
4.4712447244094484
21
-1.6853515748031496
0
LINE
8
BLACK
6
CONTINUOUS
10
4.4712447244094484
20
-1.6853515748031496
11
4.4713566141732279
21
-1.6850814960629921
0
LINE
8
BLACK
6
CONTINUOUS
10
4.4713566141732279
20
-1.6850814960629921
11
4.4715611417322831
21
-1.6848769291338583
0
LINE
8
BLACK
6
CONTINUOUS
10
4.4715611417322831
20
-1.6848769291338583
11
4.4717216535433071
21
-1.684636220472441
0
LINE
8
BLACK
6
CONTINUOUS
10
4.4717216535433071
20
-1.684636220472441
11
4.4719645275590549
21
-1.6844735433070865
0
LINE
8
BLACK
6
CONTINUOUS
10
4.4719645275590549
20
-1.6844735433070865
11
4.4721712598425194
21
-1.6842668503937008
0
LINE
8
BLACK
6
CONTINUOUS
10
4.4721712598425194
20
-1.6842668503937008
11
4.4724385433070868
21
-1.6841561023622047
0
LINE
8
BLACK
6
CONTINUOUS
10
4.4724385433070868
20
-1.6841561023622047
11
4.4726789370078741
21
-1.6839951574803149
0
LINE
8
BLACK
6
CONTINUOUS
10
4.4726789370078741
20
-1.6839951574803149
11
4.472965551181102
21
-1.6839377952755905
0
LINE
8
BLACK
6
CONTINUOUS
10
4.472965551181102
20
-1.6839377952755905
11
4.4732356692913386
21
-1.6838259448818897
0
LINE
8
BLACK
6
CONTINUOUS
10
4.4732356692913386
20
-1.6838259448818897
11
4.4738055905511809
21
-1.6837698031496062
0
LINE
8
BLACK
6
CONTINUOUS
10
4.4738055905511809
20
-1.6837698031496062
11
4.4738086220472439
21
-1.6837692125984252
0
LINE
8
BLACK
6
CONTINUOUS
10
4.4738086220472439
20
-1.6837692125984252
11
4.4738096456692915
21
-1.6837694094488189
0
LINE
8
BLACK
6
CONTINUOUS
10
4.4738096456692915
20
-1.6837694094488189
11
4.4738117322834645
21
-1.6837692125984252
0
LINE
8
BLACK
6
CONTINUOUS
10
4.4738117322834645
20
-1.6837692125984252
11
4.5102290551181099
21
-1.6837692125984252
0
LINE
8
BLACK
6
CONTINUOUS
10
4.5102290551181099
20
-1.6837692125984252
11
4.5102290551181099
21
-1.6754733858267716
0
LINE
8
BLACK
6
CONTINUOUS
10
4.5102290551181099
20
-1.6754733858267716
11
4.5102857874015747
21
-1.6748973228346455
0
LINE
8
BLACK
6
CONTINUOUS
10
4.5102857874015747
20
-1.6748973228346455
11
4.5107266929133853
21
-1.6738329133858267
0
LINE
8
BLACK
6
CONTINUOUS
10
4.5107266929133853
20
-1.6738329133858267
11
4.5115413385826768
21
-1.6730182677165355
0
LINE
8
BLACK
6
CONTINUOUS
10
4.5115413385826768
20
-1.6730182677165355
11
4.5126057480314961
21
-1.6725773622047244
0
LINE
8
BLACK
6
CONTINUOUS
10
4.5126057480314961
20
-1.6725773622047244
11
4.5137578740157478
21
-1.6725773622047244
0
LINE
8
BLACK
6
CONTINUOUS
10
4.5137578740157478
20
-1.6725773622047244
11
4.514822283464567
21
-1.6730182677165355
0
LINE
8
BLACK
6
CONTINUOUS
10
2.9815617322834647
20
-1.5679779527559055
11
2.9823763779527557
21
-1.5687925984251969
0
LINE
8
BLACK
6
CONTINUOUS
10
2.9823763779527557
20
-1.5687925984251969
11
2.9828172834645668
21
-1.5698570078740157
0
LINE
8
BLACK
6
CONTINUOUS
10
2.9828172834645668
20
-1.5698570078740157
11
2.9828740157480316
21
-1.5704330708661416
0
LINE
8
BLACK
6
CONTINUOUS
10
2.9828740157480316
20
-1.5704330708661416
11
2.9828740157480316
21
-1.6574803149606299
0
LINE
8
BLACK
6
CONTINUOUS
10
2.9828740157480316
20
-1.6574803149606299
11
3.1769685039370077
21
-1.6574803149606299
0
LINE
8
BLACK
6
CONTINUOUS
10
3.1769685039370077
20
-1.6574803149606299
11
3.1769685039370077
21
-1.5704330708661416
0
LINE
8
BLACK
6
CONTINUOUS
10
3.1769685039370077
20
-1.5704330708661416
11
3.1770252362204725
21
-1.5698570078740157
0
LINE
8
BLACK
6
CONTINUOUS
10
3.1770252362204725
20
-1.5698570078740157
11
3.1774661417322836
21
-1.5687925984251969
0
LINE
8
BLACK
6
CONTINUOUS
10
3.1774661417322836
20
-1.5687925984251969
11
3.1782807874015746
21
-1.5679779527559055
0
LINE
8
BLACK
6
CONTINUOUS
10
3.1782807874015746
20
-1.5679779527559055
11
3.1793451968503934
21
-1.5675370472440944
0
LINE
8
BLACK
6
CONTINUOUS
10
3.1793451968503934
20
-1.5675370472440944
11
3.1804973228346456
21
-1.5675370472440944
0
LINE
8
BLACK
6
CONTINUOUS
10
3.1804973228346456
20
-1.5675370472440944
11
3.1815617322834644
21
-1.5679779527559055
0
LINE
8
BLACK
6
CONTINUOUS
10
3.1815617322834644
20
-1.5679779527559055
11
3.1823763779527559
21
-1.5687925984251969
0
LINE
8
BLACK
6
CONTINUOUS
10
3.1823763779527559
20
-1.5687925984251969
11
3.1828172834645669
21
-1.5698570078740157
0
LINE
8
BLACK
6
CONTINUOUS
10
3.1828172834645669
20
-1.5698570078740157
11
3.1828740157480313
21
-1.5704330708661416
0
LINE
8
BLACK
6
CONTINUOUS
10
3.1828740157480313
20
-1.5704330708661416
11
3.1828740157480313
21
-1.6604330708661417
0
LINE
8
BLACK
6
CONTINUOUS
10
3.1828740157480313
20
-1.6604330708661417
11
3.1828172834645669
21
-1.6610091338582678
0
LINE
8
BLACK
6
CONTINUOUS
10
3.1828172834645669
20
-1.6610091338582678
11
3.1823763779527559
21
-1.6620735433070866
0
LINE
8
BLACK
6
CONTINUOUS
10
3.1823763779527559
20
-1.6620735433070866
11
3.1815617322834644
21
-1.662888188976378
0
LINE
8
BLACK
6
CONTINUOUS
10
3.1815617322834644
20
-1.662888188976378
11
3.1804973228346456
21
-1.6633290944881889
0
LINE
8
BLACK
6
CONTINUOUS
10
3.1804973228346456
20
-1.6633290944881889
11
3.1799212598425197
21
-1.6633858267716535
0
LINE
8
BLACK
6
CONTINUOUS
10
3.1799212598425197
20
-1.6633858267716535
11
2.9799212598425195
21
-1.6633858267716535
0
LINE
8
BLACK
6
CONTINUOUS
10
2.9799212598425195
20
-1.6633858267716535
11
2.9793451968503937
21
-1.6633290944881889
0
LINE
8
BLACK
6
CONTINUOUS
10
2.9793451968503937
20
-1.6633290944881889
11
2.9782807874015749
21
-1.662888188976378
0
LINE
8
BLACK
6
CONTINUOUS
10
2.9782807874015749
20
-1.662888188976378
11
2.9774661417322834
21
-1.6620735433070866
0
LINE
8
BLACK
6
CONTINUOUS
10
2.9774661417322834
20
-1.6620735433070866
11
2.9770252362204723
21
-1.6610091338582678
0
LINE
8
BLACK
6
CONTINUOUS
10
2.9770252362204723
20
-1.6610091338582678
11
2.976968503937008
21
-1.6604330708661417
0
LINE
8
BLACK
6
CONTINUOUS
10
2.976968503937008
20
-1.6604330708661417
11
2.976968503937008
21
-1.5704330708661416
0
LINE
8
BLACK
6
CONTINUOUS
10
2.976968503937008
20
-1.5704330708661416
11
2.9770252362204723
21
-1.5698570078740157
0
LINE
8
BLACK
6
CONTINUOUS
10
2.9770252362204723
20
-1.5698570078740157
11
2.9774661417322834
21
-1.5687925984251969
0
LINE
8
BLACK
6
CONTINUOUS
10
2.9774661417322834
20
-1.5687925984251969
11
2.9782807874015749
21
-1.5679779527559055
0
LINE
8
BLACK
6
CONTINUOUS
10
2.9782807874015749
20
-1.5679779527559055
11
2.9793451968503937
21
-1.5675370472440944
0
LINE
8
BLACK
6
CONTINUOUS
10
2.9793451968503937
20
-1.5675370472440944
11
2.9804973228346454
21
-1.5675370472440944
0
LINE
8
BLACK
6
CONTINUOUS
10
2.9804973228346454
20
-1.5675370472440944
11
2.9815617322834647
21
-1.5679779527559055
0
LINE
8
BLACK
6
CONTINUOUS
10
4.3668565748031494
20
-1.5436520078740157
11
4.367148976377953
21
-1.5436520078740157
0
LINE
8
BLACK
6
CONTINUOUS
10
4.367148976377953
20
-1.5436520078740157
11
4.3674162204724407
21
-1.5437627165354331
0
LINE
8
BLACK
6
CONTINUOUS
10
4.3674162204724407
20
-1.5437627165354331
11
4.3677000393700789
21
-1.5438188582677166
0
LINE
8
BLACK
6
CONTINUOUS
10
4.3677000393700789
20
-1.5438188582677166
11
4.3679433070866143
21
-1.5439810236220473
0
LINE
8
BLACK
6
CONTINUOUS
10
4.3679433070866143
20
-1.5439810236220473
11
4.3682133858267713
21
-1.5440929133858268
0
LINE
8
BLACK
6
CONTINUOUS
10
4.3682133858267713
20
-1.5440929133858268
11
4.368417834645669
21
-1.5442973622047245
0
LINE
8
BLACK
6
CONTINUOUS
10
4.368417834645669
20
-1.5442973622047245
11
4.3686586614173226
21
-1.5444579133858267
0
LINE
8
BLACK
6
CONTINUOUS
10
4.3686586614173226
20
-1.5444579133858267
11
4.3688213779527558
21
-1.5447009055118111
0
LINE
8
BLACK
6
CONTINUOUS
10
4.3688213779527558
20
-1.5447009055118111
11
4.3690280314960628
21
-1.544907559055118
0
LINE
8
BLACK
6
CONTINUOUS
10
4.3690280314960628
20
-1.544907559055118
11
4.3691387007874019
21
-1.5451747637795274
0
LINE
8
BLACK
6
CONTINUOUS
10
4.3691387007874019
20
-1.5451747637795274
11
4.3692997244094487
21
-1.5454151968503937
0
LINE
8
BLACK
6
CONTINUOUS
10
4.3692997244094487
20
-1.5454151968503937
11
4.3693570472440948
21
-1.5457018503937008
0
LINE
8
BLACK
6
CONTINUOUS
10
4.3693570472440948
20
-1.5457018503937008
11
4.3694689370078743
21
-1.545971968503937
0
LINE
8
BLACK
6
CONTINUOUS
10
4.3694689370078743
20
-1.545971968503937
11
4.3695250393700791
21
-1.5465418897637795
0
LINE
8
BLACK
6
CONTINUOUS
10
4.3695250393700791
20
-1.5465418897637795
11
4.3695256692913382
21
-1.5465449212598426
0
LINE
8
BLACK
6
CONTINUOUS
10
4.3695256692913382
20
-1.5465449212598426
11
4.3695254330708657
21
-1.5465459448818897
0
LINE
8
BLACK
6
CONTINUOUS
10
4.3695254330708657
20
-1.5465459448818897
11
4.3695256692913382
21
-1.5465480314960629
0
LINE
8
BLACK
6
CONTINUOUS
10
4.3695256692913382
20
-1.5465480314960629
11
4.3695256692913382
21
-1.5829653543307087
0
LINE
8
BLACK
6
CONTINUOUS
10
4.3695256692913382
20
-1.5829653543307087
11
4.3778214960629924
21
-1.5829653543307087
0
LINE
8
BLACK
6
CONTINUOUS
10
4.3778214960629924
20
-1.5829653543307087
11
4.3783975590551183
21
-1.5830220866141731
0
LINE
8
BLACK
6
CONTINUOUS
10
4.3783975590551183
20
-1.5830220866141731
11
4.3794619685039367
21
-1.5834629921259842
0
LINE
8
BLACK
6
CONTINUOUS
10
4.3794619685039367
20
-1.5834629921259842
11
4.3802766141732281
21
-1.5842776377952756
0
LINE
8
BLACK
6
CONTINUOUS
10
4.3802766141732281
20
-1.5842776377952756
11
4.3807175196850396
21
-1.5853420472440944
0
LINE
8
BLACK
6
CONTINUOUS
10
4.3807175196850396
20
-1.5853420472440944
11
4.3807175196850396
21
-1.5864941732283464
0
LINE
8
BLACK
6
CONTINUOUS
10
4.3807175196850396
20
-1.5864941732283464
11
4.3802766141732281
21
-1.5875585826771652
0
LINE
8
BLACK
6
CONTINUOUS
10
4.3802766141732281
20
-1.5875585826771652
11
4.3794619685039367
21
-1.5883732283464567
0
LINE
8
BLACK
6
CONTINUOUS
10
4.3794619685039367
20
-1.5883732283464567
11
4.3783975590551183
21
-1.5888141338582678
0
LINE
8
BLACK
6
CONTINUOUS
10
4.3783975590551183
20
-1.5888141338582678
11
4.3778214960629924
21
-1.5888708661417323
0
LINE
8
BLACK
6
CONTINUOUS
10
4.3778214960629924
20
-1.5888708661417323
11
4.3553243307086618
21
-1.5888708661417323
0
LINE
8
BLACK
6
CONTINUOUS
10
4.3553243307086618
20
-1.5888708661417323
11
4.354748267716535
21
-1.5888141338582678
0
LINE
8
BLACK
6
CONTINUOUS
10
4.354748267716535
20
-1.5888141338582678
11
4.3536838582677166
21
-1.5883732283464567
0
LINE
8
BLACK
6
CONTINUOUS
10
4.3536838582677166
20
-1.5883732283464567
11
4.3528692125984252
21
-1.5875585826771652
0
LINE
8
BLACK
6
CONTINUOUS
10
4.3528692125984252
20
-1.5875585826771652
11
4.3524283070866137
21
-1.5864941732283464
0
LINE
8
BLACK
6
CONTINUOUS
10
4.3524283070866137
20
-1.5864941732283464
11
4.3524283070866137
21
-1.5853420472440944
0
LINE
8
BLACK
6
CONTINUOUS
10
4.3524283070866137
20
-1.5853420472440944
11
4.3528692125984252
21
-1.5842776377952756
0
LINE
8
BLACK
6
CONTINUOUS
10
4.3528692125984252
20
-1.5842776377952756
11
4.3536838582677166
21
-1.5834629921259842
0
LINE
8
BLACK
6
CONTINUOUS
10
4.3536838582677166
20
-1.5834629921259842
11
4.354748267716535
21
-1.5830220866141731
0
LINE
8
BLACK
6
CONTINUOUS
10
4.354748267716535
20
-1.5830220866141731
11
4.3553243307086618
21
-1.5829653543307087
0
LINE
8
BLACK
6
CONTINUOUS
10
4.3553243307086618
20
-1.5829653543307087
11
4.3636201574803151
21
-1.5829653543307087
0
LINE
8
BLACK
6
CONTINUOUS
10
4.3636201574803151
20
-1.5829653543307087
11
4.3636201574803151
21
-1.5555513779527559
0
LINE
8
BLACK
6
CONTINUOUS
10
4.3636201574803151
20
-1.5555513779527559
11
4.3611617716535429
21
-1.5580097637795276
0
LINE
8
BLACK
6
CONTINUOUS
10
4.3611617716535429
20
-1.5580097637795276
11
4.3609353937007871
21
-1.5581955118110236
0
LINE
8
BLACK
6
CONTINUOUS
10
4.3609353937007871
20
-1.5581955118110236
11
4.3608842519685043
21
-1.5582545275590551
0
LINE
8
BLACK
6
CONTINUOUS
10
4.3608842519685043
20
-1.5582545275590551
11
4.3607952755905508
21
-1.5583104724409449
0
LINE
8
BLACK
6
CONTINUOUS
10
4.3607952755905508
20
-1.5583104724409449
11
4.3607143307086611
21
-1.558376968503937
0
LINE
8
BLACK
6
CONTINUOUS
10
4.3607143307086611
20
-1.558376968503937
11
4.3606423622047243
21
-1.5584067716535432
0
LINE
8
BLACK
6
CONTINUOUS
10
4.3606423622047243
20
-1.5584067716535432
11
4.3603943700787404
21
-1.558562874015748
0
LINE
8
BLACK
6
CONTINUOUS
10
4.3603943700787404
20
-1.558562874015748
11
4.3566448425196853
21
-1.5604376377952756
0
LINE
8
BLACK
6
CONTINUOUS
10
4.3566448425196853
20
-1.5604376377952756
11
4.3561042125984253
21
-1.560644527559055
0
LINE
8
BLACK
6
CONTINUOUS
10
4.3561042125984253
20
-1.560644527559055
11
4.3549549999999995
21
-1.5607261811023623
0
LINE
8
BLACK
6
CONTINUOUS
10
4.3549549999999995
20
-1.5607261811023623
11
4.3538620472440943
21
-1.5603618503937007
0
LINE
8
BLACK
6
CONTINUOUS
10
4.3538620472440943
20
-1.5603618503937007
11
4.3529916535433069
21
-1.5596070078740156
0
LINE
8
BLACK
6
CONTINUOUS
10
4.3529916535433069
20
-1.5596070078740156
11
4.3524764173228343
21
-1.5585764960629922
0
LINE
8
BLACK
6
CONTINUOUS
10
4.3524764173228343
20
-1.5585764960629922
11
4.3523947637795271
21
-1.5574272834645668
0
LINE
8
BLACK
6
CONTINUOUS
10
4.3523947637795271
20
-1.5574272834645668
11
4.3527590944881887
21
-1.5563343307086615
0
LINE
8
BLACK
6
CONTINUOUS
10
4.3527590944881887
20
-1.5563343307086615
11
4.3535139370078735
21
-1.555463937007874
0
LINE
8
BLACK
6
CONTINUOUS
10
4.3535139370078735
20
-1.555463937007874
11
4.3540038188976373
21
-1.5551555905511811
0
LINE
8
BLACK
6
CONTINUOUS
10
4.3540038188976373
20
-1.5551555905511811
11
4.3573247637795278
21
-1.5534951181102361
0
LINE
8
BLACK
6
CONTINUOUS
10
4.3573247637795278
20
-1.5534951181102361
11
4.3605286614173231
21
-1.5502912204724408
0
LINE
8
BLACK
6
CONTINUOUS
10
4.3605286614173231
20
-1.5502912204724408
11
4.3641160629921263
21
-1.5449101181102363
0
LINE
8
BLACK
6
CONTINUOUS
10
4.3641160629921263
20
-1.5449101181102363
11
4.364117401574803
21
-1.5449084251968503
0
LINE
8
BLACK
6
CONTINUOUS
10
4.364117401574803
20
-1.5449084251968503
11
4.3641177952755905
21
-1.544907559055118
0
LINE
8
BLACK
6
CONTINUOUS
10
4.3641177952755905
20
-1.544907559055118
11
4.364119803149606
21
-1.5449055118110235
0
LINE
8
BLACK
6
CONTINUOUS
10
4.364119803149606
20
-1.5449055118110235
11
4.3644828346456688
21
-1.5444622834645669
0
LINE
8
BLACK
6
CONTINUOUS
10
4.3644828346456688
20
-1.5444622834645669
11
4.3647257086614175
21
-1.5442996062992125
0
LINE
8
BLACK
6
CONTINUOUS
10
4.3647257086614175
20
-1.5442996062992125
11
4.364932440944882
21
-1.5440929133858268
0
LINE
8
BLACK
6
CONTINUOUS
10
4.364932440944882
20
-1.5440929133858268
11
4.3651997244094485
21
-1.5439821653543306
0
LINE
8
BLACK
6
CONTINUOUS
10
4.3651997244094485
20
-1.5439821653543306
11
4.3654401181102358
21
-1.5438212204724409
0
LINE
8
BLACK
6
CONTINUOUS
10
4.3654401181102358
20
-1.5438212204724409
11
4.3657267322834645
21
-1.5437638582677164
0
LINE
8
BLACK
6
CONTINUOUS
10
4.3657267322834645
20
-1.5437638582677164
11
4.3659968503937003
21
-1.5436520078740157
0
LINE
8
BLACK
6
CONTINUOUS
10
4.3659968503937003
20
-1.5436520078740157
11
4.3662861417322834
21
-1.5436520078740157
0
LINE
8
BLACK
6
CONTINUOUS
10
4.3662861417322834
20
-1.5436520078740157
11
4.3665698031496065
21
-1.5435952755905511
0
LINE
8
BLACK
6
CONTINUOUS
10
4.3665698031496065
20
-1.5435952755905511
11
4.3668565748031494
21
-1.5436520078740157
0
LINE
8
BLACK
6
CONTINUOUS
10
3.766258307086614
20
-1.5684868897637796
11
3.7675367322834643
21
-1.5697653149606299
0
LINE
8
BLACK
6
CONTINUOUS
10
3.7675367322834643
20
-1.5697653149606299
11
3.7675367322834643
21
-1.5715732677165355
0
LINE
8
BLACK
6
CONTINUOUS
10
3.7675367322834643
20
-1.5715732677165355
11
3.766258307086614
21
-1.5728516929133858
0
LINE
8
BLACK
6
CONTINUOUS
10
3.766258307086614
20
-1.5728516929133858
11
3.7653543307086612
21
-1.5730314960629921
0
LINE
8
BLACK
6
CONTINUOUS
10
3.7653543307086612
20
-1.5730314960629921
11
3.6992125984251967
21
-1.5730314960629921
0
LINE
8
BLACK
6
CONTINUOUS
10
3.6992125984251967
20
-1.5730314960629921
11
3.6983086220472439
21
-1.5728516929133858
0
LINE
8
BLACK
6
CONTINUOUS
10
3.6983086220472439
20
-1.5728516929133858
11
3.6970301968503936
21
-1.5715732677165355
0
LINE
8
BLACK
6
CONTINUOUS
10
3.6970301968503936
20
-1.5715732677165355
11
3.6970301968503936
21
-1.5697653149606299
0
LINE
8
BLACK
6
CONTINUOUS
10
3.6970301968503936
20
-1.5697653149606299
11
3.6983086220472439
21
-1.5684868897637796
0
LINE
8
BLACK
6
CONTINUOUS
10
3.6983086220472439
20
-1.5684868897637796
11
3.6992125984251967
21
-1.5683070866141733
0
LINE
8
BLACK
6
CONTINUOUS
10
3.6992125984251967
20
-1.5683070866141733
11
3.7653543307086612
21
-1.5683070866141733
0
LINE
8
BLACK
6
CONTINUOUS
10
3.7653543307086612
20
-1.5683070866141733
11
3.766258307086614
21
-1.5684868897637796
0
LINE
8
BLACK
6
CONTINUOUS
10
4.0920678740157479
20
-1.5405397637795275
11
4.0925196850393704
21
-1.5419291338582677
0
LINE
8
BLACK
6
CONTINUOUS
10
4.0925196850393704
20
-1.5419291338582677
11
4.0925196850393704
21
-1.5608267716535433
0
LINE
8
BLACK
6
CONTINUOUS
10
4.0925196850393704
20
-1.5608267716535433
11
4.0918277952755906
21
-1.5624970866141732
0
LINE
8
BLACK
6
CONTINUOUS
10
4.0918277952755906
20
-1.5624970866141732
11
4.0901574803149607
21
-1.5631889763779527
0
LINE
8
BLACK
6
CONTINUOUS
10
4.0901574803149607
20
-1.5631889763779527
11
4.0887681102362201
21
-1.5627371653543307
0
LINE
8
BLACK
6
CONTINUOUS
10
4.0887681102362201
20
-1.5627371653543307
11
4.0757759842519681
21
-1.5532883858267716
0
LINE
8
BLACK
6
CONTINUOUS
10
4.0757759842519681
20
-1.5532883858267716
11
4.0748320472440946
21
-1.5517464173228346
0
LINE
8
BLACK
6
CONTINUOUS
10
4.0748320472440946
20
-1.5517464173228346
11
4.0752549606299215
21
-1.5499886220472441
0
LINE
8
BLACK
6
CONTINUOUS
10
4.0752549606299215
20
-1.5499886220472441
11
4.0757759842519681
21
-1.5494675984251969
0
LINE
8
BLACK
6
CONTINUOUS
10
4.0757759842519681
20
-1.5494675984251969
11
4.0887681102362201
21
-1.5400187401574803
0
LINE
8
BLACK
6
CONTINUOUS
10
4.0887681102362201
20
-1.5400187401574803
11
4.0905259055118108
21
-1.5395958267716534
0
LINE
8
BLACK
6
CONTINUOUS
10
4.0905259055118108
20
-1.5395958267716534
11
4.0920678740157479
21
-1.5405397637795275
0
LINE
8
BLACK
6
CONTINUOUS
10
4.4568094881889762
20
-1.0177979133858268
11
4.4580879133858264
21
-1.0190763385826771
0
LINE
8
BLACK
6
CONTINUOUS
10
4.4580879133858264
20
-1.0190763385826771
11
4.458267716535433
21
-1.0199803149606299
0
LINE
8
BLACK
6
CONTINUOUS
10
4.458267716535433
20
-1.0199803149606299
11
4.458267716535433
21
-1.4243110236220473
0
LINE
8
BLACK
6
CONTINUOUS
10
4.458267716535433
20
-1.4243110236220473
11
4.4580879133858264
21
-1.4252149999999999
0
LINE
8
BLACK
6
CONTINUOUS
10
4.4580879133858264
20
-1.4252149999999999
11
4.4568094881889762
21
-1.4264934251968504
0
LINE
8
BLACK
6
CONTINUOUS
10
4.4568094881889762
20
-1.4264934251968504
11
4.4559055118110233
21
-1.4266732283464567
0
LINE
8
BLACK
6
CONTINUOUS
10
4.4559055118110233
20
-1.4266732283464567
11
4.3539370078740154
21
-1.4266732283464567
0
LINE
8
BLACK
6
CONTINUOUS
10
4.3539370078740154
20
-1.4266732283464567
11
4.3539370078740154
21
-1.5286417322834644
0
LINE
8
BLACK
6
CONTINUOUS
10
4.3539370078740154
20
-1.5286417322834644
11
4.3537572047244097
21
-1.5295456692913385
0
LINE
8
BLACK
6
CONTINUOUS
10
4.3537572047244097
20
-1.5295456692913385
11
4.3537572047244097
21
-1.5295457086614173
0
LINE
8
BLACK
6
CONTINUOUS
10
4.3537572047244097
20
-1.5295457086614173
11
4.3524787795275586
21
-1.5308241338582678
0
LINE
8
BLACK
6
CONTINUOUS
10
4.3524787795275586
20
-1.5308241338582678
11
4.3515748031496058
21
-1.5310039370078741
0
LINE
8
BLACK
6
CONTINUOUS
10
4.3515748031496058
20
-1.5310039370078741
11
4.2472440944881891
21
-1.5310039370078741
0
LINE
8
BLACK
6
CONTINUOUS
10
4.2472440944881891
20
-1.5310039370078741
11
4.2463401181102363
21
-1.5308241338582678
0
LINE
8
BLACK
6
CONTINUOUS
10
4.2463401181102363
20
-1.5308241338582678
11
4.245061692913386
21
-1.5295457086614173
0
LINE
8
BLACK
6
CONTINUOUS
10
4.245061692913386
20
-1.5295457086614173
11
4.245061692913386
21
-1.5295456692913385
0
LINE
8
BLACK
6
CONTINUOUS
10
4.245061692913386
20
-1.5295456692913385
11
4.2448818897637794
21
-1.5286417322834644
0
LINE
8
BLACK
6
CONTINUOUS
10
4.2448818897637794
20
-1.5286417322834644
11
4.2448818897637794
21
-1.0199803149606299
0
LINE
8
BLACK
6
CONTINUOUS
10
4.2448818897637794
20
-1.0199803149606299
11
4.245061692913386
21
-1.0190763385826771
0
LINE
8
BLACK
6
CONTINUOUS
10
4.245061692913386
20
-1.0190763385826771
11
4.2463401181102363
21
-1.0177979133858268
0
LINE
8
BLACK
6
CONTINUOUS
10
4.2463401181102363
20
-1.0177979133858268
11
4.2472440944881891
21
-1.0176181102362205
0
LINE
8
BLACK
6
CONTINUOUS
10
4.2472440944881891
20
-1.0176181102362205
11
4.4559055118110233
21
-1.0176181102362205
0
LINE
8
BLACK
6
CONTINUOUS
10
4.4559055118110233
20
-1.0176181102362205
11
4.4568094881889762
21
-1.0177979133858268
0
LINE
8
BLACK
6
CONTINUOUS
10
4.2496062992125987
20
-1.0223425196850393
11
4.2496062992125987
21
-1.526279527559055
0
LINE
8
BLACK
6
CONTINUOUS
10
4.2496062992125987
20
-1.526279527559055
11
4.349212598425197
21
-1.526279527559055
0
LINE
8
BLACK
6
CONTINUOUS
10
4.349212598425197
20
-1.526279527559055
11
4.349212598425197
21
-1.4243110236220473
0
LINE
8
BLACK
6
CONTINUOUS
10
4.349212598425197
20
-1.4243110236220473
11
4.3493924015748027
21
-1.4234070472440945
0
LINE
8
BLACK
6
CONTINUOUS
10
4.3493924015748027
20
-1.4234070472440945
11
4.3506708267716538
21
-1.422128622047244
0
LINE
8
BLACK
6
CONTINUOUS
10
4.3506708267716538
20
-1.422128622047244
11
4.3515748031496058
21
-1.4219488188976377
0
LINE
8
BLACK
6
CONTINUOUS
10
4.3515748031496058
20
-1.4219488188976377
11
4.4535433070866137
21
-1.4219488188976377
0
LINE
8
BLACK
6
CONTINUOUS
10
4.4535433070866137
20
-1.4219488188976377
11
4.4535433070866137
21
-1.0223425196850393
0
LINE
8
BLACK
6
CONTINUOUS
10
4.4535433070866137
20
-1.0223425196850393
11
4.2496062992125987
21
-1.0223425196850393
0
LINE
8
BLACK
6
CONTINUOUS
10
4.4580878740157477
20
-1.4734070472440945
11
4.4582676771653542
21
-1.4743110236220471
0
LINE
8
BLACK
6
CONTINUOUS
10
4.4582676771653542
20
-1.4743110236220471
11
4.458267716535433
21
-1.5286417322834644
0
LINE
8
BLACK
6
CONTINUOUS
10
4.458267716535433
20
-1.5286417322834644
11
4.4580879133858264
21
-1.5295456692913385
0
LINE
8
BLACK
6
CONTINUOUS
10
4.4580879133858264
20
-1.5295456692913385
11
4.4580879133858264
21
-1.5295457086614173
0
LINE
8
BLACK
6
CONTINUOUS
10
4.4580879133858264
20
-1.5295457086614173
11
4.4568094881889762
21
-1.5308241338582678
0
LINE
8
BLACK
6
CONTINUOUS
10
4.4568094881889762
20
-1.5308241338582678
11
4.4559055118110233
21
-1.5310039370078741
0
LINE
8
BLACK
6
CONTINUOUS
10
4.4559055118110233
20
-1.5310039370078741
11
4.4015748031496065
21
-1.5310038976377953
0
LINE
8
BLACK
6
CONTINUOUS
10
4.4015748031496065
20
-1.5310038976377953
11
4.4006708267716537
21
-1.530824094488189
0
LINE
8
BLACK
6
CONTINUOUS
10
4.4006708267716537
20
-1.530824094488189
11
4.3993924015748034
21
-1.5295456692913385
0
LINE
8
BLACK
6
CONTINUOUS
10
4.3993924015748034
20
-1.5295456692913385
11
4.3993924015748034
21
-1.5277377165354331
0
LINE
8
BLACK
6
CONTINUOUS
10
4.3993924015748034
20
-1.5277377165354331
11
4.4006708267716537
21
-1.5264592913385826
0
LINE
8
BLACK
6
CONTINUOUS
10
4.4006708267716537
20
-1.5264592913385826
11
4.4015748031496065
21
-1.5262794881889763
0
LINE
8
BLACK
6
CONTINUOUS
10
4.4015748031496065
20
-1.5262794881889763
11
4.453543267716535
21
-1.5262794881889763
0
LINE
8
BLACK
6
CONTINUOUS
10
4.453543267716535
20
-1.5262794881889763
11
4.453543267716535
21
-1.4743110236220471
0
LINE
8
BLACK
6
CONTINUOUS
10
4.453543267716535
20
-1.4743110236220471
11
4.4537230708661415
21
-1.4734070472440945
0
LINE
8
BLACK
6
CONTINUOUS
10
4.4537230708661415
20
-1.4734070472440945
11
4.4550014960629918
21
-1.472128622047244
0
LINE
8
BLACK
6
CONTINUOUS
10
4.4550014960629918
20
-1.472128622047244
11
4.4568094488188974
21
-1.472128622047244
0
LINE
8
BLACK
6
CONTINUOUS
10
4.4568094488188974
20
-1.472128622047244
11
4.4580878740157477
21
-1.4734070472440945
0
LINE
8
BLACK
6
CONTINUOUS
10
3.8907567716535434
20
-1.448088779527559
11
3.8912042125984252
21
-1.4484559842519684
0
LINE
8
BLACK
6
CONTINUOUS
10
3.8912042125984252
20
-1.4484559842519684
11
3.9336306299212596
21
-1.490882401574803
0
LINE
8
BLACK
6
CONTINUOUS
10
3.9336306299212596
20
-1.490882401574803
11
3.9339978346456692
21
-1.491329842519685
0
LINE
8
BLACK
6
CONTINUOUS
10
3.9339978346456692
20
-1.491329842519685
11
3.9344387401574803
21
-1.4923942519685038
0
LINE
8
BLACK
6
CONTINUOUS
10
3.9344387401574803
20
-1.4923942519685038
11
3.9344387401574803
21
-1.493546338582677
0
LINE
8
BLACK
6
CONTINUOUS
10
3.9344387401574803
20
-1.493546338582677
11
3.9339978346456692
21
-1.4946107480314961
0
LINE
8
BLACK
6
CONTINUOUS
10
3.9339978346456692
20
-1.4946107480314961
11
3.933183149606299
21
-1.4954254330708661
0
LINE
8
BLACK
6
CONTINUOUS
10
3.933183149606299
20
-1.4954254330708661
11
3.9321187401574802
21
-1.4958663385826771
0
LINE
8
BLACK
6
CONTINUOUS
10
3.9321187401574802
20
-1.4958663385826771
11
3.9309666535433072
21
-1.4958663385826771
0
LINE
8
BLACK
6
CONTINUOUS
10
3.9309666535433072
20
-1.4958663385826771
11
3.929902244094488
21
-1.4954254330708661
0
LINE
8
BLACK
6
CONTINUOUS
10
3.929902244094488
20
-1.4954254330708661
11
3.9294548031496062
21
-1.4950582283464566
0
LINE
8
BLACK
6
CONTINUOUS
10
3.9294548031496062
20
-1.4950582283464566
11
3.8870283858267713
21
-1.452631811023622
0
LINE
8
BLACK
6
CONTINUOUS
10
3.8870283858267713
20
-1.452631811023622
11
3.8866611811023621
21
-1.45218437007874
0
LINE
8
BLACK
6
CONTINUOUS
10
3.8866611811023621
20
-1.45218437007874
11
3.8862202755905511
21
-1.4511199212598425
0
LINE
8
BLACK
6
CONTINUOUS
10
3.8862202755905511
20
-1.4511199212598425
11
3.8862202755905511
21
-1.449967874015748
0
LINE
8
BLACK
6
CONTINUOUS
10
3.8862202755905511
20
-1.449967874015748
11
3.8866611811023621
21
-1.4489034251968504
0
LINE
8
BLACK
6
CONTINUOUS
10
3.8866611811023621
20
-1.4489034251968504
11
3.8874758267716536
21
-1.448088779527559
0
LINE
8
BLACK
6
CONTINUOUS
10
3.8874758267716536
20
-1.448088779527559
11
3.8885402755905512
21
-1.4476478740157479
0
LINE
8
BLACK
6
CONTINUOUS
10
3.8885402755905512
20
-1.4476478740157479
11
3.8896923228346454
21
-1.4476478740157479
0
LINE
8
BLACK
6
CONTINUOUS
10
3.8896923228346454
20
-1.4476478740157479
11
3.8907567716535434
21
-1.448088779527559
0
LINE
8
BLACK
6
CONTINUOUS
10
3.6919933858267715
20
-1.4824976771653542
11
3.6930577952755903
21
-1.4829385826771653
0
LINE
8
BLACK
6
CONTINUOUS
10
3.6930577952755903
20
-1.4829385826771653
11
3.6938724409448818
21
-1.4837532283464567
0
LINE
8
BLACK
6
CONTINUOUS
10
3.6938724409448818
20
-1.4837532283464567
11
3.6943133464566928
21
-1.4848176377952755
0
LINE
8
BLACK
6
CONTINUOUS
10
3.6943133464566928
20
-1.4848176377952755
11
3.6943133464566928
21
-1.4859697637795275
0
LINE
8
BLACK
6
CONTINUOUS
10
3.6943133464566928
20
-1.4859697637795275
11
3.6938724409448818
21
-1.4870341732283465
0
LINE
8
BLACK
6
CONTINUOUS
10
3.6938724409448818
20
-1.4870341732283465
11
3.6930577952755903
21
-1.4878488188976378
0
LINE
8
BLACK
6
CONTINUOUS
10
3.6930577952755903
20
-1.4878488188976378
11
3.6919933858267715
21
-1.4882897244094488
0
LINE
8
BLACK
6
CONTINUOUS
10
3.6919933858267715
20
-1.4882897244094488
11
3.6914173228346456
21
-1.4883464566929134
0
LINE
8
BLACK
6
CONTINUOUS
10
3.6914173228346456
20
-1.4883464566929134
11
3.6314173228346456
21
-1.4883464566929134
0
LINE
8
BLACK
6
CONTINUOUS
10
3.6314173228346456
20
-1.4883464566929134
11
3.6308412598425197
21
-1.4882897244094488
0
LINE
8
BLACK
6
CONTINUOUS
10
3.6308412598425197
20
-1.4882897244094488
11
3.6297768503937009
21
-1.4878488188976378
0
LINE
8
BLACK
6
CONTINUOUS
10
3.6297768503937009
20
-1.4878488188976378
11
3.6289622047244094
21
-1.4870341732283465
0
LINE
8
BLACK
6
CONTINUOUS
10
3.6289622047244094
20
-1.4870341732283465
11
3.6285212992125984
21
-1.4859697637795275
0
LINE
8
BLACK
6
CONTINUOUS
10
3.6285212992125984
20
-1.4859697637795275
11
3.6285212992125984
21
-1.4848176377952755
0
LINE
8
BLACK
6
CONTINUOUS
10
3.6285212992125984
20
-1.4848176377952755
11
3.6289622047244094
21
-1.4837532283464567
0
LINE
8
BLACK
6
CONTINUOUS
10
3.6289622047244094
20
-1.4837532283464567
11
3.6297768503937009
21
-1.4829385826771653
0
LINE
8
BLACK
6
CONTINUOUS
10
3.6297768503937009
20
-1.4829385826771653
11
3.6308412598425197
21
-1.4824976771653542
0
LINE
8
BLACK
6
CONTINUOUS
10
3.6308412598425197
20
-1.4824976771653542
11
3.6314173228346456
21
-1.4824409448818898
0
LINE
8
BLACK
6
CONTINUOUS
10
3.6314173228346456
20
-1.4824409448818898
11
3.6914173228346456
21
-1.4824409448818898
0
LINE
8
BLACK
6
CONTINUOUS
10
3.6914173228346456
20
-1.4824409448818898
11
3.6919933858267715
21
-1.4824976771653542
0
LINE
8
BLACK
6
CONTINUOUS
10
3.7667965354330706
20
-1.4806275984251969
11
3.7678609448818898
21
-1.4810685039370077
0
LINE
8
BLACK
6
CONTINUOUS
10
3.7678609448818898
20
-1.4810685039370077
11
3.7686755905511808
21
-1.4818831496062992
0
LINE
8
BLACK
6
CONTINUOUS
10
3.7686755905511808
20
-1.4818831496062992
11
3.7691164960629919
21
-1.482947559055118
0
LINE
8
BLACK
6
CONTINUOUS
10
3.7691164960629919
20
-1.482947559055118
11
3.7691164960629919
21
-1.48409968503937
0
LINE
8
BLACK
6
CONTINUOUS
10
3.7691164960629919
20
-1.48409968503937
11
3.7686755905511808
21
-1.485164094488189
0
LINE
8
BLACK
6
CONTINUOUS
10
3.7686755905511808
20
-1.485164094488189
11
3.7678609448818898
21
-1.4859787401574802
0
LINE
8
BLACK
6
CONTINUOUS
10
3.7678609448818898
20
-1.4859787401574802
11
3.7667965354330706
21
-1.4864196456692913
0
LINE
8
BLACK
6
CONTINUOUS
10
3.7667965354330706
20
-1.4864196456692913
11
3.7662204724409447
21
-1.4864763779527559
0
LINE
8
BLACK
6
CONTINUOUS
10
3.7662204724409447
20
-1.4864763779527559
11
3.7062204724409447
21
-1.4864763779527559
0
LINE
8
BLACK
6
CONTINUOUS
10
3.7062204724409447
20
-1.4864763779527559
11
3.7056444094488188
21
-1.4864196456692913
0
LINE
8
BLACK
6
CONTINUOUS
10
3.7056444094488188
20
-1.4864196456692913
11
3.70458
21
-1.4859787401574802
0
LINE
8
BLACK
6
CONTINUOUS
10
3.70458
20
-1.4859787401574802
11
3.7037653543307085
21
-1.485164094488189
0
LINE
8
BLACK
6
CONTINUOUS
10
3.7037653543307085
20
-1.485164094488189
11
3.7033244488188974
21
-1.48409968503937
0
LINE
8
BLACK
6
CONTINUOUS
10
3.7033244488188974
20
-1.48409968503937
11
3.7033244488188974
21
-1.482947559055118
0
LINE
8
BLACK
6
CONTINUOUS
10
3.7033244488188974
20
-1.482947559055118
11
3.7037653543307085
21
-1.4818831496062992
0
LINE
8
BLACK
6
CONTINUOUS
10
3.7037653543307085
20
-1.4818831496062992
11
3.70458
21
-1.4810685039370077
0
LINE
8
BLACK
6
CONTINUOUS
10
3.70458
20
-1.4810685039370077
11
3.7056444094488188
21
-1.4806275984251969
0
LINE
8
BLACK
6
CONTINUOUS
10
3.7056444094488188
20
-1.4806275984251969
11
3.7062204724409447
21
-1.4805708661417323
0
LINE
8
BLACK
6
CONTINUOUS
10
3.7062204724409447
20
-1.4805708661417323
11
3.7662204724409447
21
-1.4805708661417323
0
LINE
8
BLACK
6
CONTINUOUS
10
3.7662204724409447
20
-1.4805708661417323
11
3.7667965354330706
21
-1.4806275984251969
0
LINE
8
BLACK
6
CONTINUOUS
10
3.9867581102362202
20
-1.4390333464566929
11
3.9867581102362202
21
-1.440841338582677
0
LINE
8
BLACK
6
CONTINUOUS
10
3.9867581102362202
20
-1.440841338582677
11
3.9862460236220469
21
-1.4416076771653543
0
LINE
8
BLACK
6
CONTINUOUS
10
3.9862460236220469
20
-1.4416076771653543
11
3.9650328346456694
21
-1.4628208267716536
0
LINE
8
BLACK
6
CONTINUOUS
10
3.9650328346456694
20
-1.4628208267716536
11
3.9642664960629919
21
-1.4633329133858268
0
LINE
8
BLACK
6
CONTINUOUS
10
3.9642664960629919
20
-1.4633329133858268
11
3.9624585433070867
21
-1.4633329133858268
0
LINE
8
BLACK
6
CONTINUOUS
10
3.9624585433070867
20
-1.4633329133858268
11
3.961180118110236
21
-1.4620544881889763
0
LINE
8
BLACK
6
CONTINUOUS
10
3.961180118110236
20
-1.4620544881889763
11
3.961180118110236
21
-1.4602465354330709
0
LINE
8
BLACK
6
CONTINUOUS
10
3.961180118110236
20
-1.4602465354330709
11
3.9616922047244092
21
-1.4594801968503937
0
LINE
8
BLACK
6
CONTINUOUS
10
3.9616922047244092
20
-1.4594801968503937
11
3.9829053543307085
21
-1.4382670078740156
0
LINE
8
BLACK
6
CONTINUOUS
10
3.9829053543307085
20
-1.4382670078740156
11
3.9836716929133855
21
-1.4377549212598424
0
LINE
8
BLACK
6
CONTINUOUS
10
3.9836716929133855
20
-1.4377549212598424
11
3.9854796850393699
21
-1.4377549212598424
0
LINE
8
BLACK
6
CONTINUOUS
10
3.9854796850393699
20
-1.4377549212598424
11
3.9867581102362202
21
-1.4390333464566929
0
LINE
8
BLACK
6
CONTINUOUS
10
3.5393232677165352
20
-1.4081676771653544
11
3.5401379133858266
21
-1.4089823228346456
0
LINE
8
BLACK
6
CONTINUOUS
10
3.5401379133858266
20
-1.4089823228346456
11
3.5405788188976377
21
-1.4100467322834644
0
LINE
8
BLACK
6
CONTINUOUS
10
3.5405788188976377
20
-1.4100467322834644
11
3.5406355511811021
21
-1.4106227952755905
0
LINE
8
BLACK
6
CONTINUOUS
10
3.5406355511811021
20
-1.4106227952755905
11
3.5406355511811021
21
-1.4470401181102361
0
LINE
8
BLACK
6
CONTINUOUS
10
3.5406355511811021
20
-1.4470401181102361
11
3.556430433070866
21
-1.4470401181102361
0
LINE
8
BLACK
6
CONTINUOUS
10
3.556430433070866
20
-1.4470401181102361
11
3.5570064960629919
21
-1.4470968503937007
0
LINE
8
BLACK
6
CONTINUOUS
10
3.5570064960629919
20
-1.4470968503937007
11
3.5580709055118112
21
-1.4475377559055118
0
LINE
8
BLACK
6
CONTINUOUS
10
3.5580709055118112
20
-1.4475377559055118
11
3.5588855511811022
21
-1.4483524015748031
0
LINE
8
BLACK
6
CONTINUOUS
10
3.5588855511811022
20
-1.4483524015748031
11
3.5593264566929133
21
-1.4494168110236221
0
LINE
8
BLACK
6
CONTINUOUS
10
3.5593264566929133
20
-1.4494168110236221
11
3.5593264566929133
21
-1.450568937007874
0
LINE
8
BLACK
6
CONTINUOUS
10
3.5593264566929133
20
-1.450568937007874
11
3.5588855511811022
21
-1.4516333464566928
0
LINE
8
BLACK
6
CONTINUOUS
10
3.5588855511811022
20
-1.4516333464566928
11
3.5580709055118112
21
-1.4524479921259843
0
LINE
8
BLACK
6
CONTINUOUS
10
3.5580709055118112
20
-1.4524479921259843
11
3.5570064960629919
21
-1.4528888976377952
0
LINE
8
BLACK
6
CONTINUOUS
10
3.5570064960629919
20
-1.4528888976377952
11
3.556430433070866
21
-1.4529456299212598
0
LINE
8
BLACK
6
CONTINUOUS
10
3.556430433070866
20
-1.4529456299212598
11
3.5376827952755905
21
-1.4529456299212598
0
LINE
8
BLACK
6
CONTINUOUS
10
3.5376827952755905
20
-1.4529456299212598
11
3.5371067322834646
21
-1.4528888976377952
0
LINE
8
BLACK
6
CONTINUOUS
10
3.5371067322834646
20
-1.4528888976377952
11
3.5360423228346454
21
-1.4524479921259843
0
LINE
8
BLACK
6
CONTINUOUS
10
3.5360423228346454
20
-1.4524479921259843
11
3.5352276771653544
21
-1.4516333464566928
0
LINE
8
BLACK
6
CONTINUOUS
10
3.5352276771653544
20
-1.4516333464566928
11
3.5347867716535433
21
-1.450568937007874
0
LINE
8
BLACK
6
CONTINUOUS
10
3.5347867716535433
20
-1.450568937007874
11
3.5347300393700785
21
-1.4499928740157479
0
LINE
8
BLACK
6
CONTINUOUS
10
3.5347300393700785
20
-1.4499928740157479
11
3.5347300393700785
21
-1.4106227952755905
0
LINE
8
BLACK
6
CONTINUOUS
10
3.5347300393700785
20
-1.4106227952755905
11
3.5347867716535433
21
-1.4100467322834644
0
LINE
8
BLACK
6
CONTINUOUS
10
3.5347867716535433
20
-1.4100467322834644
11
3.5352276771653544
21
-1.4089823228346456
0
LINE
8
BLACK
6
CONTINUOUS
10
3.5352276771653544
20
-1.4089823228346456
11
3.5360423228346454
21
-1.4081676771653544
0
LINE
8
BLACK
6
CONTINUOUS
10
3.5360423228346454
20
-1.4081676771653544
11
3.5371067322834646
21
-1.4077267716535433
0
LINE
8
BLACK
6
CONTINUOUS
10
3.5371067322834646
20
-1.4077267716535433
11
3.5382588582677164
21
-1.4077267716535433
0
LINE
8
BLACK
6
CONTINUOUS
10
3.5382588582677164
20
-1.4077267716535433
11
3.5393232677165352
21
-1.4081676771653544
0
LINE
8
BLACK
6
CONTINUOUS
10
3.5832532283464564
20
-1.4077267716535433
11
3.5833512204724407
21
-1.4077673622047244
0
LINE
8
BLACK
6
CONTINUOUS
10
3.5833512204724407
20
-1.4077673622047244
11
3.5834570472440945
21
-1.4077748818897637
0
LINE
8
BLACK
6
CONTINUOUS
10
3.5834570472440945
20
-1.4077748818897637
11
3.5839976771653541
21
-1.4079817716535432
0
LINE
8
BLACK
6
CONTINUOUS
10
3.5839976771653541
20
-1.4079817716535432
11
3.5877472047244092
21
-1.4098565354330708
0
LINE
8
BLACK
6
CONTINUOUS
10
3.5877472047244092
20
-1.4098565354330708
11
3.5879951968503936
21
-1.4100125984251968
0
LINE
8
BLACK
6
CONTINUOUS
10
3.5879951968503936
20
-1.4100125984251968
11
3.5880671653543308
21
-1.410042440944882
0
LINE
8
BLACK
6
CONTINUOUS
10
3.5880671653543308
20
-1.410042440944882
11
3.5881481102362205
21
-1.4101088976377953
0
LINE
8
BLACK
6
CONTINUOUS
10
3.5881481102362205
20
-1.4101088976377953
11
3.5882370866141731
21
-1.4101648818897639
0
LINE
8
BLACK
6
CONTINUOUS
10
3.5882370866141731
20
-1.4101648818897639
11
3.5882882283464568
21
-1.4102238582677165
0
LINE
8
BLACK
6
CONTINUOUS
10
3.5882882283464568
20
-1.4102238582677165
11
3.5885146062992126
21
-1.4104096456692914
0
LINE
8
BLACK
6
CONTINUOUS
10
3.5885146062992126
20
-1.4104096456692914
11
3.5903893700787401
21
-1.4122844094488189
0
LINE
8
BLACK
6
CONTINUOUS
10
3.5903893700787401
20
-1.4122844094488189
11
3.5905751181102361
21
-1.412510748031496
0
LINE
8
BLACK
6
CONTINUOUS
10
3.5905751181102361
20
-1.412510748031496
11
3.5906341338582677
21
-1.4125619291338583
0
LINE
8
BLACK
6
CONTINUOUS
10
3.5906341338582677
20
-1.4125619291338583
11
3.5906900787401574
21
-1.4126508661417323
0
LINE
8
BLACK
6
CONTINUOUS
10
3.5906900787401574
20
-1.4126508661417323
11
3.5907565748031494
21
-1.4127318503937007
0
LINE
8
BLACK
6
CONTINUOUS
10
3.5907565748031494
20
-1.4127318503937007
11
3.5907863779527558
21
-1.412803779527559
0
LINE
8
BLACK
6
CONTINUOUS
10
3.5907863779527558
20
-1.412803779527559
11
3.5909424803149603
21
-1.4130518110236221
0
LINE
8
BLACK
6
CONTINUOUS
10
3.5909424803149603
20
-1.4130518110236221
11
3.5928172440944883
21
-1.4168013385826772
0
LINE
8
BLACK
6
CONTINUOUS
10
3.5928172440944883
20
-1.4168013385826772
11
3.5930241338582678
21
-1.4173419291338583
0
LINE
8
BLACK
6
CONTINUOUS
10
3.5930241338582678
20
-1.4173419291338583
11
3.5930316535433069
21
-1.4174477952755906
0
LINE
8
BLACK
6
CONTINUOUS
10
3.5930316535433069
20
-1.4174477952755906
11
3.593072244094488
21
-1.4175457874015747
0
LINE
8
BLACK
6
CONTINUOUS
10
3.593072244094488
20
-1.4175457874015747
11
3.5931289763779528
21
-1.4181218503937008
0
LINE
8
BLACK
6
CONTINUOUS
10
3.5931289763779528
20
-1.4181218503937008
11
3.5931289763779528
21
-1.4218713779527559
0
LINE
8
BLACK
6
CONTINUOUS
10
3.5931289763779528
20
-1.4218713779527559
11
3.5931002362204723
21
-1.4221629527559054
0
LINE
8
BLACK
6
CONTINUOUS
10
3.5931002362204723
20
-1.4221629527559054
11
3.5931057874015746
21
-1.4222407086614173
0
LINE
8
BLACK
6
CONTINUOUS
10
3.5931057874015746
20
-1.4222407086614173
11
3.5930825196850393
21
-1.4223429527559055
0
LINE
8
BLACK
6
CONTINUOUS
10
3.5930825196850393
20
-1.4223429527559055
11
3.593072244094488
21
-1.422447440944882
0
LINE
8
BLACK
6
CONTINUOUS
10
3.593072244094488
20
-1.422447440944882
11
3.5930423622047245
21
-1.4225194881889764
0
LINE
8
BLACK
6
CONTINUOUS
10
3.5930423622047245
20
-1.4225194881889764
11
3.5929774409448818
21
-1.4228051574803149
0
LINE
8
BLACK
6
CONTINUOUS
10
3.5929774409448818
20
-1.4228051574803149
11
3.5911026771653543
21
-1.4284294094488188
0
LINE
8
BLACK
6
CONTINUOUS
10
3.5911026771653543
20
-1.4284294094488188
11
3.5908666929133859
21
-1.4289579921259843
0
LINE
8
BLACK
6
CONTINUOUS
10
3.5908666929133859
20
-1.4289579921259843
11
3.5907972047244092
21
-1.4290380708661417
0
LINE
8
BLACK
6
CONTINUOUS
10
3.5907972047244092
20
-1.4290380708661417
11
3.5907566141732281
21
-1.4291361417322834
0
LINE
8
BLACK
6
CONTINUOUS
10
3.5907566141732281
20
-1.4291361417322834
11
3.5903893700787401
21
-1.4295835826771652
0
LINE
8
BLACK
6
CONTINUOUS
10
3.5903893700787401
20
-1.4295835826771652
11
3.572932874015748
21
-1.4470401181102361
0
LINE
8
BLACK
6
CONTINUOUS
10
3.572932874015748
20
-1.4470401181102361
11
3.5901762204724408
21
-1.4470401181102361
0
LINE
8
BLACK
6
CONTINUOUS
10
3.5901762204724408
20
-1.4470401181102361
11
3.5907522834645667
21
-1.4470968503937007
0
LINE
8
BLACK
6
CONTINUOUS
10
3.5907522834645667
20
-1.4470968503937007
11
3.5918166929133859
21
-1.4475377559055118
0
LINE
8
BLACK
6
CONTINUOUS
10
3.5918166929133859
20
-1.4475377559055118
11
3.5926313385826769
21
-1.4483524015748031
0
LINE
8
BLACK
6
CONTINUOUS
10
3.5926313385826769
20
-1.4483524015748031
11
3.593072244094488
21
-1.4494168110236221
0
LINE
8
BLACK
6
CONTINUOUS
10
3.593072244094488
20
-1.4494168110236221
11
3.593072244094488
21
-1.450568937007874
0
LINE
8
BLACK
6
CONTINUOUS
10
3.593072244094488
20
-1.450568937007874
11
3.5926313385826769
21
-1.4516333464566928
0
LINE
8
BLACK
6
CONTINUOUS
10
3.5926313385826769
20
-1.4516333464566928
11
3.5918166929133859
21
-1.4524479921259843
0
LINE
8
BLACK
6
CONTINUOUS
10
3.5918166929133859
20
-1.4524479921259843
11
3.5907522834645667
21
-1.4528888976377952
0
LINE
8
BLACK
6
CONTINUOUS
10
3.5907522834645667
20
-1.4528888976377952
11
3.5901762204724408
21
-1.4529456299212598
0
LINE
8
BLACK
6
CONTINUOUS
10
3.5901762204724408
20
-1.4529456299212598
11
3.5658042913385826
21
-1.4529456299212598
0
LINE
8
BLACK
6
CONTINUOUS
10
3.5658042913385826
20
-1.4529456299212598
11
3.5652282283464567
21
-1.4528888976377952
0
LINE
8
BLACK
6
CONTINUOUS
10
3.5652282283464567
20
-1.4528888976377952
11
3.5641638188976379
21
-1.4524479921259843
0
LINE
8
BLACK
6
CONTINUOUS
10
3.5641638188976379
20
-1.4524479921259843
11
3.5633491732283464
21
-1.4516333464566928
0
LINE
8
BLACK
6
CONTINUOUS
10
3.5633491732283464
20
-1.4516333464566928
11
3.5629082677165353
21
-1.450568937007874
0
LINE
8
BLACK
6
CONTINUOUS
10
3.5629082677165353
20
-1.450568937007874
11
3.5629082677165353
21
-1.4494168110236221
0
LINE
8
BLACK
6
CONTINUOUS
10
3.5629082677165353
20
-1.4494168110236221
11
3.5633491732283464
21
-1.4483524015748031
0
LINE
8
BLACK
6
CONTINUOUS
10
3.5633491732283464
20
-1.4483524015748031
11
3.5637163779527556
21
-1.4479049606299212
0
LINE
8
BLACK
6
CONTINUOUS
10
3.5637163779527556
20
-1.4479049606299212
11
3.5857206299212598
21
-1.4259006299212598
0
LINE
8
BLACK
6
CONTINUOUS
10
3.5857206299212598
20
-1.4259006299212598
11
3.5872234645669292
21
-1.4213922440944882
0
LINE
8
BLACK
6
CONTINUOUS
10
3.5872234645669292
20
-1.4213922440944882
11
3.5872234645669292
21
-1.4188188976377953
0
LINE
8
BLACK
6
CONTINUOUS
10
3.5872234645669292
20
-1.4188188976377953
11
3.5858747244094489
21
-1.4161214173228347
0
LINE
8
BLACK
6
CONTINUOUS
10
3.5858747244094489
20
-1.4161214173228347
11
3.5846775984251966
21
-1.4149242913385827
0
LINE
8
BLACK
6
CONTINUOUS
10
3.5846775984251966
20
-1.4149242913385827
11
3.581980118110236
21
-1.4135755511811023
0
LINE
8
BLACK
6
CONTINUOUS
10
3.581980118110236
20
-1.4135755511811023
11
3.5740003937007874
21
-1.4135755511811023
0
LINE
8
BLACK
6
CONTINUOUS
10
3.5740003937007874
20
-1.4135755511811023
11
3.5713029133858267
21
-1.4149242913385827
0
LINE
8
BLACK
6
CONTINUOUS
10
3.5713029133858267
20
-1.4149242913385827
11
3.569766968503937
21
-1.4164602362204723
0
LINE
8
BLACK
6
CONTINUOUS
10
3.569766968503937
20
-1.4164602362204723
11
3.5693195275590552
21
-1.4168274409448818
0
LINE
8
BLACK
6
CONTINUOUS
10
3.5693195275590552
20
-1.4168274409448818
11
3.5682550787401572
21
-1.4172683464566929
0
LINE
8
BLACK
6
CONTINUOUS
10
3.5682550787401572
20
-1.4172683464566929
11
3.567103031496063
21
-1.4172683464566929
0
LINE
8
BLACK
6
CONTINUOUS
10
3.567103031496063
20
-1.4172683464566929
11
3.5660385826771654
21
-1.4168274409448818
0
LINE
8
BLACK
6
CONTINUOUS
10
3.5660385826771654
20
-1.4168274409448818
11
3.565223937007874
21
-1.4160127952755905
0
LINE
8
BLACK
6
CONTINUOUS
10
3.565223937007874
20
-1.4160127952755905
11
3.5647830314960629
21
-1.414948346456693
0
LINE
8
BLACK
6
CONTINUOUS
10
3.5647830314960629
20
-1.414948346456693
11
3.5647830314960629
21
-1.4137962992125983
0
LINE
8
BLACK
6
CONTINUOUS
10
3.5647830314960629
20
-1.4137962992125983
11
3.565223937007874
21
-1.4127318503937007
0
LINE
8
BLACK
6
CONTINUOUS
10
3.565223937007874
20
-1.4127318503937007
11
3.5655911417322832
21
-1.4122844094488189
0
LINE
8
BLACK
6
CONTINUOUS
10
3.5655911417322832
20
-1.4122844094488189
11
3.5674659055118108
21
-1.4104096456692914
0
LINE
8
BLACK
6
CONTINUOUS
10
3.5674659055118108
20
-1.4104096456692914
11
3.5676922440944883
21
-1.4102238582677165
0
LINE
8
BLACK
6
CONTINUOUS
10
3.5676922440944883
20
-1.4102238582677165
11
3.5677434251968503
21
-1.4101648818897639
0
LINE
8
BLACK
6
CONTINUOUS
10
3.5677434251968503
20
-1.4101648818897639
11
3.5678323622047246
21
-1.4101088976377953
0
LINE
8
BLACK
6
CONTINUOUS
10
3.5678323622047246
20
-1.4101088976377953
11
3.567913346456693
21
-1.410042440944882
0
LINE
8
BLACK
6
CONTINUOUS
10
3.567913346456693
20
-1.410042440944882
11
3.567985275590551
21
-1.4100125984251968
0
LINE
8
BLACK
6
CONTINUOUS
10
3.567985275590551
20
-1.4100125984251968
11
3.5682333070866141
21
-1.4098565354330708
0
LINE
8
BLACK
6
CONTINUOUS
10
3.5682333070866141
20
-1.4098565354330708
11
3.5719828346456692
21
-1.4079817716535432
0
LINE
8
BLACK
6
CONTINUOUS
10
3.5719828346456692
20
-1.4079817716535432
11
3.5725234251968505
21
-1.4077748818897637
0
LINE
8
BLACK
6
CONTINUOUS
10
3.5725234251968505
20
-1.4077748818897637
11
3.5726292913385826
21
-1.4077673228346457
0
LINE
8
BLACK
6
CONTINUOUS
10
3.5726292913385826
20
-1.4077673228346457
11
3.5727272834645669
21
-1.4077267716535433
0
LINE
8
BLACK
6
CONTINUOUS
10
3.5727272834645669
20
-1.4077267716535433
11
3.5733033464566928
21
-1.4076700393700787
0
LINE
8
BLACK
6
CONTINUOUS
10
3.5733033464566928
20
-1.4076700393700787
11
3.5826771653543306
21
-1.4076700393700787
0
LINE
8
BLACK
6
CONTINUOUS
10
3.5826771653543306
20
-1.4076700393700787
11
3.5832532283464564
21
-1.4077267716535433
0
LINE
8
BLACK
6
CONTINUOUS
10
3.6335997244094487
20
-1.4094897244094489
11
3.6337795275590552
21
-1.4103937007874014
0
LINE
8
BLACK
6
CONTINUOUS
10
3.6337795275590552
20
-1.4103937007874014
11
3.6337795275590552
21
-1.4403937007874015
0
LINE
8
BLACK
6
CONTINUOUS
10
3.6337795275590552
20
-1.4403937007874015
11
3.6335997244094487
21
-1.4412976771653543
0
LINE
8
BLACK
6
CONTINUOUS
10
3.6335997244094487
20
-1.4412976771653543
11
3.6323212992125984
21
-1.4425761023622048
0
LINE
8
BLACK
6
CONTINUOUS
10
3.6323212992125984
20
-1.4425761023622048
11
3.6305133464566928
21
-1.4425761023622048
0
LINE
8
BLACK
6
CONTINUOUS
10
3.6305133464566928
20
-1.4425761023622048
11
3.6292349212598425
21
-1.4412976771653543
0
LINE
8
BLACK
6
CONTINUOUS
10
3.6292349212598425
20
-1.4412976771653543
11
3.629055118110236
21
-1.4403937007874015
0
LINE
8
BLACK
6
CONTINUOUS
10
3.629055118110236
20
-1.4403937007874015
11
3.629055118110236
21
-1.4103937007874014
0
LINE
8
BLACK
6
CONTINUOUS
10
3.629055118110236
20
-1.4103937007874014
11
3.6292349212598425
21
-1.4094897244094489
0
LINE
8
BLACK
6
CONTINUOUS
10
3.6292349212598425
20
-1.4094897244094489
11
3.6305133464566928
21
-1.4082112992125984
0
LINE
8
BLACK
6
CONTINUOUS
10
3.6305133464566928
20
-1.4082112992125984
11
3.6323212992125984
21
-1.4082112992125984
0
LINE
8
BLACK
6
CONTINUOUS
10
3.6323212992125984
20
-1.4082112992125984
11
3.6335997244094487
21
-1.4094897244094489
0
LINE
8
BLACK
6
CONTINUOUS
10
3.6935997244094487
20
-1.4094897244094489
11
3.6937795275590553
21
-1.4103937007874014
0
LINE
8
BLACK
6
CONTINUOUS
10
3.6937795275590553
20
-1.4103937007874014
11
3.6937795275590553
21
-1.4403937007874015
0
LINE
8
BLACK
6
CONTINUOUS
10
3.6937795275590553
20
-1.4403937007874015
11
3.6935997244094487
21
-1.4412976771653543
0
LINE
8
BLACK
6
CONTINUOUS
10
3.6935997244094487
20
-1.4412976771653543
11
3.6923212992125984
21
-1.4425761023622048
0
LINE
8
BLACK
6
CONTINUOUS
10
3.6923212992125984
20
-1.4425761023622048
11
3.6905133464566928
21
-1.4425761023622048
0
LINE
8
BLACK
6
CONTINUOUS
10
3.6905133464566928
20
-1.4425761023622048
11
3.6892349212598425
21
-1.4412976771653543
0
LINE
8
BLACK
6
CONTINUOUS
10
3.6892349212598425
20
-1.4412976771653543
11
3.689055118110236
21
-1.4403937007874015
0
LINE
8
BLACK
6
CONTINUOUS
10
3.689055118110236
20
-1.4403937007874015
11
3.689055118110236
21
-1.4103937007874014
0
LINE
8
BLACK
6
CONTINUOUS
10
3.689055118110236
20
-1.4103937007874014
11
3.6892349212598425
21
-1.4094897244094489
0
LINE
8
BLACK
6
CONTINUOUS
10
3.6892349212598425
20
-1.4094897244094489
11
3.6905133464566928
21
-1.4082112992125984
0
LINE
8
BLACK
6
CONTINUOUS
10
3.6905133464566928
20
-1.4082112992125984
11
3.6923212992125984
21
-1.4082112992125984
0
LINE
8
BLACK
6
CONTINUOUS
10
3.6923212992125984
20
-1.4082112992125984
11
3.6935997244094487
21
-1.4094897244094489
0
LINE
8
BLACK
6
CONTINUOUS
10
3.7084028740157478
20
-1.4076196456692913
11
3.7085826771653543
21
-1.4085236220472441
0
LINE
8
BLACK
6
CONTINUOUS
10
3.7085826771653543
20
-1.4085236220472441
11
3.7085826771653543
21
-1.4385236220472442
0
LINE
8
BLACK
6
CONTINUOUS
10
3.7085826771653543
20
-1.4385236220472442
11
3.7084028740157478
21
-1.4394275984251967
0
LINE
8
BLACK
6
CONTINUOUS
10
3.7084028740157478
20
-1.4394275984251967
11
3.7071244488188975
21
-1.4407060236220472
0
LINE
8
BLACK
6
CONTINUOUS
10
3.7071244488188975
20
-1.4407060236220472
11
3.7053164960629918
21
-1.4407060236220472
0
LINE
8
BLACK
6
CONTINUOUS
10
3.7053164960629918
20
-1.4407060236220472
11
3.7040380708661416
21
-1.4394275984251967
0
LINE
8
BLACK
6
CONTINUOUS
10
3.7040380708661416
20
-1.4394275984251967
11
3.7038582677165355
21
-1.4385236220472442
0
LINE
8
BLACK
6
CONTINUOUS
10
3.7038582677165355
20
-1.4385236220472442
11
3.7038582677165355
21
-1.4085236220472441
0
LINE
8
BLACK
6
CONTINUOUS
10
3.7038582677165355
20
-1.4085236220472441
11
3.7040380708661416
21
-1.4076196456692913
0
LINE
8
BLACK
6
CONTINUOUS
10
3.7040380708661416
20
-1.4076196456692913
11
3.7053164960629918
21
-1.4063412204724408
0
LINE
8
BLACK
6
CONTINUOUS
10
3.7053164960629918
20
-1.4063412204724408
11
3.7071244488188975
21
-1.4063412204724408
0
LINE
8
BLACK
6
CONTINUOUS
10
3.7071244488188975
20
-1.4063412204724408
11
3.7084028740157478
21
-1.4076196456692913
0
LINE
8
BLACK
6
CONTINUOUS
10
3.7684028740157478
20
-1.4076196456692913
11
3.7685826771653543
21
-1.4085236220472441
0
LINE
8
BLACK
6
CONTINUOUS
10
3.7685826771653543
20
-1.4085236220472441
11
3.7685826771653543
21
-1.4385236220472442
0
LINE
8
BLACK
6
CONTINUOUS
10
3.7685826771653543
20
-1.4385236220472442
11
3.7684028740157478
21
-1.4394275984251967
0
LINE
8
BLACK
6
CONTINUOUS
10
3.7684028740157478
20
-1.4394275984251967
11
3.7671244488188975
21
-1.4407060236220472
0
LINE
8
BLACK
6
CONTINUOUS
10
3.7671244488188975
20
-1.4407060236220472
11
3.7653164960629919
21
-1.4407060236220472
0
LINE
8
BLACK
6
CONTINUOUS
10
3.7653164960629919
20
-1.4407060236220472
11
3.7640380708661416
21
-1.4394275984251967
0
LINE
8
BLACK
6
CONTINUOUS
10
3.7640380708661416
20
-1.4394275984251967
11
3.7638582677165355
21
-1.4385236220472442
0
LINE
8
BLACK
6
CONTINUOUS
10
3.7638582677165355
20
-1.4385236220472442
11
3.7638582677165355
21
-1.4085236220472441
0
LINE
8
BLACK
6
CONTINUOUS
10
3.7638582677165355
20
-1.4085236220472441
11
3.7640380708661416
21
-1.4076196456692913
0
LINE
8
BLACK
6
CONTINUOUS
10
3.7640380708661416
20
-1.4076196456692913
11
3.7653164960629919
21
-1.4063412204724408
0
LINE
8
BLACK
6
CONTINUOUS
10
3.7653164960629919
20
-1.4063412204724408
11
3.7671244488188975
21
-1.4063412204724408
0
LINE
8
BLACK
6
CONTINUOUS
10
3.7671244488188975
20
-1.4063412204724408
11
3.7684028740157478
21
-1.4076196456692913
0
LINE
8
BLACK
6
CONTINUOUS
10
3.8288072047244093
20
-1.3919281102362204
11
3.8292546456692911
21
-1.3922953149606299
0
LINE
8
BLACK
6
CONTINUOUS
10
3.8292546456692911
20
-1.3922953149606299
11
3.8716810629921259
21
-1.4347217322834644
0
LINE
8
BLACK
6
CONTINUOUS
10
3.8716810629921259
20
-1.4347217322834644
11
3.8720482677165355
21
-1.4351691732283465
0
LINE
8
BLACK
6
CONTINUOUS
10
3.8720482677165355
20
-1.4351691732283465
11
3.8724891732283462
21
-1.4362335826771653
0
LINE
8
BLACK
6
CONTINUOUS
10
3.8724891732283462
20
-1.4362335826771653
11
3.8724891732283462
21
-1.4373856692913385
0
LINE
8
BLACK
6
CONTINUOUS
10
3.8724891732283462
20
-1.4373856692913385
11
3.8720482677165355
21
-1.4384500787401575
0
LINE
8
BLACK
6
CONTINUOUS
10
3.8720482677165355
20
-1.4384500787401575
11
3.8712335826771653
21
-1.4392647637795275
0
LINE
8
BLACK
6
CONTINUOUS
10
3.8712335826771653
20
-1.4392647637795275
11
3.8701691732283465
21
-1.4397056692913386
0
LINE
8
BLACK
6
CONTINUOUS
10
3.8701691732283465
20
-1.4397056692913386
11
3.8690170866141731
21
-1.4397056692913386
0
LINE
8
BLACK
6
CONTINUOUS
10
3.8690170866141731
20
-1.4397056692913386
11
3.8679526771653543
21
-1.4392647637795275
0
LINE
8
BLACK
6
CONTINUOUS
10
3.8679526771653543
20
-1.4392647637795275
11
3.8675052362204725
21
-1.4388975590551181
0
LINE
8
BLACK
6
CONTINUOUS
10
3.8675052362204725
20
-1.4388975590551181
11
3.8250788188976377
21
-1.3964711417322835
0
LINE
8
BLACK
6
CONTINUOUS
10
3.8250788188976377
20
-1.3964711417322835
11
3.8247116141732285
21
-1.3960237007874015
0
LINE
8
BLACK
6
CONTINUOUS
10
3.8247116141732285
20
-1.3960237007874015
11
3.8242707086614174
21
-1.3949592519685039
0
LINE
8
BLACK
6
CONTINUOUS
10
3.8242707086614174
20
-1.3949592519685039
11
3.8242707086614174
21
-1.3938072047244094
0
LINE
8
BLACK
6
CONTINUOUS
10
3.8242707086614174
20
-1.3938072047244094
11
3.8247116141732285
21
-1.3927427559055119
0
LINE
8
BLACK
6
CONTINUOUS
10
3.8247116141732285
20
-1.3927427559055119
11
3.8255262598425195
21
-1.3919281102362204
0
LINE
8
BLACK
6
CONTINUOUS
10
3.8255262598425195
20
-1.3919281102362204
11
3.826590708661417
21
-1.3914872047244093
0
LINE
8
BLACK
6
CONTINUOUS
10
3.826590708661417
20
-1.3914872047244093
11
3.8277427559055117
21
-1.3914872047244093
0
LINE
8
BLACK
6
CONTINUOUS
10
3.8277427559055117
20
-1.3914872047244093
11
3.8288072047244093
21
-1.3919281102362204
0
LINE
8
BLACK
6
CONTINUOUS
10
3.9443316929133858
20
-1.3966069291338583
11
3.9443316929133858
21
-1.3984149212598425
0
LINE
8
BLACK
6
CONTINUOUS
10
3.9443316929133858
20
-1.3984149212598425
11
3.9438196062992126
21
-1.3991812598425197
0
LINE
8
BLACK
6
CONTINUOUS
10
3.9438196062992126
20
-1.3991812598425197
11
3.9226064173228345
21
-1.4203944094488188
0
LINE
8
BLACK
6
CONTINUOUS
10
3.9226064173228345
20
-1.4203944094488188
11
3.9218400787401575
21
-1.420906496062992
0
LINE
8
BLACK
6
CONTINUOUS
10
3.9218400787401575
20
-1.420906496062992
11
3.9200321259842519
21
-1.420906496062992
0
LINE
8
BLACK
6
CONTINUOUS
10
3.9200321259842519
20
-1.420906496062992
11
3.9187537007874016
21
-1.4196280708661417
0
LINE
8
BLACK
6
CONTINUOUS
10
3.9187537007874016
20
-1.4196280708661417
11
3.9187537007874016
21
-1.4178201181102361
0
LINE
8
BLACK
6
CONTINUOUS
10
3.9187537007874016
20
-1.4178201181102361
11
3.9192657874015748
21
-1.4170537795275591
0
LINE
8
BLACK
6
CONTINUOUS
10
3.9192657874015748
20
-1.4170537795275591
11
3.9404789370078741
21
-1.395840590551181
0
LINE
8
BLACK
6
CONTINUOUS
10
3.9404789370078741
20
-1.395840590551181
11
3.9412452755905512
21
-1.3953285039370078
0
LINE
8
BLACK
6
CONTINUOUS
10
3.9412452755905512
20
-1.3953285039370078
11
3.9430532677165355
21
-1.3953285039370078
0
LINE
8
BLACK
6
CONTINUOUS
10
3.9430532677165355
20
-1.3953285039370078
11
3.9443316929133858
21
-1.3966069291338583
0
LINE
8
BLACK
6
CONTINUOUS
10
3.9756095669291338
20
-1.3632359842519686
11
3.9760570078740156
21
-1.363603188976378
0
LINE
8
BLACK
6
CONTINUOUS
10
3.9760570078740156
20
-1.363603188976378
11
4.01848342519685
21
-1.4060296062992126
0
LINE
8
BLACK
6
CONTINUOUS
10
4.01848342519685
20
-1.4060296062992126
11
4.0188506299212596
21
-1.4064770472440944
0
LINE
8
BLACK
6
CONTINUOUS
10
4.0188506299212596
20
-1.4064770472440944
11
4.0192915354330712
21
-1.4075414566929134
0
LINE
8
BLACK
6
CONTINUOUS
10
4.0192915354330712
20
-1.4075414566929134
11
4.0192915354330712
21
-1.4086935433070866
0
LINE
8
BLACK
6
CONTINUOUS
10
4.0192915354330712
20
-1.4086935433070866
11
4.0188506299212596
21
-1.4097579527559054
0
LINE
8
BLACK
6
CONTINUOUS
10
4.0188506299212596
20
-1.4097579527559054
11
4.0180359448818894
21
-1.4105726377952756
0
LINE
8
BLACK
6
CONTINUOUS
10
4.0180359448818894
20
-1.4105726377952756
11
4.0169715354330711
21
-1.4110135433070865
0
LINE
8
BLACK
6
CONTINUOUS
10
4.0169715354330711
20
-1.4110135433070865
11
4.0158194488188972
21
-1.4110135433070865
0
LINE
8
BLACK
6
CONTINUOUS
10
4.0158194488188972
20
-1.4110135433070865
11
4.0147550393700788
21
-1.4105726377952756
0
LINE
8
BLACK
6
CONTINUOUS
10
4.0147550393700788
20
-1.4105726377952756
11
4.014307598425197
21
-1.4102054330708662
0
LINE
8
BLACK
6
CONTINUOUS
10
4.014307598425197
20
-1.4102054330708662
11
3.9718811811023622
21
-1.3677790157480314
0
LINE
8
BLACK
6
CONTINUOUS
10
3.9718811811023622
20
-1.3677790157480314
11
3.9715139763779526
21
-1.3673315748031496
0
LINE
8
BLACK
6
CONTINUOUS
10
3.9715139763779526
20
-1.3673315748031496
11
3.9710730708661415
21
-1.366267125984252
0
LINE
8
BLACK
6
CONTINUOUS
10
3.9710730708661415
20
-1.366267125984252
11
3.9710730708661415
21
-1.3651150787401574
0
LINE
8
BLACK
6
CONTINUOUS
10
3.9710730708661415
20
-1.3651150787401574
11
3.9715139763779526
21
-1.3640506299212598
0
LINE
8
BLACK
6
CONTINUOUS
10
3.9715139763779526
20
-1.3640506299212598
11
3.972328622047244
21
-1.3632359842519686
0
LINE
8
BLACK
6
CONTINUOUS
10
3.972328622047244
20
-1.3632359842519686
11
3.9733930708661416
21
-1.3627950787401575
0
LINE
8
BLACK
6
CONTINUOUS
10
3.9733930708661416
20
-1.3627950787401575
11
3.9745451181102363
21
-1.3627950787401575
0
LINE
8
BLACK
6
CONTINUOUS
10
3.9745451181102363
20
-1.3627950787401575
11
3.9756095669291338
21
-1.3632359842519686
0
LINE
8
BLACK
6
CONTINUOUS
10
3.9248085433070865
20
-1.3828726771653543
11
3.9248085433070865
21
-1.3846806692913385
0
LINE
8
BLACK
6
CONTINUOUS
10
3.9248085433070865
20
-1.3846806692913385
11
3.9242964566929133
21
-1.3854470078740158
0
LINE
8
BLACK
6
CONTINUOUS
10
3.9242964566929133
20
-1.3854470078740158
11
3.9030832677165352
21
-1.406660157480315
0
LINE
8
BLACK
6
CONTINUOUS
10
3.9030832677165352
20
-1.406660157480315
11
3.9023169291338582
21
-1.4071722440944883
0
LINE
8
BLACK
6
CONTINUOUS
10
3.9023169291338582
20
-1.4071722440944883
11
3.9005089763779526
21
-1.4071722440944883
0
LINE
8
BLACK
6
CONTINUOUS
10
3.9005089763779526
20
-1.4071722440944883
11
3.8992305511811023
21
-1.4058938188976378
0
LINE
8
BLACK
6
CONTINUOUS
10
3.8992305511811023
20
-1.4058938188976378
11
3.8992305511811023
21
-1.4040858661417321
0
LINE
8
BLACK
6
CONTINUOUS
10
3.8992305511811023
20
-1.4040858661417321
11
3.8997426377952755
21
-1.4033195275590551
0
LINE
8
BLACK
6
CONTINUOUS
10
3.8997426377952755
20
-1.4033195275590551
11
3.9209557874015748
21
-1.3821063385826771
0
LINE
8
BLACK
6
CONTINUOUS
10
3.9209557874015748
20
-1.3821063385826771
11
3.9217221259842518
21
-1.3815942519685038
0
LINE
8
BLACK
6
CONTINUOUS
10
3.9217221259842518
20
-1.3815942519685038
11
3.9235301181102362
21
-1.3815942519685038
0
LINE
8
BLACK
6
CONTINUOUS
10
3.9235301181102362
20
-1.3815942519685038
11
3.9248085433070865
21
-1.3828726771653543
0
LINE
8
BLACK
6
CONTINUOUS
10
4.0923398818897638
20
-1.3717338582677165
11
4.0924413779527562
21
-1.3722441338582676
0
LINE
8
BLACK
6
CONTINUOUS
10
4.0924413779527562
20
-1.3722441338582676
11
4.1595271259842521
21
-1.3722441338582676
0
LINE
8
BLACK
6
CONTINUOUS
10
4.1595271259842521
20
-1.3722441338582676
11
4.1596286220472436
21
-1.3717338582677165
0
LINE
8
BLACK
6
CONTINUOUS
10
4.1596286220472436
20
-1.3717338582677165
11
4.1609070472440948
21
-1.370455433070866
0
LINE
8
BLACK
6
CONTINUOUS
10
4.1609070472440948
20
-1.370455433070866
11
4.1627149999999995
21
-1.370455433070866
0
LINE
8
BLACK
6
CONTINUOUS
10
4.1627149999999995
20
-1.370455433070866
11
4.1639934251968507
21
-1.3717338582677165
0
LINE
8
BLACK
6
CONTINUOUS
10
4.1639934251968507
20
-1.3717338582677165
11
4.1641732283464563
21
-1.3726378346456694
0
LINE
8
BLACK
6
CONTINUOUS
10
4.1641732283464563
20
-1.3726378346456694
11
4.1641732283464563
21
-1.3746063385826772
0
LINE
8
BLACK
6
CONTINUOUS
10
4.1641732283464563
20
-1.3746063385826772
11
4.1639934251968507
21
-1.3755103149606298
0
LINE
8
BLACK
6
CONTINUOUS
10
4.1639934251968507
20
-1.3755103149606298
11
4.1627149999999995
21
-1.3767887401574803
0
LINE
8
BLACK
6
CONTINUOUS
10
4.1627149999999995
20
-1.3767887401574803
11
4.1618110236220476
21
-1.3769685433070866
0
LINE
8
BLACK
6
CONTINUOUS
10
4.1618110236220476
20
-1.3769685433070866
11
4.0901574803149607
21
-1.3769685433070866
0
LINE
8
BLACK
6
CONTINUOUS
10
4.0901574803149607
20
-1.3769685433070866
11
4.0892535039370079
21
-1.3767887401574803
0
LINE
8
BLACK
6
CONTINUOUS
10
4.0892535039370079
20
-1.3767887401574803
11
4.0879750787401576
21
-1.3755103149606298
0
LINE
8
BLACK
6
CONTINUOUS
10
4.0879750787401576
20
-1.3755103149606298
11
4.0877952755905511
21
-1.3746063385826772
0
LINE
8
BLACK
6
CONTINUOUS
10
4.0877952755905511
20
-1.3746063385826772
11
4.0877952755905511
21
-1.3726378346456694
0
LINE
8
BLACK
6
CONTINUOUS
10
4.0877952755905511
20
-1.3726378346456694
11
4.0879750787401576
21
-1.3717338582677165
0
LINE
8
BLACK
6
CONTINUOUS
10
4.0879750787401576
20
-1.3717338582677165
11
4.0892535039370079
21
-1.370455433070866
0
LINE
8
BLACK
6
CONTINUOUS
10
4.0892535039370079
20
-1.370455433070866
11
4.0910614566929135
21
-1.370455433070866
0
LINE
8
BLACK
6
CONTINUOUS
10
4.0910614566929135
20
-1.370455433070866
11
4.0923398818897638
21
-1.3717338582677165
0
LINE
8
BLACK
6
CONTINUOUS
10
3.6919933858267715
20
-1.3624976771653543
11
3.6930577952755903
21
-1.3629385826771654
0
LINE
8
BLACK
6
CONTINUOUS
10
3.6930577952755903
20
-1.3629385826771654
11
3.6938724409448818
21
-1.3637532283464566
0
LINE
8
BLACK
6
CONTINUOUS
10
3.6938724409448818
20
-1.3637532283464566
11
3.6943133464566928
21
-1.3648176377952757
0
LINE
8
BLACK
6
CONTINUOUS
10
3.6943133464566928
20
-1.3648176377952757
11
3.6943133464566928
21
-1.3659697637795276
0
LINE
8
BLACK
6
CONTINUOUS
10
3.6943133464566928
20
-1.3659697637795276
11
3.6938724409448818
21
-1.3670341732283464
0
LINE
8
BLACK
6
CONTINUOUS
10
3.6938724409448818
20
-1.3670341732283464
11
3.6930577952755903
21
-1.3678488188976379
0
LINE
8
BLACK
6
CONTINUOUS
10
3.6930577952755903
20
-1.3678488188976379
11
3.6919933858267715
21
-1.3682897244094487
0
LINE
8
BLACK
6
CONTINUOUS
10
3.6919933858267715
20
-1.3682897244094487
11
3.6914173228346456
21
-1.3683464566929133
0
LINE
8
BLACK
6
CONTINUOUS
10
3.6914173228346456
20
-1.3683464566929133
11
3.6314173228346456
21
-1.3683464566929133
0
LINE
8
BLACK
6
CONTINUOUS
10
3.6314173228346456
20
-1.3683464566929133
11
3.6308412598425197
21
-1.3682897244094487
0
LINE
8
BLACK
6
CONTINUOUS
10
3.6308412598425197
20
-1.3682897244094487
11
3.6297768503937009
21
-1.3678488188976379
0
LINE
8
BLACK
6
CONTINUOUS
10
3.6297768503937009
20
-1.3678488188976379
11
3.6289622047244094
21
-1.3670341732283464
0
LINE
8
BLACK
6
CONTINUOUS
10
3.6289622047244094
20
-1.3670341732283464
11
3.6285212992125984
21
-1.3659697637795276
0
LINE
8
BLACK
6
CONTINUOUS
10
3.6285212992125984
20
-1.3659697637795276
11
3.6285212992125984
21
-1.3648176377952757
0
LINE
8
BLACK
6
CONTINUOUS
10
3.6285212992125984
20
-1.3648176377952757
11
3.6289622047244094
21
-1.3637532283464566
0
LINE
8
BLACK
6
CONTINUOUS
10
3.6289622047244094
20
-1.3637532283464566
11
3.6297768503937009
21
-1.3629385826771654
0
LINE
8
BLACK
6
CONTINUOUS
10
3.6297768503937009
20
-1.3629385826771654
11
3.6308412598425197
21
-1.3624976771653543
0
LINE
8
BLACK
6
CONTINUOUS
10
3.6308412598425197
20
-1.3624976771653543
11
3.6314173228346456
21
-1.3624409448818897
0
LINE
8
BLACK
6
CONTINUOUS
10
3.6314173228346456
20
-1.3624409448818897
11
3.6914173228346456
21
-1.3624409448818897
0
LINE
8
BLACK
6
CONTINUOUS
10
3.6914173228346456
20
-1.3624409448818897
11
3.6919933858267715
21
-1.3624976771653543
0
LINE
8
BLACK
6
CONTINUOUS
10
3.7667965354330706
20
-1.3606275984251968
11
3.7678609448818898
21
-1.3610685039370078
0
LINE
8
BLACK
6
CONTINUOUS
10
3.7678609448818898
20
-1.3610685039370078
11
3.7686755905511808
21
-1.3618831496062991
0
LINE
8
BLACK
6
CONTINUOUS
10
3.7686755905511808
20
-1.3618831496062991
11
3.7691164960629919
21
-1.3629475590551181
0
LINE
8
BLACK
6
CONTINUOUS
10
3.7691164960629919
20
-1.3629475590551181
11
3.7691164960629919
21
-1.3640996850393701
0
LINE
8
BLACK
6
CONTINUOUS
10
3.7691164960629919
20
-1.3640996850393701
11
3.7686755905511808
21
-1.3651640944881889
0
LINE
8
BLACK
6
CONTINUOUS
10
3.7686755905511808
20
-1.3651640944881889
11
3.7678609448818898
21
-1.3659787401574803
0
LINE
8
BLACK
6
CONTINUOUS
10
3.7678609448818898
20
-1.3659787401574803
11
3.7667965354330706
21
-1.3664196456692914
0
LINE
8
BLACK
6
CONTINUOUS
10
3.7667965354330706
20
-1.3664196456692914
11
3.7662204724409447
21
-1.3664763779527558
0
LINE
8
BLACK
6
CONTINUOUS
10
3.7662204724409447
20
-1.3664763779527558
11
3.7062204724409447
21
-1.3664763779527558
0
LINE
8
BLACK
6
CONTINUOUS
10
3.7062204724409447
20
-1.3664763779527558
11
3.7056444094488188
21
-1.3664196456692914
0
LINE
8
BLACK
6
CONTINUOUS
10
3.7056444094488188
20
-1.3664196456692914
11
3.70458
21
-1.3659787401574803
0
LINE
8
BLACK
6
CONTINUOUS
10
3.70458
20
-1.3659787401574803
11
3.7037653543307085
21
-1.3651640944881889
0
LINE
8
BLACK
6
CONTINUOUS
10
3.7037653543307085
20
-1.3651640944881889
11
3.7033244488188974
21
-1.3640996850393701
0
LINE
8
BLACK
6
CONTINUOUS
10
3.7033244488188974
20
-1.3640996850393701
11
3.7033244488188974
21
-1.3629475590551181
0
LINE
8
BLACK
6
CONTINUOUS
10
3.7033244488188974
20
-1.3629475590551181
11
3.7037653543307085
21
-1.3618831496062991
0
LINE
8
BLACK
6
CONTINUOUS
10
3.7037653543307085
20
-1.3618831496062991
11
3.70458
21
-1.3610685039370078
0
LINE
8
BLACK
6
CONTINUOUS
10
3.70458
20
-1.3610685039370078
11
3.7056444094488188
21
-1.3606275984251968
0
LINE
8
BLACK
6
CONTINUOUS
10
3.7056444094488188
20
-1.3606275984251968
11
3.7062204724409447
21
-1.3605708661417322
0
LINE
8
BLACK
6
CONTINUOUS
10
3.7062204724409447
20
-1.3605708661417322
11
3.7662204724409447
21
-1.3605708661417322
0
LINE
8
BLACK
6
CONTINUOUS
10
3.7662204724409447
20
-1.3605708661417322
11
3.7667965354330706
21
-1.3606275984251968
0
LINE
8
BLACK
6
CONTINUOUS
10
3.8823821259842517
20
-1.3404462598425197
11
3.8823821259842517
21
-1.3422542519685039
0
LINE
8
BLACK
6
CONTINUOUS
10
3.8823821259842517
20
-1.3422542519685039
11
3.8818700393700785
21
-1.3430205905511812
0
LINE
8
BLACK
6
CONTINUOUS
10
3.8818700393700785
20
-1.3430205905511812
11
3.8606568503937009
21
-1.3642337401574802
0
LINE
8
BLACK
6
CONTINUOUS
10
3.8606568503937009
20
-1.3642337401574802
11
3.8598905118110234
21
-1.3647458267716535
0
LINE
8
BLACK
6
CONTINUOUS
10
3.8598905118110234
20
-1.3647458267716535
11
3.8580825590551182
21
-1.3647458267716535
0
LINE
8
BLACK
6
CONTINUOUS
10
3.8580825590551182
20
-1.3647458267716535
11
3.8568041338582675
21
-1.3634674015748032
0
LINE
8
BLACK
6
CONTINUOUS
10
3.8568041338582675
20
-1.3634674015748032
11
3.8568041338582675
21
-1.3616594488188976
0
LINE
8
BLACK
6
CONTINUOUS
10
3.8568041338582675
20
-1.3616594488188976
11
3.8573162204724407
21
-1.3608931102362205
0
LINE
8
BLACK
6
CONTINUOUS
10
3.8573162204724407
20
-1.3608931102362205
11
3.87852937007874
21
-1.3396799212598425
0
LINE
8
BLACK
6
CONTINUOUS
10
3.87852937007874
20
-1.3396799212598425
11
3.879295708661417
21
-1.3391678346456692
0
LINE
8
BLACK
6
CONTINUOUS
10
3.879295708661417
20
-1.3391678346456692
11
3.8811037007874014
21
-1.3391678346456692
0
LINE
8
BLACK
6
CONTINUOUS
10
3.8811037007874014
20
-1.3391678346456692
11
3.8823821259842517
21
-1.3404462598425197
0
LINE
8
BLACK
6
CONTINUOUS
10
3.9136599999999997
20
-1.3070753149606298
11
3.9141074409448819
21
-1.3074425196850394
0
LINE
8
BLACK
6
CONTINUOUS
10
3.9141074409448819
20
-1.3074425196850394
11
3.9565338582677163
21
-1.349868937007874
0
LINE
8
BLACK
6
CONTINUOUS
10
3.9565338582677163
20
-1.349868937007874
11
3.956901062992126
21
-1.3503163779527558
0
LINE
8
BLACK
6
CONTINUOUS
10
3.956901062992126
20
-1.3503163779527558
11
3.957341968503937
21
-1.3513807874015749
0
LINE
8
BLACK
6
CONTINUOUS
10
3.957341968503937
20
-1.3513807874015749
11
3.957341968503937
21
-1.3525328740157481
0
LINE
8
BLACK
6
CONTINUOUS
10
3.957341968503937
20
-1.3525328740157481
11
3.956901062992126
21
-1.3535972834645669
0
LINE
8
BLACK
6
CONTINUOUS
10
3.956901062992126
20
-1.3535972834645669
11
3.9560863779527558
21
-1.3544119685039371
0
LINE
8
BLACK
6
CONTINUOUS
10
3.9560863779527558
20
-1.3544119685039371
11
3.9550219685039369
21
-1.3548528740157479
0
LINE
8
BLACK
6
CONTINUOUS
10
3.9550219685039369
20
-1.3548528740157479
11
3.9538698818897635
21
-1.3548528740157479
0
LINE
8
BLACK
6
CONTINUOUS
10
3.9538698818897635
20
-1.3548528740157479
11
3.9528054724409447
21
-1.3544119685039371
0
LINE
8
BLACK
6
CONTINUOUS
10
3.9528054724409447
20
-1.3544119685039371
11
3.9523580314960629
21
-1.3540447637795274
0
LINE
8
BLACK
6
CONTINUOUS
10
3.9523580314960629
20
-1.3540447637795274
11
3.9099316141732281
21
-1.3116183464566928
0
LINE
8
BLACK
6
CONTINUOUS
10
3.9099316141732281
20
-1.3116183464566928
11
3.9095644094488189
21
-1.311170905511811
0
LINE
8
BLACK
6
CONTINUOUS
10
3.9095644094488189
20
-1.311170905511811
11
3.9091235039370078
21
-1.3101064566929133
0
LINE
8
BLACK
6
CONTINUOUS
10
3.9091235039370078
20
-1.3101064566929133
11
3.9091235039370078
21
-1.3089544094488188
0
LINE
8
BLACK
6
CONTINUOUS
10
3.9091235039370078
20
-1.3089544094488188
11
3.9095644094488189
21
-1.3078899606299212
0
LINE
8
BLACK
6
CONTINUOUS
10
3.9095644094488189
20
-1.3078899606299212
11
3.9103790551181103
21
-1.3070753149606298
0
LINE
8
BLACK
6
CONTINUOUS
10
3.9103790551181103
20
-1.3070753149606298
11
3.9114435039370079
21
-1.3066344094488189
0
LINE
8
BLACK
6
CONTINUOUS
10
3.9114435039370079
20
-1.3066344094488189
11
3.9125955511811021
21
-1.3066344094488189
0
LINE
8
BLACK
6
CONTINUOUS
10
3.9125955511811021
20
-1.3066344094488189
11
3.9136599999999997
21
-1.3070753149606298
0
LINE
8
BLACK
6
CONTINUOUS
10
3.5318241732283462
20
-1.2833645275590551
11
3.5326388188976376
21
-1.2841791732283465
0
LINE
8
BLACK
6
CONTINUOUS
10
3.5326388188976376
20
-1.2841791732283465
11
3.5330797244094487
21
-1.2852435826771653
0
LINE
8
BLACK
6
CONTINUOUS
10
3.5330797244094487
20
-1.2852435826771653
11
3.5331364566929131
21
-1.2858196456692914
0
LINE
8
BLACK
6
CONTINUOUS
10
3.5331364566929131
20
-1.2858196456692914
11
3.5331364566929131
21
-1.3139411023622047
0
LINE
8
BLACK
6
CONTINUOUS
10
3.5331364566929131
20
-1.3139411023622047
11
3.533107716535433
21
-1.3142326771653543
0
LINE
8
BLACK
6
CONTINUOUS
10
3.533107716535433
20
-1.3142326771653543
11
3.5331132677165353
21
-1.3143104330708661
0
LINE
8
BLACK
6
CONTINUOUS
10
3.5331132677165353
20
-1.3143104330708661
11
3.5330900000000001
21
-1.3144126771653544
0
LINE
8
BLACK
6
CONTINUOUS
10
3.5330900000000001
20
-1.3144126771653544
11
3.5330797244094487
21
-1.3145171653543306
0
LINE
8
BLACK
6
CONTINUOUS
10
3.5330797244094487
20
-1.3145171653543306
11
3.5330498425196848
21
-1.3145892125984251
0
LINE
8
BLACK
6
CONTINUOUS
10
3.5330498425196848
20
-1.3145892125984251
11
3.5329849212598425
21
-1.3148748818897638
0
LINE
8
BLACK
6
CONTINUOUS
10
3.5329849212598425
20
-1.3148748818897638
11
3.531110157480315
21
-1.3204991338582677
0
LINE
8
BLACK
6
CONTINUOUS
10
3.531110157480315
20
-1.3204991338582677
11
3.5308741732283462
21
-1.3210277165354329
0
LINE
8
BLACK
6
CONTINUOUS
10
3.5308741732283462
20
-1.3210277165354329
11
3.5308046456692912
21
-1.3211078346456693
0
LINE
8
BLACK
6
CONTINUOUS
10
3.5308046456692912
20
-1.3211078346456693
11
3.5307640944881888
21
-1.3212058267716535
0
LINE
8
BLACK
6
CONTINUOUS
10
3.5307640944881888
20
-1.3212058267716535
11
3.5303968897637796
21
-1.3216532677165354
0
LINE
8
BLACK
6
CONTINUOUS
10
3.5303968897637796
20
-1.3216532677165354
11
3.5266473228346458
21
-1.325402874015748
0
LINE
8
BLACK
6
CONTINUOUS
10
3.5266473228346458
20
-1.325402874015748
11
3.5261998818897635
21
-1.3257700787401574
0
LINE
8
BLACK
6
CONTINUOUS
10
3.5261998818897635
20
-1.3257700787401574
11
3.5261018110236217
21
-1.3258106692913385
0
LINE
8
BLACK
6
CONTINUOUS
10
3.5261018110236217
20
-1.3258106692913385
11
3.5260216929133859
21
-1.3258801968503937
0
LINE
8
BLACK
6
CONTINUOUS
10
3.5260216929133859
20
-1.3258801968503937
11
3.5254931496062993
21
-1.3261161811023621
0
LINE
8
BLACK
6
CONTINUOUS
10
3.5254931496062993
20
-1.3261161811023621
11
3.5198688582677167
21
-1.3279909448818896
0
LINE
8
BLACK
6
CONTINUOUS
10
3.5198688582677167
20
-1.3279909448818896
11
3.5195832677165355
21
-1.3280558661417323
0
LINE
8
BLACK
6
CONTINUOUS
10
3.5195832677165355
20
-1.3280558661417323
11
3.5195111811023621
21
-1.328085748031496
0
LINE
8
BLACK
6
CONTINUOUS
10
3.5195111811023621
20
-1.328085748031496
11
3.5194066535433071
21
-1.3280960236220472
0
LINE
8
BLACK
6
CONTINUOUS
10
3.5194066535433071
20
-1.3280960236220472
11
3.5193044094488188
21
-1.3281192913385826
0
LINE
8
BLACK
6
CONTINUOUS
10
3.5193044094488188
20
-1.3281192913385826
11
3.5192266535433072
21
-1.3281137401574803
0
LINE
8
BLACK
6
CONTINUOUS
10
3.5192266535433072
20
-1.3281137401574803
11
3.5189351181102362
21
-1.3281424803149606
0
LINE
8
BLACK
6
CONTINUOUS
10
3.5189351181102362
20
-1.3281424803149606
11
3.5151855905511811
21
-1.3281424803149606
0
LINE
8
BLACK
6
CONTINUOUS
10
3.5151855905511811
20
-1.3281424803149606
11
3.5146095275590552
21
-1.328085748031496
0
LINE
8
BLACK
6
CONTINUOUS
10
3.5146095275590552
20
-1.328085748031496
11
3.513545118110236
21
-1.327644842519685
0
LINE
8
BLACK
6
CONTINUOUS
10
3.513545118110236
20
-1.327644842519685
11
3.5127304724409449
21
-1.3268301968503937
0
LINE
8
BLACK
6
CONTINUOUS
10
3.5127304724409449
20
-1.3268301968503937
11
3.5122895669291339
21
-1.3257657874015747
0
LINE
8
BLACK
6
CONTINUOUS
10
3.5122895669291339
20
-1.3257657874015747
11
3.5122895669291339
21
-1.3246136614173227
0
LINE
8
BLACK
6
CONTINUOUS
10
3.5122895669291339
20
-1.3246136614173227
11
3.5127304724409449
21
-1.3235492519685039
0
LINE
8
BLACK
6
CONTINUOUS
10
3.5127304724409449
20
-1.3235492519685039
11
3.513545118110236
21
-1.3227346062992125
0
LINE
8
BLACK
6
CONTINUOUS
10
3.513545118110236
20
-1.3227346062992125
11
3.5146095275590552
21
-1.3222937007874016
0
LINE
8
BLACK
6
CONTINUOUS
10
3.5146095275590552
20
-1.3222937007874016
11
3.5151855905511811
21
-1.322236968503937
0
LINE
8
BLACK
6
CONTINUOUS
10
3.5151855905511811
20
-1.322236968503937
11
3.5184559842519683
21
-1.322236968503937
0
LINE
8
BLACK
6
CONTINUOUS
10
3.5184559842519683
20
-1.322236968503937
11
3.5229643700787401
21
-1.3207341338582677
0
LINE
8
BLACK
6
CONTINUOUS
10
3.5229643700787401
20
-1.3207341338582677
11
3.5257281102362206
21
-1.3179703543307086
0
LINE
8
BLACK
6
CONTINUOUS
10
3.5257281102362206
20
-1.3179703543307086
11
3.5272309448818895
21
-1.313461968503937
0
LINE
8
BLACK
6
CONTINUOUS
10
3.5272309448818895
20
-1.313461968503937
11
3.5272309448818895
21
-1.2858196456692914
0
LINE
8
BLACK
6
CONTINUOUS
10
3.5272309448818895
20
-1.2858196456692914
11
3.5272876771653543
21
-1.2852435826771653
0
LINE
8
BLACK
6
CONTINUOUS
10
3.5272876771653543
20
-1.2852435826771653
11
3.5277285826771654
21
-1.2841791732283465
0
LINE
8
BLACK
6
CONTINUOUS
10
3.5277285826771654
20
-1.2841791732283465
11
3.5285432283464564
21
-1.2833645275590551
0
LINE
8
BLACK
6
CONTINUOUS
10
3.5285432283464564
20
-1.2833645275590551
11
3.5296076377952756
21
-1.282923622047244
0
LINE
8
BLACK
6
CONTINUOUS
10
3.5296076377952756
20
-1.282923622047244
11
3.5307597637795274
21
-1.282923622047244
0
LINE
8
BLACK
6
CONTINUOUS
10
3.5307597637795274
20
-1.282923622047244
11
3.5318241732283462
21
-1.2833645275590551
0
LINE
8
BLACK
6
CONTINUOUS
10
3.5698584251968501
20
-1.2828968897637796
11
3.5699359055118109
21
-1.2828917322834645
0
LINE
8
BLACK
6
CONTINUOUS
10
3.5699359055118109
20
-1.2828917322834645
11
3.5699892519685039
21
-1.2829097637795275
0
LINE
8
BLACK
6
CONTINUOUS
10
3.5699892519685039
20
-1.2829097637795275
11
3.5701298425196848
21
-1.282923622047244
0
LINE
8
BLACK
6
CONTINUOUS
10
3.5701298425196848
20
-1.282923622047244
11
3.5705730314960631
21
-1.2831072047244094
0
LINE
8
BLACK
6
CONTINUOUS
10
3.5705730314960631
20
-1.2831072047244094
11
3.5710272834645669
21
-1.2832608267716534
0
LINE
8
BLACK
6
CONTINUOUS
10
3.5710272834645669
20
-1.2832608267716534
11
3.571102244094488
21
-1.2833263779527559
0
LINE
8
BLACK
6
CONTINUOUS
10
3.571102244094488
20
-1.2833263779527559
11
3.571194251968504
21
-1.2833645275590551
0
LINE
8
BLACK
6
CONTINUOUS
10
3.571194251968504
20
-1.2833645275590551
11
3.5715332283464565
21
-1.2837035039370079
0
LINE
8
BLACK
6
CONTINUOUS
10
3.5715332283464565
20
-1.2837035039370079
11
3.57189437007874
21
-1.2840194881889764
0
LINE
8
BLACK
6
CONTINUOUS
10
3.57189437007874
20
-1.2840194881889764
11
3.5719385433070867
21
-1.2841088188976377
0
LINE
8
BLACK
6
CONTINUOUS
10
3.5719385433070867
20
-1.2841088188976377
11
3.5720088976377951
21
-1.2841791732283465
0
LINE
8
BLACK
6
CONTINUOUS
10
3.5720088976377951
20
-1.2841791732283465
11
3.5721923622047242
21
-1.2846220866141731
0
LINE
8
BLACK
6
CONTINUOUS
10
3.5721923622047242
20
-1.2846220866141731
11
3.5724050787401573
21
-1.2850522440944883
0
LINE
8
BLACK
6
CONTINUOUS
10
3.5724050787401573
20
-1.2850522440944883
11
3.5724116929133856
21
-1.2851515748031497
0
LINE
8
BLACK
6
CONTINUOUS
10
3.5724116929133856
20
-1.2851515748031497
11
3.5724498031496061
21
-1.2852435826771653
0
LINE
8
BLACK
6
CONTINUOUS
10
3.5724498031496061
20
-1.2852435826771653
11
3.5724498031496061
21
-1.2857232677165353
0
LINE
8
BLACK
6
CONTINUOUS
10
3.5724498031496061
20
-1.2857232677165353
11
3.5724816929133856
21
-1.2862017716535432
0
LINE
8
BLACK
6
CONTINUOUS
10
3.5724816929133856
20
-1.2862017716535432
11
3.5724498031496061
21
-1.2862960629921261
0
LINE
8
BLACK
6
CONTINUOUS
10
3.5724498031496061
20
-1.2862960629921261
11
3.5724498031496061
21
-1.2863957086614173
0
LINE
8
BLACK
6
CONTINUOUS
10
3.5724498031496061
20
-1.2863957086614173
11
3.5722661811023619
21
-1.2868388976377954
0
LINE
8
BLACK
6
CONTINUOUS
10
3.5722661811023619
20
-1.2868388976377954
11
3.5721125984251967
21
-1.2872931496062991
0
LINE
8
BLACK
6
CONTINUOUS
10
3.5721125984251967
20
-1.2872931496062991
11
3.5720304724409448
21
-1.2874079921259842
0
LINE
8
BLACK
6
CONTINUOUS
10
3.5720304724409448
20
-1.2874079921259842
11
3.5720088976377951
21
-1.2874601181102361
0
LINE
8
BLACK
6
CONTINUOUS
10
3.5720088976377951
20
-1.2874601181102361
11
3.5719539370078741
21
-1.2875150393700787
0
LINE
8
BLACK
6
CONTINUOUS
10
3.5719539370078741
20
-1.2875150393700787
11
3.5717759448818898
21
-1.2877640551181102
0
LINE
8
BLACK
6
CONTINUOUS
10
3.5717759448818898
20
-1.2877640551181102
11
3.5628430314960631
21
-1.2979730708661417
0
LINE
8
BLACK
6
CONTINUOUS
10
3.5628430314960631
20
-1.2979730708661417
11
3.5633752362204723
21
-1.2981767322834645
0
LINE
8
BLACK
6
CONTINUOUS
10
3.5633752362204723
20
-1.2981767322834645
11
3.5671247637795274
21
-1.3000514960629921
0
LINE
8
BLACK
6
CONTINUOUS
10
3.5671247637795274
20
-1.3000514960629921
11
3.5673727559055117
21
-1.3002075590551181
0
LINE
8
BLACK
6
CONTINUOUS
10
3.5673727559055117
20
-1.3002075590551181
11
3.5674447244094489
21
-1.3002374015748031
0
LINE
8
BLACK
6
CONTINUOUS
10
3.5674447244094489
20
-1.3002374015748031
11
3.5675256692913386
21
-1.3003038582677164
0
LINE
8
BLACK
6
CONTINUOUS
10
3.5675256692913386
20
-1.3003038582677164
11
3.5676146456692912
21
-1.3003598425196849
0
LINE
8
BLACK
6
CONTINUOUS
10
3.5676146456692912
20
-1.3003598425196849
11
3.5676657874015749
21
-1.3004188188976378
0
LINE
8
BLACK
6
CONTINUOUS
10
3.5676657874015749
20
-1.3004188188976378
11
3.5678921653543307
21
-1.3006046062992125
0
LINE
8
BLACK
6
CONTINUOUS
10
3.5678921653543307
20
-1.3006046062992125
11
3.5697669291338583
21
-1.30247937007874
0
LINE
8
BLACK
6
CONTINUOUS
10
3.5697669291338583
20
-1.30247937007874
11
3.5699526771653542
21
-1.3027057086614173
0
LINE
8
BLACK
6
CONTINUOUS
10
3.5699526771653542
20
-1.3027057086614173
11
3.5700116929133858
21
-1.3027568897637796
0
LINE
8
BLACK
6
CONTINUOUS
10
3.5700116929133858
20
-1.3027568897637796
11
3.5700676377952756
21
-1.3028458267716536
0
LINE
8
BLACK
6
CONTINUOUS
10
3.5700676377952756
20
-1.3028458267716536
11
3.5701341338582675
21
-1.3029268110236221
0
LINE
8
BLACK
6
CONTINUOUS
10
3.5701341338582675
20
-1.3029268110236221
11
3.5701639370078739
21
-1.3029987401574803
0
LINE
8
BLACK
6
CONTINUOUS
10
3.5701639370078739
20
-1.3029987401574803
11
3.5703200393700785
21
-1.3032467716535432
0
LINE
8
BLACK
6
CONTINUOUS
10
3.5703200393700785
20
-1.3032467716535432
11
3.572194803149606
21
-1.3069962992125983
0
LINE
8
BLACK
6
CONTINUOUS
10
3.572194803149606
20
-1.3069962992125983
11
3.5724016929133859
21
-1.3075368897637796
0
LINE
8
BLACK
6
CONTINUOUS
10
3.5724016929133859
20
-1.3075368897637796
11
3.572409212598425
21
-1.3076427559055117
0
LINE
8
BLACK
6
CONTINUOUS
10
3.572409212598425
20
-1.3076427559055117
11
3.5724498031496061
21
-1.307740748031496
0
LINE
8
BLACK
6
CONTINUOUS
10
3.5724498031496061
20
-1.307740748031496
11
3.572506535433071
21
-1.3083168110236221
0
LINE
8
BLACK
6
CONTINUOUS
10
3.572506535433071
20
-1.3083168110236221
11
3.572506535433071
21
-1.3176906299212598
0
LINE
8
BLACK
6
CONTINUOUS
10
3.572506535433071
20
-1.3176906299212598
11
3.5724498031496061
21
-1.3182666929133857
0
LINE
8
BLACK
6
CONTINUOUS
10
3.5724498031496061
20
-1.3182666929133857
11
3.572409212598425
21
-1.3183646456692912
0
LINE
8
BLACK
6
CONTINUOUS
10
3.572409212598425
20
-1.3183646456692912
11
3.5724016929133859
21
-1.3184705511811023
0
LINE
8
BLACK
6
CONTINUOUS
10
3.5724016929133859
20
-1.3184705511811023
11
3.572194803149606
21
-1.3190111417322834
0
LINE
8
BLACK
6
CONTINUOUS
10
3.572194803149606
20
-1.3190111417322834
11
3.5703200393700785
21
-1.3227606692913385
0
LINE
8
BLACK
6
CONTINUOUS
10
3.5703200393700785
20
-1.3227606692913385
11
3.5701639763779527
21
-1.3230085433070866
0
LINE
8
BLACK
6
CONTINUOUS
10
3.5701639763779527
20
-1.3230085433070866
11
3.5701341732283463
21
-1.3230805905511811
0
LINE
8
BLACK
6
CONTINUOUS
10
3.5701341732283463
20
-1.3230805905511811
11
3.5700676377952756
21
-1.3231616141732283
0
LINE
8
BLACK
6
CONTINUOUS
10
3.5700676377952756
20
-1.3231616141732283
11
3.5700116929133858
21
-1.3232505511811024
0
LINE
8
BLACK
6
CONTINUOUS
10
3.5700116929133858
20
-1.3232505511811024
11
3.5699526771653542
21
-1.3233016929133858
0
LINE
8
BLACK
6
CONTINUOUS
10
3.5699526771653542
20
-1.3233016929133858
11
3.5697669291338583
21
-1.3235280708661417
0
LINE
8
BLACK
6
CONTINUOUS
10
3.5697669291338583
20
-1.3235280708661417
11
3.5678922047244095
21
-1.3254028346456692
0
LINE
8
BLACK
6
CONTINUOUS
10
3.5678922047244095
20
-1.3254028346456692
11
3.5676658267716537
21
-1.3255885826771654
0
LINE
8
BLACK
6
CONTINUOUS
10
3.5676658267716537
20
-1.3255885826771654
11
3.5676146456692912
21
-1.3256476377952755
0
LINE
8
BLACK
6
CONTINUOUS
10
3.5676146456692912
20
-1.3256476377952755
11
3.5675256692913386
21
-1.325703622047244
0
LINE
8
BLACK
6
CONTINUOUS
10
3.5675256692913386
20
-1.325703622047244
11
3.5674447244094489
21
-1.3257700787401574
0
LINE
8
BLACK
6
CONTINUOUS
10
3.5674447244094489
20
-1.3257700787401574
11
3.5673727559055117
21
-1.3257998818897638
0
LINE
8
BLACK
6
CONTINUOUS
10
3.5673727559055117
20
-1.3257998818897638
11
3.5671247637795274
21
-1.3259559842519684
0
LINE
8
BLACK
6
CONTINUOUS
10
3.5671247637795274
20
-1.3259559842519684
11
3.5633752362204723
21
-1.3278307480314959
0
LINE
8
BLACK
6
CONTINUOUS
10
3.5633752362204723
20
-1.3278307480314959
11
3.5628346062992127
21
-1.3280376377952756
0
LINE
8
BLACK
6
CONTINUOUS
10
3.5628346062992127
20
-1.3280376377952756
11
3.5627287795275588
21
-1.3280451181102362
0
LINE
8
BLACK
6
CONTINUOUS
10
3.5627287795275588
20
-1.3280451181102362
11
3.5626307874015746
21
-1.328085748031496
0
LINE
8
BLACK
6
CONTINUOUS
10
3.5626307874015746
20
-1.328085748031496
11
3.5620547244094487
21
-1.3281424803149606
0
LINE
8
BLACK
6
CONTINUOUS
10
3.5620547244094487
20
-1.3281424803149606
11
3.5508061417322834
21
-1.3281424803149606
0
LINE
8
BLACK
6
CONTINUOUS
10
3.5508061417322834
20
-1.3281424803149606
11
3.5502300787401575
21
-1.328085748031496
0
LINE
8
BLACK
6
CONTINUOUS
10
3.5502300787401575
20
-1.328085748031496
11
3.5501320866141732
21
-1.3280451574803149
0
LINE
8
BLACK
6
CONTINUOUS
10
3.5501320866141732
20
-1.3280451574803149
11
3.5500262204724407
21
-1.3280376377952756
0
LINE
8
BLACK
6
CONTINUOUS
10
3.5500262204724407
20
-1.3280376377952756
11
3.5494856299212598
21
-1.3278307480314959
0
LINE
8
BLACK
6
CONTINUOUS
10
3.5494856299212598
20
-1.3278307480314959
11
3.5457361023622047
21
-1.3259559842519684
0
LINE
8
BLACK
6
CONTINUOUS
10
3.5457361023622047
20
-1.3259559842519684
11
3.5454880708661416
21
-1.3257998818897638
0
LINE
8
BLACK
6
CONTINUOUS
10
3.5454880708661416
20
-1.3257998818897638
11
3.5454161417322836
21
-1.3257700787401574
0
LINE
8
BLACK
6
CONTINUOUS
10
3.5454161417322836
20
-1.3257700787401574
11
3.5453351574803147
21
-1.325703622047244
0
LINE
8
BLACK
6
CONTINUOUS
10
3.5453351574803147
20
-1.325703622047244
11
3.5452462204724409
21
-1.3256476377952755
0
LINE
8
BLACK
6
CONTINUOUS
10
3.5452462204724409
20
-1.3256476377952755
11
3.5451950000000001
21
-1.3255885826771654
0
LINE
8
BLACK
6
CONTINUOUS
10
3.5451950000000001
20
-1.3255885826771654
11
3.5449686614173226
21
-1.3254028346456692
0
LINE
8
BLACK
6
CONTINUOUS
10
3.5449686614173226
20
-1.3254028346456692
11
3.543093897637795
21
-1.3235280314960629
0
LINE
8
BLACK
6
CONTINUOUS
10
3.543093897637795
20
-1.3235280314960629
11
3.5427266929133858
21
-1.3230805905511811
0
LINE
8
BLACK
6
CONTINUOUS
10
3.5427266929133858
20
-1.3230805905511811
11
3.5422858267716535
21
-1.3220161811023621
0
LINE
8
BLACK
6
CONTINUOUS
10
3.5422858267716535
20
-1.3220161811023621
11
3.5422858267716535
21
-1.3208640944881889
0
LINE
8
BLACK
6
CONTINUOUS
10
3.5422858267716535
20
-1.3208640944881889
11
3.5427267322834646
21
-1.3197996850393701
0
LINE
8
BLACK
6
CONTINUOUS
10
3.5427267322834646
20
-1.3197996850393701
11
3.5435414173228348
21
-1.3189850000000001
0
LINE
8
BLACK
6
CONTINUOUS
10
3.5435414173228348
20
-1.3189850000000001
11
3.5446058267716536
21
-1.3185441338582677
0
LINE
8
BLACK
6
CONTINUOUS
10
3.5446058267716536
20
-1.3185441338582677
11
3.5457579133858266
21
-1.3185441338582677
0
LINE
8
BLACK
6
CONTINUOUS
10
3.5457579133858266
20
-1.3185441338582677
11
3.5468223228346454
21
-1.3189850393700786
0
LINE
8
BLACK
6
CONTINUOUS
10
3.5468223228346454
20
-1.3189850393700786
11
3.5472698031496064
21
-1.3193522834645668
0
LINE
8
BLACK
6
CONTINUOUS
10
3.5472698031496064
20
-1.3193522834645668
11
3.5488057086614173
21
-1.3208882283464567
0
LINE
8
BLACK
6
CONTINUOUS
10
3.5488057086614173
20
-1.3208882283464567
11
3.551503188976378
21
-1.322236968503937
0
LINE
8
BLACK
6
CONTINUOUS
10
3.551503188976378
20
-1.322236968503937
11
3.5613576771653541
21
-1.322236968503937
0
LINE
8
BLACK
6
CONTINUOUS
10
3.5613576771653541
20
-1.322236968503937
11
3.564055118110236
21
-1.3208882283464567
0
LINE
8
BLACK
6
CONTINUOUS
10
3.564055118110236
20
-1.3208882283464567
11
3.5652522440944883
21
-1.3196910629921259
0
LINE
8
BLACK
6
CONTINUOUS
10
3.5652522440944883
20
-1.3196910629921259
11
3.5666010236220473
21
-1.3169935826771653
0
LINE
8
BLACK
6
CONTINUOUS
10
3.5666010236220473
20
-1.3169935826771653
11
3.5666010236220473
21
-1.3090138582677164
0
LINE
8
BLACK
6
CONTINUOUS
10
3.5666010236220473
20
-1.3090138582677164
11
3.565252283464567
21
-1.3063163779527558
0
LINE
8
BLACK
6
CONTINUOUS
10
3.565252283464567
20
-1.3063163779527558
11
3.5640551574803148
21
-1.305119251968504
0
LINE
8
BLACK
6
CONTINUOUS
10
3.5640551574803148
20
-1.305119251968504
11
3.5613576771653541
21
-1.3037705118110237
0
LINE
8
BLACK
6
CONTINUOUS
10
3.5613576771653541
20
-1.3037705118110237
11
3.556430433070866
21
-1.3037705118110237
0
LINE
8
BLACK
6
CONTINUOUS
10
3.556430433070866
20
-1.3037705118110237
11
3.5561257480314961
21
-1.3037404724409449
0
LINE
8
BLACK
6
CONTINUOUS
10
3.5561257480314961
20
-1.3037404724409449
11
3.556048307086614
21
-1.3037456692913385
0
LINE
8
BLACK
6
CONTINUOUS
10
3.556048307086614
20
-1.3037456692913385
11
3.5559949212598423
21
-1.3037275984251968
0
LINE
8
BLACK
6
CONTINUOUS
10
3.5559949212598423
20
-1.3037275984251968
11
3.5558543700787402
21
-1.3037137795275591
0
LINE
8
BLACK
6
CONTINUOUS
10
3.5558543700787402
20
-1.3037137795275591
11
3.5554111417322836
21
-1.3035301574803149
0
LINE
8
BLACK
6
CONTINUOUS
10
3.5554111417322836
20
-1.3035301574803149
11
3.5549569291338581
21
-1.3033765748031496
0
LINE
8
BLACK
6
CONTINUOUS
10
3.5549569291338581
20
-1.3033765748031496
11
3.5548819291338583
21
-1.3033109842519686
0
LINE
8
BLACK
6
CONTINUOUS
10
3.5548819291338583
20
-1.3033109842519686
11
3.5547899606299214
21
-1.303272874015748
0
LINE
8
BLACK
6
CONTINUOUS
10
3.5547899606299214
20
-1.303272874015748
11
3.5544509448818897
21
-1.3029338582677166
0
LINE
8
BLACK
6
CONTINUOUS
10
3.5544509448818897
20
-1.3029338582677166
11
3.554089842519685
21
-1.3026179133858267
0
LINE
8
BLACK
6
CONTINUOUS
10
3.554089842519685
20
-1.3026179133858267
11
3.5540456299212599
21
-1.3025285433070866
0
LINE
8
BLACK
6
CONTINUOUS
10
3.5540456299212599
20
-1.3025285433070866
11
3.5539753149606299
21
-1.3024582283464567
0
LINE
8
BLACK
6
CONTINUOUS
10
3.5539753149606299
20
-1.3024582283464567
11
3.553791811023622
21
-1.3020152755905512
0
LINE
8
BLACK
6
CONTINUOUS
10
3.553791811023622
20
-1.3020152755905512
11
3.5535791338582676
21
-1.301585157480315
0
LINE
8
BLACK
6
CONTINUOUS
10
3.5535791338582676
20
-1.301585157480315
11
3.5535724803149606
21
-1.3014857874015748
0
LINE
8
BLACK
6
CONTINUOUS
10
3.5535724803149606
20
-1.3014857874015748
11
3.5535344094488188
21
-1.3013938188976377
0
LINE
8
BLACK
6
CONTINUOUS
10
3.5535344094488188
20
-1.3013938188976377
11
3.5535344094488188
21
-1.300914094488189
0
LINE
8
BLACK
6
CONTINUOUS
10
3.5535344094488188
20
-1.300914094488189
11
3.5535025196850394
21
-1.3004356299212598
0
LINE
8
BLACK
6
CONTINUOUS
10
3.5535025196850394
20
-1.3004356299212598
11
3.5535344094488188
21
-1.3003412992125984
0
LINE
8
BLACK
6
CONTINUOUS
10
3.5535344094488188
20
-1.3003412992125984
11
3.5535344094488188
21
-1.3002416929133858
0
LINE
8
BLACK
6
CONTINUOUS
10
3.5535344094488188
20
-1.3002416929133858
11
3.5537179921259843
21
-1.2997984645669292
0
LINE
8
BLACK
6
CONTINUOUS
10
3.5537179921259843
20
-1.2997984645669292
11
3.5538716141732283
21
-1.2993442519685039
0
LINE
8
BLACK
6
CONTINUOUS
10
3.5538716141732283
20
-1.2993442519685039
11
3.5539537007874014
21
-1.2992293700787401
0
LINE
8
BLACK
6
CONTINUOUS
10
3.5539537007874014
20
-1.2992293700787401
11
3.5539753149606299
21
-1.299177283464567
0
LINE
8
BLACK
6
CONTINUOUS
10
3.5539753149606299
20
-1.299177283464567
11
3.5540302362204725
21
-1.2991223228346456
0
LINE
8
BLACK
6
CONTINUOUS
10
3.5540302362204725
20
-1.2991223228346456
11
3.5542082677165352
21
-1.2988733464566928
0
LINE
8
BLACK
6
CONTINUOUS
10
3.5542082677165352
20
-1.2988733464566928
11
3.5630466141732282
21
-1.2887724015748032
0
LINE
8
BLACK
6
CONTINUOUS
10
3.5630466141732282
20
-1.2887724015748032
11
3.5451818503937007
21
-1.2887724015748032
0
LINE
8
BLACK
6
CONTINUOUS
10
3.5451818503937007
20
-1.2887724015748032
11
3.5446057874015748
21
-1.2887156692913386
0
LINE
8
BLACK
6
CONTINUOUS
10
3.5446057874015748
20
-1.2887156692913386
11
3.543541377952756
21
-1.2882747637795275
0
LINE
8
BLACK
6
CONTINUOUS
10
3.543541377952756
20
-1.2882747637795275
11
3.5427267322834646
21
-1.2874601181102361
0
LINE
8
BLACK
6
CONTINUOUS
10
3.5427267322834646
20
-1.2874601181102361
11
3.5422858267716535
21
-1.2863957086614173
0
LINE
8
BLACK
6
CONTINUOUS
10
3.5422858267716535
20
-1.2863957086614173
11
3.5422858267716535
21
-1.2852435826771653
0
LINE
8
BLACK
6
CONTINUOUS
10
3.5422858267716535
20
-1.2852435826771653
11
3.5427267322834646
21
-1.2841791732283465
0
LINE
8
BLACK
6
CONTINUOUS
10
3.5427267322834646
20
-1.2841791732283465
11
3.543541377952756
21
-1.2833645275590551
0
LINE
8
BLACK
6
CONTINUOUS
10
3.543541377952756
20
-1.2833645275590551
11
3.5446057874015748
21
-1.282923622047244
0
LINE
8
BLACK
6
CONTINUOUS
10
3.5446057874015748
20
-1.282923622047244
11
3.5451818503937007
21
-1.2828668897637796
0
LINE
8
BLACK
6
CONTINUOUS
10
3.5451818503937007
20
-1.2828668897637796
11
3.5695537795275589
21
-1.2828668897637796
0
LINE
8
BLACK
6
CONTINUOUS
10
3.5695537795275589
20
-1.2828668897637796
11
3.5698584251968501
21
-1.2828968897637796
0
LINE
8
BLACK
6
CONTINUOUS
10
4.0800167716535434
20
-1.2390777559055117
11
4.0807086614173231
21
-1.2407480708661418
0
LINE
8
BLACK
6
CONTINUOUS
10
4.0807086614173231
20
-1.2407480708661418
11
4.0802568503937007
21
-1.2421374409448818
0
LINE
8
BLACK
6
CONTINUOUS
10
4.0802568503937007
20
-1.2421374409448818
11
4.0708080314960631
21
-1.2551295669291338
0
LINE
8
BLACK
6
CONTINUOUS
10
4.0708080314960631
20
-1.2551295669291338
11
4.069266062992126
21
-1.2560735039370079
0
LINE
8
BLACK
6
CONTINUOUS
10
4.069266062992126
20
-1.2560735039370079
11
4.0675082677165353
21
-1.255650590551181
0
LINE
8
BLACK
6
CONTINUOUS
10
4.0675082677165353
20
-1.255650590551181
11
4.0669872440944879
21
-1.2551295669291338
0
LINE
8
BLACK
6
CONTINUOUS
10
4.0669872440944879
20
-1.2551295669291338
11
4.0575384251968503
21
-1.2421374409448818
0
LINE
8
BLACK
6
CONTINUOUS
10
4.0575384251968503
20
-1.2421374409448818
11
4.0571155118110234
21
-1.2403796456692913
0
LINE
8
BLACK
6
CONTINUOUS
10
4.0571155118110234
20
-1.2403796456692913
11
4.0580594488188977
21
-1.2388376771653542
0
LINE
8
BLACK
6
CONTINUOUS
10
4.0580594488188977
20
-1.2388376771653542
11
4.0594488188976374
21
-1.2383858661417322
0
LINE
8
BLACK
6
CONTINUOUS
10
4.0594488188976374
20
-1.2383858661417322
11
4.0783464566929135
21
-1.2383858661417322
0
LINE
8
BLACK
6
CONTINUOUS
10
4.0783464566929135
20
-1.2383858661417322
11
4.0800167716535434
21
-1.2390777559055117
0
LINE
8
BLACK
6
CONTINUOUS
10
4.1627149999999995
20
-1.2495892913385827
11
4.1639934251968507
21
-1.2508677165354329
0
LINE
8
BLACK
6
CONTINUOUS
10
4.1639934251968507
20
-1.2508677165354329
11
4.1641732283464563
21
-1.2517716929133857
0
LINE
8
BLACK
6
CONTINUOUS
10
4.1641732283464563
20
-1.2517716929133857
11
4.1641732283464563
21
-1.2537401968503936
0
LINE
8
BLACK
6
CONTINUOUS
10
4.1641732283464563
20
-1.2537401968503936
11
4.1639934251968507
21
-1.2546441732283464
0
LINE
8
BLACK
6
CONTINUOUS
10
4.1639934251968507
20
-1.2546441732283464
11
4.1627149999999995
21
-1.2559225984251967
0
LINE
8
BLACK
6
CONTINUOUS
10
4.1627149999999995
20
-1.2559225984251967
11
4.1609070472440948
21
-1.2559225984251967
0
LINE
8
BLACK
6
CONTINUOUS
10
4.1609070472440948
20
-1.2559225984251967
11
4.1596286220472436
21
-1.2546441732283464
0
LINE
8
BLACK
6
CONTINUOUS
10
4.1596286220472436
20
-1.2546441732283464
11
4.1595271259842521
21
-1.2541338976377951
0
LINE
8
BLACK
6
CONTINUOUS
10
4.1595271259842521
20
-1.2541338976377951
11
4.0924413779527562
21
-1.2541338976377951
0
LINE
8
BLACK
6
CONTINUOUS
10
4.0924413779527562
20
-1.2541338976377951
11
4.0923398818897638
21
-1.2546441732283464
0
LINE
8
BLACK
6
CONTINUOUS
10
4.0923398818897638
20
-1.2546441732283464
11
4.0910614566929135
21
-1.2559225984251967
0
LINE
8
BLACK
6
CONTINUOUS
10
4.0910614566929135
20
-1.2559225984251967
11
4.0892535039370079
21
-1.2559225984251967
0
LINE
8
BLACK
6
CONTINUOUS
10
4.0892535039370079
20
-1.2559225984251967
11
4.0879750787401576
21
-1.2546441732283464
0
LINE
8
BLACK
6
CONTINUOUS
10
4.0879750787401576
20
-1.2546441732283464
11
4.0877952755905511
21
-1.2537401968503936
0
LINE
8
BLACK
6
CONTINUOUS
10
4.0877952755905511
20
-1.2537401968503936
11
4.0877952755905511
21
-1.2517716929133857
0
LINE
8
BLACK
6
CONTINUOUS
10
4.0877952755905511
20
-1.2517716929133857
11
4.0879750787401576
21
-1.2508677165354329
0
LINE
8
BLACK
6
CONTINUOUS
10
4.0879750787401576
20
-1.2508677165354329
11
4.0892535039370079
21
-1.2495892913385827
0
LINE
8
BLACK
6
CONTINUOUS
10
4.0892535039370079
20
-1.2495892913385827
11
4.0901574803149607
21
-1.2494094881889763
0
LINE
8
BLACK
6
CONTINUOUS
10
4.0901574803149607
20
-1.2494094881889763
11
4.1618110236220476
21
-1.2494094881889763
0
LINE
8
BLACK
6
CONTINUOUS
10
4.1618110236220476
20
-1.2494094881889763
11
4.1627149999999995
21
-1.2495892913385827
0
LINE
8
BLACK
6
CONTINUOUS
10
4.0976284645669292
20
-1.1947818897637794
11
4.0984431102362207
21
-1.1955965354330709
0
LINE
8
BLACK
6
CONTINUOUS
10
4.0984431102362207
20
-1.1955965354330709
11
4.0988840157480313
21
-1.1966609448818897
0
LINE
8
BLACK
6
CONTINUOUS
10
4.0988840157480313
20
-1.1966609448818897
11
4.0989407480314961
21
-1.1972370078740158
0
LINE
8
BLACK
6
CONTINUOUS
10
4.0989407480314961
20
-1.1972370078740158
11
4.0989407480314961
21
-1.2284109448818898
0
LINE
8
BLACK
6
CONTINUOUS
10
4.0989407480314961
20
-1.2284109448818898
11
4.1002894881889764
21
-1.2311084251968503
0
LINE
8
BLACK
6
CONTINUOUS
10
4.1002894881889764
20
-1.2311084251968503
11
4.1014866141732282
21
-1.2323055905511811
0
LINE
8
BLACK
6
CONTINUOUS
10
4.1014866141732282
20
-1.2323055905511811
11
4.1041840944881889
21
-1.2336543307086614
0
LINE
8
BLACK
6
CONTINUOUS
10
4.1041840944881889
20
-1.2336543307086614
11
4.1102890551181099
21
-1.2336543307086614
0
LINE
8
BLACK
6
CONTINUOUS
10
4.1102890551181099
20
-1.2336543307086614
11
4.1129864960629918
21
-1.2323055905511811
0
LINE
8
BLACK
6
CONTINUOUS
10
4.1129864960629918
20
-1.2323055905511811
11
4.1141836220472436
21
-1.2311084251968503
0
LINE
8
BLACK
6
CONTINUOUS
10
4.1141836220472436
20
-1.2311084251968503
11
4.1155324015748027
21
-1.2284109448818898
0
LINE
8
BLACK
6
CONTINUOUS
10
4.1155324015748027
20
-1.2284109448818898
11
4.1155324015748027
21
-1.1972370078740158
0
LINE
8
BLACK
6
CONTINUOUS
10
4.1155324015748027
20
-1.1972370078740158
11
4.1155891338582675
21
-1.1966609448818897
0
LINE
8
BLACK
6
CONTINUOUS
10
4.1155891338582675
20
-1.1966609448818897
11
4.1160300393700791
21
-1.1955965354330709
0
LINE
8
BLACK
6
CONTINUOUS
10
4.1160300393700791
20
-1.1955965354330709
11
4.1168446850393696
21
-1.1947818897637794
0
LINE
8
BLACK
6
CONTINUOUS
10
4.1168446850393696
20
-1.1947818897637794
11
4.1179090944881889
21
-1.1943409842519686
0
LINE
8
BLACK
6
CONTINUOUS
10
4.1179090944881889
20
-1.1943409842519686
11
4.1190612204724406
21
-1.1943409842519686
0
LINE
8
BLACK
6
CONTINUOUS
10
4.1190612204724406
20
-1.1943409842519686
11
4.1201256299212599
21
-1.1947818897637794
0
LINE
8
BLACK
6
CONTINUOUS
10
4.1201256299212599
20
-1.1947818897637794
11
4.1209402755905513
21
-1.1955965354330709
0
LINE
8
BLACK
6
CONTINUOUS
10
4.1209402755905513
20
-1.1955965354330709
11
4.121381181102362
21
-1.1966609448818897
0
LINE
8
BLACK
6
CONTINUOUS
10
4.121381181102362
20
-1.1966609448818897
11
4.1214379133858268
21
-1.1972370078740158
0
LINE
8
BLACK
6
CONTINUOUS
10
4.1214379133858268
20
-1.1972370078740158
11
4.1214379133858268
21
-1.2291079921259842
0
LINE
8
BLACK
6
CONTINUOUS
10
4.1214379133858268
20
-1.2291079921259842
11
4.121381181102362
21
-1.2296840551181103
0
LINE
8
BLACK
6
CONTINUOUS
10
4.121381181102362
20
-1.2296840551181103
11
4.1213405905511813
21
-1.2297820078740158
0
LINE
8
BLACK
6
CONTINUOUS
10
4.1213405905511813
20
-1.2297820078740158
11
4.1213330708661413
21
-1.2298879133858267
0
LINE
8
BLACK
6
CONTINUOUS
10
4.1213330708661413
20
-1.2298879133858267
11
4.1211261811023618
21
-1.2304285039370078
0
LINE
8
BLACK
6
CONTINUOUS
10
4.1211261811023618
20
-1.2304285039370078
11
4.1192514173228343
21
-1.2341780314960629
0
LINE
8
BLACK
6
CONTINUOUS
10
4.1192514173228343
20
-1.2341780314960629
11
4.1190953543307085
21
-1.234425905511811
0
LINE
8
BLACK
6
CONTINUOUS
10
4.1190953543307085
20
-1.234425905511811
11
4.1190655511811025
21
-1.2344979527559055
0
LINE
8
BLACK
6
CONTINUOUS
10
4.1190655511811025
20
-1.2344979527559055
11
4.1189990157480318
21
-1.2345789763779527
0
LINE
8
BLACK
6
CONTINUOUS
10
4.1189990157480318
20
-1.2345789763779527
11
4.1189430708661412
21
-1.2346679133858267
0
LINE
8
BLACK
6
CONTINUOUS
10
4.1189430708661412
20
-1.2346679133858267
11
4.1188840551181105
21
-1.2347190551181102
0
LINE
8
BLACK
6
CONTINUOUS
10
4.1188840551181105
20
-1.2347190551181102
11
4.1186983070866141
21
-1.234945433070866
0
LINE
8
BLACK
6
CONTINUOUS
10
4.1186983070866141
20
-1.234945433070866
11
4.1168235826771653
21
-1.2368201968503936
0
LINE
8
BLACK
6
CONTINUOUS
10
4.1168235826771653
20
-1.2368201968503936
11
4.1165972047244095
21
-1.2370059448818898
0
LINE
8
BLACK
6
CONTINUOUS
10
4.1165972047244095
20
-1.2370059448818898
11
4.116546023622047
21
-1.2370650000000001
0
LINE
8
BLACK
6
CONTINUOUS
10
4.116546023622047
20
-1.2370650000000001
11
4.1164570472440944
21
-1.2371209842519684
0
LINE
8
BLACK
6
CONTINUOUS
10
4.1164570472440944
20
-1.2371209842519684
11
4.1163761023622047
21
-1.2371874409448818
0
LINE
8
BLACK
6
CONTINUOUS
10
4.1163761023622047
20
-1.2371874409448818
11
4.116304133858268
21
-1.2372172440944882
0
LINE
8
BLACK
6
CONTINUOUS
10
4.116304133858268
20
-1.2372172440944882
11
4.1160561417322832
21
-1.2373733464566929
0
LINE
8
BLACK
6
CONTINUOUS
10
4.1160561417322832
20
-1.2373733464566929
11
4.1123066141732281
21
-1.2392481102362205
0
LINE
8
BLACK
6
CONTINUOUS
10
4.1123066141732281
20
-1.2392481102362205
11
4.111765984251968
21
-1.239455
0
LINE
8
BLACK
6
CONTINUOUS
10
4.111765984251968
20
-1.239455
11
4.1116601574803147
21
-1.2394624803149605
0
LINE
8
BLACK
6
CONTINUOUS
10
4.1116601574803147
20
-1.2394624803149605
11
4.1115621653543304
21
-1.2395031102362204
0
LINE
8
BLACK
6
CONTINUOUS
10
4.1115621653543304
20
-1.2395031102362204
11
4.1109861023622045
21
-1.239559842519685
0
LINE
8
BLACK
6
CONTINUOUS
10
4.1109861023622045
20
-1.239559842519685
11
4.1034870472440943
21
-1.239559842519685
0
LINE
8
BLACK
6
CONTINUOUS
10
4.1034870472440943
20
-1.239559842519685
11
4.1029109842519684
21
-1.2395031102362204
0
LINE
8
BLACK
6
CONTINUOUS
10
4.1029109842519684
20
-1.2395031102362204
11
4.1028129921259842
21
-1.2394625196850393
0
LINE
8
BLACK
6
CONTINUOUS
10
4.1028129921259842
20
-1.2394625196850393
11
4.102707125984252
21
-1.239455
0
LINE
8
BLACK
6
CONTINUOUS
10
4.102707125984252
20
-1.239455
11
4.1021665354330707
21
-1.2392481102362205
0
LINE
8
BLACK
6
CONTINUOUS
10
4.1021665354330707
20
-1.2392481102362205
11
4.0984170078740156
21
-1.2373733464566929
0
LINE
8
BLACK
6
CONTINUOUS
10
4.0984170078740156
20
-1.2373733464566929
11
4.098168976377953
21
-1.2372172440944882
0
LINE
8
BLACK
6
CONTINUOUS
10
4.098168976377953
20
-1.2372172440944882
11
4.0980970472440941
21
-1.2371874409448818
0
LINE
8
BLACK
6
CONTINUOUS
10
4.0980970472440941
20
-1.2371874409448818
11
4.0980160629921256
21
-1.2371209842519684
0
LINE
8
BLACK
6
CONTINUOUS
10
4.0980160629921256
20
-1.2371209842519684
11
4.0979271259842518
21
-1.2370650000000001
0
LINE
8
BLACK
6
CONTINUOUS
10
4.0979271259842518
20
-1.2370650000000001
11
4.0978759055118106
21
-1.2370059448818898
0
LINE
8
BLACK
6
CONTINUOUS
10
4.0978759055118106
20
-1.2370059448818898
11
4.0976495669291335
21
-1.2368201968503936
0
LINE
8
BLACK
6
CONTINUOUS
10
4.0976495669291335
20
-1.2368201968503936
11
4.095774803149606
21
-1.2349453937007873
0
LINE
8
BLACK
6
CONTINUOUS
10
4.095774803149606
20
-1.2349453937007873
11
4.0955890551181104
21
-1.2347190551181102
0
LINE
8
BLACK
6
CONTINUOUS
10
4.0955890551181104
20
-1.2347190551181102
11
4.0955300787401576
21
-1.2346679133858267
0
LINE
8
BLACK
6
CONTINUOUS
10
4.0955300787401576
20
-1.2346679133858267
11
4.0954740944881891
21
-1.2345789763779527
0
LINE
8
BLACK
6
CONTINUOUS
10
4.0954740944881891
20
-1.2345789763779527
11
4.0954075984251972
21
-1.2344979527559055
0
LINE
8
BLACK
6
CONTINUOUS
10
4.0954075984251972
20
-1.2344979527559055
11
4.0953777559055116
21
-1.234425905511811
0
LINE
8
BLACK
6
CONTINUOUS
10
4.0953777559055116
20
-1.234425905511811
11
4.0952217322834645
21
-1.2341780314960629
0
LINE
8
BLACK
6
CONTINUOUS
10
4.0952217322834645
20
-1.2341780314960629
11
4.093346968503937
21
-1.2304285039370078
0
LINE
8
BLACK
6
CONTINUOUS
10
4.093346968503937
20
-1.2304285039370078
11
4.0931400787401575
21
-1.229887874015748
0
LINE
8
BLACK
6
CONTINUOUS
10
4.0931400787401575
20
-1.229887874015748
11
4.0931325590551184
21
-1.2297820472440946
0
LINE
8
BLACK
6
CONTINUOUS
10
4.0931325590551184
20
-1.2297820472440946
11
4.0930919685039369
21
-1.2296840551181103
0
LINE
8
BLACK
6
CONTINUOUS
10
4.0930919685039369
20
-1.2296840551181103
11
4.0930352362204721
21
-1.2291079921259842
0
LINE
8
BLACK
6
CONTINUOUS
10
4.0930352362204721
20
-1.2291079921259842
11
4.0930352362204721
21
-1.1972370078740158
0
LINE
8
BLACK
6
CONTINUOUS
10
4.0930352362204721
20
-1.1972370078740158
11
4.0930919685039369
21
-1.1966609448818897
0
LINE
8
BLACK
6
CONTINUOUS
10
4.0930919685039369
20
-1.1966609448818897
11
4.0935328740157475
21
-1.1955965354330709
0
LINE
8
BLACK
6
CONTINUOUS
10
4.0935328740157475
20
-1.1955965354330709
11
4.094347519685039
21
-1.1947818897637794
0
LINE
8
BLACK
6
CONTINUOUS
10
4.094347519685039
20
-1.1947818897637794
11
4.0954119291338582
21
-1.1943409842519686
0
LINE
8
BLACK
6
CONTINUOUS
10
4.0954119291338582
20
-1.1943409842519686
11
4.0965640551181099
21
-1.1943409842519686
0
LINE
8
BLACK
6
CONTINUOUS
10
4.0965640551181099
20
-1.1943409842519686
11
4.0976284645669292
21
-1.1947818897637794
0
LINE
8
BLACK
6
CONTINUOUS
10
4.14689031496063
20
-1.1943409842519686
11
4.1471827165354327
21
-1.1943409842519686
0
LINE
8
BLACK
6
CONTINUOUS
10
4.1471827165354327
20
-1.1943409842519686
11
4.1474499606299213
21
-1.1944516929133857
0
LINE
8
BLACK
6
CONTINUOUS
10
4.1474499606299213
20
-1.1944516929133857
11
4.1477337795275586
21
-1.1945078346456692
0
LINE
8
BLACK
6
CONTINUOUS
10
4.1477337795275586
20
-1.1945078346456692
11
4.147977047244094
21
-1.1946699999999999
0
LINE
8
BLACK
6
CONTINUOUS
10
4.147977047244094
20
-1.1946699999999999
11
4.1482471259842519
21
-1.1947818897637794
0
LINE
8
BLACK
6
CONTINUOUS
10
4.1482471259842519
20
-1.1947818897637794
11
4.1484515748031496
21
-1.1949863385826771
0
LINE
8
BLACK
6
CONTINUOUS
10
4.1484515748031496
20
-1.1949863385826771
11
4.1486924015748032
21
-1.1951468897637796
0
LINE
8
BLACK
6
CONTINUOUS
10
4.1486924015748032
20
-1.1951468897637796
11
4.1488551181102364
21
-1.1953898818897637
0
LINE
8
BLACK
6
CONTINUOUS
10
4.1488551181102364
20
-1.1953898818897637
11
4.1490617716535434
21
-1.1955965354330709
0
LINE
8
BLACK
6
CONTINUOUS
10
4.1490617716535434
20
-1.1955965354330709
11
4.1491724409448816
21
-1.1958637401574803
0
LINE
8
BLACK
6
CONTINUOUS
10
4.1491724409448816
20
-1.1958637401574803
11
4.1493334645669293
21
-1.1961041732283464
0
LINE
8
BLACK
6
CONTINUOUS
10
4.1493334645669293
20
-1.1961041732283464
11
4.1493907874015745
21
-1.1963908267716534
0
LINE
8
BLACK
6
CONTINUOUS
10
4.1493907874015745
20
-1.1963908267716534
11
4.149502677165354
21
-1.1966609448818897
0
LINE
8
BLACK
6
CONTINUOUS
10
4.149502677165354
20
-1.1966609448818897
11
4.1495587795275588
21
-1.1972308661417324
0
LINE
8
BLACK
6
CONTINUOUS
10
4.1495587795275588
20
-1.1972308661417324
11
4.1495594094488188
21
-1.1972338976377952
0
LINE
8
BLACK
6
CONTINUOUS
10
4.1495594094488188
20
-1.1972338976377952
11
4.1495591732283463
21
-1.1972349212598425
0
LINE
8
BLACK
6
CONTINUOUS
10
4.1495591732283463
20
-1.1972349212598425
11
4.1495594094488188
21
-1.1972370078740158
0
LINE
8
BLACK
6
CONTINUOUS
10
4.1495594094488188
20
-1.1972370078740158
11
4.1495594094488188
21
-1.2336543307086614
0
LINE
8
BLACK
6
CONTINUOUS
10
4.1495594094488188
20
-1.2336543307086614
11
4.1578552362204722
21
-1.2336543307086614
0
LINE
8
BLACK
6
CONTINUOUS
10
4.1578552362204722
20
-1.2336543307086614
11
4.158431299212598
21
-1.233711062992126
0
LINE
8
BLACK
6
CONTINUOUS
10
4.158431299212598
20
-1.233711062992126
11
4.1594957086614173
21
-1.234151968503937
0
LINE
8
BLACK
6
CONTINUOUS
10
4.1594957086614173
20
-1.234151968503937
11
4.1603103543307087
21
-1.2349666141732283
0
LINE
8
BLACK
6
CONTINUOUS
10
4.1603103543307087
20
-1.2349666141732283
11
4.1607512598425194
21
-1.2360310236220473
0
LINE
8
BLACK
6
CONTINUOUS
10
4.1607512598425194
20
-1.2360310236220473
11
4.1607512598425194
21
-1.2371831496062993
0
LINE
8
BLACK
6
CONTINUOUS
10
4.1607512598425194
20
-1.2371831496062993
11
4.1603103543307087
21
-1.2382475590551181
0
LINE
8
BLACK
6
CONTINUOUS
10
4.1603103543307087
20
-1.2382475590551181
11
4.1594957086614173
21
-1.2390622047244093
0
LINE
8
BLACK
6
CONTINUOUS
10
4.1594957086614173
20
-1.2390622047244093
11
4.158431299212598
21
-1.2395031102362204
0
LINE
8
BLACK
6
CONTINUOUS
10
4.158431299212598
20
-1.2395031102362204
11
4.1578552362204722
21
-1.239559842519685
0
LINE
8
BLACK
6
CONTINUOUS
10
4.1578552362204722
20
-1.239559842519685
11
4.1353580708661415
21
-1.239559842519685
0
LINE
8
BLACK
6
CONTINUOUS
10
4.1353580708661415
20
-1.239559842519685
11
4.1347820078740156
21
-1.2395031102362204
0
LINE
8
BLACK
6
CONTINUOUS
10
4.1347820078740156
20
-1.2395031102362204
11
4.1337175984251964
21
-1.2390622047244093
0
LINE
8
BLACK
6
CONTINUOUS
10
4.1337175984251964
20
-1.2390622047244093
11
4.1329029527559058
21
-1.2382475590551181
0
LINE
8
BLACK
6
CONTINUOUS
10
4.1329029527559058
20
-1.2382475590551181
11
4.1324620472440943
21
-1.2371831496062993
0
LINE
8
BLACK
6
CONTINUOUS
10
4.1324620472440943
20
-1.2371831496062993
11
4.1324620472440943
21
-1.2360310236220473
0
LINE
8
BLACK
6
CONTINUOUS
10
4.1324620472440943
20
-1.2360310236220473
11
4.1329029527559058
21
-1.2349666141732283
0
LINE
8
BLACK
6
CONTINUOUS
10
4.1329029527559058
20
-1.2349666141732283
11
4.1337175984251964
21
-1.234151968503937
0
LINE
8
BLACK
6
CONTINUOUS
10
4.1337175984251964
20
-1.234151968503937
11
4.1347820078740156
21
-1.233711062992126
0
LINE
8
BLACK
6
CONTINUOUS
10
4.1347820078740156
20
-1.233711062992126
11
4.1353580708661415
21
-1.2336543307086614
0
LINE
8
BLACK
6
CONTINUOUS
10
4.1353580708661415
20
-1.2336543307086614
11
4.1436538976377948
21
-1.2336543307086614
0
LINE
8
BLACK
6
CONTINUOUS
10
4.1436538976377948
20
-1.2336543307086614
11
4.1436538976377948
21
-1.2062403543307085
0
LINE
8
BLACK
6
CONTINUOUS
10
4.1436538976377948
20
-1.2062403543307085
11
4.1411955118110235
21
-1.2086987401574802
0
LINE
8
BLACK
6
CONTINUOUS
10
4.1411955118110235
20
-1.2086987401574802
11
4.1409691338582677
21
-1.2088844881889764
0
LINE
8
BLACK
6
CONTINUOUS
10
4.1409691338582677
20
-1.2088844881889764
11
4.140917992125984
21
-1.2089435039370078
0
LINE
8
BLACK
6
CONTINUOUS
10
4.140917992125984
20
-1.2089435039370078
11
4.1408290157480314
21
-1.2089994488188975
0
LINE
8
BLACK
6
CONTINUOUS
10
4.1408290157480314
20
-1.2089994488188975
11
4.1407480708661417
21
-1.2090659448818897
0
LINE
8
BLACK
6
CONTINUOUS
10
4.1407480708661417
20
-1.2090659448818897
11
4.140676102362205
21
-1.2090957480314961
0
LINE
8
BLACK
6
CONTINUOUS
10
4.140676102362205
20
-1.2090957480314961
11
4.1404281102362201
21
-1.2092518503937009
0
LINE
8
BLACK
6
CONTINUOUS
10
4.1404281102362201
20
-1.2092518503937009
11
4.136678582677165
21
-1.2111266141732284
0
LINE
8
BLACK
6
CONTINUOUS
10
4.136678582677165
20
-1.2111266141732284
11
4.136137952755905
21
-1.2113335039370079
0
LINE
8
BLACK
6
CONTINUOUS
10
4.136137952755905
20
-1.2113335039370079
11
4.1349887401574801
21
-1.2114151574803149
0
LINE
8
BLACK
6
CONTINUOUS
10
4.1349887401574801
20
-1.2114151574803149
11
4.1338957874015749
21
-1.2110508267716535
0
LINE
8
BLACK
6
CONTINUOUS
10
4.1338957874015749
20
-1.2110508267716535
11
4.1330253937007875
21
-1.2102959842519685
0
LINE
8
BLACK
6
CONTINUOUS
10
4.1330253937007875
20
-1.2102959842519685
11
4.1325101574803149
21
-1.2092654724409448
0
LINE
8
BLACK
6
CONTINUOUS
10
4.1325101574803149
20
-1.2092654724409448
11
4.1324285039370077
21
-1.2081162598425197
0
LINE
8
BLACK
6
CONTINUOUS
10
4.1324285039370077
20
-1.2081162598425197
11
4.1327928346456693
21
-1.2070233070866141
0
LINE
8
BLACK
6
CONTINUOUS
10
4.1327928346456693
20
-1.2070233070866141
11
4.1335476771653541
21
-1.2061529133858266
0
LINE
8
BLACK
6
CONTINUOUS
10
4.1335476771653541
20
-1.2061529133858266
11
4.1340375590551179
21
-1.2058445669291338
0
LINE
8
BLACK
6
CONTINUOUS
10
4.1340375590551179
20
-1.2058445669291338
11
4.1373585039370075
21
-1.204184094488189
0
LINE
8
BLACK
6
CONTINUOUS
10
4.1373585039370075
20
-1.204184094488189
11
4.1405624015748028
21
-1.2009801968503937
0
LINE
8
BLACK
6
CONTINUOUS
10
4.1405624015748028
20
-1.2009801968503937
11
4.144149803149606
21
-1.1955990944881889
0
LINE
8
BLACK
6
CONTINUOUS
10
4.144149803149606
20
-1.1955990944881889
11
4.1441511417322836
21
-1.1955974015748032
0
LINE
8
BLACK
6
CONTINUOUS
10
4.1441511417322836
20
-1.1955974015748032
11
4.1441515354330711
21
-1.1955965354330709
0
LINE
8
BLACK
6
CONTINUOUS
10
4.1441515354330711
20
-1.1955965354330709
11
4.1441535433070866
21
-1.1955944881889764
0
LINE
8
BLACK
6
CONTINUOUS
10
4.1441535433070866
20
-1.1955944881889764
11
4.1445165748031494
21
-1.1951512598425196
0
LINE
8
BLACK
6
CONTINUOUS
10
4.1445165748031494
20
-1.1951512598425196
11
4.1447594488188972
21
-1.1949885826771653
0
LINE
8
BLACK
6
CONTINUOUS
10
4.1447594488188972
20
-1.1949885826771653
11
4.1449661811023617
21
-1.1947818897637794
0
LINE
8
BLACK
6
CONTINUOUS
10
4.1449661811023617
20
-1.1947818897637794
11
4.1452334645669291
21
-1.1946711417322835
0
LINE
8
BLACK
6
CONTINUOUS
10
4.1452334645669291
20
-1.1946711417322835
11
4.1454738582677164
21
-1.1945101968503937
0
LINE
8
BLACK
6
CONTINUOUS
10
4.1454738582677164
20
-1.1945101968503937
11
4.1457604724409451
21
-1.1944528346456693
0
LINE
8
BLACK
6
CONTINUOUS
10
4.1457604724409451
20
-1.1944528346456693
11
4.1460305905511809
21
-1.1943409842519686
0
LINE
8
BLACK
6
CONTINUOUS
10
4.1460305905511809
20
-1.1943409842519686
11
4.146319881889764
21
-1.1943409842519686
0
LINE
8
BLACK
6
CONTINUOUS
10
4.146319881889764
20
-1.1943409842519686
11
4.1466035433070862
21
-1.194284251968504
0
LINE
8
BLACK
6
CONTINUOUS
10
4.1466035433070862
20
-1.194284251968504
11
4.14689031496063
21
-1.1943409842519686
0
LINE
8
BLACK
6
CONTINUOUS
10
3.4864343700787401
20
-1.2197653149606298
11
3.4866141732283462
21
-1.2206692913385826
0
LINE
8
BLACK
6
CONTINUOUS
10
3.4866141732283462
20
-1.2206692913385826
11
3.4866141732283462
21
-1.2261811023622047
0
LINE
8
BLACK
6
CONTINUOUS
10
3.4866141732283462
20
-1.2261811023622047
11
3.515748031496063
21
-1.2261811023622047
0
LINE
8
BLACK
6
CONTINUOUS
10
3.515748031496063
20
-1.2261811023622047
11
3.5166520078740158
21
-1.226360905511811
0
LINE
8
BLACK
6
CONTINUOUS
10
3.5166520078740158
20
-1.226360905511811
11
3.5179304330708661
21
-1.2276393307086615
0
LINE
8
BLACK
6
CONTINUOUS
10
3.5179304330708661
20
-1.2276393307086615
11
3.5179304330708661
21
-1.2294472834645669
0
LINE
8
BLACK
6
CONTINUOUS
10
3.5179304330708661
20
-1.2294472834645669
11
3.5166520078740158
21
-1.2307257086614174
0
LINE
8
BLACK
6
CONTINUOUS
10
3.5166520078740158
20
-1.2307257086614174
11
3.515748031496063
21
-1.2309055118110237
0
LINE
8
BLACK
6
CONTINUOUS
10
3.515748031496063
20
-1.2309055118110237
11
3.484251968503937
21
-1.2309055118110237
0
LINE
8
BLACK
6
CONTINUOUS
10
3.484251968503937
20
-1.2309055118110237
11
3.4833479921259842
21
-1.2307257086614174
0
LINE
8
BLACK
6
CONTINUOUS
10
3.4833479921259842
20
-1.2307257086614174
11
3.4820695669291339
21
-1.2294472834645669
0
LINE
8
BLACK
6
CONTINUOUS
10
3.4820695669291339
20
-1.2294472834645669
11
3.4818897637795274
21
-1.2285433070866141
0
LINE
8
BLACK
6
CONTINUOUS
10
3.4818897637795274
20
-1.2285433070866141
11
3.4818897637795274
21
-1.2206692913385826
0
LINE
8
BLACK
6
CONTINUOUS
10
3.4818897637795274
20
-1.2206692913385826
11
3.4820695669291339
21
-1.2197653149606298
0
LINE
8
BLACK
6
CONTINUOUS
10
3.4820695669291339
20
-1.2197653149606298
11
3.4833479921259842
21
-1.2184868897637795
0
LINE
8
BLACK
6
CONTINUOUS
10
3.4833479921259842
20
-1.2184868897637795
11
3.4851559448818898
21
-1.2184868897637795
0
LINE
8
BLACK
6
CONTINUOUS
10
3.4851559448818898
20
-1.2184868897637795
11
3.4864343700787401
21
-1.2197653149606298
0
LINE
8
BLACK
6
CONTINUOUS
10
3.6045446062992124
20
-1.2197653149606298
11
3.6047244094488189
21
-1.2206692913385826
0
LINE
8
BLACK
6
CONTINUOUS
10
3.6047244094488189
20
-1.2206692913385826
11
3.6047244094488189
21
-1.2285433070866141
0
LINE
8
BLACK
6
CONTINUOUS
10
3.6047244094488189
20
-1.2285433070866141
11
3.6045446062992124
21
-1.2294472834645669
0
LINE
8
BLACK
6
CONTINUOUS
10
3.6045446062992124
20
-1.2294472834645669
11
3.6032661811023621
21
-1.2307257086614174
0
LINE
8
BLACK
6
CONTINUOUS
10
3.6032661811023621
20
-1.2307257086614174
11
3.6023622047244093
21
-1.2309055118110237
0
LINE
8
BLACK
6
CONTINUOUS
10
3.6023622047244093
20
-1.2309055118110237
11
3.5708661417322833
21
-1.2309055118110237
0
LINE
8
BLACK
6
CONTINUOUS
10
3.5708661417322833
20
-1.2309055118110237
11
3.5699621653543305
21
-1.2307257086614174
0
LINE
8
BLACK
6
CONTINUOUS
10
3.5699621653543305
20
-1.2307257086614174
11
3.5686837401574802
21
-1.2294472834645669
0
LINE
8
BLACK
6
CONTINUOUS
10
3.5686837401574802
20
-1.2294472834645669
11
3.5686837401574802
21
-1.2276393307086615
0
LINE
8
BLACK
6
CONTINUOUS
10
3.5686837401574802
20
-1.2276393307086615
11
3.5699621653543305
21
-1.226360905511811
0
LINE
8
BLACK
6
CONTINUOUS
10
3.5699621653543305
20
-1.226360905511811
11
3.5708661417322833
21
-1.2261811023622047
0
LINE
8
BLACK
6
CONTINUOUS
10
3.5708661417322833
20
-1.2261811023622047
11
3.6000000000000001
21
-1.2261811023622047
0
LINE
8
BLACK
6
CONTINUOUS
10
3.6000000000000001
20
-1.2261811023622047
11
3.6000000000000001
21
-1.2206692913385826
0
LINE
8
BLACK
6
CONTINUOUS
10
3.6000000000000001
20
-1.2206692913385826
11
3.6001798031496062
21
-1.2197653149606298
0
LINE
8
BLACK
6
CONTINUOUS
10
3.6001798031496062
20
-1.2197653149606298
11
3.6014582283464565
21
-1.2184868897637795
0
LINE
8
BLACK
6
CONTINUOUS
10
3.6014582283464565
20
-1.2184868897637795
11
3.6032661811023621
21
-1.2184868897637795
0
LINE
8
BLACK
6
CONTINUOUS
10
3.6032661811023621
20
-1.2184868897637795
11
3.6045446062992124
21
-1.2197653149606298
0
LINE
8
BLACK
6
CONTINUOUS
10
3.5179304330708661
20
-1.0898440551181101
11
3.5181102362204721
21
-1.0907480314960629
0
LINE
8
BLACK
6
CONTINUOUS
10
3.5181102362204721
20
-1.0907480314960629
11
3.5181102362204721
21
-1.1104330708661416
0
LINE
8
BLACK
6
CONTINUOUS
10
3.5181102362204721
20
-1.1104330708661416
11
3.5179304330708661
21
-1.1113370472440944
0
LINE
8
BLACK
6
CONTINUOUS
10
3.5179304330708661
20
-1.1113370472440944
11
3.5166520078740158
21
-1.1126154724409449
0
LINE
8
BLACK
6
CONTINUOUS
10
3.5166520078740158
20
-1.1126154724409449
11
3.515748031496063
21
-1.1127952755905512
0
LINE
8
BLACK
6
CONTINUOUS
10
3.515748031496063
20
-1.1127952755905512
11
3.4866141732283462
21
-1.1127952755905512
0
LINE
8
BLACK
6
CONTINUOUS
10
3.4866141732283462
20
-1.1127952755905512
11
3.4866141732283462
21
-1.1183070866141731
0
LINE
8
BLACK
6
CONTINUOUS
10
3.4866141732283462
20
-1.1183070866141731
11
3.4864343700787401
21
-1.1192110629921259
0
LINE
8
BLACK
6
CONTINUOUS
10
3.4864343700787401
20
-1.1192110629921259
11
3.4851559448818898
21
-1.1204894881889764
0
LINE
8
BLACK
6
CONTINUOUS
10
3.4851559448818898
20
-1.1204894881889764
11
3.4833479921259842
21
-1.1204894881889764
0
LINE
8
BLACK
6
CONTINUOUS
10
3.4833479921259842
20
-1.1204894881889764
11
3.4820695669291339
21
-1.1192110629921259
0
LINE
8
BLACK
6
CONTINUOUS
10
3.4820695669291339
20
-1.1192110629921259
11
3.4818897637795274
21
-1.1183070866141731
0
LINE
8
BLACK
6
CONTINUOUS
10
3.4818897637795274
20
-1.1183070866141731
11
3.4818897637795274
21
-1.1104330708661416
0
LINE
8
BLACK
6
CONTINUOUS
10
3.4818897637795274
20
-1.1104330708661416
11
3.4820695669291339
21
-1.109529094488189
0
LINE
8
BLACK
6
CONTINUOUS
10
3.4820695669291339
20
-1.109529094488189
11
3.4833479921259842
21
-1.1082506692913385
0
LINE
8
BLACK
6
CONTINUOUS
10
3.4833479921259842
20
-1.1082506692913385
11
3.484251968503937
21
-1.1080708661417322
0
LINE
8
BLACK
6
CONTINUOUS
10
3.484251968503937
20
-1.1080708661417322
11
3.5133858267716533
21
-1.1080708661417322
0
LINE
8
BLACK
6
CONTINUOUS
10
3.5133858267716533
20
-1.1080708661417322
11
3.5133858267716533
21
-1.0907480314960629
0
LINE
8
BLACK
6
CONTINUOUS
10
3.5133858267716533
20
-1.0907480314960629
11
3.5135656299212599
21
-1.0898440551181101
0
LINE
8
BLACK
6
CONTINUOUS
10
3.5135656299212599
20
-1.0898440551181101
11
3.5148440551181102
21
-1.0885656299212598
0
LINE
8
BLACK
6
CONTINUOUS
10
3.5148440551181102
20
-1.0885656299212598
11
3.5166520078740158
21
-1.0885656299212598
0
LINE
8
BLACK
6
CONTINUOUS
10
3.5166520078740158
20
-1.0885656299212598
11
3.5179304330708661
21
-1.0898440551181101
0
LINE
8
BLACK
6
CONTINUOUS
10
3.5730485433070864
20
-1.0898440551181101
11
3.573228346456693
21
-1.0907480314960629
0
LINE
8
BLACK
6
CONTINUOUS
10
3.573228346456693
20
-1.0907480314960629
11
3.573228346456693
21
-1.1080708661417322
0
LINE
8
BLACK
6
CONTINUOUS
10
3.573228346456693
20
-1.1080708661417322
11
3.5944881889763778
21
-1.1080708661417322
0
LINE
8
BLACK
6
CONTINUOUS
10
3.5944881889763778
20
-1.1080708661417322
11
3.5953921653543306
21
-1.1082506692913385
0
LINE
8
BLACK
6
CONTINUOUS
10
3.5953921653543306
20
-1.1082506692913385
11
3.5961585039370076
21
-1.1087627559055118
0
LINE
8
BLACK
6
CONTINUOUS
10
3.5961585039370076
20
-1.1087627559055118
11
3.6040325590551179
21
-1.1166367716535432
0
LINE
8
BLACK
6
CONTINUOUS
10
3.6040325590551179
20
-1.1166367716535432
11
3.6045446062992124
21
-1.1174031102362205
0
LINE
8
BLACK
6
CONTINUOUS
10
3.6045446062992124
20
-1.1174031102362205
11
3.6045446062992124
21
-1.1192110629921259
0
LINE
8
BLACK
6
CONTINUOUS
10
3.6045446062992124
20
-1.1192110629921259
11
3.6032661811023621
21
-1.1204894881889764
0
LINE
8
BLACK
6
CONTINUOUS
10
3.6032661811023621
20
-1.1204894881889764
11
3.6014582283464565
21
-1.1204894881889764
0
LINE
8
BLACK
6
CONTINUOUS
10
3.6014582283464565
20
-1.1204894881889764
11
3.6006918897637794
21
-1.1199774409448819
0
LINE
8
BLACK
6
CONTINUOUS
10
3.6006918897637794
20
-1.1199774409448819
11
3.5935097637795277
21
-1.1127952755905512
0
LINE
8
BLACK
6
CONTINUOUS
10
3.5935097637795277
20
-1.1127952755905512
11
3.5708661417322833
21
-1.1127952755905512
0
LINE
8
BLACK
6
CONTINUOUS
10
3.5708661417322833
20
-1.1127952755905512
11
3.5699621653543305
21
-1.1126154724409449
0
LINE
8
BLACK
6
CONTINUOUS
10
3.5699621653543305
20
-1.1126154724409449
11
3.5686837401574802
21
-1.1113370472440944
0
LINE
8
BLACK
6
CONTINUOUS
10
3.5686837401574802
20
-1.1113370472440944
11
3.5685039370078737
21
-1.1104330708661416
0
LINE
8
BLACK
6
CONTINUOUS
10
3.5685039370078737
20
-1.1104330708661416
11
3.5685039370078737
21
-1.0907480314960629
0
LINE
8
BLACK
6
CONTINUOUS
10
3.5685039370078737
20
-1.0907480314960629
11
3.5686837401574802
21
-1.0898440551181101
0
LINE
8
BLACK
6
CONTINUOUS
10
3.5686837401574802
20
-1.0898440551181101
11
3.5699621653543305
21
-1.0885656299212598
0
LINE
8
BLACK
6
CONTINUOUS
10
3.5699621653543305
20
-1.0885656299212598
11
3.5717701181102361
21
-1.0885656299212598
0
LINE
8
BLACK
6
CONTINUOUS
10
3.5717701181102361
20
-1.0885656299212598
11
3.5730485433070864
21
-1.0898440551181101
0
LINE
8
BLACK
6
CONTINUOUS
10
2.0938173622047245
20
-0.9594317716535433
11
2.0950957874015748
21
-0.9607101968503937
0
LINE
8
BLACK
6
CONTINUOUS
10
2.0950957874015748
20
-0.9607101968503937
11
2.0950957874015748
21
-0.9625181496062992
0
LINE
8
BLACK
6
CONTINUOUS
10
2.0950957874015748
20
-0.9625181496062992
11
2.0938173622047245
21
-0.9637965748031496
0
LINE
8
BLACK
6
CONTINUOUS
10
2.0938173622047245
20
-0.9637965748031496
11
2.0929133858267717
21
-0.9639763779527559
0
LINE
8
BLACK
6
CONTINUOUS
10
2.0929133858267717
20
-0.9639763779527559
11
2.0409448818897635
21
-0.9639763779527559
0
LINE
8
BLACK
6
CONTINUOUS
10
2.0409448818897635
20
-0.9639763779527559
11
2.0409448818897635
21
-1.0159448818897638
0
LINE
8
BLACK
6
CONTINUOUS
10
2.0409448818897635
20
-1.0159448818897638
11
2.0407650787401574
21
-1.0168488582677164
0
LINE
8
BLACK
6
CONTINUOUS
10
2.0407650787401574
20
-1.0168488582677164
11
2.0394866535433072
21
-1.0181272834645669
0
LINE
8
BLACK
6
CONTINUOUS
10
2.0394866535433072
20
-1.0181272834645669
11
2.0376787007874015
21
-1.0181272834645669
0
LINE
8
BLACK
6
CONTINUOUS
10
2.0376787007874015
20
-1.0181272834645669
11
2.0364002755905513
21
-1.0168488582677164
0
LINE
8
BLACK
6
CONTINUOUS
10
2.0364002755905513
20
-1.0168488582677164
11
2.0362204724409447
21
-1.0159448818897638
0
LINE
8
BLACK
6
CONTINUOUS
10
2.0362204724409447
20
-1.0159448818897638
11
2.0362204724409447
21
-0.9616141732283464
0
LINE
8
BLACK
6
CONTINUOUS
10
2.0362204724409447
20
-0.9616141732283464
11
2.0364002755905513
21
-0.9607101968503937
0
LINE
8
BLACK
6
CONTINUOUS
10
2.0364002755905513
20
-0.9607101968503937
11
2.0376787007874015
21
-0.9594317716535433
0
LINE
8
BLACK
6
CONTINUOUS
10
2.0376787007874015
20
-0.9594317716535433
11
2.0385826771653544
21
-0.959251968503937
0
LINE
8
BLACK
6
CONTINUOUS
10
2.0385826771653544
20
-0.959251968503937
11
2.0929133858267717
21
-0.959251968503937
0
LINE
8
BLACK
6
CONTINUOUS
10
2.0929133858267717
20
-0.959251968503937
11
2.0938173622047245
21
-0.9594317716535433
0
LINE
8
BLACK
6
CONTINUOUS
10
2.131430472440945
20
-0.8983251574803149
11
2.132245118110236
21
-0.8991398031496063
0
LINE
8
BLACK
6
CONTINUOUS
10
2.132245118110236
20
-0.8991398031496063
11
2.1326860236220471
21
-0.9002042125984252
0
LINE
8
BLACK
6
CONTINUOUS
10
2.1326860236220471
20
-0.9002042125984252
11
2.1327427559055119
21
-0.9007802755905512
0
LINE
8
BLACK
6
CONTINUOUS
10
2.1327427559055119
20
-0.9007802755905512
11
2.1327427559055119
21
-0.9289017322834645
0
LINE
8
BLACK
6
CONTINUOUS
10
2.1327427559055119
20
-0.9289017322834645
11
2.1327140157480313
21
-0.9291933070866142
0
LINE
8
BLACK
6
CONTINUOUS
10
2.1327140157480313
20
-0.9291933070866142
11
2.1327195669291337
21
-0.9292710629921259
0
LINE
8
BLACK
6
CONTINUOUS
10
2.1327195669291337
20
-0.9292710629921259
11
2.1326962992125984
21
-0.9293733070866141
0
LINE
8
BLACK
6
CONTINUOUS
10
2.1326962992125984
20
-0.9293733070866141
11
2.1326860236220471
21
-0.9294777952755905
0
LINE
8
BLACK
6
CONTINUOUS
10
2.1326860236220471
20
-0.9294777952755905
11
2.1326561417322836
21
-0.929549842519685
0
LINE
8
BLACK
6
CONTINUOUS
10
2.1326561417322836
20
-0.929549842519685
11
2.1325912204724409
21
-0.9298355118110236
0
LINE
8
BLACK
6
CONTINUOUS
10
2.1325912204724409
20
-0.9298355118110236
11
2.1307164566929133
21
-0.9354597637795276
0
LINE
8
BLACK
6
CONTINUOUS
10
2.1307164566929133
20
-0.9354597637795276
11
2.130480472440945
21
-0.9359883464566929
0
LINE
8
BLACK
6
CONTINUOUS
10
2.130480472440945
20
-0.9359883464566929
11
2.1304109448818895
21
-0.9360684645669292
0
LINE
8
BLACK
6
CONTINUOUS
10
2.1304109448818895
20
-0.9360684645669292
11
2.1303703937007872
21
-0.9361664566929133
0
LINE
8
BLACK
6
CONTINUOUS
10
2.1303703937007872
20
-0.9361664566929133
11
2.130003188976378
21
-0.9366138976377952
0
LINE
8
BLACK
6
CONTINUOUS
10
2.130003188976378
20
-0.9366138976377952
11
2.1262536220472441
21
-0.9403635039370078
0
LINE
8
BLACK
6
CONTINUOUS
10
2.1262536220472441
20
-0.9403635039370078
11
2.1258061811023623
21
-0.9407307086614173
0
LINE
8
BLACK
6
CONTINUOUS
10
2.1258061811023623
20
-0.9407307086614173
11
2.1257081102362205
21
-0.9407712992125984
0
LINE
8
BLACK
6
CONTINUOUS
10
2.1257081102362205
20
-0.9407712992125984
11
2.1256279921259842
21
-0.9408408267716535
0
LINE
8
BLACK
6
CONTINUOUS
10
2.1256279921259842
20
-0.9408408267716535
11
2.1250994488188977
21
-0.9410768110236221
0
LINE
8
BLACK
6
CONTINUOUS
10
2.1250994488188977
20
-0.9410768110236221
11
2.119475157480315
21
-0.9429515748031496
0
LINE
8
BLACK
6
CONTINUOUS
10
2.119475157480315
20
-0.9429515748031496
11
2.1191895669291338
21
-0.9430164960629921
0
LINE
8
BLACK
6
CONTINUOUS
10
2.1191895669291338
20
-0.9430164960629921
11
2.1191174803149604
21
-0.9430463779527559
0
LINE
8
BLACK
6
CONTINUOUS
10
2.1191174803149604
20
-0.9430463779527559
11
2.1190129527559054
21
-0.943056653543307
0
LINE
8
BLACK
6
CONTINUOUS
10
2.1190129527559054
20
-0.943056653543307
11
2.1189107086614172
21
-0.9430799212598425
0
LINE
8
BLACK
6
CONTINUOUS
10
2.1189107086614172
20
-0.9430799212598425
11
2.1188329527559056
21
-0.9430743700787402
0
LINE
8
BLACK
6
CONTINUOUS
10
2.1188329527559056
20
-0.9430743700787402
11
2.1185414173228345
21
-0.9431031102362204
0
LINE
8
BLACK
6
CONTINUOUS
10
2.1185414173228345
20
-0.9431031102362204
11
2.1147918897637794
21
-0.9431031102362204
0
LINE
8
BLACK
6
CONTINUOUS
10
2.1147918897637794
20
-0.9431031102362204
11
2.1142158267716535
21
-0.9430463779527559
0
LINE
8
BLACK
6
CONTINUOUS
10
2.1142158267716535
20
-0.9430463779527559
11
2.1131514173228347
21
-0.9426054724409448
0
LINE
8
BLACK
6
CONTINUOUS
10
2.1131514173228347
20
-0.9426054724409448
11
2.1123367716535433
21
-0.9417908267716535
0
LINE
8
BLACK
6
CONTINUOUS
10
2.1123367716535433
20
-0.9417908267716535
11
2.1118958661417322
21
-0.9407264173228346
0
LINE
8
BLACK
6
CONTINUOUS
10
2.1118958661417322
20
-0.9407264173228346
11
2.1118958661417322
21
-0.9395742913385826
0
LINE
8
BLACK
6
CONTINUOUS
10
2.1118958661417322
20
-0.9395742913385826
11
2.1123367716535433
21
-0.9385098818897638
0
LINE
8
BLACK
6
CONTINUOUS
10
2.1123367716535433
20
-0.9385098818897638
11
2.1131514173228347
21
-0.9376952362204725
0
LINE
8
BLACK
6
CONTINUOUS
10
2.1131514173228347
20
-0.9376952362204725
11
2.1142158267716535
21
-0.9372543307086614
0
LINE
8
BLACK
6
CONTINUOUS
10
2.1142158267716535
20
-0.9372543307086614
11
2.1147918897637794
21
-0.9371975984251968
0
LINE
8
BLACK
6
CONTINUOUS
10
2.1147918897637794
20
-0.9371975984251968
11
2.118062283464567
21
-0.9371975984251968
0
LINE
8
BLACK
6
CONTINUOUS
10
2.118062283464567
20
-0.9371975984251968
11
2.1225706692913384
21
-0.9356947637795275
0
LINE
8
BLACK
6
CONTINUOUS
10
2.1225706692913384
20
-0.9356947637795275
11
2.1253344094488189
21
-0.9329309842519685
0
LINE
8
BLACK
6
CONTINUOUS
10
2.1253344094488189
20
-0.9329309842519685
11
2.1268372440944883
21
-0.9284225984251968
0
LINE
8
BLACK
6
CONTINUOUS
10
2.1268372440944883
20
-0.9284225984251968
11
2.1268372440944883
21
-0.9007802755905512
0
LINE
8
BLACK
6
CONTINUOUS
10
2.1268372440944883
20
-0.9007802755905512
11
2.1268939763779526
21
-0.9002042125984252
0
LINE
8
BLACK
6
CONTINUOUS
10
2.1268939763779526
20
-0.9002042125984252
11
2.1273348818897637
21
-0.8991398031496063
0
LINE
8
BLACK
6
CONTINUOUS
10
2.1273348818897637
20
-0.8991398031496063
11
2.1281495275590552
21
-0.8983251574803149
0
LINE
8
BLACK
6
CONTINUOUS
10
2.1281495275590552
20
-0.8983251574803149
11
2.129213937007874
21
-0.897884251968504
0
LINE
8
BLACK
6
CONTINUOUS
10
2.129213937007874
20
-0.897884251968504
11
2.1303660629921257
21
-0.897884251968504
0
LINE
8
BLACK
6
CONTINUOUS
10
2.1303660629921257
20
-0.897884251968504
11
2.131430472440945
21
-0.8983251574803149
0
LINE
8
BLACK
6
CONTINUOUS
10
2.1716109055118111
20
-0.897884251968504
11
2.1716278346456694
21
-0.8978912598425197
0
LINE
8
BLACK
6
CONTINUOUS
10
2.1716278346456694
20
-0.8978912598425197
11
2.1716461417322832
21
-0.8978914960629921
0
LINE
8
BLACK
6
CONTINUOUS
10
2.1716461417322832
20
-0.8978914960629921
11
2.1721581889763777
21
-0.8981109448818897
0
LINE
8
BLACK
6
CONTINUOUS
10
2.1721581889763777
20
-0.8981109448818897
11
2.1726753149606299
21
-0.8983251574803149
0
LINE
8
BLACK
6
CONTINUOUS
10
2.1726753149606299
20
-0.8983251574803149
11
2.1726882677165356
21
-0.8983381102362205
0
LINE
8
BLACK
6
CONTINUOUS
10
2.1726882677165356
20
-0.8983381102362205
11
2.1727051181102364
21
-0.8983453543307086
0
LINE
8
BLACK
6
CONTINUOUS
10
2.1727051181102364
20
-0.8983453543307086
11
2.17309468503937
21
-0.8987445275590551
0
LINE
8
BLACK
6
CONTINUOUS
10
2.17309468503937
20
-0.8987445275590551
11
2.1734899606299214
21
-0.8991398031496063
0
LINE
8
BLACK
6
CONTINUOUS
10
2.1734899606299214
20
-0.8991398031496063
11
2.1734969685039371
21
-0.8991567322834646
0
LINE
8
BLACK
6
CONTINUOUS
10
2.1734969685039371
20
-0.8991567322834646
11
2.1735098031496061
21
-0.8991698818897638
0
LINE
8
BLACK
6
CONTINUOUS
10
2.1735098031496061
20
-0.8991698818897638
11
2.1737174015748031
21
-0.8996888582677165
0
LINE
8
BLACK
6
CONTINUOUS
10
2.1737174015748031
20
-0.8996888582677165
11
2.173930866141732
21
-0.9002042125984252
0
LINE
8
BLACK
6
CONTINUOUS
10
2.173930866141732
20
-0.9002042125984252
11
2.173930866141732
21
-0.9002225196850393
0
LINE
8
BLACK
6
CONTINUOUS
10
2.173930866141732
20
-0.9002225196850393
11
2.1739376771653545
21
-0.9002395669291339
0
LINE
8
BLACK
6
CONTINUOUS
10
2.1739376771653545
20
-0.9002395669291339
11
2.173930866141732
21
-0.9007978346456693
0
LINE
8
BLACK
6
CONTINUOUS
10
2.173930866141732
20
-0.9007978346456693
11
2.173930866141732
21
-0.9013563385826772
0
LINE
8
BLACK
6
CONTINUOUS
10
2.173930866141732
20
-0.9013563385826772
11
2.1739238188976375
21
-0.9013732677165354
0
LINE
8
BLACK
6
CONTINUOUS
10
2.1739238188976375
20
-0.9013732677165354
11
2.1739236220472442
21
-0.9013916141732283
0
LINE
8
BLACK
6
CONTINUOUS
10
2.1739236220472442
20
-0.9013916141732283
11
2.1737488582677167
21
-0.9019434251968503
0
LINE
8
BLACK
6
CONTINUOUS
10
2.1737488582677167
20
-0.9019434251968503
11
2.1568759842519682
21
-0.9413135039370079
0
LINE
8
BLACK
6
CONTINUOUS
10
2.1568759842519682
20
-0.9413135039370079
11
2.1565969291338583
21
-0.9418206299212598
0
LINE
8
BLACK
6
CONTINUOUS
10
2.1565969291338583
20
-0.9418206299212598
11
2.1557723622047242
21
-0.9426253149606298
0
LINE
8
BLACK
6
CONTINUOUS
10
2.1557723622047242
20
-0.9426253149606298
11
2.1547026771653544
21
-0.9430531889763779
0
LINE
8
BLACK
6
CONTINUOUS
10
2.1547026771653544
20
-0.9430531889763779
11
2.1535506692913384
21
-0.9430391338582677
0
LINE
8
BLACK
6
CONTINUOUS
10
2.1535506692913384
20
-0.9430391338582677
11
2.1524916929133857
21
-0.9425853149606299
0
LINE
8
BLACK
6
CONTINUOUS
10
2.1524916929133857
20
-0.9425853149606299
11
2.1516870078740156
21
-0.941760748031496
0
LINE
8
BLACK
6
CONTINUOUS
10
2.1516870078740156
20
-0.941760748031496
11
2.1512591338582676
21
-0.940691062992126
0
LINE
8
BLACK
6
CONTINUOUS
10
2.1512591338582676
20
-0.940691062992126
11
2.1512731889763779
21
-0.9395390551181102
0
LINE
8
BLACK
6
CONTINUOUS
10
2.1512731889763779
20
-0.9395390551181102
11
2.1514479527559054
21
-0.9389872047244094
0
LINE
8
BLACK
6
CONTINUOUS
10
2.1514479527559054
20
-0.9389872047244094
11
2.1665568503937007
21
-0.903733031496063
0
LINE
8
BLACK
6
CONTINUOUS
10
2.1665568503937007
20
-0.903733031496063
11
2.144788149606299
21
-0.903733031496063
0
LINE
8
BLACK
6
CONTINUOUS
10
2.144788149606299
20
-0.903733031496063
11
2.1442120866141732
21
-0.9036762992125984
0
LINE
8
BLACK
6
CONTINUOUS
10
2.1442120866141732
20
-0.9036762992125984
11
2.1431476771653544
21
-0.9032353937007874
0
LINE
8
BLACK
6
CONTINUOUS
10
2.1431476771653544
20
-0.9032353937007874
11
2.1423330314960629
21
-0.9024207480314961
0
LINE
8
BLACK
6
CONTINUOUS
10
2.1423330314960629
20
-0.9024207480314961
11
2.1418921259842518
21
-0.9013563385826772
0
LINE
8
BLACK
6
CONTINUOUS
10
2.1418921259842518
20
-0.9013563385826772
11
2.1418921259842518
21
-0.9002042125984252
0
LINE
8
BLACK
6
CONTINUOUS
10
2.1418921259842518
20
-0.9002042125984252
11
2.1423330314960629
21
-0.8991398031496063
0
LINE
8
BLACK
6
CONTINUOUS
10
2.1423330314960629
20
-0.8991398031496063
11
2.1431476771653544
21
-0.8983251574803149
0
LINE
8
BLACK
6
CONTINUOUS
10
2.1431476771653544
20
-0.8983251574803149
11
2.1442120866141732
21
-0.897884251968504
0
LINE
8
BLACK
6
CONTINUOUS
10
2.1442120866141732
20
-0.897884251968504
11
2.144788149606299
21
-0.8978275196850394
0
LINE
8
BLACK
6
CONTINUOUS
10
2.144788149606299
20
-0.8978275196850394
11
2.1710348425196848
21
-0.8978275196850394
0
LINE
8
BLACK
6
CONTINUOUS
10
2.1710348425196848
20
-0.8978275196850394
11
2.1716109055118111
21
-0.897884251968504
0
CIRCLE
8
BLACK
10
3.0299212598425198
20
-1.9135826771653544
40
0.0068897637795276
0
CIRCLE
8
BLACK
10
3.1299212598425195
20
-1.9135826771653544
40
0.0068897637795276
0
CIRCLE
8
BLACK
10
5.2753937401574804
20
-2.2206692913385826
40
0.0068897637795276
0
CIRCLE
8
BLACK
10
3.7677165354330708
20
-2.3387795275590553
40
0.0068897637795276
0
CIRCLE
8
BLACK
10
3.6299212598425195
20
-2.3387795275590553
40
0.0068897637795276
0
CIRCLE
8
BLACK
10
4.409448818897638
20
-4.7637795275590546
40
0.0068897637795276
0
CIRCLE
8
BLACK
10
3.9094488188976375
20
-4.7637795275590546
40
0.0068897637795276
0
CIRCLE
8
BLACK
10
4.2996062992125985
20
-4.663779527559055
40
0.0068897637795276
0
CIRCLE
8
BLACK
10
4.2596062992125985
20
-4.5937007480314955
40
0.0068897637795276
0
CIRCLE
8
BLACK
10
4.2196062992125984
20
-4.663779527559055
40
0.0068897637795276
0
CIRCLE
8
BLACK
10
4.1796062992125984
20
-4.5937007480314955
40
0.0068897637795276
0
CIRCLE
8
BLACK
10
4.1396062992125984
20
-4.663779527559055
40
0.0068897637795276
0
CIRCLE
8
BLACK
10
4.0996062992125983
20
-4.5937007480314955
40
0.0068897637795276
0
CIRCLE
8
BLACK
10
4.0596062992125983
20
-4.663779527559055
40
0.0068897637795276
0
CIRCLE
8
BLACK
10
4.019606338582677
20
-4.5937007874015743
40
0.0068897637795276
0
CIRCLE
8
BLACK
10
4.429527559055118
20
-4.4039370078740152
40
0.0068897637795276
0
CIRCLE
8
BLACK
10
4.3393700787401572
20
-4.4039370078740152
40
0.0068897637795276
0
CIRCLE
8
BLACK
10
3.9795275590551182
20
-4.4039370078740152
40
0.0068897637795276
0
CIRCLE
8
BLACK
10
3.8893700787401575
20
-4.4039370078740152
40
0.0068897637795276
0
CIRCLE
8
BLACK
10
4.4795275590551178
20
-4.6287401574803146
40
0.0068897637795276
0
CIRCLE
8
BLACK
10
3.8393700787401572
20
-4.6287401574803146
40
0.0068897637795276
0
CIRCLE
8
BLACK
10
3.0299212598425198
20
-1.6104330708661416
40
0.0068897637795276
0
CIRCLE
8
BLACK
10
3.1299212598425195
20
-1.6104330708661416
40
0.0068897637795276
0
CIRCLE
8
BLACK
10
2.0929133858267717
20
-1.0159448818897638
40
0.0068897637795276
0
CIRCLE
8
BLACK
10
2.1929133858267718
20
-1.0159448818897638
40
0.0068897637795276
0
CIRCLE
8
BLACK
10
2.0929133858267717
20
-1.1159448818897637
40
0.0068897637795276
0
CIRCLE
8
BLACK
10
2.1929133858267718
20
-1.1159448818897637
40
0.0068897637795276
0
CIRCLE
8
BLACK
10
2.0929133858267717
20
-1.2159448818897638
40
0.0068897637795276
0
CIRCLE
8
BLACK
10
2.1929133858267718
20
-1.2159448818897638
40
0.0068897637795276
0
CIRCLE
8
BLACK
10
2.0929133858267717
20
-1.3159448818897637
40
0.0068897637795276
0
CIRCLE
8
BLACK
10
2.1929133858267718
20
-1.3159448818897637
40
0.0068897637795276
0
CIRCLE
8
BLACK
10
2.0929133858267717
20
-1.4159448818897638
40
0.0068897637795276
0
CIRCLE
8
BLACK
10
2.1929133858267718
20
-1.4159448818897638
40
0.0068897637795276
0
CIRCLE
8
BLACK
10
2.0929133858267717
20
-1.5159448818897638
40
0.0068897637795276
0
CIRCLE
8
BLACK
10
2.1929133858267718
20
-1.5159448818897638
40
0.0068897637795276
0
CIRCLE
8
BLACK
10
2.0929133858267717
20
-1.6159448818897637
40
0.0068897637795276
0
CIRCLE
8
BLACK
10
2.1929133858267718
20
-1.6159448818897637
40
0.0068897637795276
0
CIRCLE
8
BLACK
10
2.0929133858267717
20
-1.7159448818897638
40
0.0068897637795276
0
CIRCLE
8
BLACK
10
2.1929133858267718
20
-1.7159448818897638
40
0.0068897637795276
0
CIRCLE
8
BLACK
10
2.0929133858267717
20
-1.8159448818897637
40
0.0068897637795276
0
CIRCLE
8
BLACK
10
2.1929133858267718
20
-1.8159448818897637
40
0.0068897637795276
0
CIRCLE
8
BLACK
10
2.0929133858267717
20
-1.9159448818897638
40
0.0068897637795276
0
CIRCLE
8
BLACK
10
2.1929133858267718
20
-1.9159448818897638
40
0.0068897637795276
0
CIRCLE
8
BLACK
10
2.0929133858267717
20
-2.0159448818897636
40
0.0068897637795276
0
CIRCLE
8
BLACK
10
2.1929133858267718
20
-2.0159448818897636
40
0.0068897637795276
0
CIRCLE
8
BLACK
10
2.0929133858267717
20
-2.1159448818897637
40
0.0068897637795276
0
CIRCLE
8
BLACK
10
2.1929133858267718
20
-2.1159448818897637
40
0.0068897637795276
0
CIRCLE
8
BLACK
10
2.0929133858267717
20
-2.2159448818897638
40
0.0068897637795276
0
CIRCLE
8
BLACK
10
2.1929133858267718
20
-2.2159448818897638
40
0.0068897637795276
0
CIRCLE
8
BLACK
10
2.0929133858267717
20
-2.3159448818897639
40
0.0068897637795276
0
CIRCLE
8
BLACK
10
2.1929133858267718
20
-2.3159448818897639
40
0.0068897637795276
0
CIRCLE
8
BLACK
10
2.0929133858267717
20
-2.4159448818897635
40
0.0068897637795276
0
CIRCLE
8
BLACK
10
2.1929133858267718
20
-2.4159448818897635
40
0.0068897637795276
0
CIRCLE
8
BLACK
10
2.0929133858267717
20
-2.5159448818897636
40
0.0068897637795276
0
CIRCLE
8
BLACK
10
2.1929133858267718
20
-2.5159448818897636
40
0.0068897637795276
0
CIRCLE
8
BLACK
10
2.0929133858267717
20
-2.6159448818897637
40
0.0068897637795276
0
CIRCLE
8
BLACK
10
2.1929133858267718
20
-2.6159448818897637
40
0.0068897637795276
0
CIRCLE
8
BLACK
10
2.0929133858267717
20
-2.7159448818897638
40
0.0068897637795276
0
CIRCLE
8
BLACK
10
2.1929133858267718
20
-2.7159448818897638
40
0.0068897637795276
0
CIRCLE
8
BLACK
10
2.0929133858267717
20
-2.8159448818897639
40
0.0068897637795276
0
CIRCLE
8
BLACK
10
2.1929133858267718
20
-2.8159448818897639
40
0.0068897637795276
0
CIRCLE
8
BLACK
10
2.0929133858267717
20
-2.9159448818897635
40
0.0068897637795276
0
CIRCLE
8
BLACK
10
2.1929133858267718
20
-2.9159448818897635
40
0.0068897637795276
0
CIRCLE
8
BLACK
10
3.0299212598425198
20
-1.7127952755905511
40
0.0068897637795276
0
CIRCLE
8
BLACK
10
3.1299212598425195
20
-1.7127952755905511
40
0.0068897637795276
0
CIRCLE
8
BLACK
10
1.0905511811023623
20
-6.71259842519685
40
0.0068897637795276
0
CIRCLE
8
BLACK
10
4.4998031496062989
20
-3.0120078740157479
40
0.0068897637795276
0
CIRCLE
8
BLACK
10
3.0299212598425198
20
-2.0120078740157479
40
0.0068897637795276
0
CIRCLE
8
BLACK
10
3.1299212598425195
20
-2.0120078740157479
40
0.0068897637795276
0
CIRCLE
8
BLACK
10
4.0866141732283463
20
-3.2755905511811023
40
0.0068897637795276
0
CIRCLE
8
BLACK
10
4.0866141732283463
20
-3.1755904724409447
40
0.0068897637795276
0
CIRCLE
8
BLACK
10
4.2165354330708658
20
-3.2755905511811023
40
0.0068897637795276
0
CIRCLE
8
BLACK
10
4.2165354330708658
20
-3.1755905511811022
40
0.0068897637795276
0
CIRCLE
8
BLACK
10
4.2165354330708658
20
-3.0755905905511809
40
0.0068897637795276
0
CIRCLE
8
BLACK
10
1.0905511811023623
20
-5.8740771653543309
40
0.0068897637795276
0
CIRCLE
8
BLACK
10
1.0905511811023623
20
-6.4330913385826767
40
0.0068897637795276
0
CIRCLE
8
BLACK
10
1.0905511811023623
20
-6.1535842519685042
40
0.0068897637795276
0
CIRCLE
8
BLACK
10
2.7503937007874013
20
-1.612007874015748
40
0.0068897637795276
0
CIRCLE
8
BLACK
10
2.8503937007874014
20
-1.612007874015748
40
0.0068897637795276
0
CIRCLE
8
BLACK
10
2.7503937007874013
20
-1.7120078740157481
40
0.0068897637795276
0
CIRCLE
8
BLACK
10
2.8503937007874014
20
-1.7120078740157481
40
0.0068897637795276
0
CIRCLE
8
BLACK
10
2.7503937007874013
20
-1.8120078740157479
40
0.0068897637795276
0
CIRCLE
8
BLACK
10
2.8503937007874014
20
-1.8120078740157479
40
0.0068897637795276
0
CIRCLE
8
BLACK
10
2.7503937007874013
20
-1.912007874015748
40
0.0068897637795276
0
CIRCLE
8
BLACK
10
2.8503937007874014
20
-1.912007874015748
40
0.0068897637795276
0
CIRCLE
8
BLACK
10
2.7503937007874013
20
-2.0120078740157479
40
0.0068897637795276
0
CIRCLE
8
BLACK
10
2.8503937007874014
20
-2.0120078740157479
40
0.0068897637795276
0
CIRCLE
8
BLACK
10
4.4015748031496065
20
-1.4743110236220471
40
0.0068897637795276
0
CIRCLE
8
BLACK
10
4.3015748031496059
20
-1.4743110236220471
40
0.0068897637795276
0
CIRCLE
8
BLACK
10
4.4015748031496065
20
-1.3743110236220473
40
0.0068897637795276
0
CIRCLE
8
BLACK
10
4.3015748031496059
20
-1.3743110236220473
40
0.0068897637795276
0
CIRCLE
8
BLACK
10
4.4015748031496065
20
-1.2743110629921259
40
0.0068897637795276
0
CIRCLE
8
BLACK
10
4.3015748031496059
20
-1.2743110236220472
40
0.0068897637795276
0
CIRCLE
8
BLACK
10
4.4015748031496065
20
-1.1743110236220473
40
0.0068897637795276
0
CIRCLE
8
BLACK
10
4.3015748031496059
20
-1.1743110236220473
40
0.0068897637795276
0
CIRCLE
8
BLACK
10
4.4015748031496065
20
-1.0743110236220472
40
0.0068897637795276
0
CIRCLE
8
BLACK
10
4.3015748031496059
20
-1.0743110236220472
40
0.0068897637795276
0
CIRCLE
8
BLACK
10
2.7511811023622048
20
-4.5196850393700787
40
0.0068897637795276
0
CIRCLE
8
BLACK
10
2.7511811023622048
20
-4.3196850787401573
40
0.0068897637795276
0
CIRCLE
8
BLACK
10
3.5511811023622046
20
-4.8196850393700785
40
0.0068897637795276
0
CIRCLE
8
BLACK
10
3.5511811023622046
20
-4.4196850393700791
40
0.0068897637795276
0
CIRCLE
8
BLACK
10
3.5511811023622046
20
-4.0196850393700787
40
0.0068897637795276
0
CIRCLE
8
BLACK
10
2.7511811023622048
20
-4.0196850393700787
40
0.0068897637795276
0
CIRCLE
8
BLACK
10
3.0299212598425198
20
-1.9135826771653544
40
0.0068897637795276
0
CIRCLE
8
BLACK
10
3.1299212598425195
20
-1.9135826771653544
40
0.0068897637795276
0
CIRCLE
8
BLACK
10
5.2753937401574804
20
-2.2206692913385826
40
0.0068897637795276
0
CIRCLE
8
BLACK
10
3.7677165354330708
20
-2.3387795275590553
40
0.0068897637795276
0
CIRCLE
8
BLACK
10
3.6299212598425195
20
-2.3387795275590553
40
0.0068897637795276
0
CIRCLE
8
BLACK
10
4.409448818897638
20
-4.7637795275590546
40
0.0068897637795276
0
CIRCLE
8
BLACK
10
3.9094488188976375
20
-4.7637795275590546
40
0.0068897637795276
0
CIRCLE
8
BLACK
10
4.2996062992125985
20
-4.663779527559055
40
0.0068897637795276
0
CIRCLE
8
BLACK
10
4.2596062992125985
20
-4.5937007480314955
40
0.0068897637795276
0
CIRCLE
8
BLACK
10
4.2196062992125984
20
-4.663779527559055
40
0.0068897637795276
0
CIRCLE
8
BLACK
10
4.1796062992125984
20
-4.5937007480314955
40
0.0068897637795276
0
CIRCLE
8
BLACK
10
4.1396062992125984
20
-4.663779527559055
40
0.0068897637795276
0
CIRCLE
8
BLACK
10
4.0996062992125983
20
-4.5937007480314955
40
0.0068897637795276
0
CIRCLE
8
BLACK
10
4.0596062992125983
20
-4.663779527559055
40
0.0068897637795276
0
CIRCLE
8
BLACK
10
4.019606338582677
20
-4.5937007874015743
40
0.0068897637795276
0
CIRCLE
8
BLACK
10
4.429527559055118
20
-4.4039370078740152
40
0.0068897637795276
0
CIRCLE
8
BLACK
10
4.3393700787401572
20
-4.4039370078740152
40
0.0068897637795276
0
CIRCLE
8
BLACK
10
3.9795275590551182
20
-4.4039370078740152
40
0.0068897637795276
0
CIRCLE
8
BLACK
10
3.8893700787401575
20
-4.4039370078740152
40
0.0068897637795276
0
CIRCLE
8
BLACK
10
4.4795275590551178
20
-4.6287401574803146
40
0.0068897637795276
0
CIRCLE
8
BLACK
10
3.8393700787401572
20
-4.6287401574803146
40
0.0068897637795276
0
CIRCLE
8
BLACK
10
3.0299212598425198
20
-1.6104330708661416
40
0.0068897637795276
0
CIRCLE
8
BLACK
10
3.1299212598425195
20
-1.6104330708661416
40
0.0068897637795276
0
CIRCLE
8
BLACK
10
2.0929133858267717
20
-1.0159448818897638
40
0.0068897637795276
0
CIRCLE
8
BLACK
10
2.1929133858267718
20
-1.0159448818897638
40
0.0068897637795276
0
CIRCLE
8
BLACK
10
2.0929133858267717
20
-1.1159448818897637
40
0.0068897637795276
0
CIRCLE
8
BLACK
10
2.1929133858267718
20
-1.1159448818897637
40
0.0068897637795276
0
CIRCLE
8
BLACK
10
2.0929133858267717
20
-1.2159448818897638
40
0.0068897637795276
0
CIRCLE
8
BLACK
10
2.1929133858267718
20
-1.2159448818897638
40
0.0068897637795276
0
CIRCLE
8
BLACK
10
2.0929133858267717
20
-1.3159448818897637
40
0.0068897637795276
0
CIRCLE
8
BLACK
10
2.1929133858267718
20
-1.3159448818897637
40
0.0068897637795276
0
CIRCLE
8
BLACK
10
2.0929133858267717
20
-1.4159448818897638
40
0.0068897637795276
0
CIRCLE
8
BLACK
10
2.1929133858267718
20
-1.4159448818897638
40
0.0068897637795276
0
CIRCLE
8
BLACK
10
2.0929133858267717
20
-1.5159448818897638
40
0.0068897637795276
0
CIRCLE
8
BLACK
10
2.1929133858267718
20
-1.5159448818897638
40
0.0068897637795276
0
CIRCLE
8
BLACK
10
2.0929133858267717
20
-1.6159448818897637
40
0.0068897637795276
0
CIRCLE
8
BLACK
10
2.1929133858267718
20
-1.6159448818897637
40
0.0068897637795276
0
CIRCLE
8
BLACK
10
2.0929133858267717
20
-1.7159448818897638
40
0.0068897637795276
0
CIRCLE
8
BLACK
10
2.1929133858267718
20
-1.7159448818897638
40
0.0068897637795276
0
CIRCLE
8
BLACK
10
2.0929133858267717
20
-1.8159448818897637
40
0.0068897637795276
0
CIRCLE
8
BLACK
10
2.1929133858267718
20
-1.8159448818897637
40
0.0068897637795276
0
CIRCLE
8
BLACK
10
2.0929133858267717
20
-1.9159448818897638
40
0.0068897637795276
0
CIRCLE
8
BLACK
10
2.1929133858267718
20
-1.9159448818897638
40
0.0068897637795276
0
CIRCLE
8
BLACK
10
2.0929133858267717
20
-2.0159448818897636
40
0.0068897637795276
0
CIRCLE
8
BLACK
10
2.1929133858267718
20
-2.0159448818897636
40
0.0068897637795276
0
CIRCLE
8
BLACK
10
2.0929133858267717
20
-2.1159448818897637
40
0.0068897637795276
0
CIRCLE
8
BLACK
10
2.1929133858267718
20
-2.1159448818897637
40
0.0068897637795276
0
CIRCLE
8
BLACK
10
2.0929133858267717
20
-2.2159448818897638
40
0.0068897637795276
0
CIRCLE
8
BLACK
10
2.1929133858267718
20
-2.2159448818897638
40
0.0068897637795276
0
CIRCLE
8
BLACK
10
2.0929133858267717
20
-2.3159448818897639
40
0.0068897637795276
0
CIRCLE
8
BLACK
10
2.1929133858267718
20
-2.3159448818897639
40
0.0068897637795276
0
CIRCLE
8
BLACK
10
2.0929133858267717
20
-2.4159448818897635
40
0.0068897637795276
0
CIRCLE
8
BLACK
10
2.1929133858267718
20
-2.4159448818897635
40
0.0068897637795276
0
CIRCLE
8
BLACK
10
2.0929133858267717
20
-2.5159448818897636
40
0.0068897637795276
0
CIRCLE
8
BLACK
10
2.1929133858267718
20
-2.5159448818897636
40
0.0068897637795276
0
CIRCLE
8
BLACK
10
2.0929133858267717
20
-2.6159448818897637
40
0.0068897637795276
0
CIRCLE
8
BLACK
10
2.1929133858267718
20
-2.6159448818897637
40
0.0068897637795276
0
CIRCLE
8
BLACK
10
2.0929133858267717
20
-2.7159448818897638
40
0.0068897637795276
0
CIRCLE
8
BLACK
10
2.1929133858267718
20
-2.7159448818897638
40
0.0068897637795276
0
CIRCLE
8
BLACK
10
2.0929133858267717
20
-2.8159448818897639
40
0.0068897637795276
0
CIRCLE
8
BLACK
10
2.1929133858267718
20
-2.8159448818897639
40
0.0068897637795276
0
CIRCLE
8
BLACK
10
2.0929133858267717
20
-2.9159448818897635
40
0.0068897637795276
0
CIRCLE
8
BLACK
10
2.1929133858267718
20
-2.9159448818897635
40
0.0068897637795276
0
CIRCLE
8
BLACK
10
3.0299212598425198
20
-1.7127952755905511
40
0.0068897637795276
0
CIRCLE
8
BLACK
10
3.1299212598425195
20
-1.7127952755905511
40
0.0068897637795276
0
CIRCLE
8
BLACK
10
1.0905511811023623
20
-6.71259842519685
40
0.0068897637795276
0
CIRCLE
8
BLACK
10
4.4998031496062989
20
-3.0120078740157479
40
0.0068897637795276
0
CIRCLE
8
BLACK
10
3.0299212598425198
20
-2.0120078740157479
40
0.0068897637795276
0
CIRCLE
8
BLACK
10
3.1299212598425195
20
-2.0120078740157479
40
0.0068897637795276
0
CIRCLE
8
BLACK
10
4.0866141732283463
20
-3.2755905511811023
40
0.0068897637795276
0
CIRCLE
8
BLACK
10
4.0866141732283463
20
-3.1755904724409447
40
0.0068897637795276
0
CIRCLE
8
BLACK
10
4.2165354330708658
20
-3.2755905511811023
40
0.0068897637795276
0
CIRCLE
8
BLACK
10
4.2165354330708658
20
-3.1755905511811022
40
0.0068897637795276
0
CIRCLE
8
BLACK
10
4.2165354330708658
20
-3.0755905905511809
40
0.0068897637795276
0
CIRCLE
8
BLACK
10
1.0905511811023623
20
-5.8740771653543309
40
0.0068897637795276
0
CIRCLE
8
BLACK
10
1.0905511811023623
20
-6.4330913385826767
40
0.0068897637795276
0
CIRCLE
8
BLACK
10
1.0905511811023623
20
-6.1535842519685042
40
0.0068897637795276
0
CIRCLE
8
BLACK
10
2.7503937007874013
20
-1.612007874015748
40
0.0068897637795276
0
CIRCLE
8
BLACK
10
2.8503937007874014
20
-1.612007874015748
40
0.0068897637795276
0
CIRCLE
8
BLACK
10
2.7503937007874013
20
-1.7120078740157481
40
0.0068897637795276
0
CIRCLE
8
BLACK
10
2.8503937007874014
20
-1.7120078740157481
40
0.0068897637795276
0
CIRCLE
8
BLACK
10
2.7503937007874013
20
-1.8120078740157479
40
0.0068897637795276
0
CIRCLE
8
BLACK
10
2.8503937007874014
20
-1.8120078740157479
40
0.0068897637795276
0
CIRCLE
8
BLACK
10
2.7503937007874013
20
-1.912007874015748
40
0.0068897637795276
0
CIRCLE
8
BLACK
10
2.8503937007874014
20
-1.912007874015748
40
0.0068897637795276
0
CIRCLE
8
BLACK
10
2.7503937007874013
20
-2.0120078740157479
40
0.0068897637795276
0
CIRCLE
8
BLACK
10
2.8503937007874014
20
-2.0120078740157479
40
0.0068897637795276
0
CIRCLE
8
BLACK
10
4.4015748031496065
20
-1.4743110236220471
40
0.0068897637795276
0
CIRCLE
8
BLACK
10
4.3015748031496059
20
-1.4743110236220471
40
0.0068897637795276
0
CIRCLE
8
BLACK
10
4.4015748031496065
20
-1.3743110236220473
40
0.0068897637795276
0
CIRCLE
8
BLACK
10
4.3015748031496059
20
-1.3743110236220473
40
0.0068897637795276
0
CIRCLE
8
BLACK
10
4.4015748031496065
20
-1.2743110629921259
40
0.0068897637795276
0
CIRCLE
8
BLACK
10
4.3015748031496059
20
-1.2743110236220472
40
0.0068897637795276
0
CIRCLE
8
BLACK
10
4.4015748031496065
20
-1.1743110236220473
40
0.0068897637795276
0
CIRCLE
8
BLACK
10
4.3015748031496059
20
-1.1743110236220473
40
0.0068897637795276
0
CIRCLE
8
BLACK
10
4.4015748031496065
20
-1.0743110236220472
40
0.0068897637795276
0
CIRCLE
8
BLACK
10
4.3015748031496059
20
-1.0743110236220472
40
0.0068897637795276
0
CIRCLE
8
BLACK
10
2.7511811023622048
20
-4.5196850393700787
40
0.0068897637795276
0
CIRCLE
8
BLACK
10
2.7511811023622048
20
-4.3196850787401573
40
0.0068897637795276
0
CIRCLE
8
BLACK
10
3.5511811023622046
20
-4.8196850393700785
40
0.0068897637795276
0
CIRCLE
8
BLACK
10
3.5511811023622046
20
-4.4196850393700791
40
0.0068897637795276
0
CIRCLE
8
BLACK
10
3.5511811023622046
20
-4.0196850393700787
40
0.0068897637795276
0
CIRCLE
8
BLACK
10
2.7511811023622048
20
-4.0196850393700787
40
0.0068897637795276
  0
ENDSEC
  0
EOF
